data_source,route_id,id_origin_city,id_destination_city,weekly_train,desserte_type
austria,1-80-j26-1,at:49:1349:0:10,at:43:4132:0:1,1,Sous-desservi
austria,1-MB4-j26-1,at:48:130:0:12,at:48:134:0:8,37,Desserte Normale
austria,1-MB4-j26-1,at:48:134:0:8,at:48:130:0:1,1,Sous-desservi
austria,1-MB4-j26-1,at:48:134:0:8,at:48:130:0:10,3,Sous-desservi
austria,1-MB4-j26-1,at:48:134:0:8,at:48:130:0:4,37,Desserte Normale
austria,1-MS1-V-j26-1,at:48:130:0:4,at:48:452:0:11,1,Sous-desservi
austria,1-S1-K-j26-1,at:42:2127:0:1,at:42:2128:0:4,1,Sous-desservi
austria,1-S1-K-j26-1,at:42:2127:0:1,at:42:3657:0:2,1,Sous-desservi
austria,1-S1-K-j26-1,at:42:2127:0:1,at:42:3715:0:1,11,Desserte Normale
austria,1-S1-K-j26-1,at:42:2127:0:1,at:42:3715:0:2,2,Sous-desservi
austria,1-S1-K-j26-1,at:42:2128:0:5,at:42:3642:0:2,1,Sous-desservi
austria,1-S1-K-j26-1,at:42:2128:0:5,at:42:3715:0:1,1,Sous-desservi
austria,1-S1-K-j26-1,at:42:3642:0:4,at:42:3715:0:1,2,Sous-desservi
austria,1-S1-K-j26-1,at:42:3642:0:4,at:42:3715:0:2,2,Sous-desservi
austria,1-S1-K-j26-1,at:42:3642:0:4,at:42:3825:0:2,1,Sous-desservi
austria,1-S1-K-j26-1,at:42:3642:0:5,at:42:3715:0:2,5,Sous-desservi
austria,1-S1-K-j26-1,at:42:3642:0:5,at:42:3826:0:1,1,Sous-desservi
austria,1-S1-K-j26-1,at:42:3642:0:6,at:42:3715:0:2,1,Sous-desservi
austria,1-S1-K-j26-1,at:42:3642:0:7,at:42:3654:0:1,1,Sous-desservi
austria,1-S1-K-j26-1,at:42:3642:0:7,at:42:3654:0:33,1,Sous-desservi
austria,1-S1-K-j26-1,at:42:3654:0:1,at:42:3642:0:3,1,Sous-desservi
austria,1-S1-K-j26-1,at:42:3654:0:1,at:42:3642:0:4,1,Sous-desservi
austria,1-S1-K-j26-1,at:42:3654:0:1,at:42:3642:0:5,1,Sous-desservi
austria,1-S1-K-j26-1,at:42:3654:0:1,at:42:3642:0:7,1,Sous-desservi
austria,1-S1-K-j26-1,at:42:3654:0:1,at:42:3715:0:1,5,Sous-desservi
austria,1-S1-K-j26-1,at:42:3654:0:1,at:42:3715:0:2,1,Sous-desservi
austria,1-S1-K-j26-1,at:42:3654:0:33,at:42:3642:0:4,1,Sous-desservi
austria,1-S1-K-j26-1,at:42:3654:0:33,at:42:3642:0:7,1,Sous-desservi
austria,1-S1-K-j26-1,at:42:3654:0:33,at:42:3715:0:1,6,Sous-desservi
austria,1-S1-K-j26-1,at:42:3654:0:33,at:42:3715:0:2,9,Desserte Normale
austria,1-S1-K-j26-1,at:42:3654:0:34,at:42:2128:0:7,1,Sous-desservi
austria,1-S1-K-j26-1,at:42:3654:0:34,at:42:3715:0:1,2,Sous-desservi
austria,1-S1-K-j26-1,at:42:3654:0:34,at:42:3715:0:2,3,Sous-desservi
austria,1-S1-K-j26-1,at:42:3654:0:5,at:42:3642:0:4,1,Sous-desservi
austria,1-S1-K-j26-1,at:42:3654:0:5,at:42:3642:0:7,1,Sous-desservi
austria,1-S1-K-j26-1,at:42:3654:0:5,at:42:3715:0:1,4,Sous-desservi
austria,1-S1-K-j26-1,at:42:3654:0:5,at:42:3715:0:2,3,Sous-desservi
austria,1-S1-K-j26-1,at:42:3654:0:6,at:42:3642:0:4,1,Sous-desservi
austria,1-S1-K-j26-1,at:42:3654:0:6,at:42:3715:0:1,1,Sous-desservi
austria,1-S1-K-j26-1,at:42:3654:0:6,at:42:3715:0:2,1,Sous-desservi
austria,1-S1-K-j26-1,at:42:3715:0:1,at:42:2127:0:1,2,Sous-desservi
austria,1-S1-K-j26-1,at:42:3715:0:1,at:42:2128:0:7,1,Sous-desservi
austria,1-S1-K-j26-1,at:42:3715:0:1,at:42:3642:0:5,1,Sous-desservi
austria,1-S1-K-j26-1,at:42:3715:0:1,at:42:3642:0:6,2,Sous-desservi
austria,1-S1-K-j26-1,at:42:3715:0:1,at:42:3642:0:7,2,Sous-desservi
austria,1-S1-K-j26-1,at:42:3715:0:1,at:42:3654:0:1,1,Sous-desservi
austria,1-S1-K-j26-1,at:42:3715:0:1,at:42:3654:0:3,1,Sous-desservi
austria,1-S1-K-j26-1,at:42:3715:0:1,at:42:3654:0:33,4,Sous-desservi
austria,1-S1-K-j26-1,at:42:3715:0:1,at:42:3654:0:5,3,Sous-desservi
austria,1-S1-K-j26-1,at:42:3715:0:1,at:42:3654:0:7,2,Sous-desservi
austria,1-S1-K-j26-1,at:42:3715:0:2,at:42:2127:0:1,11,Desserte Normale
austria,1-S1-K-j26-1,at:42:3715:0:2,at:42:3642:0:5,2,Sous-desservi
austria,1-S1-K-j26-1,at:42:3715:0:2,at:42:3642:0:7,1,Sous-desservi
austria,1-S1-K-j26-1,at:42:3715:0:2,at:42:3654:0:3,1,Sous-desservi
austria,1-S1-K-j26-1,at:42:3715:0:2,at:42:3654:0:33,13,Desserte Normale
austria,1-S1-K-j26-1,at:42:3715:0:2,at:42:3654:0:34,1,Sous-desservi
austria,1-S1-K-j26-1,at:42:3715:0:2,at:42:3654:0:5,4,Sous-desservi
austria,1-S1-K-j26-1,at:42:3826:0:1,at:42:3642:0:5,1,Sous-desservi
austria,1-S1-M-j26-1,at:46:1747:0:1,at:46:3040:0:14,1,Sous-desservi
austria,1-S1-M-j26-1,at:46:1747:0:3,at:46:3040:0:16,3,Sous-desservi
austria,1-S1-M-j26-1,at:46:1747:0:3,at:46:3040:0:19,2,Sous-desservi
austria,1-S1-M-j26-1,at:46:1747:0:3,at:46:3040:0:7,1,Sous-desservi
austria,1-S1-M-j26-1,at:46:1827:0:1,at:46:2042:0:7,7,Desserte Normale
austria,1-S1-M-j26-1,at:46:1827:0:1,at:46:2065:0:26,1,Sous-desservi
austria,1-S1-M-j26-1,at:46:1827:0:1,at:46:2065:0:5,1,Sous-desservi
austria,1-S1-M-j26-1,at:46:1827:0:1,at:46:2065:0:6,1,Sous-desservi
austria,1-S1-M-j26-1,at:46:1827:0:1,at:46:3040:0:14,1,Sous-desservi
austria,1-S1-M-j26-1,at:46:1827:0:1,at:46:3040:0:16,2,Sous-desservi
austria,1-S1-M-j26-1,at:46:1827:0:1,at:46:3040:0:5,1,Sous-desservi
austria,1-S1-M-j26-1,at:46:1827:0:4,at:46:2042:0:7,1,Sous-desservi
austria,1-S1-M-j26-1,at:46:1827:0:4,at:46:3040:0:12,1,Sous-desservi
austria,1-S1-M-j26-1,at:46:1827:0:4,at:46:3040:0:14,1,Sous-desservi
austria,1-S1-M-j26-1,at:46:1827:0:4,at:46:3040:0:16,1,Sous-desservi
austria,1-S1-M-j26-1,at:46:1827:0:4,at:46:3040:0:5,1,Sous-desservi
austria,1-S1-M-j26-1,at:46:1839:0:3,at:46:2042:0:7,10,Desserte Normale
austria,1-S1-M-j26-1,at:46:1839:0:3,at:46:2065:0:26,1,Sous-desservi
austria,1-S1-M-j26-1,at:46:1839:0:3,at:46:2065:0:5,5,Sous-desservi
austria,1-S1-M-j26-1,at:46:1839:0:3,at:46:2065:0:6,1,Sous-desservi
austria,1-S1-M-j26-1,at:46:1839:0:3,at:46:3040:0:12,1,Sous-desservi
austria,1-S1-M-j26-1,at:46:1839:0:3,at:46:3040:0:16,1,Sous-desservi
austria,1-S1-M-j26-1,at:46:2042:0:7,at:46:3040:0:10,1,Sous-desservi
austria,1-S1-M-j26-1,at:46:2042:0:7,at:46:3040:0:12,2,Sous-desservi
austria,1-S1-M-j26-1,at:46:2042:0:7,at:46:3040:0:14,1,Sous-desservi
austria,1-S1-M-j26-1,at:46:2042:0:7,at:46:3040:0:7,1,Sous-desservi
austria,1-S1-M-j26-1,at:46:2065:0:7,at:46:3040:0:14,1,Sous-desservi
austria,1-S1-M-j26-1,at:46:2065:0:7,at:46:3040:0:16,1,Sous-desservi
austria,1-S1-M-j26-1,at:46:3040:0:10,at:46:2042:0:7,1,Sous-desservi
austria,1-S1-M-j26-1,at:46:3040:0:14,at:46:2042:0:7,1,Sous-desservi
austria,1-S1-M-j26-1,at:46:3040:0:16,at:46:2065:0:3,1,Sous-desservi
austria,1-S1-M-j26-1,at:46:3040:0:16,at:46:2065:0:4,1,Sous-desservi
austria,1-S1-M-j26-1,at:46:3040:0:16,at:46:2065:0:5,1,Sous-desservi
austria,1-S1-M-j26-1,at:46:3040:0:5,at:46:2042:0:7,2,Sous-desservi
austria,1-S1-M-j26-1,at:46:3040:0:5,at:46:2065:0:4,1,Sous-desservi
austria,1-S1-M-j26-1,at:46:7426:0:5,at:46:2065:0:6,2,Sous-desservi
austria,1-S1-M-j26-1,at:46:7426:0:5,at:46:2065:0:7,1,Sous-desservi
austria,1-S1-M-j26-1,at:46:7426:0:9,at:46:2065:0:5,1,Sous-desservi
austria,1-S1-M-j26-1,at:46:7426:0:9,at:46:2065:0:7,1,Sous-desservi
austria,1-S1-O-j26-1,at:43:7242:0:1,at:44:41164:0:4,1,Sous-desservi
austria,1-S1-O-j26-1,at:43:7242:0:3,at:44:41164:0:2,1,Sous-desservi
austria,1-S1-O-j26-1,at:43:7242:0:3,at:44:41164:0:4,1,Sous-desservi
austria,1-S1-O-j26-1,at:43:7242:0:3,at:44:43900:0:1,1,Sous-desservi
austria,1-S1-O-j26-1,at:43:7242:0:5,at:44:41164:0:10,1,Sous-desservi
austria,1-S1-O-j26-1,at:43:7242:0:5,at:44:41164:0:12,4,Sous-desservi
austria,1-S1-O-j26-1,at:43:7242:0:5,at:44:41164:0:2,1,Sous-desservi
austria,1-S1-O-j26-1,at:43:7242:0:6,at:44:41164:0:2,1,Sous-desservi
austria,1-S1-O-j26-1,at:43:7242:0:6,at:44:41164:0:4,1,Sous-desservi
austria,1-S1-O-j26-1,at:43:7242:0:6,at:44:43900:0:1,1,Sous-desservi
austria,1-S1-O-j26-1,at:43:7242:0:9,at:44:41164:0:10,1,Sous-desservi
austria,1-S1-O-j26-1,at:43:7242:0:9,at:44:41164:0:12,1,Sous-desservi
austria,1-S1-O-j26-1,at:44:41164:0:10,at:43:7242:0:5,2,Sous-desservi
austria,1-S1-O-j26-1,at:44:41164:0:10,at:43:7242:0:8,1,Sous-desservi
austria,1-S1-O-j26-1,at:44:41164:0:10,at:44:43900:0:1,3,Sous-desservi
austria,1-S1-O-j26-1,at:44:41164:0:11,at:43:7242:0:3,1,Sous-desservi
austria,1-S1-O-j26-1,at:44:41164:0:11,at:43:7242:0:5,8,Desserte Normale
austria,1-S1-O-j26-1,at:44:41164:0:11,at:44:43900:0:1,7,Desserte Normale
austria,1-S1-O-j26-1,at:44:41164:0:11,at:44:43900:0:2,3,Sous-desservi
austria,1-S1-O-j26-1,at:44:41164:0:12,at:43:7242:0:5,1,Sous-desservi
austria,1-S1-O-j26-1,at:44:41164:0:12,at:44:43900:0:1,5,Sous-desservi
austria,1-S1-O-j26-1,at:44:41164:0:12,at:44:43900:0:2,8,Desserte Normale
austria,1-S1-O-j26-1,at:44:41164:0:2,at:44:43900:0:2,2,Sous-desservi
austria,1-S1-O-j26-1,at:44:41164:0:8,at:43:7242:0:5,3,Sous-desservi
austria,1-S1-O-j26-1,at:44:43900:0:1,at:43:7242:0:6,1,Sous-desservi
austria,1-S1-O-j26-1,at:44:43900:0:1,at:44:41164:0:1,1,Sous-desservi
austria,1-S1-O-j26-1,at:44:43900:0:1,at:44:41164:0:10,1,Sous-desservi
austria,1-S1-O-j26-1,at:44:43900:0:1,at:44:41164:0:11,5,Sous-desservi
austria,1-S1-O-j26-1,at:44:43900:0:1,at:44:41164:0:12,8,Desserte Normale
austria,1-S1-O-j26-1,at:44:43900:0:1,at:44:41164:0:4,5,Sous-desservi
austria,1-S1-O-j26-1,at:44:43900:0:1,at:44:41164:0:5,2,Sous-desservi
austria,1-S1-O-j26-1,at:44:43900:0:1,at:44:41164:0:8,1,Sous-desservi
austria,1-S1-O-j26-1,at:44:43900:0:1,at:44:41164:0:9,3,Sous-desservi
austria,1-S1-O-j26-1,at:44:43900:0:2,at:43:7242:0:5,1,Sous-desservi
austria,1-S1-O-j26-1,at:44:43900:0:2,at:43:7242:0:6,1,Sous-desservi
austria,1-S1-O-j26-1,at:44:43900:0:2,at:44:41164:0:10,1,Sous-desservi
austria,1-S1-O-j26-1,at:44:43900:0:2,at:44:41164:0:11,4,Sous-desservi
austria,1-S1-O-j26-1,at:44:43900:0:2,at:44:41164:0:12,2,Sous-desservi
austria,1-S1-O-j26-1,at:44:43900:0:2,at:44:41164:0:2,3,Sous-desservi
austria,1-S1-O-j26-1,at:44:43900:0:2,at:44:41164:0:3,2,Sous-desservi
austria,1-S1-O-j26-1,at:44:43900:0:2,at:44:41164:0:4,4,Sous-desservi
austria,1-S1-O-j26-1,at:44:43900:0:2,at:44:41164:0:5,1,Sous-desservi
austria,1-S1-O-j26-1,at:44:43900:0:2,at:44:41164:0:6,1,Sous-desservi
austria,1-S1-O-j26-1,at:44:43900:0:2,at:44:41164:0:9,2,Sous-desservi
austria,1-S1-S-j26-1,at:46:1827:0:1,at:46:7426:0:5,8,Desserte Normale
austria,1-S1-S-j26-1,at:46:1827:0:4,at:46:7426:0:5,12,Desserte Normale
austria,1-S1-S-j26-1,at:46:1839:0:1,at:46:7426:0:5,1,Sous-desservi
austria,1-S1-S-j26-1,at:46:1839:0:3,at:46:7426:0:5,3,Sous-desservi
austria,1-S1-S-j26-1,at:46:2042:0:7,at:46:1827:0:1,7,Desserte Normale
austria,1-S1-S-j26-1,at:46:2042:0:7,at:46:1827:0:4,2,Sous-desservi
austria,1-S1-S-j26-1,at:46:2042:0:7,at:46:1839:0:3,8,Desserte Normale
austria,1-S1-S-j26-1,at:46:2065:0:26,at:46:1839:0:3,1,Sous-desservi
austria,1-S1-S-j26-1,at:46:2065:0:3,at:46:1827:0:1,1,Sous-desservi
austria,1-S1-S-j26-1,at:46:2065:0:4,at:46:7426:0:3,1,Sous-desservi
austria,1-S1-S-j26-1,at:46:2065:0:4,at:46:7426:0:9,1,Sous-desservi
austria,1-S1-S-j26-1,at:46:2065:0:5,at:46:1827:0:1,2,Sous-desservi
austria,1-S1-S-j26-1,at:46:2065:0:5,at:46:1839:0:3,6,Sous-desservi
austria,1-S1-S-j26-1,at:46:2065:0:6,at:46:1839:0:3,2,Sous-desservi
austria,1-S1-S-j26-1,at:46:3040:0:10,at:46:1839:0:3,1,Sous-desservi
austria,1-S1-S-j26-1,at:46:3040:0:12,at:46:1839:0:1,1,Sous-desservi
austria,1-S1-S-j26-1,at:46:3040:0:12,at:46:1839:0:3,2,Sous-desservi
austria,1-S1-S-j26-1,at:46:3040:0:14,at:46:1747:0:3,1,Sous-desservi
austria,1-S1-S-j26-1,at:46:3040:0:14,at:46:1839:0:3,1,Sous-desservi
austria,1-S1-S-j26-1,at:46:3040:0:14,at:46:1839:0:4,1,Sous-desservi
austria,1-S1-S-j26-1,at:46:3040:0:14,at:46:7426:0:5,1,Sous-desservi
austria,1-S1-S-j26-1,at:46:3040:0:16,at:46:1747:0:3,3,Sous-desservi
austria,1-S1-S-j26-1,at:46:3040:0:16,at:46:1839:0:3,2,Sous-desservi
austria,1-S1-S-j26-1,at:46:3040:0:16,at:46:7426:0:5,2,Sous-desservi
austria,1-S1-S-j26-1,at:46:3040:0:19,at:46:1747:0:1,1,Sous-desservi
austria,1-S1-S-j26-1,at:46:3040:0:19,at:46:1747:0:3,1,Sous-desservi
austria,1-S1-S-j26-1,at:46:3040:0:5,at:46:1827:0:4,1,Sous-desservi
austria,1-S1-S-j26-1,at:46:3040:0:5,at:46:1839:0:3,1,Sous-desservi
austria,1-S1-S-j26-1,at:46:3040:0:7,at:46:1747:0:3,1,Sous-desservi
austria,1-S1-S-j26-1,at:46:7426:0:5,at:46:1827:0:1,13,Desserte Normale
austria,1-S1-S-j26-1,at:46:7426:0:5,at:46:1827:0:4,13,Desserte Normale
austria,1-S1-S-j26-1,at:46:7426:0:5,at:46:3040:0:12,1,Sous-desservi
austria,1-S1-S-j26-1,at:46:7426:0:9,at:46:1827:0:1,1,Sous-desservi
austria,1-S1-S-j26-1,at:46:7426:0:9,at:46:1827:0:4,2,Sous-desservi
austria,1-S1-V-j26-1,at:48:1029:0:4,at:48:466:0:5,1,Sous-desservi
austria,1-S1-V-j26-1,at:48:1029:0:4,at:48:466:0:7,1,Sous-desservi
austria,1-S1-V-j26-1,at:48:130:0:10,at:48:452:0:10,1,Sous-desservi
austria,1-S1-V-j26-1,at:48:130:0:2,at:48:466:0:7,1,Sous-desservi
austria,1-S1-V-j26-1,at:48:130:0:2,at:48:889:0:3,1,Sous-desservi
austria,1-S1-V-j26-1,at:48:130:0:4,at:48:413:0:1,2,Sous-desservi
austria,1-S1-V-j26-1,at:48:130:0:4,at:48:452:0:10,2,Sous-desservi
austria,1-S1-V-j26-1,at:48:130:0:4,at:48:452:0:11,2,Sous-desservi
austria,1-S1-V-j26-1,at:48:130:0:4,at:48:452:0:7,1,Sous-desservi
austria,1-S1-V-j26-1,at:48:130:0:4,at:48:466:0:7,25,Desserte Normale
austria,1-S1-V-j26-1,at:48:130:0:4,at:48:889:0:2,5,Sous-desservi
austria,1-S1-V-j26-1,at:48:130:0:4,at:48:889:0:3,5,Sous-desservi
austria,1-S1-V-j26-1,at:48:130:0:4,de:09776:1546:1:1,10,Desserte Normale
austria,1-S1-V-j26-1,at:48:130:0:4,de:09776:1546:1:2,2,Sous-desservi
austria,1-S1-V-j26-1,at:48:130:0:4,de:09776:1546:1:3,1,Sous-desservi
austria,1-S1-V-j26-1,at:48:413:0:1,at:48:452:0:7,1,Sous-desservi
austria,1-S1-V-j26-1,at:48:413:0:1,at:48:466:0:5,1,Sous-desservi
austria,1-S1-V-j26-1,at:48:452:0:11,at:48:130:0:4,1,Sous-desservi
austria,1-S1-V-j26-1,at:48:452:0:7,de:09776:1546:1:1,1,Sous-desservi
austria,1-S1-V-j26-1,at:48:452:0:7,de:09776:1546:1:3,1,Sous-desservi
austria,1-S1-V-j26-1,at:48:452:0:9,at:48:130:0:1,1,Sous-desservi
austria,1-S1-V-j26-1,at:48:452:0:9,at:48:130:0:4,1,Sous-desservi
austria,1-S1-V-j26-1,at:48:466:0:7,at:48:130:0:1,2,Sous-desservi
austria,1-S1-V-j26-1,at:48:466:0:7,at:48:130:0:10,1,Sous-desservi
austria,1-S1-V-j26-1,at:48:466:0:7,at:48:130:0:2,1,Sous-desservi
austria,1-S1-V-j26-1,at:48:466:0:7,at:48:130:0:4,24,Desserte Normale
austria,1-S1-V-j26-1,at:48:585:0:3,de:09776:1546:1:1,1,Sous-desservi
austria,1-S1-V-j26-1,at:48:585:0:3,de:09776:1546:1:2,1,Sous-desservi
austria,1-S1-V-j26-1,at:48:817:0:6,de:09776:1546:1:1,3,Sous-desservi
austria,1-S1-V-j26-1,at:48:889:0:2,at:48:130:0:1,1,Sous-desservi
austria,1-S1-V-j26-1,at:48:889:0:3,at:48:130:0:1,1,Sous-desservi
austria,1-S1-V-j26-1,at:48:889:0:3,at:48:130:0:10,1,Sous-desservi
austria,1-S1-V-j26-1,at:48:889:0:3,at:48:130:0:4,5,Sous-desservi
austria,1-S1-V-j26-1,de:09776:1546:1:1,at:48:130:0:10,2,Sous-desservi
austria,1-S1-V-j26-1,de:09776:1546:1:1,at:48:130:0:12,3,Sous-desservi
austria,1-S1-V-j26-1,de:09776:1546:1:1,at:48:130:0:4,14,Desserte Normale
austria,1-S1-V-j26-1,de:09776:1546:1:1,at:48:134:0:9,8,Desserte Normale
austria,1-S1-V-j26-1,de:09776:1546:1:2,at:48:130:0:4,2,Sous-desservi
austria,1-S1-V-j26-1,de:09776:1546:1:3,at:48:130:0:10,1,Sous-desservi
austria,1-S1-V-j26-1,de:09776:1546:1:3,at:48:130:0:4,2,Sous-desservi
austria,1-S1-V-j26-1,de:09776:1592:1:1,at:48:130:0:4,1,Sous-desservi
austria,1-S1-W-j26-1,at:43:3622:0:1,at:49:1015:0:1,1,Sous-desservi
austria,1-S1-W-j26-1,at:43:3622:0:1,at:49:1015:0:13,2,Sous-desservi
austria,1-S1-W-j26-1,at:43:3622:0:1,at:49:1040:0:19,7,Desserte Normale
austria,1-S1-W-j26-1,at:43:3622:0:1,at:49:788:0:12,5,Sous-desservi
austria,1-S1-W-j26-1,at:43:3622:0:6,at:49:1015:0:1,3,Sous-desservi
austria,1-S1-W-j26-1,at:43:3622:0:6,at:49:1015:0:13,2,Sous-desservi
austria,1-S1-W-j26-1,at:43:3622:0:6,at:49:1015:0:15,4,Sous-desservi
austria,1-S1-W-j26-1,at:43:3622:0:6,at:49:1040:0:19,24,Desserte Normale
austria,1-S1-W-j26-1,at:43:3622:0:6,at:49:1040:0:20,1,Sous-desservi
austria,1-S1-W-j26-1,at:43:3622:0:6,at:49:1705:0:2,1,Sous-desservi
austria,1-S1-W-j26-1,at:43:3622:0:6,at:49:788:0:12,20,Desserte Normale
austria,1-S1-W-j26-1,at:43:3622:0:6,at:49:788:0:8,3,Sous-desservi
austria,1-S1-W-j26-1,at:43:4132:0:1,at:49:1015:0:1,2,Sous-desservi
austria,1-S1-W-j26-1,at:43:4132:0:1,at:49:1040:0:19,16,Desserte Normale
austria,1-S1-W-j26-1,at:43:4132:0:1,at:49:1040:0:20,2,Sous-desservi
austria,1-S1-W-j26-1,at:43:4132:0:1,at:49:788:0:12,17,Desserte Normale
austria,1-S1-W-j26-1,at:43:4132:0:4,at:49:1040:0:19,2,Sous-desservi
austria,1-S1-W-j26-1,at:43:4132:0:4,at:49:788:0:12,2,Sous-desservi
austria,1-S1-W-j26-1,at:43:4239:0:1,at:49:1349:0:34,2,Sous-desservi
austria,1-S1-W-j26-1,at:43:4239:0:1,at:49:769:0:3,2,Sous-desservi
austria,1-S1-W-j26-1,at:43:4239:0:1,at:49:769:0:8,1,Sous-desservi
austria,1-S1-W-j26-1,at:43:4239:0:13,at:43:3622:0:1,1,Sous-desservi
austria,1-S1-W-j26-1,at:43:4239:0:13,at:43:3622:0:6,1,Sous-desservi
austria,1-S1-W-j26-1,at:43:4239:0:13,at:49:1015:0:16,1,Sous-desservi
austria,1-S1-W-j26-1,at:43:4239:0:13,at:49:1349:0:34,3,Sous-desservi
austria,1-S1-W-j26-1,at:43:4239:0:13,at:49:334:0:5,1,Sous-desservi
austria,1-S1-W-j26-1,at:43:4239:0:13,at:49:769:0:3,1,Sous-desservi
austria,1-S1-W-j26-1,at:43:4239:0:13,at:49:769:0:8,1,Sous-desservi
austria,1-S1-W-j26-1,at:43:4239:0:14,at:49:1015:0:1,2,Sous-desservi
austria,1-S1-W-j26-1,at:43:4239:0:14,at:49:1015:0:15,1,Sous-desservi
austria,1-S1-W-j26-1,at:43:4239:0:14,at:49:1015:0:16,5,Sous-desservi
austria,1-S1-W-j26-1,at:43:4239:0:14,at:49:334:0:24,2,Sous-desservi
austria,1-S1-W-j26-1,at:43:4239:0:15,at:49:1015:0:16,2,Sous-desservi
austria,1-S1-W-j26-1,at:43:5210:0:1,at:49:1015:0:1,2,Sous-desservi
austria,1-S1-W-j26-1,at:43:5210:0:11,at:49:1015:0:16,3,Sous-desservi
austria,1-S1-W-j26-1,at:43:5210:0:11,at:49:334:0:24,1,Sous-desservi
austria,1-S1-W-j26-1,at:43:5210:0:2,at:49:1015:0:15,1,Sous-desservi
austria,1-S1-W-j26-1,at:43:5210:0:2,at:49:1357:0:6,1,Sous-desservi
austria,1-S1-W-j26-1,at:43:5210:0:3,at:49:1015:0:16,4,Sous-desservi
austria,1-S1-W-j26-1,at:43:5210:0:4,at:49:1015:0:16,1,Sous-desservi
austria,1-S1-W-j26-1,at:43:5210:0:4,at:49:334:0:5,1,Sous-desservi
austria,1-S1-W-j26-1,at:43:5210:0:6,at:49:1349:0:34,1,Sous-desservi
austria,1-S1-W-j26-1,at:43:5210:0:6,at:49:769:0:3,1,Sous-desservi
austria,1-S1-W-j26-1,at:49:1015:0:1,at:43:3622:0:6,2,Sous-desservi
austria,1-S1-W-j26-1,at:49:1015:0:1,at:43:4132:0:1,4,Sous-desservi
austria,1-S1-W-j26-1,at:49:1015:0:1,at:49:1040:0:5,1,Sous-desservi
austria,1-S1-W-j26-1,at:49:1015:0:1,at:49:1349:0:34,11,Desserte Normale
austria,1-S1-W-j26-1,at:49:1015:0:1,at:49:334:0:24,1,Sous-desservi
austria,1-S1-W-j26-1,at:49:1015:0:1,at:49:334:0:25,17,Desserte Normale
austria,1-S1-W-j26-1,at:49:1015:0:1,at:49:334:0:5,2,Sous-desservi
austria,1-S1-W-j26-1,at:49:1015:0:13,at:49:1349:0:34,1,Sous-desservi
austria,1-S1-W-j26-1,at:49:1015:0:13,at:49:334:0:5,1,Sous-desservi
austria,1-S1-W-j26-1,at:49:1015:0:15,at:49:334:0:24,1,Sous-desservi
austria,1-S1-W-j26-1,at:49:1015:0:15,at:49:769:0:3,1,Sous-desservi
austria,1-S1-W-j26-1,at:49:1015:0:16,at:43:3622:0:6,2,Sous-desservi
austria,1-S1-W-j26-1,at:49:1015:0:16,at:49:1040:0:21,1,Sous-desservi
austria,1-S1-W-j26-1,at:49:1015:0:16,at:49:1349:0:34,5,Sous-desservi
austria,1-S1-W-j26-1,at:49:1015:0:16,at:49:334:0:24,2,Sous-desservi
austria,1-S1-W-j26-1,at:49:1015:0:16,at:49:334:0:25,5,Sous-desservi
austria,1-S1-W-j26-1,at:49:1015:0:16,at:49:334:0:5,1,Sous-desservi
austria,1-S1-W-j26-1,at:49:1040:0:19,at:49:1015:0:15,1,Sous-desservi
austria,1-S1-W-j26-1,at:49:1040:0:20,at:49:1015:0:13,1,Sous-desservi
austria,1-S1-W-j26-1,at:49:1040:0:20,at:49:1015:0:15,1,Sous-desservi
austria,1-S1-W-j26-1,at:49:1040:0:21,at:43:3622:0:1,5,Sous-desservi
austria,1-S1-W-j26-1,at:49:1040:0:21,at:43:3622:0:4,2,Sous-desservi
austria,1-S1-W-j26-1,at:49:1040:0:21,at:43:3622:0:6,5,Sous-desservi
austria,1-S1-W-j26-1,at:49:1040:0:21,at:43:4132:0:1,1,Sous-desservi
austria,1-S1-W-j26-1,at:49:1040:0:21,at:49:334:0:24,3,Sous-desservi
austria,1-S1-W-j26-1,at:49:1040:0:21,at:49:334:0:25,10,Desserte Normale
austria,1-S1-W-j26-1,at:49:1040:0:21,at:49:334:0:5,5,Sous-desservi
austria,1-S1-W-j26-1,at:49:1040:0:21,at:49:769:0:3,4,Sous-desservi
austria,1-S1-W-j26-1,at:49:1040:0:21,at:49:769:0:8,1,Sous-desservi
austria,1-S1-W-j26-1,at:49:1040:0:5,at:43:3622:0:6,15,Desserte Normale
austria,1-S1-W-j26-1,at:49:1040:0:5,at:43:4132:0:1,16,Desserte Normale
austria,1-S1-W-j26-1,at:49:1040:0:5,at:49:334:0:24,1,Sous-desservi
austria,1-S1-W-j26-1,at:49:1040:0:5,at:49:334:0:25,5,Sous-desservi
austria,1-S1-W-j26-1,at:49:1040:0:5,at:49:334:0:5,1,Sous-desservi
austria,1-S1-W-j26-1,at:49:1040:0:5,at:49:769:0:3,1,Sous-desservi
austria,1-S1-W-j26-1,at:49:1040:0:5,at:49:769:0:8,1,Sous-desservi
austria,1-S1-W-j26-1,at:49:1091:0:12,at:49:769:0:8,2,Sous-desservi
austria,1-S1-W-j26-1,at:49:1349:0:12,at:49:1015:0:1,2,Sous-desservi
austria,1-S1-W-j26-1,at:49:1349:0:12,at:49:1015:0:13,4,Sous-desservi
austria,1-S1-W-j26-1,at:49:1349:0:12,at:49:1015:0:15,2,Sous-desservi
austria,1-S1-W-j26-1,at:49:1349:0:12,at:49:788:0:12,40,Desserte Normale
austria,1-S1-W-j26-1,at:49:1349:0:12,at:49:788:0:8,2,Sous-desservi
austria,1-S1-W-j26-1,at:49:1349:0:12,at:49:94:0:8,1,Sous-desservi
austria,1-S1-W-j26-1,at:49:334:0:20,at:49:1015:0:1,4,Sous-desservi
austria,1-S1-W-j26-1,at:49:334:0:20,at:49:1015:0:13,2,Sous-desservi
austria,1-S1-W-j26-1,at:49:334:0:20,at:49:1040:0:19,2,Sous-desservi
austria,1-S1-W-j26-1,at:49:334:0:23,at:49:1015:0:1,2,Sous-desservi
austria,1-S1-W-j26-1,at:49:334:0:23,at:49:1015:0:13,2,Sous-desservi
austria,1-S1-W-j26-1,at:49:334:0:23,at:49:1015:0:15,5,Sous-desservi
austria,1-S1-W-j26-1,at:49:334:0:23,at:49:1040:0:19,1,Sous-desservi
austria,1-S1-W-j26-1,at:49:334:0:23,at:49:1040:0:20,1,Sous-desservi
austria,1-S1-W-j26-1,at:49:334:0:24,at:43:3622:0:5,1,Sous-desservi
austria,1-S1-W-j26-1,at:49:334:0:24,at:43:3622:0:6,3,Sous-desservi
austria,1-S1-W-j26-1,at:49:334:0:24,at:43:4132:0:1,2,Sous-desservi
austria,1-S1-W-j26-1,at:49:334:0:24,at:49:1357:0:6,1,Sous-desservi
austria,1-S1-W-j26-1,at:49:334:0:24,at:49:769:0:3,1,Sous-desservi
austria,1-S1-W-j26-1,at:49:334:0:24,at:49:769:0:8,2,Sous-desservi
austria,1-S1-W-j26-1,at:49:334:0:25,at:49:1015:0:1,2,Sous-desservi
austria,1-S1-W-j26-1,at:49:334:0:25,at:49:1015:0:13,2,Sous-desservi
austria,1-S1-W-j26-1,at:49:334:0:25,at:49:1015:0:15,1,Sous-desservi
austria,1-S1-W-j26-1,at:49:334:0:25,at:49:1040:0:20,2,Sous-desservi
austria,1-S1-W-j26-1,at:49:769:0:3,at:49:1040:0:20,3,Sous-desservi
austria,1-S1-W-j26-1,at:49:788:0:12,at:43:3622:0:1,4,Sous-desservi
austria,1-S1-W-j26-1,at:49:788:0:12,at:43:3622:0:5,1,Sous-desservi
austria,1-S1-W-j26-1,at:49:788:0:12,at:43:3622:0:6,17,Desserte Normale
austria,1-S1-W-j26-1,at:49:788:0:12,at:43:4132:0:1,21,Desserte Normale
austria,1-S1-W-j26-1,at:49:788:0:12,at:49:1349:0:34,38,Desserte Normale
austria,1-S1-W-j26-1,at:49:788:0:12,at:49:334:0:24,1,Sous-desservi
austria,1-S1-W-j26-1,at:49:788:0:13,at:43:3622:0:1,1,Sous-desservi
austria,1-S1-W-j26-1,at:49:788:0:13,at:43:3622:0:4,2,Sous-desservi
austria,1-S1-W-j26-1,at:49:788:0:13,at:43:3622:0:6,16,Desserte Normale
austria,1-S1-W-j26-1,at:49:788:0:13,at:43:4132:0:1,13,Desserte Normale
austria,1-S1-W-j26-1,at:49:788:0:13,at:49:1040:0:20,1,Sous-desservi
austria,1-S1-W-j26-1,at:49:788:0:13,at:49:1040:0:21,1,Sous-desservi
austria,1-S1-W-j26-1,at:49:788:0:13,at:49:1040:0:5,1,Sous-desservi
austria,1-S1-W-j26-1,at:49:788:0:13,at:49:1349:0:34,31,Desserte Normale
austria,1-S1-W-j26-1,at:49:788:0:13,at:49:511:0:4,1,Sous-desservi
austria,1-S1-W-j26-1,at:49:788:0:13,at:49:769:0:3,1,Sous-desservi
austria,1-S1-W-j26-1,at:49:788:0:13,at:49:769:0:8,4,Sous-desservi
austria,1-S2-I-j26-1,it:22021:1170:50:31077,it:22021:1980:50:31137,14,Desserte Normale
austria,1-S2-I-j26-1,it:22021:1194:50:31119,it:22021:1980:50:31137,13,Desserte Normale
austria,1-S2-I-j26-1,it:22021:1980:50:31137,it:22021:1170:50:31077,15,Desserte Normale
austria,1-S2-I-j26-1,it:22021:1980:50:31137,it:22021:1194:50:31119,15,Desserte Normale
austria,1-S2-K-j26-1,at:42:3633:0:1,at:42:3654:0:2,1,Sous-desservi
austria,1-S2-K-j26-1,at:42:3633:0:1,at:42:3654:0:34,2,Sous-desservi
austria,1-S2-K-j26-1,at:42:3642:0:2,at:42:3654:0:34,2,Sous-desservi
austria,1-S2-K-j26-1,at:42:3642:0:47,at:42:3654:0:1,1,Sous-desservi
austria,1-S2-K-j26-1,at:42:3642:0:47,at:42:3654:0:33,1,Sous-desservi
austria,1-S2-K-j26-1,at:42:3642:0:47,at:42:3654:0:34,18,Desserte Normale
austria,1-S2-K-j26-1,at:42:3642:0:47,at:42:3654:0:5,4,Sous-desservi
austria,1-S2-K-j26-1,at:42:3642:0:47,at:42:3654:0:6,1,Sous-desservi
austria,1-S2-K-j26-1,at:42:3642:0:47,at:42:3654:0:7,1,Sous-desservi
austria,1-S2-K-j26-1,at:42:3642:0:47,at:42:3654:0:8,1,Sous-desservi
austria,1-S2-K-j26-1,at:42:3654:0:1,at:42:3642:0:47,2,Sous-desservi
austria,1-S2-K-j26-1,at:42:3654:0:2,at:42:3807:0:2,2,Sous-desservi
austria,1-S2-K-j26-1,at:42:3654:0:33,at:42:3633:0:2,1,Sous-desservi
austria,1-S2-K-j26-1,at:42:3654:0:33,at:42:3633:0:4,1,Sous-desservi
austria,1-S2-K-j26-1,at:42:3654:0:34,at:42:3633:0:1,1,Sous-desservi
austria,1-S2-K-j26-1,at:42:3654:0:34,at:42:3633:0:2,1,Sous-desservi
austria,1-S2-K-j26-1,at:42:3654:0:34,at:42:3642:0:47,19,Desserte Normale
austria,1-S2-K-j26-1,at:42:3654:0:34,at:42:3807:0:2,3,Sous-desservi
austria,1-S2-K-j26-1,at:42:3654:0:5,at:42:3642:0:47,3,Sous-desservi
austria,1-S2-K-j26-1,at:42:3654:0:5,at:42:3807:0:2,2,Sous-desservi
austria,1-S2-K-j26-1,at:42:3654:0:6,at:42:3642:0:47,2,Sous-desservi
austria,1-S2-K-j26-1,at:42:3654:0:8,at:42:3642:0:47,1,Sous-desservi
austria,1-S2-K-j26-1,at:42:3807:0:2,at:42:3654:0:2,1,Sous-desservi
austria,1-S2-K-j26-1,at:42:3807:0:2,at:42:3654:0:34,3,Sous-desservi
austria,1-S2-K-j26-1,at:42:3807:0:2,at:42:3654:0:4,1,Sous-desservi
austria,1-S2-K-j26-1,at:42:3807:0:2,at:42:3654:0:5,1,Sous-desservi
austria,1-S2-K-j26-1,at:42:3807:0:2,at:42:3654:0:6,1,Sous-desservi
austria,1-S2-O-j26-1,at:44:41164:0:10,at:44:42107:0:2,1,Sous-desservi
austria,1-S2-O-j26-1,at:44:41164:0:2,at:44:42107:0:2,25,Desserte Normale
austria,1-S2-O-j26-1,at:44:41164:0:3,at:44:42107:0:5,1,Sous-desservi
austria,1-S2-O-j26-1,at:44:41164:0:4,at:44:42107:0:2,4,Sous-desservi
austria,1-S2-O-j26-1,at:44:41164:0:5,at:44:42107:0:2,1,Sous-desservi
austria,1-S2-O-j26-1,at:44:41164:0:6,at:44:42107:0:2,1,Sous-desservi
austria,1-S2-O-j26-1,at:44:41164:0:6,at:44:42107:0:5,1,Sous-desservi
austria,1-S2-O-j26-1,at:44:41164:0:8,at:44:42107:0:2,1,Sous-desservi
austria,1-S2-O-j26-1,at:44:42107:0:1,at:44:41164:0:10,7,Desserte Normale
austria,1-S2-O-j26-1,at:44:42107:0:1,at:44:41164:0:11,11,Desserte Normale
austria,1-S2-O-j26-1,at:44:42107:0:1,at:44:41164:0:12,14,Desserte Normale
austria,1-S2-O-j26-1,at:44:42107:0:1,at:44:41164:0:2,2,Sous-desservi
austria,1-S2-O-j26-1,at:44:42107:0:1,at:44:41164:0:3,1,Sous-desservi
austria,1-S2-O-j26-1,at:44:42107:0:1,at:44:41164:0:4,8,Desserte Normale
austria,1-S2-O-j26-1,at:44:42107:0:1,at:44:41164:0:5,7,Desserte Normale
austria,1-S2-O-j26-1,at:44:42107:0:1,at:44:41164:0:6,2,Sous-desservi
austria,1-S2-O-j26-1,at:44:42107:0:1,at:44:41164:0:8,8,Desserte Normale
austria,1-S2-O-j26-1,at:44:42107:0:1,at:44:41164:0:9,2,Sous-desservi
austria,1-S2-O-j26-1,at:44:42107:0:3,at:44:41164:0:10,1,Sous-desservi
austria,1-S2-O-j26-1,at:44:42107:0:3,at:44:41164:0:11,1,Sous-desservi
austria,1-S2-O-j26-1,at:44:42107:0:3,at:44:41164:0:12,1,Sous-desservi
austria,1-S2-O-j26-1,at:44:42107:0:3,at:44:41164:0:2,1,Sous-desservi
austria,1-S2-S-j26-1,at:44:47200:0:5,at:45:50002:0:5,1,Sous-desservi
austria,1-S2-S-j26-1,at:44:47200:0:5,at:45:50002:0:9,1,Sous-desservi
austria,1-S2-S-j26-1,at:45:50002:0:10,at:45:50290:0:2,1,Sous-desservi
austria,1-S2-S-j26-1,at:45:50002:0:10,de:09172:42293:95:96,1,Sous-desservi
austria,1-S2-S-j26-1,at:45:50002:0:11,de:09172:42293:1:1,1,Sous-desservi
austria,1-S2-S-j26-1,at:45:50002:0:11,de:09172:42293:95:96,1,Sous-desservi
austria,1-S2-S-j26-1,at:45:50002:0:11,de:09172:42293:95:97,2,Sous-desservi
austria,1-S2-S-j26-1,at:45:50002:0:12,de:09172:42293:95:97,1,Sous-desservi
austria,1-S2-S-j26-1,at:45:50002:0:5,at:45:50290:0:5,1,Sous-desservi
austria,1-S2-S-j26-1,at:45:50002:0:6,at:45:50290:0:2,1,Sous-desservi
austria,1-S2-S-j26-1,at:45:50002:0:7,at:44:47200:0:1,1,Sous-desservi
austria,1-S2-S-j26-1,at:45:50002:0:7,at:44:47200:0:5,1,Sous-desservi
austria,1-S2-S-j26-1,at:45:50002:0:7,at:45:50290:0:5,1,Sous-desservi
austria,1-S2-S-j26-1,at:45:50002:0:8,at:45:50290:0:5,1,Sous-desservi
austria,1-S2-S-j26-1,at:45:50002:0:9,at:45:50290:0:2,2,Sous-desservi
austria,1-S2-S-j26-1,at:45:50002:0:9,at:45:50290:0:3,1,Sous-desservi
austria,1-S2-S-j26-1,at:45:50002:0:9,at:45:50290:0:5,3,Sous-desservi
austria,1-S2-S-j26-1,at:45:50230:0:1,at:45:50002:0:4,1,Sous-desservi
austria,1-S2-S-j26-1,at:45:50230:0:1,at:45:50002:0:5,1,Sous-desservi
austria,1-S2-S-j26-1,at:45:50290:0:2,at:45:50002:0:4,1,Sous-desservi
austria,1-S2-S-j26-1,at:45:50290:0:2,at:45:56183:0:4,1,Sous-desservi
austria,1-S2-S-j26-1,at:45:50290:0:3,at:45:50002:0:10,2,Sous-desservi
austria,1-S2-S-j26-1,at:45:50290:0:3,at:45:50002:0:11,2,Sous-desservi
austria,1-S2-S-j26-1,at:45:50290:0:3,at:45:50002:0:5,1,Sous-desservi
austria,1-S2-S-j26-1,at:45:50290:0:3,at:45:50002:0:6,2,Sous-desservi
austria,1-S2-S-j26-1,at:45:50290:0:3,at:45:50002:0:7,1,Sous-desservi
austria,1-S2-S-j26-1,at:45:50290:0:3,at:45:50002:0:8,1,Sous-desservi
austria,1-S2-S-j26-1,at:45:50290:0:3,at:45:50002:0:9,1,Sous-desservi
austria,1-S2-S-j26-1,at:45:50290:0:3,at:45:56702:0:2,18,Desserte Normale
austria,1-S2-S-j26-1,at:45:50290:0:3,de:09172:42293:2:3,14,Desserte Normale
austria,1-S2-S-j26-1,at:45:50290:0:3,de:09172:42293:3:5,1,Sous-desservi
austria,1-S2-S-j26-1,at:45:50290:0:3,de:09172:42293:95:96,1,Sous-desservi
austria,1-S2-S-j26-1,at:45:50290:0:3,de:09172:42293:95:97,3,Sous-desservi
austria,1-S2-S-j26-1,at:45:56183:0:4,at:45:50230:0:1,1,Sous-desservi
austria,1-S2-S-j26-1,at:45:56702:0:3,at:45:50002:0:10,1,Sous-desservi
austria,1-S2-S-j26-1,at:45:56702:0:3,at:45:50290:0:2,1,Sous-desservi
austria,1-S2-S-j26-1,at:45:56702:0:3,at:45:50290:0:5,17,Desserte Normale
austria,1-S2-S-j26-1,de:09172:42293:1:1,at:45:50290:0:5,1,Sous-desservi
austria,1-S2-S-j26-1,de:09172:42293:2:3,at:45:50290:0:5,15,Desserte Normale
austria,1-S2-S-j26-1,de:09172:42293:3:5,at:45:50290:0:5,1,Sous-desservi
austria,1-S2-S-j26-1,de:09172:42293:95:96,at:45:50002:0:5,1,Sous-desservi
austria,1-S2-S-j26-1,de:09172:42293:95:96,at:45:50002:0:7,1,Sous-desservi
austria,1-S2-S-j26-1,de:09172:42293:95:96,at:45:50290:0:5,1,Sous-desservi
austria,1-S2-S-j26-1,de:09172:42293:95:97,at:45:50002:0:10,1,Sous-desservi
austria,1-S2-S-j26-1,de:09172:42293:95:97,at:45:50290:0:2,1,Sous-desservi
austria,1-S2-V-j26-1,at:48:130:0:1,ch:23016:20302:0:2,1,Sous-desservi
austria,1-S2-V-j26-1,at:48:817:0:2,ch:23016:20302:0:2,1,Sous-desservi
austria,1-S2-V-j26-1,at:48:817:0:3,ch:23016:20302:0:2,1,Sous-desservi
austria,1-S2-V-j26-1,at:48:817:0:5,ch:23016:20302:0:2,1,Sous-desservi
austria,1-S2-V-j26-1,at:48:817:0:6,ch:23016:20302:0:2,2,Sous-desservi
austria,1-S2-V-j26-1,ch:23016:20302:0:2,at:48:817:0:2,1,Sous-desservi
austria,1-S2-V-j26-1,ch:23016:20302:0:2,at:48:817:0:3,9,Desserte Normale
austria,1-S2-V-j26-1,ch:23016:20302:0:2,at:48:817:0:5,1,Sous-desservi
austria,1-S2-W-j26-1,at:43:4015:0:1,at:43:4202:0:9,1,Sous-desservi
austria,1-S2-W-j26-1,at:43:4015:0:1,at:43:4239:0:1,3,Sous-desservi
austria,1-S2-W-j26-1,at:43:4015:0:1,at:49:1040:0:19,6,Sous-desservi
austria,1-S2-W-j26-1,at:43:4015:0:1,at:49:769:0:3,3,Sous-desservi
austria,1-S2-W-j26-1,at:43:4015:0:4,at:43:4239:0:1,1,Sous-desservi
austria,1-S2-W-j26-1,at:43:4015:0:4,at:49:1040:0:19,10,Desserte Normale
austria,1-S2-W-j26-1,at:43:4015:0:4,at:49:769:0:3,9,Desserte Normale
austria,1-S2-W-j26-1,at:43:4025:0:4,at:43:4377:0:1,1,Sous-desservi
austria,1-S2-W-j26-1,at:43:4202:0:7,at:43:4239:0:1,10,Desserte Normale
austria,1-S2-W-j26-1,at:43:4202:0:7,at:49:1040:0:19,15,Desserte Normale
austria,1-S2-W-j26-1,at:43:4202:0:7,at:49:1040:0:20,6,Sous-desservi
austria,1-S2-W-j26-1,at:43:4202:0:7,at:49:769:0:3,11,Desserte Normale
austria,1-S2-W-j26-1,at:43:4202:0:9,at:43:4239:0:1,2,Sous-desservi
austria,1-S2-W-j26-1,at:43:4202:0:9,at:49:1040:0:19,2,Sous-desservi
austria,1-S2-W-j26-1,at:43:4202:0:9,at:49:1040:0:20,1,Sous-desservi
austria,1-S2-W-j26-1,at:43:4202:0:9,at:49:769:0:3,1,Sous-desservi
austria,1-S2-W-j26-1,at:43:4239:0:1,at:43:4015:0:1,9,Desserte Normale
austria,1-S2-W-j26-1,at:43:4239:0:1,at:43:4015:0:4,1,Sous-desservi
austria,1-S2-W-j26-1,at:43:4239:0:1,at:43:4202:0:7,20,Desserte Normale
austria,1-S2-W-j26-1,at:43:4239:0:1,at:43:4202:0:8,1,Sous-desservi
austria,1-S2-W-j26-1,at:43:4239:0:1,at:43:4202:0:9,1,Sous-desservi
austria,1-S2-W-j26-1,at:43:4239:0:1,at:43:5274:0:1,10,Desserte Normale
austria,1-S2-W-j26-1,at:43:4239:0:1,at:43:5274:0:2,1,Sous-desservi
austria,1-S2-W-j26-1,at:43:4239:0:1,at:43:5274:0:3,11,Desserte Normale
austria,1-S2-W-j26-1,at:43:4239:0:1,at:49:1349:0:10,2,Sous-desservi
austria,1-S2-W-j26-1,at:43:4239:0:1,at:49:1349:0:28,36,Desserte Normale
austria,1-S2-W-j26-1,at:43:4239:0:1,at:49:1349:0:34,1,Sous-desservi
austria,1-S2-W-j26-1,at:43:4239:0:1,at:49:1349:0:4,10,Desserte Normale
austria,1-S2-W-j26-1,at:43:4239:0:1,at:49:334:0:25,5,Sous-desservi
austria,1-S2-W-j26-1,at:43:4239:0:1,at:49:334:0:5,3,Sous-desservi
austria,1-S2-W-j26-1,at:43:4239:0:1,at:49:788:0:13,1,Sous-desservi
austria,1-S2-W-j26-1,at:43:4239:0:13,at:43:4015:0:1,1,Sous-desservi
austria,1-S2-W-j26-1,at:43:4239:0:13,at:43:4202:0:7,2,Sous-desservi
austria,1-S2-W-j26-1,at:43:4239:0:13,at:49:1040:0:21,1,Sous-desservi
austria,1-S2-W-j26-1,at:43:4239:0:13,at:49:1349:0:28,1,Sous-desservi
austria,1-S2-W-j26-1,at:43:4239:0:13,at:49:1349:0:34,3,Sous-desservi
austria,1-S2-W-j26-1,at:43:4239:0:13,at:49:334:0:25,1,Sous-desservi
austria,1-S2-W-j26-1,at:43:4239:0:13,at:49:334:0:5,2,Sous-desservi
austria,1-S2-W-j26-1,at:43:5210:0:1,at:43:4202:0:7,1,Sous-desservi
austria,1-S2-W-j26-1,at:43:5210:0:1,at:43:5274:0:3,2,Sous-desservi
austria,1-S2-W-j26-1,at:43:5210:0:1,at:49:1349:0:10,1,Sous-desservi
austria,1-S2-W-j26-1,at:43:5210:0:1,at:49:1349:0:28,1,Sous-desservi
austria,1-S2-W-j26-1,at:43:5210:0:1,at:49:1349:0:4,2,Sous-desservi
austria,1-S2-W-j26-1,at:43:5210:0:10,at:43:5274:0:2,1,Sous-desservi
austria,1-S2-W-j26-1,at:43:5210:0:10,at:49:1349:0:4,2,Sous-desservi
austria,1-S2-W-j26-1,at:43:5210:0:5,at:43:4015:0:1,1,Sous-desservi
austria,1-S2-W-j26-1,at:43:5210:0:5,at:49:1349:0:28,1,Sous-desservi
austria,1-S2-W-j26-1,at:43:5274:0:1,at:43:4239:0:1,3,Sous-desservi
austria,1-S2-W-j26-1,at:43:5274:0:1,at:43:4417:0:1,2,Sous-desservi
austria,1-S2-W-j26-1,at:43:5274:0:1,at:49:1040:0:19,6,Sous-desservi
austria,1-S2-W-j26-1,at:43:5274:0:1,at:49:1040:0:20,4,Sous-desservi
austria,1-S2-W-j26-1,at:43:5274:0:1,at:49:769:0:3,12,Desserte Normale
austria,1-S2-W-j26-1,at:43:5274:0:2,at:43:4239:0:1,1,Sous-desservi
austria,1-S2-W-j26-1,at:43:5274:0:2,at:43:4417:0:1,1,Sous-desservi
austria,1-S2-W-j26-1,at:43:5274:0:2,at:49:1040:0:20,1,Sous-desservi
austria,1-S2-W-j26-1,at:43:5274:0:3,at:43:4239:0:1,7,Desserte Normale
austria,1-S2-W-j26-1,at:43:5274:0:3,at:49:1040:0:19,3,Sous-desservi
austria,1-S2-W-j26-1,at:43:5274:0:3,at:49:1040:0:20,18,Desserte Normale
austria,1-S2-W-j26-1,at:43:5274:0:3,at:49:769:0:3,18,Desserte Normale
austria,1-S2-W-j26-1,at:49:1015:0:1,at:43:5274:0:3,1,Sous-desservi
austria,1-S2-W-j26-1,at:49:1015:0:1,at:49:1349:0:34,1,Sous-desservi
austria,1-S2-W-j26-1,at:49:1040:0:19,at:43:4239:0:1,1,Sous-desservi
austria,1-S2-W-j26-1,at:49:1040:0:20,at:43:4239:0:1,2,Sous-desservi
austria,1-S2-W-j26-1,at:49:1040:0:21,at:43:4015:0:1,5,Sous-desservi
austria,1-S2-W-j26-1,at:49:1040:0:21,at:43:4202:0:7,14,Desserte Normale
austria,1-S2-W-j26-1,at:49:1040:0:21,at:43:4202:0:9,1,Sous-desservi
austria,1-S2-W-j26-1,at:49:1040:0:21,at:43:5274:0:1,8,Desserte Normale
austria,1-S2-W-j26-1,at:49:1040:0:21,at:43:5274:0:2,1,Sous-desservi
austria,1-S2-W-j26-1,at:49:1040:0:21,at:43:5274:0:3,15,Desserte Normale
austria,1-S2-W-j26-1,at:49:1040:0:21,at:49:334:0:24,7,Desserte Normale
austria,1-S2-W-j26-1,at:49:1040:0:5,at:43:4015:0:1,4,Sous-desservi
austria,1-S2-W-j26-1,at:49:1040:0:5,at:43:4015:0:4,1,Sous-desservi
austria,1-S2-W-j26-1,at:49:1040:0:5,at:43:4202:0:7,5,Sous-desservi
austria,1-S2-W-j26-1,at:49:1040:0:5,at:43:4202:0:8,1,Sous-desservi
austria,1-S2-W-j26-1,at:49:1040:0:5,at:43:5070:0:1,1,Sous-desservi
austria,1-S2-W-j26-1,at:49:1040:0:5,at:43:5274:0:1,3,Sous-desservi
austria,1-S2-W-j26-1,at:49:1040:0:5,at:43:5274:0:3,2,Sous-desservi
austria,1-S2-W-j26-1,at:49:1040:0:5,at:49:1705:0:4,1,Sous-desservi
austria,1-S2-W-j26-1,at:49:1040:0:5,at:49:334:0:25,1,Sous-desservi
austria,1-S2-W-j26-1,at:49:1091:0:12,at:43:4015:0:1,3,Sous-desservi
austria,1-S2-W-j26-1,at:49:1091:0:12,at:43:4202:0:7,1,Sous-desservi
austria,1-S2-W-j26-1,at:49:1091:0:12,at:43:5274:0:1,1,Sous-desservi
austria,1-S2-W-j26-1,at:49:1091:0:12,at:43:5274:0:3,9,Desserte Normale
austria,1-S2-W-j26-1,at:49:1091:0:12,at:49:1040:0:21,4,Sous-desservi
austria,1-S2-W-j26-1,at:49:1091:0:12,at:49:334:0:24,3,Sous-desservi
austria,1-S2-W-j26-1,at:49:1091:0:12,at:49:334:0:5,4,Sous-desservi
austria,1-S2-W-j26-1,at:49:1349:0:12,at:43:4239:0:1,3,Sous-desservi
austria,1-S2-W-j26-1,at:49:1349:0:12,at:43:4239:0:13,4,Sous-desservi
austria,1-S2-W-j26-1,at:49:1349:0:12,at:49:1015:0:1,1,Sous-desservi
austria,1-S2-W-j26-1,at:49:1349:0:27,at:43:4239:0:1,19,Desserte Normale
austria,1-S2-W-j26-1,at:49:1349:0:27,at:43:4239:0:13,2,Sous-desservi
austria,1-S2-W-j26-1,at:49:1349:0:27,at:43:4500:0:3,1,Sous-desservi
austria,1-S2-W-j26-1,at:49:1349:0:27,at:49:788:0:8,1,Sous-desservi
austria,1-S2-W-j26-1,at:49:1349:0:29,at:43:4239:0:1,3,Sous-desservi
austria,1-S2-W-j26-1,at:49:1349:0:31,at:43:4239:0:1,22,Desserte Normale
austria,1-S2-W-j26-1,at:49:1349:0:31,at:43:4239:0:13,1,Sous-desservi
austria,1-S2-W-j26-1,at:49:1349:0:33,at:43:4239:0:1,9,Desserte Normale
austria,1-S2-W-j26-1,at:49:1705:0:2,at:43:4239:0:1,1,Sous-desservi
austria,1-S2-W-j26-1,at:49:334:0:20,at:43:4239:0:1,7,Desserte Normale
austria,1-S2-W-j26-1,at:49:334:0:20,at:43:4239:0:13,1,Sous-desservi
austria,1-S2-W-j26-1,at:49:334:0:20,at:49:1040:0:19,5,Sous-desservi
austria,1-S2-W-j26-1,at:49:334:0:20,at:49:1040:0:20,7,Desserte Normale
austria,1-S2-W-j26-1,at:49:334:0:23,at:43:4239:0:1,9,Desserte Normale
austria,1-S2-W-j26-1,at:49:334:0:23,at:49:1015:0:1,1,Sous-desservi
austria,1-S2-W-j26-1,at:49:334:0:23,at:49:1040:0:19,5,Sous-desservi
austria,1-S2-W-j26-1,at:49:334:0:23,at:49:1040:0:20,8,Desserte Normale
austria,1-S2-W-j26-1,at:49:334:0:24,at:43:4015:0:1,2,Sous-desservi
austria,1-S2-W-j26-1,at:49:334:0:24,at:43:5274:0:3,2,Sous-desservi
austria,1-S2-W-j26-1,at:49:334:0:24,at:49:1040:0:20,1,Sous-desservi
austria,1-S2-W-j26-1,at:49:334:0:25,at:43:4239:0:1,12,Desserte Normale
austria,1-S2-W-j26-1,at:49:334:0:25,at:43:4239:0:13,1,Sous-desservi
austria,1-S2-W-j26-1,at:49:334:0:25,at:49:1040:0:19,3,Sous-desservi
austria,1-S2-W-j26-1,at:49:334:0:25,at:49:1040:0:20,1,Sous-desservi
austria,1-S2-W-j26-1,at:49:769:0:3,at:43:4239:0:1,12,Desserte Normale
austria,1-S2-W-j26-1,at:49:769:0:3,at:43:4239:0:13,4,Sous-desservi
austria,1-S2-W-j26-1,at:49:769:0:3,at:49:1040:0:19,11,Desserte Normale
austria,1-S2-W-j26-1,at:49:769:0:3,at:49:1040:0:20,10,Desserte Normale
austria,1-S3-K-j26-1,at:42:3642:0:4,at:42:3844:0:1,1,Sous-desservi
austria,1-S3-K-j26-1,at:42:3642:0:5,at:42:3844:0:1,24,Desserte Normale
austria,1-S3-K-j26-1,at:42:3825:0:2,at:42:3715:0:1,1,Sous-desservi
austria,1-S3-K-j26-1,at:42:3844:0:1,at:42:3642:0:5,24,Desserte Normale
austria,1-S3-M-j26-1,at:46:1960:0:2,at:46:3040:0:12,1,Sous-desservi
austria,1-S3-M-j26-1,at:46:1960:0:2,at:46:3040:0:19,5,Sous-desservi
austria,1-S3-M-j26-1,at:46:1960:0:3,at:46:3040:0:19,14,Desserte Normale
austria,1-S3-M-j26-1,at:46:1960:0:3,at:46:3040:0:24,2,Sous-desservi
austria,1-S3-M-j26-1,at:46:1960:0:3,at:46:3040:0:5,3,Sous-desservi
austria,1-S3-M-j26-1,at:46:1960:0:4,at:46:3040:0:19,12,Desserte Normale
austria,1-S3-M-j26-1,at:46:1960:0:4,at:46:3040:0:24,1,Sous-desservi
austria,1-S3-M-j26-1,at:46:1960:0:4,at:46:3040:0:5,1,Sous-desservi
austria,1-S3-M-j26-1,at:46:3040:0:19,at:46:1960:0:2,7,Desserte Normale
austria,1-S3-M-j26-1,at:46:3040:0:19,at:46:1960:0:3,16,Desserte Normale
austria,1-S3-M-j26-1,at:46:3040:0:19,at:46:1960:0:4,7,Desserte Normale
austria,1-S3-M-j26-1,at:46:3040:0:24,at:46:1960:0:3,2,Sous-desservi
austria,1-S3-M-j26-1,at:46:3040:0:5,at:46:1960:0:2,1,Sous-desservi
austria,1-S3-M-j26-1,at:46:3040:0:5,at:46:1960:0:3,1,Sous-desservi
austria,1-S3-M-j26-1,at:46:3040:0:5,at:46:1960:0:4,5,Sous-desservi
austria,1-S3-M-j26-1,at:46:977:0:1,at:46:3040:0:5,1,Sous-desservi
austria,1-S3-O-j26-1,at:44:41060:0:2,at:44:41164:0:1,1,Sous-desservi
austria,1-S3-O-j26-1,at:44:41060:0:2,at:44:41164:0:2,1,Sous-desservi
austria,1-S3-O-j26-1,at:44:41060:0:2,at:44:41164:0:22,1,Sous-desservi
austria,1-S3-O-j26-1,at:44:41060:0:2,at:44:41164:0:3,4,Sous-desservi
austria,1-S3-O-j26-1,at:44:41164:0:1,at:44:44450:0:2,1,Sous-desservi
austria,1-S3-O-j26-1,at:44:41164:0:1,at:44:45090:0:1,5,Sous-desservi
austria,1-S3-O-j26-1,at:44:41164:0:1,at:44:45090:0:2,4,Sous-desservi
austria,1-S3-O-j26-1,at:44:41164:0:2,at:44:41060:0:2,1,Sous-desservi
austria,1-S3-O-j26-1,at:44:41164:0:2,at:44:45090:0:1,2,Sous-desservi
austria,1-S3-O-j26-1,at:44:41164:0:2,at:44:45090:0:2,5,Sous-desservi
austria,1-S3-O-j26-1,at:44:41164:0:21,at:44:45090:0:1,2,Sous-desservi
austria,1-S3-O-j26-1,at:44:41164:0:21,at:44:45090:0:2,1,Sous-desservi
austria,1-S3-O-j26-1,at:44:41164:0:22,at:44:41060:0:2,1,Sous-desservi
austria,1-S3-O-j26-1,at:44:41164:0:22,at:44:45090:0:1,2,Sous-desservi
austria,1-S3-O-j26-1,at:44:41164:0:22,at:44:45090:0:2,5,Sous-desservi
austria,1-S3-O-j26-1,at:44:41164:0:3,at:44:44361:0:1,1,Sous-desservi
austria,1-S3-O-j26-1,at:44:41164:0:3,at:44:45090:0:2,2,Sous-desservi
austria,1-S3-O-j26-1,at:44:41164:0:4,at:44:45090:0:1,2,Sous-desservi
austria,1-S3-O-j26-1,at:44:41164:0:4,at:44:45090:0:2,2,Sous-desservi
austria,1-S3-O-j26-1,at:44:41164:0:8,at:44:45090:0:2,1,Sous-desservi
austria,1-S3-O-j26-1,at:44:44361:0:1,at:44:41164:0:3,1,Sous-desservi
austria,1-S3-O-j26-1,at:44:44450:0:2,at:44:41164:0:22,1,Sous-desservi
austria,1-S3-O-j26-1,at:44:45090:0:1,at:44:41164:0:1,4,Sous-desservi
austria,1-S3-O-j26-1,at:44:45090:0:1,at:44:41164:0:2,5,Sous-desservi
austria,1-S3-O-j26-1,at:44:45090:0:1,at:44:41164:0:22,1,Sous-desservi
austria,1-S3-O-j26-1,at:44:45090:0:1,at:44:41164:0:3,1,Sous-desservi
austria,1-S3-O-j26-1,at:44:45090:0:1,at:44:41164:0:4,2,Sous-desservi
austria,1-S3-O-j26-1,at:44:45090:0:2,at:44:41164:0:1,2,Sous-desservi
austria,1-S3-O-j26-1,at:44:45090:0:2,at:44:41164:0:2,6,Sous-desservi
austria,1-S3-O-j26-1,at:44:45090:0:2,at:44:41164:0:22,6,Sous-desservi
austria,1-S3-O-j26-1,at:44:45090:0:2,at:44:41164:0:3,4,Sous-desservi
austria,1-S3-O-j26-1,at:44:45090:0:2,at:44:41164:0:4,2,Sous-desservi
austria,1-S3-S-j26-1,at:45:50002:0:12,at:45:52197:0:2,1,Sous-desservi
austria,1-S3-S-j26-1,at:45:50002:0:8,de:09172:42293:95:96,1,Sous-desservi
austria,1-S3-S-j26-1,at:45:50591:0:6,de:09172:42293:95:96,16,Desserte Normale
austria,1-S3-S-j26-1,at:45:50591:0:6,de:09172:42293:95:97,16,Desserte Normale
austria,1-S3-S-j26-1,at:45:52197:0:2,at:45:50591:0:3,1,Sous-desservi
austria,1-S3-S-j26-1,at:45:52197:0:2,de:09172:42293:1:1,1,Sous-desservi
austria,1-S3-S-j26-1,at:45:52197:0:2,de:09172:42293:2:3,2,Sous-desservi
austria,1-S3-S-j26-1,at:45:52197:0:2,de:09172:42293:95:96,5,Sous-desservi
austria,1-S3-S-j26-1,at:45:52197:0:2,de:09172:42293:95:97,1,Sous-desservi
austria,1-S3-S-j26-1,de:09172:42293:1:1,at:45:50591:0:2,4,Sous-desservi
austria,1-S3-S-j26-1,de:09172:42293:2:3,at:45:50591:0:6,2,Sous-desservi
austria,1-S3-S-j26-1,de:09172:42293:95:96,at:45:50591:0:2,1,Sous-desservi
austria,1-S3-S-j26-1,de:09172:42293:95:96,at:45:50591:0:6,15,Desserte Normale
austria,1-S3-S-j26-1,de:09172:42293:95:96,at:45:52197:0:2,5,Sous-desservi
austria,1-S3-S-j26-1,de:09172:42293:95:96,at:45:52197:0:3,1,Sous-desservi
austria,1-S3-S-j26-1,de:09172:42293:95:97,at:45:50002:0:10,1,Sous-desservi
austria,1-S3-S-j26-1,de:09172:42293:95:97,at:45:50002:0:12,1,Sous-desservi
austria,1-S3-S-j26-1,de:09172:42293:95:97,at:45:50002:0:9,1,Sous-desservi
austria,1-S3-S-j26-1,de:09172:42293:95:97,at:45:50591:0:6,17,Desserte Normale
austria,1-S3-V-j26-1,at:48:1098:0:4,at:48:452:0:11,2,Sous-desservi
austria,1-S3-V-j26-1,at:48:452:0:10,at:48:1098:0:2,1,Sous-desservi
austria,1-S3-V-j26-1,at:48:452:0:10,ch:23016:20309:90:1,3,Sous-desservi
austria,1-S3-V-j26-1,at:48:452:0:11,ch:23016:20309:90:1,14,Desserte Normale
austria,1-S3-V-j26-1,at:48:452:0:8,at:48:1098:0:2,2,Sous-desservi
austria,1-S3-V-j26-1,at:48:452:0:8,ch:23016:20309:90:1,19,Desserte Normale
austria,1-S3-V-j26-1,at:48:466:0:7,ch:23016:20309:90:1,2,Sous-desservi
austria,1-S3-V-j26-1,ch:23016:20309:90:1,at:48:452:0:10,1,Sous-desservi
austria,1-S3-V-j26-1,ch:23016:20309:90:1,at:48:452:0:11,15,Desserte Normale
austria,1-S3-V-j26-1,ch:23016:20309:90:1,at:48:452:0:7,2,Sous-desservi
austria,1-S3-V-j26-1,ch:23016:20309:90:1,at:48:452:0:8,17,Desserte Normale
austria,1-S3-V-j26-1,ch:23016:20309:90:1,at:48:466:0:7,1,Sous-desservi
austria,1-S3-W-j26-1,at:43:3780:0:2,at:43:5210:0:1,3,Sous-desservi
austria,1-S3-W-j26-1,at:43:3780:0:2,at:43:5210:0:10,5,Sous-desservi
austria,1-S3-W-j26-1,at:43:3780:0:2,at:43:5210:0:2,1,Sous-desservi
austria,1-S3-W-j26-1,at:43:3780:0:2,at:43:5210:0:3,2,Sous-desservi
austria,1-S3-W-j26-1,at:43:3780:0:2,at:43:5210:0:5,27,Desserte Normale
austria,1-S3-W-j26-1,at:43:3780:0:2,at:43:5210:0:6,1,Sous-desservi
austria,1-S3-W-j26-1,at:43:3780:0:2,at:49:1015:0:13,1,Sous-desservi
austria,1-S3-W-j26-1,at:43:3780:0:2,at:49:1040:0:19,24,Desserte Normale
austria,1-S3-W-j26-1,at:43:3780:0:2,at:49:334:0:20,1,Sous-desservi
austria,1-S3-W-j26-1,at:43:3780:0:9,at:49:1015:0:15,2,Sous-desservi
austria,1-S3-W-j26-1,at:43:3780:0:9,at:49:334:0:20,1,Sous-desservi
austria,1-S3-W-j26-1,at:43:3963:0:8,at:49:1015:0:1,17,Desserte Normale
austria,1-S3-W-j26-1,at:43:3963:0:8,at:49:334:0:20,17,Desserte Normale
austria,1-S3-W-j26-1,at:43:3963:0:9,at:49:1015:0:1,8,Desserte Normale
austria,1-S3-W-j26-1,at:43:3963:0:9,at:49:1015:0:15,1,Sous-desservi
austria,1-S3-W-j26-1,at:43:3963:0:9,at:49:334:0:20,10,Desserte Normale
austria,1-S3-W-j26-1,at:43:3963:0:9,at:49:788:0:12,1,Sous-desservi
austria,1-S3-W-j26-1,at:43:4084:0:6,at:43:3780:0:2,7,Desserte Normale
austria,1-S3-W-j26-1,at:43:4084:0:6,at:49:1349:0:34,7,Desserte Normale
austria,1-S3-W-j26-1,at:43:4239:0:1,at:43:3780:0:2,2,Sous-desservi
austria,1-S3-W-j26-1,at:43:4239:0:1,at:43:4884:0:6,1,Sous-desservi
austria,1-S3-W-j26-1,at:43:4239:0:1,at:49:1349:0:34,4,Sous-desservi
austria,1-S3-W-j26-1,at:43:4239:0:1,at:49:334:0:25,1,Sous-desservi
austria,1-S3-W-j26-1,at:43:4239:0:1,at:49:334:0:5,1,Sous-desservi
austria,1-S3-W-j26-1,at:43:4239:0:13,at:43:3780:0:2,17,Desserte Normale
austria,1-S3-W-j26-1,at:43:4239:0:13,at:43:3780:0:9,2,Sous-desservi
austria,1-S3-W-j26-1,at:43:4239:0:13,at:43:4884:0:1,2,Sous-desservi
austria,1-S3-W-j26-1,at:43:4239:0:13,at:43:4884:0:5,1,Sous-desservi
austria,1-S3-W-j26-1,at:43:4239:0:13,at:49:1349:0:34,17,Desserte Normale
austria,1-S3-W-j26-1,at:43:4239:0:13,at:49:334:0:25,1,Sous-desservi
austria,1-S3-W-j26-1,at:43:4239:0:13,at:49:591:0:4,1,Sous-desservi
austria,1-S3-W-j26-1,at:43:4884:0:1,at:43:4084:0:6,1,Sous-desservi
austria,1-S3-W-j26-1,at:43:4884:0:1,at:43:4239:0:13,2,Sous-desservi
austria,1-S3-W-j26-1,at:43:4884:0:1,at:49:1040:0:20,2,Sous-desservi
austria,1-S3-W-j26-1,at:43:4884:0:1,at:49:334:0:20,6,Sous-desservi
austria,1-S3-W-j26-1,at:43:4884:0:5,at:43:4239:0:13,3,Sous-desservi
austria,1-S3-W-j26-1,at:43:4884:0:5,at:49:1040:0:19,1,Sous-desservi
austria,1-S3-W-j26-1,at:43:4884:0:5,at:49:1040:0:20,1,Sous-desservi
austria,1-S3-W-j26-1,at:43:4884:0:5,at:49:334:0:20,2,Sous-desservi
austria,1-S3-W-j26-1,at:43:4884:0:5,at:49:788:0:12,1,Sous-desservi
austria,1-S3-W-j26-1,at:43:4884:0:6,at:43:4045:0:1,1,Sous-desservi
austria,1-S3-W-j26-1,at:43:4884:0:6,at:43:4084:0:6,2,Sous-desservi
austria,1-S3-W-j26-1,at:43:4884:0:6,at:43:4239:0:1,1,Sous-desservi
austria,1-S3-W-j26-1,at:43:4884:0:6,at:43:4239:0:13,4,Sous-desservi
austria,1-S3-W-j26-1,at:43:4884:0:6,at:43:5210:0:5,1,Sous-desservi
austria,1-S3-W-j26-1,at:43:4884:0:6,at:49:1040:0:19,3,Sous-desservi
austria,1-S3-W-j26-1,at:43:4884:0:6,at:49:1040:0:20,5,Sous-desservi
austria,1-S3-W-j26-1,at:43:4884:0:6,at:49:591:0:2,2,Sous-desservi
austria,1-S3-W-j26-1,at:43:4884:0:6,at:49:788:0:12,1,Sous-desservi
austria,1-S3-W-j26-1,at:43:4884:0:6,at:49:788:0:8,1,Sous-desservi
austria,1-S3-W-j26-1,at:43:5210:0:1,at:43:4884:0:6,1,Sous-desservi
austria,1-S3-W-j26-1,at:43:5210:0:1,at:49:1349:0:34,1,Sous-desservi
austria,1-S3-W-j26-1,at:43:5210:0:1,at:49:334:0:25,1,Sous-desservi
austria,1-S3-W-j26-1,at:43:5210:0:10,at:43:3780:0:2,2,Sous-desservi
austria,1-S3-W-j26-1,at:43:5210:0:10,at:43:3989:0:4,1,Sous-desservi
austria,1-S3-W-j26-1,at:43:5210:0:10,at:43:4884:0:1,1,Sous-desservi
austria,1-S3-W-j26-1,at:43:5210:0:10,at:43:4884:0:6,2,Sous-desservi
austria,1-S3-W-j26-1,at:43:5210:0:10,at:49:1349:0:34,4,Sous-desservi
austria,1-S3-W-j26-1,at:43:5210:0:10,at:49:334:0:25,1,Sous-desservi
austria,1-S3-W-j26-1,at:43:5210:0:10,at:49:334:0:5,2,Sous-desservi
austria,1-S3-W-j26-1,at:43:5210:0:4,at:43:4884:0:1,1,Sous-desservi
austria,1-S3-W-j26-1,at:43:5210:0:4,at:49:1349:0:34,1,Sous-desservi
austria,1-S3-W-j26-1,at:43:5210:0:4,at:49:334:0:5,1,Sous-desservi
austria,1-S3-W-j26-1,at:43:5210:0:5,at:43:4884:0:1,1,Sous-desservi
austria,1-S3-W-j26-1,at:43:5210:0:5,at:43:4884:0:5,1,Sous-desservi
austria,1-S3-W-j26-1,at:43:5210:0:5,at:43:4884:0:6,4,Sous-desservi
austria,1-S3-W-j26-1,at:43:5210:0:5,at:49:1040:0:21,1,Sous-desservi
austria,1-S3-W-j26-1,at:43:5210:0:5,at:49:1040:0:5,1,Sous-desservi
austria,1-S3-W-j26-1,at:43:5210:0:5,at:49:1349:0:34,5,Sous-desservi
austria,1-S3-W-j26-1,at:43:5210:0:5,at:49:334:0:25,1,Sous-desservi
austria,1-S3-W-j26-1,at:43:5210:0:6,at:43:4884:0:1,1,Sous-desservi
austria,1-S3-W-j26-1,at:43:5210:0:6,at:49:1349:0:34,1,Sous-desservi
austria,1-S3-W-j26-1,at:49:1015:0:1,at:43:3780:0:2,3,Sous-desservi
austria,1-S3-W-j26-1,at:49:1015:0:1,at:43:3963:0:8,15,Desserte Normale
austria,1-S3-W-j26-1,at:49:1015:0:1,at:43:4884:0:6,1,Sous-desservi
austria,1-S3-W-j26-1,at:49:1015:0:1,at:49:1349:0:34,4,Sous-desservi
austria,1-S3-W-j26-1,at:49:1015:0:1,at:49:334:0:25,1,Sous-desservi
austria,1-S3-W-j26-1,at:49:1015:0:15,at:43:3963:0:8,1,Sous-desservi
austria,1-S3-W-j26-1,at:49:1015:0:15,at:43:4884:0:1,1,Sous-desservi
austria,1-S3-W-j26-1,at:49:1015:0:15,at:43:4884:0:5,1,Sous-desservi
austria,1-S3-W-j26-1,at:49:1015:0:15,at:49:1349:0:34,1,Sous-desservi
austria,1-S3-W-j26-1,at:49:1015:0:16,at:43:3780:0:2,1,Sous-desservi
austria,1-S3-W-j26-1,at:49:1015:0:16,at:43:4884:0:1,2,Sous-desservi
austria,1-S3-W-j26-1,at:49:1015:0:16,at:49:1349:0:34,2,Sous-desservi
austria,1-S3-W-j26-1,at:49:1015:0:16,at:49:334:0:5,1,Sous-desservi
austria,1-S3-W-j26-1,at:49:1015:0:16,at:49:591:0:2,1,Sous-desservi
austria,1-S3-W-j26-1,at:49:1040:0:19,at:49:1015:0:1,1,Sous-desservi
austria,1-S3-W-j26-1,at:49:1040:0:21,at:43:3170:0:3,1,Sous-desservi
austria,1-S3-W-j26-1,at:49:1040:0:21,at:43:3709:0:1,1,Sous-desservi
austria,1-S3-W-j26-1,at:49:1040:0:21,at:43:3780:0:2,16,Desserte Normale
austria,1-S3-W-j26-1,at:49:1040:0:21,at:43:3780:0:9,1,Sous-desservi
austria,1-S3-W-j26-1,at:49:1040:0:21,at:43:4884:0:1,3,Sous-desservi
austria,1-S3-W-j26-1,at:49:1040:0:21,at:43:4884:0:5,3,Sous-desservi
austria,1-S3-W-j26-1,at:49:1040:0:21,at:43:4884:0:6,3,Sous-desservi
austria,1-S3-W-j26-1,at:49:1040:0:21,at:49:334:0:25,2,Sous-desservi
austria,1-S3-W-j26-1,at:49:1040:0:21,at:49:334:0:5,1,Sous-desservi
austria,1-S3-W-j26-1,at:49:1040:0:21,at:49:591:0:2,1,Sous-desservi
austria,1-S3-W-j26-1,at:49:1040:0:5,at:43:3780:0:2,3,Sous-desservi
austria,1-S3-W-j26-1,at:49:1040:0:5,at:43:3780:0:9,1,Sous-desservi
austria,1-S3-W-j26-1,at:49:1040:0:5,at:43:4884:0:6,6,Sous-desservi
austria,1-S3-W-j26-1,at:49:1040:0:5,at:49:591:0:2,1,Sous-desservi
austria,1-S3-W-j26-1,at:49:1040:0:5,at:49:591:0:4,2,Sous-desservi
austria,1-S3-W-j26-1,at:49:1091:0:12,at:43:3780:0:9,1,Sous-desservi
austria,1-S3-W-j26-1,at:49:1091:0:12,at:43:4884:0:6,2,Sous-desservi
austria,1-S3-W-j26-1,at:49:1091:0:12,at:49:591:0:2,1,Sous-desservi
austria,1-S3-W-j26-1,at:49:1091:0:12,at:49:591:0:4,2,Sous-desservi
austria,1-S3-W-j26-1,at:49:1349:0:12,at:43:4084:0:6,3,Sous-desservi
austria,1-S3-W-j26-1,at:49:1349:0:12,at:43:4239:0:1,1,Sous-desservi
austria,1-S3-W-j26-1,at:49:1349:0:12,at:43:4239:0:13,10,Desserte Normale
austria,1-S3-W-j26-1,at:49:1349:0:12,at:43:4801:0:4,1,Sous-desservi
austria,1-S3-W-j26-1,at:49:1349:0:12,at:43:5210:0:1,7,Desserte Normale
austria,1-S3-W-j26-1,at:49:1349:0:12,at:43:5210:0:10,7,Desserte Normale
austria,1-S3-W-j26-1,at:49:1349:0:12,at:43:5210:0:11,1,Sous-desservi
austria,1-S3-W-j26-1,at:49:1349:0:12,at:43:5210:0:2,1,Sous-desservi
austria,1-S3-W-j26-1,at:49:1349:0:12,at:43:5210:0:3,1,Sous-desservi
austria,1-S3-W-j26-1,at:49:1349:0:12,at:43:5210:0:5,21,Desserte Normale
austria,1-S3-W-j26-1,at:49:1349:0:12,at:43:5210:0:6,3,Sous-desservi
austria,1-S3-W-j26-1,at:49:1349:0:12,at:43:8763:0:4,1,Sous-desservi
austria,1-S3-W-j26-1,at:49:1349:0:12,at:49:788:0:12,1,Sous-desservi
austria,1-S3-W-j26-1,at:49:334:0:20,at:43:4239:0:1,1,Sous-desservi
austria,1-S3-W-j26-1,at:49:334:0:20,at:43:4884:0:1,1,Sous-desservi
austria,1-S3-W-j26-1,at:49:334:0:20,at:49:1015:0:1,8,Desserte Normale
austria,1-S3-W-j26-1,at:49:334:0:20,at:49:1015:0:13,2,Sous-desservi
austria,1-S3-W-j26-1,at:49:334:0:20,at:49:1015:0:15,1,Sous-desservi
austria,1-S3-W-j26-1,at:49:334:0:20,at:49:1040:0:20,2,Sous-desservi
austria,1-S3-W-j26-1,at:49:334:0:20,at:49:788:0:8,1,Sous-desservi
austria,1-S3-W-j26-1,at:49:334:0:23,at:43:4239:0:1,2,Sous-desservi
austria,1-S3-W-j26-1,at:49:334:0:23,at:43:4239:0:13,2,Sous-desservi
austria,1-S3-W-j26-1,at:49:334:0:23,at:43:5210:0:1,2,Sous-desservi
austria,1-S3-W-j26-1,at:49:334:0:23,at:43:5210:0:10,1,Sous-desservi
austria,1-S3-W-j26-1,at:49:334:0:23,at:43:5210:0:5,2,Sous-desservi
austria,1-S3-W-j26-1,at:49:334:0:23,at:49:1040:0:19,1,Sous-desservi
austria,1-S3-W-j26-1,at:49:334:0:23,at:49:1040:0:20,1,Sous-desservi
austria,1-S3-W-j26-1,at:49:334:0:25,at:43:4239:0:1,2,Sous-desservi
austria,1-S3-W-j26-1,at:49:334:0:25,at:49:1040:0:19,1,Sous-desservi
austria,1-S3-W-j26-1,at:49:334:0:5,at:43:3780:0:2,2,Sous-desservi
austria,1-S3-W-j26-1,at:49:334:0:5,at:43:3963:0:1,1,Sous-desservi
austria,1-S3-W-j26-1,at:49:334:0:5,at:43:3963:0:8,17,Desserte Normale
austria,1-S3-W-j26-1,at:49:334:0:5,at:43:4884:0:1,1,Sous-desservi
austria,1-S3-W-j26-1,at:49:334:0:5,at:49:591:0:2,1,Sous-desservi
austria,1-S3-W-j26-1,at:49:591:0:2,at:49:1040:0:20,5,Sous-desservi
austria,1-S3-W-j26-1,at:49:591:0:2,at:49:334:0:20,2,Sous-desservi
austria,1-S3-W-j26-1,at:49:591:0:2,at:49:788:0:12,2,Sous-desservi
austria,1-S3-W-j26-1,at:49:591:0:4,at:49:1040:0:20,1,Sous-desservi
austria,1-S3-W-j26-1,at:49:769:0:3,at:43:4239:0:1,2,Sous-desservi
austria,1-S3-W-j26-1,at:49:769:0:3,at:43:5210:0:1,2,Sous-desservi
austria,1-S3-W-j26-1,at:49:769:0:3,at:43:5210:0:10,1,Sous-desservi
austria,1-S3-W-j26-1,at:49:769:0:3,at:43:5210:0:11,1,Sous-desservi
austria,1-S3-W-j26-1,at:49:769:0:3,at:43:5210:0:6,2,Sous-desservi
austria,1-S3-W-j26-1,at:49:769:0:3,at:43:8763:0:4,1,Sous-desservi
austria,1-S3-W-j26-1,at:49:788:0:12,at:43:3780:0:2,3,Sous-desservi
austria,1-S3-W-j26-1,at:49:788:0:12,at:43:4884:0:6,1,Sous-desservi
austria,1-S3-W-j26-1,at:49:788:0:12,at:49:1349:0:34,4,Sous-desservi
austria,1-S3-W-j26-1,at:49:788:0:13,at:43:3963:0:8,1,Sous-desservi
austria,1-S3-W-j26-1,at:49:788:0:13,at:43:4884:0:1,2,Sous-desservi
austria,1-S3-W-j26-1,at:49:788:0:13,at:49:1349:0:34,3,Sous-desservi
austria,1-S3-W-j26-1,at:49:788:0:13,at:49:334:0:5,2,Sous-desservi
austria,1-S4-K-j26-1,at:42:3633:0:5,at:42:3642:0:5,1,Sous-desservi
austria,1-S4-K-j26-1,at:42:3633:0:5,at:42:3907:0:2,12,Desserte Normale
austria,1-S4-K-j26-1,at:42:3642:0:2,at:42:3654:0:5,1,Sous-desservi
austria,1-S4-K-j26-1,at:42:3642:0:2,at:42:3907:0:2,5,Sous-desservi
austria,1-S4-K-j26-1,at:42:3642:0:3,at:42:3907:0:2,1,Sous-desservi
austria,1-S4-K-j26-1,at:42:3642:0:5,at:42:3654:0:33,1,Sous-desservi
austria,1-S4-K-j26-1,at:42:3642:0:6,at:42:3907:0:2,2,Sous-desservi
austria,1-S4-K-j26-1,at:42:3642:0:7,at:42:3654:0:2,1,Sous-desservi
austria,1-S4-K-j26-1,at:42:3654:0:1,at:42:3907:0:1,1,Sous-desservi
austria,1-S4-K-j26-1,at:42:3654:0:1,at:42:3907:0:2,1,Sous-desservi
austria,1-S4-K-j26-1,at:42:3654:0:2,at:42:3907:0:2,1,Sous-desservi
austria,1-S4-K-j26-1,at:42:3654:0:33,at:42:3633:0:5,1,Sous-desservi
austria,1-S4-K-j26-1,at:42:3654:0:33,at:42:3642:0:2,1,Sous-desservi
austria,1-S4-K-j26-1,at:42:3654:0:33,at:42:3642:0:5,1,Sous-desservi
austria,1-S4-K-j26-1,at:42:3654:0:33,at:42:3907:0:2,1,Sous-desservi
austria,1-S4-K-j26-1,at:42:3654:0:34,at:42:3907:0:2,3,Sous-desservi
austria,1-S4-K-j26-1,at:42:3654:0:5,at:42:3633:0:5,1,Sous-desservi
austria,1-S4-K-j26-1,at:42:3654:0:5,at:42:3642:0:2,1,Sous-desservi
austria,1-S4-K-j26-1,at:42:3654:0:5,at:42:3907:0:2,2,Sous-desservi
austria,1-S4-K-j26-1,at:42:3654:0:6,at:42:3907:0:2,5,Sous-desservi
austria,1-S4-K-j26-1,at:42:3654:0:7,at:42:3662:0:1,1,Sous-desservi
austria,1-S4-K-j26-1,at:42:3654:0:7,at:42:3907:0:2,6,Sous-desservi
austria,1-S4-K-j26-1,at:42:3654:0:8,at:42:3633:0:5,1,Sous-desservi
austria,1-S4-K-j26-1,at:42:3662:0:1,at:42:3654:0:6,1,Sous-desservi
austria,1-S4-K-j26-1,at:42:3662:0:1,at:42:3654:0:8,1,Sous-desservi
austria,1-S4-K-j26-1,at:42:3826:0:1,at:42:3907:0:2,1,Sous-desservi
austria,1-S4-K-j26-1,at:42:3907:0:2,at:42:3633:0:5,11,Desserte Normale
austria,1-S4-K-j26-1,at:42:3907:0:2,at:42:3642:0:2,3,Sous-desservi
austria,1-S4-K-j26-1,at:42:3907:0:2,at:42:3642:0:5,1,Sous-desservi
austria,1-S4-K-j26-1,at:42:3907:0:2,at:42:3642:0:6,3,Sous-desservi
austria,1-S4-K-j26-1,at:42:3907:0:2,at:42:3654:0:1,4,Sous-desservi
austria,1-S4-K-j26-1,at:42:3907:0:2,at:42:3654:0:34,2,Sous-desservi
austria,1-S4-K-j26-1,at:42:3907:0:2,at:42:3654:0:6,9,Desserte Normale
austria,1-S4-K-j26-1,at:42:3907:0:2,at:42:3654:0:7,1,Sous-desservi
austria,1-S4-K-j26-1,at:42:3907:0:2,at:42:3654:0:8,3,Sous-desservi
austria,1-S4-O-j26-1,at:44:41164:0:1,at:44:43500:0:2,1,Sous-desservi
austria,1-S4-O-j26-1,at:44:41164:0:1,at:44:43540:0:1,1,Sous-desservi
austria,1-S4-O-j26-1,at:44:41164:0:11,at:44:43500:0:3,3,Sous-desservi
austria,1-S4-O-j26-1,at:44:41164:0:12,at:44:41740:0:1,1,Sous-desservi
austria,1-S4-O-j26-1,at:44:41164:0:12,at:44:43500:0:3,2,Sous-desservi
austria,1-S4-O-j26-1,at:44:41164:0:2,at:44:43500:0:2,1,Sous-desservi
austria,1-S4-O-j26-1,at:44:41164:0:2,at:44:43500:0:3,4,Sous-desservi
austria,1-S4-O-j26-1,at:44:41164:0:2,at:44:43540:0:1,2,Sous-desservi
austria,1-S4-O-j26-1,at:44:41164:0:3,at:44:43500:0:2,2,Sous-desservi
austria,1-S4-O-j26-1,at:44:41164:0:3,at:44:43500:0:3,9,Desserte Normale
austria,1-S4-O-j26-1,at:44:41164:0:3,at:44:43510:0:1,4,Sous-desservi
austria,1-S4-O-j26-1,at:44:41164:0:3,at:44:43510:0:2,1,Sous-desservi
austria,1-S4-O-j26-1,at:44:41164:0:3,at:44:43540:0:1,3,Sous-desservi
austria,1-S4-O-j26-1,at:44:41164:0:4,at:44:43500:0:3,8,Desserte Normale
austria,1-S4-O-j26-1,at:44:41164:0:4,at:44:43510:0:1,1,Sous-desservi
austria,1-S4-O-j26-1,at:44:41164:0:4,at:44:43540:0:1,1,Sous-desservi
austria,1-S4-O-j26-1,at:44:41740:0:1,at:44:41164:0:4,1,Sous-desservi
austria,1-S4-O-j26-1,at:44:43500:0:3,at:44:41060:0:2,1,Sous-desservi
austria,1-S4-O-j26-1,at:44:43500:0:3,at:44:41164:0:1,1,Sous-desservi
austria,1-S4-O-j26-1,at:44:43500:0:3,at:44:41164:0:10,2,Sous-desservi
austria,1-S4-O-j26-1,at:44:43500:0:3,at:44:41164:0:11,7,Desserte Normale
austria,1-S4-O-j26-1,at:44:43500:0:3,at:44:41164:0:12,4,Sous-desservi
austria,1-S4-O-j26-1,at:44:43500:0:3,at:44:41164:0:2,3,Sous-desservi
austria,1-S4-O-j26-1,at:44:43500:0:3,at:44:41164:0:3,11,Desserte Normale
austria,1-S4-O-j26-1,at:44:43500:0:3,at:44:41164:0:4,9,Desserte Normale
austria,1-S4-O-j26-1,at:44:43500:0:3,at:44:41164:0:9,2,Sous-desservi
austria,1-S4-O-j26-1,at:44:43510:0:1,at:44:41164:0:2,3,Sous-desservi
austria,1-S4-O-j26-1,at:44:43510:0:1,at:44:41164:0:3,3,Sous-desservi
austria,1-S4-O-j26-1,at:44:43510:0:1,at:44:41164:0:4,2,Sous-desservi
austria,1-S4-O-j26-1,at:44:43540:0:2,at:44:41164:0:2,3,Sous-desservi
austria,1-S4-O-j26-1,at:44:43540:0:2,at:44:41164:0:3,1,Sous-desservi
austria,1-S4-O-j26-1,at:44:43540:0:2,at:44:41164:0:4,2,Sous-desservi
austria,1-S4-T-j26-1,at:47:1187:0:1,at:47:1212:0:1,1,Sous-desservi
austria,1-S4-T-j26-1,at:47:1187:0:1,at:47:1212:0:7,4,Sous-desservi
austria,1-S4-T-j26-1,at:47:1187:0:21,at:47:1204:0:3,1,Sous-desservi
austria,1-S4-T-j26-1,at:47:1198:0:4,at:47:1187:0:21,1,Sous-desservi
austria,1-S4-T-j26-1,at:47:1198:0:4,at:47:1187:0:26,1,Sous-desservi
austria,1-S4-T-j26-1,at:47:1198:0:4,at:47:1187:0:39,1,Sous-desservi
austria,1-S4-T-j26-1,at:47:1198:0:4,at:47:1187:0:5,35,Desserte Normale
austria,1-S4-T-j26-1,at:47:1198:0:4,at:47:1187:0:8,3,Sous-desservi
austria,1-S4-T-j26-1,at:47:1198:0:4,at:47:61321:0:1,42,Desserte Normale
austria,1-S4-T-j26-1,at:47:1198:0:5,at:47:1187:0:5,1,Sous-desservi
austria,1-S4-T-j26-1,at:47:1198:0:5,at:47:61321:0:1,1,Sous-desservi
austria,1-S4-T-j26-1,at:47:1212:0:7,at:47:1187:0:1,1,Sous-desservi
austria,1-S4-T-j26-1,at:47:1212:0:7,at:47:1187:0:21,1,Sous-desservi
austria,1-S4-T-j26-1,at:47:1212:0:7,at:47:1187:0:5,4,Sous-desservi
austria,1-S4-T-j26-1,at:47:1212:0:7,at:47:1187:0:8,1,Sous-desservi
austria,1-S4-T-j26-1,at:47:1212:0:7,at:47:61321:0:1,9,Desserte Normale
austria,1-S4-T-j26-1,at:47:61321:0:1,at:47:1198:0:3,3,Sous-desservi
austria,1-S4-T-j26-1,at:47:61321:0:1,at:47:1198:0:4,38,Desserte Normale
austria,1-S4-T-j26-1,at:47:61321:0:1,at:47:1204:0:3,1,Sous-desservi
austria,1-S4-W-j26-1,at:43:3004:0:1,at:43:4239:0:13,1,Sous-desservi
austria,1-S4-W-j26-1,at:43:3004:0:1,at:43:5210:0:10,1,Sous-desservi
austria,1-S4-W-j26-1,at:43:3004:0:1,at:49:1040:0:20,1,Sous-desservi
austria,1-S4-W-j26-1,at:43:3004:0:3,at:43:4084:0:6,4,Sous-desservi
austria,1-S4-W-j26-1,at:43:3004:0:3,at:43:4239:0:1,1,Sous-desservi
austria,1-S4-W-j26-1,at:43:3004:0:3,at:43:4239:0:13,9,Desserte Normale
austria,1-S4-W-j26-1,at:43:3004:0:3,at:43:4884:0:5,2,Sous-desservi
austria,1-S4-W-j26-1,at:43:3004:0:3,at:43:5210:0:1,1,Sous-desservi
austria,1-S4-W-j26-1,at:43:3004:0:3,at:43:5210:0:10,1,Sous-desservi
austria,1-S4-W-j26-1,at:43:3004:0:3,at:43:5210:0:5,2,Sous-desservi
austria,1-S4-W-j26-1,at:43:3004:0:3,at:49:1040:0:19,4,Sous-desservi
austria,1-S4-W-j26-1,at:43:3004:0:3,at:49:1040:0:20,7,Desserte Normale
austria,1-S4-W-j26-1,at:43:3709:0:1,at:43:5210:0:5,1,Sous-desservi
austria,1-S4-W-j26-1,at:43:3709:0:1,at:49:1040:0:19,1,Sous-desservi
austria,1-S4-W-j26-1,at:43:3963:0:9,at:49:1015:0:1,1,Sous-desservi
austria,1-S4-W-j26-1,at:43:4884:0:1,at:43:3004:0:3,4,Sous-desservi
austria,1-S4-W-j26-1,at:43:4884:0:1,at:43:5759:0:2,2,Sous-desservi
austria,1-S4-W-j26-1,at:43:4884:0:4,at:43:5759:0:2,6,Sous-desservi
austria,1-S4-W-j26-1,at:43:4884:0:5,at:43:3004:0:3,2,Sous-desservi
austria,1-S4-W-j26-1,at:43:4884:0:6,at:43:5210:0:6,1,Sous-desservi
austria,1-S4-W-j26-1,at:43:4884:0:6,at:43:5759:0:2,2,Sous-desservi
austria,1-S4-W-j26-1,at:43:4884:0:6,at:49:1040:0:19,1,Sous-desservi
austria,1-S4-W-j26-1,at:43:5210:0:10,at:43:3004:0:1,1,Sous-desservi
austria,1-S4-W-j26-1,at:43:5210:0:10,at:43:3004:0:3,2,Sous-desservi
austria,1-S4-W-j26-1,at:43:5210:0:10,at:49:1349:0:34,1,Sous-desservi
austria,1-S4-W-j26-1,at:43:5210:0:5,at:43:3004:0:1,2,Sous-desservi
austria,1-S4-W-j26-1,at:43:5210:0:5,at:43:3004:0:3,13,Desserte Normale
austria,1-S4-W-j26-1,at:43:5210:0:5,at:43:3709:0:1,1,Sous-desservi
austria,1-S4-W-j26-1,at:43:5210:0:5,at:43:4884:0:1,1,Sous-desservi
austria,1-S4-W-j26-1,at:43:5210:0:5,at:49:1349:0:34,12,Desserte Normale
austria,1-S4-W-j26-1,at:43:5210:0:6,at:43:3004:0:1,1,Sous-desservi
austria,1-S4-W-j26-1,at:43:5210:0:6,at:49:1349:0:34,1,Sous-desservi
austria,1-S4-W-j26-1,at:43:5759:0:2,at:43:4884:0:1,6,Sous-desservi
austria,1-S4-W-j26-1,at:43:5759:0:2,at:43:4884:0:4,4,Sous-desservi
austria,1-S4-W-j26-1,at:43:5759:0:2,at:43:4884:0:5,3,Sous-desservi
austria,1-S4-W-j26-1,at:43:5759:0:2,at:43:4884:0:6,3,Sous-desservi
austria,1-S4-W-j26-1,at:49:1015:0:1,at:43:3004:0:3,1,Sous-desservi
austria,1-S4-W-j26-1,at:49:1015:0:1,at:43:3709:0:1,1,Sous-desservi
austria,1-S4-W-j26-1,at:49:1015:0:1,at:49:1349:0:34,2,Sous-desservi
austria,1-S4-W-j26-1,at:49:1040:0:21,at:43:3004:0:3,3,Sous-desservi
austria,1-S4-W-j26-1,at:49:1040:0:21,at:43:3709:0:1,1,Sous-desservi
austria,1-S4-W-j26-1,at:49:1040:0:21,at:43:4884:0:1,1,Sous-desservi
austria,1-S4-W-j26-1,at:49:1040:0:5,at:43:3004:0:1,2,Sous-desservi
austria,1-S4-W-j26-1,at:49:1040:0:5,at:43:3004:0:3,9,Desserte Normale
austria,1-S4-W-j26-1,at:49:1349:0:12,at:43:4084:0:6,4,Sous-desservi
austria,1-S4-W-j26-1,at:49:1349:0:12,at:43:4239:0:1,1,Sous-desservi
austria,1-S4-W-j26-1,at:49:1349:0:12,at:43:4239:0:13,10,Desserte Normale
austria,1-S4-W-j26-1,at:49:1349:0:12,at:43:5210:0:1,1,Sous-desservi
austria,1-S4-W-j26-1,at:49:1349:0:12,at:43:5210:0:10,2,Sous-desservi
austria,1-S4-W-j26-1,at:49:1349:0:12,at:43:5210:0:5,3,Sous-desservi
austria,1-S4-W-j26-1,at:49:1349:0:12,at:43:5210:0:6,1,Sous-desservi
austria,1-S4-W-j26-1,at:49:334:0:5,at:43:5759:0:2,2,Sous-desservi
austria,1-S4-W-j26-1,at:49:788:0:12,at:43:3004:0:3,1,Sous-desservi
austria,1-S4-W-j26-1,at:49:788:0:12,at:49:1349:0:34,1,Sous-desservi
austria,1-S40-W-j26-1,at:43:4848:0:14,at:49:345:0:12,13,Desserte Normale
austria,1-S40-W-j26-1,at:43:4848:0:14,at:49:345:0:13,1,Sous-desservi
austria,1-S40-W-j26-1,at:43:4848:0:14,at:49:345:0:14,2,Sous-desservi
austria,1-S40-W-j26-1,at:43:4848:0:14,at:49:345:0:15,3,Sous-desservi
austria,1-S40-W-j26-1,at:43:4848:0:14,at:49:345:0:5,1,Sous-desservi
austria,1-S40-W-j26-1,at:43:4848:0:14,at:49:491:0:15,12,Desserte Normale
austria,1-S40-W-j26-1,at:43:4848:0:14,at:49:491:0:2,4,Sous-desservi
austria,1-S40-W-j26-1,at:43:4848:0:15,at:49:345:0:12,7,Desserte Normale
austria,1-S40-W-j26-1,at:43:4848:0:15,at:49:345:0:14,2,Sous-desservi
austria,1-S40-W-j26-1,at:43:4848:0:15,at:49:345:0:15,3,Sous-desservi
austria,1-S40-W-j26-1,at:43:4848:0:15,at:49:491:0:15,8,Desserte Normale
austria,1-S40-W-j26-1,at:43:4848:0:15,at:49:491:0:2,1,Sous-desservi
austria,1-S40-W-j26-1,at:43:4848:0:16,at:49:345:0:12,1,Sous-desservi
austria,1-S40-W-j26-1,at:43:4848:0:16,at:49:345:0:5,1,Sous-desservi
austria,1-S40-W-j26-1,at:43:4848:0:16,at:49:491:0:15,1,Sous-desservi
austria,1-S40-W-j26-1,at:43:4848:0:16,at:49:491:0:4,1,Sous-desservi
austria,1-S40-W-j26-1,at:43:4848:0:8,at:49:345:0:12,6,Sous-desservi
austria,1-S40-W-j26-1,at:43:4848:0:8,at:49:345:0:14,1,Sous-desservi
austria,1-S40-W-j26-1,at:43:4848:0:8,at:49:491:0:15,3,Sous-desservi
austria,1-S40-W-j26-1,at:43:4848:0:8,at:49:491:0:2,3,Sous-desservi
austria,1-S40-W-j26-1,at:43:5034:0:1,at:43:4848:0:14,2,Sous-desservi
austria,1-S40-W-j26-1,at:43:5034:0:1,at:43:4848:0:15,1,Sous-desservi
austria,1-S40-W-j26-1,at:43:5034:0:1,at:43:4848:0:8,1,Sous-desservi
austria,1-S40-W-j26-1,at:43:5034:0:1,at:43:5759:0:2,1,Sous-desservi
austria,1-S40-W-j26-1,at:43:5034:0:1,at:49:345:0:12,1,Sous-desservi
austria,1-S40-W-j26-1,at:43:5034:0:1,at:49:345:0:13,1,Sous-desservi
austria,1-S40-W-j26-1,at:43:5034:0:1,at:49:345:0:14,1,Sous-desservi
austria,1-S40-W-j26-1,at:43:5034:0:1,at:49:491:0:15,3,Sous-desservi
austria,1-S40-W-j26-1,at:43:5034:0:4,at:49:345:0:12,1,Sous-desservi
austria,1-S40-W-j26-1,at:43:5034:0:4,at:49:345:0:13,1,Sous-desservi
austria,1-S40-W-j26-1,at:43:5034:0:4,at:49:491:0:15,1,Sous-desservi
austria,1-S40-W-j26-1,at:43:5034:0:7,at:43:5759:0:6,1,Sous-desservi
austria,1-S40-W-j26-1,at:43:5034:0:7,at:49:345:0:12,2,Sous-desservi
austria,1-S40-W-j26-1,at:43:5034:0:7,at:49:345:0:14,1,Sous-desservi
austria,1-S40-W-j26-1,at:43:5034:0:7,at:49:491:0:15,1,Sous-desservi
austria,1-S40-W-j26-1,at:43:5034:0:7,at:49:491:0:4,1,Sous-desservi
austria,1-S40-W-j26-1,at:43:5057:0:2,at:43:5034:0:1,3,Sous-desservi
austria,1-S40-W-j26-1,at:43:5057:0:2,at:43:5034:0:4,2,Sous-desservi
austria,1-S40-W-j26-1,at:43:5057:0:2,at:43:5034:0:7,3,Sous-desservi
austria,1-S40-W-j26-1,at:43:5057:0:2,at:49:345:0:12,14,Desserte Normale
austria,1-S40-W-j26-1,at:43:5057:0:2,at:49:345:0:13,1,Sous-desservi
austria,1-S40-W-j26-1,at:43:5057:0:2,at:49:345:0:15,3,Sous-desservi
austria,1-S40-W-j26-1,at:43:5057:0:2,at:49:345:0:5,3,Sous-desservi
austria,1-S40-W-j26-1,at:43:5057:0:2,at:49:491:0:15,18,Desserte Normale
austria,1-S40-W-j26-1,at:43:5057:0:2,at:49:491:0:2,1,Sous-desservi
austria,1-S40-W-j26-1,at:43:5759:0:2,at:43:5034:0:1,1,Sous-desservi
austria,1-S40-W-j26-1,at:43:5759:0:6,at:43:5034:0:1,2,Sous-desservi
austria,1-S40-W-j26-1,at:43:5759:0:6,at:43:5034:0:7,2,Sous-desservi
austria,1-S40-W-j26-1,at:43:5759:0:6,at:49:345:0:12,2,Sous-desservi
austria,1-S40-W-j26-1,at:43:5759:0:6,at:49:345:0:15,1,Sous-desservi
austria,1-S40-W-j26-1,at:43:5759:0:6,at:49:345:0:5,1,Sous-desservi
austria,1-S40-W-j26-1,at:43:5759:0:6,at:49:491:0:15,4,Sous-desservi
austria,1-S40-W-j26-1,at:49:345:0:12,at:43:4848:0:11,1,Sous-desservi
austria,1-S40-W-j26-1,at:49:345:0:12,at:43:4848:0:14,13,Desserte Normale
austria,1-S40-W-j26-1,at:49:345:0:12,at:43:4848:0:15,8,Desserte Normale
austria,1-S40-W-j26-1,at:49:345:0:12,at:43:4848:0:8,6,Sous-desservi
austria,1-S40-W-j26-1,at:49:345:0:12,at:43:5057:0:1,1,Sous-desservi
austria,1-S40-W-j26-1,at:49:345:0:12,at:43:5057:0:2,24,Desserte Normale
austria,1-S40-W-j26-1,at:49:345:0:12,at:43:5759:0:6,1,Sous-desservi
austria,1-S40-W-j26-1,at:49:345:0:13,at:43:4848:0:15,1,Sous-desservi
austria,1-S40-W-j26-1,at:49:345:0:13,at:43:4848:0:8,1,Sous-desservi
austria,1-S40-W-j26-1,at:49:345:0:5,at:43:4848:0:15,1,Sous-desservi
austria,1-S40-W-j26-1,at:49:345:0:5,at:43:5057:0:2,1,Sous-desservi
austria,1-S40-W-j26-1,at:49:345:0:5,at:43:5759:0:2,1,Sous-desservi
austria,1-S40-W-j26-1,at:49:345:0:5,at:43:5759:0:6,1,Sous-desservi
austria,1-S40-W-j26-1,at:49:491:0:15,at:43:4848:0:11,1,Sous-desservi
austria,1-S40-W-j26-1,at:49:491:0:15,at:43:4848:0:14,9,Desserte Normale
austria,1-S40-W-j26-1,at:49:491:0:15,at:43:4848:0:15,6,Sous-desservi
austria,1-S40-W-j26-1,at:49:491:0:15,at:43:4848:0:8,4,Sous-desservi
austria,1-S40-W-j26-1,at:49:491:0:15,at:43:5057:0:2,19,Desserte Normale
austria,1-S40-W-j26-1,at:49:491:0:15,at:43:5759:0:2,1,Sous-desservi
austria,1-S40-W-j26-1,at:49:491:0:15,at:43:5759:0:6,1,Sous-desservi
austria,1-S40-W-j26-1,at:49:491:0:2,at:43:5057:0:1,1,Sous-desservi
austria,1-S40-W-j26-1,at:49:491:0:2,at:43:5057:0:2,2,Sous-desservi
austria,1-S40-W-j26-1,at:49:491:0:2,at:43:5759:0:6,1,Sous-desservi
austria,1-S40-W-j26-1,at:49:491:0:4,at:43:4848:0:14,6,Sous-desservi
austria,1-S40-W-j26-1,at:49:491:0:4,at:43:4848:0:15,5,Sous-desservi
austria,1-S40-W-j26-1,at:49:491:0:4,at:43:4848:0:8,3,Sous-desservi
austria,1-S40-W-j26-1,at:49:491:0:4,at:43:5057:0:2,7,Desserte Normale
austria,1-S40-W-j26-1,at:49:491:0:4,at:43:5759:0:6,2,Sous-desservi
austria,1-S45-W-j26-1,at:49:1705:0:8,at:49:560:0:12,6,Sous-desservi
austria,1-S45-W-j26-1,at:49:1705:0:8,at:49:560:0:13,269,Bien desservi
austria,1-S45-W-j26-1,at:49:491:0:10,at:49:560:0:13,2,Sous-desservi
austria,1-S45-W-j26-1,at:49:491:0:15,at:49:560:0:13,2,Sous-desservi
austria,1-S45-W-j26-1,at:49:560:0:13,at:49:1003:0:3,1,Sous-desservi
austria,1-S45-W-j26-1,at:49:560:0:13,at:49:1705:0:5,200,Bien desservi
austria,1-S45-W-j26-1,at:49:560:0:13,at:49:1705:0:8,68,Bien desservi
austria,1-S45-W-j26-1,at:49:560:0:13,at:49:491:0:10,4,Sous-desservi
austria,1-S5-K-j26-1,at:42:2143:0:2,at:42:3654:0:1,1,Sous-desservi
austria,1-S5-K-j26-1,at:42:2143:0:2,at:42:3654:0:2,5,Sous-desservi
austria,1-S5-K-j26-1,at:42:2143:0:2,at:42:3654:0:3,2,Sous-desservi
austria,1-S5-K-j26-1,at:42:2143:0:2,at:42:3654:0:33,6,Sous-desservi
austria,1-S5-K-j26-1,at:42:2143:0:2,at:42:3654:0:34,2,Sous-desservi
austria,1-S5-K-j26-1,at:42:2143:0:2,at:42:3654:0:5,3,Sous-desservi
austria,1-S5-K-j26-1,at:42:2143:0:2,at:42:3654:0:6,6,Sous-desservi
austria,1-S5-K-j26-1,at:42:2143:0:2,at:42:3654:0:8,2,Sous-desservi
austria,1-S5-K-j26-1,at:42:2149:0:1,at:42:3654:0:1,3,Sous-desservi
austria,1-S5-K-j26-1,at:42:3654:0:1,at:42:2143:0:2,1,Sous-desservi
austria,1-S5-K-j26-1,at:42:3654:0:2,at:42:2143:0:2,7,Desserte Normale
austria,1-S5-K-j26-1,at:42:3654:0:3,at:42:2143:0:2,2,Sous-desservi
austria,1-S5-K-j26-1,at:42:3654:0:33,at:42:2143:0:2,6,Sous-desservi
austria,1-S5-K-j26-1,at:42:3654:0:33,at:42:2149:0:1,1,Sous-desservi
austria,1-S5-K-j26-1,at:42:3654:0:34,at:42:2143:0:2,1,Sous-desservi
austria,1-S5-K-j26-1,at:42:3654:0:34,at:42:2149:0:1,1,Sous-desservi
austria,1-S5-K-j26-1,at:42:3654:0:5,at:42:2143:0:2,1,Sous-desservi
austria,1-S5-K-j26-1,at:42:3654:0:6,at:42:2143:0:2,8,Desserte Normale
austria,1-S5-K-j26-1,at:42:3654:0:6,at:42:2149:0:1,2,Sous-desservi
austria,1-S5-M-j26-1,at:46:2065:0:5,at:46:1827:0:4,1,Sous-desservi
austria,1-S50-W-j26-1,at:43:3347:0:1,at:49:1468:0:1,1,Sous-desservi
austria,1-S50-W-j26-1,at:43:3347:0:1,at:49:1468:0:2,1,Sous-desservi
austria,1-S50-W-j26-1,at:43:3347:0:1,at:49:1468:0:24,1,Sous-desservi
austria,1-S50-W-j26-1,at:43:3347:0:1,at:49:1468:0:25,34,Desserte Normale
austria,1-S50-W-j26-1,at:43:3347:0:1,at:49:1468:0:28,2,Sous-desservi
austria,1-S50-W-j26-1,at:43:3347:0:1,at:49:1468:0:29,5,Sous-desservi
austria,1-S50-W-j26-1,at:43:4337:0:1,at:49:1468:0:25,1,Sous-desservi
austria,1-S50-W-j26-1,at:43:4337:0:1,at:49:1468:0:29,1,Sous-desservi
austria,1-S50-W-j26-1,at:43:4337:0:2,at:49:1468:0:1,1,Sous-desservi
austria,1-S50-W-j26-1,at:43:4337:0:2,at:49:1468:0:25,2,Sous-desservi
austria,1-S50-W-j26-1,at:43:4337:0:3,at:49:1468:0:25,1,Sous-desservi
austria,1-S50-W-j26-1,at:43:4337:0:3,at:49:1468:0:29,1,Sous-desservi
austria,1-S50-W-j26-1,at:43:4574:0:2,at:43:3347:0:3,1,Sous-desservi
austria,1-S50-W-j26-1,at:43:4605:0:3,at:49:1468:0:1,1,Sous-desservi
austria,1-S50-W-j26-1,at:43:4605:0:3,at:49:1468:0:25,28,Desserte Normale
austria,1-S50-W-j26-1,at:43:4605:0:3,at:49:1468:0:28,1,Sous-desservi
austria,1-S50-W-j26-1,at:43:5068:0:6,at:49:1468:0:25,12,Desserte Normale
austria,1-S50-W-j26-1,at:43:5068:0:6,at:49:1468:0:29,1,Sous-desservi
austria,1-S50-W-j26-1,at:49:1468:0:25,at:43:3347:0:3,36,Desserte Normale
austria,1-S50-W-j26-1,at:49:1468:0:25,at:43:4337:0:1,4,Sous-desservi
austria,1-S50-W-j26-1,at:49:1468:0:25,at:43:4337:0:2,2,Sous-desservi
austria,1-S50-W-j26-1,at:49:1468:0:25,at:43:4337:0:3,2,Sous-desservi
austria,1-S50-W-j26-1,at:49:1468:0:25,at:43:4605:0:4,30,Desserte Normale
austria,1-S50-W-j26-1,at:49:1468:0:25,at:43:4651:0:1,1,Sous-desservi
austria,1-S50-W-j26-1,at:49:1468:0:25,at:43:5068:0:4,1,Sous-desservi
austria,1-S50-W-j26-1,at:49:1468:0:25,at:43:5068:0:6,13,Desserte Normale
austria,1-S50-W-j26-1,at:49:1468:0:25,at:49:1003:0:2,1,Sous-desservi
austria,1-S50-W-j26-1,at:49:1468:0:28,at:43:3347:0:3,1,Sous-desservi
austria,1-S50-W-j26-1,at:49:1468:0:29,at:43:3347:0:3,1,Sous-desservi
austria,1-S51-M-j26-1,at:43:5068:0:4,at:43:4574:0:2,1,Sous-desservi
austria,1-S51-M-j26-1,at:46:1753:0:2,at:46:1839:0:4,1,Sous-desservi
austria,1-S51-M-j26-1,at:46:1839:0:3,at:46:1891:0:5,1,Sous-desservi
austria,1-S51-M-j26-1,at:46:1839:0:4,at:46:1891:0:5,15,Desserte Normale
austria,1-S51-M-j26-1,at:46:1891:0:2,at:46:1839:0:3,1,Sous-desservi
austria,1-S51-M-j26-1,at:46:1891:0:2,at:46:1839:0:4,16,Desserte Normale
austria,1-S6-K-j26-1,at:42:2128:0:2,at:42:3654:0:5,2,Sous-desservi
austria,1-S6-K-j26-1,at:42:2128:0:5,at:42:3654:0:5,1,Sous-desservi
austria,1-S6-K-j26-1,at:42:2128:0:7,at:42:3654:0:1,3,Sous-desservi
austria,1-S6-K-j26-1,at:42:2128:0:7,at:42:3654:0:6,3,Sous-desservi
austria,1-S6-K-j26-1,at:42:2128:0:7,at:47:3873:0:4,1,Sous-desservi
austria,1-S6-K-j26-1,at:42:2128:0:7,at:47:3873:0:7,1,Sous-desservi
austria,1-S6-K-j26-1,at:42:3654:0:1,at:47:3873:0:9,1,Sous-desservi
austria,1-S6-K-j26-1,at:42:3654:0:33,at:42:2128:0:2,1,Sous-desservi
austria,1-S6-K-j26-1,at:42:3654:0:33,at:42:2128:0:7,2,Sous-desservi
austria,1-S6-K-j26-1,at:42:3654:0:33,at:47:3873:0:4,1,Sous-desservi
austria,1-S6-K-j26-1,at:42:3654:0:33,at:47:3873:0:9,5,Sous-desservi
austria,1-S6-K-j26-1,at:42:3654:0:34,at:42:2128:0:7,1,Sous-desservi
austria,1-S6-K-j26-1,at:42:3654:0:34,at:47:3873:0:4,2,Sous-desservi
austria,1-S6-K-j26-1,at:42:3654:0:5,at:42:2128:0:2,2,Sous-desservi
austria,1-S6-K-j26-1,at:42:3654:0:5,at:42:2128:0:7,1,Sous-desservi
austria,1-S6-K-j26-1,at:42:3654:0:5,at:47:3873:0:4,2,Sous-desservi
austria,1-S6-K-j26-1,at:42:3654:0:5,at:47:3873:0:7,1,Sous-desservi
austria,1-S6-K-j26-1,at:42:3654:0:5,at:47:3873:0:9,4,Sous-desservi
austria,1-S6-K-j26-1,at:42:3654:0:6,at:47:3873:0:4,1,Sous-desservi
austria,1-S6-K-j26-1,at:42:3654:0:7,at:47:3873:0:9,2,Sous-desservi
austria,1-S6-K-j26-1,at:42:3654:0:8,at:47:3873:0:4,1,Sous-desservi
austria,1-S6-K-j26-1,at:47:3873:0:4,at:42:2128:0:2,1,Sous-desservi
austria,1-S6-K-j26-1,at:47:3873:0:4,at:42:2128:0:4,1,Sous-desservi
austria,1-S6-K-j26-1,at:47:3873:0:4,at:42:2128:0:5,1,Sous-desservi
austria,1-S6-K-j26-1,at:47:3873:0:4,at:42:3654:0:1,1,Sous-desservi
austria,1-S6-K-j26-1,at:47:3873:0:4,at:42:3654:0:33,2,Sous-desservi
austria,1-S6-K-j26-1,at:47:3873:0:4,at:42:3654:0:5,3,Sous-desservi
austria,1-S6-K-j26-1,at:47:3873:0:4,at:42:3654:0:7,1,Sous-desservi
austria,1-S6-K-j26-1,at:47:3873:0:7,at:42:2128:0:4,1,Sous-desservi
austria,1-S6-K-j26-1,at:47:3873:0:7,at:42:3654:0:33,2,Sous-desservi
austria,1-S6-K-j26-1,at:47:3873:0:7,at:42:3654:0:5,1,Sous-desservi
austria,1-S6-K-j26-1,at:47:3873:0:9,at:42:3654:0:33,3,Sous-desservi
austria,1-S6-K-j26-1,at:47:3873:0:9,at:42:3654:0:34,2,Sous-desservi
austria,1-S6-K-j26-1,at:47:3873:0:9,at:42:3654:0:5,2,Sous-desservi
austria,1-S6-K-j26-1,at:47:3873:0:9,at:42:3654:0:6,1,Sous-desservi
austria,1-S6-K-j26-1,at:47:3873:0:9,at:42:3654:0:7,1,Sous-desservi
austria,1-S6-K-j26-1,at:47:3873:0:9,at:42:3654:0:8,1,Sous-desservi
austria,1-S6-T-j26-1,at:47:1187:0:1,at:47:2231:0:1,1,Sous-desservi
austria,1-S6-T-j26-1,at:47:1187:0:21,at:47:2231:0:1,2,Sous-desservi
austria,1-S6-T-j26-1,at:47:1187:0:26,at:47:2231:0:1,1,Sous-desservi
austria,1-S6-T-j26-1,at:47:1187:0:36,at:47:2231:0:1,1,Sous-desservi
austria,1-S6-T-j26-1,at:47:1187:0:36,de:09180:42873:1:1,4,Sous-desservi
austria,1-S6-T-j26-1,at:47:1187:0:36,de:09180:42873:3:3,10,Desserte Normale
austria,1-S6-T-j26-1,at:47:1187:0:37,at:47:2228:0:1,2,Sous-desservi
austria,1-S6-T-j26-1,at:47:1187:0:37,at:47:2228:0:5,6,Sous-desservi
austria,1-S6-T-j26-1,at:47:1187:0:37,at:47:2231:0:1,14,Desserte Normale
austria,1-S6-T-j26-1,at:47:1187:0:37,de:09180:42873:3:3,1,Sous-desservi
austria,1-S6-T-j26-1,at:47:1189:0:7,at:47:1187:0:36,6,Sous-desservi
austria,1-S6-T-j26-1,at:47:2228:0:5,at:47:1187:0:37,8,Desserte Normale
austria,1-S6-T-j26-1,at:47:2231:0:1,at:47:1187:0:21,2,Sous-desservi
austria,1-S6-T-j26-1,at:47:2231:0:1,at:47:1187:0:26,2,Sous-desservi
austria,1-S6-T-j26-1,at:47:2231:0:1,at:47:1187:0:36,5,Sous-desservi
austria,1-S6-T-j26-1,at:47:2231:0:1,at:47:1187:0:37,13,Desserte Normale
austria,1-S6-T-j26-1,at:47:2231:0:3,at:47:1187:0:37,2,Sous-desservi
austria,1-S6-T-j26-1,de:09180:42873:1:1,at:47:2231:0:1,5,Sous-desservi
austria,1-S6-T-j26-1,de:09180:42873:3:2,at:47:2231:0:1,1,Sous-desservi
austria,1-S60-W-j26-1,at:43:3209:0:1,at:43:5147:0:6,4,Sous-desservi
austria,1-S60-W-j26-1,at:43:3209:0:1,at:43:5210:0:9,5,Sous-desservi
austria,1-S60-W-j26-1,at:43:3209:0:1,at:49:1349:0:28,1,Sous-desservi
austria,1-S60-W-j26-1,at:43:3209:0:1,at:49:1349:0:29,4,Sous-desservi
austria,1-S60-W-j26-1,at:43:3209:0:6,at:43:3895:0:1,1,Sous-desservi
austria,1-S60-W-j26-1,at:43:3209:0:6,at:43:5147:0:5,1,Sous-desservi
austria,1-S60-W-j26-1,at:43:3209:0:6,at:43:5147:0:6,2,Sous-desservi
austria,1-S60-W-j26-1,at:43:3209:0:6,at:43:5210:0:4,1,Sous-desservi
austria,1-S60-W-j26-1,at:43:3209:0:6,at:43:5210:0:9,22,Desserte Normale
austria,1-S60-W-j26-1,at:43:3209:0:6,at:49:1349:0:29,14,Desserte Normale
austria,1-S60-W-j26-1,at:43:3209:0:6,at:49:1349:0:32,1,Sous-desservi
austria,1-S60-W-j26-1,at:43:5147:0:6,at:43:3209:0:6,6,Sous-desservi
austria,1-S60-W-j26-1,at:43:5210:0:9,at:43:3209:0:1,3,Sous-desservi
austria,1-S60-W-j26-1,at:43:5210:0:9,at:43:3209:0:5,2,Sous-desservi
austria,1-S60-W-j26-1,at:43:5210:0:9,at:43:3209:0:6,23,Desserte Normale
austria,1-S60-W-j26-1,at:43:5210:0:9,at:49:1349:0:10,1,Sous-desservi
austria,1-S60-W-j26-1,at:43:5210:0:9,at:49:1349:0:29,1,Sous-desservi
austria,1-S60-W-j26-1,at:43:5210:0:9,at:49:1349:0:9,1,Sous-desservi
austria,1-S60-W-j26-1,at:49:1257:0:3,at:43:5210:0:9,1,Sous-desservi
austria,1-S60-W-j26-1,at:49:1349:0:10,at:43:3209:0:6,1,Sous-desservi
austria,1-S60-W-j26-1,at:49:1349:0:28,at:43:3209:0:1,1,Sous-desservi
austria,1-S60-W-j26-1,at:49:1349:0:28,at:43:3209:0:6,1,Sous-desservi
austria,1-S60-W-j26-1,at:49:1349:0:29,at:43:5210:0:9,2,Sous-desservi
austria,1-S60-W-j26-1,at:49:1349:0:4,at:43:3209:0:6,3,Sous-desservi
austria,1-S60-W-j26-1,at:49:1349:0:4,sk:56:2:0:1,1,Sous-desservi
austria,1-S60-W-j26-1,at:49:1349:0:9,at:41:4351:0:1,1,Sous-desservi
austria,1-S60-W-j26-1,at:49:1349:0:9,at:43:3209:0:6,12,Desserte Normale
austria,1-S63-W-j26-1,at:49:1257:0:3,at:43:5210:0:2,1,Sous-desservi
austria,1-S7-K-j26-1,at:42:3625:0:1,at:42:3633:0:1,1,Sous-desservi
austria,1-S7-K-j26-1,at:42:3625:0:1,at:42:3633:0:3,1,Sous-desservi
austria,1-S7-K-j26-1,at:42:3625:0:1,at:42:3642:0:2,2,Sous-desservi
austria,1-S7-K-j26-1,at:42:3625:0:1,at:42:3642:0:47,2,Sous-desservi
austria,1-S7-K-j26-1,at:42:3633:0:2,at:42:3642:0:2,1,Sous-desservi
austria,1-S7-K-j26-1,at:42:3633:0:2,at:42:3642:0:47,1,Sous-desservi
austria,1-S7-K-j26-1,at:42:3633:0:3,at:42:3642:0:5,1,Sous-desservi
austria,1-S7-K-j26-1,at:42:3642:0:2,at:42:3625:0:2,1,Sous-desservi
austria,1-S7-K-j26-1,at:42:3642:0:47,at:42:3633:0:1,1,Sous-desservi
austria,1-S7-K-j26-1,at:42:3642:0:47,at:42:3633:0:2,1,Sous-desservi
austria,1-S7-K-j26-1,at:42:3642:0:5,at:42:3625:0:1,1,Sous-desservi
austria,1-S7-K-j26-1,at:42:3642:0:5,at:42:3625:0:2,1,Sous-desservi
austria,1-S7-K-j26-1,at:42:3642:0:5,at:42:3633:0:2,1,Sous-desservi
austria,1-S7-W-j26-1,at:43:3430:0:1,at:49:1040:0:5,1,Sous-desservi
austria,1-S7-W-j26-1,at:43:3430:0:1,at:49:334:0:24,1,Sous-desservi
austria,1-S7-W-j26-1,at:43:4202:0:9,at:43:4025:0:4,1,Sous-desservi
austria,1-S7-W-j26-1,at:43:4377:0:1,at:43:5274:0:2,1,Sous-desservi
austria,1-S7-W-j26-1,at:43:4417:0:1,at:49:769:0:3,3,Sous-desservi
austria,1-S7-W-j26-1,at:43:4708:0:1,at:49:1040:0:5,1,Sous-desservi
austria,1-S7-W-j26-1,at:43:4708:0:1,at:49:1091:0:12,9,Desserte Normale
austria,1-S7-W-j26-1,at:43:4708:0:1,at:49:1425:0:1,19,Desserte Normale
austria,1-S7-W-j26-1,at:43:4708:0:1,at:49:334:0:25,2,Sous-desservi
austria,1-S7-W-j26-1,at:43:4708:0:1,at:49:334:0:5,1,Sous-desservi
austria,1-S7-W-j26-1,at:43:4708:0:2,at:49:1091:0:12,24,Desserte Normale
austria,1-S7-W-j26-1,at:43:4708:0:2,at:49:1425:0:1,26,Desserte Normale
austria,1-S7-W-j26-1,at:43:4708:0:2,at:49:334:0:24,1,Sous-desservi
austria,1-S7-W-j26-1,at:43:4708:0:2,at:49:334:0:25,6,Sous-desservi
austria,1-S7-W-j26-1,at:43:4708:0:2,at:49:334:0:5,1,Sous-desservi
austria,1-S7-W-j26-1,at:43:4708:0:4,at:49:1091:0:12,4,Sous-desservi
austria,1-S7-W-j26-1,at:43:4708:0:4,at:49:1425:0:1,3,Sous-desservi
austria,1-S7-W-j26-1,at:43:4708:0:4,at:49:334:0:25,1,Sous-desservi
austria,1-S7-W-j26-1,at:43:4710:0:4,at:43:4708:0:2,2,Sous-desservi
austria,1-S7-W-j26-1,at:43:4710:0:4,at:49:1091:0:12,6,Sous-desservi
austria,1-S7-W-j26-1,at:43:4710:0:4,at:49:1349:0:27,5,Sous-desservi
austria,1-S7-W-j26-1,at:43:4710:0:4,at:49:1349:0:31,1,Sous-desservi
austria,1-S7-W-j26-1,at:43:4884:0:6,at:43:4710:0:4,1,Sous-desservi
austria,1-S7-W-j26-1,at:43:4884:0:6,at:49:591:0:2,1,Sous-desservi
austria,1-S7-W-j26-1,at:43:5271:0:1,at:49:1040:0:5,3,Sous-desservi
austria,1-S7-W-j26-1,at:43:5271:0:1,at:49:1091:0:12,13,Desserte Normale
austria,1-S7-W-j26-1,at:43:5271:0:1,at:49:334:0:24,4,Sous-desservi
austria,1-S7-W-j26-1,at:43:5271:0:1,at:49:334:0:25,4,Sous-desservi
austria,1-S7-W-j26-1,at:43:5271:0:1,at:49:334:0:5,5,Sous-desservi
austria,1-S7-W-j26-1,at:43:5271:0:3,at:49:1040:0:5,1,Sous-desservi
austria,1-S7-W-j26-1,at:43:5271:0:3,at:49:334:0:24,1,Sous-desservi
austria,1-S7-W-j26-1,at:43:5271:0:3,at:49:334:0:25,1,Sous-desservi
austria,1-S7-W-j26-1,at:49:1349:0:28,at:43:4710:0:4,6,Sous-desservi
austria,1-S7-W-j26-1,at:49:1425:0:12,at:43:4708:0:1,12,Desserte Normale
austria,1-S7-W-j26-1,at:49:1425:0:12,at:43:4708:0:2,27,Desserte Normale
austria,1-S7-W-j26-1,at:49:1425:0:12,at:43:4708:0:4,20,Desserte Normale
austria,1-S7-W-j26-1,at:49:1425:0:12,at:49:1780:0:3,1,Sous-desservi
austria,1-S7-W-j26-1,at:49:334:0:20,at:43:4708:0:1,1,Sous-desservi
austria,1-S7-W-j26-1,at:49:334:0:20,at:43:4708:0:2,2,Sous-desservi
austria,1-S7-W-j26-1,at:49:334:0:20,at:43:4708:0:4,1,Sous-desservi
austria,1-S7-W-j26-1,at:49:334:0:20,at:43:5271:0:1,3,Sous-desservi
austria,1-S7-W-j26-1,at:49:334:0:23,at:43:4708:0:1,1,Sous-desservi
austria,1-S7-W-j26-1,at:49:334:0:23,at:49:1040:0:20,1,Sous-desservi
austria,1-S7-W-j26-1,at:49:334:0:25,at:43:4708:0:2,1,Sous-desservi
austria,1-S7-W-j26-1,at:49:334:0:25,at:43:5271:0:1,2,Sous-desservi
austria,1-S7-W-j26-1,at:49:334:0:25,at:49:1040:0:20,1,Sous-desservi
austria,1-S7-W-j26-1,at:49:334:0:5,at:43:4708:0:1,1,Sous-desservi
austria,1-S7-W-j26-1,at:49:591:0:2,at:43:4710:0:4,6,Sous-desservi
austria,1-S7-W-j26-1,at:49:591:0:4,at:43:4710:0:4,1,Sous-desservi
austria,1-S7-W-j26-1,at:49:769:0:3,at:43:4708:0:1,11,Desserte Normale
austria,1-S7-W-j26-1,at:49:769:0:3,at:43:4708:0:2,29,Desserte Normale
austria,1-S7-W-j26-1,at:49:769:0:3,at:43:4708:0:4,5,Sous-desservi
austria,1-S7-W-j26-1,at:49:769:0:3,at:43:5271:0:1,15,Desserte Normale
austria,1-S7-W-j26-1,at:49:769:0:3,at:43:5271:0:3,1,Sous-desservi
austria,1-S7-W-j26-1,at:49:769:0:3,at:43:5271:0:4,3,Sous-desservi
austria,1-S8-M-j26-1,at:46:2065:0:1,at:46:5511:0:2,1,Sous-desservi
austria,1-S8-M-j26-1,at:46:2065:0:1,at:46:5511:0:5,3,Sous-desservi
austria,1-S8-M-j26-1,at:46:2065:0:1,at:46:7469:0:2,3,Sous-desservi
austria,1-S8-M-j26-1,at:46:2065:0:1,at:46:7469:0:5,14,Desserte Normale
austria,1-S8-M-j26-1,at:46:2065:0:6,at:46:5511:0:5,1,Sous-desservi
austria,1-S8-M-j26-1,at:46:2065:0:7,at:46:6344:0:4,1,Sous-desservi
austria,1-S8-M-j26-1,at:46:2065:0:7,at:46:7469:0:5,3,Sous-desservi
austria,1-S8-M-j26-1,at:46:5511:0:5,at:46:2065:0:1,3,Sous-desservi
austria,1-S8-M-j26-1,at:46:5511:0:5,at:46:2065:0:7,1,Sous-desservi
austria,1-S8-M-j26-1,at:46:6092:0:2,at:46:6344:0:4,15,Desserte Normale
austria,1-S8-M-j26-1,at:46:6344:0:4,at:46:2065:0:1,1,Sous-desservi
austria,1-S8-M-j26-1,at:46:6344:0:4,at:46:2065:0:6,1,Sous-desservi
austria,1-S8-M-j26-1,at:46:6344:0:4,at:46:6092:0:2,15,Desserte Normale
austria,1-S8-M-j26-1,at:46:6750:0:2,at:46:7469:0:5,1,Sous-desservi
austria,1-S8-M-j26-1,at:46:7469:0:3,at:46:2065:0:1,1,Sous-desservi
austria,1-S8-M-j26-1,at:46:7469:0:3,at:46:6750:0:2,1,Sous-desservi
austria,1-S8-M-j26-1,at:46:7469:0:5,at:46:2065:0:1,17,Desserte Normale
austria,1-S8-M-j26-1,at:46:7469:0:5,at:46:2065:0:6,3,Sous-desservi
austria,1-S8-M-j26-1,at:46:7469:0:5,at:46:2065:0:7,4,Sous-desservi
austria,1-S8-T-j26-1,at:45:50002:0:12,at:47:1170:0:15,1,Sous-desservi
austria,1-S8-T-j26-1,at:45:50002:0:12,at:47:1170:0:18,1,Sous-desservi
austria,1-S8-T-j26-1,at:45:54001:0:2,at:47:1170:0:15,1,Sous-desservi
austria,1-S8-T-j26-1,at:45:54001:0:2,at:47:1170:0:20,1,Sous-desservi
austria,1-S8-T-j26-1,at:45:54001:0:3,at:47:1170:0:15,1,Sous-desservi
austria,1-S8-T-j26-1,at:45:54001:0:3,at:47:1170:0:18,1,Sous-desservi
austria,1-S8-T-j26-1,at:45:54001:0:3,at:47:1170:0:8,1,Sous-desservi
austria,1-S8-T-j26-1,at:45:54104:0:6,at:45:54001:0:5,1,Sous-desservi
austria,1-S8-T-j26-1,at:45:54104:0:6,at:47:1170:0:12,2,Sous-desservi
austria,1-S8-T-j26-1,at:45:54104:0:6,at:47:1170:0:15,14,Desserte Normale
austria,1-S8-T-j26-1,at:45:54104:0:6,at:47:1170:0:17,1,Sous-desservi
austria,1-S8-T-j26-1,at:45:54104:0:6,at:47:1170:0:18,2,Sous-desservi
austria,1-S8-T-j26-1,at:45:54104:0:6,at:47:1170:0:8,2,Sous-desservi
austria,1-S8-T-j26-1,at:47:1170:0:12,at:45:54001:0:3,1,Sous-desservi
austria,1-S8-T-j26-1,at:47:1170:0:12,at:45:54104:0:6,2,Sous-desservi
austria,1-S8-T-j26-1,at:47:1170:0:15,at:45:54001:0:3,5,Sous-desservi
austria,1-S8-T-j26-1,at:47:1170:0:15,at:45:54001:0:5,1,Sous-desservi
austria,1-S8-T-j26-1,at:47:1170:0:15,at:45:54104:0:6,17,Desserte Normale
austria,1-S8-T-j26-1,at:47:1170:0:20,at:45:54104:0:6,1,Sous-desservi
austria,1-S8-T-j26-1,at:47:1170:0:22,at:45:54104:0:6,1,Sous-desservi
austria,1-S8-T-j26-1,at:47:1170:0:8,at:45:54104:0:6,3,Sous-desservi
austria,1-S80-W-j26-1,at:49:1040:0:21,at:49:334:0:25,3,Sous-desservi
austria,1-S80-W-j26-1,at:49:1349:0:1,at:49:560:0:6,17,Desserte Normale
austria,1-S80-W-j26-1,at:49:1349:0:28,at:49:910:0:7,1,Sous-desservi
austria,1-S80-W-j26-1,at:49:1349:0:4,at:49:910:0:7,1,Sous-desservi
austria,1-S80-W-j26-1,at:49:560:0:6,at:49:1349:0:1,18,Desserte Normale
austria,1-S80-W-j26-1,at:49:560:0:6,at:49:910:0:7,50,Desserte Normale
austria,1-S80-W-j26-1,at:49:560:0:8,at:49:910:0:7,3,Sous-desservi
austria,1-S80-W-j26-1,at:49:910:0:4,at:49:1349:0:1,1,Sous-desservi
austria,1-S80-W-j26-1,at:49:910:0:4,at:49:1349:0:33,2,Sous-desservi
austria,1-S80-W-j26-1,at:49:910:0:4,at:49:560:0:6,51,Desserte Normale
austria,1-S80-W-j26-1,at:49:910:0:4,at:49:560:0:8,3,Sous-desservi
austria,1-S9-M-j26-1,at:46:2065:0:1,at:46:6750:0:3,5,Sous-desservi
austria,1-S9-M-j26-1,at:46:2065:0:1,at:46:6750:0:4,12,Desserte Normale
austria,1-S9-M-j26-1,at:46:2065:0:6,at:46:6750:0:4,2,Sous-desservi
austria,1-S9-M-j26-1,at:46:2065:0:7,at:46:6750:0:2,1,Sous-desservi
austria,1-S9-M-j26-1,at:46:2065:0:7,at:46:6750:0:4,3,Sous-desservi
austria,1-S9-M-j26-1,at:46:6344:0:7,at:46:5511:0:5,1,Sous-desservi
austria,1-S9-M-j26-1,at:46:6750:0:2,at:46:2065:0:1,3,Sous-desservi
austria,1-S9-M-j26-1,at:46:6750:0:2,at:46:2065:0:7,1,Sous-desservi
austria,1-S9-M-j26-1,at:46:6750:0:3,at:46:2065:0:1,1,Sous-desservi
austria,1-S9-M-j26-1,at:46:6750:0:4,at:46:7469:0:5,4,Sous-desservi
austria,1-SO2-T-j26-1,at:47:3873:0:4,at:47:3879:0:2,4,Sous-desservi
austria,1-SO2-T-j26-1,at:47:3873:0:4,it:22021:1980:50:31137,33,Desserte Normale
austria,1-SO2-T-j26-1,at:47:3873:0:5,it:22021:1980:50:31137,5,Sous-desservi
austria,1-SO2-T-j26-1,at:47:3873:0:7,it:22021:1980:50:31137,4,Sous-desservi
austria,1-SO2-T-j26-1,at:47:3879:0:2,at:47:3873:0:4,3,Sous-desservi
austria,1-SO2-T-j26-1,at:47:3879:0:3,at:47:3873:0:4,1,Sous-desservi
austria,1-SO2-T-j26-1,at:47:3879:0:3,at:47:3873:0:7,1,Sous-desservi
austria,1-SO2-T-j26-1,it:22021:1980:50:31137,at:47:3873:0:4,35,Desserte Normale
austria,1-SO2-T-j26-1,it:22021:1980:50:31137,at:47:3873:0:5,4,Sous-desservi
austria,1-SO2-T-j26-1,it:22021:1980:50:31137,at:47:3873:0:7,3,Sous-desservi
austria,1-SO2-T-j26-1,it:22021:1980:50:31137,at:47:3873:0:9,1,Sous-desservi
austria,1-SS4-T-j26-1,at:47:1184:0:5,at:47:61321:0:1,34,Desserte Normale
austria,1-SS4-T-j26-1,at:47:1186:0:1,at:47:61321:0:10,3,Sous-desservi
austria,1-SS4-T-j26-1,at:47:1187:0:1,at:47:1198:0:4,1,Sous-desservi
austria,1-SS4-T-j26-1,at:47:1187:0:21,at:47:1198:0:3,3,Sous-desservi
austria,1-SS4-T-j26-1,at:47:1187:0:21,at:47:1198:0:4,36,Desserte Normale
austria,1-SS4-T-j26-1,at:47:61321:0:1,at:47:1184:0:4,36,Desserte Normale
austria,1-SS4-T-j26-1,at:47:61321:0:1,at:47:1186:0:2,1,Sous-desservi
austria,1-SS4-T-j26-1,at:47:61321:0:1,at:47:1187:0:1,3,Sous-desservi
austria,1-SS4-T-j26-1,at:47:61321:0:1,at:47:1187:0:21,2,Sous-desservi
austria,1-SS4-T-j26-1,at:47:61321:0:1,at:47:1187:0:8,1,Sous-desservi
austria,1-SS4-T-j26-1,at:47:61321:0:9,at:47:1186:0:2,1,Sous-desservi
austria,1-ST3-T-j26-1,at:47:1187:0:1,at:47:2264:0:1,1,Sous-desservi
austria,1-ST3-T-j26-1,at:47:1187:0:1,it:22021:1389:50:31095,3,Sous-desservi
austria,1-ST3-T-j26-1,at:47:1187:0:26,at:47:2264:0:1,1,Sous-desservi
austria,1-ST3-T-j26-1,at:47:1187:0:26,it:22021:1389:50:31095,9,Desserte Normale
austria,1-ST3-T-j26-1,at:47:1187:0:39,at:47:2264:0:1,3,Sous-desservi
austria,1-ST3-T-j26-1,at:47:1187:0:39,it:22021:1389:50:31095,12,Desserte Normale
austria,1-ST3-T-j26-1,at:47:1187:0:5,it:22021:1389:50:31095,3,Sous-desservi
austria,1-ST3-T-j26-1,at:47:1187:0:8,at:47:2264:0:1,6,Sous-desservi
austria,1-ST3-T-j26-1,at:47:1187:0:8,it:22021:1389:50:31095,7,Desserte Normale
austria,1-ST3-T-j26-1,at:47:2264:0:1,at:47:1187:0:26,1,Sous-desservi
austria,1-ST3-T-j26-1,at:47:2264:0:1,at:47:1187:0:39,6,Sous-desservi
austria,1-ST3-T-j26-1,at:47:2264:0:1,at:47:1187:0:8,1,Sous-desservi
austria,1-ST3-T-j26-1,it:22021:1389:50:31095,at:47:1187:0:1,2,Sous-desservi
austria,1-ST3-T-j26-1,it:22021:1389:50:31095,at:47:1187:0:26,7,Desserte Normale
austria,1-ST3-T-j26-1,it:22021:1389:50:31095,at:47:1187:0:39,6,Sous-desservi
austria,1-ST3-T-j26-1,it:22021:1389:50:31095,at:47:1187:0:5,2,Sous-desservi
austria,1-ST3-T-j26-1,it:22021:1389:50:31095,at:47:1187:0:8,13,Desserte Normale
austria,1-ST4-T-j26-1,at:47:1170:0:12,at:47:2184:0:21,1,Sous-desservi
austria,1-ST4-T-j26-1,at:47:1186:0:1,at:47:2184:0:11,2,Sous-desservi
austria,1-ST4-T-j26-1,at:47:1186:0:1,at:47:2184:0:13,1,Sous-desservi
austria,1-ST4-T-j26-1,at:47:1186:0:1,at:47:2184:0:21,1,Sous-desservi
austria,1-ST4-T-j26-1,at:47:1186:0:1,at:47:2184:0:22,3,Sous-desservi
austria,1-ST4-T-j26-1,at:47:1187:0:26,at:47:2184:0:21,1,Sous-desservi
austria,1-ST4-T-j26-1,at:47:1187:0:3,at:47:2184:0:11,1,Sous-desservi
austria,1-ST4-T-j26-1,at:47:1187:0:3,at:47:2184:0:21,2,Sous-desservi
austria,1-ST4-T-j26-1,at:47:1187:0:3,at:47:2184:0:22,2,Sous-desservi
austria,1-ST4-T-j26-1,at:47:1187:0:5,at:47:2184:0:11,1,Sous-desservi
austria,1-ST4-T-j26-1,at:47:1187:0:5,at:47:2184:0:13,1,Sous-desservi
austria,1-ST4-T-j26-1,at:47:1187:0:5,at:47:2184:0:22,1,Sous-desservi
austria,1-ST4-T-j26-1,at:47:2184:0:11,at:47:1186:0:2,2,Sous-desservi
austria,1-ST4-T-j26-1,at:47:2184:0:11,at:47:1187:0:1,2,Sous-desservi
austria,1-ST4-T-j26-1,at:47:2184:0:11,at:47:1187:0:3,1,Sous-desservi
austria,1-ST4-T-j26-1,at:47:2184:0:11,at:47:1187:0:5,1,Sous-desservi
austria,1-ST4-T-j26-1,at:47:2184:0:13,at:47:1187:0:33,2,Sous-desservi
austria,1-ST4-T-j26-1,at:47:2184:0:22,at:47:1186:0:2,3,Sous-desservi
austria,1-ST4-T-j26-1,at:47:2184:0:22,at:47:1187:0:3,3,Sous-desservi
austria,10-A1-j26-1,at:43:4708:0:1,at:45:50002:0:4,1,Sous-desservi
austria,10-A1-j26-1,at:43:4708:0:1,at:45:50002:0:6,1,Sous-desservi
austria,10-A1-j26-1,at:43:4708:0:1,at:45:50002:0:7,1,Sous-desservi
austria,10-A1-j26-1,at:43:4708:0:1,at:47:1187:0:1,1,Sous-desservi
austria,10-A1-j26-1,at:43:4708:0:1,at:47:1187:0:26,4,Sous-desservi
austria,10-A1-j26-1,at:43:4708:0:1,at:47:1187:0:3,9,Desserte Normale
austria,10-A1-j26-1,at:43:4708:0:1,at:47:2184:0:13,2,Sous-desservi
austria,10-A1-j26-1,at:43:4708:0:4,at:47:1187:0:1,1,Sous-desservi
austria,10-A1-j26-1,at:43:4708:0:4,at:47:1187:0:26,1,Sous-desservi
austria,10-A1-j26-1,at:43:4708:0:4,at:47:1187:0:3,2,Sous-desservi
austria,10-A1-j26-1,at:44:41164:0:9,at:43:4708:0:4,1,Sous-desservi
austria,10-A1-j26-1,at:44:41164:0:9,at:47:61321:0:9,1,Sous-desservi
austria,10-A1-j26-1,at:45:50002:0:5,at:47:61321:0:9,1,Sous-desservi
austria,10-A1-j26-1,at:45:50002:0:7,at:43:4708:0:4,2,Sous-desservi
austria,10-A1-j26-1,at:45:50002:0:7,at:47:2184:0:13,2,Sous-desservi
austria,10-A1-j26-1,at:45:50002:0:8,at:44:41164:0:9,1,Sous-desservi
austria,10-A1-j26-1,at:47:1187:0:1,at:43:4708:0:4,5,Sous-desservi
austria,10-A1-j26-1,at:47:1187:0:26,at:43:4708:0:4,2,Sous-desservi
austria,10-A1-j26-1,at:47:1187:0:26,at:49:1349:0:28,1,Sous-desservi
austria,10-A1-j26-1,at:47:1187:0:33,at:43:4708:0:4,7,Desserte Normale
austria,10-A1-j26-1,at:47:1187:0:33,at:49:1349:0:28,4,Sous-desservi
austria,10-A1-j26-1,at:47:2184:0:13,it:22021:1389:50:31090,34,Desserte Normale
austria,10-A1-j26-1,at:47:2184:0:18,at:45:50002:0:7,2,Sous-desservi
austria,10-A1-j26-1,at:47:2184:0:18,at:49:1349:0:28,15,Desserte Normale
austria,10-A1-j26-1,at:47:61321:0:10,at:43:4708:0:4,7,Desserte Normale
austria,10-A1-j26-1,at:47:61321:0:10,at:49:1349:0:28,3,Sous-desservi
austria,10-A1-j26-1,at:49:1349:0:27,at:47:1187:0:26,2,Sous-desservi
austria,10-A1-j26-1,at:49:1349:0:27,at:47:1187:0:3,8,Desserte Normale
austria,10-A1-j26-1,at:49:1349:0:27,at:47:2184:0:13,9,Desserte Normale
austria,10-A1-j26-1,at:49:1349:0:27,at:47:61321:0:9,9,Desserte Normale
austria,10-A1-j26-1,cz:0:5433425:0:1,at:49:1349:0:29,9,Desserte Normale
austria,10-A1-j26-1,de:09163:9:15:1,at:43:4848:0:10,1,Sous-desservi
austria,10-A1-j26-1,it:22021:1389:50:31091,at:47:2184:0:18,32,Desserte Normale
austria,10-A10-1-j26-1,at:42:3654:0:34,at:49:1349:0:4,1,Sous-desservi
austria,10-A10-1-j26-1,at:42:3654:0:7,at:45:50002:0:4,1,Sous-desservi
austria,10-A10-1-j26-1,at:42:3654:0:7,at:45:50002:0:5,1,Sous-desservi
austria,10-A10-1-j26-1,at:42:3654:0:7,at:45:50002:0:8,1,Sous-desservi
austria,10-A10-1-j26-1,at:45:50002:0:12,at:46:7426:0:3,1,Sous-desservi
austria,10-A10-1-j26-1,at:45:50002:0:12,at:49:1349:0:4,4,Sous-desservi
austria,10-A10-1-j26-1,at:45:50002:0:12,at:49:1349:0:9,1,Sous-desservi
austria,10-A10-1-j26-1,at:49:1349:0:31,at:42:3654:0:8,1,Sous-desservi
austria,10-A11-j26-1,at:43:4708:0:1,at:48:817:0:5,13,Desserte Normale
austria,10-A11-j26-1,at:44:41164:0:9,at:48:817:0:5,1,Sous-desservi
austria,10-A11-j26-1,at:45:50002:0:5,at:48:817:0:5,1,Sous-desservi
austria,10-A11-j26-1,at:45:50002:0:7,at:48:817:0:5,2,Sous-desservi
austria,10-A11-j26-1,at:47:2184:0:18,hu:17905:27000493:27000459,6,Sous-desservi
austria,10-A11-j26-1,at:48:817:0:3,at:43:4708:0:4,4,Sous-desservi
austria,10-A11-j26-1,at:48:817:0:4,at:43:4708:0:4,6,Sous-desservi
austria,10-A11-j26-1,at:48:817:0:4,at:43:4848:0:10,1,Sous-desservi
austria,10-A11-j26-1,at:48:817:0:4,at:49:1349:0:28,2,Sous-desservi
austria,10-A11-j26-1,at:48:817:0:4,at:49:1349:0:9,1,Sous-desservi
austria,10-A11-j26-1,at:49:1349:0:27,at:48:817:0:5,5,Sous-desservi
austria,10-A11-j26-1,at:49:1349:0:27,ch:23016:20302:0:2,1,Sous-desservi
austria,10-A11-j26-1,at:49:1349:0:27,ch:23016:20309:90,2,Sous-desservi
austria,10-A11-j26-1,ch:23016:20309:90,at:43:4708:0:4,2,Sous-desservi
austria,10-A11-j26-1,ch:23016:20309:90,at:49:1349:0:28,1,Sous-desservi
austria,10-A11-j26-1,hu:14216:27001535:27001419,at:47:2184:0:13,4,Sous-desservi
austria,10-A11-j26-1,hu:17905:27000493:27000459,at:47:2184:0:13,4,Sous-desservi
austria,10-A11-j26-1,hu:17905:27000493:27000459,ch:23016:20302:0:2,2,Sous-desservi
austria,10-A11-j26-1,hu:17905:27000493:27000459,de:09163:9:15:1,2,Sous-desservi
austria,10-A11-j26-1,hu:17905:27000493:27000459,de:09163:9:16:2,5,Sous-desservi
austria,10-A12-j26-1,at:42:3642:0:4,at:43:4708:0:4,4,Sous-desservi
austria,10-A12-j26-1,at:42:3642:0:4,at:49:1349:0:28,1,Sous-desservi
austria,10-A12-j26-1,at:42:3642:0:4,at:49:1349:0:4,7,Desserte Normale
austria,10-A12-j26-1,at:42:3642:0:4,at:49:1349:0:9,1,Sous-desservi
austria,10-A12-j26-1,at:42:3642:0:6,at:42:3654:0:1,1,Sous-desservi
austria,10-A12-j26-1,at:42:3642:0:7,at:43:4708:0:4,3,Sous-desservi
austria,10-A12-j26-1,at:42:3654:0:1,at:49:1349:0:4,5,Sous-desservi
austria,10-A12-j26-1,at:42:3654:0:5,at:43:4708:0:4,3,Sous-desservi
austria,10-A12-j26-1,at:42:3654:0:5,at:49:1349:0:28,2,Sous-desservi
austria,10-A12-j26-1,at:42:3654:0:6,at:43:4708:0:4,2,Sous-desservi
austria,10-A12-j26-1,at:42:3654:0:6,at:49:1349:0:4,5,Sous-desservi
austria,10-A12-j26-1,at:42:3654:0:7,at:46:3040:0:14,1,Sous-desservi
austria,10-A12-j26-1,at:42:3654:0:8,at:49:1349:0:28,2,Sous-desservi
austria,10-A12-j26-1,at:42:3654:0:8,at:49:1349:0:4,5,Sous-desservi
austria,10-A12-j26-1,at:43:4708:0:1,at:42:3654:0:1,3,Sous-desservi
austria,10-A12-j26-1,at:43:4708:0:1,at:42:3654:0:6,4,Sous-desservi
austria,10-A12-j26-1,at:43:4708:0:1,at:42:3654:0:7,3,Sous-desservi
austria,10-A12-j26-1,at:43:4708:0:1,at:46:3040:0:14,1,Sous-desservi
austria,10-A12-j26-1,at:43:4708:0:1,at:46:3040:0:5,1,Sous-desservi
austria,10-A12-j26-1,at:43:4708:0:1,at:49:1349:0:27,1,Sous-desservi
austria,10-A12-j26-1,at:43:4708:0:1,at:49:1349:0:31,1,Sous-desservi
austria,10-A12-j26-1,at:43:4708:0:4,at:49:1349:0:28,1,Sous-desservi
austria,10-A12-j26-1,at:46:3040:0:10,at:42:3654:0:1,2,Sous-desservi
austria,10-A12-j26-1,at:46:3040:0:10,at:42:3654:0:5,3,Sous-desservi
austria,10-A12-j26-1,at:46:3040:0:10,at:42:3654:0:8,1,Sous-desservi
austria,10-A12-j26-1,at:46:3040:0:14,at:49:1349:0:10,2,Sous-desservi
austria,10-A12-j26-1,at:46:3040:0:5,at:42:3654:0:1,1,Sous-desservi
austria,10-A12-j26-1,at:46:7426:0:3,at:43:4708:0:4,1,Sous-desservi
austria,10-A12-j26-1,at:49:1349:0:10,cz:0:5433425:0:1,7,Desserte Normale
austria,10-A12-j26-1,at:49:1349:0:27,at:42:3642:0:6,1,Sous-desservi
austria,10-A12-j26-1,at:49:1349:0:27,at:42:3654:0:5,2,Sous-desservi
austria,10-A12-j26-1,at:49:1349:0:27,at:42:3654:0:7,3,Sous-desservi
austria,10-A12-j26-1,at:49:1349:0:28,at:43:4708:0:4,3,Sous-desservi
austria,10-A12-j26-1,at:49:1349:0:28,cz:0:5433425:0:1,1,Sous-desservi
austria,10-A12-j26-1,at:49:1349:0:31,at:42:3654:0:1,3,Sous-desservi
austria,10-A12-j26-1,at:49:1349:0:31,at:42:3654:0:7,14,Desserte Normale
austria,10-A12-j26-1,at:49:1349:0:31,at:42:3654:0:8,1,Sous-desservi
austria,10-A12-j26-1,at:49:1349:0:31,at:46:3040:0:10,1,Sous-desservi
austria,10-A12-j26-1,at:49:1349:0:4,at:43:4708:0:4,6,Sous-desservi
austria,10-A12-j26-1,at:49:1349:0:4,cz:0:5433425:0:1,3,Sous-desservi
austria,10-A12-j26-1,at:49:1349:0:9,at:43:4708:0:4,1,Sous-desservi
austria,10-A12-j26-1,at:49:1349:0:9,cz:0:5433425:0:1,1,Sous-desservi
austria,10-A12-j26-1,cz:0:5433425:0:1,at:46:3040:0:10,5,Sous-desservi
austria,10-A13-j26-1,at:43:4708:0:1,at:44:42107:0:4,1,Sous-desservi
austria,10-A13-j26-1,at:44:41164:0:7,at:43:4708:0:4,1,Sous-desservi
austria,10-A13-j26-1,at:44:42107:0:4,at:43:4708:0:4,1,Sous-desservi
austria,10-A13-j26-1,at:47:2184:0:18,sk:56:2:0:1,9,Desserte Normale
austria,10-A13-j26-1,sk:56:2:0:1,at:47:2184:0:13,6,Sous-desservi
austria,10-A13-j26-1,sk:56:2:0:1,ch:23016:20302:0:2,2,Sous-desservi
austria,10-A14-j26-1,at:44:41164:0:6,at:47:1170:0:13,4,Sous-desservi
austria,10-A14-j26-1,at:44:41164:0:8,cz:0:5433425:0:1,1,Sous-desservi
austria,10-A14-j26-1,at:45:50002:0:6,at:45:54001:0:2,1,Sous-desservi
austria,10-A14-j26-1,at:45:50002:0:6,at:45:54001:0:5,1,Sous-desservi
austria,10-A14-j26-1,at:45:50002:0:9,at:45:54001:0:5,2,Sous-desservi
austria,10-A14-j26-1,at:45:54001:0:5,at:45:50002:0:4,1,Sous-desservi
austria,10-A14-j26-1,at:47:1170:0:22,at:43:5759:0:1,2,Sous-desservi
austria,10-A14-j26-1,at:47:1170:0:8,at:45:50002:0:12,2,Sous-desservi
austria,10-A14-j26-1,cz:0:5433425:0:1,at:44:41164:0:6,1,Sous-desservi
austria,10-A14-j26-1,cz:0:5433425:0:1,at:44:41164:0:8,1,Sous-desservi
austria,10-A18-j26-1,at:47:1187:0:1,at:48:130:0:11,1,Sous-desservi
austria,10-A18-j26-1,at:47:1187:0:1,ch:23016:20302:0:2,5,Sous-desservi
austria,10-A18-j26-1,at:47:1187:0:26,at:47:2184:0:18,1,Sous-desservi
austria,10-A18-j26-1,at:47:1187:0:3,ch:23016:20302:0:2,1,Sous-desservi
austria,10-A18-j26-1,at:47:1187:0:33,at:47:2184:0:18,2,Sous-desservi
austria,10-A18-j26-1,at:47:1187:0:8,at:47:2184:0:18,2,Sous-desservi
austria,10-A18-j26-1,at:47:2184:0:13,at:47:1187:0:3,6,Sous-desservi
austria,10-A18-j26-1,at:47:2184:0:13,at:48:817:0:3,1,Sous-desservi
austria,10-A18-j26-1,at:47:2184:0:13,at:48:817:0:5,3,Sous-desservi
austria,10-A18-j26-1,at:47:2184:0:13,ch:23016:20302:0:2,14,Desserte Normale
austria,10-A18-j26-1,at:47:61321:0:10,at:47:2184:0:18,2,Sous-desservi
austria,10-A18-j26-1,at:48:130:0:12,at:47:1187:0:1,1,Sous-desservi
austria,10-A18-j26-1,at:48:817:0:3,at:47:2184:0:18,2,Sous-desservi
austria,10-A18-j26-1,at:48:817:0:4,at:47:2184:0:18,4,Sous-desservi
austria,10-A18-j26-1,ch:23016:20302:0:2,at:47:1187:0:1,4,Sous-desservi
austria,10-A18-j26-1,ch:23016:20302:0:2,at:47:2184:0:18,14,Desserte Normale
austria,10-A19-j26-1,at:49:1349:0:27,at:44:41164:0:6,1,Sous-desservi
austria,10-A19-j26-1,at:49:1349:0:32,at:43:7242:0:3,1,Sous-desservi
austria,10-A20-j26-1,at:44:41164:0:3,at:46:6938:0:2,1,Sous-desservi
austria,10-A20-j26-1,at:44:41164:0:5,at:46:6938:0:3,2,Sous-desservi
austria,10-A20-j26-1,at:46:6938:0:2,at:44:41164:0:12,1,Sous-desservi
austria,10-A20-j26-1,at:46:6938:0:3,at:44:41164:0:11,3,Sous-desservi
austria,10-A21-j26-1,at:43:4848:0:1,at:49:1349:0:28,1,Sous-desservi
austria,10-A21-j26-1,at:43:4848:0:10,at:49:1349:0:34,1,Sous-desservi
austria,10-A21-j26-1,at:43:4848:0:10,at:49:1468:0:20,1,Sous-desservi
austria,10-A21-j26-1,at:43:5759:0:1,at:49:1468:0:17,2,Sous-desservi
austria,10-A21-j26-1,at:43:7242:0:9,at:49:1349:0:28,1,Sous-desservi
austria,10-A21-j26-1,at:44:41164:0:7,at:49:1349:0:28,10,Desserte Normale
austria,10-A21-j26-1,at:45:50002:0:10,at:49:1349:0:27,1,Sous-desservi
austria,10-A21-j26-1,at:45:50002:0:4,at:49:1349:0:28,1,Sous-desservi
austria,10-A21-j26-1,at:45:50002:0:7,at:49:1349:0:34,4,Sous-desservi
austria,10-A21-j26-1,at:45:50002:0:7,at:49:1349:0:4,1,Sous-desservi
austria,10-A21-j26-1,at:49:1468:0:17,at:44:41164:0:6,4,Sous-desservi
austria,10-A21-j26-1,at:49:1468:0:20,at:45:50002:0:7,2,Sous-desservi
austria,10-A21-j26-1,at:49:1468:0:20,at:49:1349:0:12,2,Sous-desservi
austria,10-A21-j26-1,at:49:1468:0:30,at:49:1349:0:10,1,Sous-desservi
austria,10-A21-j26-1,de:09172:42293:1:1,at:49:1349:0:28,5,Sous-desservi
austria,10-A3-j26-1,at:43:4708:0:1,at:48:452:0:11,9,Desserte Normale
austria,10-A3-j26-1,at:43:4708:0:1,at:48:452:0:9,4,Sous-desservi
austria,10-A3-j26-1,at:44:41164:0:9,at:48:452:0:11,2,Sous-desservi
austria,10-A3-j26-1,at:44:41164:0:9,at:48:585:0:3,1,Sous-desservi
austria,10-A3-j26-1,at:45:50002:0:5,at:48:452:0:11,2,Sous-desservi
austria,10-A3-j26-1,at:45:50002:0:5,at:48:585:0:3,1,Sous-desservi
austria,10-A3-j26-1,at:45:50002:0:7,at:48:452:0:11,2,Sous-desservi
austria,10-A3-j26-1,at:47:1187:0:1,at:48:452:0:11,1,Sous-desservi
austria,10-A3-j26-1,at:47:1187:0:3,at:48:452:0:11,2,Sous-desservi
austria,10-A3-j26-1,at:47:1187:0:33,at:48:452:0:11,1,Sous-desservi
austria,10-A3-j26-1,at:47:2184:0:13,at:48:452:0:11,8,Desserte Normale
austria,10-A3-j26-1,at:48:452:0:7,at:43:4708:0:4,4,Sous-desservi
austria,10-A3-j26-1,at:48:452:0:8,at:43:4708:0:4,12,Desserte Normale
austria,10-A3-j26-1,at:48:452:0:8,at:45:50002:0:7,2,Sous-desservi
austria,10-A3-j26-1,at:48:452:0:8,at:47:1187:0:1,2,Sous-desservi
austria,10-A3-j26-1,at:48:452:0:8,at:47:1187:0:26,1,Sous-desservi
austria,10-A3-j26-1,at:48:452:0:8,at:47:1187:0:8,1,Sous-desservi
austria,10-A3-j26-1,at:48:452:0:8,at:47:2184:0:18,5,Sous-desservi
austria,10-A3-j26-1,at:48:452:0:8,at:49:1349:0:28,20,Desserte Normale
austria,10-A3-j26-1,at:49:1349:0:27,at:48:452:0:11,25,Desserte Normale
austria,10-A4-j26-1,at:42:3654:0:7,at:47:3873:0:9,2,Sous-desservi
austria,10-A4-j26-1,at:47:3873:0:9,at:42:3642:0:4,4,Sous-desservi
austria,10-A62-j26-1,at:44:41164:0:7,hu:17905:27000493:27000459,10,Desserte Normale
austria,10-A62-j26-1,at:44:41164:0:7,hu:28007:51761:0:27000407,4,Sous-desservi
austria,10-A62-j26-1,at:45:50002:0:7,hu:17905:27000493:27000459,3,Sous-desservi
austria,10-A62-j26-1,at:49:1349:0:10,hu:17905:27000493:27000459,1,Sous-desservi
austria,10-A62-j26-1,at:49:1349:0:27,at:45:50002:0:6,1,Sous-desservi
austria,10-A62-j26-1,at:49:1349:0:27,at:45:50002:0:7,4,Sous-desservi
austria,10-A62-j26-1,at:49:1349:0:27,de:09172:42293:1:1,2,Sous-desservi
austria,10-A62-j26-1,at:49:1349:0:27,de:09172:42293:3:4,2,Sous-desservi
austria,10-A62-j26-1,at:49:1349:0:27,de:09262:156:1:1,8,Desserte Normale
austria,10-A62-j26-1,at:49:1349:0:28,hu:17905:27000493:27000459,3,Sous-desservi
austria,10-A62-j26-1,at:49:1349:0:4,hu:17905:27000493:27000459,3,Sous-desservi
austria,10-A62-j26-1,de:09172:42293:1:1,hu:17905:27000493:27000459,12,Desserte Normale
austria,10-A62-j26-1,de:09172:42293:1:1,hu:28007:51761:0:27000407,3,Sous-desservi
austria,10-A62-j26-1,hu:17905:27000493:27000459,at:45:50002:0:6,1,Sous-desservi
austria,10-A62-j26-1,hu:17905:27000493:27000459,at:49:1468:0:1,3,Sous-desservi
austria,10-A62-j26-1,hu:17905:27000493:27000459,at:49:1468:0:2,1,Sous-desservi
austria,10-A62-j26-1,hu:17905:27000493:27000459,de:09162:100:5:10,9,Desserte Normale
austria,10-A62-j26-1,hu:17905:27000493:27000459,de:09262:156:1:1,13,Desserte Normale
austria,10-A7-j26-1,at:42:3654:0:7,at:45:50002:0:7,1,Sous-desservi
austria,10-A7-j26-1,at:42:3654:0:7,at:45:50002:0:9,1,Sous-desservi
austria,10-A7-j26-1,at:42:3654:0:7,de:09172:42293:3:4,5,Sous-desservi
austria,10-A7-j26-1,de:09172:42293:1:1,at:42:3642:0:4,6,Sous-desservi
austria,10-A7-j26-1,de:09172:42293:1:1,at:42:3642:0:7,1,Sous-desservi
austria,10-A8-j26-1,at:45:52197:0:4,at:47:1187:0:1,2,Sous-desservi
austria,10-A8-j26-1,at:46:3040:0:14,at:46:6938:0:3,3,Sous-desservi
austria,10-A8-j26-1,at:46:3040:0:16,at:46:6938:0:2,1,Sous-desservi
austria,10-A8-j26-1,at:46:6938:0:2,at:46:3040:0:12,1,Sous-desservi
austria,10-A8-j26-1,at:46:6938:0:3,at:46:3040:0:7,2,Sous-desservi
austria,10-A8-j26-1,at:47:1187:0:1,at:45:52197:0:4,3,Sous-desservi
austria,10-A9-j26-1,at:42:3654:0:5,it:22095:7068:51:1,3,Sous-desservi
austria,10-A9-j26-1,at:42:3654:0:7,it:22095:7068:51:1,4,Sous-desservi
austria,10-A9-j26-1,at:42:3654:0:8,it:22095:7068:51:1,2,Sous-desservi
austria,10-A9-j26-1,it:22095:7068:51:1,at:42:3642:0:4,4,Sous-desservi
austria,10-A9-j26-1,it:22095:7068:51:1,at:42:3654:0:5,3,Sous-desservi
austria,10-A9-j26-1,it:22095:7068:51:1,at:42:3654:0:8,2,Sous-desservi
austria,10-A92-j26-1,si:63:102:0:1,at:46:30205:0:1,12,Desserte Normale
austria,10-CH1-j26-1,at:48:817:0:5,ch:23016:20302:0:2,6,Sous-desservi
austria,10-CH1-j26-1,ch:23016:20302:0:2,at:48:817:0:4,6,Sous-desservi
austria,10-CH1-j26-1,ch:23026:688:91:3,ch:23016:20309:90:1,1,Sous-desservi
austria,10-CH3-j26-1,ch:23016:20302:0:2,ch:23026:688:91:3,4,Sous-desservi
austria,10-CH3-j26-1,ch:23026:688:91:3,ch:23016:20302:0:2,4,Sous-desservi
austria,10-D15-j26-1,de:09262:156:1:1,at:44:41164:0:7,24,Desserte Normale
austria,10-D16-j26-1,de:09172:42293:1:1,de:09162:100:5:10,1,Sous-desservi
austria,10-D17-j26-1,at:45:50002:0:12,de:09172:42293:1:1,1,Sous-desservi
austria,10-D17-j26-1,at:45:50002:0:12,de:09172:42293:3:4,1,Sous-desservi
austria,10-D17-j26-1,at:45:50002:0:6,de:09172:42293:3:5,1,Sous-desservi
austria,10-D17-j26-1,at:45:50002:0:8,de:09172:42293:3:4,1,Sous-desservi
austria,10-D17-j26-1,at:45:50002:0:8,de:09172:42293:4:8,1,Sous-desservi
austria,10-D17-j26-1,de:09172:42293:1:1,at:45:50002:0:7,3,Sous-desservi
austria,10-D17-j26-1,de:09172:42293:1:1,at:45:50002:0:8,2,Sous-desservi
austria,10-D9-j26-1,de:09162:100:5:10,de:09163:9:15:1,1,Sous-desservi
austria,10-D9-j26-1,de:09163:9:15:1,de:09172:42293:1:1,1,Sous-desservi
austria,10-D9-j26-1,de:09172:42293:1:1,de:09163:9:15:1,1,Sous-desservi
austria,10-HU1-j26-1,hu:17905:27000493:27000459,at:49:1349:0:27,2,Sous-desservi
austria,10-HU1-j26-1,hu:17905:27000493:27000459,at:49:1349:0:31,1,Sous-desservi
austria,10-HU1-j26-1,hu:17905:27000493:27000459,hu:14216:27001535:27001419,3,Sous-desservi
austria,10-HU1-j26-1,hu:17905:27000493:27000459,ro:34:obb1:0:1,1,Sous-desservi
austria,10-HU1-j26-1,hu:17905:27000493:27000459,ua:22005:1:1,1,Sous-desservi
austria,10-HU1-j26-1,hu:17905:27000493:27000459,ua:22010:1:1,1,Sous-desservi
austria,10-HU1-j26-1,ro:34:obb1:0:1,hu:17905:27000493:27000459,1,Sous-desservi
austria,10-HU1-j26-1,ua:22005:1:1,hu:17905:27000493:27000459,1,Sous-desservi
austria,10-HU1-j26-1,ua:22010:1:1,hu:17905:27000493:27000459,1,Sous-desservi
austria,10-I1-j26-1,it:22021:1389:50:31091,it:22021:468:50:30299,3,Sous-desservi
austria,10-I1-j26-1,it:22021:468:50:30299,it:22021:1389:50:31090,1,Sous-desservi
austria,10-I3-j26-1,it:22099:110:51:1,it:22095:7068:51:1,1,Sous-desservi
austria,10-SI1-j26-1,at:42:3654:0:1,si:63:5948:0:1,2,Sous-desservi
austria,10-SI1-j26-1,at:42:3654:0:2,si:63:5948:0:1,3,Sous-desservi
austria,10-SI1-j26-1,at:42:3654:0:5,si:63:5948:0:1,2,Sous-desservi
austria,10-SI1-j26-1,at:42:3654:0:6,si:63:5948:0:1,1,Sous-desservi
austria,10-SI1-j26-1,si:63:5948:0:1,at:42:3654:0:1,2,Sous-desservi
austria,10-SI1-j26-1,si:63:5948:0:1,at:42:3654:0:2,2,Sous-desservi
austria,10-SI1-j26-1,si:63:5948:0:1,at:42:3654:0:5,2,Sous-desservi
austria,10-SI1-j26-1,si:63:5948:0:1,at:42:3654:0:6,2,Sous-desservi
austria,10-SI1-j26-1,si:63:5948:0:1,si:63:311:0:3,7,Desserte Normale
austria,10-SK-j26-1,sk:56:1:0:1,sk:56:2:0:1,2,Sous-desservi
austria,10-SK-j26-1,sk:56:2:0:1,sk:56:1:0:1,2,Sous-desservi
austria,11-220-A-j26-1,at:42:2121:0:1,at:45:52205:0:1,18,Desserte Normale
austria,11-220-A-j26-1,at:45:52205:0:1,at:42:2121:0:1,18,Desserte Normale
austria,12-A-1-j26-1,at:46:3040:0:5,at:45:52197:0:3,1,Sous-desservi
austria,12-A-1-j26-1,at:46:3040:0:5,at:48:817:0:5,1,Sous-desservi
austria,12-A-1-j26-1,at:46:3040:0:5,ch:23016:20302:0:2,7,Desserte Normale
austria,12-A-1-j26-1,at:46:3040:0:5,ch:23016:20309:90:1,4,Sous-desservi
austria,12-A-1-j26-1,at:48:817:0:5,ch:23016:20309:90:1,10,Desserte Normale
austria,12-A-1-j26-1,si:63:102:0:1,si:63:106:0:1,1,Sous-desservi
austria,12-A1-j26-1,at:47:1187:0:33,at:47:2184:0:18,40,Desserte Normale
austria,12-A1-j26-1,at:47:2184:0:13,at:47:1187:0:1,8,Desserte Normale
austria,12-A1-j26-1,at:47:2184:0:13,at:47:1187:0:3,57,Bien desservi
austria,12-A1-j26-1,at:49:1349:0:27,de:09172:42293:1:1,2,Sous-desservi
austria,12-A1-j26-1,at:49:1349:0:31,de:09172:42293:1:1,32,Desserte Normale
austria,12-A1-j26-1,cz:0:5433425:0:1,de:09172:42293:1:1,9,Desserte Normale
austria,12-A1-j26-1,de:09172:42293:1:1,at:49:1349:0:28,34,Desserte Normale
austria,12-A1-j26-1,de:09172:42293:1:1,cz:0:5433425:0:1,6,Sous-desservi
austria,12-A12-j26-1,at:46:3040:0:5,cz:0:5433425:0:1,6,Sous-desservi
austria,12-A12-j26-1,cz:0:5433425:0:1,at:46:3040:0:5,1,Sous-desservi
austria,12-A12-j26-1,cz:0:5433425:0:1,at:46:3040:0:7,5,Sous-desservi
austria,12-A15-A-j26-1,at:42:3642:0:4,at:46:3040:0:16,1,Sous-desservi
austria,12-A15-A-j26-1,at:45:52197:0:4,at:46:3040:0:12,1,Sous-desservi
austria,12-A15-A-j26-1,at:45:52197:0:4,at:46:3040:0:16,1,Sous-desservi
austria,12-A15-A-j26-1,at:48:817:0:3,at:46:3040:0:12,1,Sous-desservi
austria,12-A15-A-j26-1,at:48:817:0:3,at:46:3040:0:16,1,Sous-desservi
austria,12-A15-A-j26-1,at:48:817:0:4,at:42:3654:0:6,2,Sous-desservi
austria,12-A15-A-j26-1,ch:23016:20302:0:2,at:42:3654:0:6,3,Sous-desservi
austria,12-A15-A-j26-1,ch:23016:20302:0:2,at:46:3040:0:12,1,Sous-desservi
austria,12-A15-A-j26-1,ch:23016:20302:0:2,at:46:3040:0:16,3,Sous-desservi
austria,12-A15-A-j26-1,ch:23016:20302:90,at:42:3654:0:6,1,Sous-desservi
austria,12-A15-A-j26-1,ch:23016:20309:90,at:45:52197:0:4,3,Sous-desservi
austria,12-A15-j26-1,at:44:41164:0:7,at:49:1349:0:28,1,Sous-desservi
austria,12-A15-j26-1,at:44:41164:0:7,at:49:1349:0:4,2,Sous-desservi
austria,12-A15-j26-1,de:09262:156:1:1,at:49:1349:0:28,34,Desserte Normale
austria,12-A15-j26-1,de:09262:156:3:5,at:49:1349:0:28,38,Desserte Normale
austria,12-A3-j26-1,at:43:3209:0:4,at:45:50002:0:7,1,Sous-desservi
austria,12-A3-j26-1,at:44:41164:0:7,hu:17905:27000493:27000459,5,Sous-desservi
austria,12-A3-j26-1,at:48:452:0:10,at:48:817:0:5,1,Sous-desservi
austria,12-A3-j26-1,at:48:452:0:8,at:47:1206:0:4,1,Sous-desservi
austria,12-A3-j26-1,at:48:452:0:8,at:48:817:0:3,2,Sous-desservi
austria,12-A3-j26-1,at:48:452:0:8,at:49:1349:0:4,1,Sous-desservi
austria,12-A3-j26-1,at:48:452:0:8,at:49:1350:0:2,7,Desserte Normale
austria,12-A3-j26-1,at:48:452:0:8,hu:17905:27000493:27000459,1,Sous-desservi
austria,12-A3-j26-1,at:48:817:0:4,at:48:452:0:8,1,Sous-desservi
austria,12-A3-j26-1,at:48:817:0:4,at:49:1349:0:4,1,Sous-desservi
austria,12-A3-j26-1,at:48:817:0:4,hu:17905:27000493:27000459,2,Sous-desservi
austria,12-A3-j26-1,at:49:1349:0:31,at:48:817:0:3,6,Sous-desservi
austria,12-A3-j26-1,at:49:1349:0:31,at:48:817:0:5,6,Sous-desservi
austria,12-A3-j26-1,at:49:1350:0:1,at:48:452:0:10,4,Sous-desservi
austria,12-A3-j26-1,at:49:1350:0:1,at:48:452:0:11,3,Sous-desservi
austria,12-A3-j26-1,de:09172:42293:1:1,hu:17905:27000493:27000459,14,Desserte Normale
austria,12-A3-j26-1,hu:17905:27000493:27000459,at:48:452:0:11,3,Sous-desservi
austria,12-A3-j26-1,hu:17905:27000493:27000459,at:48:817:0:3,6,Sous-desservi
austria,12-A3-j26-1,hu:17905:27000493:27000459,at:48:817:0:5,5,Sous-desservi
austria,12-A3-j26-1,hu:17905:27000493:27000459,de:09172:42293:1:1,13,Desserte Normale
austria,12-A5-j26-1,at:48:452:0:8,at:49:1350:0:2,1,Sous-desservi
austria,12-A5-j26-1,at:49:1350:0:1,at:48:452:0:10,1,Sous-desservi
austria,12-A7-j26-1,at:45:50002:0:7,at:42:3642:0:4,1,Sous-desservi
austria,12-A85-j26-1,at:45:52197:0:3,at:45:50002:0:7,1,Sous-desservi
austria,12-A85-j26-1,de:09172:42293:1:1,it:22095:7068:51:1,20,Desserte Normale
austria,12-A85-j26-1,it:22095:7068:51:1,at:45:50002:0:6,1,Sous-desservi
austria,12-A85-j26-1,it:22095:7068:51:1,at:45:52099:0:3,1,Sous-desservi
austria,12-A85-j26-1,it:22095:7068:51:1,de:09172:42293:1:1,19,Desserte Normale
austria,12-A86-j26-1,at:49:1349:0:32,at:42:3654:0:5,1,Sous-desservi
austria,12-A86-j26-1,at:49:1349:0:32,it:22095:7068:51:1,5,Sous-desservi
austria,12-A88-j26-1,si:63:5948:0:1,at:48:817:0:5,6,Sous-desservi
austria,12-A88-j26-1,si:63:5948:0:1,ch:23016:20302:0:2,7,Desserte Normale
austria,12-A9-j26-1,at:42:3654:0:5,at:49:1349:0:28,1,Sous-desservi
austria,12-A9-j26-1,at:46:3040:0:5,at:49:1349:0:10,1,Sous-desservi
austria,12-A9-j26-1,it:22095:7068:51:1,at:49:1349:0:28,8,Desserte Normale
austria,12-A91-j26-1,at:49:1349:0:31,it:22095:7068:51:1,15,Desserte Normale
austria,12-A91-j26-1,it:22095:7068:51:1,at:49:1349:0:4,1,Sous-desservi
austria,12-A91-j26-1,it:22095:7068:51:1,at:49:1349:0:9,13,Desserte Normale
austria,12-A92-j26-1,si:63:102:0:1,sk:56:1:0:1,1,Sous-desservi
austria,12-A92-j26-1,sk:56:1:0:1,si:63:102:0:1,1,Sous-desservi
austria,12-A94-j26-1,ch:23016:20302:0:2,at:44:41164:0:6,1,Sous-desservi
austria,12-A94-j26-1,ch:23016:20302:0:2,at:44:41164:0:7,7,Desserte Normale
austria,12-A94-j26-1,ch:23016:20309:90:1,at:44:41164:0:6,2,Sous-desservi
austria,12-A94-j26-1,ch:23016:20309:90:1,at:44:41164:0:7,1,Sous-desservi
austria,12-A96-j26-1,at:47:1170:0:16,at:47:2184:0:18,18,Desserte Normale
austria,12-A96-j26-1,at:47:2184:0:13,at:47:1170:0:17,22,Desserte Normale
austria,12-A99-j26-1,at:49:1349:0:27,de:09262:156:2:2,28,Desserte Normale
austria,12-A99-j26-1,at:49:1349:0:31,de:09262:156:2:2,29,Desserte Normale
austria,12-A99-j26-1,at:49:1349:0:9,de:09262:156:1:1,1,Sous-desservi
austria,12-CH1-j26-1,at:48:817:0:3,ch:23016:20302:0:2,10,Desserte Normale
austria,12-CH1-j26-1,at:48:817:0:5,ch:23016:20302:0:2,4,Sous-desservi
austria,12-CH1-j26-1,ch:23016:20302:0:2,ch:23026:688:90,2,Sous-desservi
austria,12-CH1-j26-1,ch:23016:20302:0:2,ch:23026:688:91:3,17,Desserte Normale
austria,12-CH1-j26-1,ch:23026:688:90,ch:23016:20302:0:2,2,Sous-desservi
austria,12-CH1-j26-1,ch:23026:688:91:3,ch:23016:20302:0:2,12,Desserte Normale
austria,12-CH2-j26-1,at:44:41164:0:7,at:49:1349:0:4,1,Sous-desservi
austria,12-CH2-j26-1,at:44:41164:0:7,at:49:1349:0:9,1,Sous-desservi
austria,12-CH2-j26-1,at:45:50002:0:7,at:49:1349:0:9,1,Sous-desservi
austria,12-CH2-j26-1,at:45:50002:0:8,at:48:452:0:7,2,Sous-desservi
austria,12-CH2-j26-1,at:48:452:0:7,at:45:50002:0:7,2,Sous-desservi
austria,12-CH2-j26-1,at:49:1349:0:29,at:45:50002:0:8,1,Sous-desservi
austria,12-CH2-j26-1,at:49:1349:0:31,at:45:50002:0:8,3,Sous-desservi
austria,12-CH2-j26-1,at:49:1349:0:31,at:48:452:0:7,3,Sous-desservi
austria,12-CH3-j26-1,ch:23016:20309:90:1,ch:23026:688:91:3,8,Desserte Normale
austria,12-CH3-j26-1,ch:23026:688:91:3,ch:23016:20309:90:1,2,Sous-desservi
austria,12-CZ3-j26-1,cz:0:5433425:0:1,cz:0:5455659:1:1,1,Sous-desservi
austria,12-CZ3-j26-1,cz:0:5433425:0:1,de:11000:900003201:1:51,6,Sous-desservi
austria,12-CZ3-j26-1,cz:0:5455659:1:1,cz:0:5433425:0:1,1,Sous-desservi
austria,12-CZ3-j26-1,de:11000:900003200:2:52,cz:0:5433425:0:1,1,Sous-desservi
austria,12-CZ3-j26-1,de:11000:900003201:2:53,cz:0:5433425:0:1,4,Sous-desservi
austria,12-CZ4-j26-1,at:48:452:0:8,ch:23016:20302:0:2,4,Sous-desservi
austria,12-CZ4-j26-1,ch:23016:20302:0:2,at:48:452:0:8,4,Sous-desservi
austria,12-CZ4-j26-1,ch:23016:20302:0:2,at:48:817:0:5,2,Sous-desservi
austria,12-D1-j26-1,at:45:50002:0:4,be:26:8814001:90:1,2,Sous-desservi
austria,12-D1-j26-1,de:05315:11201:7:72,be:26:8814001:90:1,14,Desserte Normale
austria,12-D1-j26-1,de:05515:41000:91:3,de:09262:156:1:1,16,Desserte Normale
austria,12-D1-j26-1,de:05515:41000:91:3,de:09262:156:3:5,20,Desserte Normale
austria,12-D1-j26-1,de:05913:131:90:10,de:09564:510:1:1,2,Sous-desservi
austria,12-D1-j26-1,de:05913:131:90:10,de:09564:510:2,2,Sous-desservi
austria,12-D1-j26-1,de:05913:131:91:16,de:09262:156:1:1,6,Sous-desservi
austria,12-D1-j26-1,de:05913:131:91:16,de:09564:510:1:1,3,Sous-desservi
austria,12-D1-j26-1,de:05913:131:91:16,de:09564:510:2,2,Sous-desservi
austria,12-D1-j26-1,de:09262:156:2:2,de:05515:41000:91:2,2,Sous-desservi
austria,12-D1-j26-1,de:09262:156:2:2,de:05515:41000:91:3,35,Desserte Normale
austria,12-D1-j26-1,de:09262:156:2:2,de:05913:131:90:10,2,Sous-desservi
austria,12-D1-j26-1,de:09262:156:2:2,de:05913:131:91:16,2,Sous-desservi
austria,12-D1-j26-1,de:09262:156:2:2,de:09564:510:1:1,1,Sous-desservi
austria,12-D1-j26-1,de:09262:156:2:2,de:09564:510:2,1,Sous-desservi
austria,12-D1-j26-1,de:09564:510:1,de:09262:156:1:1,4,Sous-desservi
austria,12-D1-j26-1,de:09564:510:1:1,de:05515:41000:91:2,1,Sous-desservi
austria,12-D1-j26-1,de:09564:510:1:1,de:05515:41000:91:3,8,Desserte Normale
austria,12-D1-j26-1,de:09564:510:1:1,de:09262:156:1:1,9,Desserte Normale
austria,12-D1-j26-1,de:09564:510:2,de:05515:41000:91:3,10,Desserte Normale
austria,12-D1-j26-1,de:09564:510:2,de:09262:156:1:1,4,Sous-desservi
austria,12-D1-j26-1,de:09564:510:2,de:09262:156:3:5,5,Sous-desservi
austria,12-D10-j26-1,de:09172:42293:1:1,si:63:5948:0:1,14,Desserte Normale
austria,12-D10-j26-1,si:63:5948:0:1,de:09172:42293:1:1,14,Desserte Normale
austria,12-D11-j26-1,at:47:2184:0:18,de:09564:510:1:1,21,Desserte Normale
austria,12-D11-j26-1,at:47:2184:0:18,de:09564:510:2,29,Desserte Normale
austria,12-D11-j26-1,be:26:8814001:90:1,de:09163:9:17:4,18,Desserte Normale
austria,12-D16-j26-1,at:47:2184:0:18,de:02000:10950:3:11,5,Sous-desservi
austria,12-D16-j26-1,de:02000:80953:3:9,at:47:2184:0:13,60,Bien desservi
austria,12-D16-j26-1,de:02000:80953:3:9,de:09564:510:1:1,4,Sous-desservi
austria,12-D16-j26-1,de:02000:80953:3:9,de:09564:510:2,4,Sous-desservi
austria,12-D16-j26-1,de:05515:41000:91:3,at:47:2184:0:13,37,Desserte Normale
austria,12-D16-j26-1,de:09564:510:1:1,at:47:2184:0:13,17,Desserte Normale
austria,12-D16-j26-1,de:09564:510:2,at:47:2184:0:13,20,Desserte Normale
austria,12-D17-j26-1,at:47:2184:0:18,de:05515:41000:91:3,13,Desserte Normale
austria,12-D17-j26-1,at:47:2184:0:18,de:05913:131:90:10,8,Desserte Normale
austria,12-D17-j26-1,at:47:2184:0:18,de:05913:131:91:16,4,Sous-desservi
austria,12-D17-j26-1,at:47:2184:0:18,de:09564:510:1:1,10,Desserte Normale
austria,12-D17-j26-1,at:47:2184:0:18,de:09564:510:2,10,Desserte Normale
austria,12-D17-j26-1,de:02000:80953:3:9,de:09172:42293:1:1,2,Sous-desservi
austria,12-D17-j26-1,de:09172:42293:1:1,de:02000:80953:1:5,11,Desserte Normale
austria,12-D17-j26-1,de:09172:42293:1:1,de:05913:131:90:10,6,Sous-desservi
austria,12-D17-j26-1,de:09564:510:1:1,de:02000:80953:1:5,18,Desserte Normale
austria,12-D17-j26-1,de:09564:510:2,de:02000:80953:1:5,29,Desserte Normale
austria,12-D19-j26-1,de:02000:10950:3:11,de:02000:80953:1:5,5,Sous-desservi
austria,12-D3-j26-1,de:02000:80953:3:9,de:09262:156:1:1,27,Desserte Normale
austria,12-D3-j26-1,de:02000:80953:3:9,de:09262:156:3:5,25,Desserte Normale
austria,12-D3-j26-1,de:09262:156:2:2,de:02000:80953:1:5,42,Desserte Normale
austria,12-D5-j26-1,at:47:2184:0:18,de:05515:41000:91:3,2,Sous-desservi
austria,12-D5-j26-1,at:47:2184:0:18,de:09761:100:11:1,1,Sous-desservi
austria,12-D5-j26-1,de:05515:41000:91:3,at:47:2184:0:13,1,Sous-desservi
austria,12-D5-j26-1,de:05515:41000:91:3,de:09162:5:47:88,1,Sous-desservi
austria,12-D5-j26-1,de:05913:131:90:10,at:47:2184:0:13,2,Sous-desservi
austria,12-D6-j26-1,at:47:2184:0:18,de:02000:80953:1:5,3,Sous-desservi
austria,12-D6-j26-1,de:02000:80953:3:9,at:47:2184:0:13,2,Sous-desservi
austria,12-D9-j26-1,be:26:8814001:90:1,de:09172:42293:1:1,4,Sous-desservi
austria,12-D9-j26-1,de:05315:11201:7:72,de:09172:42293:1:1,1,Sous-desservi
austria,12-D9-j26-1,de:05913:131:90:10,de:09172:42293:1:1,7,Desserte Normale
austria,12-D9-j26-1,de:05913:131:91:16,de:09172:42293:1:1,1,Sous-desservi
austria,12-D9-j26-1,de:08111:6115:1:1,de:09172:42293:1:1,7,Desserte Normale
austria,12-D9-j26-1,de:08111:6115:3:5,de:09172:42293:1:1,2,Sous-desservi
austria,12-D9-j26-1,de:08111:6115:8:16,de:09172:42293:1:1,8,Desserte Normale
austria,12-D9-j26-1,de:09162:100:11:11,de:09172:42293:1:1,4,Sous-desservi
austria,12-D9-j26-1,de:09162:100:11:14,de:09172:42293:1:1,3,Sous-desservi
austria,12-D9-j26-1,de:09162:100:5:10,de:09172:42293:1:1,4,Sous-desservi
austria,12-D9-j26-1,de:09162:5:47:88,de:09172:42293:1:1,1,Sous-desservi
austria,12-D9-j26-1,de:09163:9:15:1,de:09172:42293:1:1,18,Desserte Normale
austria,12-D9-j26-1,de:09172:42293:1:1,at:45:50002:0:9,1,Sous-desservi
austria,12-D9-j26-1,de:09172:42293:1:1,de:05315:11201:7:72,16,Desserte Normale
austria,12-D9-j26-1,de:09172:42293:1:1,de:05515:41000:91:3,1,Sous-desservi
austria,12-D9-j26-1,de:09172:42293:1:1,de:05515:41000:94:14,1,Sous-desservi
austria,12-D9-j26-1,de:09172:42293:1:1,de:05913:131:90:10,1,Sous-desservi
austria,12-D9-j26-1,de:09172:42293:1:1,de:08111:6115:5:10,4,Sous-desservi
austria,12-D9-j26-1,de:09172:42293:1:1,de:08111:6115:5:9,8,Desserte Normale
austria,12-D9-j26-1,de:09172:42293:1:1,de:09162:100:11:12,4,Sous-desservi
austria,12-D9-j26-1,de:09172:42293:1:1,de:09162:100:5:10,5,Sous-desservi
austria,12-D9-j26-1,de:09564:510:1,de:09172:42293:1:1,3,Sous-desservi
austria,12-D9-j26-1,de:09564:510:1:1,de:09172:42293:1:1,4,Sous-desservi
austria,12-D9-j26-1,de:09761:100:11:1,de:05913:131:90:10,1,Sous-desservi
austria,12-HU1-j26-1,hu:14216:27001535:27001419,hu:17905:27000493:27000459,6,Sous-desservi
austria,12-HU1-j26-1,hu:17905:27000493:27000459,hu:14216:27001535:27001419,7,Desserte Normale
austria,12-I3-j26-1,it:22079:stv1:1:1,it:22095:7068:51:1,9,Desserte Normale
austria,12-I3-j26-1,it:22095:7068:51:1,it:22079:stv1:1:1,6,Sous-desservi
austria,12-I3-j26-1,it:22095:7068:51:1,it:22099:110:51:1,14,Desserte Normale
austria,12-I3-j26-1,it:22099:110:51:1,it:22095:7068:51:1,12,Desserte Normale
austria,12-SI1-j26-1,at:42:3654:0:1,si:63:5948:0:1,4,Sous-desservi
austria,12-SI1-j26-1,hr:62:80:0:1,si:63:5948:0:1,18,Desserte Normale
austria,12-SI1-j26-1,si:63:5948:0:1,hr:62:80:0:1,6,Sous-desservi
austria,12-SI2-j26-1,at:45:50002:0:7,si:63:5948:0:1,1,Sous-desservi
austria,12-SI2-j26-1,at:45:52197:0:4,si:63:5948:0:1,1,Sous-desservi
austria,12-SI2-j26-1,hr:62:65:0:1,si:63:102:0:1,1,Sous-desservi
austria,12-SI2-j26-1,si:63:106:0:1,hr:62:65:0:1,1,Sous-desservi
austria,12-SI2-j26-1,si:63:5948:0:1,at:45:50002:0:7,1,Sous-desservi
austria,13-101-D-j26-1,at:44:41164:0:1,at:44:99981:0:1,3,Sous-desservi
austria,13-101-D-j26-1,at:44:41164:0:3,at:44:99981:0:1,1,Sous-desservi
austria,13-101-D-j26-1,at:44:99981:0:1,at:44:41164:0:1,3,Sous-desservi
austria,13-101-D-j26-1,at:44:99981:0:1,at:44:41164:0:3,1,Sous-desservi
austria,13-A-1-j26-1,at:45:50002:0:7,at:48:817:0:5,2,Sous-desservi
austria,13-A-1-j26-1,at:48:817:0:4,at:45:50002:0:7,3,Sous-desservi
austria,13-A-1-j26-1,ch:23016:20302:0:2,at:47:1187:0:1,1,Sous-desservi
austria,13-A-1-j26-1,ch:23016:20302:0:2,ch:23026:688:91:3,2,Sous-desservi
austria,13-A-1-j26-1,ch:23026:688:91:3,ch:23016:20302:0:2,2,Sous-desservi
austria,13-A-2-j26-1,at:42:3654:0:7,de:09172:42293:3:4,1,Sous-desservi
austria,13-A-2-j26-1,at:45:50002:0:12,si:63:5948:0:1,1,Sous-desservi
austria,13-A-2-j26-1,at:45:50002:0:6,de:09172:42293:1:1,5,Sous-desservi
austria,13-A-2-j26-1,at:45:50002:0:7,de:09172:42293:1:1,4,Sous-desservi
austria,13-A-2-j26-1,de:09172:42293:1:1,at:42:3654:0:8,2,Sous-desservi
austria,13-A-2-j26-1,si:63:102:0:1,hr:62:80:0:1,1,Sous-desservi
austria,13-A-2-j26-1,si:63:102:0:1,si:63:106:0:1,12,Desserte Normale
austria,13-A-2-j26-1,si:63:102:0:1,si:63:311:0:3,1,Sous-desservi
austria,13-A-2-j26-1,si:63:106:0:1,si:63:311:0:3,2,Sous-desservi
austria,13-A-2-j26-1,si:63:311:0:3,si:63:5948:0:1,2,Sous-desservi
austria,13-A-2-j26-1,si:63:5948:0:1,at:42:3654:0:1,1,Sous-desservi
austria,13-A-2-j26-1,si:63:5948:0:1,de:09172:42293:3:4,1,Sous-desservi
austria,13-A10-j26-1,at:42:3642:0:47,at:46:3040:0:12,6,Sous-desservi
austria,13-A10-j26-1,at:42:3642:0:47,at:46:3040:0:14,8,Desserte Normale
austria,13-A10-j26-1,at:42:3642:0:47,at:46:3040:0:16,1,Sous-desservi
austria,13-A10-j26-1,at:42:3642:0:6,at:45:50002:0:5,1,Sous-desservi
austria,13-A10-j26-1,at:42:3642:0:6,at:46:3040:0:14,2,Sous-desservi
austria,13-A10-j26-1,at:42:3654:0:1,at:45:50002:0:11,1,Sous-desservi
austria,13-A10-j26-1,at:42:3654:0:1,at:45:50002:0:5,3,Sous-desservi
austria,13-A10-j26-1,at:42:3654:0:1,at:45:50002:0:7,1,Sous-desservi
austria,13-A10-j26-1,at:42:3654:0:5,at:45:50002:0:5,2,Sous-desservi
austria,13-A10-j26-1,at:42:3654:0:5,at:46:3040:0:14,2,Sous-desservi
austria,13-A10-j26-1,at:45:50002:0:12,at:42:3642:0:4,1,Sous-desservi
austria,13-A10-j26-1,at:45:50002:0:12,at:42:3654:0:1,4,Sous-desservi
austria,13-A10-j26-1,at:45:50002:0:12,at:42:3654:0:5,2,Sous-desservi
austria,13-A10-j26-1,at:45:50002:0:12,at:46:3040:0:14,1,Sous-desservi
austria,13-A10-j26-1,at:46:3040:0:10,at:42:3642:0:47,6,Sous-desservi
austria,13-A10-j26-1,at:46:3040:0:10,at:42:3654:0:6,1,Sous-desservi
austria,13-A10-j26-1,at:46:3040:0:10,at:45:50002:0:5,1,Sous-desservi
austria,13-A10-j26-1,at:46:3040:0:12,at:42:3642:0:47,1,Sous-desservi
austria,13-A10-j26-1,at:46:3040:0:12,at:46:5511:0:2,2,Sous-desservi
austria,13-A10-j26-1,at:46:3040:0:14,at:42:3642:0:47,2,Sous-desservi
austria,13-A10-j26-1,at:46:3040:0:16,at:42:3642:0:47,2,Sous-desservi
austria,13-A10-j26-1,at:46:3040:0:7,at:42:3642:0:47,5,Sous-desservi
austria,13-A12-1-j26-1,at:43:4708:0:4,at:49:1349:0:27,3,Sous-desservi
austria,13-A12-1-j26-1,at:43:4708:0:4,at:49:1349:0:31,1,Sous-desservi
austria,13-A12-1-j26-1,at:46:3040:0:16,cz:0:5433425:0:1,2,Sous-desservi
austria,13-A12-1-j26-1,at:49:1349:0:28,at:43:4708:0:4,2,Sous-desservi
austria,13-A12-1-j26-1,si:63:102:0:1,at:49:1349:0:4,2,Sous-desservi
austria,13-A12-2-j26-1,at:46:3040:0:14,at:49:1349:0:4,2,Sous-desservi
austria,13-A12-2-j26-1,at:49:1349:0:27,at:46:3040:0:5,1,Sous-desservi
austria,13-A12-2-j26-1,at:49:1349:0:29,si:63:102:0:1,1,Sous-desservi
austria,13-A12-2-j26-1,at:49:1349:0:31,at:46:3040:0:10,2,Sous-desservi
austria,13-A12-2-j26-1,at:49:1349:0:31,at:46:3040:0:12,1,Sous-desservi
austria,13-A12-2-j26-1,at:49:1349:0:31,at:46:3040:0:5,1,Sous-desservi
austria,13-A12-2-j26-1,at:49:1349:0:31,si:63:102:0:1,2,Sous-desservi
austria,13-A12-2-j26-1,cz:0:5433425:0:1,at:46:3040:0:10,2,Sous-desservi
austria,13-A12-j26-1,at:49:1349:0:28,cz:0:5433425:0:1,6,Sous-desservi
austria,13-A12-j26-1,at:49:1468:0:15,cz:0:5433425:0:1,10,Desserte Normale
austria,13-A12-j26-1,at:49:1468:0:17,cz:0:5433425:0:1,2,Sous-desservi
austria,13-A12-j26-1,at:49:1468:0:30,cz:0:5433425:0:1,4,Sous-desservi
austria,13-A12-j26-1,cz:0:5433425:0:1,at:49:1015:0:18,4,Sous-desservi
austria,13-A12-j26-1,cz:0:5433425:0:1,at:49:1015:0:8,8,Desserte Normale
austria,13-A12-j26-1,pl:18:stv14804:1:1,cz:55803:NVBW_CSD_5:0:1,4,Sous-desservi
austria,13-A13-j26-1,at:43:4708:0:4,at:44:42107:0:4,3,Sous-desservi
austria,13-A13-j26-1,at:43:4708:0:4,at:44:47000:0:3,1,Sous-desservi
austria,13-A13-j26-1,at:43:4708:0:4,at:45:50002:0:10,17,Desserte Normale
austria,13-A13-j26-1,at:43:4708:0:4,at:45:50002:0:5,4,Sous-desservi
austria,13-A13-j26-1,at:44:41164:0:10,at:43:4708:0:4,3,Sous-desservi
austria,13-A13-j26-1,at:44:42107:0:4,at:43:4708:0:4,2,Sous-desservi
austria,13-A13-j26-1,at:44:47000:0:3,at:43:4708:0:4,1,Sous-desservi
austria,13-A13-j26-1,at:45:50002:0:8,at:43:4708:0:4,20,Desserte Normale
austria,13-A13-j26-1,at:49:1015:0:18,at:49:1468:0:15,2,Sous-desservi
austria,13-A13-j26-1,at:49:1015:0:8,at:49:1468:0:1,2,Sous-desservi
austria,13-A13-j26-1,at:49:1015:0:8,at:49:1468:0:15,4,Sous-desservi
austria,13-A13-j26-1,at:49:1015:0:8,at:49:1468:0:17,2,Sous-desservi
austria,13-A13-j26-1,at:49:1015:0:8,at:49:1468:0:30,2,Sous-desservi
austria,13-A13-j26-1,at:49:1468:0:30,sk:56:1:0:1,4,Sous-desservi
austria,13-A13-j26-1,ch:23016:20309:90:1,at:47:1187:0:26,1,Sous-desservi
austria,13-A13-j26-1,sk:56000:5613600:0:1,sk:56:1:0:1,3,Sous-desservi
austria,13-A13-j26-1,sk:56:1:0:1,at:49:1468:0:1,2,Sous-desservi
austria,13-A13-j26-1,sk:56:1:0:1,at:49:1468:0:30,2,Sous-desservi
austria,13-A13-j26-1,sk:56:1:0:1,sk:56000:5613600:0:1,3,Sous-desservi
austria,13-A14-j26-1,at:45:50002:0:4,at:47:1170:0:20,10,Desserte Normale
austria,13-A14-j26-1,at:45:50002:0:4,at:47:1170:0:21,2,Sous-desservi
austria,13-A14-j26-1,at:45:50002:0:5,at:47:1170:0:20,2,Sous-desservi
austria,13-A14-j26-1,at:45:50002:0:7,pl:51020:0:1,1,Sous-desservi
austria,13-A14-j26-1,at:47:1170:0:20,at:45:50002:0:4,14,Desserte Normale
austria,13-A14-j26-1,at:47:1170:0:22,at:49:1468:0:17,2,Sous-desservi
austria,13-A14-j26-1,at:49:1468:0:17,at:44:41164:0:6,1,Sous-desservi
austria,13-A14-j26-1,at:49:1468:0:17,at:47:1164:0:2,1,Sous-desservi
austria,13-A14-j26-1,cz:0:5433425:0:1,at:45:50002:0:6,5,Sous-desservi
austria,13-A14-j26-1,cz:0:5433425:0:1,at:45:50002:0:7,4,Sous-desservi
austria,13-A17-j26-1,at:44:41164:0:1,at:44:42390:0:1,1,Sous-desservi
austria,13-A17-j26-1,at:44:41164:0:3,at:44:42390:0:2,1,Sous-desservi
austria,13-A17-j26-1,at:44:41164:0:3,at:44:43589:0:2,2,Sous-desservi
austria,13-A17-j26-1,at:44:41164:0:3,at:46:6938:0:5,1,Sous-desservi
austria,13-A17-j26-1,at:44:42390:0:2,at:44:41164:0:1,2,Sous-desservi
austria,13-A17-j26-1,at:44:43500:0:1,at:46:6938:0:3,1,Sous-desservi
austria,13-A17-j26-1,at:44:43589:0:1,at:44:41164:0:4,2,Sous-desservi
austria,13-A17-j26-1,at:45:52099:0:7,at:46:6938:0:3,1,Sous-desservi
austria,13-A17-j26-1,at:45:52099:0:7,at:49:1468:0:17,1,Sous-desservi
austria,13-A17-j26-1,at:45:52099:0:9,at:49:1468:0:29,1,Sous-desservi
austria,13-A17-j26-1,at:46:3040:0:7,at:46:7208:0:3,2,Sous-desservi
austria,13-A17-j26-1,at:46:6938:0:5,at:44:41164:0:3,1,Sous-desservi
austria,13-A17-j26-1,at:46:7208:0:4,at:46:3040:0:16,1,Sous-desservi
austria,13-A17-j26-1,at:49:1468:0:17,at:45:52099:0:7,3,Sous-desservi
austria,13-A19-j26-1,at:44:41164:0:6,at:46:6892:0:8,2,Sous-desservi
austria,13-A19-j26-1,at:46:6892:0:8,at:43:4848:0:10,1,Sous-desservi
austria,13-A3-j26-1,at:45:50002:0:9,hu:17905:27000493:27000459,7,Desserte Normale
austria,13-A3-j26-1,at:49:1349:0:4,hu:17905:27000493:27000459,1,Sous-desservi
austria,13-A3-j26-1,at:49:1468:0:15,hu:17905:27000493:27000459,6,Sous-desservi
austria,13-A3-j26-1,at:49:1468:0:17,hu:17905:27000493:27000459,1,Sous-desservi
austria,13-A3-j26-1,at:49:1468:0:30,hu:17905:27000493:27000459,1,Sous-desservi
austria,13-A3-j26-1,hu:17905:27000493:27000459,at:45:50002:0:6,13,Desserte Normale
austria,13-A3-j26-1,hu:17905:27000493:27000459,at:45:50002:0:7,1,Sous-desservi
austria,13-A3-j26-1,hu:17905:27000493:27000459,at:49:1349:0:31,1,Sous-desservi
austria,13-A3-j26-1,hu:17905:27000493:27000459,at:49:1468:0:1,6,Sous-desservi
austria,13-A3-j26-1,hu:17905:27000493:27000459,at:49:1468:0:15,2,Sous-desservi
austria,13-A3-j26-1,hu:17905:27000493:27000459,hu:14216:27001535:27001419,1,Sous-desservi
austria,13-A3-j26-1,hu:55635:0:1,ua:22010:1:1,1,Sous-desservi
austria,13-A3-j26-1,ua:22010:1:1,hu:55635:0:1,1,Sous-desservi
austria,13-A4-j26-1,at:42:3642:0:47,at:46:2065:0:5,6,Sous-desservi
austria,13-A4-j26-1,at:42:3642:0:47,at:46:6313:0:2,1,Sous-desservi
austria,13-A4-j26-1,at:42:3642:0:6,at:46:2065:0:5,2,Sous-desservi
austria,13-A4-j26-1,at:42:3642:0:6,at:46:6313:0:2,1,Sous-desservi
austria,13-A4-j26-1,at:42:3642:0:6,at:49:1349:0:33,1,Sous-desservi
austria,13-A4-j26-1,at:42:3642:0:6,at:49:1349:0:9,1,Sous-desservi
austria,13-A4-j26-1,at:42:3654:0:1,at:49:1349:0:4,2,Sous-desservi
austria,13-A4-j26-1,at:42:3654:0:5,at:49:1349:0:10,1,Sous-desservi
austria,13-A4-j26-1,at:42:3654:0:7,at:49:1349:0:4,1,Sous-desservi
austria,13-A4-j26-1,at:46:2065:0:5,at:42:3642:0:47,4,Sous-desservi
austria,13-A4-j26-1,at:46:2065:0:7,at:42:3642:0:47,4,Sous-desservi
austria,13-A4-j26-1,at:46:3040:0:10,at:49:1349:0:4,1,Sous-desservi
austria,13-A4-j26-1,at:46:3040:0:14,at:49:1349:0:4,3,Sous-desservi
austria,13-A4-j26-1,at:46:3040:0:16,at:49:1349:0:33,2,Sous-desservi
austria,13-A4-j26-1,at:46:3040:0:16,at:49:1349:0:4,2,Sous-desservi
austria,13-A4-j26-1,at:46:3040:0:16,at:49:1349:0:9,2,Sous-desservi
austria,13-A4-j26-1,at:46:6313:0:2,at:42:3642:0:47,2,Sous-desservi
austria,13-A4-j26-1,at:46:7426:0:8,at:42:3642:0:47,1,Sous-desservi
austria,13-A4-j26-1,at:49:1349:0:31,at:42:3642:0:7,1,Sous-desservi
austria,13-A4-j26-1,at:49:1349:0:31,at:42:3654:0:5,1,Sous-desservi
austria,13-A4-j26-1,at:49:1349:0:31,at:42:3654:0:6,2,Sous-desservi
austria,13-A4-j26-1,at:49:1349:0:31,at:46:3040:0:10,2,Sous-desservi
austria,13-A6-j26-1,at:43:4848:0:10,at:49:1468:0:29,1,Sous-desservi
austria,13-A6-j26-1,at:44:41164:0:3,at:46:3040:0:12,6,Sous-desservi
austria,13-A6-j26-1,at:44:41164:0:3,at:46:3040:0:16,1,Sous-desservi
austria,13-A6-j26-1,at:44:41164:0:3,at:46:3040:0:2,2,Sous-desservi
austria,13-A6-j26-1,at:44:41164:0:3,at:46:3040:0:7,1,Sous-desservi
austria,13-A6-j26-1,at:44:41164:0:4,at:46:3040:0:16,1,Sous-desservi
austria,13-A6-j26-1,at:44:41164:0:5,at:46:3040:0:7,1,Sous-desservi
austria,13-A6-j26-1,at:44:43500:0:2,at:46:3040:0:16,1,Sous-desservi
austria,13-A6-j26-1,at:44:43649:0:1,at:46:3040:0:12,2,Sous-desservi
austria,13-A6-j26-1,at:46:3040:0:14,at:44:41164:0:4,1,Sous-desservi
austria,13-A6-j26-1,at:46:3040:0:16,at:44:41164:0:12,1,Sous-desservi
austria,13-A6-j26-1,at:46:3040:0:16,at:44:41164:0:4,3,Sous-desservi
austria,13-A6-j26-1,at:46:3040:0:16,at:44:41164:0:5,1,Sous-desservi
austria,13-A6-j26-1,at:46:3040:0:16,at:44:43500:0:2,2,Sous-desservi
austria,13-A6-j26-1,at:46:3040:0:16,at:44:43649:0:1,2,Sous-desservi
austria,13-A6-j26-1,at:46:3040:0:2,at:44:41164:0:12,1,Sous-desservi
austria,13-A6-j26-1,at:46:3040:0:2,at:44:43500:0:2,1,Sous-desservi
austria,13-A6-j26-1,at:46:3040:0:7,at:44:41164:0:4,2,Sous-desservi
austria,13-A6-j26-1,at:46:6938:0:3,at:49:1468:0:29,1,Sous-desservi
austria,13-A6-j26-1,at:46:6938:0:5,at:49:1468:0:29,1,Sous-desservi
austria,13-A6-j26-1,at:49:1468:0:17,at:46:6938:0:5,1,Sous-desservi
austria,13-A7-j26-1,at:42:3642:0:7,de:09172:42293:3:4,2,Sous-desservi
austria,13-A7-j26-1,at:45:50002:0:8,at:42:3654:0:1,1,Sous-desservi
austria,13-A8-j26-1,at:45:52106:0:2,at:46:7208:0:3,2,Sous-desservi
austria,13-A8-j26-1,at:45:52106:0:2,at:46:7208:0:4,2,Sous-desservi
austria,13-A8-j26-1,at:45:54001:0:2,at:47:1187:0:1,1,Sous-desservi
austria,13-A8-j26-1,at:45:54001:0:2,at:47:1187:0:3,1,Sous-desservi
austria,13-A8-j26-1,at:45:54001:0:2,at:47:1187:0:8,1,Sous-desservi
austria,13-A8-j26-1,at:45:54001:0:2,at:47:61321:0:9,1,Sous-desservi
austria,13-A8-j26-1,at:45:54001:0:3,at:46:3040:0:12,1,Sous-desservi
austria,13-A8-j26-1,at:46:3040:0:10,at:47:1170:0:15,1,Sous-desservi
austria,13-A8-j26-1,at:46:3040:0:10,at:47:1187:0:1,3,Sous-desservi
austria,13-A8-j26-1,at:46:3040:0:10,at:47:61321:0:9,2,Sous-desservi
austria,13-A8-j26-1,at:46:3040:0:14,at:47:1170:0:17,1,Sous-desservi
austria,13-A8-j26-1,at:46:3040:0:14,at:47:1187:0:1,1,Sous-desservi
austria,13-A8-j26-1,at:46:3040:0:14,at:47:61321:0:9,1,Sous-desservi
austria,13-A8-j26-1,at:46:3040:0:16,at:47:1187:0:1,1,Sous-desservi
austria,13-A8-j26-1,at:46:3040:0:16,at:47:61321:0:9,1,Sous-desservi
austria,13-A8-j26-1,at:46:3040:0:5,at:47:1187:0:1,1,Sous-desservi
austria,13-A8-j26-1,at:46:3040:0:5,at:47:1187:0:3,1,Sous-desservi
austria,13-A8-j26-1,at:46:3040:0:5,ch:23016:20302:0:2,3,Sous-desservi
austria,13-A8-j26-1,at:46:3040:0:7,at:45:54001:0:2,2,Sous-desservi
austria,13-A8-j26-1,at:46:3040:0:7,at:47:1187:0:1,2,Sous-desservi
austria,13-A8-j26-1,at:46:3040:0:7,at:47:61321:0:9,1,Sous-desservi
austria,13-A8-j26-1,at:46:7208:0:4,at:47:1187:0:1,2,Sous-desservi
austria,13-A8-j26-1,at:46:7208:0:4,at:47:61321:0:9,1,Sous-desservi
austria,13-A8-j26-1,at:47:1170:0:16,at:46:3040:0:7,1,Sous-desservi
austria,13-A8-j26-1,at:47:1187:0:1,at:45:52106:0:2,1,Sous-desservi
austria,13-A8-j26-1,at:47:1187:0:1,at:46:3040:0:12,2,Sous-desservi
austria,13-A8-j26-1,at:47:1187:0:1,at:46:3040:0:14,2,Sous-desservi
austria,13-A8-j26-1,at:47:1187:0:1,at:46:3040:0:7,2,Sous-desservi
austria,13-A8-j26-1,at:47:1187:0:1,ch:23016:20302:0:2,3,Sous-desservi
austria,13-A8-j26-1,at:47:1187:0:3,at:46:3040:0:14,3,Sous-desservi
austria,13-A8-j26-1,at:47:1187:0:33,at:46:3040:0:14,1,Sous-desservi
austria,13-A8-j26-1,at:47:1187:0:8,at:46:3040:0:14,1,Sous-desservi
austria,13-A8-j26-1,at:47:61321:0:10,at:45:52106:0:2,1,Sous-desservi
austria,13-A8-j26-1,at:47:61321:0:10,at:46:3040:0:12,2,Sous-desservi
austria,13-A8-j26-1,at:47:61321:0:10,at:46:3040:0:14,4,Sous-desservi
austria,13-A8-j26-1,at:47:61321:0:10,at:46:3040:0:7,1,Sous-desservi
austria,13-A8-j26-1,ch:23016:20302:0:2,at:46:3040:0:14,1,Sous-desservi
austria,13-A8-j26-1,ch:23016:20302:0:2,at:47:1187:0:1,2,Sous-desservi
austria,13-A8-j26-1,ch:23016:20302:0:2,at:47:1187:0:33,1,Sous-desservi
austria,13-A9-j26-1,at:42:3625:0:1,at:42:3642:0:47,1,Sous-desservi
austria,13-A9-j26-1,at:42:3625:0:2,at:42:3642:0:47,1,Sous-desservi
austria,13-A9-j26-1,at:42:3642:0:47,at:42:3625:0:1,1,Sous-desservi
austria,13-A9-j26-1,at:42:3642:0:47,at:42:3625:0:2,1,Sous-desservi
austria,13-A95-j26-1,at:47:1187:0:26,at:48:585:0:3,1,Sous-desservi
austria,13-A95-j26-1,at:47:1187:0:26,at:48:817:0:5,1,Sous-desservi
austria,13-A95-j26-1,at:48:817:0:4,at:47:1187:0:26,1,Sous-desservi
austria,13-A96-j26-1,at:47:1164:0:2,at:47:1170:0:13,1,Sous-desservi
austria,13-A98-j26-1,at:44:41164:0:10,at:49:1349:0:28,2,Sous-desservi
austria,13-A98-j26-1,at:44:41164:0:7,at:49:1349:0:28,1,Sous-desservi
austria,13-A98-j26-1,at:44:42107:0:4,at:49:1349:0:28,1,Sous-desservi
austria,13-A98-j26-1,at:49:1349:0:27,at:44:41164:0:10,1,Sous-desservi
austria,13-A98-j26-1,at:49:1349:0:27,de:09277:80490:1:2,2,Sous-desservi
austria,13-A98-j26-1,at:49:1349:0:29,at:45:50002:0:4,1,Sous-desservi
austria,13-A98-j26-1,at:49:1349:0:31,de:09277:80490:1:2,1,Sous-desservi
austria,13-A98-j26-1,de:09277:80490:2:1,at:49:1349:0:28,3,Sous-desservi
austria,13-A99-j26-1,at:47:2184:0:13,it:22021:1389:50:31090,9,Desserte Normale
austria,13-A99-j26-1,it:22021:1389:50:31091,at:47:2184:0:18,5,Sous-desservi
austria,13-AD3-j26-1,at:45:50002:0:7,at:49:1349:0:28,1,Sous-desservi
austria,13-AD3-j26-1,at:45:50002:0:8,at:49:1349:0:28,4,Sous-desservi
austria,13-AD3-j26-1,at:49:1349:0:27,at:45:50002:0:6,1,Sous-desservi
austria,13-AD3-j26-1,at:49:1349:0:27,at:45:50002:0:7,1,Sous-desservi
austria,13-AD3-j26-1,at:49:1349:0:27,at:45:50002:0:9,4,Sous-desservi
austria,13-AD3-j26-1,de:09172:42293:1:1,at:49:1349:0:28,6,Sous-desservi
austria,13-CH2-j26-1,ch:23016:20309:90:1,de:09776:1592:1:1,2,Sous-desservi
austria,13-CH2-j26-1,ch:23016:20309:90:1,de:09776:1592:2:2,31,Desserte Normale
austria,13-CH2-j26-1,ch:23026:688:91:3,ch:23016:20309:90:1,1,Sous-desservi
austria,13-CH2-j26-1,de:09776:1592:2:2,ch:23016:20309:90:1,35,Desserte Normale
austria,13-CH2-j26-1,de:09776:1592:2:4,ch:23016:20309:90:1,2,Sous-desservi
austria,13-E8-j26-1,at:46:1839:0:1,at:46:3040:0:5,1,Sous-desservi
austria,13-E8-j26-1,at:46:1839:0:1,at:46:3040:0:7,2,Sous-desservi
austria,13-E8-j26-1,at:46:1839:0:3,at:46:3040:0:7,1,Sous-desservi
austria,13-E8-j26-1,at:46:30205:0:1,at:46:3040:0:16,1,Sous-desservi
austria,13-E8-j26-1,at:46:30205:0:1,at:46:3040:0:7,13,Desserte Normale
austria,13-E8-j26-1,at:46:3040:0:19,hu:31583:27000652:27000612,1,Sous-desservi
austria,13-E8-j26-1,at:46:3040:0:7,at:46:1839:0:1,4,Sous-desservi
austria,13-E8-j26-1,at:46:3040:0:7,at:46:1839:0:3,1,Sous-desservi
austria,13-E8-j26-1,at:46:3040:0:7,si:63:102:0:1,13,Desserte Normale
austria,13-E8-j26-1,hu:31583:27000652:27000612,at:46:3040:0:5,1,Sous-desservi
austria,13-E8-j26-1,hu:31583:27000652:27000612,si:63:102:0:1,1,Sous-desservi
austria,13-E8-j26-1,si:63:102:0:1,at:46:3040:0:16,1,Sous-desservi
austria,13-E8-j26-1,si:63:102:0:1,at:46:3040:0:7,13,Desserte Normale
austria,13-E8-j26-1,si:63:102:0:1,hu:31583:27000652:27000612,1,Sous-desservi
austria,13-E8-j26-1,si:63:106:0:1,si:63:102:0:1,11,Desserte Normale
austria,13-E8-j26-1,si:63:311:0:3,si:63:102:0:1,1,Sous-desservi
austria,14-A10-j26-1,at:42:3642:0:4,at:46:3040:0:14,22,Desserte Normale
austria,14-A10-j26-1,at:42:3642:0:4,at:46:3040:0:5,7,Desserte Normale
austria,14-A10-j26-1,at:46:3040:0:10,at:45:50002:0:5,23,Desserte Normale
austria,14-A3-j26-1,at:47:1187:0:1,de:09776:1592:1:1,13,Desserte Normale
austria,14-A3-j26-1,at:47:2184:0:13,at:48:130:0:1,3,Sous-desservi
austria,14-A3-j26-1,at:48:130:0:1,at:47:2184:0:18,4,Sous-desservi
austria,14-A3-j26-1,at:49:1349:0:27,de:09172:42293:3:5,1,Sous-desservi
austria,14-A3-j26-1,at:49:1349:0:31,de:09172:42293:3:5,2,Sous-desservi
austria,14-A3-j26-1,de:09163:9:15:1,at:49:1349:0:28,1,Sous-desservi
austria,14-A3-j26-1,de:09172:42293:1:1,at:49:1349:0:28,2,Sous-desservi
austria,14-A3-j26-1,de:09776:1592:1:1,at:47:1187:0:26,6,Sous-desservi
austria,14-A3-j26-1,de:09776:1592:1:1,at:47:1187:0:33,3,Sous-desservi
austria,14-A3-j26-1,de:09776:1592:2:2,at:47:1187:0:33,5,Sous-desservi
austria,14-A7-j26-1,at:45:50002:0:5,de:09172:42293:3:4,23,Desserte Normale
austria,14-A7-j26-1,de:09172:42293:1:1,at:42:3642:0:4,29,Desserte Normale
austria,14-A95-j26-1,at:47:1187:0:1,at:47:2184:0:18,1,Sous-desservi
austria,14-A95-j26-1,at:47:1187:0:26,at:47:2184:0:18,1,Sous-desservi
austria,14-A95-j26-1,at:47:1187:0:33,at:47:2184:0:18,6,Sous-desservi
austria,14-A95-j26-1,at:47:2184:0:13,at:47:1187:0:3,6,Sous-desservi
austria,14-A95-j26-1,at:47:2184:0:13,at:47:61321:0:9,1,Sous-desservi
austria,14-A95-j26-1,at:47:61321:0:10,at:47:2184:0:18,1,Sous-desservi
austria,14-A96-j26-1,at:45:52197:0:5,at:47:2184:0:18,8,Desserte Normale
austria,14-A96-j26-1,at:47:2184:0:13,at:45:52197:0:5,7,Desserte Normale
austria,14-A98-j26-1,at:49:1349:0:27,de:09262:156:1:1,8,Desserte Normale
austria,14-A98-j26-1,at:49:1349:0:27,de:09262:156:2:2,43,Desserte Normale
austria,14-A98-j26-1,at:49:1349:0:31,de:09262:156:2:2,29,Desserte Normale
austria,14-A98-j26-1,de:09262:156:1:1,at:49:1349:0:28,5,Sous-desservi
austria,14-A98-j26-1,de:09262:156:3:5,at:49:1349:0:28,45,Desserte Normale
austria,14-A98-j26-1,de:09262:156:3:5,at:49:1349:0:4,1,Sous-desservi
austria,14-D7-j26-1,de:09162:100:5:10,de:09163:9:15:1,1,Sous-desservi
austria,15-CAT-j26-1,at:43:4708:0:2,at:49:743:0:1,36,Desserte Normale
austria,15-CAT-j26-1,at:49:743:0:1,at:43:4708:0:2,36,Desserte Normale
austria,2-221-S-j26-1,at:42:3654:0:5,at:45:52197:0:6,1,Sous-desservi
austria,2-221-S-j26-1,at:45:50002:0:12,at:42:2121:0:2,1,Sous-desservi
austria,2-221-S-j26-1,at:45:52197:0:6,at:42:3654:0:6,1,Sous-desservi
austria,2-302-A-j26-1,at:47:1187:0:38,it:22021:1389:50:31095,1,Sous-desservi
austria,2-302-A-j26-1,at:47:1187:0:8,it:22021:1389:50:31095,1,Sous-desservi
austria,2-302-A-j26-1,it:22021:1389:50:31095,at:47:1187:0:38,1,Sous-desservi
austria,2-302-A-j26-1,it:22021:1389:50:31095,at:47:1187:0:8,1,Sous-desservi
austria,2-501-M-j26-1,at:46:1827:0:1,at:46:3040:0:16,1,Sous-desservi
austria,2-501-M-j26-1,at:46:1839:0:1,at:46:3040:0:16,1,Sous-desservi
austria,2-501-M-j26-1,at:46:1839:0:3,at:46:3040:0:12,1,Sous-desservi
austria,2-501-M-j26-1,at:46:1839:0:3,at:46:3040:0:16,3,Sous-desservi
austria,2-501-M-j26-1,at:46:1839:0:3,at:46:3040:0:5,1,Sous-desservi
austria,2-501-M-j26-1,at:46:2065:0:6,at:46:3040:0:14,1,Sous-desservi
austria,2-501-M-j26-1,at:46:3040:0:12,at:46:1839:0:1,1,Sous-desservi
austria,2-501-M-j26-1,at:46:3040:0:5,at:46:1839:0:4,1,Sous-desservi
austria,2-501-M-j26-1,at:46:3040:0:7,at:46:5511:0:5,1,Sous-desservi
austria,2-502-M-j26-1,at:46:3040:0:5,at:46:7426:0:5,2,Sous-desservi
austria,2-502-M-j26-1,at:46:3040:0:5,at:46:7426:0:9,1,Sous-desservi
austria,2-502-M-j26-1,at:46:7426:0:5,at:46:3040:0:10,1,Sous-desservi
austria,2-502-M-j26-1,at:46:7426:0:9,at:46:3040:0:12,1,Sous-desservi
austria,2-512-B-j26-1,hu:08518:27001898:27001524,at:41:5286:0:4,1,Sous-desservi
austria,2-524-A-j26-1,at:41:3294:0:1,hu:08518:27001898:27001524,2,Sous-desservi
austria,2-524-A-j26-1,hu:08518:27001898:27001524,at:41:3294:0:1,1,Sous-desservi
austria,2-524-A-j26-1,hu:08518:27001898:27001524,at:41:3294:0:5,1,Sous-desservi
austria,2-530-M-j26-1,at:46:1960:0:2,at:46:3040:0:19,1,Sous-desservi
austria,2-530-M-j26-1,at:46:1960:0:2,at:46:3040:0:5,4,Sous-desservi
austria,2-530-M-j26-1,at:46:1960:0:3,at:46:3040:0:16,1,Sous-desservi
austria,2-530-M-j26-1,at:46:3040:0:19,at:46:1960:0:2,5,Sous-desservi
austria,2-530-M-j26-1,at:46:3040:0:19,at:46:1960:0:3,1,Sous-desservi
austria,2-530-M-j26-1,at:46:3040:0:19,at:46:1960:0:4,1,Sous-desservi
austria,2-530-M-j26-1,at:46:3040:0:19,hu:31583:27000652:27000612,2,Sous-desservi
austria,2-530-M-j26-1,at:46:3040:0:5,at:46:1923:0:1,1,Sous-desservi
austria,2-530-M-j26-1,at:46:3040:0:5,at:46:1960:0:3,1,Sous-desservi
austria,2-600-M-j26-1,at:46:5511:0:5,at:46:2065:0:5,1,Sous-desservi
austria,2-600-M-j26-1,at:46:5511:0:5,at:46:7426:0:3,1,Sous-desservi
austria,2-600-M-j26-1,at:46:7474:0:2,at:46:2065:0:5,1,Sous-desservi
austria,2-600-M-j26-1,at:46:7474:0:2,at:46:2065:0:7,1,Sous-desservi
austria,2-670-K-j26-1,it:22032:trieste-centrale:1:1,it:22095:7049:1:1,3,Sous-desservi
austria,2-670-K-j26-1,it:22095:7049:1:1,it:22032:trieste-centrale:1:1,3,Sous-desservi
austria,2-951-D-j26-1,at:45:50002:0:9,at:45:56702:0:3,1,Sous-desservi
austria,2-951-D-j26-1,at:45:56702:0:2,at:45:50002:0:11,1,Sous-desservi
austria,2-960-A-j26-1,at:46:6892:0:5,at:46:3040:0:7,1,Sous-desservi
austria,2-960-A-j26-1,at:46:7208:0:3,at:46:3040:0:12,1,Sous-desservi
austria,2-R21-X-j26-1,at:44:49000:0:1,at:45:50002:0:10,1,Sous-desservi
austria,2-R21-X-j26-1,at:44:49000:0:1,at:45:50002:0:7,14,Desserte Normale
austria,2-R21-X-j26-1,at:44:49000:0:1,at:45:56702:0:1,14,Desserte Normale
austria,2-R21-X-j26-1,at:44:49000:0:2,at:45:50002:0:7,6,Sous-desservi
austria,2-R21-X-j26-1,at:44:49000:0:2,at:45:56702:0:1,6,Sous-desservi
austria,2-R21-X-j26-1,at:44:49000:0:3,at:45:50002:0:5,1,Sous-desservi
austria,2-R21-X-j26-1,at:45:50002:0:10,at:44:49000:0:2,2,Sous-desservi
austria,2-R21-X-j26-1,at:45:50002:0:5,at:44:49000:0:2,1,Sous-desservi
austria,2-R21-X-j26-1,at:45:50002:0:6,at:44:49000:0:1,2,Sous-desservi
austria,2-R21-X-j26-1,at:45:50002:0:6,at:44:49000:0:2,13,Desserte Normale
austria,2-R21-X-j26-1,at:45:50002:0:6,at:44:49000:0:3,2,Sous-desservi
austria,2-R21-X-j26-1,at:45:50273:0:1,at:44:49000:0:1,1,Sous-desservi
austria,2-R21-X-j26-1,at:45:56702:0:1,at:44:49000:0:1,2,Sous-desservi
austria,2-R21-X-j26-1,at:45:56702:0:1,at:44:49000:0:2,13,Desserte Normale
austria,2-R21-X-j26-1,at:45:56702:0:1,at:44:49000:0:3,2,Sous-desservi
austria,2-R21-X-j26-1,at:45:56702:0:1,at:44:49331:0:2,2,Sous-desservi
austria,2-R33-O-j26-1,at:44:41164:0:10,at:44:44900:0:1,4,Sous-desservi
austria,2-R33-O-j26-1,at:44:41164:0:11,at:44:44900:0:1,3,Sous-desservi
austria,2-R33-O-j26-1,at:44:41164:0:9,at:44:44880:0:2,1,Sous-desservi
austria,2-R33-O-j26-1,at:44:41164:0:9,at:44:44900:0:1,1,Sous-desservi
austria,2-R33-O-j26-1,at:44:44880:0:1,at:44:41164:0:3,1,Sous-desservi
austria,2-R33-O-j26-1,at:44:44900:0:1,at:43:7242:0:4,1,Sous-desservi
austria,2-R33-O-j26-1,at:44:44900:0:1,at:44:41164:0:10,4,Sous-desservi
austria,2-R33-O-j26-1,at:44:44900:0:1,at:44:41164:0:11,1,Sous-desservi
austria,2-R33-O-j26-1,at:44:44900:0:1,at:44:41164:0:9,1,Sous-desservi
austria,2-R41-W-j26-1,at:43:4789:0:1,at:49:345:0:13,5,Sous-desservi
austria,2-R41-W-j26-1,at:43:4789:0:1,at:49:345:0:14,3,Sous-desservi
austria,2-R41-W-j26-1,at:43:4789:0:1,at:49:345:0:15,2,Sous-desservi
austria,2-R41-W-j26-1,at:43:4789:0:4,at:49:345:0:13,2,Sous-desservi
austria,2-R41-W-j26-1,at:43:4789:0:5,at:49:345:0:13,4,Sous-desservi
austria,2-R41-W-j26-1,at:43:4789:0:5,at:49:345:0:14,1,Sous-desservi
austria,2-R41-W-j26-1,at:43:4789:0:5,at:49:345:0:15,2,Sous-desservi
austria,2-R41-W-j26-1,at:43:7169:0:1,at:43:99980:0:1,2,Sous-desservi
austria,2-R41-W-j26-1,at:43:7169:0:1,at:49:345:0:13,7,Desserte Normale
austria,2-R41-W-j26-1,at:43:7169:0:1,at:49:345:0:14,7,Desserte Normale
austria,2-R41-W-j26-1,at:43:7169:0:1,at:49:345:0:15,9,Desserte Normale
austria,2-R41-W-j26-1,at:43:7169:0:6,at:49:345:0:15,1,Sous-desservi
austria,2-R41-W-j26-1,at:43:7169:0:7,at:49:345:0:13,1,Sous-desservi
austria,2-R41-W-j26-1,at:43:7169:0:7,at:49:345:0:14,1,Sous-desservi
austria,2-R41-W-j26-1,at:43:99980:0:1,at:43:7169:0:1,1,Sous-desservi
austria,2-R41-W-j26-1,at:43:99980:0:1,at:49:345:0:14,2,Sous-desservi
austria,2-R41-W-j26-1,at:43:99980:0:1,at:49:345:0:15,1,Sous-desservi
austria,2-R41-W-j26-1,at:43:99980:0:1,cz:0:5473632:0:1,10,Desserte Normale
austria,2-R41-W-j26-1,at:49:345:0:13,at:43:4789:0:1,5,Sous-desservi
austria,2-R41-W-j26-1,at:49:345:0:13,at:43:4789:0:4,5,Sous-desservi
austria,2-R41-W-j26-1,at:49:345:0:13,at:43:4789:0:5,2,Sous-desservi
austria,2-R41-W-j26-1,at:49:345:0:13,at:43:7169:0:1,11,Desserte Normale
austria,2-R41-W-j26-1,at:49:345:0:13,at:43:7169:0:7,2,Sous-desservi
austria,2-R41-W-j26-1,at:49:345:0:14,at:43:4789:0:4,1,Sous-desservi
austria,2-R41-W-j26-1,at:49:345:0:14,at:43:4789:0:5,1,Sous-desservi
austria,2-R41-W-j26-1,at:49:345:0:14,at:43:7169:0:1,8,Desserte Normale
austria,2-R41-W-j26-1,at:49:345:0:15,at:43:4789:0:4,3,Sous-desservi
austria,2-R41-W-j26-1,at:49:345:0:15,at:43:4789:0:5,3,Sous-desservi
austria,2-R41-W-j26-1,at:49:345:0:15,at:43:7169:0:1,6,Sous-desservi
austria,2-R41-W-j26-1,at:49:345:0:15,at:43:7169:0:6,1,Sous-desservi
austria,2-R41-W-j26-1,at:49:345:0:15,at:43:7169:0:7,2,Sous-desservi
austria,2-R41-W-j26-1,at:49:345:0:15,at:43:99980:0:1,4,Sous-desservi
austria,2-R41-W-j26-1,cz:0:5473632:0:1,at:43:99980:0:1,9,Desserte Normale
austria,2-R42-O-j26-1,at:44:41272:0:1,at:44:44040:0:3,1,Sous-desservi
austria,2-R42-O-j26-1,at:44:41272:0:2,at:44:44040:0:3,1,Sous-desservi
austria,2-R42-O-j26-1,at:44:49844:0:1,at:44:41272:0:1,2,Sous-desservi
austria,2-R44-N-j26-1,at:43:3993:0:1,at:43:3784:0:4,1,Sous-desservi
austria,2-R44-N-j26-1,at:43:3993:0:1,at:43:4848:0:14,1,Sous-desservi
austria,2-R44-N-j26-1,at:43:3993:0:1,at:43:4848:0:15,2,Sous-desservi
austria,2-R44-N-j26-1,at:43:3993:0:11,at:43:4848:0:14,1,Sous-desservi
austria,2-R44-N-j26-1,at:43:3993:0:3,at:43:3784:0:4,1,Sous-desservi
austria,2-R44-N-j26-1,at:43:3993:0:9,at:43:3784:0:1,1,Sous-desservi
austria,2-R44-N-j26-1,at:43:4789:0:5,at:43:4848:0:15,1,Sous-desservi
austria,2-R44-N-j26-1,at:43:4848:0:14,at:43:3784:0:4,3,Sous-desservi
austria,2-R44-N-j26-1,at:43:4848:0:14,at:43:4549:0:4,2,Sous-desservi
austria,2-R50-O-j26-1,at:44:41164:0:10,at:44:42107:0:5,1,Sous-desservi
austria,2-R50-O-j26-1,at:44:41164:0:10,de:09262:156:3:5,1,Sous-desservi
austria,2-R50-O-j26-1,at:44:41164:0:10,de:09262:156:3:6,1,Sous-desservi
austria,2-R50-O-j26-1,at:44:41164:0:11,at:44:42107:0:5,1,Sous-desservi
austria,2-R50-O-j26-1,at:44:41164:0:11,de:09262:156:3:6,1,Sous-desservi
austria,2-R50-O-j26-1,at:44:41164:0:3,at:44:48500:0:1,1,Sous-desservi
austria,2-R50-O-j26-1,at:44:41164:0:4,at:44:42107:0:5,2,Sous-desservi
austria,2-R50-O-j26-1,at:44:41164:0:5,at:44:42107:0:5,1,Sous-desservi
austria,2-R50-O-j26-1,at:44:41164:0:5,de:09262:156:1:1,1,Sous-desservi
austria,2-R50-O-j26-1,at:44:41164:0:5,de:09262:156:2:3,1,Sous-desservi
austria,2-R50-O-j26-1,at:44:41164:0:9,at:44:42107:0:5,7,Desserte Normale
austria,2-R50-O-j26-1,at:44:41164:0:9,de:09262:156:2:3,2,Sous-desservi
austria,2-R50-O-j26-1,at:44:41164:0:9,de:09262:156:3:5,2,Sous-desservi
austria,2-R50-O-j26-1,at:44:42107:0:3,at:44:41164:0:10,1,Sous-desservi
austria,2-R50-O-j26-1,at:44:42107:0:3,at:44:41164:0:11,2,Sous-desservi
austria,2-R50-O-j26-1,at:44:42107:0:3,at:44:41164:0:12,3,Sous-desservi
austria,2-R50-O-j26-1,at:44:42107:0:3,at:44:41164:0:2,5,Sous-desservi
austria,2-R50-O-j26-1,at:44:42107:0:3,at:44:41164:0:3,2,Sous-desservi
austria,2-R50-O-j26-1,at:44:42107:0:3,at:44:41164:0:9,4,Sous-desservi
austria,2-R50-O-j26-1,at:44:48500:0:1,at:44:41164:0:10,1,Sous-desservi
austria,2-R50-O-j26-1,de:09262:156:1:1,at:44:41164:0:10,1,Sous-desservi
austria,2-R50-O-j26-1,de:09262:156:1:1,at:44:41164:0:12,1,Sous-desservi
austria,2-R50-O-j26-1,de:09262:156:1:1,at:44:41164:0:8,1,Sous-desservi
austria,2-R50-O-j26-1,de:09262:156:1:1,at:44:42107:0:3,1,Sous-desservi
austria,2-R50-O-j26-1,de:09262:156:2:2,at:44:41164:0:10,1,Sous-desservi
austria,2-R50-O-j26-1,de:09262:156:2:2,at:44:41164:0:8,1,Sous-desservi
austria,2-R50-O-j26-1,de:09262:156:2:2,at:44:41164:0:9,1,Sous-desservi
austria,2-R50-O-j26-1,de:09262:156:2:3,at:44:41164:0:12,3,Sous-desservi
austria,2-R50-O-j26-1,de:09262:156:2:3,at:44:41164:0:2,1,Sous-desservi
austria,2-R50-O-j26-1,de:09262:156:2:3,at:44:41164:0:3,1,Sous-desservi
austria,2-R50-O-j26-1,de:09262:156:2:3,at:44:41164:0:9,1,Sous-desservi
austria,2-R50-O-j26-1,de:09262:156:2:3,at:44:42107:0:4,1,Sous-desservi
austria,2-R50-O-j26-1,de:09262:156:3:5,at:44:40156:0:1,1,Sous-desservi
austria,2-R50-O-j26-1,de:09262:156:3:5,at:44:42107:0:6,1,Sous-desservi
austria,2-R50-O-j26-1,de:09262:156:3:6,at:44:41164:0:10,1,Sous-desservi
austria,2-R50-O-j26-1,de:09262:156:3:6,at:44:41164:0:8,1,Sous-desservi
austria,2-R50-O-j26-1,de:09262:156:3:6,at:44:42107:0:3,1,Sous-desservi
austria,2-R50-W-j26-1,at:43:4848:0:10,at:49:1468:0:1,2,Sous-desservi
austria,2-R50-W-j26-1,at:43:4848:0:10,at:49:1468:0:29,2,Sous-desservi
austria,2-R50-W-j26-1,at:49:1468:0:17,at:43:4848:0:10,2,Sous-desservi
austria,2-R50-W-j26-1,at:49:1468:0:2,at:43:4848:0:11,2,Sous-desservi
austria,2-R51-A-j26-1,at:43:4848:0:1,at:49:1468:0:1,1,Sous-desservi
austria,2-R51-A-j26-1,at:43:4848:0:1,at:49:1468:0:17,2,Sous-desservi
austria,2-R51-A-j26-1,at:43:4848:0:1,at:49:1468:0:20,1,Sous-desservi
austria,2-R51-A-j26-1,at:43:4848:0:1,at:49:1468:0:24,32,Desserte Normale
austria,2-R51-A-j26-1,at:43:4848:0:1,at:49:1468:0:28,5,Sous-desservi
austria,2-R51-A-j26-1,at:43:4848:0:1,at:49:1468:0:29,17,Desserte Normale
austria,2-R51-A-j26-1,at:43:4848:0:11,at:49:1468:0:24,1,Sous-desservi
austria,2-R51-A-j26-1,at:43:4848:0:14,at:49:1468:0:29,1,Sous-desservi
austria,2-R51-A-j26-1,at:43:4848:0:15,at:49:1468:0:29,1,Sous-desservi
austria,2-R51-A-j26-1,at:43:4848:0:8,at:49:1468:0:24,2,Sous-desservi
austria,2-R51-A-j26-1,at:49:1468:0:17,at:43:4848:0:1,1,Sous-desservi
austria,2-R51-A-j26-1,at:49:1468:0:17,at:43:4848:0:11,1,Sous-desservi
austria,2-R51-A-j26-1,at:49:1468:0:24,at:43:4848:0:1,38,Desserte Normale
austria,2-R51-A-j26-1,at:49:1468:0:24,at:43:4848:0:11,1,Sous-desservi
austria,2-R51-A-j26-1,at:49:1468:0:24,at:43:4848:0:14,1,Sous-desservi
austria,2-R51-A-j26-1,at:49:1468:0:24,at:43:4848:0:16,1,Sous-desservi
austria,2-R51-A-j26-1,at:49:1468:0:24,at:43:4848:0:8,2,Sous-desservi
austria,2-R51-O-j26-1,at:44:40156:0:4,at:44:41164:0:10,1,Sous-desservi
austria,2-R51-O-j26-1,at:44:40156:0:5,de:09277:80490:1:2,1,Sous-desservi
austria,2-R51-O-j26-1,at:44:41164:0:10,at:44:42107:0:5,1,Sous-desservi
austria,2-R51-O-j26-1,at:44:41164:0:4,at:44:42107:0:5,2,Sous-desservi
austria,2-R51-O-j26-1,at:44:41164:0:4,at:44:49000:0:3,1,Sous-desservi
austria,2-R51-O-j26-1,at:44:41164:0:5,de:09277:80490:1:2,2,Sous-desservi
austria,2-R51-O-j26-1,at:44:41164:0:9,at:44:42107:0:5,1,Sous-desservi
austria,2-R51-O-j26-1,at:44:42107:0:3,at:44:41164:0:10,2,Sous-desservi
austria,2-R51-O-j26-1,at:44:42107:0:3,at:44:41164:0:11,1,Sous-desservi
austria,2-R51-O-j26-1,at:44:42107:0:3,at:44:41164:0:9,3,Sous-desservi
austria,2-R51-O-j26-1,at:44:42107:0:8,at:44:40156:0:4,1,Sous-desservi
austria,2-R51-O-j26-1,at:44:48000:0:3,at:44:42107:0:6,1,Sous-desservi
austria,2-R51-O-j26-1,at:44:49000:0:3,at:44:40156:0:4,1,Sous-desservi
austria,2-R53-A-j26-1,at:43:7234:0:1,at:43:7242:0:1,1,Sous-desservi
austria,2-R53-A-j26-1,at:44:41164:0:4,at:44:42107:0:3,1,Sous-desservi
austria,2-R53-A-j26-1,at:44:42107:0:3,at:44:41164:0:8,1,Sous-desservi
austria,2-R57-N-j26-1,at:43:7450:0:1,at:43:4848:0:1,2,Sous-desservi
austria,2-R58-j26-1,at:43:7900:0:1,at:43:7234:0:4,1,Sous-desservi
austria,2-R58-j26-1,at:43:7900:0:4,at:43:7234:0:4,1,Sous-desservi
austria,2-R62-N-j26-1,at:49:1349:0:28,hu:17905:27000493:27000459,5,Sous-desservi
austria,2-R62-N-j26-1,at:49:1349:0:4,hu:17905:27000493:27000459,2,Sous-desservi
austria,2-R62-N-j26-1,hu:17905:27000493:27000459,at:43:3209:0:1,3,Sous-desservi
austria,2-R62-N-j26-1,hu:17905:27000493:27000459,at:49:1349:0:28,1,Sous-desservi
austria,2-R62-N-j26-1,hu:17905:27000493:27000459,at:49:1349:0:29,4,Sous-desservi
austria,2-R62-N-j26-1,hu:17905:27000493:27000459,at:49:1349:0:31,1,Sous-desservi
austria,2-R62-N-j26-1,hu:17905:27000493:27000459,at:49:1349:0:32,1,Sous-desservi
austria,2-R62-N-j26-1,hu:17905:27000493:27000459,at:49:1349:0:4,1,Sous-desservi
austria,2-R63-N-j26-1,at:41:4464:0:1,at:41:4351:0:1,1,Sous-desservi
austria,2-R63-N-j26-1,at:41:4464:0:1,at:41:4351:0:3,1,Sous-desservi
austria,2-R63-N-j26-1,at:41:4464:0:1,at:49:1257:0:3,1,Sous-desservi
austria,2-R63-N-j26-1,at:41:4464:0:1,at:49:1349:0:27,6,Sous-desservi
austria,2-R63-N-j26-1,at:41:4464:0:1,at:49:1349:0:28,2,Sous-desservi
austria,2-R63-N-j26-1,at:41:4464:0:1,at:49:1349:0:29,4,Sous-desservi
austria,2-R63-N-j26-1,at:41:4464:0:1,at:49:1349:0:32,24,Desserte Normale
austria,2-R63-N-j26-1,at:41:4464:0:1,at:49:1349:0:33,1,Sous-desservi
austria,2-R63-N-j26-1,at:41:4464:0:1,at:49:1349:0:4,1,Sous-desservi
austria,2-R63-N-j26-1,at:41:4464:0:1,hu:15343:27001902:27001528,2,Sous-desservi
austria,2-R63-N-j26-1,at:43:3209:0:5,at:41:4351:0:4,1,Sous-desservi
austria,2-R63-N-j26-1,at:43:3209:0:5,at:41:4464:0:1,2,Sous-desservi
austria,2-R63-N-j26-1,at:49:1349:0:10,at:41:4464:0:1,27,Desserte Normale
austria,2-R63-N-j26-1,at:49:1349:0:27,at:41:4464:0:1,5,Sous-desservi
austria,2-R63-N-j26-1,at:49:1349:0:28,at:41:4464:0:1,2,Sous-desservi
austria,2-R63-N-j26-1,at:49:1349:0:4,at:41:4464:0:1,2,Sous-desservi
austria,2-R63-N-j26-1,at:49:1349:0:9,at:41:4464:0:1,7,Desserte Normale
austria,2-R64-N-j26-1,at:41:3351:0:1,at:41:4351:0:1,1,Sous-desservi
austria,2-R64-N-j26-1,at:41:3351:0:1,at:41:4351:0:3,1,Sous-desservi
austria,2-R64-N-j26-1,at:41:3351:0:1,at:41:5286:0:4,3,Sous-desservi
austria,2-R64-N-j26-1,at:41:3351:0:1,at:49:1349:0:27,3,Sous-desservi
austria,2-R64-N-j26-1,at:41:3351:0:1,at:49:1349:0:29,1,Sous-desservi
austria,2-R64-N-j26-1,at:41:3351:0:1,at:49:1349:0:32,12,Desserte Normale
austria,2-R64-N-j26-1,at:41:3351:0:1,at:49:1349:0:4,1,Sous-desservi
austria,2-R64-N-j26-1,at:41:3351:0:4,at:41:5286:0:4,1,Sous-desservi
austria,2-R64-N-j26-1,at:41:3351:0:4,at:49:1349:0:27,2,Sous-desservi
austria,2-R64-N-j26-1,at:41:3351:0:4,at:49:1349:0:28,1,Sous-desservi
austria,2-R64-N-j26-1,at:41:3351:0:4,at:49:1349:0:29,3,Sous-desservi
austria,2-R64-N-j26-1,at:41:3351:0:4,at:49:1349:0:32,8,Desserte Normale
austria,2-R64-N-j26-1,at:41:3351:0:5,at:41:5286:0:4,4,Sous-desservi
austria,2-R64-N-j26-1,at:41:3351:0:5,at:49:1349:0:29,1,Sous-desservi
austria,2-R64-N-j26-1,at:41:3351:0:5,at:49:1349:0:32,2,Sous-desservi
austria,2-R64-N-j26-1,at:41:3490:0:1,at:41:3351:0:1,4,Sous-desservi
austria,2-R64-N-j26-1,at:41:3490:0:1,at:41:3351:0:4,1,Sous-desservi
austria,2-R64-N-j26-1,at:41:3490:0:1,at:41:3351:0:5,1,Sous-desservi
austria,2-R64-N-j26-1,at:41:3490:0:1,at:41:5286:0:4,16,Desserte Normale
austria,2-R64-N-j26-1,at:41:4351:0:1,at:43:3209:0:4,1,Sous-desservi
austria,2-R64-N-j26-1,at:41:5286:0:4,at:41:3351:0:1,2,Sous-desservi
austria,2-R64-N-j26-1,at:41:5286:0:4,at:41:3351:0:4,2,Sous-desservi
austria,2-R64-N-j26-1,at:41:5286:0:4,at:41:3490:0:1,23,Desserte Normale
austria,2-R64-N-j26-1,at:41:5286:0:4,at:43:3209:0:1,5,Sous-desservi
austria,2-R64-N-j26-1,at:41:5286:0:4,at:49:1257:0:3,1,Sous-desservi
austria,2-R64-N-j26-1,at:41:5286:0:4,at:49:1349:0:27,1,Sous-desservi
austria,2-R64-N-j26-1,at:41:5286:0:4,at:49:1349:0:28,1,Sous-desservi
austria,2-R64-N-j26-1,at:41:5286:0:4,at:49:1349:0:32,1,Sous-desservi
austria,2-R64-N-j26-1,at:41:5286:0:4,at:49:1349:0:33,1,Sous-desservi
austria,2-R64-N-j26-1,at:43:3209:0:1,at:41:5286:0:4,1,Sous-desservi
austria,2-R64-N-j26-1,at:43:3209:0:6,at:41:5286:0:4,3,Sous-desservi
austria,2-R64-N-j26-1,at:49:1349:0:10,at:41:3351:0:1,9,Desserte Normale
austria,2-R64-N-j26-1,at:49:1349:0:10,at:41:3351:0:4,16,Desserte Normale
austria,2-R64-N-j26-1,at:49:1349:0:10,at:41:3351:0:5,2,Sous-desservi
austria,2-R64-N-j26-1,at:49:1349:0:27,at:41:3351:0:1,2,Sous-desservi
austria,2-R64-N-j26-1,at:49:1349:0:27,at:41:3351:0:4,1,Sous-desservi
austria,2-R64-N-j26-1,at:49:1349:0:27,at:41:5286:0:4,3,Sous-desservi
austria,2-R64-N-j26-1,at:49:1349:0:28,at:41:5286:0:4,1,Sous-desservi
austria,2-R64-N-j26-1,at:49:1349:0:4,at:41:5286:0:4,2,Sous-desservi
austria,2-R64-N-j26-1,at:49:1349:0:9,at:41:3351:0:1,7,Desserte Normale
austria,2-R64-N-j26-1,at:49:1349:0:9,at:41:3351:0:4,1,Sous-desservi
austria,2-R65-N-j26-1,at:41:5286:0:4,at:49:1349:0:28,1,Sous-desservi
austria,2-R70-O-j26-1,at:44:41164:0:5,at:44:47200:0:4,3,Sous-desservi
austria,2-R70-O-j26-1,at:44:41164:0:5,at:46:6938:0:6,4,Sous-desservi
austria,2-R70-O-j26-1,at:44:41164:0:6,at:44:47200:0:4,1,Sous-desservi
austria,2-R70-O-j26-1,at:44:41164:0:6,at:46:6938:0:6,1,Sous-desservi
austria,2-R70-O-j26-1,at:44:41164:0:9,at:44:47200:0:4,1,Sous-desservi
austria,2-R70-O-j26-1,at:44:46500:0:1,at:46:6793:0:4,1,Sous-desservi
austria,2-R70-O-j26-1,at:44:47200:0:1,at:44:41164:0:8,1,Sous-desservi
austria,2-R70-O-j26-1,at:44:47200:0:1,at:46:6793:0:4,1,Sous-desservi
austria,2-R70-O-j26-1,at:44:47200:0:1,at:46:6892:0:4,1,Sous-desservi
austria,2-R70-O-j26-1,at:44:47200:0:1,at:46:6938:0:6,4,Sous-desservi
austria,2-R70-O-j26-1,at:44:47200:0:2,at:44:41164:0:11,1,Sous-desservi
austria,2-R70-O-j26-1,at:44:47200:0:2,at:44:41164:0:12,1,Sous-desservi
austria,2-R70-O-j26-1,at:44:47200:0:2,at:44:41164:0:3,1,Sous-desservi
austria,2-R70-O-j26-1,at:44:47200:0:2,at:44:41164:0:5,1,Sous-desservi
austria,2-R70-O-j26-1,at:44:47200:0:4,at:46:6892:0:4,3,Sous-desservi
austria,2-R70-O-j26-1,at:44:47200:0:4,at:46:6938:0:6,6,Sous-desservi
austria,2-R70-O-j26-1,at:44:47200:0:5,at:46:6892:0:4,2,Sous-desservi
austria,2-R70-O-j26-1,at:44:47200:0:5,at:46:6938:0:6,2,Sous-desservi
austria,2-R70-O-j26-1,at:46:6793:0:4,at:44:47200:0:4,2,Sous-desservi
austria,2-R70-O-j26-1,at:46:6892:0:4,at:44:47200:0:1,2,Sous-desservi
austria,2-R70-O-j26-1,at:46:6892:0:4,at:44:47200:0:5,2,Sous-desservi
austria,2-R70-O-j26-1,at:46:6938:0:6,at:44:41164:0:11,2,Sous-desservi
austria,2-R70-O-j26-1,at:46:6938:0:6,at:44:41164:0:12,1,Sous-desservi
austria,2-R70-O-j26-1,at:46:6938:0:6,at:44:41164:0:4,2,Sous-desservi
austria,2-R70-O-j26-1,at:46:6938:0:6,at:44:41164:0:5,5,Sous-desservi
austria,2-R70-O-j26-1,at:46:6938:0:6,at:44:46500:0:1,2,Sous-desservi
austria,2-R70-O-j26-1,at:46:6938:0:6,at:44:47200:0:1,5,Sous-desservi
austria,2-R70-O-j26-1,at:46:6938:0:6,at:44:47200:0:2,8,Desserte Normale
austria,2-R70-O-j26-1,at:46:6938:0:6,at:44:47200:0:5,1,Sous-desservi
austria,2-R70-O-j26-1,at:46:7063:0:3,at:44:47200:0:1,3,Sous-desservi
austria,2-R70-O-j26-1,at:46:7437:0:5,at:44:47200:0:1,2,Sous-desservi
austria,2-R72-O-j26-1,at:44:47200:0:5,at:44:47301:0:1,1,Sous-desservi
austria,2-R81-W-j26-1,at:43:4132:0:1,at:49:1349:0:9,1,Sous-desservi
austria,2-R81-W-j26-1,at:43:4132:0:4,at:49:1349:0:33,3,Sous-desservi
austria,2-R92-N-j26-1,at:43:5210:0:4,at:46:2022:0:2,1,Sous-desservi
austria,2-R92-N-j26-1,at:43:5210:0:9,at:43:7041:0:1,2,Sous-desservi
austria,2-R92-N-j26-1,at:43:5210:0:9,at:46:1960:0:2,2,Sous-desservi
austria,2-R92-N-j26-1,at:43:5210:0:9,at:46:1960:0:3,3,Sous-desservi
austria,2-R92-N-j26-1,at:43:5210:0:9,at:46:1982:0:2,1,Sous-desservi
austria,2-R92-N-j26-1,at:43:5210:0:9,at:46:2022:0:2,5,Sous-desservi
austria,2-R92-N-j26-1,at:43:5210:0:9,at:46:7543:0:2,1,Sous-desservi
austria,2-R92-N-j26-1,at:46:1960:0:2,at:43:5210:0:9,3,Sous-desservi
austria,2-R92-N-j26-1,at:46:1960:0:3,at:43:5210:0:2,1,Sous-desservi
austria,2-R92-N-j26-1,at:46:1960:0:3,at:43:5210:0:4,1,Sous-desservi
austria,2-R92-N-j26-1,at:46:1960:0:3,at:43:5210:0:8,2,Sous-desservi
austria,2-R92-N-j26-1,at:46:1960:0:3,at:43:5210:0:9,8,Desserte Normale
austria,2-R92-N-j26-1,at:46:1982:0:2,at:49:1015:0:1,2,Sous-desservi
austria,2-R92-N-j26-1,at:46:1982:0:2,at:49:1349:0:33,2,Sous-desservi
austria,2-R92-N-j26-1,at:46:2022:0:2,at:43:5210:0:4,1,Sous-desservi
austria,2-R92-N-j26-1,at:46:2022:0:2,at:43:5210:0:9,2,Sous-desservi
austria,2-R92-N-j26-1,at:46:2022:0:2,at:49:1349:0:10,1,Sous-desservi
austria,2-R92-N-j26-1,at:46:2022:0:3,at:43:5210:0:4,1,Sous-desservi
austria,2-R92-N-j26-1,at:46:2022:0:3,at:49:1015:0:8,1,Sous-desservi
austria,2-R92-N-j26-1,at:46:7543:0:2,at:43:5210:0:9,2,Sous-desservi
austria,2-R92-N-j26-1,at:46:7543:0:2,at:49:1349:0:28,1,Sous-desservi
austria,2-R92-N-j26-1,at:49:1015:0:1,at:49:334:0:25,1,Sous-desservi
austria,2-R92-N-j26-1,at:49:1015:0:1,at:49:334:0:5,1,Sous-desservi
austria,2-R92-N-j26-1,at:49:1015:0:15,at:43:7041:0:4,2,Sous-desservi
austria,2-R92-N-j26-1,at:49:1015:0:15,at:46:1982:0:2,2,Sous-desservi
austria,2-R92-N-j26-1,at:49:1040:0:21,at:49:334:0:25,1,Sous-desservi
austria,2-R92-N-j26-1,at:49:1349:0:12,at:49:1015:0:15,2,Sous-desservi
austria,2-R92-N-j26-1,at:49:1349:0:29,at:46:7543:0:2,2,Sous-desservi
austria,2-R92-N-j26-1,at:49:1349:0:31,at:46:2022:0:2,2,Sous-desservi
austria,2-R92-N-j26-1,at:49:1349:0:31,at:46:7543:0:2,2,Sous-desservi
austria,2-R92-N-j26-1,at:49:1349:0:32,at:43:5210:0:4,1,Sous-desservi
austria,2-R92-N-j26-1,at:49:1349:0:33,at:49:1015:0:15,2,Sous-desservi
austria,2-R92-N-j26-1,at:49:334:0:23,at:49:1349:0:12,1,Sous-desservi
austria,2-R92-N-j26-1,at:49:334:0:25,at:49:1349:0:12,1,Sous-desservi
austria,2-R93-A-j26-1,at:41:3294:0:1,hu:08518:27001898:27001524,3,Sous-desservi
austria,2-R93-A-j26-1,at:43:5210:0:4,at:49:1015:0:17,1,Sous-desservi
austria,2-R93-A-j26-1,at:43:5210:0:4,at:49:1349:0:10,1,Sous-desservi
austria,2-R93-A-j26-1,at:43:5210:0:4,at:49:1349:0:9,1,Sous-desservi
austria,2-R93-A-j26-1,at:43:5210:0:4,hu:08518:27001898:27001524,1,Sous-desservi
austria,2-R93-A-j26-1,at:43:5210:0:8,hu:08518:27001898:27001524,2,Sous-desservi
austria,2-R93-A-j26-1,at:43:5210:0:9,at:49:1015:0:17,1,Sous-desservi
austria,2-R93-A-j26-1,at:43:5210:0:9,at:49:1349:0:28,2,Sous-desservi
austria,2-R93-A-j26-1,at:49:1349:0:29,hu:08518:27001898:27001524,1,Sous-desservi
austria,2-R93-A-j26-1,at:49:1349:0:31,hu:08518:27001898:27001524,2,Sous-desservi
austria,2-R93-A-j26-1,at:49:1349:0:32,hu:08518:27001898:27001524,1,Sous-desservi
austria,2-R93-A-j26-1,hu:08518:27001898:27001524,at:41:3294:0:1,3,Sous-desservi
austria,2-R93-A-j26-1,hu:08518:27001898:27001524,at:41:3294:0:5,4,Sous-desservi
austria,2-R93-A-j26-1,hu:08518:27001898:27001524,at:49:1015:0:17,1,Sous-desservi
austria,2-R93-A-j26-1,hu:08518:27001898:27001524,at:49:1349:0:10,1,Sous-desservi
austria,2-R93-A-j26-1,hu:08518:27001898:27001524,at:49:1349:0:9,1,Sous-desservi
austria,2-R97-N-j26-1,at:43:5210:0:10,at:43:7105:0:1,3,Sous-desservi
austria,2-R97-N-j26-1,at:43:5210:0:10,at:43:7105:0:3,6,Sous-desservi
austria,2-R97-N-j26-1,at:43:7105:0:3,at:43:5210:0:10,1,Sous-desservi
austria,2-R97-N-j26-1,at:43:7105:0:3,at:43:5210:0:6,4,Sous-desservi
austria,2-RW4-j26-1,at:43:3420:0:2,at:43:3993:0:9,1,Sous-desservi
austria,2-RW4-j26-1,at:43:3993:0:1,at:49:345:0:13,1,Sous-desservi
austria,2-RW4-j26-1,at:43:3993:0:1,at:49:345:0:14,2,Sous-desservi
austria,2-RW4-j26-1,at:43:3993:0:1,at:49:345:0:15,1,Sous-desservi
austria,2-RW4-j26-1,at:43:3993:0:11,at:43:3420:0:2,2,Sous-desservi
austria,2-RW4-j26-1,at:43:3993:0:11,at:49:345:0:13,12,Desserte Normale
austria,2-RW4-j26-1,at:43:3993:0:11,at:49:345:0:14,26,Desserte Normale
austria,2-RW4-j26-1,at:43:3993:0:11,at:49:345:0:15,29,Desserte Normale
austria,2-RW4-j26-1,at:43:3993:0:11,at:49:345:0:5,1,Sous-desservi
austria,2-RW4-j26-1,at:43:3993:0:9,at:49:345:0:13,2,Sous-desservi
austria,2-RW4-j26-1,at:43:3993:0:9,at:49:345:0:14,1,Sous-desservi
austria,2-RW4-j26-1,at:43:3993:0:9,at:49:345:0:15,1,Sous-desservi
austria,2-RW4-j26-1,at:49:345:0:13,at:43:3993:0:1,1,Sous-desservi
austria,2-RW4-j26-1,at:49:345:0:13,at:43:3993:0:11,8,Desserte Normale
austria,2-RW4-j26-1,at:49:345:0:14,at:43:3993:0:1,2,Sous-desservi
austria,2-RW4-j26-1,at:49:345:0:14,at:43:3993:0:11,23,Desserte Normale
austria,2-RW4-j26-1,at:49:345:0:14,at:43:3993:0:9,1,Sous-desservi
austria,2-RW4-j26-1,at:49:345:0:15,at:43:3993:0:1,2,Sous-desservi
austria,2-RW4-j26-1,at:49:345:0:15,at:43:3993:0:11,20,Desserte Normale
austria,2-RW4-j26-1,at:49:345:0:15,at:43:3993:0:9,1,Sous-desservi
austria,2-RX1-K-j26-1,at:42:2128:0:4,at:42:3642:0:4,2,Sous-desservi
austria,2-RX1-K-j26-1,at:42:2128:0:5,at:42:3654:0:1,1,Sous-desservi
austria,2-RX1-K-j26-1,at:42:3642:0:2,at:42:3654:0:7,1,Sous-desservi
austria,2-RX1-K-j26-1,at:42:3642:0:5,at:42:3715:0:2,10,Desserte Normale
austria,2-RX1-K-j26-1,at:42:3654:0:8,at:42:3642:0:4,1,Sous-desservi
austria,2-RX1-K-j26-1,at:42:3715:0:1,at:42:3642:0:5,12,Desserte Normale
austria,2-RX1-K-j26-1,at:42:3715:0:2,at:42:3642:0:5,5,Sous-desservi
austria,2-RX1-K-j26-1,at:42:3715:0:2,at:42:3654:0:2,1,Sous-desservi
austria,2-RX1-N-j26-1,at:43:7242:0:6,at:44:41164:0:21,1,Sous-desservi
austria,2-RX1-N-j26-1,at:43:7242:0:6,at:44:41164:0:4,1,Sous-desservi
austria,2-RX1-O-j26-1,at:43:7242:0:3,at:44:43900:0:2,1,Sous-desservi
austria,2-RX1-O-j26-1,at:43:7242:0:5,at:44:41164:0:1,1,Sous-desservi
austria,2-RX1-O-j26-1,at:43:7242:0:5,at:44:43900:0:1,1,Sous-desservi
austria,2-RX1-O-j26-1,at:43:7242:0:5,at:44:43900:0:2,1,Sous-desservi
austria,2-RX1-O-j26-1,at:43:7242:0:5,at:44:46950:0:2,4,Sous-desservi
austria,2-RX1-O-j26-1,at:43:7242:0:5,at:46:7456:0:3,4,Sous-desservi
austria,2-RX1-O-j26-1,at:43:7242:0:6,at:44:41164:0:12,2,Sous-desservi
austria,2-RX1-O-j26-1,at:43:7242:0:8,at:44:41164:0:10,1,Sous-desservi
austria,2-RX1-O-j26-1,at:43:7242:0:9,at:44:41164:0:6,1,Sous-desservi
austria,2-RX1-O-j26-1,at:44:43900:0:1,at:43:7242:0:5,1,Sous-desservi
austria,2-RX1-O-j26-1,at:44:43900:0:1,at:44:41164:0:5,1,Sous-desservi
austria,2-RX1-O-j26-1,at:44:43900:0:2,at:43:7242:0:5,1,Sous-desservi
austria,2-RX1-O-j26-1,at:44:43900:0:2,at:43:7242:0:9,1,Sous-desservi
austria,2-RX1-O-j26-1,at:44:46950:0:2,at:43:7242:0:3,1,Sous-desservi
austria,2-RX1-O-j26-1,at:44:46950:0:2,at:43:7242:0:5,2,Sous-desservi
austria,2-RX1-O-j26-1,at:44:46950:0:2,at:44:41164:0:6,1,Sous-desservi
austria,2-RX1-O-j26-1,at:46:7456:0:3,at:43:7242:0:5,2,Sous-desservi
austria,2-RX1-O-j26-1,at:46:7456:0:3,at:43:7242:0:6,1,Sous-desservi
austria,2-RX1-T-j26-1,at:47:1187:0:1,at:47:1204:0:1,1,Sous-desservi
austria,2-RX1-T-j26-1,at:47:1187:0:1,at:47:1204:0:3,1,Sous-desservi
austria,2-RX1-T-j26-1,at:47:1187:0:1,at:47:1206:0:5,2,Sous-desservi
austria,2-RX1-T-j26-1,at:47:1187:0:1,at:47:1212:0:6,2,Sous-desservi
austria,2-RX1-T-j26-1,at:47:1187:0:1,at:47:1212:0:7,7,Desserte Normale
austria,2-RX1-T-j26-1,at:47:1187:0:26,at:47:1206:0:5,1,Sous-desservi
austria,2-RX1-T-j26-1,at:47:1187:0:26,at:47:1212:0:7,5,Sous-desservi
austria,2-RX1-T-j26-1,at:47:1187:0:38,at:47:1204:0:3,4,Sous-desservi
austria,2-RX1-T-j26-1,at:47:1187:0:38,at:47:1206:0:1,1,Sous-desservi
austria,2-RX1-T-j26-1,at:47:1187:0:38,at:47:1206:0:5,6,Sous-desservi
austria,2-RX1-T-j26-1,at:47:1187:0:38,at:47:1212:0:1,1,Sous-desservi
austria,2-RX1-T-j26-1,at:47:1187:0:38,at:47:1212:0:7,20,Desserte Normale
austria,2-RX1-T-j26-1,at:47:1187:0:5,at:47:1206:0:5,1,Sous-desservi
austria,2-RX1-T-j26-1,at:47:1187:0:8,at:47:1212:0:7,1,Sous-desservi
austria,2-RX1-T-j26-1,at:47:1204:0:3,at:47:1187:0:1,1,Sous-desservi
austria,2-RX1-T-j26-1,at:47:1204:0:3,at:47:1187:0:21,2,Sous-desservi
austria,2-RX1-T-j26-1,at:47:1204:0:3,at:47:1187:0:26,1,Sous-desservi
austria,2-RX1-T-j26-1,at:47:1204:0:3,at:47:1187:0:38,4,Sous-desservi
austria,2-RX1-T-j26-1,at:47:1204:0:4,at:47:1187:0:38,1,Sous-desservi
austria,2-RX1-T-j26-1,at:47:1206:0:1,at:47:1187:0:38,1,Sous-desservi
austria,2-RX1-T-j26-1,at:47:1206:0:5,at:47:1187:0:1,1,Sous-desservi
austria,2-RX1-T-j26-1,at:47:1206:0:5,at:47:1187:0:21,2,Sous-desservi
austria,2-RX1-T-j26-1,at:47:1206:0:5,at:47:1187:0:38,9,Desserte Normale
austria,2-RX1-T-j26-1,at:47:1206:0:5,at:47:1187:0:39,1,Sous-desservi
austria,2-RX1-T-j26-1,at:47:1206:0:5,at:47:1187:0:5,1,Sous-desservi
austria,2-RX1-T-j26-1,at:47:1212:0:1,at:47:1187:0:3,1,Sous-desservi
austria,2-RX1-T-j26-1,at:47:1212:0:7,at:47:1187:0:1,8,Desserte Normale
austria,2-RX1-T-j26-1,at:47:1212:0:7,at:47:1187:0:21,3,Sous-desservi
austria,2-RX1-T-j26-1,at:47:1212:0:7,at:47:1187:0:26,7,Desserte Normale
austria,2-RX1-T-j26-1,at:47:1212:0:7,at:47:1187:0:38,14,Desserte Normale
austria,2-RX1-T-j26-1,at:47:1212:0:7,at:47:1187:0:39,1,Sous-desservi
austria,2-RX1-T-j26-1,at:47:1212:0:7,at:47:1187:0:5,1,Sous-desservi
austria,2-RX1-T-j26-1,at:47:1212:0:7,at:47:1187:0:8,1,Sous-desservi
austria,2-RX1-V-j26-1,at:48:130:0:1,de:09776:1546:1:1,1,Sous-desservi
austria,2-RX1-V-j26-1,at:48:130:0:10,at:48:1436:0:4,1,Sous-desservi
austria,2-RX1-V-j26-1,at:48:130:0:10,de:09776:1546:1:1,1,Sous-desservi
austria,2-RX1-V-j26-1,at:48:130:0:4,de:09776:1546:1:1,15,Desserte Normale
austria,2-RX1-V-j26-1,at:48:130:0:4,de:09776:1546:1:3,3,Sous-desservi
austria,2-RX1-V-j26-1,at:48:130:0:4,de:09776:1592:2:2,3,Sous-desservi
austria,2-RX1-V-j26-1,at:48:466:0:7,at:48:130:0:12,1,Sous-desservi
austria,2-RX1-V-j26-1,at:48:817:0:6,de:09776:1546:1:1,6,Sous-desservi
austria,2-RX1-V-j26-1,at:48:817:0:6,de:09776:1546:1:2,1,Sous-desservi
austria,2-RX1-V-j26-1,at:48:817:0:6,de:09776:1546:1:3,3,Sous-desservi
austria,2-RX1-V-j26-1,de:09776:1546:1:1,at:48:130:0:10,1,Sous-desservi
austria,2-RX1-V-j26-1,de:09776:1546:1:1,at:48:130:0:12,12,Desserte Normale
austria,2-RX1-V-j26-1,de:09776:1546:1:1,at:48:130:0:4,2,Sous-desservi
austria,2-RX1-V-j26-1,de:09776:1546:1:1,at:48:817:0:3,5,Sous-desservi
austria,2-RX1-V-j26-1,de:09776:1546:1:1,at:48:817:0:4,6,Sous-desservi
austria,2-RX1-V-j26-1,de:09776:1546:1:2,at:48:130:0:4,1,Sous-desservi
austria,2-RX1-V-j26-1,de:09776:1546:1:3,at:48:130:0:1,1,Sous-desservi
austria,2-RX1-V-j26-1,de:09776:1546:1:3,at:48:130:0:12,1,Sous-desservi
austria,2-RX1-V-j26-1,de:09776:1546:1:3,at:48:130:0:4,1,Sous-desservi
austria,2-RX1-V-j26-1,de:09776:1592:2:2,de:09776:1546:1:1,1,Sous-desservi
austria,2-RX1-W-j26-1,at:43:3162:0:1,at:43:5210:0:10,2,Sous-desservi
austria,2-RX1-W-j26-1,at:43:3162:0:1,at:43:5210:0:11,6,Sous-desservi
austria,2-RX1-W-j26-1,at:43:3162:0:1,at:43:5210:0:6,4,Sous-desservi
austria,2-RX1-W-j26-1,at:43:3622:0:1,at:43:5210:0:10,12,Desserte Normale
austria,2-RX1-W-j26-1,at:43:3622:0:1,at:49:334:0:23,2,Sous-desservi
austria,2-RX1-W-j26-1,at:43:3622:0:1,at:49:769:0:3,2,Sous-desservi
austria,2-RX1-W-j26-1,at:43:3622:0:6,at:43:5271:0:1,1,Sous-desservi
austria,2-RX1-W-j26-1,at:43:3622:0:6,at:49:334:0:23,4,Sous-desservi
austria,2-RX1-W-j26-1,at:43:3622:0:6,at:49:769:0:3,3,Sous-desservi
austria,2-RX1-W-j26-1,at:43:3778:0:1,at:43:5210:0:11,2,Sous-desservi
austria,2-RX1-W-j26-1,at:43:5210:0:10,at:43:3162:0:1,8,Desserte Normale
austria,2-RX1-W-j26-1,at:43:5210:0:10,at:43:3162:0:3,4,Sous-desservi
austria,2-RX1-W-j26-1,at:43:5210:0:10,at:43:3310:0:3,1,Sous-desservi
austria,2-RX1-W-j26-1,at:43:5210:0:10,at:43:3622:0:1,10,Desserte Normale
austria,2-RX1-W-j26-1,at:43:5210:0:10,at:49:1015:0:1,5,Sous-desservi
austria,2-RX1-W-j26-1,at:43:5210:0:10,at:49:1015:0:16,7,Desserte Normale
austria,2-RX1-W-j26-1,at:43:5210:0:10,at:49:1015:0:17,1,Sous-desservi
austria,2-RX1-W-j26-1,at:43:5210:0:10,at:49:1349:0:28,3,Sous-desservi
austria,2-RX1-W-j26-1,at:43:5210:0:10,at:49:334:0:23,3,Sous-desservi
austria,2-RX1-W-j26-1,at:43:5210:0:10,at:49:334:0:24,12,Desserte Normale
austria,2-RX1-W-j26-1,at:43:5210:0:10,at:49:334:0:25,1,Sous-desservi
austria,2-RX1-W-j26-1,at:43:5210:0:10,at:49:334:0:5,3,Sous-desservi
austria,2-RX1-W-j26-1,at:43:5210:0:10,cz:0:5433425:0:1,22,Desserte Normale
austria,2-RX1-W-j26-1,at:43:5210:0:11,at:49:334:0:25,1,Sous-desservi
austria,2-RX1-W-j26-1,at:43:5210:0:11,cz:0:5433425:0:1,2,Sous-desservi
austria,2-RX1-W-j26-1,at:43:5210:0:4,at:49:1015:0:16,5,Sous-desservi
austria,2-RX1-W-j26-1,at:43:5210:0:4,at:49:1349:0:9,1,Sous-desservi
austria,2-RX1-W-j26-1,at:43:5210:0:4,at:49:334:0:25,1,Sous-desservi
austria,2-RX1-W-j26-1,at:43:5210:0:5,cz:0:5433425:0:1,2,Sous-desservi
austria,2-RX1-W-j26-1,at:43:5210:0:6,at:43:3162:0:1,6,Sous-desservi
austria,2-RX1-W-j26-1,at:43:5210:0:6,at:43:3162:0:3,1,Sous-desservi
austria,2-RX1-W-j26-1,at:43:5210:0:6,at:43:3622:0:1,2,Sous-desservi
austria,2-RX1-W-j26-1,at:43:5210:0:6,at:49:1015:0:16,6,Sous-desservi
austria,2-RX1-W-j26-1,at:43:5210:0:6,at:49:1349:0:28,2,Sous-desservi
austria,2-RX1-W-j26-1,at:43:5210:0:6,at:49:1349:0:9,1,Sous-desservi
austria,2-RX1-W-j26-1,at:43:5210:0:6,at:49:334:0:23,1,Sous-desservi
austria,2-RX1-W-j26-1,at:43:5210:0:6,at:49:334:0:24,2,Sous-desservi
austria,2-RX1-W-j26-1,at:43:5210:0:6,at:49:334:0:25,2,Sous-desservi
austria,2-RX1-W-j26-1,at:43:5210:0:6,at:49:334:0:5,1,Sous-desservi
austria,2-RX1-W-j26-1,at:43:5210:0:6,cz:0:5433425:0:1,14,Desserte Normale
austria,2-RX1-W-j26-1,at:49:1015:0:1,at:43:3622:0:1,1,Sous-desservi
austria,2-RX1-W-j26-1,at:49:1015:0:1,at:49:334:0:24,1,Sous-desservi
austria,2-RX1-W-j26-1,at:49:1015:0:1,cz:0:5433425:0:1,3,Sous-desservi
austria,2-RX1-W-j26-1,at:49:1015:0:13,at:43:3090:0:1,1,Sous-desservi
austria,2-RX1-W-j26-1,at:49:1015:0:13,at:43:5210:0:1,1,Sous-desservi
austria,2-RX1-W-j26-1,at:49:1015:0:13,at:43:5210:0:10,17,Desserte Normale
austria,2-RX1-W-j26-1,at:49:1015:0:13,at:43:5210:0:11,5,Sous-desservi
austria,2-RX1-W-j26-1,at:49:1015:0:13,at:43:5210:0:5,2,Sous-desservi
austria,2-RX1-W-j26-1,at:49:1015:0:13,at:43:5210:0:6,7,Desserte Normale
austria,2-RX1-W-j26-1,at:49:1015:0:15,at:43:5210:0:10,1,Sous-desservi
austria,2-RX1-W-j26-1,at:49:1015:0:15,cz:0:5433425:0:1,1,Sous-desservi
austria,2-RX1-W-j26-1,at:49:1015:0:16,at:43:3622:0:1,2,Sous-desservi
austria,2-RX1-W-j26-1,at:49:1015:0:16,at:49:334:0:24,2,Sous-desservi
austria,2-RX1-W-j26-1,at:49:1015:0:16,at:49:334:0:25,1,Sous-desservi
austria,2-RX1-W-j26-1,at:49:1015:0:16,cz:0:5433425:0:1,3,Sous-desservi
austria,2-RX1-W-j26-1,at:49:1015:0:6,at:43:5210:0:1,1,Sous-desservi
austria,2-RX1-W-j26-1,at:49:1015:0:6,at:43:5210:0:10,1,Sous-desservi
austria,2-RX1-W-j26-1,at:49:1015:0:6,at:43:5210:0:5,1,Sous-desservi
austria,2-RX1-W-j26-1,at:49:1040:0:19,at:43:5210:0:11,1,Sous-desservi
austria,2-RX1-W-j26-1,at:49:1040:0:21,at:49:334:0:25,1,Sous-desservi
austria,2-RX1-W-j26-1,at:49:1040:0:5,at:43:3622:0:1,1,Sous-desservi
austria,2-RX1-W-j26-1,at:49:1091:0:12,at:43:3622:0:6,3,Sous-desservi
austria,2-RX1-W-j26-1,at:49:334:0:20,at:43:5210:0:10,1,Sous-desservi
austria,2-RX1-W-j26-1,at:49:334:0:20,at:43:5210:0:6,1,Sous-desservi
austria,2-RX1-W-j26-1,at:49:334:0:23,at:43:3622:0:6,1,Sous-desservi
austria,2-RX1-W-j26-1,at:49:334:0:23,at:43:5210:0:1,1,Sous-desservi
austria,2-RX1-W-j26-1,at:49:334:0:23,at:43:5210:0:10,9,Desserte Normale
austria,2-RX1-W-j26-1,at:49:334:0:23,at:43:5210:0:11,2,Sous-desservi
austria,2-RX1-W-j26-1,at:49:334:0:23,at:43:5210:0:5,2,Sous-desservi
austria,2-RX1-W-j26-1,at:49:334:0:23,at:43:5210:0:6,5,Sous-desservi
austria,2-RX1-W-j26-1,at:49:334:0:24,at:43:3622:0:1,2,Sous-desservi
austria,2-RX1-W-j26-1,at:49:334:0:24,at:43:3622:0:6,2,Sous-desservi
austria,2-RX1-W-j26-1,at:49:334:0:25,at:43:5210:0:1,1,Sous-desservi
austria,2-RX1-W-j26-1,at:49:334:0:25,at:43:5210:0:10,9,Desserte Normale
austria,2-RX1-W-j26-1,at:49:334:0:25,at:43:5210:0:11,3,Sous-desservi
austria,2-RX1-W-j26-1,at:49:334:0:25,at:43:5210:0:5,1,Sous-desservi
austria,2-RX1-W-j26-1,at:49:334:0:25,at:43:5210:0:6,1,Sous-desservi
austria,2-RX1-W-j26-1,cz:0:5433425:0:1,at:43:5210:0:1,2,Sous-desservi
austria,2-RX1-W-j26-1,cz:0:5433425:0:1,at:43:5210:0:10,30,Desserte Normale
austria,2-RX1-W-j26-1,cz:0:5433425:0:1,at:43:5210:0:11,8,Desserte Normale
austria,2-RX1-W-j26-1,cz:0:5433425:0:1,at:43:5210:0:5,8,Desserte Normale
austria,2-RX1-W-j26-1,cz:0:5433425:0:1,at:43:5210:0:6,14,Desserte Normale
austria,2-RX1-W-j26-1,cz:0:5433425:0:1,at:49:849:0:5,1,Sous-desservi
austria,2-RX2-K-j26-1,at:42:3654:0:6,it:22095:7068:51:1,1,Sous-desservi
austria,2-RX2-K-j26-1,at:42:3662:0:3,it:22095:7068:51:1,1,Sous-desservi
austria,2-RX2-K-j26-1,it:22095:7049:1:1,it:22095:7068:51:1,5,Sous-desservi
austria,2-RX2-K-j26-1,it:22095:7068:51:1,at:42:3654:0:1,1,Sous-desservi
austria,2-RX2-K-j26-1,it:22095:7068:51:1,it:22095:7049:1:1,4,Sous-desservi
austria,2-RX2-S-j26-1,at:44:41164:0:2,at:44:47200:0:3,2,Sous-desservi
austria,2-RX2-S-j26-1,at:44:41164:0:2,at:45:56702:0:2,1,Sous-desservi
austria,2-RX2-S-j26-1,at:44:41164:0:2,de:09172:42293:1:1,1,Sous-desservi
austria,2-RX2-S-j26-1,at:44:41164:0:2,de:09172:42293:95:96,1,Sous-desservi
austria,2-RX2-S-j26-1,at:44:41164:0:7,at:45:50002:0:4,1,Sous-desservi
austria,2-RX2-S-j26-1,at:44:41164:0:7,at:45:50002:0:6,1,Sous-desservi
austria,2-RX2-S-j26-1,at:44:47200:0:1,at:44:41164:0:7,1,Sous-desservi
austria,2-RX2-S-j26-1,at:44:47870:0:3,at:44:41164:0:10,1,Sous-desservi
austria,2-RX2-S-j26-1,at:45:50002:0:6,at:44:41164:0:12,1,Sous-desservi
austria,2-RX2-S-j26-1,at:45:50290:0:2,at:44:41164:0:8,1,Sous-desservi
austria,2-RX2-S-j26-1,at:45:50290:0:5,at:44:41164:0:10,2,Sous-desservi
austria,2-RX2-S-j26-1,at:45:50290:0:5,at:44:47200:0:1,2,Sous-desservi
austria,2-RX2-T-j26-1,at:47:1170:0:12,at:47:1186:0:2,2,Sous-desservi
austria,2-RX2-T-j26-1,at:47:1170:0:12,at:47:1187:0:5,1,Sous-desservi
austria,2-RX2-T-j26-1,at:47:1170:0:12,at:47:1187:0:8,1,Sous-desservi
austria,2-RX2-T-j26-1,at:47:1170:0:15,at:47:1186:0:2,9,Desserte Normale
austria,2-RX2-T-j26-1,at:47:1170:0:15,at:47:1187:0:1,2,Sous-desservi
austria,2-RX2-T-j26-1,at:47:1170:0:15,at:47:1187:0:21,1,Sous-desservi
austria,2-RX2-T-j26-1,at:47:1170:0:15,at:47:1187:0:5,7,Desserte Normale
austria,2-RX2-T-j26-1,at:47:1170:0:15,at:47:1187:0:8,1,Sous-desservi
austria,2-RX2-T-j26-1,at:47:1170:0:18,at:47:1186:0:2,2,Sous-desservi
austria,2-RX2-T-j26-1,at:47:1170:0:18,at:47:1187:0:5,1,Sous-desservi
austria,2-RX2-T-j26-1,at:47:1170:0:8,at:47:1186:0:2,3,Sous-desservi
austria,2-RX2-T-j26-1,at:47:1170:0:8,at:47:1187:0:1,1,Sous-desservi
austria,2-RX2-T-j26-1,at:47:1170:0:8,at:47:1187:0:5,2,Sous-desservi
austria,2-RX2-T-j26-1,at:47:1170:0:8,at:47:1187:0:8,1,Sous-desservi
austria,2-RX2-T-j26-1,at:47:1186:0:1,at:47:1170:0:12,3,Sous-desservi
austria,2-RX2-T-j26-1,at:47:1186:0:1,at:47:1170:0:15,9,Desserte Normale
austria,2-RX2-T-j26-1,at:47:1186:0:1,at:47:1170:0:18,2,Sous-desservi
austria,2-RX2-T-j26-1,at:47:1186:0:1,at:47:1170:0:8,8,Desserte Normale
austria,2-RX2-T-j26-1,at:47:1186:0:1,at:47:2184:0:11,4,Sous-desservi
austria,2-RX2-T-j26-1,at:47:1186:0:1,at:47:2184:0:21,5,Sous-desservi
austria,2-RX2-T-j26-1,at:47:1186:0:1,at:47:2184:0:22,14,Desserte Normale
austria,2-RX2-T-j26-1,at:47:1187:0:1,at:47:1170:0:12,1,Sous-desservi
austria,2-RX2-T-j26-1,at:47:1187:0:1,at:47:1170:0:15,1,Sous-desservi
austria,2-RX2-T-j26-1,at:47:1187:0:1,at:47:2184:0:22,1,Sous-desservi
austria,2-RX2-T-j26-1,at:47:1187:0:26,at:47:1170:0:12,1,Sous-desservi
austria,2-RX2-T-j26-1,at:47:1187:0:26,at:47:1170:0:15,1,Sous-desservi
austria,2-RX2-T-j26-1,at:47:1187:0:26,at:47:1170:0:16,1,Sous-desservi
austria,2-RX2-T-j26-1,at:47:1187:0:26,at:47:1170:0:18,2,Sous-desservi
austria,2-RX2-T-j26-1,at:47:1187:0:26,at:47:1170:0:8,3,Sous-desservi
austria,2-RX2-T-j26-1,at:47:1187:0:26,at:47:2184:0:11,5,Sous-desservi
austria,2-RX2-T-j26-1,at:47:1187:0:26,at:47:2184:0:22,1,Sous-desservi
austria,2-RX2-T-j26-1,at:47:1187:0:33,at:47:2184:0:22,1,Sous-desservi
austria,2-RX2-T-j26-1,at:47:1187:0:5,at:47:1170:0:12,1,Sous-desservi
austria,2-RX2-T-j26-1,at:47:1187:0:5,at:47:1170:0:15,2,Sous-desservi
austria,2-RX2-T-j26-1,at:47:1187:0:5,at:47:1170:0:16,1,Sous-desservi
austria,2-RX2-T-j26-1,at:47:1187:0:5,at:47:1170:0:8,2,Sous-desservi
austria,2-RX2-T-j26-1,at:47:1187:0:5,at:47:2184:0:11,6,Sous-desservi
austria,2-RX2-T-j26-1,at:47:1187:0:5,at:47:2184:0:21,4,Sous-desservi
austria,2-RX2-T-j26-1,at:47:1187:0:5,at:47:2184:0:22,10,Desserte Normale
austria,2-RX2-T-j26-1,at:47:1187:0:8,at:47:1170:0:12,1,Sous-desservi
austria,2-RX2-T-j26-1,at:47:1187:0:8,at:47:1170:0:15,6,Sous-desservi
austria,2-RX2-T-j26-1,at:47:1187:0:8,at:47:1170:0:16,1,Sous-desservi
austria,2-RX2-T-j26-1,at:47:1187:0:8,at:47:1170:0:8,3,Sous-desservi
austria,2-RX2-T-j26-1,at:47:1187:0:8,at:47:2184:0:11,3,Sous-desservi
austria,2-RX2-T-j26-1,at:47:1187:0:8,at:47:2184:0:21,1,Sous-desservi
austria,2-RX2-T-j26-1,at:47:1187:0:8,at:47:2184:0:22,7,Desserte Normale
austria,2-RX2-T-j26-1,at:47:2184:0:11,at:47:1186:0:2,3,Sous-desservi
austria,2-RX2-T-j26-1,at:47:2184:0:11,at:47:1187:0:1,2,Sous-desservi
austria,2-RX2-T-j26-1,at:47:2184:0:11,at:47:1187:0:26,5,Sous-desservi
austria,2-RX2-T-j26-1,at:47:2184:0:11,at:47:1187:0:5,2,Sous-desservi
austria,2-RX2-T-j26-1,at:47:2184:0:11,at:47:1187:0:8,2,Sous-desservi
austria,2-RX2-T-j26-1,at:47:2184:0:13,at:47:1187:0:21,2,Sous-desservi
austria,2-RX2-T-j26-1,at:47:2184:0:21,at:47:1186:0:2,3,Sous-desservi
austria,2-RX2-T-j26-1,at:47:2184:0:21,at:47:1187:0:1,1,Sous-desservi
austria,2-RX2-T-j26-1,at:47:2184:0:21,at:47:1187:0:26,2,Sous-desservi
austria,2-RX2-T-j26-1,at:47:2184:0:21,at:47:1187:0:33,1,Sous-desservi
austria,2-RX2-T-j26-1,at:47:2184:0:21,at:47:1187:0:8,2,Sous-desservi
austria,2-RX2-T-j26-1,at:47:2184:0:22,at:47:1186:0:2,15,Desserte Normale
austria,2-RX2-T-j26-1,at:47:2184:0:22,at:47:1187:0:1,3,Sous-desservi
austria,2-RX2-T-j26-1,at:47:2184:0:22,at:47:1187:0:26,3,Sous-desservi
austria,2-RX2-T-j26-1,at:47:2184:0:22,at:47:1187:0:3,2,Sous-desservi
austria,2-RX2-T-j26-1,at:47:2184:0:22,at:47:1187:0:5,4,Sous-desservi
austria,2-RX2-T-j26-1,at:47:2184:0:22,at:47:1187:0:8,8,Desserte Normale
austria,2-RX2-W-j26-1,at:43:4015:0:1,at:49:1015:0:15,1,Sous-desservi
austria,2-RX2-W-j26-1,at:43:4015:0:1,at:49:334:0:23,1,Sous-desservi
austria,2-RX2-W-j26-1,at:43:4015:0:1,at:49:769:0:3,35,Desserte Normale
austria,2-RX2-W-j26-1,at:43:4015:0:4,at:49:769:0:3,18,Desserte Normale
austria,2-RX2-W-j26-1,at:49:1015:0:16,at:43:4015:0:1,2,Sous-desservi
austria,2-RX2-W-j26-1,at:49:1015:0:16,at:43:4015:0:4,2,Sous-desservi
austria,2-RX2-W-j26-1,at:49:1015:0:16,at:49:1040:0:5,1,Sous-desservi
austria,2-RX2-W-j26-1,at:49:1015:0:16,at:49:334:0:24,1,Sous-desservi
austria,2-RX2-W-j26-1,at:49:1015:0:16,at:49:334:0:25,1,Sous-desservi
austria,2-RX2-W-j26-1,at:49:1015:0:16,at:49:334:0:5,3,Sous-desservi
austria,2-RX2-W-j26-1,at:49:1040:0:21,at:43:4015:0:1,3,Sous-desservi
austria,2-RX2-W-j26-1,at:49:1040:0:21,at:43:4015:0:4,2,Sous-desservi
austria,2-RX2-W-j26-1,at:49:1040:0:21,at:49:334:0:24,3,Sous-desservi
austria,2-RX2-W-j26-1,at:49:1040:0:5,at:43:3991:0:1,1,Sous-desservi
austria,2-RX2-W-j26-1,at:49:1040:0:5,at:43:4015:0:1,7,Desserte Normale
austria,2-RX2-W-j26-1,at:49:1040:0:5,at:43:4015:0:4,7,Desserte Normale
austria,2-RX2-W-j26-1,at:49:1040:0:5,at:43:5274:0:1,1,Sous-desservi
austria,2-RX2-W-j26-1,at:49:1040:0:5,at:49:334:0:24,4,Sous-desservi
austria,2-RX2-W-j26-1,at:49:1091:0:12,at:43:4015:0:1,11,Desserte Normale
austria,2-RX2-W-j26-1,at:49:1091:0:12,at:43:4015:0:4,9,Desserte Normale
austria,2-RX2-W-j26-1,at:49:1091:0:12,at:43:5274:0:1,1,Sous-desservi
austria,2-RX2-W-j26-1,at:49:1091:0:12,at:49:1040:0:5,1,Sous-desservi
austria,2-RX2-W-j26-1,at:49:1091:0:12,at:49:334:0:24,7,Desserte Normale
austria,2-RX2-W-j26-1,at:49:1091:0:12,at:49:334:0:25,2,Sous-desservi
austria,2-RX2-W-j26-1,at:49:1349:0:12,at:49:1015:0:15,1,Sous-desservi
austria,2-RX2-W-j26-1,at:49:1349:0:28,at:43:5271:0:1,2,Sous-desservi
austria,2-RX2-W-j26-1,at:49:334:0:24,at:43:4015:0:1,1,Sous-desservi
austria,2-RX2-W-j26-1,at:49:334:0:24,at:43:4015:0:4,2,Sous-desservi
austria,2-RX2-W-j26-1,at:49:334:0:5,at:43:4015:0:1,1,Sous-desservi
austria,2-RX2-W-j26-1,at:49:334:0:5,at:43:4015:0:4,1,Sous-desservi
austria,2-RX3-O-j26-1,at:44:45260:0:2,at:44:41164:0:2,1,Sous-desservi
austria,2-RX3-S-j26-1,at:46:7208:0:3,at:45:50002:0:6,1,Sous-desservi
austria,2-RX3-T-j26-1,at:45:50002:0:4,at:45:52099:0:2,2,Sous-desservi
austria,2-RX3-T-j26-1,at:45:50002:0:4,at:45:52197:0:2,2,Sous-desservi
austria,2-RX3-T-j26-1,at:45:50002:0:4,at:45:52197:0:6,1,Sous-desservi
austria,2-RX3-T-j26-1,at:45:50002:0:5,at:45:52099:0:2,1,Sous-desservi
austria,2-RX3-T-j26-1,at:45:50002:0:5,at:45:52197:0:2,1,Sous-desservi
austria,2-RX3-T-j26-1,at:45:52099:0:2,at:45:50002:0:11,1,Sous-desservi
austria,2-RX3-T-j26-1,at:45:52099:0:2,at:45:50002:0:4,1,Sous-desservi
austria,2-RX3-T-j26-1,at:45:52099:0:2,de:09172:42293:95:97,1,Sous-desservi
austria,2-RX3-T-j26-1,at:45:52197:0:2,at:45:50002:0:4,1,Sous-desservi
austria,2-RX3-T-j26-1,at:45:52197:0:5,at:45:50002:0:5,1,Sous-desservi
austria,2-RX3-T-j26-1,at:45:52197:0:6,at:45:50002:0:9,1,Sous-desservi
austria,2-RX3-T-j26-1,at:45:54001:0:2,at:47:1170:0:20,1,Sous-desservi
austria,2-RX3-T-j26-1,at:45:54001:0:5,at:47:1170:0:8,1,Sous-desservi
austria,2-RX3-T-j26-1,at:47:1170:0:21,at:45:54001:0:3,2,Sous-desservi
austria,2-RX3-W-j26-1,at:43:20307:0:1,at:43:5210:0:6,3,Sous-desservi
austria,2-RX3-W-j26-1,at:43:20307:0:1,at:49:1015:0:13,7,Desserte Normale
austria,2-RX3-W-j26-1,at:43:20307:0:1,at:49:1015:0:15,2,Sous-desservi
austria,2-RX3-W-j26-1,at:43:20307:0:1,at:49:1040:0:19,5,Sous-desservi
austria,2-RX3-W-j26-1,at:43:20307:0:1,at:49:1040:0:20,4,Sous-desservi
austria,2-RX3-W-j26-1,at:43:4656:0:1,at:49:1015:0:1,1,Sous-desservi
austria,2-RX3-W-j26-1,at:43:4656:0:1,at:49:1015:0:13,1,Sous-desservi
austria,2-RX3-W-j26-1,at:43:4656:0:1,at:49:1040:0:20,1,Sous-desservi
austria,2-RX3-W-j26-1,at:43:4656:0:1,at:49:334:0:23,1,Sous-desservi
austria,2-RX3-W-j26-1,at:43:4656:0:1,cz:0:5436275:0:1,1,Sous-desservi
austria,2-RX3-W-j26-1,at:43:4656:0:4,at:43:5210:0:6,1,Sous-desservi
austria,2-RX3-W-j26-1,at:43:4656:0:4,at:49:1015:0:1,2,Sous-desservi
austria,2-RX3-W-j26-1,at:43:4656:0:4,at:49:1015:0:13,3,Sous-desservi
austria,2-RX3-W-j26-1,at:43:4656:0:4,at:49:1040:0:20,1,Sous-desservi
austria,2-RX3-W-j26-1,at:43:4656:0:4,at:49:334:0:23,3,Sous-desservi
austria,2-RX3-W-j26-1,at:43:4656:0:4,at:49:591:0:2,2,Sous-desservi
austria,2-RX3-W-j26-1,at:43:5210:0:10,at:43:20307:0:1,4,Sous-desservi
austria,2-RX3-W-j26-1,at:43:5210:0:10,at:43:4656:0:1,3,Sous-desservi
austria,2-RX3-W-j26-1,at:43:5210:0:10,at:49:1015:0:16,1,Sous-desservi
austria,2-RX3-W-j26-1,at:43:5210:0:10,at:49:1349:0:28,6,Sous-desservi
austria,2-RX3-W-j26-1,at:43:5210:0:10,at:49:1349:0:4,2,Sous-desservi
austria,2-RX3-W-j26-1,at:43:5210:0:10,at:49:334:0:25,2,Sous-desservi
austria,2-RX3-W-j26-1,at:43:5210:0:10,cz:0:5436275:0:1,3,Sous-desservi
austria,2-RX3-W-j26-1,at:43:5210:0:11,at:43:20307:0:1,1,Sous-desservi
austria,2-RX3-W-j26-1,at:43:5210:0:11,at:43:4656:0:4,3,Sous-desservi
austria,2-RX3-W-j26-1,at:43:5210:0:11,at:49:1015:0:1,1,Sous-desservi
austria,2-RX3-W-j26-1,at:43:5210:0:11,at:49:1349:0:10,1,Sous-desservi
austria,2-RX3-W-j26-1,at:43:5210:0:11,at:49:1349:0:28,5,Sous-desservi
austria,2-RX3-W-j26-1,at:43:5210:0:11,at:49:1349:0:4,2,Sous-desservi
austria,2-RX3-W-j26-1,at:43:5210:0:11,at:49:334:0:23,2,Sous-desservi
austria,2-RX3-W-j26-1,at:43:5210:0:11,at:49:334:0:25,1,Sous-desservi
austria,2-RX3-W-j26-1,at:43:5210:0:11,cz:0:5436275:0:1,1,Sous-desservi
austria,2-RX3-W-j26-1,at:43:5210:0:4,at:43:20307:0:1,2,Sous-desservi
austria,2-RX3-W-j26-1,at:43:5210:0:4,at:49:1349:0:9,1,Sous-desservi
austria,2-RX3-W-j26-1,at:43:5210:0:5,at:43:20307:0:1,1,Sous-desservi
austria,2-RX3-W-j26-1,at:43:5210:0:5,at:49:1349:0:28,1,Sous-desservi
austria,2-RX3-W-j26-1,at:43:5210:0:5,at:49:1349:0:4,1,Sous-desservi
austria,2-RX3-W-j26-1,at:43:5210:0:5,cz:0:5436275:0:1,1,Sous-desservi
austria,2-RX3-W-j26-1,at:43:5210:0:6,at:43:4656:0:1,2,Sous-desservi
austria,2-RX3-W-j26-1,at:43:5210:0:6,at:49:1015:0:16,1,Sous-desservi
austria,2-RX3-W-j26-1,at:43:5210:0:6,at:49:1349:0:28,1,Sous-desservi
austria,2-RX3-W-j26-1,at:43:5210:0:6,at:49:1349:0:4,1,Sous-desservi
austria,2-RX3-W-j26-1,at:43:5210:0:6,at:49:334:0:25,1,Sous-desservi
austria,2-RX3-W-j26-1,at:43:5210:0:6,cz:0:5436275:0:1,1,Sous-desservi
austria,2-RX3-W-j26-1,at:43:8763:0:5,at:49:1015:0:1,2,Sous-desservi
austria,2-RX3-W-j26-1,at:43:8763:0:5,at:49:334:0:25,2,Sous-desservi
austria,2-RX3-W-j26-1,at:49:1015:0:1,at:43:4656:0:1,2,Sous-desservi
austria,2-RX3-W-j26-1,at:49:1015:0:13,at:43:20307:0:1,4,Sous-desservi
austria,2-RX3-W-j26-1,at:49:1015:0:13,at:43:4656:0:1,1,Sous-desservi
austria,2-RX3-W-j26-1,at:49:1015:0:13,cz:0:5436275:0:1,2,Sous-desservi
austria,2-RX3-W-j26-1,at:49:1015:0:16,at:43:20307:0:1,2,Sous-desservi
austria,2-RX3-W-j26-1,at:49:1015:0:16,at:43:4656:0:1,5,Sous-desservi
austria,2-RX3-W-j26-1,at:49:1015:0:16,at:43:4656:0:4,7,Desserte Normale
austria,2-RX3-W-j26-1,at:49:1015:0:16,at:49:334:0:5,2,Sous-desservi
austria,2-RX3-W-j26-1,at:49:1015:0:16,cz:0:5436275:0:1,5,Sous-desservi
austria,2-RX3-W-j26-1,at:49:1040:0:19,cz:0:5436275:0:1,1,Sous-desservi
austria,2-RX3-W-j26-1,at:49:1040:0:21,at:43:20307:0:1,5,Sous-desservi
austria,2-RX3-W-j26-1,at:49:1040:0:21,at:43:4656:0:1,3,Sous-desservi
austria,2-RX3-W-j26-1,at:49:1040:0:21,at:43:4656:0:4,3,Sous-desservi
austria,2-RX3-W-j26-1,at:49:1040:0:21,at:49:334:0:23,2,Sous-desservi
austria,2-RX3-W-j26-1,at:49:1040:0:21,at:49:334:0:25,3,Sous-desservi
austria,2-RX3-W-j26-1,at:49:1040:0:21,at:49:334:0:5,2,Sous-desservi
austria,2-RX3-W-j26-1,at:49:1040:0:21,cz:0:5436275:0:1,3,Sous-desservi
austria,2-RX3-W-j26-1,at:49:1040:0:5,at:43:20307:0:1,4,Sous-desservi
austria,2-RX3-W-j26-1,at:49:1040:0:5,at:43:4656:0:1,3,Sous-desservi
austria,2-RX3-W-j26-1,at:49:1040:0:5,at:43:4656:0:4,4,Sous-desservi
austria,2-RX3-W-j26-1,at:49:1040:0:5,at:49:334:0:5,1,Sous-desservi
austria,2-RX3-W-j26-1,at:49:1040:0:5,cz:0:5436275:0:1,4,Sous-desservi
austria,2-RX3-W-j26-1,at:49:1349:0:31,at:43:4239:0:1,1,Sous-desservi
austria,2-RX3-W-j26-1,at:49:1349:0:31,at:43:5210:0:10,2,Sous-desservi
austria,2-RX3-W-j26-1,at:49:1349:0:31,at:43:5210:0:5,1,Sous-desservi
austria,2-RX3-W-j26-1,at:49:1349:0:32,at:43:5210:0:10,1,Sous-desservi
austria,2-RX3-W-j26-1,at:49:1349:0:32,at:43:5210:0:11,1,Sous-desservi
austria,2-RX3-W-j26-1,at:49:1349:0:32,at:43:5210:0:6,1,Sous-desservi
austria,2-RX3-W-j26-1,at:49:1349:0:33,at:43:5210:0:10,5,Sous-desservi
austria,2-RX3-W-j26-1,at:49:1349:0:33,at:43:5210:0:11,2,Sous-desservi
austria,2-RX3-W-j26-1,at:49:1349:0:33,at:43:5210:0:5,1,Sous-desservi
austria,2-RX3-W-j26-1,at:49:1349:0:33,at:43:5210:0:6,8,Desserte Normale
austria,2-RX3-W-j26-1,at:49:334:0:20,at:43:5210:0:10,3,Sous-desservi
austria,2-RX3-W-j26-1,at:49:334:0:20,at:43:5210:0:11,2,Sous-desservi
austria,2-RX3-W-j26-1,at:49:334:0:20,at:43:5210:0:5,1,Sous-desservi
austria,2-RX3-W-j26-1,at:49:334:0:20,at:49:1040:0:19,6,Sous-desservi
austria,2-RX3-W-j26-1,at:49:334:0:20,at:49:1040:0:20,6,Sous-desservi
austria,2-RX3-W-j26-1,at:49:334:0:23,at:43:5210:0:10,5,Sous-desservi
austria,2-RX3-W-j26-1,at:49:334:0:23,at:49:1040:0:19,4,Sous-desservi
austria,2-RX3-W-j26-1,at:49:334:0:23,at:49:1040:0:20,1,Sous-desservi
austria,2-RX3-W-j26-1,at:49:334:0:25,at:43:4239:0:1,1,Sous-desservi
austria,2-RX3-W-j26-1,at:49:334:0:25,at:43:5210:0:11,1,Sous-desservi
austria,2-RX3-W-j26-1,at:49:334:0:25,at:43:5210:0:5,1,Sous-desservi
austria,2-RX3-W-j26-1,cz:0:5436275:0:1,at:43:4656:0:4,2,Sous-desservi
austria,2-RX3-W-j26-1,cz:0:5436275:0:1,at:43:5210:0:6,5,Sous-desservi
austria,2-RX3-W-j26-1,cz:0:5436275:0:1,at:49:1015:0:13,7,Desserte Normale
austria,2-RX3-W-j26-1,cz:0:5436275:0:1,at:49:1015:0:15,1,Sous-desservi
austria,2-RX3-W-j26-1,cz:0:5436275:0:1,at:49:1040:0:19,5,Sous-desservi
austria,2-RX3-W-j26-1,cz:0:5436275:0:1,at:49:1040:0:20,5,Sous-desservi
austria,2-RX4-K-j26-1,at:42:3642:0:3,at:42:3654:0:7,1,Sous-desservi
austria,2-RX4-K-j26-1,at:42:3654:0:2,at:42:3662:0:1,1,Sous-desservi
austria,2-RX4-K-j26-1,at:42:3907:0:2,at:42:3654:0:1,1,Sous-desservi
austria,2-RX4-O-j26-1,at:44:41164:0:12,at:44:43589:0:2,1,Sous-desservi
austria,2-RX4-O-j26-1,at:44:41164:0:12,at:46:6938:0:3,1,Sous-desservi
austria,2-RX4-O-j26-1,at:44:41164:0:12,at:46:6938:0:7,2,Sous-desservi
austria,2-RX4-O-j26-1,at:44:41164:0:3,at:44:43589:0:2,1,Sous-desservi
austria,2-RX4-O-j26-1,at:44:41164:0:3,at:46:6938:0:3,4,Sous-desservi
austria,2-RX4-O-j26-1,at:44:41164:0:3,at:46:6938:0:7,3,Sous-desservi
austria,2-RX4-O-j26-1,at:44:41164:0:3,at:46:7437:0:2,1,Sous-desservi
austria,2-RX4-O-j26-1,at:44:41164:0:4,at:46:6938:0:7,1,Sous-desservi
austria,2-RX4-O-j26-1,at:44:42390:0:2,at:44:41164:0:4,1,Sous-desservi
austria,2-RX4-O-j26-1,at:44:43510:0:1,at:44:41164:0:11,1,Sous-desservi
austria,2-RX4-O-j26-1,at:44:43589:0:1,at:44:41164:0:4,2,Sous-desservi
austria,2-RX4-O-j26-1,at:44:43649:0:1,at:46:6938:0:3,2,Sous-desservi
austria,2-RX4-O-j26-1,at:46:6938:0:2,at:44:41164:0:12,1,Sous-desservi
austria,2-RX4-O-j26-1,at:46:6938:0:2,at:44:41164:0:4,1,Sous-desservi
austria,2-RX4-O-j26-1,at:46:6938:0:3,at:44:41164:0:11,1,Sous-desservi
austria,2-RX4-O-j26-1,at:46:6938:0:3,at:44:41164:0:12,1,Sous-desservi
austria,2-RX4-O-j26-1,at:46:6938:0:3,at:44:41164:0:4,4,Sous-desservi
austria,2-RX4-O-j26-1,at:46:6938:0:3,at:44:43500:0:2,1,Sous-desservi
austria,2-RX4-O-j26-1,at:46:6938:0:3,at:44:43649:0:1,1,Sous-desservi
austria,2-RX4-O-j26-1,at:46:6938:0:7,at:44:41164:0:11,1,Sous-desservi
austria,2-RX4-O-j26-1,at:46:6938:0:7,at:44:41164:0:12,1,Sous-desservi
austria,2-RX4-O-j26-1,at:46:6938:0:7,at:44:41164:0:3,1,Sous-desservi
austria,2-RX4-O-j26-1,at:46:6938:0:7,at:44:41164:0:4,4,Sous-desservi
austria,2-RX4-O-j26-1,at:46:6938:0:7,at:44:43500:0:2,1,Sous-desservi
austria,2-RX4-O-j26-1,at:46:6938:0:7,at:44:43649:0:1,1,Sous-desservi
austria,2-RX4-O-j26-1,at:46:7437:0:2,at:44:41164:0:3,1,Sous-desservi
austria,2-RX4-T-j26-1,at:47:3873:0:5,it:22021:1980:50:31137,6,Sous-desservi
austria,2-RX6-W-j26-1,at:43:3655:0:1,at:49:1349:0:32,1,Sous-desservi
austria,2-RX6-W-j26-1,at:49:1015:0:17,sk:56:2:0:1,2,Sous-desservi
austria,2-RX6-W-j26-1,at:49:1349:0:10,sk:56:2:0:1,3,Sous-desservi
austria,2-RX6-W-j26-1,at:49:1349:0:28,at:43:3655:0:1,1,Sous-desservi
austria,2-RX6-W-j26-1,at:49:1349:0:28,sk:56:2:0:1,1,Sous-desservi
austria,2-RX6-W-j26-1,at:49:1349:0:4,sk:56:2:0:1,4,Sous-desservi
austria,2-RX6-W-j26-1,at:49:1349:0:9,sk:56:2:0:1,11,Desserte Normale
austria,2-RX6-W-j26-1,hu:08518:27001898:27001524,sk:56:2:0:1,12,Desserte Normale
austria,2-RX6-W-j26-1,sk:56:2:0:1,at:43:3538:0:4,1,Sous-desservi
austria,2-RX6-W-j26-1,sk:56:2:0:1,at:49:1349:0:1,1,Sous-desservi
austria,2-RX6-W-j26-1,sk:56:2:0:1,at:49:1349:0:29,20,Desserte Normale
austria,2-RX6-W-j26-1,sk:56:2:0:1,at:49:1349:0:32,5,Sous-desservi
austria,2-RX6-W-j26-1,sk:56:2:0:1,at:49:1349:0:4,1,Sous-desservi
austria,2-RX6-W-j26-1,sk:56:2:0:1,at:49:1349:0:9,1,Sous-desservi
austria,2-RX7-K-j26-1,at:42:3633:0:3,at:42:3642:0:2,1,Sous-desservi
austria,2-RX7-K-j26-1,at:42:3633:0:4,at:42:3625:0:1,1,Sous-desservi
austria,2-RX7-V-j26-1,at:48:452:0:7,de:09776:1546:1:1,1,Sous-desservi
austria,2-RX7-V-j26-1,ch:23016:20309:90:1,de:09776:1546:1:1,7,Desserte Normale
austria,2-RX7-V-j26-1,ch:23016:20309:90:1,de:09776:1546:1:2,1,Sous-desservi
austria,2-RX7-V-j26-1,ch:23016:20309:90:1,de:09776:1546:1:3,6,Sous-desservi
austria,2-RX7-V-j26-1,ch:23016:20309:90:1,de:09776:1546:1:5,1,Sous-desservi
austria,2-RX7-V-j26-1,de:09776:1546:1:1,ch:23016:20309:90:1,7,Desserte Normale
austria,2-RX7-V-j26-1,de:09776:1546:1:2,ch:23016:20309:90:1,8,Desserte Normale
austria,2-RX7-V-j26-1,de:09776:1546:1:3,ch:23016:20309:90:1,2,Sous-desservi
austria,2-RX7-V-j26-1,de:09776:1592:2:2,de:09776:1546:1:1,2,Sous-desservi
austria,2-RX7-W-j26-1,at:43:3430:0:1,at:49:1349:0:29,1,Sous-desservi
austria,2-RX7-W-j26-1,at:43:3430:0:1,at:49:334:0:23,1,Sous-desservi
austria,2-RX7-W-j26-1,at:43:3430:0:1,at:49:334:0:24,1,Sous-desservi
austria,2-RX7-W-j26-1,at:43:4239:0:14,at:49:1349:0:28,2,Sous-desservi
austria,2-RX7-W-j26-1,at:43:4708:0:1,at:43:5271:0:1,3,Sous-desservi
austria,2-RX7-W-j26-1,at:43:4708:0:1,at:49:1349:0:27,7,Desserte Normale
austria,2-RX7-W-j26-1,at:43:4708:0:1,at:49:1349:0:29,1,Sous-desservi
austria,2-RX7-W-j26-1,at:43:4708:0:1,at:49:1349:0:31,3,Sous-desservi
austria,2-RX7-W-j26-1,at:43:4708:0:1,at:49:1349:0:33,2,Sous-desservi
austria,2-RX7-W-j26-1,at:43:4708:0:2,at:49:1040:0:5,1,Sous-desservi
austria,2-RX7-W-j26-1,at:43:4708:0:2,at:49:1091:0:12,3,Sous-desservi
austria,2-RX7-W-j26-1,at:43:4708:0:2,at:49:1349:0:27,2,Sous-desservi
austria,2-RX7-W-j26-1,at:43:4708:0:2,at:49:1349:0:29,1,Sous-desservi
austria,2-RX7-W-j26-1,at:43:4708:0:2,at:49:1349:0:31,8,Desserte Normale
austria,2-RX7-W-j26-1,at:43:4708:0:2,at:49:1349:0:33,2,Sous-desservi
austria,2-RX7-W-j26-1,at:43:4708:0:2,at:49:334:0:24,1,Sous-desservi
austria,2-RX7-W-j26-1,at:43:4708:0:2,at:49:334:0:25,1,Sous-desservi
austria,2-RX7-W-j26-1,at:43:4708:0:4,at:43:3430:0:1,1,Sous-desservi
austria,2-RX7-W-j26-1,at:43:4708:0:4,at:43:4142:0:3,1,Sous-desservi
austria,2-RX7-W-j26-1,at:43:4708:0:4,at:43:5271:0:1,25,Desserte Normale
austria,2-RX7-W-j26-1,at:43:4708:0:4,at:43:5271:0:3,1,Sous-desservi
austria,2-RX7-W-j26-1,at:43:4708:0:4,at:43:5271:0:4,3,Sous-desservi
austria,2-RX7-W-j26-1,at:43:5271:0:1,at:43:4015:0:4,1,Sous-desservi
austria,2-RX7-W-j26-1,at:43:5271:0:1,at:49:1040:0:5,6,Sous-desservi
austria,2-RX7-W-j26-1,at:43:5271:0:1,at:49:1091:0:12,6,Sous-desservi
austria,2-RX7-W-j26-1,at:43:5271:0:1,at:49:1349:0:31,2,Sous-desservi
austria,2-RX7-W-j26-1,at:43:5271:0:1,at:49:1780:0:1,30,Desserte Normale
austria,2-RX7-W-j26-1,at:43:5271:0:1,at:49:334:0:24,7,Desserte Normale
austria,2-RX7-W-j26-1,at:43:5271:0:1,at:49:334:0:25,10,Desserte Normale
austria,2-RX7-W-j26-1,at:43:5271:0:3,at:49:1091:0:12,1,Sous-desservi
austria,2-RX7-W-j26-1,at:43:5271:0:3,at:49:1349:0:27,1,Sous-desservi
austria,2-RX7-W-j26-1,at:43:5271:0:4,at:49:1091:0:12,1,Sous-desservi
austria,2-RX7-W-j26-1,at:43:5271:0:4,at:49:1349:0:31,1,Sous-desservi
austria,2-RX7-W-j26-1,at:49:1040:0:20,at:43:5271:0:1,1,Sous-desservi
austria,2-RX7-W-j26-1,at:49:1349:0:1,at:43:4708:0:1,1,Sous-desservi
austria,2-RX7-W-j26-1,at:49:1349:0:10,at:43:4708:0:4,3,Sous-desservi
austria,2-RX7-W-j26-1,at:49:1349:0:28,at:43:4708:0:1,4,Sous-desservi
austria,2-RX7-W-j26-1,at:49:1349:0:28,at:43:4708:0:2,8,Desserte Normale
austria,2-RX7-W-j26-1,at:49:1349:0:28,at:43:4708:0:4,31,Desserte Normale
austria,2-RX7-W-j26-1,at:49:1349:0:28,at:49:1780:0:3,1,Sous-desservi
austria,2-RX7-W-j26-1,at:49:1349:0:4,at:43:4708:0:2,6,Sous-desservi
austria,2-RX7-W-j26-1,at:49:1349:0:4,at:43:4708:0:4,7,Desserte Normale
austria,2-RX7-W-j26-1,at:49:1780:0:1,at:49:1349:0:1,1,Sous-desservi
austria,2-RX7-W-j26-1,at:49:1780:0:1,at:49:1349:0:27,16,Desserte Normale
austria,2-RX7-W-j26-1,at:49:1780:0:1,at:49:1349:0:31,9,Desserte Normale
austria,2-RX7-W-j26-1,at:49:1780:0:1,at:49:1349:0:33,5,Sous-desservi
austria,2-RX7-W-j26-1,at:49:334:0:20,at:43:5271:0:1,3,Sous-desservi
austria,2-RX7-W-j26-1,at:49:334:0:23,at:43:3430:0:1,2,Sous-desservi
austria,2-RX7-W-j26-1,at:49:334:0:23,at:43:5271:0:1,13,Desserte Normale
austria,2-RX7-W-j26-1,at:49:334:0:24,at:43:5271:0:1,1,Sous-desservi
austria,2-RX7-W-j26-1,at:49:334:0:25,at:43:4708:0:2,3,Sous-desservi
austria,2-RX7-W-j26-1,at:49:334:0:25,at:43:5271:0:1,2,Sous-desservi
austria,2-RX7-W-j26-1,at:49:334:0:25,at:43:5271:0:4,1,Sous-desservi
austria,2-RX7-W-j26-1,at:49:769:0:3,at:43:4708:0:2,1,Sous-desservi
austria,2-RX7-W-j26-1,at:49:769:0:3,at:43:5271:0:1,4,Sous-desservi
austria,2-RX8-M-j26-1,at:46:2065:0:1,at:46:7474:0:1,1,Sous-desservi
austria,2-RX8-M-j26-1,at:46:2065:0:7,at:46:7474:0:1,1,Sous-desservi
austria,2-RX8-W-j26-1,at:43:4132:0:3,at:49:1349:0:32,1,Sous-desservi
austria,2-RX8-W-j26-1,at:43:99986:0:1,at:49:1349:0:32,1,Sous-desservi
austria,2-RX8-W-j26-1,at:43:99986:0:1,at:49:1349:0:33,2,Sous-desservi
austria,2-RX8-W-j26-1,at:49:1349:0:10,at:43:99986:0:1,2,Sous-desservi
austria,2-RX8-W-j26-1,at:49:1349:0:10,sk:56:7:0:1,1,Sous-desservi
austria,2-RX8-W-j26-1,at:49:1349:0:32,sk:56:7:0:1,1,Sous-desservi
austria,2-RX8-W-j26-1,at:49:1349:0:33,sk:56:7:0:1,1,Sous-desservi
austria,2-RX8-W-j26-1,at:49:1349:0:9,at:43:4132:0:3,1,Sous-desservi
austria,2-RX8-W-j26-1,at:49:1349:0:9,sk:56:7:0:1,15,Desserte Normale
austria,2-RX8-W-j26-1,sk:56:7:0:1,at:49:1349:0:32,15,Desserte Normale
austria,2-RX8-W-j26-1,sk:56:7:0:1,at:49:1349:0:33,5,Sous-desservi
austria,2-RX9-W-j26-1,at:49:1015:0:1,at:49:1349:0:34,4,Sous-desservi
austria,20-SV1-A-j26-1,at:44:44900:0:22,at:44:44880:0:32,1,Sous-desservi
austria,20-SV1-B-j26-1,at:44:43589:0:21,at:44:43649:0:21,4,Sous-desservi
austria,20-SV1-B-j26-1,at:44:43649:0:22,at:44:43589:0:21,4,Sous-desservi
austria,20-SV1-C-j26-1,at:44:49331:0:21,at:44:49000:0:21,2,Sous-desservi
austria,20-SV1-D-j26-1,at:43:7381:0:2,at:43:7386:0:3,21,Desserte Normale
austria,20-SV1-D-j26-1,at:43:7386:0:3,at:43:7381:0:2,15,Desserte Normale
austria,20-SV1-E-j26-1,at:44:47000:0:31,at:44:47301:0:21,8,Desserte Normale
austria,20-SV1-E-j26-1,at:44:47301:0:21,at:44:47000:0:31,8,Desserte Normale
austria,20-SV1-E-j26-1,at:44:47301:0:21,at:44:47906:0:1,2,Sous-desservi
austria,20-SV1-E-j26-1,at:44:47906:0:1,at:44:47301:0:21,2,Sous-desservi
austria,20-SV1-F-j26-1,at:44:42390:0:21,at:44:43500:0:21,2,Sous-desservi
austria,20-SV1-F-j26-1,at:44:43500:0:22,at:44:42390:0:22,3,Sous-desservi
austria,20-SV1-F-j26-1,at:44:43500:0:22,at:44:43540:0:21,2,Sous-desservi
austria,20-SV1-F-j26-1,at:44:43510:0:21,at:44:43540:0:21,2,Sous-desservi
austria,20-SV1-F-j26-1,at:44:43540:0:21,at:44:43500:0:21,4,Sous-desservi
austria,20-SV1-F-j26-1,at:44:43540:0:21,at:44:43510:0:21,2,Sous-desservi
austria,20-SV1-G-j26-1,at:44:43540:0:21,at:44:43510:0:21,1,Sous-desservi
austria,20-SV2-A-j26-1,at:45:54001:0:1,at:45:52197:0:1,1,Sous-desservi
austria,20-SV2-B-j26-1,at:47:3879:0:1,it:22021:1980:1:3159,3,Sous-desservi
austria,20-SV2-B-j26-1,it:22021:1980:1:7096,at:47:3879:0:1,3,Sous-desservi
austria,20-SV3-A-j26-1,at:45:52197:0:1,at:47:1187:0:20,1,Sous-desservi
austria,20-SV3-A-j26-1,at:47:1170:0:23,at:47:1187:0:20,1,Sous-desservi
austria,20-SV3-A-j26-1,at:47:1184:0:1,at:47:1187:0:20,79,Bien desservi
austria,20-SV3-A-j26-1,at:47:1187:0:20,at:45:52197:0:1,1,Sous-desservi
austria,20-SV3-A-j26-1,at:47:1187:0:20,at:47:1170:0:23,1,Sous-desservi
austria,20-SV3-A-j26-1,at:47:1187:0:20,at:47:1184:0:1,79,Bien desservi
austria,20-SV3-A-j26-1,at:47:1187:0:20,at:47:61321:0:2,23,Desserte Normale
austria,20-SV3-A-j26-1,at:47:61321:0:7,at:47:1187:0:20,18,Desserte Normale
austria,20-SV3-B-j26-1,at:47:1184:0:1,at:47:1187:0:20,79,Bien desservi
austria,20-SV3-B-j26-1,at:47:1187:0:20,at:47:1184:0:1,78,Bien desservi
austria,20-SV3-B-j26-1,at:47:1187:0:20,at:47:61321:0:2,6,Sous-desservi
austria,20-SV3-B-j26-1,at:47:61321:0:7,at:47:1187:0:20,6,Sous-desservi
austria,20-SV4-A-j26-1,at:47:2231:0:2,at:47:1187:0:20,2,Sous-desservi
austria,20-SV5-A-j26-1,at:46:1839:0:5,at:46:1891:0:3,3,Sous-desservi
austria,20-SV5-A-j26-1,at:46:1891:0:3,at:46:1839:0:5,3,Sous-desservi
austria,20-SV5-B-j26-1,at:46:1839:0:5,at:46:1891:0:3,3,Sous-desservi
austria,20-SV5-B-j26-1,at:46:1891:0:3,at:46:1839:0:5,2,Sous-desservi
austria,3-103-D-j26-1,de:09172:42293:95:97,at:45:50002:0:7,1,Sous-desservi
austria,3-130-O-j26-1,at:46:6589:0:4,at:46:6938:0:3,1,Sous-desservi
austria,3-130-O-j26-1,at:46:6589:0:4,at:46:6938:0:5,3,Sous-desservi
austria,3-130-O-j26-1,at:46:6938:0:3,at:46:7456:0:3,1,Sous-desservi
austria,3-130-O-j26-1,at:46:6938:0:5,at:46:6589:0:4,1,Sous-desservi
austria,3-140-O-j26-1,at:46:6938:0:2,at:46:7437:0:2,1,Sous-desservi
austria,3-140-O-j26-1,at:46:6938:0:6,at:46:7437:0:2,1,Sous-desservi
austria,3-190-S-j26-1,at:44:49000:0:1,at:45:50273:0:9,2,Sous-desservi
austria,3-190-S-j26-1,at:44:49000:0:3,at:45:50273:0:9,1,Sous-desservi
austria,3-190-S-j26-1,at:45:50273:0:9,at:44:49000:0:2,1,Sous-desservi
austria,3-190-S-j26-1,at:45:50273:0:9,at:44:49000:0:3,1,Sous-desservi
austria,3-221-S-j26-1,at:42:2121:0:2,at:42:2128:0:2,1,Sous-desservi
austria,3-221-S-j26-1,at:42:2121:0:3,at:42:2128:0:5,1,Sous-desservi
austria,3-221-S-j26-1,at:42:2121:0:3,at:45:52197:0:3,1,Sous-desservi
austria,3-221-S-j26-1,at:42:2121:0:3,de:09172:42293:95:97,1,Sous-desservi
austria,3-221-S-j26-1,at:42:2128:0:2,at:42:2121:0:2,1,Sous-desservi
austria,3-221-S-j26-1,at:42:2128:0:2,at:42:2121:0:3,1,Sous-desservi
austria,3-221-S-j26-1,at:45:52197:0:4,at:45:56702:0:3,1,Sous-desservi
austria,3-221-S-j26-1,at:45:56702:0:2,at:45:52197:0:3,1,Sous-desservi
austria,3-499-M-j26-1,si:63:102:0:1,si:63:106:0:1,4,Sous-desservi
austria,3-501-M-j26-1,at:46:1839:0:3,si:63:102:0:1,6,Sous-desservi
austria,3-501-M-j26-1,si:63:102:0:1,at:46:1839:0:3,6,Sous-desservi
austria,3-510-N-j26-1,at:43:5210:0:4,at:49:788:0:13,2,Sous-desservi
austria,3-520-N-j26-1,at:46:1960:0:2,at:46:1982:0:3,1,Sous-desservi
austria,3-520-N-j26-1,at:46:1960:0:3,at:46:1982:0:3,1,Sous-desservi
austria,3-520-N-j26-1,at:46:1982:0:2,at:46:1960:0:2,1,Sous-desservi
austria,3-520-N-j26-1,at:46:1982:0:3,at:46:1960:0:3,1,Sous-desservi
austria,3-530-M-j26-1,at:46:1960:0:2,hu:31583:27000652:27000612,4,Sous-desservi
austria,3-530-M-j26-1,at:46:1960:0:3,hu:31583:27000652:27000612,10,Desserte Normale
austria,3-530-M-j26-1,at:46:1960:0:4,hu:31583:27000652:27000612,4,Sous-desservi
austria,3-530-M-j26-1,hu:31583:27000652:27000612,at:46:1960:0:2,2,Sous-desservi
austria,3-530-M-j26-1,hu:31583:27000652:27000612,at:46:1960:0:3,14,Desserte Normale
austria,3-530-M-j26-1,hu:31583:27000652:27000612,at:46:1960:0:4,4,Sous-desservi
austria,3-600-K-j26-1,it:22032:trieste-centrale:1:1,it:22095:7049:1:1,1,Sous-desservi
austria,3-600-K-j26-1,it:22095:7049:1:1,it:22095:7068:51:1,1,Sous-desservi
austria,3-600-K-j26-1,it:22095:7068:51:1,it:22032:trieste-centrale:1:1,1,Sous-desservi
austria,3-620-K-j26-1,at:42:3825:0:3,si:63:106:0:1,2,Sous-desservi
austria,3-620-K-j26-1,at:42:99979:0:1,at:42:3825:0:3,1,Sous-desservi
austria,3-810-W-j26-1,at:43:3709:0:1,at:43:3963:0:9,2,Sous-desservi
austria,3-R1-O-j26-1,at:44:43900:0:2,at:44:46950:0:1,3,Sous-desservi
austria,3-R1-O-j26-1,at:44:43900:0:2,at:44:46950:0:2,8,Desserte Normale
austria,3-R1-O-j26-1,at:44:43900:0:2,at:44:46950:0:3,1,Sous-desservi
austria,3-R1-O-j26-1,at:44:43900:0:2,at:46:7456:0:3,2,Sous-desservi
austria,3-R1-O-j26-1,at:44:46950:0:1,at:44:43900:0:2,4,Sous-desservi
austria,3-R1-O-j26-1,at:44:46950:0:2,at:44:43900:0:2,7,Desserte Normale
austria,3-R1-O-j26-1,at:44:46950:0:3,at:44:43900:0:2,4,Sous-desservi
austria,3-R1-O-j26-1,at:46:7456:0:3,at:44:43900:0:2,2,Sous-desservi
austria,3-R1-V-j26-1,at:48:1133:0:4,at:48:452:0:9,1,Sous-desservi
austria,3-R1-V-j26-1,at:48:130:0:10,at:48:466:0:7,1,Sous-desservi
austria,3-R1-V-j26-1,at:48:130:0:4,at:48:889:0:2,1,Sous-desservi
austria,3-R1-V-j26-1,at:48:130:0:4,de:09776:1592:2:2,1,Sous-desservi
austria,3-R1-V-j26-1,at:48:452:0:11,at:48:130:0:10,1,Sous-desservi
austria,3-R1-V-j26-1,at:48:452:0:9,at:48:130:0:1,1,Sous-desservi
austria,3-R1-V-j26-1,at:48:452:0:9,at:48:817:0:2,1,Sous-desservi
austria,3-R1-V-j26-1,at:48:452:0:9,at:48:817:0:3,1,Sous-desservi
austria,3-R1-V-j26-1,at:48:466:0:7,at:48:130:0:1,1,Sous-desservi
austria,3-R1-V-j26-1,at:48:466:0:7,at:48:130:0:4,2,Sous-desservi
austria,3-R1-V-j26-1,at:48:466:0:7,at:48:817:0:3,1,Sous-desservi
austria,3-R1-V-j26-1,at:48:466:0:7,at:48:817:0:4,1,Sous-desservi
austria,3-R1-V-j26-1,at:48:585:0:2,at:48:452:0:10,1,Sous-desservi
austria,3-R1-V-j26-1,at:48:585:0:2,at:48:452:0:9,1,Sous-desservi
austria,3-R1-V-j26-1,at:48:585:0:2,at:48:466:0:7,1,Sous-desservi
austria,3-R1-V-j26-1,at:48:817:0:6,at:48:452:0:10,1,Sous-desservi
austria,3-R2-O-j26-1,at:44:41164:0:2,at:45:50290:0:3,4,Sous-desservi
austria,3-R2-O-j26-1,at:44:42107:0:2,at:44:47200:0:1,1,Sous-desservi
austria,3-R2-O-j26-1,at:44:42107:0:2,at:44:47200:0:2,1,Sous-desservi
austria,3-R2-O-j26-1,at:44:42107:0:2,at:44:47200:0:4,3,Sous-desservi
austria,3-R2-O-j26-1,at:44:42107:0:2,at:44:47200:0:5,4,Sous-desservi
austria,3-R2-O-j26-1,at:44:42107:0:2,at:45:50290:0:3,29,Desserte Normale
austria,3-R2-O-j26-1,at:44:42107:0:6,at:45:50290:0:3,4,Sous-desservi
austria,3-R2-O-j26-1,at:44:47200:0:1,at:44:41164:0:1,1,Sous-desservi
austria,3-R2-O-j26-1,at:44:47200:0:1,at:44:41164:0:10,1,Sous-desservi
austria,3-R2-O-j26-1,at:44:47200:0:1,at:44:42107:0:1,8,Desserte Normale
austria,3-R2-O-j26-1,at:44:47200:0:3,at:45:50290:0:3,2,Sous-desservi
austria,3-R2-O-j26-1,at:44:47200:0:4,at:44:41164:0:10,1,Sous-desservi
austria,3-R2-O-j26-1,at:44:47200:0:4,at:44:42107:0:1,2,Sous-desservi
austria,3-R2-O-j26-1,at:44:47200:0:4,at:45:50290:0:3,4,Sous-desservi
austria,3-R2-O-j26-1,at:44:47200:0:5,at:44:42107:0:1,1,Sous-desservi
austria,3-R2-O-j26-1,at:44:47200:0:5,at:45:50290:0:3,8,Desserte Normale
austria,3-R2-O-j26-1,at:44:47870:0:3,at:45:50290:0:3,2,Sous-desservi
austria,3-R2-O-j26-1,at:45:50002:0:9,at:44:47200:0:1,1,Sous-desservi
austria,3-R2-O-j26-1,at:45:50002:0:9,at:45:50290:0:2,1,Sous-desservi
austria,3-R2-O-j26-1,at:45:50290:0:2,at:44:47200:0:1,2,Sous-desservi
austria,3-R2-O-j26-1,at:45:50290:0:5,at:44:42107:0:1,28,Desserte Normale
austria,3-R2-O-j26-1,at:45:50290:0:5,at:44:47200:0:1,5,Sous-desservi
austria,3-R2-O-j26-1,at:45:50290:0:5,at:44:47200:0:4,5,Sous-desservi
austria,3-R2-O-j26-1,at:45:50290:0:5,at:44:47200:0:5,5,Sous-desservi
austria,3-R2-O-j26-1,at:45:50290:0:5,at:44:47870:0:3,1,Sous-desservi
austria,3-R2-O-j26-1,at:45:56702:0:3,at:45:50002:0:4,1,Sous-desservi
austria,3-R2-O-j26-1,de:09172:42293:95:96,at:45:50002:0:4,1,Sous-desservi
austria,3-R2-V-j26-1,at:48:817:0:2,ch:23016:20302:0:2,2,Sous-desservi
austria,3-R2-V-j26-1,at:48:817:0:3,ch:23016:20302:0:2,3,Sous-desservi
austria,3-R21-j26-1,at:44:49331:0:1,at:45:50002:0:11,1,Sous-desservi
austria,3-R21-j26-1,at:44:49331:0:1,at:45:50002:0:5,1,Sous-desservi
austria,3-R21-j26-1,at:44:49331:0:1,at:45:50002:0:9,2,Sous-desservi
austria,3-R21-j26-1,at:44:49331:0:1,at:45:50273:0:9,16,Desserte Normale
austria,3-R21-j26-1,at:44:49331:0:2,at:45:50002:0:4,2,Sous-desservi
austria,3-R21-j26-1,at:44:49331:0:2,at:45:50002:0:6,2,Sous-desservi
austria,3-R21-j26-1,at:44:49331:0:2,at:45:50002:0:9,10,Desserte Normale
austria,3-R21-j26-1,at:45:50002:0:10,at:44:49331:0:1,1,Sous-desservi
austria,3-R21-j26-1,at:45:50002:0:10,at:44:49331:0:2,1,Sous-desservi
austria,3-R21-j26-1,at:45:50002:0:4,at:44:49331:0:2,1,Sous-desservi
austria,3-R21-j26-1,at:45:50002:0:7,at:44:49331:0:2,1,Sous-desservi
austria,3-R21-j26-1,at:45:50002:0:9,at:44:49331:0:1,2,Sous-desservi
austria,3-R21-j26-1,at:45:50002:0:9,at:44:49331:0:2,10,Desserte Normale
austria,3-R21-j26-1,at:45:50273:0:9,at:44:49331:0:1,14,Desserte Normale
austria,3-R21-j26-1,at:45:50273:0:9,at:44:49331:0:2,2,Sous-desservi
austria,3-R3-O-j26-1,at:44:45090:0:1,at:44:45260:0:1,4,Sous-desservi
austria,3-R3-O-j26-1,at:44:45090:0:1,at:44:45260:0:2,9,Desserte Normale
austria,3-R3-O-j26-1,at:44:45090:0:1,at:44:99981:0:1,4,Sous-desservi
austria,3-R3-O-j26-1,at:44:45260:0:1,at:44:45090:0:1,4,Sous-desservi
austria,3-R3-O-j26-1,at:44:45260:0:2,at:44:45090:0:1,2,Sous-desservi
austria,3-R3-O-j26-1,at:44:99981:0:1,at:44:45090:0:1,4,Sous-desservi
austria,3-R3-O-j26-1,de:09172:42293:95:97,at:45:50002:0:9,1,Sous-desservi
austria,3-R3-S-j26-1,at:45:50002:0:12,at:45:54001:0:3,1,Sous-desservi
austria,3-R3-S-j26-1,at:45:50002:0:12,at:45:54001:0:5,12,Desserte Normale
austria,3-R3-S-j26-1,at:45:50002:0:4,at:45:52197:0:2,1,Sous-desservi
austria,3-R3-S-j26-1,at:45:50002:0:4,at:45:54001:0:5,3,Sous-desservi
austria,3-R3-S-j26-1,at:45:50002:0:7,at:45:52197:0:2,1,Sous-desservi
austria,3-R3-S-j26-1,at:45:50002:0:9,at:45:54001:0:5,1,Sous-desservi
austria,3-R3-S-j26-1,at:45:52197:0:5,at:45:50002:0:12,1,Sous-desservi
austria,3-R3-S-j26-1,at:45:54001:0:3,at:45:50002:0:11,1,Sous-desservi
austria,3-R3-S-j26-1,at:45:54001:0:3,at:45:50002:0:12,1,Sous-desservi
austria,3-R3-S-j26-1,at:45:54001:0:3,at:45:50002:0:5,1,Sous-desservi
austria,3-R3-S-j26-1,at:45:54001:0:3,at:45:52197:0:5,2,Sous-desservi
austria,3-R3-S-j26-1,at:45:54001:0:5,at:45:50002:0:12,11,Desserte Normale
austria,3-R3-S-j26-1,at:45:54001:0:5,at:45:50002:0:4,3,Sous-desservi
austria,3-R3-S-j26-1,at:45:54001:0:5,at:45:50002:0:5,2,Sous-desservi
austria,3-R3-S-j26-1,at:45:54001:0:5,at:45:50002:0:7,1,Sous-desservi
austria,3-R3-W-j26-1,at:43:3780:0:2,at:49:591:0:2,2,Sous-desservi
austria,3-R3-W-j26-1,at:43:3963:0:1,at:43:4884:0:6,1,Sous-desservi
austria,3-R3-W-j26-1,at:43:4656:0:1,at:49:334:0:20,4,Sous-desservi
austria,3-R3-W-j26-1,at:43:4656:0:4,at:49:334:0:20,2,Sous-desservi
austria,3-R3-W-j26-1,at:43:4884:0:1,at:43:3963:0:9,4,Sous-desservi
austria,3-R3-W-j26-1,at:43:4884:0:4,at:43:3963:0:9,2,Sous-desservi
austria,3-R3-W-j26-1,at:43:4884:0:5,at:43:3963:0:9,4,Sous-desservi
austria,3-R3-W-j26-1,at:43:4884:0:6,at:43:3963:0:9,8,Desserte Normale
austria,3-R3-W-j26-1,at:43:5210:0:1,at:43:4884:0:4,1,Sous-desservi
austria,3-R3-W-j26-1,at:43:5210:0:1,at:49:1349:0:34,1,Sous-desservi
austria,3-R3-W-j26-1,at:43:5210:0:10,at:43:3963:0:8,1,Sous-desservi
austria,3-R3-W-j26-1,at:43:5210:0:10,at:49:1349:0:34,1,Sous-desservi
austria,3-R3-W-j26-1,at:43:5210:0:10,at:49:334:0:5,1,Sous-desservi
austria,3-R3-W-j26-1,at:43:5210:0:10,at:49:788:0:13,3,Sous-desservi
austria,3-R3-W-j26-1,at:43:5210:0:11,at:49:788:0:13,3,Sous-desservi
austria,3-R3-W-j26-1,at:43:5210:0:5,at:43:4884:0:5,1,Sous-desservi
austria,3-R3-W-j26-1,at:43:5210:0:5,at:49:1349:0:34,1,Sous-desservi
austria,3-R3-W-j26-1,at:43:5210:0:6,at:49:788:0:13,2,Sous-desservi
austria,3-R3-W-j26-1,at:49:1015:0:1,at:43:4884:0:6,6,Sous-desservi
austria,3-R3-W-j26-1,at:49:334:0:5,at:43:4884:0:4,1,Sous-desservi
austria,3-R3-W-j26-1,at:49:334:0:5,at:43:4884:0:5,1,Sous-desservi
austria,3-R3-W-j26-1,at:49:334:0:5,at:43:4884:0:6,5,Sous-desservi
austria,3-R33-O-j26-1,at:43:7242:0:1,at:44:44900:0:1,2,Sous-desservi
austria,3-R33-O-j26-1,at:43:7242:0:2,at:44:44880:0:2,1,Sous-desservi
austria,3-R33-O-j26-1,at:43:7242:0:2,at:44:44881:0:1,1,Sous-desservi
austria,3-R33-O-j26-1,at:43:7242:0:2,at:44:44900:0:1,13,Desserte Normale
austria,3-R33-O-j26-1,at:43:7242:0:4,at:44:44880:0:2,1,Sous-desservi
austria,3-R33-O-j26-1,at:43:7242:0:4,at:44:44900:0:1,5,Sous-desservi
austria,3-R33-O-j26-1,at:43:7242:0:5,at:44:44900:0:1,2,Sous-desservi
austria,3-R33-O-j26-1,at:44:44880:0:1,at:43:7242:0:2,1,Sous-desservi
austria,3-R33-O-j26-1,at:44:44880:0:2,at:43:7242:0:1,1,Sous-desservi
austria,3-R33-O-j26-1,at:44:44880:0:2,at:43:7242:0:2,3,Sous-desservi
austria,3-R33-O-j26-1,at:44:44881:0:1,at:43:7242:0:1,1,Sous-desservi
austria,3-R33-O-j26-1,at:44:44881:0:1,at:43:7242:0:4,1,Sous-desservi
austria,3-R33-O-j26-1,at:44:44900:0:1,at:43:7242:0:1,1,Sous-desservi
austria,3-R33-O-j26-1,at:44:44900:0:1,at:43:7242:0:2,16,Desserte Normale
austria,3-R33-O-j26-1,at:44:44900:0:1,at:43:7242:0:4,6,Sous-desservi
austria,3-R33-O-j26-1,at:44:44900:0:1,at:43:7242:0:9,2,Sous-desservi
austria,3-R33-O-j26-1,at:44:44900:0:1,at:44:44880:0:1,1,Sous-desservi
austria,3-R4-O-j26-1,at:44:43500:0:2,at:46:6938:0:7,3,Sous-desservi
austria,3-R4-W-j26-1,at:49:334:0:5,at:43:4884:0:1,2,Sous-desservi
austria,3-R4-W-j26-1,at:49:334:0:5,at:43:4884:0:4,1,Sous-desservi
austria,3-R4-W-j26-1,at:49:788:0:13,at:43:4884:0:4,1,Sous-desservi
austria,3-R4-W-j26-1,at:49:788:0:13,at:49:1349:0:34,1,Sous-desservi
austria,3-R40-W-j26-1,at:43:4824:0:1,at:49:345:0:12,1,Sous-desservi
austria,3-R40-W-j26-1,at:43:4824:0:1,at:49:345:0:13,3,Sous-desservi
austria,3-R40-W-j26-1,at:43:4824:0:1,at:49:345:0:14,6,Sous-desservi
austria,3-R40-W-j26-1,at:43:4824:0:1,at:49:345:0:15,5,Sous-desservi
austria,3-R40-W-j26-1,at:43:4824:0:1,at:49:345:0:5,3,Sous-desservi
austria,3-R40-W-j26-1,at:43:4824:0:1,at:49:491:0:15,15,Desserte Normale
austria,3-R40-W-j26-1,at:43:4824:0:1,at:49:491:0:2,3,Sous-desservi
austria,3-R40-W-j26-1,at:49:345:0:12,at:43:4824:0:1,4,Sous-desservi
austria,3-R40-W-j26-1,at:49:345:0:13,at:43:4824:0:1,2,Sous-desservi
austria,3-R40-W-j26-1,at:49:345:0:14,at:43:4824:0:1,6,Sous-desservi
austria,3-R40-W-j26-1,at:49:345:0:15,at:43:4824:0:1,3,Sous-desservi
austria,3-R40-W-j26-1,at:49:345:0:5,at:43:4824:0:1,3,Sous-desservi
austria,3-R40-W-j26-1,at:49:491:0:15,at:43:4824:0:1,13,Desserte Normale
austria,3-R40-W-j26-1,at:49:491:0:4,at:43:4824:0:1,5,Sous-desservi
austria,3-R41-W-j26-1,at:43:7169:0:1,at:43:99980:0:1,6,Sous-desservi
austria,3-R41-W-j26-1,at:43:7169:0:1,cz:0:5473632:0:1,3,Sous-desservi
austria,3-R41-W-j26-1,at:43:99980:0:1,at:43:7169:0:1,8,Desserte Normale
austria,3-R41-W-j26-1,at:43:99980:0:1,cz:0:5473632:0:1,2,Sous-desservi
austria,3-R41-W-j26-1,cz:0:5473632:0:1,at:43:7169:0:1,3,Sous-desservi
austria,3-R41-W-j26-1,cz:0:5473632:0:1,at:43:99980:0:1,2,Sous-desservi
austria,3-R42-O-j26-1,at:44:41272:0:1,at:44:44040:0:1,8,Desserte Normale
austria,3-R42-O-j26-1,at:44:41272:0:1,at:44:44040:0:2,6,Sous-desservi
austria,3-R42-O-j26-1,at:44:41272:0:1,at:44:44040:0:3,4,Sous-desservi
austria,3-R42-O-j26-1,at:44:41272:0:1,at:44:45780:0:2,3,Sous-desservi
austria,3-R42-O-j26-1,at:44:41272:0:1,at:44:49844:0:1,7,Desserte Normale
austria,3-R42-O-j26-1,at:44:41272:0:2,at:44:44040:0:1,12,Desserte Normale
austria,3-R42-O-j26-1,at:44:41272:0:2,at:44:44040:0:2,3,Sous-desservi
austria,3-R42-O-j26-1,at:44:41272:0:2,at:44:44040:0:3,6,Sous-desservi
austria,3-R42-O-j26-1,at:44:41272:0:2,at:44:45780:0:2,2,Sous-desservi
austria,3-R42-O-j26-1,at:44:41272:0:2,at:44:49844:0:1,8,Desserte Normale
austria,3-R42-O-j26-1,at:44:44040:0:1,at:44:41272:0:1,7,Desserte Normale
austria,3-R42-O-j26-1,at:44:44040:0:1,at:44:41272:0:2,8,Desserte Normale
austria,3-R42-O-j26-1,at:44:44040:0:2,at:44:41272:0:1,5,Sous-desservi
austria,3-R42-O-j26-1,at:44:44040:0:2,at:44:41272:0:2,9,Desserte Normale
austria,3-R42-O-j26-1,at:44:44040:0:3,at:44:41272:0:1,4,Sous-desservi
austria,3-R42-O-j26-1,at:44:44040:0:3,at:44:41272:0:2,5,Sous-desservi
austria,3-R42-O-j26-1,at:44:45750:0:1,at:44:41272:0:2,1,Sous-desservi
austria,3-R42-O-j26-1,at:44:45780:0:2,at:44:41272:0:1,4,Sous-desservi
austria,3-R42-O-j26-1,at:44:45780:0:2,at:44:41272:0:2,3,Sous-desservi
austria,3-R42-O-j26-1,at:44:49844:0:1,at:44:41272:0:1,4,Sous-desservi
austria,3-R42-O-j26-1,at:44:49844:0:1,at:44:41272:0:2,10,Desserte Normale
austria,3-R44-N-j26-1,at:43:3420:0:2,at:43:3660:0:6,1,Sous-desservi
austria,3-R44-N-j26-1,at:43:3486:0:1,at:43:3993:0:1,1,Sous-desservi
austria,3-R44-N-j26-1,at:43:3486:0:1,at:43:4848:0:14,2,Sous-desservi
austria,3-R44-N-j26-1,at:43:3784:0:1,at:43:3993:0:9,1,Sous-desservi
austria,3-R44-N-j26-1,at:43:3784:0:1,at:43:4789:0:1,1,Sous-desservi
austria,3-R44-N-j26-1,at:43:3784:0:1,at:43:4789:0:5,30,Desserte Normale
austria,3-R44-N-j26-1,at:43:3784:0:1,at:43:4848:0:14,1,Sous-desservi
austria,3-R44-N-j26-1,at:43:3784:0:4,at:43:3993:0:1,1,Sous-desservi
austria,3-R44-N-j26-1,at:43:3784:0:4,at:43:3993:0:9,3,Sous-desservi
austria,3-R44-N-j26-1,at:43:3784:0:4,at:43:4789:0:5,6,Sous-desservi
austria,3-R44-N-j26-1,at:43:3784:0:4,at:43:4848:0:14,20,Desserte Normale
austria,3-R44-N-j26-1,at:43:3993:0:1,at:43:4848:0:14,3,Sous-desservi
austria,3-R44-N-j26-1,at:43:3993:0:11,at:43:4848:0:14,1,Sous-desservi
austria,3-R44-N-j26-1,at:43:3993:0:14,at:43:4848:0:15,1,Sous-desservi
austria,3-R44-N-j26-1,at:43:3993:0:9,at:43:3784:0:4,2,Sous-desservi
austria,3-R44-N-j26-1,at:43:3993:0:9,at:43:4848:0:14,4,Sous-desservi
austria,3-R44-N-j26-1,at:43:4549:0:4,at:43:3993:0:1,1,Sous-desservi
austria,3-R44-N-j26-1,at:43:4549:0:4,at:43:3993:0:9,2,Sous-desservi
austria,3-R44-N-j26-1,at:43:4789:0:1,at:43:3784:0:1,2,Sous-desservi
austria,3-R44-N-j26-1,at:43:4789:0:1,at:43:4848:0:14,1,Sous-desservi
austria,3-R44-N-j26-1,at:43:4789:0:5,at:43:3784:0:1,29,Desserte Normale
austria,3-R44-N-j26-1,at:43:4789:0:5,at:43:3784:0:4,5,Sous-desservi
austria,3-R44-N-j26-1,at:43:4789:0:5,at:43:4848:0:14,1,Sous-desservi
austria,3-R44-N-j26-1,at:43:4848:0:14,at:43:3784:0:1,1,Sous-desservi
austria,3-R44-N-j26-1,at:43:4848:0:14,at:43:3784:0:4,20,Desserte Normale
austria,3-R44-N-j26-1,at:43:4848:0:14,at:43:3993:0:1,4,Sous-desservi
austria,3-R44-N-j26-1,at:43:4848:0:14,at:43:3993:0:11,2,Sous-desservi
austria,3-R44-N-j26-1,at:43:4848:0:14,at:43:3993:0:9,2,Sous-desservi
austria,3-R44-N-j26-1,at:43:4848:0:15,at:43:3784:0:1,1,Sous-desservi
austria,3-R44-N-j26-1,at:43:4848:0:15,at:43:3784:0:4,1,Sous-desservi
austria,3-R44-N-j26-1,at:43:4848:0:15,at:43:3993:0:1,1,Sous-desservi
austria,3-R5-V-j26-1,at:48:1313:0:3,at:48:817:0:4,1,Sous-desservi
austria,3-R5-V-j26-1,at:48:585:0:2,ch:23016:20309:90:1,1,Sous-desservi
austria,3-R5-V-j26-1,at:48:817:0:2,ch:23016:20309:90:1,1,Sous-desservi
austria,3-R5-V-j26-1,at:48:817:0:3,ch:23016:20309:90:1,2,Sous-desservi
austria,3-R5-V-j26-1,at:48:817:0:6,ch:23016:20309:90:1,4,Sous-desservi
austria,3-R5-V-j26-1,ch:23016:20309:90:1,at:48:1133:0:4,1,Sous-desservi
austria,3-R5-V-j26-1,ch:23016:20309:90:1,at:48:585:0:2,3,Sous-desservi
austria,3-R5-V-j26-1,ch:23016:20309:90:1,at:48:817:0:3,1,Sous-desservi
austria,3-R5-V-j26-1,ch:23016:20309:90:1,at:48:817:0:4,1,Sous-desservi
austria,3-R5-V-j26-1,ch:23016:20309:90:1,at:48:817:0:6,2,Sous-desservi
austria,3-R5-W-j26-1,at:43:7234:0:2,at:44:46950:0:1,1,Sous-desservi
austria,3-R5-W-j26-1,at:46:6938:0:5,at:43:7234:0:4,1,Sous-desservi
austria,3-R50-O-j26-1,at:44:40156:0:1,at:44:48500:0:1,1,Sous-desservi
austria,3-R50-O-j26-1,at:44:40156:0:1,de:09262:156:2:2,1,Sous-desservi
austria,3-R50-O-j26-1,at:44:40156:0:1,de:09262:156:2:3,1,Sous-desservi
austria,3-R50-O-j26-1,at:44:42107:0:4,de:09262:156:2:3,1,Sous-desservi
austria,3-R50-O-j26-1,at:44:42107:0:4,de:09262:156:3:5,1,Sous-desservi
austria,3-R50-O-j26-1,at:44:42107:0:5,at:44:48500:0:1,2,Sous-desservi
austria,3-R50-O-j26-1,at:44:42107:0:5,at:44:48500:0:3,1,Sous-desservi
austria,3-R50-O-j26-1,at:44:42107:0:5,de:09262:156:1:1,2,Sous-desservi
austria,3-R50-O-j26-1,at:44:42107:0:5,de:09262:156:2:2,2,Sous-desservi
austria,3-R50-O-j26-1,at:44:42107:0:5,de:09262:156:2:3,5,Sous-desservi
austria,3-R50-O-j26-1,at:44:42107:0:5,de:09262:156:3:5,3,Sous-desservi
austria,3-R50-O-j26-1,at:44:42107:0:5,de:09262:156:3:6,2,Sous-desservi
austria,3-R50-O-j26-1,at:44:48500:0:1,at:44:42107:0:3,3,Sous-desservi
austria,3-R50-O-j26-1,de:09262:156:1:1,at:44:42107:0:3,2,Sous-desservi
austria,3-R50-O-j26-1,de:09262:156:1:1,at:44:42107:0:6,1,Sous-desservi
austria,3-R50-O-j26-1,de:09262:156:2:2,at:44:42107:0:3,3,Sous-desservi
austria,3-R50-O-j26-1,de:09262:156:2:2,at:44:42107:0:6,1,Sous-desservi
austria,3-R50-O-j26-1,de:09262:156:2:3,at:44:40156:0:1,1,Sous-desservi
austria,3-R50-O-j26-1,de:09262:156:2:3,at:44:42107:0:3,3,Sous-desservi
austria,3-R50-O-j26-1,de:09262:156:3:5,at:44:40156:0:1,1,Sous-desservi
austria,3-R50-O-j26-1,de:09262:156:3:5,at:44:42107:0:3,1,Sous-desservi
austria,3-R50-O-j26-1,de:09262:156:3:5,at:44:42107:0:4,1,Sous-desservi
austria,3-R50-O-j26-1,de:09262:156:3:6,at:44:40156:0:1,1,Sous-desservi
austria,3-R50-O-j26-1,de:09262:156:3:6,at:44:42107:0:3,3,Sous-desservi
austria,3-R50-O-j26-1,de:09262:156:3:6,at:44:42107:0:6,1,Sous-desservi
austria,3-R51-O-j26-1,at:44:40156:0:4,at:44:42107:0:3,1,Sous-desservi
austria,3-R51-O-j26-1,at:44:40156:0:4,at:44:49000:0:2,1,Sous-desservi
austria,3-R51-O-j26-1,at:44:40156:0:4,at:44:49000:0:3,1,Sous-desservi
austria,3-R51-O-j26-1,at:44:40156:0:4,de:09277:80490:1:2,7,Desserte Normale
austria,3-R51-O-j26-1,at:44:40156:0:5,at:44:48000:0:3,1,Sous-desservi
austria,3-R51-O-j26-1,at:44:40156:0:5,at:44:48050:0:1,1,Sous-desservi
austria,3-R51-O-j26-1,at:44:40156:0:5,at:44:49000:0:1,4,Sous-desservi
austria,3-R51-O-j26-1,at:44:40156:0:5,at:44:49000:0:2,2,Sous-desservi
austria,3-R51-O-j26-1,at:44:40156:0:5,de:09277:80490:1:2,13,Desserte Normale
austria,3-R51-O-j26-1,at:44:42107:0:5,de:09277:80490:1:2,9,Desserte Normale
austria,3-R51-O-j26-1,at:44:48000:0:3,at:44:49000:0:2,1,Sous-desservi
austria,3-R51-O-j26-1,at:44:48000:0:5,at:44:40156:0:5,1,Sous-desservi
austria,3-R51-O-j26-1,at:44:48050:0:1,at:44:40156:0:5,1,Sous-desservi
austria,3-R51-O-j26-1,at:44:49000:0:1,at:44:40156:0:5,3,Sous-desservi
austria,3-R51-O-j26-1,at:44:49000:0:2,de:09277:80490:1:2,3,Sous-desservi
austria,3-R51-O-j26-1,at:44:49000:0:3,at:44:40156:0:4,2,Sous-desservi
austria,3-R51-O-j26-1,at:44:49000:0:3,at:44:40156:0:5,4,Sous-desservi
austria,3-R51-O-j26-1,at:44:49000:0:3,at:44:48000:0:3,1,Sous-desservi
austria,3-R51-O-j26-1,de:09277:80490:1:2,at:44:40156:0:4,6,Sous-desservi
austria,3-R51-O-j26-1,de:09277:80490:1:2,at:44:40156:0:5,7,Desserte Normale
austria,3-R51-O-j26-1,de:09277:80490:1:2,at:44:42107:0:3,10,Desserte Normale
austria,3-R51-O-j26-1,de:09277:80490:1:2,at:44:48000:0:4,1,Sous-desservi
austria,3-R51-O-j26-1,de:09277:80490:1:2,at:44:49000:0:2,2,Sous-desservi
austria,3-R51-O-j26-1,de:09277:80490:1:2,at:44:49000:0:3,1,Sous-desservi
austria,3-R52-A-j26-1,at:43:4848:0:1,at:43:7227:0:7,1,Sous-desservi
austria,3-R52-A-j26-1,at:43:4848:0:1,at:43:7227:0:8,1,Sous-desservi
austria,3-R52-A-j26-1,at:43:4848:0:14,at:43:7234:0:2,1,Sous-desservi
austria,3-R52-A-j26-1,at:43:4848:0:14,at:43:7234:0:4,1,Sous-desservi
austria,3-R52-A-j26-1,at:43:4848:0:15,at:43:7227:0:7,14,Desserte Normale
austria,3-R52-A-j26-1,at:43:4848:0:15,at:43:7227:0:8,9,Desserte Normale
austria,3-R52-A-j26-1,at:43:7227:0:7,at:43:4848:0:11,3,Sous-desservi
austria,3-R52-A-j26-1,at:43:7227:0:7,at:43:4848:0:15,12,Desserte Normale
austria,3-R52-A-j26-1,at:43:7227:0:8,at:43:4848:0:1,1,Sous-desservi
austria,3-R52-A-j26-1,at:43:7227:0:8,at:43:4848:0:11,2,Sous-desservi
austria,3-R52-A-j26-1,at:43:7227:0:8,at:43:4848:0:15,6,Sous-desservi
austria,3-R52-A-j26-1,at:43:7227:0:8,at:43:4848:0:8,1,Sous-desservi
austria,3-R52-A-j26-1,at:43:7234:0:2,at:43:4848:0:11,1,Sous-desservi
austria,3-R52-A-j26-1,at:43:7234:0:4,at:43:4848:0:11,1,Sous-desservi
austria,3-R53-A-j26-1,at:44:42107:0:11,at:44:42431:0:2,1,Sous-desservi
austria,3-R53-A-j26-1,at:44:42107:0:11,at:44:46340:0:1,11,Desserte Normale
austria,3-R53-A-j26-1,at:44:42107:0:12,at:44:42431:0:2,4,Sous-desservi
austria,3-R53-A-j26-1,at:44:42107:0:12,at:44:46340:0:1,5,Sous-desservi
austria,3-R53-A-j26-1,at:44:42107:0:3,at:44:46340:0:1,2,Sous-desservi
austria,3-R53-A-j26-1,at:44:42431:0:1,at:44:42107:0:11,3,Sous-desservi
austria,3-R53-A-j26-1,at:44:42431:0:1,at:44:42107:0:12,3,Sous-desservi
austria,3-R53-A-j26-1,at:44:46340:0:1,at:44:42107:0:11,11,Desserte Normale
austria,3-R53-A-j26-1,at:44:46340:0:1,at:44:42107:0:12,5,Sous-desservi
austria,3-R53-A-j26-1,at:44:46340:0:1,at:44:42107:0:3,1,Sous-desservi
austria,3-R53-O-j26-1,at:43:7234:0:1,at:43:7242:0:8,2,Sous-desservi
austria,3-R53-O-j26-1,at:43:7234:0:2,at:43:7242:0:6,1,Sous-desservi
austria,3-R53-O-j26-1,at:43:7234:0:2,at:43:7242:0:8,4,Sous-desservi
austria,3-R53-O-j26-1,at:43:7234:0:2,at:43:7242:0:9,1,Sous-desservi
austria,3-R53-O-j26-1,at:43:7234:0:4,at:43:7242:0:6,1,Sous-desservi
austria,3-R53-O-j26-1,at:43:7234:0:4,at:43:7242:0:8,4,Sous-desservi
austria,3-R53-O-j26-1,at:43:7234:0:4,at:43:7242:0:9,1,Sous-desservi
austria,3-R53-O-j26-1,at:43:7234:0:6,at:43:7242:0:6,1,Sous-desservi
austria,3-R53-O-j26-1,at:43:7234:0:6,at:43:7242:0:8,16,Desserte Normale
austria,3-R53-O-j26-1,at:43:7234:0:6,at:43:7242:0:9,4,Sous-desservi
austria,3-R53-O-j26-1,at:43:7242:0:3,at:43:7234:0:2,1,Sous-desservi
austria,3-R53-O-j26-1,at:43:7242:0:5,at:43:7234:0:1,1,Sous-desservi
austria,3-R53-O-j26-1,at:43:7242:0:5,at:43:7234:0:2,1,Sous-desservi
austria,3-R53-O-j26-1,at:43:7242:0:5,at:43:7234:0:6,1,Sous-desservi
austria,3-R53-O-j26-1,at:43:7242:0:6,at:43:7234:0:4,1,Sous-desservi
austria,3-R53-O-j26-1,at:43:7242:0:8,at:43:7234:0:1,1,Sous-desservi
austria,3-R53-O-j26-1,at:43:7242:0:8,at:43:7234:0:2,4,Sous-desservi
austria,3-R53-O-j26-1,at:43:7242:0:8,at:43:7234:0:4,2,Sous-desservi
austria,3-R53-O-j26-1,at:43:7242:0:8,at:43:7234:0:6,15,Desserte Normale
austria,3-R53-O-j26-1,at:43:7242:0:9,at:43:7234:0:2,3,Sous-desservi
austria,3-R53-O-j26-1,at:43:7242:0:9,at:43:7234:0:6,2,Sous-desservi
austria,3-R54-N-j26-1,at:43:4848:0:7,at:43:7403:0:4,1,Sous-desservi
austria,3-R54-N-j26-1,at:43:4848:0:8,at:43:7403:0:4,10,Desserte Normale
austria,3-R54-N-j26-1,at:43:7381:0:1,at:43:7403:0:4,8,Desserte Normale
austria,3-R54-N-j26-1,at:43:7381:0:4,at:43:4848:0:8,1,Sous-desservi
austria,3-R54-N-j26-1,at:43:7402:0:1,at:43:7403:0:4,1,Sous-desservi
austria,3-R54-N-j26-1,at:43:7403:0:1,at:43:4848:0:8,3,Sous-desservi
austria,3-R54-N-j26-1,at:43:7403:0:1,at:43:7381:0:1,1,Sous-desservi
austria,3-R54-N-j26-1,at:43:7403:0:1,at:43:7381:0:4,1,Sous-desservi
austria,3-R54-N-j26-1,at:43:7403:0:1,at:43:7402:0:1,1,Sous-desservi
austria,3-R54-N-j26-1,at:43:7403:0:4,at:43:4848:0:7,1,Sous-desservi
austria,3-R54-N-j26-1,at:43:7403:0:4,at:43:4848:0:8,11,Desserte Normale
austria,3-R54-N-j26-1,at:43:7403:0:4,at:43:7381:0:4,7,Desserte Normale
austria,3-R55-N-j26-1,at:43:4848:0:8,at:43:4016:0:1,1,Sous-desservi
austria,3-R55-N-j26-1,at:43:4848:0:8,at:43:7381:0:1,7,Desserte Normale
austria,3-R55-N-j26-1,at:43:4848:0:8,at:43:7381:0:4,6,Sous-desservi
austria,3-R55-N-j26-1,at:43:4848:0:8,at:43:7386:0:1,18,Desserte Normale
austria,3-R55-N-j26-1,at:43:7381:0:1,at:43:7386:0:1,9,Desserte Normale
austria,3-R55-N-j26-1,at:43:7381:0:4,at:43:4848:0:8,6,Sous-desservi
austria,3-R55-N-j26-1,at:43:7386:0:1,at:43:4848:0:8,10,Desserte Normale
austria,3-R55-N-j26-1,at:43:7386:0:1,at:43:7381:0:1,11,Desserte Normale
austria,3-R55-N-j26-1,at:43:7386:0:1,at:43:7381:0:4,3,Sous-desservi
austria,3-R57-O-j26-1,at:43:4848:0:16,at:43:7450:0:1,1,Sous-desservi
austria,3-R57-O-j26-1,at:43:7227:0:7,at:43:7443:0:4,1,Sous-desservi
austria,3-R57-O-j26-1,at:43:7227:0:7,at:43:7450:0:1,4,Sous-desservi
austria,3-R57-O-j26-1,at:43:7227:0:8,at:43:7443:0:1,5,Sous-desservi
austria,3-R57-O-j26-1,at:43:7227:0:8,at:43:7443:0:4,1,Sous-desservi
austria,3-R57-O-j26-1,at:43:7227:0:8,at:43:7450:0:1,20,Desserte Normale
austria,3-R57-O-j26-1,at:43:7443:0:1,at:43:7227:0:7,1,Sous-desservi
austria,3-R57-O-j26-1,at:43:7443:0:1,at:43:7227:0:8,4,Sous-desservi
austria,3-R57-O-j26-1,at:43:7443:0:4,at:43:7227:0:8,2,Sous-desservi
austria,3-R57-O-j26-1,at:43:7450:0:1,at:43:7227:0:7,2,Sous-desservi
austria,3-R57-O-j26-1,at:43:7450:0:1,at:43:7227:0:8,22,Desserte Normale
austria,3-R58-j26-1,at:43:7234:0:1,at:43:7900:0:4,1,Sous-desservi
austria,3-R58-j26-1,at:43:7234:0:1,at:44:46950:0:1,2,Sous-desservi
austria,3-R58-j26-1,at:43:7234:0:2,at:43:7900:0:1,2,Sous-desservi
austria,3-R58-j26-1,at:43:7234:0:2,at:43:7900:0:4,2,Sous-desservi
austria,3-R58-j26-1,at:43:7234:0:2,at:44:46950:0:1,3,Sous-desservi
austria,3-R58-j26-1,at:43:7234:0:2,at:46:6589:0:4,1,Sous-desservi
austria,3-R58-j26-1,at:43:7234:0:4,at:43:7900:0:1,6,Sous-desservi
austria,3-R58-j26-1,at:43:7234:0:4,at:43:7900:0:4,3,Sous-desservi
austria,3-R58-j26-1,at:43:7234:0:4,at:44:46940:0:1,6,Sous-desservi
austria,3-R58-j26-1,at:43:7234:0:4,at:44:46950:0:1,8,Desserte Normale
austria,3-R58-j26-1,at:43:7234:0:4,at:44:46950:0:2,3,Sous-desservi
austria,3-R58-j26-1,at:43:7234:0:4,at:46:6589:0:4,3,Sous-desservi
austria,3-R58-j26-1,at:43:7234:0:4,at:46:7456:0:3,1,Sous-desservi
austria,3-R58-j26-1,at:43:7234:0:6,at:43:7900:0:1,1,Sous-desservi
austria,3-R58-j26-1,at:43:7234:0:6,at:43:7900:0:4,1,Sous-desservi
austria,3-R58-j26-1,at:43:7234:0:6,at:44:46950:0:1,2,Sous-desservi
austria,3-R58-j26-1,at:43:7900:0:1,at:43:7234:0:2,1,Sous-desservi
austria,3-R58-j26-1,at:43:7900:0:1,at:43:7234:0:4,8,Desserte Normale
austria,3-R58-j26-1,at:43:7900:0:4,at:43:7234:0:2,2,Sous-desservi
austria,3-R58-j26-1,at:43:7900:0:4,at:43:7234:0:4,2,Sous-desservi
austria,3-R58-j26-1,at:43:7900:0:4,at:43:7234:0:6,1,Sous-desservi
austria,3-R58-j26-1,at:44:46940:0:1,at:43:7234:0:4,6,Sous-desservi
austria,3-R58-j26-1,at:44:46950:0:1,at:43:7234:0:2,3,Sous-desservi
austria,3-R58-j26-1,at:44:46950:0:1,at:43:7234:0:4,6,Sous-desservi
austria,3-R58-j26-1,at:44:46950:0:1,at:43:7234:0:6,1,Sous-desservi
austria,3-R58-j26-1,at:44:46950:0:1,at:46:7456:0:3,1,Sous-desservi
austria,3-R58-j26-1,at:44:46950:0:2,at:43:7234:0:4,1,Sous-desservi
austria,3-R58-j26-1,at:44:46950:0:2,at:46:7456:0:3,1,Sous-desservi
austria,3-R58-j26-1,at:44:46950:0:3,at:43:7234:0:4,1,Sous-desservi
austria,3-R58-j26-1,at:46:6589:0:4,at:43:7234:0:4,1,Sous-desservi
austria,3-R58-j26-1,at:46:7456:0:3,at:43:7234:0:4,1,Sous-desservi
austria,3-R58-j26-1,at:46:7456:0:3,at:44:46942:0:2,1,Sous-desservi
austria,3-R58-j26-1,at:46:7456:0:3,at:44:46950:0:1,1,Sous-desservi
austria,3-R58-j26-1,at:46:7456:0:3,at:44:46950:0:3,1,Sous-desservi
austria,3-R6-T-j26-1,at:47:2231:0:1,at:47:1189:0:7,6,Sous-desservi
austria,3-R6-T-j26-1,de:09180:42873:1:1,at:47:2231:0:1,3,Sous-desservi
austria,3-R6-T-j26-1,de:09180:42873:3:2,at:47:2231:0:1,1,Sous-desservi
austria,3-R6-T-j26-1,de:09180:42873:3:3,at:47:2231:0:1,2,Sous-desservi
austria,3-R62-N-j26-1,at:41:4367:0:3,at:41:4469:0:3,1,Sous-desservi
austria,3-R62-N-j26-1,at:41:4367:0:3,at:43:3209:0:1,9,Desserte Normale
austria,3-R62-N-j26-1,at:41:4367:0:3,at:43:3209:0:6,2,Sous-desservi
austria,3-R62-N-j26-1,at:41:4469:0:3,hu:17905:27000493:27000459,1,Sous-desservi
austria,3-R62-N-j26-1,at:43:3209:0:1,hu:17905:27000493:27000459,9,Desserte Normale
austria,3-R62-N-j26-1,at:43:3209:0:6,hu:17905:27000493:27000459,4,Sous-desservi
austria,3-R62-N-j26-1,hu:17905:27000493:27000459,at:41:4367:0:3,11,Desserte Normale
austria,3-R70-O-j26-1,at:44:46500:0:1,at:44:47200:0:1,2,Sous-desservi
austria,3-R70-O-j26-1,at:44:46500:0:2,at:44:47200:0:1,2,Sous-desservi
austria,3-R70-O-j26-1,at:44:46640:0:2,at:44:47200:0:1,7,Desserte Normale
austria,3-R70-O-j26-1,at:44:46640:0:2,at:44:47200:0:2,6,Sous-desservi
austria,3-R70-O-j26-1,at:44:46640:0:2,at:44:47200:0:4,4,Sous-desservi
austria,3-R70-O-j26-1,at:44:47200:0:1,at:44:46500:0:1,1,Sous-desservi
austria,3-R70-O-j26-1,at:44:47200:0:1,at:44:46500:0:2,2,Sous-desservi
austria,3-R70-O-j26-1,at:44:47200:0:1,at:44:46640:0:2,6,Sous-desservi
austria,3-R70-O-j26-1,at:44:47200:0:1,at:46:7063:0:3,3,Sous-desservi
austria,3-R70-O-j26-1,at:44:47200:0:4,at:44:46640:0:2,10,Desserte Normale
austria,3-R70-O-j26-1,at:44:47200:0:5,at:44:46640:0:2,2,Sous-desservi
austria,3-R70-O-j26-1,at:44:47200:0:5,at:46:7063:0:3,3,Sous-desservi
austria,3-R70-O-j26-1,at:46:6892:0:4,at:46:7063:0:3,1,Sous-desservi
austria,3-R70-O-j26-1,at:46:6892:0:4,at:46:7063:0:5,1,Sous-desservi
austria,3-R70-O-j26-1,at:46:7063:0:3,at:44:47200:0:1,2,Sous-desservi
austria,3-R70-O-j26-1,at:46:7063:0:3,at:44:47200:0:2,2,Sous-desservi
austria,3-R70-O-j26-1,at:46:7063:0:3,at:44:47200:0:4,1,Sous-desservi
austria,3-R70-O-j26-1,at:46:7063:0:3,at:46:7437:0:5,1,Sous-desservi
austria,3-R70-O-j26-1,at:46:7063:0:5,at:46:7437:0:5,1,Sous-desservi
austria,3-R71-O-j26-1,at:44:47000:0:1,at:44:48500:0:1,1,Sous-desservi
austria,3-R71-O-j26-1,at:44:47200:0:5,at:44:47000:0:1,1,Sous-desservi
austria,3-R71-O-j26-1,at:44:47200:0:5,at:44:48000:0:1,1,Sous-desservi
austria,3-R71-O-j26-1,at:44:47200:0:5,at:44:48000:0:5,1,Sous-desservi
austria,3-R71-O-j26-1,at:44:47200:0:5,at:44:48500:0:1,12,Desserte Normale
austria,3-R71-O-j26-1,at:44:48000:0:4,at:44:47200:0:5,1,Sous-desservi
austria,3-R71-O-j26-1,at:44:48500:0:1,at:44:47200:0:5,12,Desserte Normale
austria,3-R72-O-j26-1,at:44:47000:0:21,at:44:47301:0:1,16,Desserte Normale
austria,3-R72-O-j26-1,at:44:47200:0:4,at:44:47301:0:1,2,Sous-desservi
austria,3-R72-O-j26-1,at:44:47200:0:5,at:44:47301:0:1,4,Sous-desservi
austria,3-R72-O-j26-1,at:44:47301:0:1,at:44:47000:0:21,15,Desserte Normale
austria,3-R72-O-j26-1,at:44:47301:0:1,at:44:47200:0:1,1,Sous-desservi
austria,3-R72-O-j26-1,at:44:47301:0:1,at:44:47200:0:4,1,Sous-desservi
austria,3-R72-O-j26-1,at:44:47301:0:1,at:44:47200:0:5,5,Sous-desservi
austria,3-R8-W-j26-1,at:43:99986:0:1,sk:56:7:0:1,2,Sous-desservi
austria,3-R8-W-j26-1,sk:56:7:0:1,at:43:99986:0:1,2,Sous-desservi
austria,3-R81-W-j26-1,at:43:4132:0:1,at:49:1349:0:33,7,Desserte Normale
austria,3-R81-W-j26-1,at:43:4132:0:4,at:49:1349:0:32,1,Sous-desservi
austria,3-R81-W-j26-1,at:43:4132:0:4,at:49:1349:0:33,16,Desserte Normale
austria,3-R81-W-j26-1,at:43:4132:0:4,at:49:1349:0:4,1,Sous-desservi
austria,3-R81-W-j26-1,at:49:1349:0:10,at:43:4132:0:1,1,Sous-desservi
austria,3-R81-W-j26-1,at:49:1349:0:10,at:43:4132:0:4,6,Sous-desservi
austria,3-R81-W-j26-1,at:49:1349:0:33,at:43:4132:0:1,4,Sous-desservi
austria,3-R81-W-j26-1,at:49:1349:0:33,at:43:4132:0:3,1,Sous-desservi
austria,3-R81-W-j26-1,at:49:1349:0:33,at:43:4132:0:4,11,Desserte Normale
austria,3-R81-W-j26-1,at:49:1349:0:9,at:43:4132:0:1,1,Sous-desservi
austria,3-R9-S-j26-1,at:45:52099:0:8,at:46:2065:0:1,5,Sous-desservi
austria,3-R9-S-j26-1,at:45:52099:0:8,at:46:2065:0:6,1,Sous-desservi
austria,3-R9-S-j26-1,at:45:52099:0:8,at:46:2065:0:7,4,Sous-desservi
austria,3-R9-S-j26-1,at:45:52099:0:8,at:46:6750:0:2,1,Sous-desservi
austria,3-R9-S-j26-1,at:45:52099:0:8,at:46:7208:0:2,1,Sous-desservi
austria,3-R9-S-j26-1,at:45:52099:0:8,at:46:7208:0:3,2,Sous-desservi
austria,3-R9-S-j26-1,at:45:52114:0:2,at:46:6750:0:2,1,Sous-desservi
austria,3-R9-S-j26-1,at:45:52197:0:5,at:46:7208:0:3,1,Sous-desservi
austria,3-R9-S-j26-1,at:46:6750:0:3,at:45:52114:0:3,1,Sous-desservi
austria,3-R9-S-j26-1,at:46:6750:0:3,at:46:6892:0:5,1,Sous-desservi
austria,3-R9-S-j26-1,at:46:6750:0:3,at:46:7208:0:2,1,Sous-desservi
austria,3-R9-S-j26-1,at:46:6750:0:3,at:46:7208:0:3,1,Sous-desservi
austria,3-R9-S-j26-1,at:46:6750:0:3,at:46:7208:0:4,2,Sous-desservi
austria,3-R9-S-j26-1,at:46:6750:0:4,at:45:52099:0:8,9,Desserte Normale
austria,3-R9-S-j26-1,at:46:6750:0:4,at:45:52114:0:3,2,Sous-desservi
austria,3-R9-S-j26-1,at:46:6750:0:4,at:46:6938:0:2,1,Sous-desservi
austria,3-R9-S-j26-1,at:46:6750:0:4,at:46:7208:0:2,1,Sous-desservi
austria,3-R9-S-j26-1,at:46:6750:0:4,at:46:7208:0:4,2,Sous-desservi
austria,3-R9-S-j26-1,at:46:6750:0:4,at:46:7437:0:2,1,Sous-desservi
austria,3-R9-S-j26-1,at:46:6938:0:3,at:46:7208:0:4,1,Sous-desservi
austria,3-R9-S-j26-1,at:46:6938:0:6,at:45:52099:0:8,1,Sous-desservi
austria,3-R9-S-j26-1,at:46:7208:0:2,at:45:52197:0:2,1,Sous-desservi
austria,3-R9-S-j26-1,at:46:7208:0:3,at:45:52099:0:8,1,Sous-desservi
austria,3-R9-S-j26-1,at:46:7208:0:3,at:46:6750:0:2,1,Sous-desservi
austria,3-R9-S-j26-1,at:46:7208:0:4,at:46:2065:0:1,3,Sous-desservi
austria,3-R9-S-j26-1,at:46:7208:0:4,at:46:6938:0:3,1,Sous-desservi
austria,3-R9-S-j26-1,at:46:7437:0:2,at:46:6750:0:3,1,Sous-desservi
austria,3-R91-A-j26-1,at:43:8763:0:4,at:46:7426:0:5,1,Sous-desservi
austria,3-R91-A-j26-1,at:43:8763:0:4,at:46:7426:0:6,3,Sous-desservi
austria,3-R91-A-j26-1,at:43:8763:0:4,at:46:7426:0:9,5,Sous-desservi
austria,3-R91-A-j26-1,at:46:7426:0:5,at:43:8763:0:4,1,Sous-desservi
austria,3-R91-A-j26-1,at:46:7426:0:6,at:43:8763:0:4,3,Sous-desservi
austria,3-R91-A-j26-1,at:46:7426:0:9,at:43:8763:0:4,5,Sous-desservi
austria,3-R92-N-j26-1,at:43:5210:0:9,at:43:7040:0:1,1,Sous-desservi
austria,3-R92-N-j26-1,at:43:5210:0:9,at:43:7041:0:1,18,Desserte Normale
austria,3-R92-N-j26-1,at:43:5210:0:9,at:43:7041:0:3,1,Sous-desservi
austria,3-R92-N-j26-1,at:43:5210:0:9,at:43:7041:0:4,2,Sous-desservi
austria,3-R92-N-j26-1,at:43:5210:0:9,at:46:1960:0:2,1,Sous-desservi
austria,3-R92-N-j26-1,at:43:5210:0:9,at:46:7543:0:2,3,Sous-desservi
austria,3-R92-N-j26-1,at:43:5210:0:9,at:46:7543:0:3,1,Sous-desservi
austria,3-R92-N-j26-1,at:43:7040:0:1,at:43:5210:0:9,1,Sous-desservi
austria,3-R92-N-j26-1,at:43:7041:0:1,at:43:5210:0:4,2,Sous-desservi
austria,3-R92-N-j26-1,at:43:7041:0:1,at:43:5210:0:9,25,Desserte Normale
austria,3-R92-N-j26-1,at:43:7041:0:4,at:43:5210:0:8,1,Sous-desservi
austria,3-R92-N-j26-1,at:43:7041:0:4,at:43:5210:0:9,1,Sous-desservi
austria,3-R92-N-j26-1,at:46:2022:0:2,at:46:1960:0:2,1,Sous-desservi
austria,3-R92-N-j26-1,at:46:2022:0:3,at:46:1960:0:2,2,Sous-desservi
austria,3-R92-N-j26-1,at:46:7543:0:2,at:43:5210:0:9,1,Sous-desservi
austria,3-R92-N-j26-1,at:46:7543:0:3,at:43:5210:0:9,1,Sous-desservi
austria,3-R93-A-j26-1,at:41:3294:0:1,hu:08518:27001898:27001524,1,Sous-desservi
austria,3-R93-A-j26-1,at:41:4177:0:1,at:43:5210:0:4,2,Sous-desservi
austria,3-R93-A-j26-1,at:41:4177:0:1,at:43:5210:0:8,4,Sous-desservi
austria,3-R93-A-j26-1,at:41:4177:0:3,at:43:5210:0:8,1,Sous-desservi
austria,3-R93-A-j26-1,at:41:4177:0:3,at:43:5210:0:9,2,Sous-desservi
austria,3-R93-A-j26-1,at:43:5210:0:8,at:41:4177:0:1,7,Desserte Normale
austria,3-R93-A-j26-1,at:43:5210:0:8,hu:08518:27001898:27001524,30,Desserte Normale
austria,3-R93-A-j26-1,hu:08518:27001898:27001524,at:43:5210:0:4,5,Sous-desservi
austria,3-R93-A-j26-1,hu:08518:27001898:27001524,at:43:5210:0:8,27,Desserte Normale
austria,3-R95-N-j26-1,at:43:4995:0:4,at:49:1349:0:27,16,Desserte Normale
austria,3-R95-N-j26-1,at:43:4995:0:4,at:49:1349:0:31,1,Sous-desservi
austria,3-R95-N-j26-1,at:43:4995:0:5,at:43:5210:0:1,15,Desserte Normale
austria,3-R95-N-j26-1,at:43:4995:0:5,at:43:5210:0:10,1,Sous-desservi
austria,3-R95-N-j26-1,at:43:4995:0:5,at:43:5210:0:5,2,Sous-desservi
austria,3-R95-N-j26-1,at:43:4995:0:5,at:43:5210:0:6,2,Sous-desservi
austria,3-R95-N-j26-1,at:43:5210:0:1,at:43:4995:0:4,14,Desserte Normale
austria,3-R95-N-j26-1,at:43:5210:0:1,at:49:1349:0:32,1,Sous-desservi
austria,3-R95-N-j26-1,at:43:5210:0:10,at:43:4995:0:4,1,Sous-desservi
austria,3-R95-N-j26-1,at:43:5210:0:2,at:43:4995:0:4,5,Sous-desservi
austria,3-R95-N-j26-1,at:49:1349:0:28,at:43:4995:0:5,1,Sous-desservi
austria,3-R95-N-j26-1,at:49:1349:0:4,at:43:4995:0:5,16,Desserte Normale
austria,3-R95-N-j26-1,at:49:1349:0:9,at:43:5210:0:1,1,Sous-desservi
austria,3-R95-N-j26-1,at:49:1349:0:9,at:43:5210:0:5,1,Sous-desservi
austria,3-R95-N-j26-1,at:49:1349:0:9,at:43:5210:0:6,1,Sous-desservi
austria,3-R96-N-j26-1,at:43:4084:0:1,at:43:5195:0:1,10,Desserte Normale
austria,3-R96-N-j26-1,at:43:4084:0:1,at:43:5195:0:5,25,Desserte Normale
austria,3-R96-N-j26-1,at:43:4084:0:1,at:43:5210:0:1,1,Sous-desservi
austria,3-R96-N-j26-1,at:43:5195:0:1,at:43:4084:0:1,8,Desserte Normale
austria,3-R96-N-j26-1,at:43:5195:0:5,at:43:4084:0:1,21,Desserte Normale
austria,3-R96-N-j26-1,at:43:5195:0:5,at:43:5210:0:3,1,Sous-desservi
austria,3-R96-N-j26-1,at:43:5195:0:5,at:43:5210:0:5,1,Sous-desservi
austria,3-R96-N-j26-1,at:43:5210:0:1,at:43:5195:0:5,1,Sous-desservi
austria,3-R96-N-j26-1,at:43:5210:0:4,at:43:5195:0:5,1,Sous-desservi
austria,3-R97-N-j26-1,at:43:5210:0:10,at:43:7105:0:1,9,Desserte Normale
austria,3-R97-N-j26-1,at:43:5210:0:10,at:43:7105:0:3,30,Desserte Normale
austria,3-R97-N-j26-1,at:43:5210:0:6,at:43:7105:0:3,1,Sous-desservi
austria,3-R97-N-j26-1,at:43:7105:0:1,at:43:5210:0:1,1,Sous-desservi
austria,3-R97-N-j26-1,at:43:7105:0:1,at:43:5210:0:10,5,Sous-desservi
austria,3-R97-N-j26-1,at:43:7105:0:1,at:43:5210:0:5,2,Sous-desservi
austria,3-R97-N-j26-1,at:43:7105:0:1,at:43:5210:0:6,3,Sous-desservi
austria,3-R97-N-j26-1,at:43:7105:0:3,at:43:5210:0:1,2,Sous-desservi
austria,3-R97-N-j26-1,at:43:7105:0:3,at:43:5210:0:10,24,Desserte Normale
austria,3-R97-N-j26-1,at:43:7105:0:3,at:43:5210:0:5,5,Sous-desservi
austria,3-R97-N-j26-1,at:43:7105:0:3,at:43:5210:0:6,8,Desserte Normale
austria,3-R97-N-j26-1,at:43:7105:0:3,at:49:1349:0:10,1,Sous-desservi
austria,3-R97-N-j26-1,at:49:1349:0:33,at:43:7105:0:3,1,Sous-desservi
austria,3-R98-N-j26-1,at:43:5210:0:1,at:43:7120:0:1,2,Sous-desservi
austria,3-R98-N-j26-1,at:43:5210:0:5,at:43:7112:0:4,2,Sous-desservi
austria,3-R98-N-j26-1,at:43:5210:0:5,at:43:7120:0:1,2,Sous-desservi
austria,3-R98-N-j26-1,at:43:5210:0:6,at:43:7120:0:1,19,Desserte Normale
austria,3-R98-N-j26-1,at:43:7091:0:4,at:43:7120:0:1,1,Sous-desservi
austria,3-R98-N-j26-1,at:43:7112:0:1,at:43:5210:0:10,1,Sous-desservi
austria,3-R98-N-j26-1,at:43:7112:0:1,at:43:5210:0:5,1,Sous-desservi
austria,3-R98-N-j26-1,at:43:7120:0:1,at:43:5210:0:1,1,Sous-desservi
austria,3-R98-N-j26-1,at:43:7120:0:1,at:43:5210:0:10,6,Sous-desservi
austria,3-R98-N-j26-1,at:43:7120:0:1,at:43:5210:0:5,13,Desserte Normale
austria,3-R98-N-j26-1,at:43:7120:0:1,at:43:5210:0:6,18,Desserte Normale
austria,3-R98-N-j26-1,at:43:7120:0:1,at:49:1349:0:10,1,Sous-desservi
austria,3-R98-N-j26-1,at:49:1349:0:33,at:43:7120:0:1,1,Sous-desservi
austria,3-RW1-j26-1,at:43:3622:0:1,at:49:769:0:3,4,Sous-desservi
austria,3-RW1-j26-1,at:49:1040:0:5,at:43:3622:0:1,2,Sous-desservi
austria,3-RW1-j26-1,at:49:1040:0:5,at:49:334:0:24,2,Sous-desservi
austria,3-RW1-j26-1,at:49:1091:0:12,at:43:3622:0:1,2,Sous-desservi
austria,3-RW1-j26-1,at:49:1091:0:12,at:49:1040:0:5,1,Sous-desservi
austria,3-RW1-j26-1,at:49:1091:0:12,at:49:334:0:24,3,Sous-desservi
austria,4-C58-j26-1,at:43:7234:0:4,at:49:1468:0:2,2,Sous-desservi
austria,4-CJ1-T-j26-1,at:47:1184:0:5,at:47:2184:0:11,7,Desserte Normale
austria,4-CJ1-T-j26-1,at:47:1184:0:5,at:47:2184:0:21,1,Sous-desservi
austria,4-CJ1-T-j26-1,at:47:1187:0:26,at:47:2184:0:11,4,Sous-desservi
austria,4-CJ1-T-j26-1,at:47:1187:0:26,at:47:2184:0:21,3,Sous-desservi
austria,4-CJ1-T-j26-1,at:47:1187:0:33,at:47:2184:0:11,7,Desserte Normale
austria,4-CJ1-T-j26-1,at:47:1187:0:5,at:47:2184:0:11,1,Sous-desservi
austria,4-CJ1-T-j26-1,at:47:1187:0:8,at:47:2184:0:11,2,Sous-desservi
austria,4-CJ1-T-j26-1,at:47:1212:0:7,at:47:1187:0:5,1,Sous-desservi
austria,4-CJ1-T-j26-1,at:47:2184:0:11,at:47:1184:0:4,6,Sous-desservi
austria,4-CJ1-T-j26-1,at:47:2184:0:11,at:47:1187:0:1,4,Sous-desservi
austria,4-CJ1-T-j26-1,at:47:2184:0:11,at:47:1187:0:3,4,Sous-desservi
austria,4-CJ1-T-j26-1,at:47:2184:0:11,at:47:1187:0:5,1,Sous-desservi
austria,4-CJ1-T-j26-1,at:47:2184:0:13,at:47:1187:0:1,2,Sous-desservi
austria,4-CJ1-T-j26-1,at:47:2184:0:13,at:47:1187:0:5,2,Sous-desservi
austria,4-CJ1-T-j26-1,at:47:2184:0:21,at:47:1184:0:4,2,Sous-desservi
austria,4-CJ1-T-j26-1,at:47:2184:0:21,at:47:1187:0:1,1,Sous-desservi
austria,4-CJ1-T-j26-1,at:47:2184:0:21,at:47:1187:0:3,1,Sous-desservi
austria,4-CJ1-T-j26-1,at:47:2184:0:21,at:47:1187:0:5,1,Sous-desservi
austria,4-CJ5-X-j26-1,at:43:4848:0:11,at:49:1468:0:29,1,Sous-desservi
austria,4-CJ5-X-j26-1,at:43:4848:0:16,at:43:7234:0:2,1,Sous-desservi
austria,4-CJ5-X-j26-1,at:43:7234:0:1,at:49:1468:0:28,4,Sous-desservi
austria,4-CJ5-X-j26-1,at:43:7234:0:2,at:43:4848:0:14,1,Sous-desservi
austria,4-CJ5-X-j26-1,at:43:7234:0:2,at:49:1468:0:17,1,Sous-desservi
austria,4-CJ5-X-j26-1,at:43:7234:0:2,at:49:1468:0:20,1,Sous-desservi
austria,4-CJ5-X-j26-1,at:43:7234:0:2,at:49:1468:0:24,4,Sous-desservi
austria,4-CJ5-X-j26-1,at:43:7234:0:2,at:49:1468:0:28,21,Desserte Normale
austria,4-CJ5-X-j26-1,at:43:7234:0:2,at:49:1468:0:29,6,Sous-desservi
austria,4-CJ5-X-j26-1,at:43:7234:0:4,at:49:1468:0:28,11,Desserte Normale
austria,4-CJ5-X-j26-1,at:43:7234:0:4,at:49:1468:0:29,3,Sous-desservi
austria,4-CJ5-X-j26-1,at:49:1468:0:24,at:43:7234:0:2,1,Sous-desservi
austria,4-CJ5-X-j26-1,at:49:1468:0:24,at:43:7234:0:4,1,Sous-desservi
austria,4-CJ5-X-j26-1,at:49:1468:0:28,at:43:4848:0:15,1,Sous-desservi
austria,4-CJ5-X-j26-1,at:49:1468:0:28,at:43:4848:0:8,1,Sous-desservi
austria,4-CJ5-X-j26-1,at:49:1468:0:28,at:43:7234:0:1,5,Sous-desservi
austria,4-CJ5-X-j26-1,at:49:1468:0:28,at:43:7234:0:2,22,Desserte Normale
austria,4-CJ5-X-j26-1,at:49:1468:0:28,at:43:7234:0:4,11,Desserte Normale
austria,4-CJ5-X-j26-1,at:49:1468:0:29,at:43:4848:0:15,1,Sous-desservi
austria,4-CJ5-X-j26-1,at:49:1468:0:29,at:43:7234:0:2,2,Sous-desservi
austria,4-CJ5-X-j26-1,at:49:1468:0:29,at:43:7234:0:4,3,Sous-desservi
austria,4-CX9-W-j26-1,at:43:5210:0:1,at:43:8763:0:4,22,Desserte Normale
austria,4-CX9-W-j26-1,at:43:5210:0:10,at:49:1349:0:34,1,Sous-desservi
austria,4-CX9-W-j26-1,at:43:5210:0:10,at:49:334:0:25,1,Sous-desservi
austria,4-CX9-W-j26-1,at:43:5210:0:11,at:43:8763:0:4,13,Desserte Normale
austria,4-CX9-W-j26-1,at:43:5210:0:5,at:43:8763:0:4,1,Sous-desservi
austria,4-CX9-W-j26-1,at:43:5210:0:5,at:49:1040:0:21,1,Sous-desservi
austria,4-CX9-W-j26-1,at:43:5210:0:5,at:49:1349:0:34,1,Sous-desservi
austria,4-CX9-W-j26-1,at:43:5210:0:5,at:49:334:0:23,1,Sous-desservi
austria,4-CX9-W-j26-1,at:43:5210:0:6,at:49:1349:0:34,1,Sous-desservi
austria,4-CX9-W-j26-1,at:43:5210:0:6,at:49:334:0:25,1,Sous-desservi
austria,4-CX9-W-j26-1,at:43:8763:0:4,at:43:5210:0:1,12,Desserte Normale
austria,4-CX9-W-j26-1,at:43:8763:0:4,at:43:5210:0:11,7,Desserte Normale
austria,4-CX9-W-j26-1,at:43:8763:0:4,at:43:5210:0:4,4,Sous-desservi
austria,4-CX9-W-j26-1,at:43:8763:0:4,at:43:5210:0:5,1,Sous-desservi
austria,4-CX9-W-j26-1,at:43:8763:0:4,at:49:1015:0:1,4,Sous-desservi
austria,4-CX9-W-j26-1,at:43:8763:0:4,at:49:1015:0:16,10,Desserte Normale
austria,4-CX9-W-j26-1,at:43:8763:0:4,at:49:1040:0:5,14,Desserte Normale
austria,4-CX9-W-j26-1,at:43:8763:0:4,at:49:1349:0:28,1,Sous-desservi
austria,4-CX9-W-j26-1,at:43:8763:0:4,at:49:1349:0:33,1,Sous-desservi
austria,4-CX9-W-j26-1,at:43:8763:0:4,at:49:1349:0:34,25,Desserte Normale
austria,4-CX9-W-j26-1,at:43:8763:0:4,at:49:1349:0:4,4,Sous-desservi
austria,4-CX9-W-j26-1,at:43:8763:0:4,at:49:1349:0:9,2,Sous-desservi
austria,4-CX9-W-j26-1,at:43:8763:0:4,at:49:334:0:23,16,Desserte Normale
austria,4-CX9-W-j26-1,at:43:8763:0:4,at:49:334:0:25,1,Sous-desservi
austria,4-CX9-W-j26-1,at:43:8763:0:4,at:49:849:0:13,1,Sous-desservi
austria,4-CX9-W-j26-1,at:46:7426:0:3,at:49:1015:0:17,1,Sous-desservi
austria,4-CX9-W-j26-1,at:46:7426:0:6,at:49:1349:0:34,1,Sous-desservi
austria,4-CX9-W-j26-1,at:46:7426:0:6,at:49:334:0:5,1,Sous-desservi
austria,4-CX9-W-j26-1,at:46:7426:0:9,at:49:1349:0:34,1,Sous-desservi
austria,4-CX9-W-j26-1,at:46:7426:0:9,at:49:334:0:24,1,Sous-desservi
austria,4-CX9-W-j26-1,at:49:1015:0:16,at:49:1349:0:33,1,Sous-desservi
austria,4-CX9-W-j26-1,at:49:1015:0:16,at:49:1349:0:9,1,Sous-desservi
austria,4-CX9-W-j26-1,at:49:1040:0:20,at:43:8763:0:4,21,Desserte Normale
austria,4-CX9-W-j26-1,at:49:1040:0:20,at:43:8763:0:5,1,Sous-desservi
austria,4-CX9-W-j26-1,at:49:1040:0:20,at:46:7426:0:6,3,Sous-desservi
austria,4-CX9-W-j26-1,at:49:1040:0:20,at:46:7426:0:9,1,Sous-desservi
austria,4-CX9-W-j26-1,at:49:1349:0:1,at:46:7426:0:5,1,Sous-desservi
austria,4-CX9-W-j26-1,at:49:1349:0:10,at:43:5210:0:5,1,Sous-desservi
austria,4-CX9-W-j26-1,at:49:1349:0:12,at:43:5210:0:1,1,Sous-desservi
austria,4-CX9-W-j26-1,at:49:1349:0:12,at:43:5210:0:6,1,Sous-desservi
austria,4-CX9-W-j26-1,at:49:1349:0:12,at:43:8763:0:4,32,Desserte Normale
austria,4-CX9-W-j26-1,at:49:1349:0:12,at:43:8763:0:5,2,Sous-desservi
austria,4-CX9-W-j26-1,at:49:1349:0:12,at:46:7426:0:6,3,Sous-desservi
austria,4-CX9-W-j26-1,at:49:1349:0:12,at:46:7426:0:9,1,Sous-desservi
austria,4-CX9-W-j26-1,at:49:1349:0:12,at:49:1015:0:15,1,Sous-desservi
austria,4-CX9-W-j26-1,at:49:334:0:23,at:43:5210:0:1,1,Sous-desservi
austria,4-CX9-W-j26-1,at:49:334:0:23,at:43:5210:0:6,1,Sous-desservi
austria,4-CX9-W-j26-1,at:49:334:0:23,at:43:8763:0:4,10,Desserte Normale
austria,4-CX9-W-j26-1,at:49:334:0:5,at:43:8763:0:4,20,Desserte Normale
austria,4-CX9-W-j26-1,at:49:334:0:5,at:46:7426:0:6,2,Sous-desservi
austria,4-CX9-W-j26-1,at:49:334:0:5,at:46:7426:0:9,1,Sous-desservi
austria,4-CX9-W-j26-1,at:49:769:0:3,at:43:8763:0:4,5,Sous-desservi
austria,4-CX9-W-j26-1,at:49:769:0:3,at:49:334:0:23,5,Sous-desservi
