data_source,route_id,origin_city,destination_city,weekly_train,desserte_type
France,FR:Line::00F2577A-6A87-42E0-95F3-07351E4BC2F6:,Bening,Sarreguemines,9,Desserte Normale
France,FR:Line::00F2577A-6A87-42E0-95F3-07351E4BC2F6:,Bening,Sarreguemines,28,Desserte Normale
France,FR:Line::00F7208C-CEBC-4521-A792-6EC3ABB65811:,Saint-Étienne,Roanne,33,Desserte Normale
France,FR:Line::00F7208C-CEBC-4521-A792-6EC3ABB65811:,Saint-Étienne,Roanne,4,Sous-desservi
France,FR:Line::00F7208C-CEBC-4521-A792-6EC3ABB65811:,Saint-Étienne,Roanne,2,Sous-desservi
France,FR:Line::00F7208C-CEBC-4521-A792-6EC3ABB65811:,Saint-Étienne,Roanne,8,Desserte Normale
France,FR:Line::00F7208C-CEBC-4521-A792-6EC3ABB65811:,Saint-Étienne,Roanne,44,Desserte Normale
France,FR:Line::0128E1D5-9183-4D58-B1CF-F5AA5A64A037:,Marseille,Hyeres,7,Desserte Normale
France,FR:Line::0128E1D5-9183-4D58-B1CF-F5AA5A64A037:,Marseille,Hyeres,1,Sous-desservi
France,FR:Line::0128E1D5-9183-4D58-B1CF-F5AA5A64A037:,Marseille,Hyeres,47,Desserte Normale
France,FR:Line::0128E1D5-9183-4D58-B1CF-F5AA5A64A037:,Marseille,Hyeres,92,Bien desservi
France,FR:Line::0128E1D5-9183-4D58-B1CF-F5AA5A64A037:,Marseille,Hyeres,2,Sous-desservi
France,FR:Line::0128E1D5-9183-4D58-B1CF-F5AA5A64A037:,Marseille,Hyeres,30,Desserte Normale
France,FR:Line::0128E1D5-9183-4D58-B1CF-F5AA5A64A037:,Marseille,Hyeres,63,Bien desservi
France,FR:Line::0202671B-7107-429E-A37B-473C55E0254C:,Montpellier Saint-Roch,Avignon Centre,10,Desserte Normale
France,FR:Line::0202671B-7107-429E-A37B-473C55E0254C:,Montpellier Saint-Roch,Avignon Centre,1,Sous-desservi
France,FR:Line::0202671B-7107-429E-A37B-473C55E0254C:,Montpellier Saint-Roch,Avignon Centre,4,Sous-desservi
France,FR:Line::0202671B-7107-429E-A37B-473C55E0254C:,Montpellier Saint-Roch,Avignon Centre,1,Sous-desservi
France,FR:Line::0202671B-7107-429E-A37B-473C55E0254C:,Montpellier Saint-Roch,Avignon Centre,1,Sous-desservi
France,FR:Line::0202671B-7107-429E-A37B-473C55E0254C:,Montpellier Saint-Roch,Avignon Centre,1,Sous-desservi
France,FR:Line::0202671B-7107-429E-A37B-473C55E0254C:,Montpellier Saint-Roch,Avignon Centre,2,Sous-desservi
France,FR:Line::0202671B-7107-429E-A37B-473C55E0254C:,Montpellier Saint-Roch,Avignon Centre,14,Desserte Normale
France,FR:Line::02534A5F-903C-454E-A24F-E6E2E23B3CBF:,Ambérieu,Mâcon,2,Sous-desservi
France,FR:Line::02534A5F-903C-454E-A24F-E6E2E23B3CBF:,Ambérieu,Mâcon,16,Desserte Normale
France,FR:Line::02534A5F-903C-454E-A24F-E6E2E23B3CBF:,Ambérieu,Mâcon,11,Desserte Normale
France,FR:Line::02534A5F-903C-454E-A24F-E6E2E23B3CBF:,Ambérieu,Mâcon,48,Desserte Normale
France,FR:Line::0312E125-B6BC-404C-A7D1-C1600D4CACAF:,Toulouse Matabiau,Brive La Gaillarde,1,Sous-desservi
France,FR:Line::0312E125-B6BC-404C-A7D1-C1600D4CACAF:,Toulouse Matabiau,Brive La Gaillarde,9,Desserte Normale
France,FR:Line::0312E125-B6BC-404C-A7D1-C1600D4CACAF:,Toulouse Matabiau,Brive La Gaillarde,2,Sous-desservi
France,FR:Line::0312E125-B6BC-404C-A7D1-C1600D4CACAF:,Toulouse Matabiau,Brive La Gaillarde,35,Desserte Normale
France,FR:Line::0312E125-B6BC-404C-A7D1-C1600D4CACAF:,Toulouse Matabiau,Brive La Gaillarde,15,Desserte Normale
France,FR:Line::0312E125-B6BC-404C-A7D1-C1600D4CACAF:,Toulouse Matabiau,Brive La Gaillarde,27,Desserte Normale
France,FR:Line::03398D75-5B60-4588-BC05-9985E599BA20:,Ussel,Bort Les Orgues,2,Sous-desservi
France,FR:Line::03398D75-5B60-4588-BC05-9985E599BA20:,Ussel,Bort Les Orgues,17,Desserte Normale
France,FR:Line::0359c353-2f81-4c49-a269-bc287ff237e0:,Limoges,Brive,1,Sous-desservi
France,FR:Line::0359c353-2f81-4c49-a269-bc287ff237e0:,Limoges,Brive,1,Sous-desservi
France,FR:Line::0359c353-2f81-4c49-a269-bc287ff237e0:,Limoges,Brive,1,Sous-desservi
France,FR:Line::0359c353-2f81-4c49-a269-bc287ff237e0:,Limoges,Brive,1,Sous-desservi
France,FR:Line::0359c353-2f81-4c49-a269-bc287ff237e0:,Limoges,Brive,3,Sous-desservi
France,FR:Line::0359c353-2f81-4c49-a269-bc287ff237e0:,Limoges,Brive,18,Desserte Normale
France,FR:Line::03A83359-7D9D-4301-9C87-92FED4666451:,Paris,Deauville,6,Sous-desservi
France,FR:Line::03A83359-7D9D-4301-9C87-92FED4666451:,Paris,Deauville,1,Sous-desservi
France,FR:Line::03A83359-7D9D-4301-9C87-92FED4666451:,Paris,Deauville,7,Desserte Normale
France,FR:Line::03A83359-7D9D-4301-9C87-92FED4666451:,Paris,Deauville,26,Desserte Normale
France,FR:Line::03E1BDEA-B40B-48F0-A7B5-330EBD3C552F:,Reims,Dijon,1,Sous-desservi
France,FR:Line::03E1BDEA-B40B-48F0-A7B5-330EBD3C552F:,Reims,Dijon,1,Sous-desservi
France,FR:Line::03E1BDEA-B40B-48F0-A7B5-330EBD3C552F:,Reims,Dijon,1,Sous-desservi
France,FR:Line::03E1BDEA-B40B-48F0-A7B5-330EBD3C552F:,Reims,Dijon,2,Sous-desservi
France,FR:Line::03E1BDEA-B40B-48F0-A7B5-330EBD3C552F:,Reims,Dijon,1,Sous-desservi
France,FR:Line::03E1BDEA-B40B-48F0-A7B5-330EBD3C552F:,Reims,Dijon,2,Sous-desservi
France,FR:Line::03E1BDEA-B40B-48F0-A7B5-330EBD3C552F:,Reims,Dijon,1,Sous-desservi
France,FR:Line::03E1BDEA-B40B-48F0-A7B5-330EBD3C552F:,Reims,Dijon,3,Sous-desservi
France,FR:Line::03E1BDEA-B40B-48F0-A7B5-330EBD3C552F:,Reims,Dijon,1,Sous-desservi
France,FR:Line::03E1BDEA-B40B-48F0-A7B5-330EBD3C552F:,Reims,Dijon,3,Sous-desservi
France,FR:Line::03E81290-4977-4B5A-A051-E1633790D6F3:,Lille,Alpes TGV,2,Sous-desservi
France,FR:Line::03E81290-4977-4B5A-A051-E1633790D6F3:,Lille,Alpes TGV,1,Sous-desservi
France,FR:Line::03E81290-4977-4B5A-A051-E1633790D6F3:,Lille,Alpes TGV,1,Sous-desservi
France,FR:Line::03E81290-4977-4B5A-A051-E1633790D6F3:,Lille,Alpes TGV,1,Sous-desservi
France,FR:Line::03E81290-4977-4B5A-A051-E1633790D6F3:,Lille,Alpes TGV,4,Sous-desservi
France,FR:Line::03E81290-4977-4B5A-A051-E1633790D6F3:,Lille,Alpes TGV,5,Sous-desservi
France,FR:Line::03E81290-4977-4B5A-A051-E1633790D6F3:,Lille,Alpes TGV,6,Sous-desservi
France,FR:Line::03E81290-4977-4B5A-A051-E1633790D6F3:,Lille,Alpes TGV,2,Sous-desservi
France,FR:Line::03E81290-4977-4B5A-A051-E1633790D6F3:,Lille,Alpes TGV,1,Sous-desservi
France,FR:Line::03E81290-4977-4B5A-A051-E1633790D6F3:,Lille,Alpes TGV,2,Sous-desservi
France,FR:Line::04343a9d-34d6-4020-b500-2501e4609400:,Sarrebourg,Sélestat,12,Desserte Normale
France,FR:Line::04343a9d-34d6-4020-b500-2501e4609400:,Sarrebourg,Sélestat,1,Sous-desservi
France,FR:Line::04343a9d-34d6-4020-b500-2501e4609400:,Sarrebourg,Sélestat,2,Sous-desservi
France,FR:Line::04343a9d-34d6-4020-b500-2501e4609400:,Sarrebourg,Sélestat,1,Sous-desservi
France,FR:Line::04343a9d-34d6-4020-b500-2501e4609400:,Sarrebourg,Sélestat,3,Sous-desservi
France,FR:Line::04343a9d-34d6-4020-b500-2501e4609400:,Sarrebourg,Sélestat,41,Desserte Normale
France,FR:Line::04343a9d-34d6-4020-b500-2501e4609400:,Sarrebourg,Sélestat,88,Bien desservi
France,FR:Line::0452A577-8D48-4B21-936A-8A975381A1DA:,Valence,Marseille,2,Sous-desservi
France,FR:Line::0452A577-8D48-4B21-936A-8A975381A1DA:,Valence,Marseille,2,Sous-desservi
France,FR:Line::0452A577-8D48-4B21-936A-8A975381A1DA:,Valence,Marseille,6,Sous-desservi
France,FR:Line::05262D94-C964-4568-8E04-C711D058B31D:,Annecy,St-Gervais Les Bains Le Fayet,3,Sous-desservi
France,FR:Line::05262D94-C964-4568-8E04-C711D058B31D:,Annecy,St-Gervais Les Bains Le Fayet,11,Desserte Normale
France,FR:Line::053D505F-D103-4042-AA06-EBC60229BE50:,Auray,Quiberon,8,Desserte Normale
France,FR:Line::05C666F4-3B26-4DB6-A4A8-F3C6D6150B76:,Grenoble,Chambery,4,Sous-desservi
France,FR:Line::05C666F4-3B26-4DB6-A4A8-F3C6D6150B76:,Grenoble,Chambery,1,Sous-desservi
France,FR:Line::05C666F4-3B26-4DB6-A4A8-F3C6D6150B76:,Grenoble,Chambery,1,Sous-desservi
France,FR:Line::05C666F4-3B26-4DB6-A4A8-F3C6D6150B76:,Grenoble,Chambery,3,Sous-desservi
France,FR:Line::05C666F4-3B26-4DB6-A4A8-F3C6D6150B76:,Grenoble,Chambery,34,Desserte Normale
France,FR:Line::066313D8-0983-4B8F-8339-20A3BF96D614:,Saint-Étienne,Le Puy En Velay,1,Sous-desservi
France,FR:Line::066313D8-0983-4B8F-8339-20A3BF96D614:,Saint-Étienne,Le Puy En Velay,8,Desserte Normale
France,FR:Line::066313D8-0983-4B8F-8339-20A3BF96D614:,Saint-Étienne,Le Puy En Velay,1,Sous-desservi
France,FR:Line::066313D8-0983-4B8F-8339-20A3BF96D614:,Saint-Étienne,Le Puy En Velay,8,Desserte Normale
France,FR:Line::066313D8-0983-4B8F-8339-20A3BF96D614:,Saint-Étienne,Le Puy En Velay,4,Sous-desservi
France,FR:Line::066313D8-0983-4B8F-8339-20A3BF96D614:,Saint-Étienne,Le Puy En Velay,20,Desserte Normale
France,FR:Line::066313D8-0983-4B8F-8339-20A3BF96D614:,Saint-Étienne,Le Puy En Velay,40,Desserte Normale
France,FR:Line::06C24CB9-71E3-4CC4-BB31-E6285EB38AE1:,Lyon Saint-Paul,Brignais,10,Desserte Normale
France,FR:Line::06C24CB9-71E3-4CC4-BB31-E6285EB38AE1:,Lyon Saint-Paul,Brignais,1,Sous-desservi
France,FR:Line::06C24CB9-71E3-4CC4-BB31-E6285EB38AE1:,Lyon Saint-Paul,Brignais,42,Desserte Normale
France,FR:Line::071CBAF9-7286-48EB-8849-4C25E035D1E0:,Lyon Perrache,Saint-André Le Gaz,18,Desserte Normale
France,FR:Line::071CBAF9-7286-48EB-8849-4C25E035D1E0:,Lyon Perrache,Saint-André Le Gaz,1,Sous-desservi
France,FR:Line::071CBAF9-7286-48EB-8849-4C25E035D1E0:,Lyon Perrache,Saint-André Le Gaz,3,Sous-desservi
France,FR:Line::071CBAF9-7286-48EB-8849-4C25E035D1E0:,Lyon Perrache,Saint-André Le Gaz,2,Sous-desservi
France,FR:Line::071CBAF9-7286-48EB-8849-4C25E035D1E0:,Lyon Perrache,Saint-André Le Gaz,42,Desserte Normale
France,FR:Line::0732042B-024F-4BDC-AFC7-37B9EAFF657D:,Nantes,La Rochelle,2,Sous-desservi
France,FR:Line::07bfc39f-4dfd-46ce-98c3-aad42dfa98bd:,Paris,La Rochelle,1,Sous-desservi
France,FR:Line::07bfc39f-4dfd-46ce-98c3-aad42dfa98bd:,Paris,La Rochelle,2,Sous-desservi
France,FR:Line::07bfc39f-4dfd-46ce-98c3-aad42dfa98bd:,Paris,La Rochelle,1,Sous-desservi
France,FR:Line::07bfc39f-4dfd-46ce-98c3-aad42dfa98bd:,Paris,La Rochelle,2,Sous-desservi
France,FR:Line::089E6444-1515-40B0-B8E7-295FB185C9F9:,Paris,Vallée de la Marne TGV,1,Sous-desservi
France,FR:Line::089E6444-1515-40B0-B8E7-295FB185C9F9:,Paris,Vallée de la Marne TGV,1,Sous-desservi
France,FR:Line::089E6444-1515-40B0-B8E7-295FB185C9F9:,Paris,Vallée de la Marne TGV,1,Sous-desservi
France,FR:Line::089E6444-1515-40B0-B8E7-295FB185C9F9:,Paris,Vallée de la Marne TGV,2,Sous-desservi
France,FR:Line::089E6444-1515-40B0-B8E7-295FB185C9F9:,Paris,Vallée de la Marne TGV,1,Sous-desservi
France,FR:Line::089E6444-1515-40B0-B8E7-295FB185C9F9:,Paris,Vallée de la Marne TGV,1,Sous-desservi
France,FR:Line::089E6444-1515-40B0-B8E7-295FB185C9F9:,Paris,Vallée de la Marne TGV,3,Sous-desservi
France,FR:Line::08AFFE9A-2809-4FB2-AD6C-C50161E2E96A:,Nantes,Le Mans,1,Sous-desservi
France,FR:Line::08AFFE9A-2809-4FB2-AD6C-C50161E2E96A:,Nantes,Le Mans,1,Sous-desservi
France,FR:Line::08AFFE9A-2809-4FB2-AD6C-C50161E2E96A:,Nantes,Le Mans,1,Sous-desservi
France,FR:Line::08AFFE9A-2809-4FB2-AD6C-C50161E2E96A:,Nantes,Le Mans,1,Sous-desservi
France,FR:Line::08AFFE9A-2809-4FB2-AD6C-C50161E2E96A:,Nantes,Le Mans,1,Sous-desservi
France,FR:Line::08AFFE9A-2809-4FB2-AD6C-C50161E2E96A:,Nantes,Le Mans,15,Desserte Normale
France,FR:Line::08AFFE9A-2809-4FB2-AD6C-C50161E2E96A:,Nantes,Le Mans,21,Desserte Normale
France,FR:Line::0A1BAEE0-0123-4813-9261-CCA779B617BF:,Troyes,Laroche Migennes,2,Sous-desservi
France,FR:Line::0A1BAEE0-0123-4813-9261-CCA779B617BF:,Troyes,Laroche Migennes,4,Sous-desservi
France,FR:Line::0A1BAEE0-0123-4813-9261-CCA779B617BF:,Troyes,Laroche Migennes,1,Sous-desservi
France,FR:Line::0A1BAEE0-0123-4813-9261-CCA779B617BF:,Troyes,Laroche Migennes,4,Sous-desservi
France,FR:Line::0A303D27-DA0B-473B-9466-9180AC80EC60:,Paris,Francfort Route Nord,1,Sous-desservi
France,FR:Line::0A303D27-DA0B-473B-9466-9180AC80EC60:,Paris,Francfort Route Nord,12,Desserte Normale
France,FR:Line::0A303D27-DA0B-473B-9466-9180AC80EC60:,Paris,Francfort Route Nord,8,Desserte Normale
France,FR:Line::0A303D27-DA0B-473B-9466-9180AC80EC60:,Paris,Francfort Route Nord,3,Sous-desservi
France,FR:Line::0A303D27-DA0B-473B-9466-9180AC80EC60:,Paris,Francfort Route Nord,1,Sous-desservi
France,FR:Line::0A303D27-DA0B-473B-9466-9180AC80EC60:,Paris,Francfort Route Nord,4,Sous-desservi
France,FR:Line::0A303D27-DA0B-473B-9466-9180AC80EC60:,Paris,Francfort Route Nord,9,Desserte Normale
France,FR:Line::0A303D27-DA0B-473B-9466-9180AC80EC60:,Paris,Francfort Route Nord,1,Sous-desservi
France,FR:Line::0A303D27-DA0B-473B-9466-9180AC80EC60:,Paris,Francfort Route Nord,1,Sous-desservi
France,FR:Line::0A303D27-DA0B-473B-9466-9180AC80EC60:,Paris,Francfort Route Nord,1,Sous-desservi
France,FR:Line::0A303D27-DA0B-473B-9466-9180AC80EC60:,Paris,Francfort Route Nord,6,Sous-desservi
France,FR:Line::0A303D27-DA0B-473B-9466-9180AC80EC60:,Paris,Francfort Route Nord,1,Sous-desservi
France,FR:Line::0A303D27-DA0B-473B-9466-9180AC80EC60:,Paris,Francfort Route Nord,5,Sous-desservi
France,FR:Line::0A303D27-DA0B-473B-9466-9180AC80EC60:,Paris,Francfort Route Nord,8,Desserte Normale
France,FR:Line::0A658222-AADD-44FF-B769-75FEE61C107E:,Paris Bercy,Avallon,2,Sous-desservi
France,FR:Line::0A658222-AADD-44FF-B769-75FEE61C107E:,Paris Bercy,Avallon,7,Desserte Normale
France,FR:Line::0A658222-AADD-44FF-B769-75FEE61C107E:,Paris Bercy,Avallon,8,Desserte Normale
France,FR:Line::0A658222-AADD-44FF-B769-75FEE61C107E:,Paris Bercy,Avallon,1,Sous-desservi
France,FR:Line::0A658222-AADD-44FF-B769-75FEE61C107E:,Paris Bercy,Avallon,14,Desserte Normale
France,FR:Line::0A658222-AADD-44FF-B769-75FEE61C107E:,Paris Bercy,Avallon,5,Sous-desservi
France,FR:Line::0A658222-AADD-44FF-B769-75FEE61C107E:,Paris Bercy,Avallon,6,Sous-desservi
France,FR:Line::0A658222-AADD-44FF-B769-75FEE61C107E:,Paris Bercy,Avallon,9,Desserte Normale
France,FR:Line::0A658222-AADD-44FF-B769-75FEE61C107E:,Paris Bercy,Avallon,6,Sous-desservi
France,FR:Line::0A658222-AADD-44FF-B769-75FEE61C107E:,Paris Bercy,Avallon,7,Desserte Normale
France,FR:Line::0A658222-AADD-44FF-B769-75FEE61C107E:,Paris Bercy,Avallon,17,Desserte Normale
France,FR:Line::0A658222-AADD-44FF-B769-75FEE61C107E:,Paris Bercy,Avallon,10,Desserte Normale
France,FR:Line::0A658222-AADD-44FF-B769-75FEE61C107E:,Paris Bercy,Avallon,26,Desserte Normale
France,FR:Line::0A658222-AADD-44FF-B769-75FEE61C107E:,Paris Bercy,Avallon,7,Desserte Normale
France,FR:Line::0A658222-AADD-44FF-B769-75FEE61C107E:,Paris Bercy,Avallon,4,Sous-desservi
France,FR:Line::0A658222-AADD-44FF-B769-75FEE61C107E:,Paris Bercy,Avallon,7,Desserte Normale
France,FR:Line::0A658222-AADD-44FF-B769-75FEE61C107E:,Paris Bercy,Avallon,11,Desserte Normale
France,FR:Line::0A658222-AADD-44FF-B769-75FEE61C107E:,Paris Bercy,Avallon,4,Sous-desservi
France,FR:Line::0A658222-AADD-44FF-B769-75FEE61C107E:,Paris Bercy,Avallon,15,Desserte Normale
France,FR:Line::0A658222-AADD-44FF-B769-75FEE61C107E:,Paris Bercy,Avallon,3,Sous-desservi
France,FR:Line::0A658222-AADD-44FF-B769-75FEE61C107E:,Paris Bercy,Avallon,13,Desserte Normale
France,FR:Line::0A658222-AADD-44FF-B769-75FEE61C107E:,Paris Bercy,Avallon,16,Desserte Normale
France,FR:Line::0A658222-AADD-44FF-B769-75FEE61C107E:,Paris Bercy,Avallon,13,Desserte Normale
France,FR:Line::0B0B302C-2E5D-4AB4-BE84-4DA893F7C926:,Tours,Vierzon,3,Sous-desservi
France,FR:Line::0B0B302C-2E5D-4AB4-BE84-4DA893F7C926:,Tours,Vierzon,1,Sous-desservi
France,FR:Line::0B0B302C-2E5D-4AB4-BE84-4DA893F7C926:,Tours,Vierzon,34,Desserte Normale
France,FR:Line::0BE00911-1318-4279-8447-F655BFCD02B2:,Douai,Cambrai,1,Sous-desservi
France,FR:Line::0BE00911-1318-4279-8447-F655BFCD02B2:,Douai,Cambrai,16,Desserte Normale
France,FR:Line::0BE00911-1318-4279-8447-F655BFCD02B2:,Douai,Cambrai,26,Desserte Normale
France,FR:Line::0D040A69-97D4-4F3A-841D-FD806C6FF09D:,Reims,Fismes,3,Sous-desservi
France,FR:Line::0D040A69-97D4-4F3A-841D-FD806C6FF09D:,Reims,Fismes,11,Desserte Normale
France,FR:Line::0D040A69-97D4-4F3A-841D-FD806C6FF09D:,Reims,Fismes,22,Desserte Normale
France,FR:Line::0D8BFBF7-551C-44B1-8DF9-465F01EEE633:,Strasbourg,Sélestat Via Molsheim,28,Desserte Normale
France,FR:Line::0DDDEAB2-4EBA-4985-96AB-1DEDD0F4902D:,Paris,Sedan TGV,5,Sous-desservi
France,FR:Line::0DDDEAB2-4EBA-4985-96AB-1DEDD0F4902D:,Paris,Sedan TGV,2,Sous-desservi
France,FR:Line::0DDDEAB2-4EBA-4985-96AB-1DEDD0F4902D:,Paris,Sedan TGV,1,Sous-desservi
France,FR:Line::0DDDEAB2-4EBA-4985-96AB-1DEDD0F4902D:,Paris,Sedan TGV,2,Sous-desservi
France,FR:Line::0DDDEAB2-4EBA-4985-96AB-1DEDD0F4902D:,Paris,Sedan TGV,1,Sous-desservi
France,FR:Line::0DDDEAB2-4EBA-4985-96AB-1DEDD0F4902D:,Paris,Sedan TGV,3,Sous-desservi
France,FR:Line::0DDDEAB2-4EBA-4985-96AB-1DEDD0F4902D:,Paris,Sedan TGV,2,Sous-desservi
France,FR:Line::0DDDEAB2-4EBA-4985-96AB-1DEDD0F4902D:,Paris,Sedan TGV,5,Sous-desservi
France,FR:Line::0DDDEAB2-4EBA-4985-96AB-1DEDD0F4902D:,Paris,Sedan TGV,4,Sous-desservi
France,FR:Line::0DDDEAB2-4EBA-4985-96AB-1DEDD0F4902D:,Paris,Sedan TGV,3,Sous-desservi
France,FR:Line::0DDDEAB2-4EBA-4985-96AB-1DEDD0F4902D:,Paris,Sedan TGV,7,Desserte Normale
France,FR:Line::0DDDEAB2-4EBA-4985-96AB-1DEDD0F4902D:,Paris,Sedan TGV,2,Sous-desservi
France,FR:Line::0DDDEAB2-4EBA-4985-96AB-1DEDD0F4902D:,Paris,Sedan TGV,15,Desserte Normale
France,FR:Line::0DDDEAB2-4EBA-4985-96AB-1DEDD0F4902D:,Paris,Sedan TGV,26,Desserte Normale
France,FR:Line::0FA3B1DD-3690-4F71-B15D-33011063C408:,Chartres,Courtalain,2,Sous-desservi
France,FR:Line::0FA3B1DD-3690-4F71-B15D-33011063C408:,Chartres,Courtalain,12,Desserte Normale
France,FR:Line::0FA3B1DD-3690-4F71-B15D-33011063C408:,Chartres,Courtalain,18,Desserte Normale
France,FR:Line::0b52b55f-8e95-413d-a81a-0316fda203af:,Bordeaux,Hendaye,1,Sous-desservi
France,FR:Line::0b52b55f-8e95-413d-a81a-0316fda203af:,Bordeaux,Hendaye,1,Sous-desservi
France,FR:Line::0b52b55f-8e95-413d-a81a-0316fda203af:,Bordeaux,Hendaye,1,Sous-desservi
France,FR:Line::0b52b55f-8e95-413d-a81a-0316fda203af:,Bordeaux,Hendaye,2,Sous-desservi
France,FR:Line::0b52b55f-8e95-413d-a81a-0316fda203af:,Bordeaux,Hendaye,1,Sous-desservi
France,FR:Line::0b52b55f-8e95-413d-a81a-0316fda203af:,Bordeaux,Hendaye,1,Sous-desservi
France,FR:Line::0b52b55f-8e95-413d-a81a-0316fda203af:,Bordeaux,Hendaye,12,Desserte Normale
France,FR:Line::0b52b55f-8e95-413d-a81a-0316fda203af:,Bordeaux,Hendaye,19,Desserte Normale
France,FR:Line::0c436faa-ccd8-4cb5-9b79-1c8a701364c4:,Grasse,Vintimille,1,Sous-desservi
France,FR:Line::0c436faa-ccd8-4cb5-9b79-1c8a701364c4:,Grasse,Vintimille,6,Sous-desservi
France,FR:Line::0c436faa-ccd8-4cb5-9b79-1c8a701364c4:,Grasse,Vintimille,1,Sous-desservi
France,FR:Line::0c436faa-ccd8-4cb5-9b79-1c8a701364c4:,Grasse,Vintimille,4,Sous-desservi
France,FR:Line::0c436faa-ccd8-4cb5-9b79-1c8a701364c4:,Grasse,Vintimille,8,Desserte Normale
France,FR:Line::0c436faa-ccd8-4cb5-9b79-1c8a701364c4:,Grasse,Vintimille,1,Sous-desservi
France,FR:Line::0c436faa-ccd8-4cb5-9b79-1c8a701364c4:,Grasse,Vintimille,68,Bien desservi
France,FR:Line::0c436faa-ccd8-4cb5-9b79-1c8a701364c4:,Grasse,Vintimille,18,Desserte Normale
France,FR:Line::0c436faa-ccd8-4cb5-9b79-1c8a701364c4:,Grasse,Vintimille,72,Bien desservi
France,FR:Line::0c436faa-ccd8-4cb5-9b79-1c8a701364c4:,Grasse,Vintimille,1,Sous-desservi
France,FR:Line::0c436faa-ccd8-4cb5-9b79-1c8a701364c4:,Grasse,Vintimille,1,Sous-desservi
France,FR:Line::0c436faa-ccd8-4cb5-9b79-1c8a701364c4:,Grasse,Vintimille,3,Sous-desservi
France,FR:Line::0c436faa-ccd8-4cb5-9b79-1c8a701364c4:,Grasse,Vintimille,5,Sous-desservi
France,FR:Line::0c436faa-ccd8-4cb5-9b79-1c8a701364c4:,Grasse,Vintimille,60,Bien desservi
France,FR:Line::0c436faa-ccd8-4cb5-9b79-1c8a701364c4:,Grasse,Vintimille,40,Desserte Normale
France,FR:Line::0c436faa-ccd8-4cb5-9b79-1c8a701364c4:,Grasse,Vintimille,21,Desserte Normale
France,FR:Line::0c436faa-ccd8-4cb5-9b79-1c8a701364c4:,Grasse,Vintimille,85,Bien desservi
France,FR:Line::0cd3d215-2889-4612-802b-6ee0c9c4ecfc:,Périgueux,Agen,9,Desserte Normale
France,FR:Line::0cd3d215-2889-4612-802b-6ee0c9c4ecfc:,Périgueux,Agen,13,Desserte Normale
France,FR:Line::0cd3d215-2889-4612-802b-6ee0c9c4ecfc:,Périgueux,Agen,18,Desserte Normale
France,FR:Line::0cd3d215-2889-4612-802b-6ee0c9c4ecfc:,Périgueux,Agen,31,Desserte Normale
France,FR:Line::0ce8180c-0fb6-4cc1-80ba-53782622a5ce:,PARIS,CAEN,11,Desserte Normale
France,FR:Line::0ce8180c-0fb6-4cc1-80ba-53782622a5ce:,PARIS,CAEN,26,Desserte Normale
France,FR:Line::0dd1bfc6-d5d1-4b2b-a9f2-6d836f81efe8:,Ussel,Brive,5,Sous-desservi
France,FR:Line::0dd1bfc6-d5d1-4b2b-a9f2-6d836f81efe8:,Ussel,Brive,3,Sous-desservi
France,FR:Line::0dd1bfc6-d5d1-4b2b-a9f2-6d836f81efe8:,Ussel,Brive,9,Desserte Normale
France,FR:Line::0dd1bfc6-d5d1-4b2b-a9f2-6d836f81efe8:,Ussel,Brive,19,Desserte Normale
France,FR:Line::0f72eaf9-e37d-4941-9fd4-80e732190386:,Paris Nord,Lille Flandres,5,Sous-desservi
France,FR:Line::0f72eaf9-e37d-4941-9fd4-80e732190386:,Paris Nord,Lille Flandres,5,Sous-desservi
France,FR:Line::0f72eaf9-e37d-4941-9fd4-80e732190386:,Paris Nord,Lille Flandres,6,Sous-desservi
France,FR:Line::0f72eaf9-e37d-4941-9fd4-80e732190386:,Paris Nord,Lille Flandres,8,Desserte Normale
France,FR:Line::0f72eaf9-e37d-4941-9fd4-80e732190386:,Paris Nord,Lille Flandres,4,Sous-desservi
France,FR:Line::0f72eaf9-e37d-4941-9fd4-80e732190386:,Paris Nord,Lille Flandres,3,Sous-desservi
France,FR:Line::0f72eaf9-e37d-4941-9fd4-80e732190386:,Paris Nord,Lille Flandres,1,Sous-desservi
France,FR:Line::0f72eaf9-e37d-4941-9fd4-80e732190386:,Paris Nord,Lille Flandres,2,Sous-desservi
France,FR:Line::0f72eaf9-e37d-4941-9fd4-80e732190386:,Paris Nord,Lille Flandres,1,Sous-desservi
France,FR:Line::0f72eaf9-e37d-4941-9fd4-80e732190386:,Paris Nord,Lille Flandres,5,Sous-desservi
France,FR:Line::1029C20F-5427-43F0-A17F-1663B9993B66:,Rennes,La Brohiniere,1,Sous-desservi
France,FR:Line::1029C20F-5427-43F0-A17F-1663B9993B66:,Rennes,La Brohiniere,31,Desserte Normale
France,FR:Line::10AA5C1F-3876-4FB6-BDFB-05DF525EAFC0:,Strasbourg,Rothau,1,Sous-desservi
France,FR:Line::10AA5C1F-3876-4FB6-BDFB-05DF525EAFC0:,Strasbourg,Rothau,3,Sous-desservi
France,FR:Line::10AA5C1F-3876-4FB6-BDFB-05DF525EAFC0:,Strasbourg,Rothau,1,Sous-desservi
France,FR:Line::10D812B6-51CF-4132-BCE8-013E1E973570:,Angers St Laud,Le Mans,2,Sous-desservi
France,FR:Line::10D812B6-51CF-4132-BCE8-013E1E973570:,Angers St Laud,Le Mans,1,Sous-desservi
France,FR:Line::10D812B6-51CF-4132-BCE8-013E1E973570:,Angers St Laud,Le Mans,2,Sous-desservi
France,FR:Line::10D812B6-51CF-4132-BCE8-013E1E973570:,Angers St Laud,Le Mans,21,Desserte Normale
France,FR:Line::10D812B6-51CF-4132-BCE8-013E1E973570:,Angers St Laud,Le Mans,28,Desserte Normale
France,FR:Line::10F46E5D-89F3-4F87-8660-54AECA5D3A62:,Paris,Tours,7,Desserte Normale
France,FR:Line::10F46E5D-89F3-4F87-8660-54AECA5D3A62:,Paris,Tours,8,Desserte Normale
France,FR:Line::10F46E5D-89F3-4F87-8660-54AECA5D3A62:,Paris,Tours,17,Desserte Normale
France,FR:Line::10F46E5D-89F3-4F87-8660-54AECA5D3A62:,Paris,Tours,18,Desserte Normale
France,FR:Line::10F46E5D-89F3-4F87-8660-54AECA5D3A62:,Paris,Tours,5,Sous-desservi
France,FR:Line::10F46E5D-89F3-4F87-8660-54AECA5D3A62:,Paris,Tours,5,Sous-desservi
France,FR:Line::10F46E5D-89F3-4F87-8660-54AECA5D3A62:,Paris,Tours,1,Sous-desservi
France,FR:Line::10F46E5D-89F3-4F87-8660-54AECA5D3A62:,Paris,Tours,3,Sous-desservi
France,FR:Line::10F46E5D-89F3-4F87-8660-54AECA5D3A62:,Paris,Tours,18,Desserte Normale
France,FR:Line::10F46E5D-89F3-4F87-8660-54AECA5D3A62:,Paris,Tours,3,Sous-desservi
France,FR:Line::10F46E5D-89F3-4F87-8660-54AECA5D3A62:,Paris,Tours,29,Desserte Normale
France,FR:Line::1168BA7A-658F-406C-8925-11B53602684E:,Dijon,Nevers,13,Desserte Normale
France,FR:Line::1168BA7A-658F-406C-8925-11B53602684E:,Dijon,Nevers,4,Sous-desservi
France,FR:Line::1168BA7A-658F-406C-8925-11B53602684E:,Dijon,Nevers,1,Sous-desservi
France,FR:Line::1168BA7A-658F-406C-8925-11B53602684E:,Dijon,Nevers,12,Desserte Normale
France,FR:Line::1168BA7A-658F-406C-8925-11B53602684E:,Dijon,Nevers,1,Sous-desservi
France,FR:Line::1168BA7A-658F-406C-8925-11B53602684E:,Dijon,Nevers,28,Desserte Normale
France,FR:Line::1168BA7A-658F-406C-8925-11B53602684E:,Dijon,Nevers,2,Sous-desservi
France,FR:Line::1168BA7A-658F-406C-8925-11B53602684E:,Dijon,Nevers,24,Desserte Normale
France,FR:Line::11D73E7F-3314-4000-B93A-A4781C56C041:,Aulnoye,Hirson,1,Sous-desservi
France,FR:Line::11D73E7F-3314-4000-B93A-A4781C56C041:,Aulnoye,Hirson,1,Sous-desservi
France,FR:Line::11D73E7F-3314-4000-B93A-A4781C56C041:,Aulnoye,Hirson,4,Sous-desservi
France,FR:Line::11D73E7F-3314-4000-B93A-A4781C56C041:,Aulnoye,Hirson,1,Sous-desservi
France,FR:Line::11D73E7F-3314-4000-B93A-A4781C56C041:,Aulnoye,Hirson,1,Sous-desservi
France,FR:Line::11D73E7F-3314-4000-B93A-A4781C56C041:,Aulnoye,Hirson,7,Desserte Normale
France,FR:Line::11D73E7F-3314-4000-B93A-A4781C56C041:,Aulnoye,Hirson,13,Desserte Normale
France,FR:Line::11D73E7F-3314-4000-B93A-A4781C56C041:,Aulnoye,Hirson,4,Sous-desservi
France,FR:Line::11F076F8-55AD-4273-8679-AB5D0FBE8F9E:,Toulouse Matabiau,Clermont Ferrand,4,Sous-desservi
France,FR:Line::11F076F8-55AD-4273-8679-AB5D0FBE8F9E:,Toulouse Matabiau,Clermont Ferrand,3,Sous-desservi
France,FR:Line::11F076F8-55AD-4273-8679-AB5D0FBE8F9E:,Toulouse Matabiau,Clermont Ferrand,3,Sous-desservi
France,FR:Line::11F076F8-55AD-4273-8679-AB5D0FBE8F9E:,Toulouse Matabiau,Clermont Ferrand,1,Sous-desservi
France,FR:Line::11F076F8-55AD-4273-8679-AB5D0FBE8F9E:,Toulouse Matabiau,Clermont Ferrand,22,Desserte Normale
France,FR:Line::11F076F8-55AD-4273-8679-AB5D0FBE8F9E:,Toulouse Matabiau,Clermont Ferrand,34,Desserte Normale
France,FR:Line::11F076F8-55AD-4273-8679-AB5D0FBE8F9E:,Toulouse Matabiau,Clermont Ferrand,1,Sous-desservi
France,FR:Line::11F076F8-55AD-4273-8679-AB5D0FBE8F9E:,Toulouse Matabiau,Clermont Ferrand,1,Sous-desservi
France,FR:Line::11F076F8-55AD-4273-8679-AB5D0FBE8F9E:,Toulouse Matabiau,Clermont Ferrand,8,Desserte Normale
France,FR:Line::11F076F8-55AD-4273-8679-AB5D0FBE8F9E:,Toulouse Matabiau,Clermont Ferrand,14,Desserte Normale
France,FR:Line::11F44E86-C3F3-43CF-BCDD-AD1B4472E63D:,Sete,Lunel,12,Desserte Normale
France,FR:Line::11F44E86-C3F3-43CF-BCDD-AD1B4472E63D:,Sete,Lunel,11,Desserte Normale
France,FR:Line::11F44E86-C3F3-43CF-BCDD-AD1B4472E63D:,Sete,Lunel,19,Desserte Normale
France,FR:Line::124908e5-9f85-4eaf-876e-45fcae675ad4:,Alençon,Tours,1,Sous-desservi
France,FR:Line::124908e5-9f85-4eaf-876e-45fcae675ad4:,Alençon,Tours,1,Sous-desservi
France,FR:Line::124908e5-9f85-4eaf-876e-45fcae675ad4:,Alençon,Tours,7,Desserte Normale
France,FR:Line::12F1382A-0107-43BD-9724-8BF0BC91CBCD:,Orléans,Le Croisic,3,Sous-desservi
France,FR:Line::12F1382A-0107-43BD-9724-8BF0BC91CBCD:,Orléans,Le Croisic,1,Sous-desservi
France,FR:Line::12F1382A-0107-43BD-9724-8BF0BC91CBCD:,Orléans,Le Croisic,1,Sous-desservi
France,FR:Line::12F1382A-0107-43BD-9724-8BF0BC91CBCD:,Orléans,Le Croisic,1,Sous-desservi
France,FR:Line::12F1382A-0107-43BD-9724-8BF0BC91CBCD:,Orléans,Le Croisic,1,Sous-desservi
France,FR:Line::12F1382A-0107-43BD-9724-8BF0BC91CBCD:,Orléans,Le Croisic,3,Sous-desservi
France,FR:Line::12F1382A-0107-43BD-9724-8BF0BC91CBCD:,Orléans,Le Croisic,7,Desserte Normale
France,FR:Line::12b11167-efd2-4576-8d30-f057d227530d:,Paris Austerlitz,Nice,1,Sous-desservi
France,FR:Line::12b11167-efd2-4576-8d30-f057d227530d:,Paris Austerlitz,Nice,3,Sous-desservi
France,FR:Line::12b11167-efd2-4576-8d30-f057d227530d:,Paris Austerlitz,Nice,1,Sous-desservi
France,FR:Line::12b11167-efd2-4576-8d30-f057d227530d:,Paris Austerlitz,Nice,2,Sous-desservi
France,FR:Line::12b11167-efd2-4576-8d30-f057d227530d:,Paris Austerlitz,Nice,1,Sous-desservi
France,FR:Line::12b11167-efd2-4576-8d30-f057d227530d:,Paris Austerlitz,Nice,4,Sous-desservi
France,FR:Line::12b11167-efd2-4576-8d30-f057d227530d:,Paris Austerlitz,Nice,3,Sous-desservi
France,FR:Line::12b11167-efd2-4576-8d30-f057d227530d:,Paris Austerlitz,Nice,3,Sous-desservi
France,FR:Line::12b11167-efd2-4576-8d30-f057d227530d:,Paris Austerlitz,Nice,5,Sous-desservi
France,FR:Line::12b11167-efd2-4576-8d30-f057d227530d:,Paris Austerlitz,Nice,2,Sous-desservi
France,FR:Line::12b11167-efd2-4576-8d30-f057d227530d:,Paris Austerlitz,Nice,1,Sous-desservi
France,FR:Line::12b11167-efd2-4576-8d30-f057d227530d:,Paris Austerlitz,Nice,2,Sous-desservi
France,FR:Line::12b11167-efd2-4576-8d30-f057d227530d:,Paris Austerlitz,Nice,2,Sous-desservi
France,FR:Line::13365D41-4A66-4DF8-B277-1860172D9735:,Paris,Stuttgart Munich,2,Sous-desservi
France,FR:Line::13365D41-4A66-4DF8-B277-1860172D9735:,Paris,Stuttgart Munich,1,Sous-desservi
France,FR:Line::13365D41-4A66-4DF8-B277-1860172D9735:,Paris,Stuttgart Munich,8,Desserte Normale
France,FR:Line::13365D41-4A66-4DF8-B277-1860172D9735:,Paris,Stuttgart Munich,11,Desserte Normale
France,FR:Line::13365D41-4A66-4DF8-B277-1860172D9735:,Paris,Stuttgart Munich,1,Sous-desservi
France,FR:Line::13365D41-4A66-4DF8-B277-1860172D9735:,Paris,Stuttgart Munich,3,Sous-desservi
France,FR:Line::13365D41-4A66-4DF8-B277-1860172D9735:,Paris,Stuttgart Munich,2,Sous-desservi
France,FR:Line::13365D41-4A66-4DF8-B277-1860172D9735:,Paris,Stuttgart Munich,3,Sous-desservi
France,FR:Line::13365D41-4A66-4DF8-B277-1860172D9735:,Paris,Stuttgart Munich,1,Sous-desservi
France,FR:Line::13365D41-4A66-4DF8-B277-1860172D9735:,Paris,Stuttgart Munich,2,Sous-desservi
France,FR:Line::13365D41-4A66-4DF8-B277-1860172D9735:,Paris,Stuttgart Munich,1,Sous-desservi
France,FR:Line::13365D41-4A66-4DF8-B277-1860172D9735:,Paris,Stuttgart Munich,2,Sous-desservi
France,FR:Line::13365D41-4A66-4DF8-B277-1860172D9735:,Paris,Stuttgart Munich,2,Sous-desservi
France,FR:Line::13365D41-4A66-4DF8-B277-1860172D9735:,Paris,Stuttgart Munich,7,Desserte Normale
France,FR:Line::13365D41-4A66-4DF8-B277-1860172D9735:,Paris,Stuttgart Munich,11,Desserte Normale
France,FR:Line::13646F20-4947-4CFA-B40D-63FF0D28C61E:,Marseille,Miramas Via Cote Bleue,13,Desserte Normale
France,FR:Line::13646F20-4947-4CFA-B40D-63FF0D28C61E:,Marseille,Miramas Via Cote Bleue,8,Desserte Normale
France,FR:Line::13646F20-4947-4CFA-B40D-63FF0D28C61E:,Marseille,Miramas Via Cote Bleue,10,Desserte Normale
France,FR:Line::13646F20-4947-4CFA-B40D-63FF0D28C61E:,Marseille,Miramas Via Cote Bleue,1,Sous-desservi
France,FR:Line::13646F20-4947-4CFA-B40D-63FF0D28C61E:,Marseille,Miramas Via Cote Bleue,32,Desserte Normale
France,FR:Line::13DADBDA-4FB1-4AA3-8DAB-60E24EF4AAFF:,Paris,Nevers,3,Sous-desservi
France,FR:Line::13DADBDA-4FB1-4AA3-8DAB-60E24EF4AAFF:,Paris,Nevers,2,Sous-desservi
France,FR:Line::13DADBDA-4FB1-4AA3-8DAB-60E24EF4AAFF:,Paris,Nevers,7,Desserte Normale
France,FR:Line::13DADBDA-4FB1-4AA3-8DAB-60E24EF4AAFF:,Paris,Nevers,11,Desserte Normale
France,FR:Line::13DADBDA-4FB1-4AA3-8DAB-60E24EF4AAFF:,Paris,Nevers,2,Sous-desservi
France,FR:Line::13DADBDA-4FB1-4AA3-8DAB-60E24EF4AAFF:,Paris,Nevers,1,Sous-desservi
France,FR:Line::13DADBDA-4FB1-4AA3-8DAB-60E24EF4AAFF:,Paris,Nevers,2,Sous-desservi
France,FR:Line::13DADBDA-4FB1-4AA3-8DAB-60E24EF4AAFF:,Paris,Nevers,13,Desserte Normale
France,FR:Line::13DADBDA-4FB1-4AA3-8DAB-60E24EF4AAFF:,Paris,Nevers,5,Sous-desservi
France,FR:Line::13DADBDA-4FB1-4AA3-8DAB-60E24EF4AAFF:,Paris,Nevers,24,Desserte Normale
France,FR:Line::13DADBDA-4FB1-4AA3-8DAB-60E24EF4AAFF:,Paris,Nevers,1,Sous-desservi
France,FR:Line::14254a37-7e25-43a2-8be1-db7eafb9b72c:,NANCY,ST DIE DES VOSGES,1,Sous-desservi
France,FR:Line::14254a37-7e25-43a2-8be1-db7eafb9b72c:,NANCY,ST DIE DES VOSGES,2,Sous-desservi
France,FR:Line::14254a37-7e25-43a2-8be1-db7eafb9b72c:,NANCY,ST DIE DES VOSGES,1,Sous-desservi
France,FR:Line::14254a37-7e25-43a2-8be1-db7eafb9b72c:,NANCY,ST DIE DES VOSGES,2,Sous-desservi
France,FR:Line::14254a37-7e25-43a2-8be1-db7eafb9b72c:,NANCY,ST DIE DES VOSGES,9,Desserte Normale
France,FR:Line::145aae45-17eb-45b5-b5b4-facb8b6490f3:,Paris,Bordeaux,10,Desserte Normale
France,FR:Line::145aae45-17eb-45b5-b5b4-facb8b6490f3:,Paris,Bordeaux,8,Desserte Normale
France,FR:Line::145aae45-17eb-45b5-b5b4-facb8b6490f3:,Paris,Bordeaux,1,Sous-desservi
France,FR:Line::145aae45-17eb-45b5-b5b4-facb8b6490f3:,Paris,Bordeaux,41,Desserte Normale
France,FR:Line::145aae45-17eb-45b5-b5b4-facb8b6490f3:,Paris,Bordeaux,3,Sous-desservi
France,FR:Line::145aae45-17eb-45b5-b5b4-facb8b6490f3:,Paris,Bordeaux,8,Desserte Normale
France,FR:Line::145aae45-17eb-45b5-b5b4-facb8b6490f3:,Paris,Bordeaux,26,Desserte Normale
France,FR:Line::145aae45-17eb-45b5-b5b4-facb8b6490f3:,Paris,Bordeaux,26,Desserte Normale
France,FR:Line::145aae45-17eb-45b5-b5b4-facb8b6490f3:,Paris,Bordeaux,13,Desserte Normale
France,FR:Line::145aae45-17eb-45b5-b5b4-facb8b6490f3:,Paris,Bordeaux,5,Sous-desservi
France,FR:Line::145aae45-17eb-45b5-b5b4-facb8b6490f3:,Paris,Bordeaux,8,Desserte Normale
France,FR:Line::145aae45-17eb-45b5-b5b4-facb8b6490f3:,Paris,Bordeaux,9,Desserte Normale
France,FR:Line::145aae45-17eb-45b5-b5b4-facb8b6490f3:,Paris,Bordeaux,37,Desserte Normale
France,FR:Line::145aae45-17eb-45b5-b5b4-facb8b6490f3:,Paris,Bordeaux,9,Desserte Normale
France,FR:Line::145aae45-17eb-45b5-b5b4-facb8b6490f3:,Paris,Bordeaux,15,Desserte Normale
France,FR:Line::145aae45-17eb-45b5-b5b4-facb8b6490f3:,Paris,Bordeaux,36,Desserte Normale
France,FR:Line::145aae45-17eb-45b5-b5b4-facb8b6490f3:,Paris,Bordeaux,20,Desserte Normale
France,FR:Line::145aae45-17eb-45b5-b5b4-facb8b6490f3:,Paris,Bordeaux,13,Desserte Normale
France,FR:Line::145aae45-17eb-45b5-b5b4-facb8b6490f3:,Paris,Bordeaux,20,Desserte Normale
France,FR:Line::145aae45-17eb-45b5-b5b4-facb8b6490f3:,Paris,Bordeaux,51,Desserte Normale
France,FR:Line::145aae45-17eb-45b5-b5b4-facb8b6490f3:,Paris,Bordeaux,7,Desserte Normale
France,FR:Line::145aae45-17eb-45b5-b5b4-facb8b6490f3:,Paris,Bordeaux,16,Desserte Normale
France,FR:Line::145aae45-17eb-45b5-b5b4-facb8b6490f3:,Paris,Bordeaux,2,Sous-desservi
France,FR:Line::145aae45-17eb-45b5-b5b4-facb8b6490f3:,Paris,Bordeaux,5,Sous-desservi
France,FR:Line::145aae45-17eb-45b5-b5b4-facb8b6490f3:,Paris,Bordeaux,20,Desserte Normale
France,FR:Line::145aae45-17eb-45b5-b5b4-facb8b6490f3:,Paris,Bordeaux,23,Desserte Normale
France,FR:Line::148cb049-2cd5-4f43-8640-5b4a3ae6e128:,Toulouse,Hendaye,1,Sous-desservi
France,FR:Line::148cb049-2cd5-4f43-8640-5b4a3ae6e128:,Toulouse,Hendaye,1,Sous-desservi
France,FR:Line::148cb049-2cd5-4f43-8640-5b4a3ae6e128:,Toulouse,Hendaye,16,Desserte Normale
France,FR:Line::148cb049-2cd5-4f43-8640-5b4a3ae6e128:,Toulouse,Hendaye,3,Sous-desservi
France,FR:Line::148cb049-2cd5-4f43-8640-5b4a3ae6e128:,Toulouse,Hendaye,5,Sous-desservi
France,FR:Line::148cb049-2cd5-4f43-8640-5b4a3ae6e128:,Toulouse,Hendaye,3,Sous-desservi
France,FR:Line::148cb049-2cd5-4f43-8640-5b4a3ae6e128:,Toulouse,Hendaye,2,Sous-desservi
France,FR:Line::148cb049-2cd5-4f43-8640-5b4a3ae6e128:,Toulouse,Hendaye,6,Sous-desservi
France,FR:Line::148cb049-2cd5-4f43-8640-5b4a3ae6e128:,Toulouse,Hendaye,8,Desserte Normale
France,FR:Line::14E49293-AD6D-4B42-9644-6097B94FF1E7:,Lichtenberg,Ingwiller,2,Sous-desservi
France,FR:Line::14E49293-AD6D-4B42-9644-6097B94FF1E7:,Lichtenberg,Ingwiller,15,Desserte Normale
France,FR:Line::1519c1b8-948b-465a-9ec3-3da0d28aebe6:,La Bastide St Laurent L Bains,Langogne,2,Sous-desservi
France,FR:Line::1519c1b8-948b-465a-9ec3-3da0d28aebe6:,La Bastide St Laurent L Bains,Langogne,1,Sous-desservi
France,FR:Line::1519c1b8-948b-465a-9ec3-3da0d28aebe6:,La Bastide St Laurent L Bains,Langogne,8,Desserte Normale
France,FR:Line::1658a1cd-b1c4-4e2c-ba35-1eee2ae6fbf9:,Tours,Le Mans,1,Sous-desservi
France,FR:Line::1658a1cd-b1c4-4e2c-ba35-1eee2ae6fbf9:,Tours,Le Mans,8,Desserte Normale
France,FR:Line::16687383-70D2-4ABA-A124-1AB6A45C0E60:,Bordeaux,Lille SEA,3,Sous-desservi
France,FR:Line::16687383-70D2-4ABA-A124-1AB6A45C0E60:,Bordeaux,Lille SEA,3,Sous-desservi
France,FR:Line::16687383-70D2-4ABA-A124-1AB6A45C0E60:,Bordeaux,Lille SEA,3,Sous-desservi
France,FR:Line::16687383-70D2-4ABA-A124-1AB6A45C0E60:,Bordeaux,Lille SEA,2,Sous-desservi
France,FR:Line::16687383-70D2-4ABA-A124-1AB6A45C0E60:,Bordeaux,Lille SEA,1,Sous-desservi
France,FR:Line::16687383-70D2-4ABA-A124-1AB6A45C0E60:,Bordeaux,Lille SEA,3,Sous-desservi
France,FR:Line::16687383-70D2-4ABA-A124-1AB6A45C0E60:,Bordeaux,Lille SEA,3,Sous-desservi
France,FR:Line::16687383-70D2-4ABA-A124-1AB6A45C0E60:,Bordeaux,Lille SEA,1,Sous-desservi
France,FR:Line::16687383-70D2-4ABA-A124-1AB6A45C0E60:,Bordeaux,Lille SEA,3,Sous-desservi
France,FR:Line::16687383-70D2-4ABA-A124-1AB6A45C0E60:,Bordeaux,Lille SEA,7,Desserte Normale
France,FR:Line::16687383-70D2-4ABA-A124-1AB6A45C0E60:,Bordeaux,Lille SEA,7,Desserte Normale
France,FR:Line::16687383-70D2-4ABA-A124-1AB6A45C0E60:,Bordeaux,Lille SEA,3,Sous-desservi
France,FR:Line::16687383-70D2-4ABA-A124-1AB6A45C0E60:,Bordeaux,Lille SEA,6,Sous-desservi
France,FR:Line::16687383-70D2-4ABA-A124-1AB6A45C0E60:,Bordeaux,Lille SEA,2,Sous-desservi
France,FR:Line::16687383-70D2-4ABA-A124-1AB6A45C0E60:,Bordeaux,Lille SEA,2,Sous-desservi
France,FR:Line::16687383-70D2-4ABA-A124-1AB6A45C0E60:,Bordeaux,Lille SEA,3,Sous-desservi
France,FR:Line::16687383-70D2-4ABA-A124-1AB6A45C0E60:,Bordeaux,Lille SEA,7,Desserte Normale
France,FR:Line::16687383-70D2-4ABA-A124-1AB6A45C0E60:,Bordeaux,Lille SEA,1,Sous-desservi
France,FR:Line::16687383-70D2-4ABA-A124-1AB6A45C0E60:,Bordeaux,Lille SEA,3,Sous-desservi
France,FR:Line::16687383-70D2-4ABA-A124-1AB6A45C0E60:,Bordeaux,Lille SEA,3,Sous-desservi
France,FR:Line::16687383-70D2-4ABA-A124-1AB6A45C0E60:,Bordeaux,Lille SEA,1,Sous-desservi
France,FR:Line::16687383-70D2-4ABA-A124-1AB6A45C0E60:,Bordeaux,Lille SEA,1,Sous-desservi
France,FR:Line::16687383-70D2-4ABA-A124-1AB6A45C0E60:,Bordeaux,Lille SEA,2,Sous-desservi
France,FR:Line::16687383-70D2-4ABA-A124-1AB6A45C0E60:,Bordeaux,Lille SEA,2,Sous-desservi
France,FR:Line::16796706-208E-49D1-8EE6-72B846994C27:,Limoux,Carcassonne,16,Desserte Normale
France,FR:Line::16FE01A8-BCC7-4AC8-A0B7-7173EEB65876:,Tours,Nantes,1,Sous-desservi
France,FR:Line::16FE01A8-BCC7-4AC8-A0B7-7173EEB65876:,Tours,Nantes,1,Sous-desservi
France,FR:Line::16FE01A8-BCC7-4AC8-A0B7-7173EEB65876:,Tours,Nantes,1,Sous-desservi
France,FR:Line::16FE01A8-BCC7-4AC8-A0B7-7173EEB65876:,Tours,Nantes,18,Desserte Normale
France,FR:Line::16c1847f-8006-4ef7-a123-95b14fa144bd:,LAON,HIRSON,1,Sous-desservi
France,FR:Line::16c1847f-8006-4ef7-a123-95b14fa144bd:,LAON,HIRSON,7,Desserte Normale
France,FR:Line::16c1847f-8006-4ef7-a123-95b14fa144bd:,LAON,HIRSON,18,Desserte Normale
France,FR:Line::16c1847f-8006-4ef7-a123-95b14fa144bd:,LAON,HIRSON,21,Desserte Normale
France,FR:Line::16d3fc7b-59da-4b5b-b50f-8ff6e11eaea4:,CA TGV,SEDAN,7,Desserte Normale
France,FR:Line::16d3fc7b-59da-4b5b-b50f-8ff6e11eaea4:,CA TGV,SEDAN,2,Sous-desservi
France,FR:Line::16d3fc7b-59da-4b5b-b50f-8ff6e11eaea4:,CA TGV,SEDAN,15,Desserte Normale
France,FR:Line::16d3fc7b-59da-4b5b-b50f-8ff6e11eaea4:,CA TGV,SEDAN,7,Desserte Normale
France,FR:Line::16d3fc7b-59da-4b5b-b50f-8ff6e11eaea4:,CA TGV,SEDAN,11,Desserte Normale
France,FR:Line::16d3fc7b-59da-4b5b-b50f-8ff6e11eaea4:,CA TGV,SEDAN,56,Desserte Normale
France,FR:Line::16d3fc7b-59da-4b5b-b50f-8ff6e11eaea4:,CA TGV,SEDAN,42,Desserte Normale
France,FR:Line::16d3fc7b-59da-4b5b-b50f-8ff6e11eaea4:,CA TGV,SEDAN,55,Desserte Normale
France,FR:Line::18B0FAF0-44B1-4D0A-A8AD-2E32B7602EAD:,Paris,Saint-Brieuc TGV,11,Desserte Normale
France,FR:Line::18B0FAF0-44B1-4D0A-A8AD-2E32B7602EAD:,Paris,Saint-Brieuc TGV,1,Sous-desservi
France,FR:Line::18B0FAF0-44B1-4D0A-A8AD-2E32B7602EAD:,Paris,Saint-Brieuc TGV,19,Desserte Normale
France,FR:Line::18B0FAF0-44B1-4D0A-A8AD-2E32B7602EAD:,Paris,Saint-Brieuc TGV,6,Sous-desservi
France,FR:Line::18B0FAF0-44B1-4D0A-A8AD-2E32B7602EAD:,Paris,Saint-Brieuc TGV,11,Desserte Normale
France,FR:Line::18B0FAF0-44B1-4D0A-A8AD-2E32B7602EAD:,Paris,Saint-Brieuc TGV,18,Desserte Normale
France,FR:Line::18B0FAF0-44B1-4D0A-A8AD-2E32B7602EAD:,Paris,Saint-Brieuc TGV,4,Sous-desservi
France,FR:Line::18B0FAF0-44B1-4D0A-A8AD-2E32B7602EAD:,Paris,Saint-Brieuc TGV,15,Desserte Normale
France,FR:Line::18B0FAF0-44B1-4D0A-A8AD-2E32B7602EAD:,Paris,Saint-Brieuc TGV,2,Sous-desservi
France,FR:Line::18B0FAF0-44B1-4D0A-A8AD-2E32B7602EAD:,Paris,Saint-Brieuc TGV,3,Sous-desservi
France,FR:Line::18B0FAF0-44B1-4D0A-A8AD-2E32B7602EAD:,Paris,Saint-Brieuc TGV,4,Sous-desservi
France,FR:Line::18B0FAF0-44B1-4D0A-A8AD-2E32B7602EAD:,Paris,Saint-Brieuc TGV,14,Desserte Normale
France,FR:Line::18B0FAF0-44B1-4D0A-A8AD-2E32B7602EAD:,Paris,Saint-Brieuc TGV,27,Desserte Normale
France,FR:Line::18B0FAF0-44B1-4D0A-A8AD-2E32B7602EAD:,Paris,Saint-Brieuc TGV,8,Desserte Normale
France,FR:Line::18B0FAF0-44B1-4D0A-A8AD-2E32B7602EAD:,Paris,Saint-Brieuc TGV,7,Desserte Normale
France,FR:Line::18B0FAF0-44B1-4D0A-A8AD-2E32B7602EAD:,Paris,Saint-Brieuc TGV,23,Desserte Normale
France,FR:Line::18B0FAF0-44B1-4D0A-A8AD-2E32B7602EAD:,Paris,Saint-Brieuc TGV,18,Desserte Normale
France,FR:Line::18B0FAF0-44B1-4D0A-A8AD-2E32B7602EAD:,Paris,Saint-Brieuc TGV,25,Desserte Normale
France,FR:Line::18B0FAF0-44B1-4D0A-A8AD-2E32B7602EAD:,Paris,Saint-Brieuc TGV,1,Sous-desservi
France,FR:Line::18B0FAF0-44B1-4D0A-A8AD-2E32B7602EAD:,Paris,Saint-Brieuc TGV,2,Sous-desservi
France,FR:Line::18B0FAF0-44B1-4D0A-A8AD-2E32B7602EAD:,Paris,Saint-Brieuc TGV,37,Desserte Normale
France,FR:Line::18B0FAF0-44B1-4D0A-A8AD-2E32B7602EAD:,Paris,Saint-Brieuc TGV,37,Desserte Normale
France,FR:Line::18E717A0-950C-40A2-8F27-98A8EE8ADD20:,Lille Flandres,Béthune,2,Sous-desservi
France,FR:Line::18E717A0-950C-40A2-8F27-98A8EE8ADD20:,Lille Flandres,Béthune,1,Sous-desservi
France,FR:Line::18E717A0-950C-40A2-8F27-98A8EE8ADD20:,Lille Flandres,Béthune,14,Desserte Normale
France,FR:Line::18E717A0-950C-40A2-8F27-98A8EE8ADD20:,Lille Flandres,Béthune,23,Desserte Normale
France,FR:Line::193F093C-62C8-45A2-9CC0-D515308AF463:,Longwy,Longuyon,8,Desserte Normale
France,FR:Line::193F093C-62C8-45A2-9CC0-D515308AF463:,Longwy,Longuyon,13,Desserte Normale
France,FR:Line::19ea029b-6782-421a-8481-7470f5718e47:,Lux/Alsace/Loraine,Paca,4,Sous-desservi
France,FR:Line::19ea029b-6782-421a-8481-7470f5718e47:,Lux/Alsace/Loraine,Paca,1,Sous-desservi
France,FR:Line::19ea029b-6782-421a-8481-7470f5718e47:,Lux/Alsace/Loraine,Paca,5,Sous-desservi
France,FR:Line::19ea029b-6782-421a-8481-7470f5718e47:,Lux/Alsace/Loraine,Paca,5,Sous-desservi
France,FR:Line::19ea029b-6782-421a-8481-7470f5718e47:,Lux/Alsace/Loraine,Paca,1,Sous-desservi
France,FR:Line::19ea029b-6782-421a-8481-7470f5718e47:,Lux/Alsace/Loraine,Paca,1,Sous-desservi
France,FR:Line::19ea029b-6782-421a-8481-7470f5718e47:,Lux/Alsace/Loraine,Paca,6,Sous-desservi
France,FR:Line::19ea029b-6782-421a-8481-7470f5718e47:,Lux/Alsace/Loraine,Paca,8,Desserte Normale
France,FR:Line::19ea029b-6782-421a-8481-7470f5718e47:,Lux/Alsace/Loraine,Paca,5,Sous-desservi
France,FR:Line::19ea029b-6782-421a-8481-7470f5718e47:,Lux/Alsace/Loraine,Paca,1,Sous-desservi
France,FR:Line::19ea029b-6782-421a-8481-7470f5718e47:,Lux/Alsace/Loraine,Paca,11,Desserte Normale
France,FR:Line::19ea029b-6782-421a-8481-7470f5718e47:,Lux/Alsace/Loraine,Paca,12,Desserte Normale
France,FR:Line::19ea029b-6782-421a-8481-7470f5718e47:,Lux/Alsace/Loraine,Paca,22,Desserte Normale
France,FR:Line::19ea029b-6782-421a-8481-7470f5718e47:,Lux/Alsace/Loraine,Paca,9,Desserte Normale
France,FR:Line::19ea029b-6782-421a-8481-7470f5718e47:,Lux/Alsace/Loraine,Paca,6,Sous-desservi
France,FR:Line::19ea029b-6782-421a-8481-7470f5718e47:,Lux/Alsace/Loraine,Paca,7,Desserte Normale
France,FR:Line::19ea029b-6782-421a-8481-7470f5718e47:,Lux/Alsace/Loraine,Paca,2,Sous-desservi
France,FR:Line::19ea029b-6782-421a-8481-7470f5718e47:,Lux/Alsace/Loraine,Paca,6,Sous-desservi
France,FR:Line::19ea029b-6782-421a-8481-7470f5718e47:,Lux/Alsace/Loraine,Paca,14,Desserte Normale
France,FR:Line::19ea029b-6782-421a-8481-7470f5718e47:,Lux/Alsace/Loraine,Paca,11,Desserte Normale
France,FR:Line::1AC9122F-96CA-4237-BEDA-79ACE1F2F02B:,Tours,Chinon,2,Sous-desservi
France,FR:Line::1AC9122F-96CA-4237-BEDA-79ACE1F2F02B:,Tours,Chinon,4,Sous-desservi
France,FR:Line::1AC9122F-96CA-4237-BEDA-79ACE1F2F02B:,Tours,Chinon,25,Desserte Normale
France,FR:Line::1AC9122F-96CA-4237-BEDA-79ACE1F2F02B:,Tours,Chinon,1,Sous-desservi
France,FR:Line::1AC9122F-96CA-4237-BEDA-79ACE1F2F02B:,Tours,Chinon,4,Sous-desservi
France,FR:Line::1AF6DA65-F2A9-4241-A625-8B81DC2A8E51:,Paris,Metz TGV,1,Sous-desservi
France,FR:Line::1AF6DA65-F2A9-4241-A625-8B81DC2A8E51:,Paris,Metz TGV,1,Sous-desservi
France,FR:Line::1AF6DA65-F2A9-4241-A625-8B81DC2A8E51:,Paris,Metz TGV,1,Sous-desservi
France,FR:Line::1AF6DA65-F2A9-4241-A625-8B81DC2A8E51:,Paris,Metz TGV,1,Sous-desservi
France,FR:Line::1AF6DA65-F2A9-4241-A625-8B81DC2A8E51:,Paris,Metz TGV,1,Sous-desservi
France,FR:Line::1AF6DA65-F2A9-4241-A625-8B81DC2A8E51:,Paris,Metz TGV,1,Sous-desservi
France,FR:Line::1AF6DA65-F2A9-4241-A625-8B81DC2A8E51:,Paris,Metz TGV,1,Sous-desservi
France,FR:Line::1AF6DA65-F2A9-4241-A625-8B81DC2A8E51:,Paris,Metz TGV,2,Sous-desservi
France,FR:Line::1AF6DA65-F2A9-4241-A625-8B81DC2A8E51:,Paris,Metz TGV,1,Sous-desservi
France,FR:Line::1AF6DA65-F2A9-4241-A625-8B81DC2A8E51:,Paris,Metz TGV,5,Sous-desservi
France,FR:Line::1AF6DA65-F2A9-4241-A625-8B81DC2A8E51:,Paris,Metz TGV,15,Desserte Normale
France,FR:Line::1BF2D66F-09EF-4CB8-A003-1417C1EA6532:,Paris,Orléans,10,Desserte Normale
France,FR:Line::1BF2D66F-09EF-4CB8-A003-1417C1EA6532:,Paris,Orléans,8,Desserte Normale
France,FR:Line::1BF2D66F-09EF-4CB8-A003-1417C1EA6532:,Paris,Orléans,39,Desserte Normale
France,FR:Line::1BF2D66F-09EF-4CB8-A003-1417C1EA6532:,Paris,Orléans,37,Desserte Normale
France,FR:Line::1BF2D66F-09EF-4CB8-A003-1417C1EA6532:,Paris,Orléans,5,Sous-desservi
France,FR:Line::1BF2D66F-09EF-4CB8-A003-1417C1EA6532:,Paris,Orléans,3,Sous-desservi
France,FR:Line::1BF2D66F-09EF-4CB8-A003-1417C1EA6532:,Paris,Orléans,12,Desserte Normale
France,FR:Line::1BF2D66F-09EF-4CB8-A003-1417C1EA6532:,Paris,Orléans,30,Desserte Normale
France,FR:Line::1BF2D66F-09EF-4CB8-A003-1417C1EA6532:,Paris,Orléans,60,Bien desservi
France,FR:Line::1BF2D66F-09EF-4CB8-A003-1417C1EA6532:,Paris,Orléans,1,Sous-desservi
France,FR:Line::1C2B1261-0694-48A2-AA83-B635956CC91C:,St-Pierre De Chandieu,Saint-Priest,2,Sous-desservi
France,FR:Line::1C2B1261-0694-48A2-AA83-B635956CC91C:,St-Pierre De Chandieu,Saint-Priest,12,Desserte Normale
France,FR:Line::1C59DA64-5D12-4600-9092-4E99FCBFAC7A:,Paris,La Rochelle TGV,29,Desserte Normale
France,FR:Line::1C59DA64-5D12-4600-9092-4E99FCBFAC7A:,Paris,La Rochelle TGV,2,Sous-desservi
France,FR:Line::1C59DA64-5D12-4600-9092-4E99FCBFAC7A:,Paris,La Rochelle TGV,2,Sous-desservi
France,FR:Line::1C59DA64-5D12-4600-9092-4E99FCBFAC7A:,Paris,La Rochelle TGV,20,Desserte Normale
France,FR:Line::1C59DA64-5D12-4600-9092-4E99FCBFAC7A:,Paris,La Rochelle TGV,3,Sous-desservi
France,FR:Line::1C59DA64-5D12-4600-9092-4E99FCBFAC7A:,Paris,La Rochelle TGV,6,Sous-desservi
France,FR:Line::1C59DA64-5D12-4600-9092-4E99FCBFAC7A:,Paris,La Rochelle TGV,28,Desserte Normale
France,FR:Line::1C59DA64-5D12-4600-9092-4E99FCBFAC7A:,Paris,La Rochelle TGV,50,Desserte Normale
France,FR:Line::1C59DA64-5D12-4600-9092-4E99FCBFAC7A:,Paris,La Rochelle TGV,10,Desserte Normale
France,FR:Line::1C59DA64-5D12-4600-9092-4E99FCBFAC7A:,Paris,La Rochelle TGV,14,Desserte Normale
France,FR:Line::1C59DA64-5D12-4600-9092-4E99FCBFAC7A:,Paris,La Rochelle TGV,2,Sous-desservi
France,FR:Line::1C59DA64-5D12-4600-9092-4E99FCBFAC7A:,Paris,La Rochelle TGV,2,Sous-desservi
France,FR:Line::1C59DA64-5D12-4600-9092-4E99FCBFAC7A:,Paris,La Rochelle TGV,6,Sous-desservi
France,FR:Line::1C59DA64-5D12-4600-9092-4E99FCBFAC7A:,Paris,La Rochelle TGV,4,Sous-desservi
France,FR:Line::1C59DA64-5D12-4600-9092-4E99FCBFAC7A:,Paris,La Rochelle TGV,10,Desserte Normale
France,FR:Line::1C59DA64-5D12-4600-9092-4E99FCBFAC7A:,Paris,La Rochelle TGV,10,Desserte Normale
France,FR:Line::1C59DA64-5D12-4600-9092-4E99FCBFAC7A:,Paris,La Rochelle TGV,14,Desserte Normale
France,FR:Line::1C59DA64-5D12-4600-9092-4E99FCBFAC7A:,Paris,La Rochelle TGV,15,Desserte Normale
France,FR:Line::1C59DA64-5D12-4600-9092-4E99FCBFAC7A:,Paris,La Rochelle TGV,12,Desserte Normale
France,FR:Line::1C59DA64-5D12-4600-9092-4E99FCBFAC7A:,Paris,La Rochelle TGV,17,Desserte Normale
France,FR:Line::1C59DA64-5D12-4600-9092-4E99FCBFAC7A:,Paris,La Rochelle TGV,8,Desserte Normale
France,FR:Line::1C59DA64-5D12-4600-9092-4E99FCBFAC7A:,Paris,La Rochelle TGV,8,Desserte Normale
France,FR:Line::1C59DA64-5D12-4600-9092-4E99FCBFAC7A:,Paris,La Rochelle TGV,21,Desserte Normale
France,FR:Line::1C59DA64-5D12-4600-9092-4E99FCBFAC7A:,Paris,La Rochelle TGV,42,Desserte Normale
France,FR:Line::1C9277F1-D8AC-4D6F-9DAD-E2A807CBC4FA:,Clermont-Ferrand,Nevers,1,Sous-desservi
France,FR:Line::1C9277F1-D8AC-4D6F-9DAD-E2A807CBC4FA:,Clermont-Ferrand,Nevers,18,Desserte Normale
France,FR:Line::1C9277F1-D8AC-4D6F-9DAD-E2A807CBC4FA:,Clermont-Ferrand,Nevers,2,Sous-desservi
France,FR:Line::1C9277F1-D8AC-4D6F-9DAD-E2A807CBC4FA:,Clermont-Ferrand,Nevers,25,Desserte Normale
France,FR:Line::1C9277F1-D8AC-4D6F-9DAD-E2A807CBC4FA:,Clermont-Ferrand,Nevers,29,Desserte Normale
France,FR:Line::1C9277F1-D8AC-4D6F-9DAD-E2A807CBC4FA:,Clermont-Ferrand,Nevers,1,Sous-desservi
France,FR:Line::1C9277F1-D8AC-4D6F-9DAD-E2A807CBC4FA:,Clermont-Ferrand,Nevers,1,Sous-desservi
France,FR:Line::1C9277F1-D8AC-4D6F-9DAD-E2A807CBC4FA:,Clermont-Ferrand,Nevers,4,Sous-desservi
France,FR:Line::1C9277F1-D8AC-4D6F-9DAD-E2A807CBC4FA:,Clermont-Ferrand,Nevers,23,Desserte Normale
France,FR:Line::1C9BA26B-7D92-4D0E-86EF-895FB80E10BF:,Paris,Vallée du Rhône TGV,4,Sous-desservi
France,FR:Line::1C9BA26B-7D92-4D0E-86EF-895FB80E10BF:,Paris,Vallée du Rhône TGV,2,Sous-desservi
France,FR:Line::1C9BA26B-7D92-4D0E-86EF-895FB80E10BF:,Paris,Vallée du Rhône TGV,5,Sous-desservi
France,FR:Line::1C9BA26B-7D92-4D0E-86EF-895FB80E10BF:,Paris,Vallée du Rhône TGV,4,Sous-desservi
France,FR:Line::1C9BA26B-7D92-4D0E-86EF-895FB80E10BF:,Paris,Vallée du Rhône TGV,9,Desserte Normale
France,FR:Line::1C9BA26B-7D92-4D0E-86EF-895FB80E10BF:,Paris,Vallée du Rhône TGV,6,Sous-desservi
France,FR:Line::1C9BA26B-7D92-4D0E-86EF-895FB80E10BF:,Paris,Vallée du Rhône TGV,1,Sous-desservi
France,FR:Line::1C9BA26B-7D92-4D0E-86EF-895FB80E10BF:,Paris,Vallée du Rhône TGV,2,Sous-desservi
France,FR:Line::1C9BA26B-7D92-4D0E-86EF-895FB80E10BF:,Paris,Vallée du Rhône TGV,1,Sous-desservi
France,FR:Line::1C9BA26B-7D92-4D0E-86EF-895FB80E10BF:,Paris,Vallée du Rhône TGV,4,Sous-desservi
France,FR:Line::1C9BA26B-7D92-4D0E-86EF-895FB80E10BF:,Paris,Vallée du Rhône TGV,11,Desserte Normale
France,FR:Line::1C9BA26B-7D92-4D0E-86EF-895FB80E10BF:,Paris,Vallée du Rhône TGV,14,Desserte Normale
France,FR:Line::1C9BA26B-7D92-4D0E-86EF-895FB80E10BF:,Paris,Vallée du Rhône TGV,4,Sous-desservi
France,FR:Line::1C9BA26B-7D92-4D0E-86EF-895FB80E10BF:,Paris,Vallée du Rhône TGV,2,Sous-desservi
France,FR:Line::1C9BA26B-7D92-4D0E-86EF-895FB80E10BF:,Paris,Vallée du Rhône TGV,4,Sous-desservi
France,FR:Line::1C9BA26B-7D92-4D0E-86EF-895FB80E10BF:,Paris,Vallée du Rhône TGV,10,Desserte Normale
France,FR:Line::1CEA14EA-7F5A-4D44-A739-F6A13138F139:,Toulouse Matabiau,Nimes,2,Sous-desservi
France,FR:Line::1CEA14EA-7F5A-4D44-A739-F6A13138F139:,Toulouse Matabiau,Nimes,2,Sous-desservi
France,FR:Line::1CEA14EA-7F5A-4D44-A739-F6A13138F139:,Toulouse Matabiau,Nimes,2,Sous-desservi
France,FR:Line::1CEA14EA-7F5A-4D44-A739-F6A13138F139:,Toulouse Matabiau,Nimes,2,Sous-desservi
France,FR:Line::1CEA14EA-7F5A-4D44-A739-F6A13138F139:,Toulouse Matabiau,Nimes,4,Sous-desservi
France,FR:Line::1E753DF8-B3B7-4FFE-BF59-46FC27595D6E:,Paris,Tarentaise TGV,27,Desserte Normale
France,FR:Line::1E753DF8-B3B7-4FFE-BF59-46FC27595D6E:,Paris,Tarentaise TGV,1,Sous-desservi
France,FR:Line::1E753DF8-B3B7-4FFE-BF59-46FC27595D6E:,Paris,Tarentaise TGV,13,Desserte Normale
France,FR:Line::1E753DF8-B3B7-4FFE-BF59-46FC27595D6E:,Paris,Tarentaise TGV,17,Desserte Normale
France,FR:Line::1E753DF8-B3B7-4FFE-BF59-46FC27595D6E:,Paris,Tarentaise TGV,8,Desserte Normale
France,FR:Line::1E753DF8-B3B7-4FFE-BF59-46FC27595D6E:,Paris,Tarentaise TGV,9,Desserte Normale
France,FR:Line::1E753DF8-B3B7-4FFE-BF59-46FC27595D6E:,Paris,Tarentaise TGV,16,Desserte Normale
France,FR:Line::1E753DF8-B3B7-4FFE-BF59-46FC27595D6E:,Paris,Tarentaise TGV,35,Desserte Normale
France,FR:Line::1E753DF8-B3B7-4FFE-BF59-46FC27595D6E:,Paris,Tarentaise TGV,46,Desserte Normale
France,FR:Line::1E753DF8-B3B7-4FFE-BF59-46FC27595D6E:,Paris,Tarentaise TGV,36,Desserte Normale
France,FR:Line::1E753DF8-B3B7-4FFE-BF59-46FC27595D6E:,Paris,Tarentaise TGV,1,Sous-desservi
France,FR:Line::1E753DF8-B3B7-4FFE-BF59-46FC27595D6E:,Paris,Tarentaise TGV,4,Sous-desservi
France,FR:Line::1E753DF8-B3B7-4FFE-BF59-46FC27595D6E:,Paris,Tarentaise TGV,24,Desserte Normale
France,FR:Line::1E753DF8-B3B7-4FFE-BF59-46FC27595D6E:,Paris,Tarentaise TGV,1,Sous-desservi
France,FR:Line::1E753DF8-B3B7-4FFE-BF59-46FC27595D6E:,Paris,Tarentaise TGV,6,Sous-desservi
France,FR:Line::1E753DF8-B3B7-4FFE-BF59-46FC27595D6E:,Paris,Tarentaise TGV,2,Sous-desservi
France,FR:Line::1E753DF8-B3B7-4FFE-BF59-46FC27595D6E:,Paris,Tarentaise TGV,9,Desserte Normale
France,FR:Line::1E753DF8-B3B7-4FFE-BF59-46FC27595D6E:,Paris,Tarentaise TGV,2,Sous-desservi
France,FR:Line::1F038E5C-9CF4-4BFC-9D55-33F57B4DB04F:,Paris,Le Croisic TGV,9,Desserte Normale
France,FR:Line::1F038E5C-9CF4-4BFC-9D55-33F57B4DB04F:,Paris,Le Croisic TGV,1,Sous-desservi
France,FR:Line::1F038E5C-9CF4-4BFC-9D55-33F57B4DB04F:,Paris,Le Croisic TGV,7,Desserte Normale
France,FR:Line::1F038E5C-9CF4-4BFC-9D55-33F57B4DB04F:,Paris,Le Croisic TGV,7,Desserte Normale
France,FR:Line::1F038E5C-9CF4-4BFC-9D55-33F57B4DB04F:,Paris,Le Croisic TGV,7,Desserte Normale
France,FR:Line::1F038E5C-9CF4-4BFC-9D55-33F57B4DB04F:,Paris,Le Croisic TGV,13,Desserte Normale
France,FR:Line::1F038E5C-9CF4-4BFC-9D55-33F57B4DB04F:,Paris,Le Croisic TGV,4,Sous-desservi
France,FR:Line::1F038E5C-9CF4-4BFC-9D55-33F57B4DB04F:,Paris,Le Croisic TGV,12,Desserte Normale
France,FR:Line::1F038E5C-9CF4-4BFC-9D55-33F57B4DB04F:,Paris,Le Croisic TGV,1,Sous-desservi
France,FR:Line::1F038E5C-9CF4-4BFC-9D55-33F57B4DB04F:,Paris,Le Croisic TGV,4,Sous-desservi
France,FR:Line::1F038E5C-9CF4-4BFC-9D55-33F57B4DB04F:,Paris,Le Croisic TGV,2,Sous-desservi
France,FR:Line::1F038E5C-9CF4-4BFC-9D55-33F57B4DB04F:,Paris,Le Croisic TGV,2,Sous-desservi
France,FR:Line::1F038E5C-9CF4-4BFC-9D55-33F57B4DB04F:,Paris,Le Croisic TGV,7,Desserte Normale
France,FR:Line::1F038E5C-9CF4-4BFC-9D55-33F57B4DB04F:,Paris,Le Croisic TGV,3,Sous-desservi
France,FR:Line::1F038E5C-9CF4-4BFC-9D55-33F57B4DB04F:,Paris,Le Croisic TGV,7,Desserte Normale
France,FR:Line::1F038E5C-9CF4-4BFC-9D55-33F57B4DB04F:,Paris,Le Croisic TGV,4,Sous-desservi
France,FR:Line::1F038E5C-9CF4-4BFC-9D55-33F57B4DB04F:,Paris,Le Croisic TGV,9,Desserte Normale
France,FR:Line::1F038E5C-9CF4-4BFC-9D55-33F57B4DB04F:,Paris,Le Croisic TGV,2,Sous-desservi
France,FR:Line::1F038E5C-9CF4-4BFC-9D55-33F57B4DB04F:,Paris,Le Croisic TGV,1,Sous-desservi
France,FR:Line::1F038E5C-9CF4-4BFC-9D55-33F57B4DB04F:,Paris,Le Croisic TGV,14,Desserte Normale
France,FR:Line::1F038E5C-9CF4-4BFC-9D55-33F57B4DB04F:,Paris,Le Croisic TGV,15,Desserte Normale
France,FR:Line::1d86325b-2798-4309-8fd8-191eeaaeeafd:,Paris,Rennes / Quimper,1,Sous-desservi
France,FR:Line::1d86325b-2798-4309-8fd8-191eeaaeeafd:,Paris,Rennes / Quimper,1,Sous-desservi
France,FR:Line::1d86325b-2798-4309-8fd8-191eeaaeeafd:,Paris,Rennes / Quimper,3,Sous-desservi
France,FR:Line::1d86325b-2798-4309-8fd8-191eeaaeeafd:,Paris,Rennes / Quimper,2,Sous-desservi
France,FR:Line::1d86325b-2798-4309-8fd8-191eeaaeeafd:,Paris,Rennes / Quimper,2,Sous-desservi
France,FR:Line::1f093b3e-6e5a-4365-9cd0-e5764b2c7767:,Bordeaux,Hendaye,2,Sous-desservi
France,FR:Line::1f093b3e-6e5a-4365-9cd0-e5764b2c7767:,Bordeaux,Hendaye,1,Sous-desservi
France,FR:Line::1f093b3e-6e5a-4365-9cd0-e5764b2c7767:,Bordeaux,Hendaye,1,Sous-desservi
France,FR:Line::1f093b3e-6e5a-4365-9cd0-e5764b2c7767:,Bordeaux,Hendaye,1,Sous-desservi
France,FR:Line::1f093b3e-6e5a-4365-9cd0-e5764b2c7767:,Bordeaux,Hendaye,22,Desserte Normale
France,FR:Line::1f093b3e-6e5a-4365-9cd0-e5764b2c7767:,Bordeaux,Hendaye,1,Sous-desservi
France,FR:Line::1f093b3e-6e5a-4365-9cd0-e5764b2c7767:,Bordeaux,Hendaye,2,Sous-desservi
France,FR:Line::1f093b3e-6e5a-4365-9cd0-e5764b2c7767:,Bordeaux,Hendaye,21,Desserte Normale
France,FR:Line::1f093b3e-6e5a-4365-9cd0-e5764b2c7767:,Bordeaux,Hendaye,11,Desserte Normale
France,FR:Line::1f093b3e-6e5a-4365-9cd0-e5764b2c7767:,Bordeaux,Hendaye,4,Sous-desservi
France,FR:Line::1f093b3e-6e5a-4365-9cd0-e5764b2c7767:,Bordeaux,Hendaye,16,Desserte Normale
France,FR:Line::1f093b3e-6e5a-4365-9cd0-e5764b2c7767:,Bordeaux,Hendaye,14,Desserte Normale
France,FR:Line::1f647a2c-138d-47de-8fb5-333f230e16f7:,Caen,Tours,2,Sous-desservi
France,FR:Line::1f647a2c-138d-47de-8fb5-333f230e16f7:,Caen,Tours,1,Sous-desservi
France,FR:Line::1f647a2c-138d-47de-8fb5-333f230e16f7:,Caen,Tours,5,Sous-desservi
France,FR:Line::1f647a2c-138d-47de-8fb5-333f230e16f7:,Caen,Tours,38,Desserte Normale
France,FR:Line::1f77c095-1e8b-4abb-a437-36f56063d197:,Nice,Tende,2,Sous-desservi
France,FR:Line::1f77c095-1e8b-4abb-a437-36f56063d197:,Nice,Tende,1,Sous-desservi
France,FR:Line::1f77c095-1e8b-4abb-a437-36f56063d197:,Nice,Tende,2,Sous-desservi
France,FR:Line::1f77c095-1e8b-4abb-a437-36f56063d197:,Nice,Tende,55,Desserte Normale
France,FR:Line::206e3211-85f3-4e58-946b-33cf370f96fa:,PARIS,VITTEL,2,Sous-desservi
France,FR:Line::206e3211-85f3-4e58-946b-33cf370f96fa:,PARIS,VITTEL,2,Sous-desservi
France,FR:Line::206e3211-85f3-4e58-946b-33cf370f96fa:,PARIS,VITTEL,1,Sous-desservi
France,FR:Line::206e3211-85f3-4e58-946b-33cf370f96fa:,PARIS,VITTEL,2,Sous-desservi
France,FR:Line::206e3211-85f3-4e58-946b-33cf370f96fa:,PARIS,VITTEL,1,Sous-desservi
France,FR:Line::206e3211-85f3-4e58-946b-33cf370f96fa:,PARIS,VITTEL,2,Sous-desservi
France,FR:Line::219C4964-9D9E-43A0-90D5-6A95CC140B41:,Nantes,Cholet,4,Sous-desservi
France,FR:Line::219C4964-9D9E-43A0-90D5-6A95CC140B41:,Nantes,Cholet,2,Sous-desservi
France,FR:Line::21B4B826-2492-4170-AC04-0B4625ADCA63:,Port Bou Frontiere,Narbonne,8,Desserte Normale
France,FR:Line::21B4B826-2492-4170-AC04-0B4625ADCA63:,Port Bou Frontiere,Narbonne,1,Sous-desservi
France,FR:Line::21B4B826-2492-4170-AC04-0B4625ADCA63:,Port Bou Frontiere,Narbonne,3,Sous-desservi
France,FR:Line::21B4B826-2492-4170-AC04-0B4625ADCA63:,Port Bou Frontiere,Narbonne,4,Sous-desservi
France,FR:Line::21B4B826-2492-4170-AC04-0B4625ADCA63:,Port Bou Frontiere,Narbonne,13,Desserte Normale
France,FR:Line::2239CF74-2DDE-4ECF-9A3F-022E65221125:,Paris,Arves TGV,8,Desserte Normale
France,FR:Line::2239CF74-2DDE-4ECF-9A3F-022E65221125:,Paris,Arves TGV,4,Sous-desservi
France,FR:Line::2239CF74-2DDE-4ECF-9A3F-022E65221125:,Paris,Arves TGV,5,Sous-desservi
France,FR:Line::2239CF74-2DDE-4ECF-9A3F-022E65221125:,Paris,Arves TGV,2,Sous-desservi
France,FR:Line::2239CF74-2DDE-4ECF-9A3F-022E65221125:,Paris,Arves TGV,2,Sous-desservi
France,FR:Line::2239CF74-2DDE-4ECF-9A3F-022E65221125:,Paris,Arves TGV,1,Sous-desservi
France,FR:Line::2239CF74-2DDE-4ECF-9A3F-022E65221125:,Paris,Arves TGV,9,Desserte Normale
France,FR:Line::2239CF74-2DDE-4ECF-9A3F-022E65221125:,Paris,Arves TGV,16,Desserte Normale
France,FR:Line::2239CF74-2DDE-4ECF-9A3F-022E65221125:,Paris,Arves TGV,12,Desserte Normale
France,FR:Line::2239CF74-2DDE-4ECF-9A3F-022E65221125:,Paris,Arves TGV,10,Desserte Normale
France,FR:Line::2295DCB3-5ABB-4028-8431-F6E4F94D0299:,Chambery,Bourg St-Maurice,18,Desserte Normale
France,FR:Line::2295DCB3-5ABB-4028-8431-F6E4F94D0299:,Chambery,Bourg St-Maurice,1,Sous-desservi
France,FR:Line::2295DCB3-5ABB-4028-8431-F6E4F94D0299:,Chambery,Bourg St-Maurice,2,Sous-desservi
France,FR:Line::2295DCB3-5ABB-4028-8431-F6E4F94D0299:,Chambery,Bourg St-Maurice,1,Sous-desservi
France,FR:Line::2295DCB3-5ABB-4028-8431-F6E4F94D0299:,Chambery,Bourg St-Maurice,3,Sous-desservi
France,FR:Line::2295DCB3-5ABB-4028-8431-F6E4F94D0299:,Chambery,Bourg St-Maurice,1,Sous-desservi
France,FR:Line::2295DCB3-5ABB-4028-8431-F6E4F94D0299:,Chambery,Bourg St-Maurice,8,Desserte Normale
France,FR:Line::2295DCB3-5ABB-4028-8431-F6E4F94D0299:,Chambery,Bourg St-Maurice,1,Sous-desservi
France,FR:Line::2295DCB3-5ABB-4028-8431-F6E4F94D0299:,Chambery,Bourg St-Maurice,10,Desserte Normale
France,FR:Line::2295DCB3-5ABB-4028-8431-F6E4F94D0299:,Chambery,Bourg St-Maurice,43,Desserte Normale
France,FR:Line::229ED139-9256-4B71-80BD-E7EAD93A6C9A:,Tours,Poitiers,1,Sous-desservi
France,FR:Line::229ED139-9256-4B71-80BD-E7EAD93A6C9A:,Tours,Poitiers,1,Sous-desservi
France,FR:Line::229ED139-9256-4B71-80BD-E7EAD93A6C9A:,Tours,Poitiers,3,Sous-desservi
France,FR:Line::229ED139-9256-4B71-80BD-E7EAD93A6C9A:,Tours,Poitiers,15,Desserte Normale
France,FR:Line::22F6D4B9-BC1B-4BE6-B5CC-3B211E463B73:,Paris,Nogent le Rotrou,1,Sous-desservi
France,FR:Line::22F6D4B9-BC1B-4BE6-B5CC-3B211E463B73:,Paris,Nogent le Rotrou,6,Sous-desservi
France,FR:Line::22F6D4B9-BC1B-4BE6-B5CC-3B211E463B73:,Paris,Nogent le Rotrou,2,Sous-desservi
France,FR:Line::22F6D4B9-BC1B-4BE6-B5CC-3B211E463B73:,Paris,Nogent le Rotrou,2,Sous-desservi
France,FR:Line::22F6D4B9-BC1B-4BE6-B5CC-3B211E463B73:,Paris,Nogent le Rotrou,2,Sous-desservi
France,FR:Line::22F6D4B9-BC1B-4BE6-B5CC-3B211E463B73:,Paris,Nogent le Rotrou,5,Sous-desservi
France,FR:Line::22F6D4B9-BC1B-4BE6-B5CC-3B211E463B73:,Paris,Nogent le Rotrou,1,Sous-desservi
France,FR:Line::22F6D4B9-BC1B-4BE6-B5CC-3B211E463B73:,Paris,Nogent le Rotrou,4,Sous-desservi
France,FR:Line::22F6D4B9-BC1B-4BE6-B5CC-3B211E463B73:,Paris,Nogent le Rotrou,9,Desserte Normale
France,FR:Line::22F6D4B9-BC1B-4BE6-B5CC-3B211E463B73:,Paris,Nogent le Rotrou,1,Sous-desservi
France,FR:Line::2311A20B-BEEF-401A-81B7-0A59D50C8C19:,Haguenau,Bitche,12,Desserte Normale
France,FR:Line::2311A20B-BEEF-401A-81B7-0A59D50C8C19:,Haguenau,Bitche,21,Desserte Normale
France,FR:Line::2311A20B-BEEF-401A-81B7-0A59D50C8C19:,Haguenau,Bitche,29,Desserte Normale
France,FR:Line::237820F0-01B1-49D5-AB3A-3ACA662E322E:,Lyon,PACA,1,Sous-desservi
France,FR:Line::237820F0-01B1-49D5-AB3A-3ACA662E322E:,Lyon,PACA,5,Sous-desservi
France,FR:Line::237820F0-01B1-49D5-AB3A-3ACA662E322E:,Lyon,PACA,1,Sous-desservi
France,FR:Line::237820F0-01B1-49D5-AB3A-3ACA662E322E:,Lyon,PACA,9,Desserte Normale
France,FR:Line::237820F0-01B1-49D5-AB3A-3ACA662E322E:,Lyon,PACA,5,Sous-desservi
France,FR:Line::237820F0-01B1-49D5-AB3A-3ACA662E322E:,Lyon,PACA,4,Sous-desservi
France,FR:Line::237820F0-01B1-49D5-AB3A-3ACA662E322E:,Lyon,PACA,5,Sous-desservi
France,FR:Line::237820F0-01B1-49D5-AB3A-3ACA662E322E:,Lyon,PACA,4,Sous-desservi
France,FR:Line::237820F0-01B1-49D5-AB3A-3ACA662E322E:,Lyon,PACA,7,Desserte Normale
France,FR:Line::2381a54a-1f59-4452-88c7-303179dd472b:,Paris,Nantes,2,Sous-desservi
France,FR:Line::2381a54a-1f59-4452-88c7-303179dd472b:,Paris,Nantes,9,Desserte Normale
France,FR:Line::2381a54a-1f59-4452-88c7-303179dd472b:,Paris,Nantes,6,Sous-desservi
France,FR:Line::2381a54a-1f59-4452-88c7-303179dd472b:,Paris,Nantes,1,Sous-desservi
France,FR:Line::2381a54a-1f59-4452-88c7-303179dd472b:,Paris,Nantes,2,Sous-desservi
France,FR:Line::2381a54a-1f59-4452-88c7-303179dd472b:,Paris,Nantes,1,Sous-desservi
France,FR:Line::2381a54a-1f59-4452-88c7-303179dd472b:,Paris,Nantes,1,Sous-desservi
France,FR:Line::2381a54a-1f59-4452-88c7-303179dd472b:,Paris,Nantes,7,Desserte Normale
France,FR:Line::2381a54a-1f59-4452-88c7-303179dd472b:,Paris,Nantes,1,Sous-desservi
France,FR:Line::2381a54a-1f59-4452-88c7-303179dd472b:,Paris,Nantes,1,Sous-desservi
France,FR:Line::2381a54a-1f59-4452-88c7-303179dd472b:,Paris,Nantes,1,Sous-desservi
France,FR:Line::2381a54a-1f59-4452-88c7-303179dd472b:,Paris,Nantes,2,Sous-desservi
France,FR:Line::2381a54a-1f59-4452-88c7-303179dd472b:,Paris,Nantes,2,Sous-desservi
France,FR:Line::2381a54a-1f59-4452-88c7-303179dd472b:,Paris,Nantes,2,Sous-desservi
France,FR:Line::2381a54a-1f59-4452-88c7-303179dd472b:,Paris,Nantes,3,Sous-desservi
France,FR:Line::2381a54a-1f59-4452-88c7-303179dd472b:,Paris,Nantes,2,Sous-desservi
France,FR:Line::2381a54a-1f59-4452-88c7-303179dd472b:,Paris,Nantes,1,Sous-desservi
France,FR:Line::2381a54a-1f59-4452-88c7-303179dd472b:,Paris,Nantes,7,Desserte Normale
France,FR:Line::2381a54a-1f59-4452-88c7-303179dd472b:,Paris,Nantes,2,Sous-desservi
France,FR:Line::2381a54a-1f59-4452-88c7-303179dd472b:,Paris,Nantes,6,Sous-desservi
France,FR:Line::2381a54a-1f59-4452-88c7-303179dd472b:,Paris,Nantes,6,Sous-desservi
France,FR:Line::24689242-F92D-4E76-A8DA-6E75B6A44DC1:,Selestat,St Die Des Vosges,5,Sous-desservi
France,FR:Line::24689242-F92D-4E76-A8DA-6E75B6A44DC1:,Selestat,St Die Des Vosges,22,Desserte Normale
France,FR:Line::24689242-F92D-4E76-A8DA-6E75B6A44DC1:,Selestat,St Die Des Vosges,48,Desserte Normale
France,FR:Line::2474299f-32b6-4da6-bef4-69ae2cdcae85:,STRASBOURG,EPINAL,4,Sous-desservi
France,FR:Line::2474299f-32b6-4da6-bef4-69ae2cdcae85:,STRASBOURG,EPINAL,13,Desserte Normale
France,FR:Line::2474299f-32b6-4da6-bef4-69ae2cdcae85:,STRASBOURG,EPINAL,1,Sous-desservi
France,FR:Line::2474299f-32b6-4da6-bef4-69ae2cdcae85:,STRASBOURG,EPINAL,18,Desserte Normale
France,FR:Line::2474299f-32b6-4da6-bef4-69ae2cdcae85:,STRASBOURG,EPINAL,14,Desserte Normale
France,FR:Line::2474299f-32b6-4da6-bef4-69ae2cdcae85:,STRASBOURG,EPINAL,1,Sous-desservi
France,FR:Line::2474299f-32b6-4da6-bef4-69ae2cdcae85:,STRASBOURG,EPINAL,3,Sous-desservi
France,FR:Line::2474299f-32b6-4da6-bef4-69ae2cdcae85:,STRASBOURG,EPINAL,1,Sous-desservi
France,FR:Line::2474299f-32b6-4da6-bef4-69ae2cdcae85:,STRASBOURG,EPINAL,73,Bien desservi
France,FR:Line::2474299f-32b6-4da6-bef4-69ae2cdcae85:,STRASBOURG,EPINAL,87,Bien desservi
France,FR:Line::2515CEC3-EF8D-40D6-AA15-5DC17572BCFA:,Lauterbourg,Woerth Rhein,5,Sous-desservi
France,FR:Line::2515CEC3-EF8D-40D6-AA15-5DC17572BCFA:,Lauterbourg,Woerth Rhein,7,Desserte Normale
France,FR:Line::2515CEC3-EF8D-40D6-AA15-5DC17572BCFA:,Lauterbourg,Woerth Rhein,36,Desserte Normale
France,FR:Line::25781E87-8F7D-4110-8EAC-A00082FF6F9C:,Paris,BPL,1,Sous-desservi
France,FR:Line::25781E87-8F7D-4110-8EAC-A00082FF6F9C:,Paris,BPL,4,Sous-desservi
France,FR:Line::25781E87-8F7D-4110-8EAC-A00082FF6F9C:,Paris,BPL,3,Sous-desservi
France,FR:Line::25781E87-8F7D-4110-8EAC-A00082FF6F9C:,Paris,BPL,3,Sous-desservi
France,FR:Line::25781E87-8F7D-4110-8EAC-A00082FF6F9C:,Paris,BPL,1,Sous-desservi
France,FR:Line::25781E87-8F7D-4110-8EAC-A00082FF6F9C:,Paris,BPL,1,Sous-desservi
France,FR:Line::25781E87-8F7D-4110-8EAC-A00082FF6F9C:,Paris,BPL,1,Sous-desservi
France,FR:Line::25781E87-8F7D-4110-8EAC-A00082FF6F9C:,Paris,BPL,2,Sous-desservi
France,FR:Line::25781E87-8F7D-4110-8EAC-A00082FF6F9C:,Paris,BPL,2,Sous-desservi
France,FR:Line::25781E87-8F7D-4110-8EAC-A00082FF6F9C:,Paris,BPL,4,Sous-desservi
France,FR:Line::25781E87-8F7D-4110-8EAC-A00082FF6F9C:,Paris,BPL,2,Sous-desservi
France,FR:Line::25781E87-8F7D-4110-8EAC-A00082FF6F9C:,Paris,BPL,4,Sous-desservi
France,FR:Line::258E893F-88D3-472A-AD69-33519A7C864D:,Marvejols,La Bastide St Laurent L Bains,1,Sous-desservi
France,FR:Line::258E893F-88D3-472A-AD69-33519A7C864D:,Marvejols,La Bastide St Laurent L Bains,1,Sous-desservi
France,FR:Line::258E893F-88D3-472A-AD69-33519A7C864D:,Marvejols,La Bastide St Laurent L Bains,1,Sous-desservi
France,FR:Line::258E893F-88D3-472A-AD69-33519A7C864D:,Marvejols,La Bastide St Laurent L Bains,1,Sous-desservi
France,FR:Line::276892b7-b6aa-4a9b-a989-62f4abea526b:,Paris,Toulouse,3,Sous-desservi
France,FR:Line::276892b7-b6aa-4a9b-a989-62f4abea526b:,Paris,Toulouse,6,Sous-desservi
France,FR:Line::276892b7-b6aa-4a9b-a989-62f4abea526b:,Paris,Toulouse,3,Sous-desservi
France,FR:Line::276892b7-b6aa-4a9b-a989-62f4abea526b:,Paris,Toulouse,7,Desserte Normale
France,FR:Line::276892b7-b6aa-4a9b-a989-62f4abea526b:,Paris,Toulouse,8,Desserte Normale
France,FR:Line::276892b7-b6aa-4a9b-a989-62f4abea526b:,Paris,Toulouse,2,Sous-desservi
France,FR:Line::276892b7-b6aa-4a9b-a989-62f4abea526b:,Paris,Toulouse,1,Sous-desservi
France,FR:Line::276892b7-b6aa-4a9b-a989-62f4abea526b:,Paris,Toulouse,3,Sous-desservi
France,FR:Line::276892b7-b6aa-4a9b-a989-62f4abea526b:,Paris,Toulouse,9,Desserte Normale
France,FR:Line::276892b7-b6aa-4a9b-a989-62f4abea526b:,Paris,Toulouse,8,Desserte Normale
France,FR:Line::276892b7-b6aa-4a9b-a989-62f4abea526b:,Paris,Toulouse,1,Sous-desservi
France,FR:Line::276892b7-b6aa-4a9b-a989-62f4abea526b:,Paris,Toulouse,11,Desserte Normale
France,FR:Line::276892b7-b6aa-4a9b-a989-62f4abea526b:,Paris,Toulouse,7,Desserte Normale
France,FR:Line::276892b7-b6aa-4a9b-a989-62f4abea526b:,Paris,Toulouse,3,Sous-desservi
France,FR:Line::276892b7-b6aa-4a9b-a989-62f4abea526b:,Paris,Toulouse,8,Desserte Normale
France,FR:Line::276892b7-b6aa-4a9b-a989-62f4abea526b:,Paris,Toulouse,7,Desserte Normale
France,FR:Line::276892b7-b6aa-4a9b-a989-62f4abea526b:,Paris,Toulouse,8,Desserte Normale
France,FR:Line::276892b7-b6aa-4a9b-a989-62f4abea526b:,Paris,Toulouse,2,Sous-desservi
France,FR:Line::276892b7-b6aa-4a9b-a989-62f4abea526b:,Paris,Toulouse,1,Sous-desservi
France,FR:Line::276892b7-b6aa-4a9b-a989-62f4abea526b:,Paris,Toulouse,3,Sous-desservi
France,FR:Line::276892b7-b6aa-4a9b-a989-62f4abea526b:,Paris,Toulouse,13,Desserte Normale
France,FR:Line::276892b7-b6aa-4a9b-a989-62f4abea526b:,Paris,Toulouse,1,Sous-desservi
France,FR:Line::276892b7-b6aa-4a9b-a989-62f4abea526b:,Paris,Toulouse,6,Sous-desservi
France,FR:Line::276892b7-b6aa-4a9b-a989-62f4abea526b:,Paris,Toulouse,10,Desserte Normale
France,FR:Line::27A3C9CC-526E-4121-8CF9-7C00D4652BCC:,Lyon,Belfort (interrégional),3,Sous-desservi
France,FR:Line::27A3C9CC-526E-4121-8CF9-7C00D4652BCC:,Lyon,Belfort (interrégional),14,Desserte Normale
France,FR:Line::27A3C9CC-526E-4121-8CF9-7C00D4652BCC:,Lyon,Belfort (interrégional),1,Sous-desservi
France,FR:Line::27A3C9CC-526E-4121-8CF9-7C00D4652BCC:,Lyon,Belfort (interrégional),14,Desserte Normale
France,FR:Line::27A3C9CC-526E-4121-8CF9-7C00D4652BCC:,Lyon,Belfort (interrégional),1,Sous-desservi
France,FR:Line::27A3C9CC-526E-4121-8CF9-7C00D4652BCC:,Lyon,Belfort (interrégional),1,Sous-desservi
France,FR:Line::27A3C9CC-526E-4121-8CF9-7C00D4652BCC:,Lyon,Belfort (interrégional),1,Sous-desservi
France,FR:Line::27A3C9CC-526E-4121-8CF9-7C00D4652BCC:,Lyon,Belfort (interrégional),1,Sous-desservi
France,FR:Line::27A3C9CC-526E-4121-8CF9-7C00D4652BCC:,Lyon,Belfort (interrégional),1,Sous-desservi
France,FR:Line::27A3C9CC-526E-4121-8CF9-7C00D4652BCC:,Lyon,Belfort (interrégional),11,Desserte Normale
France,FR:Line::27A3C9CC-526E-4121-8CF9-7C00D4652BCC:,Lyon,Belfort (interrégional),8,Desserte Normale
France,FR:Line::27A3C9CC-526E-4121-8CF9-7C00D4652BCC:,Lyon,Belfort (interrégional),11,Desserte Normale
France,FR:Line::284A09C9-9352-4B2A-B4B8-331497D889A9:,Clermont-Ferrand,Volvic,2,Sous-desservi
France,FR:Line::284A09C9-9352-4B2A-B4B8-331497D889A9:,Clermont-Ferrand,Volvic,3,Sous-desservi
France,FR:Line::284A09C9-9352-4B2A-B4B8-331497D889A9:,Clermont-Ferrand,Volvic,12,Desserte Normale
France,FR:Line::2881AC3D-A347-4440-BEF8-23ACAB159588:,Paris,Tarbes TGV,8,Desserte Normale
France,FR:Line::2881AC3D-A347-4440-BEF8-23ACAB159588:,Paris,Tarbes TGV,9,Desserte Normale
France,FR:Line::2881AC3D-A347-4440-BEF8-23ACAB159588:,Paris,Tarbes TGV,6,Sous-desservi
France,FR:Line::2881AC3D-A347-4440-BEF8-23ACAB159588:,Paris,Tarbes TGV,14,Desserte Normale
France,FR:Line::2881AC3D-A347-4440-BEF8-23ACAB159588:,Paris,Tarbes TGV,3,Sous-desservi
France,FR:Line::2881AC3D-A347-4440-BEF8-23ACAB159588:,Paris,Tarbes TGV,10,Desserte Normale
France,FR:Line::2881AC3D-A347-4440-BEF8-23ACAB159588:,Paris,Tarbes TGV,14,Desserte Normale
France,FR:Line::2881AC3D-A347-4440-BEF8-23ACAB159588:,Paris,Tarbes TGV,2,Sous-desservi
France,FR:Line::2881AC3D-A347-4440-BEF8-23ACAB159588:,Paris,Tarbes TGV,5,Sous-desservi
France,FR:Line::2881AC3D-A347-4440-BEF8-23ACAB159588:,Paris,Tarbes TGV,3,Sous-desservi
France,FR:Line::2881AC3D-A347-4440-BEF8-23ACAB159588:,Paris,Tarbes TGV,13,Desserte Normale
France,FR:Line::2881AC3D-A347-4440-BEF8-23ACAB159588:,Paris,Tarbes TGV,1,Sous-desservi
France,FR:Line::2881AC3D-A347-4440-BEF8-23ACAB159588:,Paris,Tarbes TGV,2,Sous-desservi
France,FR:Line::2881AC3D-A347-4440-BEF8-23ACAB159588:,Paris,Tarbes TGV,14,Desserte Normale
France,FR:Line::2881AC3D-A347-4440-BEF8-23ACAB159588:,Paris,Tarbes TGV,2,Sous-desservi
France,FR:Line::2881AC3D-A347-4440-BEF8-23ACAB159588:,Paris,Tarbes TGV,11,Desserte Normale
France,FR:Line::2881AC3D-A347-4440-BEF8-23ACAB159588:,Paris,Tarbes TGV,16,Desserte Normale
France,FR:Line::2881AC3D-A347-4440-BEF8-23ACAB159588:,Paris,Tarbes TGV,37,Desserte Normale
France,FR:Line::2881AC3D-A347-4440-BEF8-23ACAB159588:,Paris,Tarbes TGV,12,Desserte Normale
France,FR:Line::2881AC3D-A347-4440-BEF8-23ACAB159588:,Paris,Tarbes TGV,3,Sous-desservi
France,FR:Line::2881AC3D-A347-4440-BEF8-23ACAB159588:,Paris,Tarbes TGV,2,Sous-desservi
France,FR:Line::2881AC3D-A347-4440-BEF8-23ACAB159588:,Paris,Tarbes TGV,8,Desserte Normale
France,FR:Line::2881AC3D-A347-4440-BEF8-23ACAB159588:,Paris,Tarbes TGV,10,Desserte Normale
France,FR:Line::28E1AA1C-4C14-4852-9BDD-2179DB579F35:,St Dizier,Chaumont,9,Desserte Normale
France,FR:Line::28E1AA1C-4C14-4852-9BDD-2179DB579F35:,St Dizier,Chaumont,18,Desserte Normale
France,FR:Line::2916761F-A5C7-4C33-9B9D-44ADFACFDECC:,Arras,Dunkerque,1,Sous-desservi
France,FR:Line::2916761F-A5C7-4C33-9B9D-44ADFACFDECC:,Arras,Dunkerque,2,Sous-desservi
France,FR:Line::2916761F-A5C7-4C33-9B9D-44ADFACFDECC:,Arras,Dunkerque,2,Sous-desservi
France,FR:Line::2916761F-A5C7-4C33-9B9D-44ADFACFDECC:,Arras,Dunkerque,19,Desserte Normale
France,FR:Line::2916761F-A5C7-4C33-9B9D-44ADFACFDECC:,Arras,Dunkerque,21,Desserte Normale
France,FR:Line::296E1EA3-237C-44D1-BFEE-3AE29C18948C:,Villefranche Vernet Les Bains,Perpignan,9,Desserte Normale
France,FR:Line::296E1EA3-237C-44D1-BFEE-3AE29C18948C:,Villefranche Vernet Les Bains,Perpignan,20,Desserte Normale
France,FR:Line::296E1EA3-237C-44D1-BFEE-3AE29C18948C:,Villefranche Vernet Les Bains,Perpignan,47,Desserte Normale
France,FR:Line::296E1EA3-237C-44D1-BFEE-3AE29C18948C:,Villefranche Vernet Les Bains,Perpignan,14,Desserte Normale
France,FR:Line::296E1EA3-237C-44D1-BFEE-3AE29C18948C:,Villefranche Vernet Les Bains,Perpignan,16,Desserte Normale
France,FR:Line::297ec911-6fdb-4544-9c77-12ea9183d1b1:,STRASBOURG,BÂLE,1,Sous-desservi
France,FR:Line::297ec911-6fdb-4544-9c77-12ea9183d1b1:,STRASBOURG,BÂLE,2,Sous-desservi
France,FR:Line::297ec911-6fdb-4544-9c77-12ea9183d1b1:,STRASBOURG,BÂLE,2,Sous-desservi
France,FR:Line::297ec911-6fdb-4544-9c77-12ea9183d1b1:,STRASBOURG,BÂLE,41,Desserte Normale
France,FR:Line::297ec911-6fdb-4544-9c77-12ea9183d1b1:,STRASBOURG,BÂLE,2,Sous-desservi
France,FR:Line::297ec911-6fdb-4544-9c77-12ea9183d1b1:,STRASBOURG,BÂLE,26,Desserte Normale
France,FR:Line::297ec911-6fdb-4544-9c77-12ea9183d1b1:,STRASBOURG,BÂLE,72,Bien desservi
France,FR:Line::2993074B-2B66-490B-B4C2-5593D87237FB:,Lyon Part Dieu,Chambery,2,Sous-desservi
France,FR:Line::2993074B-2B66-490B-B4C2-5593D87237FB:,Lyon Part Dieu,Chambery,2,Sous-desservi
France,FR:Line::2993074B-2B66-490B-B4C2-5593D87237FB:,Lyon Part Dieu,Chambery,10,Desserte Normale
France,FR:Line::2993074B-2B66-490B-B4C2-5593D87237FB:,Lyon Part Dieu,Chambery,2,Sous-desservi
France,FR:Line::2993074B-2B66-490B-B4C2-5593D87237FB:,Lyon Part Dieu,Chambery,1,Sous-desservi
France,FR:Line::2993074B-2B66-490B-B4C2-5593D87237FB:,Lyon Part Dieu,Chambery,1,Sous-desservi
France,FR:Line::2993074B-2B66-490B-B4C2-5593D87237FB:,Lyon Part Dieu,Chambery,1,Sous-desservi
France,FR:Line::2993074B-2B66-490B-B4C2-5593D87237FB:,Lyon Part Dieu,Chambery,2,Sous-desservi
France,FR:Line::2993074B-2B66-490B-B4C2-5593D87237FB:,Lyon Part Dieu,Chambery,1,Sous-desservi
France,FR:Line::2993074B-2B66-490B-B4C2-5593D87237FB:,Lyon Part Dieu,Chambery,5,Sous-desservi
France,FR:Line::2993074B-2B66-490B-B4C2-5593D87237FB:,Lyon Part Dieu,Chambery,39,Desserte Normale
France,FR:Line::29d0576e-eb5c-4cf1-b8fe-149eeaa6a347:,Lyon Perrache,Valence,9,Desserte Normale
France,FR:Line::29d0576e-eb5c-4cf1-b8fe-149eeaa6a347:,Lyon Perrache,Valence,1,Sous-desservi
France,FR:Line::29d0576e-eb5c-4cf1-b8fe-149eeaa6a347:,Lyon Perrache,Valence,1,Sous-desservi
France,FR:Line::29d0576e-eb5c-4cf1-b8fe-149eeaa6a347:,Lyon Perrache,Valence,14,Desserte Normale
France,FR:Line::2AA7BAB5-03F9-465F-A91C-947819FBBB7D:,Lyon,LR,2,Sous-desservi
France,FR:Line::2AA7BAB5-03F9-465F-A91C-947819FBBB7D:,Lyon,LR,3,Sous-desservi
France,FR:Line::2AA7BAB5-03F9-465F-A91C-947819FBBB7D:,Lyon,LR,1,Sous-desservi
France,FR:Line::2AA7BAB5-03F9-465F-A91C-947819FBBB7D:,Lyon,LR,2,Sous-desservi
France,FR:Line::2AA7BAB5-03F9-465F-A91C-947819FBBB7D:,Lyon,LR,1,Sous-desservi
France,FR:Line::2AA7BAB5-03F9-465F-A91C-947819FBBB7D:,Lyon,LR,6,Sous-desservi
France,FR:Line::2AA7BAB5-03F9-465F-A91C-947819FBBB7D:,Lyon,LR,11,Desserte Normale
France,FR:Line::2AA7BAB5-03F9-465F-A91C-947819FBBB7D:,Lyon,LR,7,Desserte Normale
France,FR:Line::2AA7BAB5-03F9-465F-A91C-947819FBBB7D:,Lyon,LR,1,Sous-desservi
France,FR:Line::2AA7BAB5-03F9-465F-A91C-947819FBBB7D:,Lyon,LR,9,Desserte Normale
France,FR:Line::2AA7BAB5-03F9-465F-A91C-947819FBBB7D:,Lyon,LR,8,Desserte Normale
France,FR:Line::2B0506BC-0CB9-4FFC-B90C-E202497AE4F0:,Montrejeau Gourdan Polignan,Luchon,12,Desserte Normale
France,FR:Line::2B19926F-67DD-442C-A4B7-5CD22C81B10C:,Troyes,Romilly,7,Desserte Normale
France,FR:Line::2B19926F-67DD-442C-A4B7-5CD22C81B10C:,Troyes,Romilly,16,Desserte Normale
France,FR:Line::2B812B1E-D18B-4CC1-9659-39B3683EEEDD:,Dole- Frasne,Pontarlier,5,Sous-desservi
France,FR:Line::2B812B1E-D18B-4CC1-9659-39B3683EEEDD:,Dole- Frasne,Pontarlier,2,Sous-desservi
France,FR:Line::2B812B1E-D18B-4CC1-9659-39B3683EEEDD:,Dole- Frasne,Pontarlier,2,Sous-desservi
France,FR:Line::2B812B1E-D18B-4CC1-9659-39B3683EEEDD:,Dole- Frasne,Pontarlier,2,Sous-desservi
France,FR:Line::2B812B1E-D18B-4CC1-9659-39B3683EEEDD:,Dole- Frasne,Pontarlier,8,Desserte Normale
France,FR:Line::2C079CBF-7595-43CE-832C-579C8E86D6E5:,Strasbourg,Nancy,53,Desserte Normale
France,FR:Line::2C079CBF-7595-43CE-832C-579C8E86D6E5:,Strasbourg,Nancy,2,Sous-desservi
France,FR:Line::2C079CBF-7595-43CE-832C-579C8E86D6E5:,Strasbourg,Nancy,1,Sous-desservi
France,FR:Line::2C079CBF-7595-43CE-832C-579C8E86D6E5:,Strasbourg,Nancy,11,Desserte Normale
France,FR:Line::2C079CBF-7595-43CE-832C-579C8E86D6E5:,Strasbourg,Nancy,8,Desserte Normale
France,FR:Line::2C079CBF-7595-43CE-832C-579C8E86D6E5:,Strasbourg,Nancy,3,Sous-desservi
France,FR:Line::2C079CBF-7595-43CE-832C-579C8E86D6E5:,Strasbourg,Nancy,18,Desserte Normale
France,FR:Line::2C079CBF-7595-43CE-832C-579C8E86D6E5:,Strasbourg,Nancy,51,Desserte Normale
France,FR:Line::2C079CBF-7595-43CE-832C-579C8E86D6E5:,Strasbourg,Nancy,24,Desserte Normale
France,FR:Line::2C079CBF-7595-43CE-832C-579C8E86D6E5:,Strasbourg,Nancy,25,Desserte Normale
France,FR:Line::2C32F2C3-282A-4DCA-80AF-1B2FEAA61B11:,Paris,Les Sables d'Olonnes TGV,3,Sous-desservi
France,FR:Line::2C32F2C3-282A-4DCA-80AF-1B2FEAA61B11:,Paris,Les Sables d'Olonnes TGV,5,Sous-desservi
France,FR:Line::2C32F2C3-282A-4DCA-80AF-1B2FEAA61B11:,Paris,Les Sables d'Olonnes TGV,1,Sous-desservi
France,FR:Line::2C32F2C3-282A-4DCA-80AF-1B2FEAA61B11:,Paris,Les Sables d'Olonnes TGV,4,Sous-desservi
France,FR:Line::2C32F2C3-282A-4DCA-80AF-1B2FEAA61B11:,Paris,Les Sables d'Olonnes TGV,4,Sous-desservi
France,FR:Line::2C32F2C3-282A-4DCA-80AF-1B2FEAA61B11:,Paris,Les Sables d'Olonnes TGV,6,Sous-desservi
France,FR:Line::2C32F2C3-282A-4DCA-80AF-1B2FEAA61B11:,Paris,Les Sables d'Olonnes TGV,4,Sous-desservi
France,FR:Line::2C32F2C3-282A-4DCA-80AF-1B2FEAA61B11:,Paris,Les Sables d'Olonnes TGV,1,Sous-desservi
France,FR:Line::2C32F2C3-282A-4DCA-80AF-1B2FEAA61B11:,Paris,Les Sables d'Olonnes TGV,3,Sous-desservi
France,FR:Line::2C32F2C3-282A-4DCA-80AF-1B2FEAA61B11:,Paris,Les Sables d'Olonnes TGV,1,Sous-desservi
France,FR:Line::2C32F2C3-282A-4DCA-80AF-1B2FEAA61B11:,Paris,Les Sables d'Olonnes TGV,1,Sous-desservi
France,FR:Line::2C32F2C3-282A-4DCA-80AF-1B2FEAA61B11:,Paris,Les Sables d'Olonnes TGV,3,Sous-desservi
France,FR:Line::2C32F2C3-282A-4DCA-80AF-1B2FEAA61B11:,Paris,Les Sables d'Olonnes TGV,3,Sous-desservi
France,FR:Line::2C32F2C3-282A-4DCA-80AF-1B2FEAA61B11:,Paris,Les Sables d'Olonnes TGV,1,Sous-desservi
France,FR:Line::2C32F2C3-282A-4DCA-80AF-1B2FEAA61B11:,Paris,Les Sables d'Olonnes TGV,1,Sous-desservi
France,FR:Line::2C32F2C3-282A-4DCA-80AF-1B2FEAA61B11:,Paris,Les Sables d'Olonnes TGV,5,Sous-desservi
France,FR:Line::2C32F2C3-282A-4DCA-80AF-1B2FEAA61B11:,Paris,Les Sables d'Olonnes TGV,6,Sous-desservi
France,FR:Line::2DABDC92-9157-469C-951A-FBFE8351C8A5:,Saint-Quentin,Compiègne,1,Sous-desservi
France,FR:Line::2DABDC92-9157-469C-951A-FBFE8351C8A5:,Saint-Quentin,Compiègne,12,Desserte Normale
France,FR:Line::2DABDC92-9157-469C-951A-FBFE8351C8A5:,Saint-Quentin,Compiègne,1,Sous-desservi
France,FR:Line::2DABDC92-9157-469C-951A-FBFE8351C8A5:,Saint-Quentin,Compiègne,1,Sous-desservi
France,FR:Line::2DABDC92-9157-469C-951A-FBFE8351C8A5:,Saint-Quentin,Compiègne,2,Sous-desservi
France,FR:Line::2DABDC92-9157-469C-951A-FBFE8351C8A5:,Saint-Quentin,Compiègne,7,Desserte Normale
France,FR:Line::2DABDC92-9157-469C-951A-FBFE8351C8A5:,Saint-Quentin,Compiègne,2,Sous-desservi
France,FR:Line::2DABDC92-9157-469C-951A-FBFE8351C8A5:,Saint-Quentin,Compiègne,14,Desserte Normale
France,FR:Line::2DABDC92-9157-469C-951A-FBFE8351C8A5:,Saint-Quentin,Compiègne,9,Desserte Normale
France,FR:Line::2DABDC92-9157-469C-951A-FBFE8351C8A5:,Saint-Quentin,Compiègne,8,Desserte Normale
France,FR:Line::2DABDC92-9157-469C-951A-FBFE8351C8A5:,Saint-Quentin,Compiègne,17,Desserte Normale
France,FR:Line::2DF95135-3422-4DBA-9B8B-B9D470AC18EC:,Lyon Saint-Paul,Sain Bel,31,Desserte Normale
France,FR:Line::2DF95135-3422-4DBA-9B8B-B9D470AC18EC:,Lyon Saint-Paul,Sain Bel,2,Sous-desservi
France,FR:Line::2DF95135-3422-4DBA-9B8B-B9D470AC18EC:,Lyon Saint-Paul,Sain Bel,87,Bien desservi
France,FR:Line::2ED50A80-6E1F-4F0F-8782-4482CAA1A7DA:,Douai,Valenciennes,5,Sous-desservi
France,FR:Line::2ED50A80-6E1F-4F0F-8782-4482CAA1A7DA:,Douai,Valenciennes,22,Desserte Normale
France,FR:Line::2ED50A80-6E1F-4F0F-8782-4482CAA1A7DA:,Douai,Valenciennes,24,Desserte Normale
France,FR:Line::2F2D9904-8003-4160-AD06-1A68D3400380:,Paris,Strasbourg,1,Sous-desservi
France,FR:Line::2F2D9904-8003-4160-AD06-1A68D3400380:,Paris,Strasbourg,1,Sous-desservi
France,FR:Line::2F2D9904-8003-4160-AD06-1A68D3400380:,Paris,Strasbourg,1,Sous-desservi
France,FR:Line::2F2D9904-8003-4160-AD06-1A68D3400380:,Paris,Strasbourg,1,Sous-desservi
France,FR:Line::2F2D9904-8003-4160-AD06-1A68D3400380:,Paris,Strasbourg,4,Sous-desservi
France,FR:Line::2a6a381b-90fe-4ec1-8d71-4fd7f347e38f:,Paris,Latour-de-Carol,1,Sous-desservi
France,FR:Line::2a6a381b-90fe-4ec1-8d71-4fd7f347e38f:,Paris,Latour-de-Carol,1,Sous-desservi
France,FR:Line::2a6a381b-90fe-4ec1-8d71-4fd7f347e38f:,Paris,Latour-de-Carol,2,Sous-desservi
France,FR:Line::2a6a381b-90fe-4ec1-8d71-4fd7f347e38f:,Paris,Latour-de-Carol,2,Sous-desservi
France,FR:Line::2a6a381b-90fe-4ec1-8d71-4fd7f347e38f:,Paris,Latour-de-Carol,3,Sous-desservi
France,FR:Line::2a6a381b-90fe-4ec1-8d71-4fd7f347e38f:,Paris,Latour-de-Carol,1,Sous-desservi
France,FR:Line::2a6a381b-90fe-4ec1-8d71-4fd7f347e38f:,Paris,Latour-de-Carol,1,Sous-desservi
France,FR:Line::2a6a381b-90fe-4ec1-8d71-4fd7f347e38f:,Paris,Latour-de-Carol,1,Sous-desservi
France,FR:Line::2a6a381b-90fe-4ec1-8d71-4fd7f347e38f:,Paris,Latour-de-Carol,3,Sous-desservi
France,FR:Line::2acbf285-f9e6-442b-8420-463ba2439983:,Reims,Culmont-Chalindrey,1,Sous-desservi
France,FR:Line::2acbf285-f9e6-442b-8420-463ba2439983:,Reims,Culmont-Chalindrey,2,Sous-desservi
France,FR:Line::2acbf285-f9e6-442b-8420-463ba2439983:,Reims,Culmont-Chalindrey,1,Sous-desservi
France,FR:Line::2acbf285-f9e6-442b-8420-463ba2439983:,Reims,Culmont-Chalindrey,1,Sous-desservi
France,FR:Line::2acbf285-f9e6-442b-8420-463ba2439983:,Reims,Culmont-Chalindrey,1,Sous-desservi
France,FR:Line::2acbf285-f9e6-442b-8420-463ba2439983:,Reims,Culmont-Chalindrey,2,Sous-desservi
France,FR:Line::2acbf285-f9e6-442b-8420-463ba2439983:,Reims,Culmont-Chalindrey,1,Sous-desservi
France,FR:Line::2acbf285-f9e6-442b-8420-463ba2439983:,Reims,Culmont-Chalindrey,2,Sous-desservi
France,FR:Line::3093CF67-E390-48A9-89CB-70DDAAFB5057:,Beziers,St Chely D'Apcher,9,Desserte Normale
France,FR:Line::3093CF67-E390-48A9-89CB-70DDAAFB5057:,Beziers,St Chely D'Apcher,1,Sous-desservi
France,FR:Line::3093CF67-E390-48A9-89CB-70DDAAFB5057:,Beziers,St Chely D'Apcher,16,Desserte Normale
France,FR:Line::3093CF67-E390-48A9-89CB-70DDAAFB5057:,Beziers,St Chely D'Apcher,1,Sous-desservi
France,FR:Line::30F37992-42EC-43CC-8A26-59280550C603:,Paris Bercy,Corbigny,1,Sous-desservi
France,FR:Line::30F37992-42EC-43CC-8A26-59280550C603:,Paris Bercy,Corbigny,1,Sous-desservi
France,FR:Line::30F37992-42EC-43CC-8A26-59280550C603:,Paris Bercy,Corbigny,1,Sous-desservi
France,FR:Line::30F37992-42EC-43CC-8A26-59280550C603:,Paris Bercy,Corbigny,4,Sous-desservi
France,FR:Line::30F37992-42EC-43CC-8A26-59280550C603:,Paris Bercy,Corbigny,4,Sous-desservi
France,FR:Line::30F37992-42EC-43CC-8A26-59280550C603:,Paris Bercy,Corbigny,10,Desserte Normale
France,FR:Line::30F37992-42EC-43CC-8A26-59280550C603:,Paris Bercy,Corbigny,2,Sous-desservi
France,FR:Line::30F37992-42EC-43CC-8A26-59280550C603:,Paris Bercy,Corbigny,4,Sous-desservi
France,FR:Line::30F37992-42EC-43CC-8A26-59280550C603:,Paris Bercy,Corbigny,7,Desserte Normale
France,FR:Line::30F37992-42EC-43CC-8A26-59280550C603:,Paris Bercy,Corbigny,4,Sous-desservi
France,FR:Line::30F37992-42EC-43CC-8A26-59280550C603:,Paris Bercy,Corbigny,6,Sous-desservi
France,FR:Line::30F37992-42EC-43CC-8A26-59280550C603:,Paris Bercy,Corbigny,11,Desserte Normale
France,FR:Line::30F37992-42EC-43CC-8A26-59280550C603:,Paris Bercy,Corbigny,7,Desserte Normale
France,FR:Line::30F37992-42EC-43CC-8A26-59280550C603:,Paris Bercy,Corbigny,17,Desserte Normale
France,FR:Line::30F37992-42EC-43CC-8A26-59280550C603:,Paris Bercy,Corbigny,3,Sous-desservi
France,FR:Line::30F37992-42EC-43CC-8A26-59280550C603:,Paris Bercy,Corbigny,3,Sous-desservi
France,FR:Line::30F37992-42EC-43CC-8A26-59280550C603:,Paris Bercy,Corbigny,3,Sous-desservi
France,FR:Line::30F37992-42EC-43CC-8A26-59280550C603:,Paris Bercy,Corbigny,3,Sous-desservi
France,FR:Line::30F37992-42EC-43CC-8A26-59280550C603:,Paris Bercy,Corbigny,3,Sous-desservi
France,FR:Line::30F37992-42EC-43CC-8A26-59280550C603:,Paris Bercy,Corbigny,12,Desserte Normale
France,FR:Line::30F37992-42EC-43CC-8A26-59280550C603:,Paris Bercy,Corbigny,3,Sous-desservi
France,FR:Line::30F37992-42EC-43CC-8A26-59280550C603:,Paris Bercy,Corbigny,5,Sous-desservi
France,FR:Line::30F37992-42EC-43CC-8A26-59280550C603:,Paris Bercy,Corbigny,15,Desserte Normale
France,FR:Line::30F37992-42EC-43CC-8A26-59280550C603:,Paris Bercy,Corbigny,13,Desserte Normale
France,FR:Line::3175F4A9-2947-4E88-95A8-B0A98B88A418:,Lille Flandres,Lens,8,Desserte Normale
France,FR:Line::3175F4A9-2947-4E88-95A8-B0A98B88A418:,Lille Flandres,Lens,22,Desserte Normale
France,FR:Line::31BA3470-2141-4D9A-8D86-B692204EE547:,Colmar,Mulhouse,2,Sous-desservi
France,FR:Line::31BA3470-2141-4D9A-8D86-B692204EE547:,Colmar,Mulhouse,2,Sous-desservi
France,FR:Line::31BA3470-2141-4D9A-8D86-B692204EE547:,Colmar,Mulhouse,3,Sous-desservi
France,FR:Line::31BA3470-2141-4D9A-8D86-B692204EE547:,Colmar,Mulhouse,36,Desserte Normale
France,FR:Line::323800B4-9274-423F-B8E2-9DFD1BC27DBC:,Ambérieu,Chambery,3,Sous-desservi
France,FR:Line::323800B4-9274-423F-B8E2-9DFD1BC27DBC:,Ambérieu,Chambery,12,Desserte Normale
France,FR:Line::3334AEE5-6669-4426-A9E8-1F7704E8F5BD:,Caen,Cherbourg,12,Desserte Normale
France,FR:Line::338660B1-35FD-4306-969D-C99969913369:,Paris,Toulouse SEA,11,Desserte Normale
France,FR:Line::338660B1-35FD-4306-969D-C99969913369:,Paris,Toulouse SEA,1,Sous-desservi
France,FR:Line::338660B1-35FD-4306-969D-C99969913369:,Paris,Toulouse SEA,4,Sous-desservi
France,FR:Line::338660B1-35FD-4306-969D-C99969913369:,Paris,Toulouse SEA,3,Sous-desservi
France,FR:Line::338660B1-35FD-4306-969D-C99969913369:,Paris,Toulouse SEA,1,Sous-desservi
France,FR:Line::338660B1-35FD-4306-969D-C99969913369:,Paris,Toulouse SEA,2,Sous-desservi
France,FR:Line::338660B1-35FD-4306-969D-C99969913369:,Paris,Toulouse SEA,2,Sous-desservi
France,FR:Line::338660B1-35FD-4306-969D-C99969913369:,Paris,Toulouse SEA,1,Sous-desservi
France,FR:Line::338660B1-35FD-4306-969D-C99969913369:,Paris,Toulouse SEA,1,Sous-desservi
France,FR:Line::338660B1-35FD-4306-969D-C99969913369:,Paris,Toulouse SEA,1,Sous-desservi
France,FR:Line::338660B1-35FD-4306-969D-C99969913369:,Paris,Toulouse SEA,3,Sous-desservi
France,FR:Line::338660B1-35FD-4306-969D-C99969913369:,Paris,Toulouse SEA,12,Desserte Normale
France,FR:Line::338660B1-35FD-4306-969D-C99969913369:,Paris,Toulouse SEA,4,Sous-desservi
France,FR:Line::338660B1-35FD-4306-969D-C99969913369:,Paris,Toulouse SEA,1,Sous-desservi
France,FR:Line::338660B1-35FD-4306-969D-C99969913369:,Paris,Toulouse SEA,3,Sous-desservi
France,FR:Line::338660B1-35FD-4306-969D-C99969913369:,Paris,Toulouse SEA,4,Sous-desservi
France,FR:Line::339A8023-13E5-4F80-8ED9-732C66565508:,Rémilly,Morhange,5,Sous-desservi
France,FR:Line::3418b67d-a81f-4dde-b3b0-60cc96ed86f4:,Bordeaux,Marseille,7,Desserte Normale
France,FR:Line::3418b67d-a81f-4dde-b3b0-60cc96ed86f4:,Bordeaux,Marseille,8,Desserte Normale
France,FR:Line::3418b67d-a81f-4dde-b3b0-60cc96ed86f4:,Bordeaux,Marseille,3,Sous-desservi
France,FR:Line::3418b67d-a81f-4dde-b3b0-60cc96ed86f4:,Bordeaux,Marseille,15,Desserte Normale
France,FR:Line::3418b67d-a81f-4dde-b3b0-60cc96ed86f4:,Bordeaux,Marseille,1,Sous-desservi
France,FR:Line::3418b67d-a81f-4dde-b3b0-60cc96ed86f4:,Bordeaux,Marseille,15,Desserte Normale
France,FR:Line::3418b67d-a81f-4dde-b3b0-60cc96ed86f4:,Bordeaux,Marseille,18,Desserte Normale
France,FR:Line::3418b67d-a81f-4dde-b3b0-60cc96ed86f4:,Bordeaux,Marseille,2,Sous-desservi
France,FR:Line::3418b67d-a81f-4dde-b3b0-60cc96ed86f4:,Bordeaux,Marseille,11,Desserte Normale
France,FR:Line::3418b67d-a81f-4dde-b3b0-60cc96ed86f4:,Bordeaux,Marseille,10,Desserte Normale
France,FR:Line::3418b67d-a81f-4dde-b3b0-60cc96ed86f4:,Bordeaux,Marseille,3,Sous-desservi
France,FR:Line::3418b67d-a81f-4dde-b3b0-60cc96ed86f4:,Bordeaux,Marseille,1,Sous-desservi
France,FR:Line::3418b67d-a81f-4dde-b3b0-60cc96ed86f4:,Bordeaux,Marseille,26,Desserte Normale
France,FR:Line::3418b67d-a81f-4dde-b3b0-60cc96ed86f4:,Bordeaux,Marseille,26,Desserte Normale
France,FR:Line::3418b67d-a81f-4dde-b3b0-60cc96ed86f4:,Bordeaux,Marseille,7,Desserte Normale
France,FR:Line::3418b67d-a81f-4dde-b3b0-60cc96ed86f4:,Bordeaux,Marseille,22,Desserte Normale
France,FR:Line::3418b67d-a81f-4dde-b3b0-60cc96ed86f4:,Bordeaux,Marseille,13,Desserte Normale
France,FR:Line::3418b67d-a81f-4dde-b3b0-60cc96ed86f4:,Bordeaux,Marseille,24,Desserte Normale
France,FR:Line::3418b67d-a81f-4dde-b3b0-60cc96ed86f4:,Bordeaux,Marseille,7,Desserte Normale
France,FR:Line::3418b67d-a81f-4dde-b3b0-60cc96ed86f4:,Bordeaux,Marseille,33,Desserte Normale
France,FR:Line::34629FAB-F594-4CB1-ACC4-BB0ACA01CA14:,Paris,Vendôme,2,Sous-desservi
France,FR:Line::34629FAB-F594-4CB1-ACC4-BB0ACA01CA14:,Paris,Vendôme,1,Sous-desservi
France,FR:Line::34629FAB-F594-4CB1-ACC4-BB0ACA01CA14:,Paris,Vendôme,2,Sous-desservi
France,FR:Line::34629FAB-F594-4CB1-ACC4-BB0ACA01CA14:,Paris,Vendôme,1,Sous-desservi
France,FR:Line::34629FAB-F594-4CB1-ACC4-BB0ACA01CA14:,Paris,Vendôme,1,Sous-desservi
France,FR:Line::34629FAB-F594-4CB1-ACC4-BB0ACA01CA14:,Paris,Vendôme,7,Desserte Normale
France,FR:Line::34629FAB-F594-4CB1-ACC4-BB0ACA01CA14:,Paris,Vendôme,28,Desserte Normale
France,FR:Line::3495698f-c958-481d-9982-28adf0aae091:,Paris,Dieppe,1,Sous-desservi
France,FR:Line::3495698f-c958-481d-9982-28adf0aae091:,Paris,Dieppe,1,Sous-desservi
France,FR:Line::3495698f-c958-481d-9982-28adf0aae091:,Paris,Dieppe,1,Sous-desservi
France,FR:Line::3495698f-c958-481d-9982-28adf0aae091:,Paris,Dieppe,1,Sous-desservi
France,FR:Line::3495698f-c958-481d-9982-28adf0aae091:,Paris,Dieppe,2,Sous-desservi
France,FR:Line::34e52075-409d-4252-bc93-05362cda4480:,Genève,PACA,1,Sous-desservi
France,FR:Line::34e52075-409d-4252-bc93-05362cda4480:,Genève,PACA,5,Sous-desservi
France,FR:Line::34e52075-409d-4252-bc93-05362cda4480:,Genève,PACA,3,Sous-desservi
France,FR:Line::34e52075-409d-4252-bc93-05362cda4480:,Genève,PACA,2,Sous-desservi
France,FR:Line::34e52075-409d-4252-bc93-05362cda4480:,Genève,PACA,3,Sous-desservi
France,FR:Line::3544567F-7F17-4253-85BB-D1E6A7B27A9A:,Pays de la Loire,Sud Est TGV,3,Sous-desservi
France,FR:Line::3544567F-7F17-4253-85BB-D1E6A7B27A9A:,Pays de la Loire,Sud Est TGV,3,Sous-desservi
France,FR:Line::3544567F-7F17-4253-85BB-D1E6A7B27A9A:,Pays de la Loire,Sud Est TGV,6,Sous-desservi
France,FR:Line::3544567F-7F17-4253-85BB-D1E6A7B27A9A:,Pays de la Loire,Sud Est TGV,10,Desserte Normale
France,FR:Line::3544567F-7F17-4253-85BB-D1E6A7B27A9A:,Pays de la Loire,Sud Est TGV,1,Sous-desservi
France,FR:Line::3544567F-7F17-4253-85BB-D1E6A7B27A9A:,Pays de la Loire,Sud Est TGV,4,Sous-desservi
France,FR:Line::3544567F-7F17-4253-85BB-D1E6A7B27A9A:,Pays de la Loire,Sud Est TGV,1,Sous-desservi
France,FR:Line::3544567F-7F17-4253-85BB-D1E6A7B27A9A:,Pays de la Loire,Sud Est TGV,2,Sous-desservi
France,FR:Line::3544567F-7F17-4253-85BB-D1E6A7B27A9A:,Pays de la Loire,Sud Est TGV,5,Sous-desservi
France,FR:Line::3544567F-7F17-4253-85BB-D1E6A7B27A9A:,Pays de la Loire,Sud Est TGV,3,Sous-desservi
France,FR:Line::3544567F-7F17-4253-85BB-D1E6A7B27A9A:,Pays de la Loire,Sud Est TGV,6,Sous-desservi
France,FR:Line::3544567F-7F17-4253-85BB-D1E6A7B27A9A:,Pays de la Loire,Sud Est TGV,3,Sous-desservi
France,FR:Line::3544567F-7F17-4253-85BB-D1E6A7B27A9A:,Pays de la Loire,Sud Est TGV,9,Desserte Normale
France,FR:Line::3544567F-7F17-4253-85BB-D1E6A7B27A9A:,Pays de la Loire,Sud Est TGV,5,Sous-desservi
France,FR:Line::3544567F-7F17-4253-85BB-D1E6A7B27A9A:,Pays de la Loire,Sud Est TGV,3,Sous-desservi
France,FR:Line::3544567F-7F17-4253-85BB-D1E6A7B27A9A:,Pays de la Loire,Sud Est TGV,7,Desserte Normale
France,FR:Line::3544567F-7F17-4253-85BB-D1E6A7B27A9A:,Pays de la Loire,Sud Est TGV,7,Desserte Normale
France,FR:Line::3544567F-7F17-4253-85BB-D1E6A7B27A9A:,Pays de la Loire,Sud Est TGV,5,Sous-desservi
France,FR:Line::3544567F-7F17-4253-85BB-D1E6A7B27A9A:,Pays de la Loire,Sud Est TGV,10,Desserte Normale
France,FR:Line::3544567F-7F17-4253-85BB-D1E6A7B27A9A:,Pays de la Loire,Sud Est TGV,8,Desserte Normale
France,FR:Line::359f7c82-fdec-4791-ae91-926c5827e59e:,Nantes,Clisson,1,Sous-desservi
France,FR:Line::359f7c82-fdec-4791-ae91-926c5827e59e:,Nantes,Clisson,18,Desserte Normale
France,FR:Line::359f7c82-fdec-4791-ae91-926c5827e59e:,Nantes,Clisson,63,Bien desservi
France,FR:Line::3730A943-C62B-4673-845F-64A7E3DAF78B:,Toulouse Matabiau,Carmaux,1,Sous-desservi
France,FR:Line::3730A943-C62B-4673-845F-64A7E3DAF78B:,Toulouse Matabiau,Carmaux,8,Desserte Normale
France,FR:Line::3730A943-C62B-4673-845F-64A7E3DAF78B:,Toulouse Matabiau,Carmaux,1,Sous-desservi
France,FR:Line::3730A943-C62B-4673-845F-64A7E3DAF78B:,Toulouse Matabiau,Carmaux,6,Sous-desservi
France,FR:Line::3730A943-C62B-4673-845F-64A7E3DAF78B:,Toulouse Matabiau,Carmaux,22,Desserte Normale
France,FR:Line::373982A1-604D-40DF-A225-784E8B249CD7:,Verdun,Châlons en Champagne,9,Desserte Normale
France,FR:Line::373982A1-604D-40DF-A225-784E8B249CD7:,Verdun,Châlons en Champagne,10,Desserte Normale
France,FR:Line::37ac13d7-de6b-4d05-837f-891191140e19:,Paris,Lausanne,1,Sous-desservi
France,FR:Line::37ac13d7-de6b-4d05-837f-891191140e19:,Paris,Lausanne,1,Sous-desservi
France,FR:Line::37ac13d7-de6b-4d05-837f-891191140e19:,Paris,Lausanne,1,Sous-desservi
France,FR:Line::37ac13d7-de6b-4d05-837f-891191140e19:,Paris,Lausanne,3,Sous-desservi
France,FR:Line::37ac13d7-de6b-4d05-837f-891191140e19:,Paris,Lausanne,4,Sous-desservi
France,FR:Line::37ac13d7-de6b-4d05-837f-891191140e19:,Paris,Lausanne,1,Sous-desservi
France,FR:Line::37ac13d7-de6b-4d05-837f-891191140e19:,Paris,Lausanne,1,Sous-desservi
France,FR:Line::37ac13d7-de6b-4d05-837f-891191140e19:,Paris,Lausanne,4,Sous-desservi
France,FR:Line::37ac13d7-de6b-4d05-837f-891191140e19:,Paris,Lausanne,2,Sous-desservi
France,FR:Line::37ac13d7-de6b-4d05-837f-891191140e19:,Paris,Lausanne,7,Desserte Normale
France,FR:Line::3849d1e2-7f65-45ab-8a4e-d53d608086c1:,STRASBOURG,NIEDERBRONN LES BAINS,19,Desserte Normale
France,FR:Line::3849d1e2-7f65-45ab-8a4e-d53d608086c1:,STRASBOURG,NIEDERBRONN LES BAINS,21,Desserte Normale
France,FR:Line::3849d1e2-7f65-45ab-8a4e-d53d608086c1:,STRASBOURG,NIEDERBRONN LES BAINS,27,Desserte Normale
France,FR:Line::3850fd4a-f112-46df-bfc2-c46d90ef2252:,METZ,LONGWY,12,Desserte Normale
France,FR:Line::3850fd4a-f112-46df-bfc2-c46d90ef2252:,METZ,LONGWY,20,Desserte Normale
France,FR:Line::38B9D3C2-5951-4F05-87BA-2011072E93FD:,Salbris,Luçay le Mâle,9,Desserte Normale
France,FR:Line::38B9D3C2-5951-4F05-87BA-2011072E93FD:,Salbris,Luçay le Mâle,9,Desserte Normale
France,FR:Line::38B9D3C2-5951-4F05-87BA-2011072E93FD:,Salbris,Luçay le Mâle,1,Sous-desservi
France,FR:Line::38B9D3C2-5951-4F05-87BA-2011072E93FD:,Salbris,Luçay le Mâle,52,Desserte Normale
France,FR:Line::38B9D3C2-5951-4F05-87BA-2011072E93FD:,Salbris,Luçay le Mâle,1,Sous-desservi
France,FR:Line::38B9D3C2-5951-4F05-87BA-2011072E93FD:,Salbris,Luçay le Mâle,6,Sous-desservi
France,FR:Line::38B9D3C2-5951-4F05-87BA-2011072E93FD:,Salbris,Luçay le Mâle,8,Desserte Normale
France,FR:Line::394b935d-c30e-480b-8061-f8c0dcdbe18b:,Nimes,Vauvert,2,Sous-desservi
France,FR:Line::3A18A763-7C98-4D99-807C-E3CDEB36D183:,Saverne,Haguenau,8,Desserte Normale
France,FR:Line::3A18A763-7C98-4D99-807C-E3CDEB36D183:,Saverne,Haguenau,10,Desserte Normale
France,FR:Line::3A18A763-7C98-4D99-807C-E3CDEB36D183:,Saverne,Haguenau,34,Desserte Normale
France,FR:Line::3A8EBF2F-6FA9-424B-A5C1-79893B3A3675:,Romans,Die,3,Sous-desservi
France,FR:Line::3B1985FF-F66B-439A-B761-212BB96A931F:,Nimes,Genolhac,1,Sous-desservi
France,FR:Line::3B1985FF-F66B-439A-B761-212BB96A931F:,Nimes,Genolhac,2,Sous-desservi
France,FR:Line::3B1985FF-F66B-439A-B761-212BB96A931F:,Nimes,Genolhac,2,Sous-desservi
France,FR:Line::3B1985FF-F66B-439A-B761-212BB96A931F:,Nimes,Genolhac,6,Sous-desservi
France,FR:Line::3B1985FF-F66B-439A-B761-212BB96A931F:,Nimes,Genolhac,65,Bien desservi
France,FR:Line::3B1985FF-F66B-439A-B761-212BB96A931F:,Nimes,Genolhac,1,Sous-desservi
France,FR:Line::3B1985FF-F66B-439A-B761-212BB96A931F:,Nimes,Genolhac,6,Sous-desservi
France,FR:Line::3B1985FF-F66B-439A-B761-212BB96A931F:,Nimes,Genolhac,18,Desserte Normale
France,FR:Line::3B1985FF-F66B-439A-B761-212BB96A931F:,Nimes,Genolhac,53,Desserte Normale
France,FR:Line::3BFEB21D-85AF-409B-9346-ED10CA3D8ED0:,Nantes,Pornic,1,Sous-desservi
France,FR:Line::3BFEB21D-85AF-409B-9346-ED10CA3D8ED0:,Nantes,Pornic,9,Desserte Normale
France,FR:Line::3BFEB21D-85AF-409B-9346-ED10CA3D8ED0:,Nantes,Pornic,2,Sous-desservi
France,FR:Line::3BFEB21D-85AF-409B-9346-ED10CA3D8ED0:,Nantes,Pornic,1,Sous-desservi
France,FR:Line::3BFEB21D-85AF-409B-9346-ED10CA3D8ED0:,Nantes,Pornic,2,Sous-desservi
France,FR:Line::3BFEB21D-85AF-409B-9346-ED10CA3D8ED0:,Nantes,Pornic,16,Desserte Normale
France,FR:Line::3BFEB21D-85AF-409B-9346-ED10CA3D8ED0:,Nantes,Pornic,14,Desserte Normale
France,FR:Line::3C11D08B-6F1C-416C-A388-63B4074018CB:,Paris,Côte d'Azur TGV,5,Sous-desservi
France,FR:Line::3C11D08B-6F1C-416C-A388-63B4074018CB:,Paris,Côte d'Azur TGV,1,Sous-desservi
France,FR:Line::3C11D08B-6F1C-416C-A388-63B4074018CB:,Paris,Côte d'Azur TGV,6,Sous-desservi
France,FR:Line::3C11D08B-6F1C-416C-A388-63B4074018CB:,Paris,Côte d'Azur TGV,5,Sous-desservi
France,FR:Line::3C11D08B-6F1C-416C-A388-63B4074018CB:,Paris,Côte d'Azur TGV,7,Desserte Normale
France,FR:Line::3C11D08B-6F1C-416C-A388-63B4074018CB:,Paris,Côte d'Azur TGV,7,Desserte Normale
France,FR:Line::3C11D08B-6F1C-416C-A388-63B4074018CB:,Paris,Côte d'Azur TGV,14,Desserte Normale
France,FR:Line::3C11D08B-6F1C-416C-A388-63B4074018CB:,Paris,Côte d'Azur TGV,1,Sous-desservi
France,FR:Line::3C11D08B-6F1C-416C-A388-63B4074018CB:,Paris,Côte d'Azur TGV,1,Sous-desservi
France,FR:Line::3C11D08B-6F1C-416C-A388-63B4074018CB:,Paris,Côte d'Azur TGV,7,Desserte Normale
France,FR:Line::3C11D08B-6F1C-416C-A388-63B4074018CB:,Paris,Côte d'Azur TGV,15,Desserte Normale
France,FR:Line::3C11D08B-6F1C-416C-A388-63B4074018CB:,Paris,Côte d'Azur TGV,3,Sous-desservi
France,FR:Line::3C11D08B-6F1C-416C-A388-63B4074018CB:,Paris,Côte d'Azur TGV,6,Sous-desservi
France,FR:Line::3C11D08B-6F1C-416C-A388-63B4074018CB:,Paris,Côte d'Azur TGV,2,Sous-desservi
France,FR:Line::3C11D08B-6F1C-416C-A388-63B4074018CB:,Paris,Côte d'Azur TGV,2,Sous-desservi
France,FR:Line::3C11D08B-6F1C-416C-A388-63B4074018CB:,Paris,Côte d'Azur TGV,1,Sous-desservi
France,FR:Line::3C11D08B-6F1C-416C-A388-63B4074018CB:,Paris,Côte d'Azur TGV,4,Sous-desservi
France,FR:Line::3C11D08B-6F1C-416C-A388-63B4074018CB:,Paris,Côte d'Azur TGV,15,Desserte Normale
France,FR:Line::3C11D08B-6F1C-416C-A388-63B4074018CB:,Paris,Côte d'Azur TGV,16,Desserte Normale
France,FR:Line::3CA3AA2F-D938-47FC-854D-29CAF6919A16:,Lyon Part Dieu,Bourg St-Maurice FT,14,Desserte Normale
France,FR:Line::3CA3AA2F-D938-47FC-854D-29CAF6919A16:,Lyon Part Dieu,Bourg St-Maurice FT,2,Sous-desservi
France,FR:Line::3CA3AA2F-D938-47FC-854D-29CAF6919A16:,Lyon Part Dieu,Bourg St-Maurice FT,5,Sous-desservi
France,FR:Line::3CA3AA2F-D938-47FC-854D-29CAF6919A16:,Lyon Part Dieu,Bourg St-Maurice FT,9,Desserte Normale
France,FR:Line::3CA3AA2F-D938-47FC-854D-29CAF6919A16:,Lyon Part Dieu,Bourg St-Maurice FT,17,Desserte Normale
France,FR:Line::3CA3AA2F-D938-47FC-854D-29CAF6919A16:,Lyon Part Dieu,Bourg St-Maurice FT,17,Desserte Normale
France,FR:Line::3CA3AA2F-D938-47FC-854D-29CAF6919A16:,Lyon Part Dieu,Bourg St-Maurice FT,14,Desserte Normale
France,FR:Line::3CA3AA2F-D938-47FC-854D-29CAF6919A16:,Lyon Part Dieu,Bourg St-Maurice FT,1,Sous-desservi
France,FR:Line::3CA3AA2F-D938-47FC-854D-29CAF6919A16:,Lyon Part Dieu,Bourg St-Maurice FT,4,Sous-desservi
France,FR:Line::3CA3AA2F-D938-47FC-854D-29CAF6919A16:,Lyon Part Dieu,Bourg St-Maurice FT,1,Sous-desservi
France,FR:Line::3CA3AA2F-D938-47FC-854D-29CAF6919A16:,Lyon Part Dieu,Bourg St-Maurice FT,16,Desserte Normale
France,FR:Line::3CA3AA2F-D938-47FC-854D-29CAF6919A16:,Lyon Part Dieu,Bourg St-Maurice FT,1,Sous-desservi
France,FR:Line::3CA3AA2F-D938-47FC-854D-29CAF6919A16:,Lyon Part Dieu,Bourg St-Maurice FT,23,Desserte Normale
France,FR:Line::3DCDF960-BA93-4443-899F-283A2A13B7FE:,ANNEMASSE,COPPET,8,Desserte Normale
France,FR:Line::3DCDF960-BA93-4443-899F-283A2A13B7FE:,ANNEMASSE,COPPET,5,Sous-desservi
France,FR:Line::3DCDF960-BA93-4443-899F-283A2A13B7FE:,ANNEMASSE,COPPET,27,Desserte Normale
France,FR:Line::3DCDF960-BA93-4443-899F-283A2A13B7FE:,ANNEMASSE,COPPET,1,Sous-desservi
France,FR:Line::3DCDF960-BA93-4443-899F-283A2A13B7FE:,ANNEMASSE,COPPET,2,Sous-desservi
France,FR:Line::3DCDF960-BA93-4443-899F-283A2A13B7FE:,ANNEMASSE,COPPET,42,Desserte Normale
France,FR:Line::3DCDF960-BA93-4443-899F-283A2A13B7FE:,ANNEMASSE,COPPET,102,Bien desservi
France,FR:Line::3EA7647F-5C9C-4833-AFB5-3B9D213283B0:,Toulouse Matabiau,Montauban Ville Bourbon,20,Desserte Normale
France,FR:Line::3b2f3002-ee5c-4d19-b926-fa531167b106:,Le Mans,Tours,1,Sous-desservi
France,FR:Line::3b2f3002-ee5c-4d19-b926-fa531167b106:,Le Mans,Tours,1,Sous-desservi
France,FR:Line::3b2f3002-ee5c-4d19-b926-fa531167b106:,Le Mans,Tours,5,Sous-desservi
France,FR:Line::3e47fcaf-035a-4f79-a33c-c3d5177289b6:,Calais-Frethun,Arras Tergv,1,Sous-desservi
France,FR:Line::3e47fcaf-035a-4f79-a33c-c3d5177289b6:,Calais-Frethun,Arras Tergv,1,Sous-desservi
France,FR:Line::3e47fcaf-035a-4f79-a33c-c3d5177289b6:,Calais-Frethun,Arras Tergv,4,Sous-desservi
France,FR:Line::3e79f4a5-c4e7-43b6-b3b9-b7e066f120e0:,Amiens,Compiègne,28,Desserte Normale
France,FR:Line::3e79f4a5-c4e7-43b6-b3b9-b7e066f120e0:,Amiens,Compiègne,26,Desserte Normale
France,FR:Line::3e9229c5-ae84-4f9e-98df-93cc2e91b55c:,Rouen,Dieppe,24,Desserte Normale
France,FR:Line::3ebed947-d25a-4cb1-ad23-a6db52a6f082:,Le Verdon,Bordeaux / Pessac,1,Sous-desservi
France,FR:Line::3ebed947-d25a-4cb1-ad23-a6db52a6f082:,Le Verdon,Bordeaux / Pessac,14,Desserte Normale
France,FR:Line::3ebed947-d25a-4cb1-ad23-a6db52a6f082:,Le Verdon,Bordeaux / Pessac,22,Desserte Normale
France,FR:Line::3ebed947-d25a-4cb1-ad23-a6db52a6f082:,Le Verdon,Bordeaux / Pessac,24,Desserte Normale
France,FR:Line::3fc62a4f-3e29-4b02-b2f6-dcf93f0f0dd5:,Poitiers,Limoges,11,Desserte Normale
France,FR:Line::3fc62a4f-3e29-4b02-b2f6-dcf93f0f0dd5:,Poitiers,Limoges,4,Sous-desservi
France,FR:Line::3fc62a4f-3e29-4b02-b2f6-dcf93f0f0dd5:,Poitiers,Limoges,19,Desserte Normale
France,FR:Line::3fc62a4f-3e29-4b02-b2f6-dcf93f0f0dd5:,Poitiers,Limoges,1,Sous-desservi
France,FR:Line::3fc62a4f-3e29-4b02-b2f6-dcf93f0f0dd5:,Poitiers,Limoges,1,Sous-desservi
France,FR:Line::3fc62a4f-3e29-4b02-b2f6-dcf93f0f0dd5:,Poitiers,Limoges,13,Desserte Normale
France,FR:Line::3fc62a4f-3e29-4b02-b2f6-dcf93f0f0dd5:,Poitiers,Limoges,24,Desserte Normale
France,FR:Line::405e834a-2838-4aba-b495-c55dd67d221a:,Clermont-Ferrand,Aurillac,1,Sous-desservi
France,FR:Line::405e834a-2838-4aba-b495-c55dd67d221a:,Clermont-Ferrand,Aurillac,1,Sous-desservi
France,FR:Line::405e834a-2838-4aba-b495-c55dd67d221a:,Clermont-Ferrand,Aurillac,1,Sous-desservi
France,FR:Line::405e834a-2838-4aba-b495-c55dd67d221a:,Clermont-Ferrand,Aurillac,1,Sous-desservi
France,FR:Line::405e834a-2838-4aba-b495-c55dd67d221a:,Clermont-Ferrand,Aurillac,2,Sous-desservi
France,FR:Line::405e834a-2838-4aba-b495-c55dd67d221a:,Clermont-Ferrand,Aurillac,8,Desserte Normale
France,FR:Line::405e834a-2838-4aba-b495-c55dd67d221a:,Clermont-Ferrand,Aurillac,24,Desserte Normale
France,FR:Line::409E20F1-3A95-426A-B174-0008A078BE1F:,Paris,Dunkerque par Bassin Minier,10,Desserte Normale
France,FR:Line::409E20F1-3A95-426A-B174-0008A078BE1F:,Paris,Dunkerque par Bassin Minier,2,Sous-desservi
France,FR:Line::409E20F1-3A95-426A-B174-0008A078BE1F:,Paris,Dunkerque par Bassin Minier,1,Sous-desservi
France,FR:Line::409E20F1-3A95-426A-B174-0008A078BE1F:,Paris,Dunkerque par Bassin Minier,2,Sous-desservi
France,FR:Line::409E20F1-3A95-426A-B174-0008A078BE1F:,Paris,Dunkerque par Bassin Minier,3,Sous-desservi
France,FR:Line::409E20F1-3A95-426A-B174-0008A078BE1F:,Paris,Dunkerque par Bassin Minier,8,Desserte Normale
France,FR:Line::409E20F1-3A95-426A-B174-0008A078BE1F:,Paris,Dunkerque par Bassin Minier,1,Sous-desservi
France,FR:Line::409E20F1-3A95-426A-B174-0008A078BE1F:,Paris,Dunkerque par Bassin Minier,1,Sous-desservi
France,FR:Line::409E20F1-3A95-426A-B174-0008A078BE1F:,Paris,Dunkerque par Bassin Minier,1,Sous-desservi
France,FR:Line::409E20F1-3A95-426A-B174-0008A078BE1F:,Paris,Dunkerque par Bassin Minier,12,Desserte Normale
France,FR:Line::409E20F1-3A95-426A-B174-0008A078BE1F:,Paris,Dunkerque par Bassin Minier,6,Sous-desservi
France,FR:Line::409E20F1-3A95-426A-B174-0008A078BE1F:,Paris,Dunkerque par Bassin Minier,2,Sous-desservi
France,FR:Line::409E20F1-3A95-426A-B174-0008A078BE1F:,Paris,Dunkerque par Bassin Minier,1,Sous-desservi
France,FR:Line::409E20F1-3A95-426A-B174-0008A078BE1F:,Paris,Dunkerque par Bassin Minier,17,Desserte Normale
France,FR:Line::409E20F1-3A95-426A-B174-0008A078BE1F:,Paris,Dunkerque par Bassin Minier,10,Desserte Normale
France,FR:Line::40f9734e-088d-42d9-9e13-c91880169554:,Bordeaux,Arcachon,2,Sous-desservi
France,FR:Line::40f9734e-088d-42d9-9e13-c91880169554:,Bordeaux,Arcachon,1,Sous-desservi
France,FR:Line::40f9734e-088d-42d9-9e13-c91880169554:,Bordeaux,Arcachon,22,Desserte Normale
France,FR:Line::40f9734e-088d-42d9-9e13-c91880169554:,Bordeaux,Arcachon,1,Sous-desservi
France,FR:Line::40f9734e-088d-42d9-9e13-c91880169554:,Bordeaux,Arcachon,1,Sous-desservi
France,FR:Line::40f9734e-088d-42d9-9e13-c91880169554:,Bordeaux,Arcachon,19,Desserte Normale
France,FR:Line::40f9734e-088d-42d9-9e13-c91880169554:,Bordeaux,Arcachon,15,Desserte Normale
France,FR:Line::40f9734e-088d-42d9-9e13-c91880169554:,Bordeaux,Arcachon,9,Desserte Normale
France,FR:Line::40f9734e-088d-42d9-9e13-c91880169554:,Bordeaux,Arcachon,15,Desserte Normale
France,FR:Line::417b778d-b82f-42c3-9a55-2dbb7a306070:,Nancy,Remiremont,2,Sous-desservi
France,FR:Line::417b778d-b82f-42c3-9a55-2dbb7a306070:,Nancy,Remiremont,2,Sous-desservi
France,FR:Line::417b778d-b82f-42c3-9a55-2dbb7a306070:,Nancy,Remiremont,10,Desserte Normale
France,FR:Line::417b778d-b82f-42c3-9a55-2dbb7a306070:,Nancy,Remiremont,25,Desserte Normale
France,FR:Line::420bbac0-5a0a-472d-b444-f99f8e925b6a:,Paris,Genève,2,Sous-desservi
France,FR:Line::420bbac0-5a0a-472d-b444-f99f8e925b6a:,Paris,Genève,2,Sous-desservi
France,FR:Line::420bbac0-5a0a-472d-b444-f99f8e925b6a:,Paris,Genève,10,Desserte Normale
France,FR:Line::420bbac0-5a0a-472d-b444-f99f8e925b6a:,Paris,Genève,2,Sous-desservi
France,FR:Line::420bbac0-5a0a-472d-b444-f99f8e925b6a:,Paris,Genève,9,Desserte Normale
France,FR:Line::420bbac0-5a0a-472d-b444-f99f8e925b6a:,Paris,Genève,1,Sous-desservi
France,FR:Line::420bbac0-5a0a-472d-b444-f99f8e925b6a:,Paris,Genève,1,Sous-desservi
France,FR:Line::420bbac0-5a0a-472d-b444-f99f8e925b6a:,Paris,Genève,1,Sous-desservi
France,FR:Line::420bbac0-5a0a-472d-b444-f99f8e925b6a:,Paris,Genève,3,Sous-desservi
France,FR:Line::420bbac0-5a0a-472d-b444-f99f8e925b6a:,Paris,Genève,11,Desserte Normale
France,FR:Line::420bbac0-5a0a-472d-b444-f99f8e925b6a:,Paris,Genève,5,Sous-desservi
France,FR:Line::420bbac0-5a0a-472d-b444-f99f8e925b6a:,Paris,Genève,4,Sous-desservi
France,FR:Line::420bbac0-5a0a-472d-b444-f99f8e925b6a:,Paris,Genève,11,Desserte Normale
France,FR:Line::420bbac0-5a0a-472d-b444-f99f8e925b6a:,Paris,Genève,1,Sous-desservi
France,FR:Line::420bbac0-5a0a-472d-b444-f99f8e925b6a:,Paris,Genève,1,Sous-desservi
France,FR:Line::420bbac0-5a0a-472d-b444-f99f8e925b6a:,Paris,Genève,1,Sous-desservi
France,FR:Line::420bbac0-5a0a-472d-b444-f99f8e925b6a:,Paris,Genève,1,Sous-desservi
France,FR:Line::420bbac0-5a0a-472d-b444-f99f8e925b6a:,Paris,Genève,17,Desserte Normale
France,FR:Line::421CAAD2-E505-425C-81AA-9E984B306F7D:,Lyon Perrache,Firminy,44,Desserte Normale
France,FR:Line::421CAAD2-E505-425C-81AA-9E984B306F7D:,Lyon Perrache,Firminy,10,Desserte Normale
France,FR:Line::421CAAD2-E505-425C-81AA-9E984B306F7D:,Lyon Perrache,Firminy,16,Desserte Normale
France,FR:Line::421CAAD2-E505-425C-81AA-9E984B306F7D:,Lyon Perrache,Firminy,1,Sous-desservi
France,FR:Line::421CAAD2-E505-425C-81AA-9E984B306F7D:,Lyon Perrache,Firminy,45,Desserte Normale
France,FR:Line::425904CF-2BA3-480E-A35A-C3BF5BAED237:,Besançon,Lcdf,2,Sous-desservi
France,FR:Line::425904CF-2BA3-480E-A35A-C3BF5BAED237:,Besançon,Lcdf,1,Sous-desservi
France,FR:Line::425904CF-2BA3-480E-A35A-C3BF5BAED237:,Besançon,Lcdf,3,Sous-desservi
France,FR:Line::425904CF-2BA3-480E-A35A-C3BF5BAED237:,Besançon,Lcdf,39,Desserte Normale
France,FR:Line::439230F8-6729-42A9-8A9A-760F906CC1A4:,Paris Nord,Beauvais,27,Desserte Normale
France,FR:Line::439230F8-6729-42A9-8A9A-760F906CC1A4:,Paris Nord,Beauvais,31,Desserte Normale
France,FR:Line::439230F8-6729-42A9-8A9A-760F906CC1A4:,Paris Nord,Beauvais,1,Sous-desservi
France,FR:Line::439230F8-6729-42A9-8A9A-760F906CC1A4:,Paris Nord,Beauvais,1,Sous-desservi
France,FR:Line::439230F8-6729-42A9-8A9A-760F906CC1A4:,Paris Nord,Beauvais,21,Desserte Normale
France,FR:Line::439230F8-6729-42A9-8A9A-760F906CC1A4:,Paris Nord,Beauvais,37,Desserte Normale
France,FR:Line::449C6C52-0504-41C6-A9AE-75CDA5007AD2:,Lille Flandres,St Quentin,1,Sous-desservi
France,FR:Line::449C6C52-0504-41C6-A9AE-75CDA5007AD2:,Lille Flandres,St Quentin,19,Desserte Normale
France,FR:Line::449C6C52-0504-41C6-A9AE-75CDA5007AD2:,Lille Flandres,St Quentin,6,Sous-desservi
France,FR:Line::449C6C52-0504-41C6-A9AE-75CDA5007AD2:,Lille Flandres,St Quentin,1,Sous-desservi
France,FR:Line::449C6C52-0504-41C6-A9AE-75CDA5007AD2:,Lille Flandres,St Quentin,1,Sous-desservi
France,FR:Line::449C6C52-0504-41C6-A9AE-75CDA5007AD2:,Lille Flandres,St Quentin,16,Desserte Normale
France,FR:Line::449C6C52-0504-41C6-A9AE-75CDA5007AD2:,Lille Flandres,St Quentin,2,Sous-desservi
France,FR:Line::449C6C52-0504-41C6-A9AE-75CDA5007AD2:,Lille Flandres,St Quentin,1,Sous-desservi
France,FR:Line::449C6C52-0504-41C6-A9AE-75CDA5007AD2:,Lille Flandres,St Quentin,17,Desserte Normale
France,FR:Line::449C6C52-0504-41C6-A9AE-75CDA5007AD2:,Lille Flandres,St Quentin,23,Desserte Normale
France,FR:Line::4524B161-77C5-4BB9-BD0C-0E84122DF66B:,Metz,Sarrebourg,1,Sous-desservi
France,FR:Line::4524B161-77C5-4BB9-BD0C-0E84122DF66B:,Metz,Sarrebourg,1,Sous-desservi
France,FR:Line::4524B161-77C5-4BB9-BD0C-0E84122DF66B:,Metz,Sarrebourg,1,Sous-desservi
France,FR:Line::4524B161-77C5-4BB9-BD0C-0E84122DF66B:,Metz,Sarrebourg,13,Desserte Normale
France,FR:Line::4524B161-77C5-4BB9-BD0C-0E84122DF66B:,Metz,Sarrebourg,20,Desserte Normale
France,FR:Line::454E4ABF-BD49-4157-8FE8-BCDD340E2504:,Valenciennes,Jeumont,3,Sous-desservi
France,FR:Line::454E4ABF-BD49-4157-8FE8-BCDD340E2504:,Valenciennes,Jeumont,6,Sous-desservi
France,FR:Line::454E4ABF-BD49-4157-8FE8-BCDD340E2504:,Valenciennes,Jeumont,7,Desserte Normale
France,FR:Line::454E4ABF-BD49-4157-8FE8-BCDD340E2504:,Valenciennes,Jeumont,1,Sous-desservi
France,FR:Line::454E4ABF-BD49-4157-8FE8-BCDD340E2504:,Valenciennes,Jeumont,8,Desserte Normale
France,FR:Line::454E4ABF-BD49-4157-8FE8-BCDD340E2504:,Valenciennes,Jeumont,1,Sous-desservi
France,FR:Line::454E4ABF-BD49-4157-8FE8-BCDD340E2504:,Valenciennes,Jeumont,2,Sous-desservi
France,FR:Line::454E4ABF-BD49-4157-8FE8-BCDD340E2504:,Valenciennes,Jeumont,24,Desserte Normale
France,FR:Line::45E281C7-AC50-4A23-9B9F-F73234118E78:,Lyon Perrache,Roanne,23,Desserte Normale
France,FR:Line::45E281C7-AC50-4A23-9B9F-F73234118E78:,Lyon Perrache,Roanne,4,Sous-desservi
France,FR:Line::45E281C7-AC50-4A23-9B9F-F73234118E78:,Lyon Perrache,Roanne,10,Desserte Normale
France,FR:Line::45E281C7-AC50-4A23-9B9F-F73234118E78:,Lyon Perrache,Roanne,6,Sous-desservi
France,FR:Line::45E281C7-AC50-4A23-9B9F-F73234118E78:,Lyon Perrache,Roanne,1,Sous-desservi
France,FR:Line::45E281C7-AC50-4A23-9B9F-F73234118E78:,Lyon Perrache,Roanne,4,Sous-desservi
France,FR:Line::45E281C7-AC50-4A23-9B9F-F73234118E78:,Lyon Perrache,Roanne,7,Desserte Normale
France,FR:Line::45E281C7-AC50-4A23-9B9F-F73234118E78:,Lyon Perrache,Roanne,23,Desserte Normale
France,FR:Line::4658FBBB-4701-4FB4-B4FC-DB9B015ECAC7:,Lozanne,Paray Le Monial,3,Sous-desservi
France,FR:Line::4658FBBB-4701-4FB4-B4FC-DB9B015ECAC7:,Lozanne,Paray Le Monial,22,Desserte Normale
France,FR:Line::468B44B7-C327-4154-B85E-25C67C32B61E:,Paris,Le Havre,7,Desserte Normale
France,FR:Line::468B44B7-C327-4154-B85E-25C67C32B61E:,Paris,Le Havre,20,Desserte Normale
France,FR:Line::468B44B7-C327-4154-B85E-25C67C32B61E:,Paris,Le Havre,2,Sous-desservi
France,FR:Line::468B44B7-C327-4154-B85E-25C67C32B61E:,Paris,Le Havre,8,Desserte Normale
France,FR:Line::468B44B7-C327-4154-B85E-25C67C32B61E:,Paris,Le Havre,4,Sous-desservi
France,FR:Line::468B44B7-C327-4154-B85E-25C67C32B61E:,Paris,Le Havre,6,Sous-desservi
France,FR:Line::468B44B7-C327-4154-B85E-25C67C32B61E:,Paris,Le Havre,1,Sous-desservi
France,FR:Line::468B44B7-C327-4154-B85E-25C67C32B61E:,Paris,Le Havre,9,Desserte Normale
France,FR:Line::468B44B7-C327-4154-B85E-25C67C32B61E:,Paris,Le Havre,61,Bien desservi
France,FR:Line::47102940-0922-439f-b9e9-1a93deaec574:,STRASBOURG,WISSEMBOURG,1,Sous-desservi
France,FR:Line::47102940-0922-439f-b9e9-1a93deaec574:,STRASBOURG,WISSEMBOURG,16,Desserte Normale
France,FR:Line::47102940-0922-439f-b9e9-1a93deaec574:,STRASBOURG,WISSEMBOURG,1,Sous-desservi
France,FR:Line::47102940-0922-439f-b9e9-1a93deaec574:,STRASBOURG,WISSEMBOURG,1,Sous-desservi
France,FR:Line::47102940-0922-439f-b9e9-1a93deaec574:,STRASBOURG,WISSEMBOURG,34,Desserte Normale
France,FR:Line::47102940-0922-439f-b9e9-1a93deaec574:,STRASBOURG,WISSEMBOURG,28,Desserte Normale
France,FR:Line::47132275-90d8-4396-9b08-a6f09f03b85f:,REIMS,CHALONS EN CHAMPAGNE,4,Sous-desservi
France,FR:Line::47132275-90d8-4396-9b08-a6f09f03b85f:,REIMS,CHALONS EN CHAMPAGNE,5,Sous-desservi
France,FR:Line::47132275-90d8-4396-9b08-a6f09f03b85f:,REIMS,CHALONS EN CHAMPAGNE,1,Sous-desservi
France,FR:Line::47132275-90d8-4396-9b08-a6f09f03b85f:,REIMS,CHALONS EN CHAMPAGNE,6,Sous-desservi
France,FR:Line::47132275-90d8-4396-9b08-a6f09f03b85f:,REIMS,CHALONS EN CHAMPAGNE,12,Desserte Normale
France,FR:Line::47258490-F21D-4801-94E9-AE624ED43338:,Communay,Sérézin,24,Desserte Normale
France,FR:Line::4767DC65-0993-4961-B6EC-E5BF6DFFB291:,Paris,Maurienne TGV,12,Desserte Normale
France,FR:Line::4767DC65-0993-4961-B6EC-E5BF6DFFB291:,Paris,Maurienne TGV,5,Sous-desservi
France,FR:Line::4767DC65-0993-4961-B6EC-E5BF6DFFB291:,Paris,Maurienne TGV,4,Sous-desservi
France,FR:Line::4767DC65-0993-4961-B6EC-E5BF6DFFB291:,Paris,Maurienne TGV,3,Sous-desservi
France,FR:Line::4767DC65-0993-4961-B6EC-E5BF6DFFB291:,Paris,Maurienne TGV,3,Sous-desservi
France,FR:Line::4767DC65-0993-4961-B6EC-E5BF6DFFB291:,Paris,Maurienne TGV,3,Sous-desservi
France,FR:Line::4767DC65-0993-4961-B6EC-E5BF6DFFB291:,Paris,Maurienne TGV,7,Desserte Normale
France,FR:Line::4767DC65-0993-4961-B6EC-E5BF6DFFB291:,Paris,Maurienne TGV,20,Desserte Normale
France,FR:Line::4767DC65-0993-4961-B6EC-E5BF6DFFB291:,Paris,Maurienne TGV,12,Desserte Normale
France,FR:Line::4767DC65-0993-4961-B6EC-E5BF6DFFB291:,Paris,Maurienne TGV,1,Sous-desservi
France,FR:Line::4767DC65-0993-4961-B6EC-E5BF6DFFB291:,Paris,Maurienne TGV,1,Sous-desservi
France,FR:Line::4767DC65-0993-4961-B6EC-E5BF6DFFB291:,Paris,Maurienne TGV,6,Sous-desservi
France,FR:Line::4767DC65-0993-4961-B6EC-E5BF6DFFB291:,Paris,Maurienne TGV,2,Sous-desservi
France,FR:Line::4767DC65-0993-4961-B6EC-E5BF6DFFB291:,Paris,Maurienne TGV,2,Sous-desservi
France,FR:Line::47b328f3-4b90-47ae-bd7d-b433e824521a:,Amiens,Saint-Quentin,5,Sous-desservi
France,FR:Line::47b328f3-4b90-47ae-bd7d-b433e824521a:,Amiens,Saint-Quentin,3,Sous-desservi
France,FR:Line::47b328f3-4b90-47ae-bd7d-b433e824521a:,Amiens,Saint-Quentin,4,Sous-desservi
France,FR:Line::47b328f3-4b90-47ae-bd7d-b433e824521a:,Amiens,Saint-Quentin,18,Desserte Normale
France,FR:Line::481FE34B-4FEA-4C35-8ABE-58CB090620CD:,Hazebrouck,Arras,2,Sous-desservi
France,FR:Line::484B5749-966E-4516-9352-C1ADD9406916:,Le Mans,Paris Montparnasse,2,Sous-desservi
France,FR:Line::484B5749-966E-4516-9352-C1ADD9406916:,Le Mans,Paris Montparnasse,1,Sous-desservi
France,FR:Line::484B5749-966E-4516-9352-C1ADD9406916:,Le Mans,Paris Montparnasse,2,Sous-desservi
France,FR:Line::484B5749-966E-4516-9352-C1ADD9406916:,Le Mans,Paris Montparnasse,7,Desserte Normale
France,FR:Line::484B5749-966E-4516-9352-C1ADD9406916:,Le Mans,Paris Montparnasse,17,Desserte Normale
France,FR:Line::484B5749-966E-4516-9352-C1ADD9406916:,Le Mans,Paris Montparnasse,8,Desserte Normale
France,FR:Line::484B5749-966E-4516-9352-C1ADD9406916:,Le Mans,Paris Montparnasse,2,Sous-desservi
France,FR:Line::484B5749-966E-4516-9352-C1ADD9406916:,Le Mans,Paris Montparnasse,7,Desserte Normale
France,FR:Line::484B5749-966E-4516-9352-C1ADD9406916:,Le Mans,Paris Montparnasse,8,Desserte Normale
France,FR:Line::484B5749-966E-4516-9352-C1ADD9406916:,Le Mans,Paris Montparnasse,3,Sous-desservi
France,FR:Line::484B5749-966E-4516-9352-C1ADD9406916:,Le Mans,Paris Montparnasse,25,Desserte Normale
France,FR:Line::4873E985-5075-4572-B1D6-C6A5E8C1DB41:,Strasbourg,Wissembourg,2,Sous-desservi
France,FR:Line::4873E985-5075-4572-B1D6-C6A5E8C1DB41:,Strasbourg,Wissembourg,2,Sous-desservi
France,FR:Line::4873E985-5075-4572-B1D6-C6A5E8C1DB41:,Strasbourg,Wissembourg,11,Desserte Normale
France,FR:Line::488254BA-F96E-46B1-B55C-BE5DB0CE5CE6:,Frasne,Vallorbe,1,Sous-desservi
France,FR:Line::488254BA-F96E-46B1-B55C-BE5DB0CE5CE6:,Frasne,Vallorbe,11,Desserte Normale
France,FR:Line::4887f9fc-de66-44ff-a5fe-199a0de1ca9e:,La Rochelle,Bordeaux,1,Sous-desservi
France,FR:Line::4887f9fc-de66-44ff-a5fe-199a0de1ca9e:,La Rochelle,Bordeaux,3,Sous-desservi
France,FR:Line::4887f9fc-de66-44ff-a5fe-199a0de1ca9e:,La Rochelle,Bordeaux,1,Sous-desservi
France,FR:Line::4887f9fc-de66-44ff-a5fe-199a0de1ca9e:,La Rochelle,Bordeaux,2,Sous-desservi
France,FR:Line::4887f9fc-de66-44ff-a5fe-199a0de1ca9e:,La Rochelle,Bordeaux,2,Sous-desservi
France,FR:Line::4887f9fc-de66-44ff-a5fe-199a0de1ca9e:,La Rochelle,Bordeaux,7,Desserte Normale
France,FR:Line::4887f9fc-de66-44ff-a5fe-199a0de1ca9e:,La Rochelle,Bordeaux,23,Desserte Normale
France,FR:Line::49ae9498-6272-4be3-94f0-078c0d1c5479:,Auch,Montauban,1,Sous-desservi
France,FR:Line::49ae9498-6272-4be3-94f0-078c0d1c5479:,Auch,Montauban,2,Sous-desservi
France,FR:Line::49ae9498-6272-4be3-94f0-078c0d1c5479:,Auch,Montauban,15,Desserte Normale
France,FR:Line::4ABBAA79-3E62-4460-A385-CEA54EDB5D2D:,Guingamp,Paimpol,25,Desserte Normale
France,FR:Line::4ABBAA79-3E62-4460-A385-CEA54EDB5D2D:,Guingamp,Paimpol,4,Sous-desservi
France,FR:Line::4ABBAA79-3E62-4460-A385-CEA54EDB5D2D:,Guingamp,Paimpol,5,Sous-desservi
France,FR:Line::4ABBAA79-3E62-4460-A385-CEA54EDB5D2D:,Guingamp,Paimpol,1,Sous-desservi
France,FR:Line::4B0DFE2B-138B-455F-BCEF-0B57A660A95F:,Paris Nord,Amiens,1,Sous-desservi
France,FR:Line::4B0DFE2B-138B-455F-BCEF-0B57A660A95F:,Paris Nord,Amiens,15,Desserte Normale
France,FR:Line::4B0DFE2B-138B-455F-BCEF-0B57A660A95F:,Paris Nord,Amiens,33,Desserte Normale
France,FR:Line::4B0DFE2B-138B-455F-BCEF-0B57A660A95F:,Paris Nord,Amiens,15,Desserte Normale
France,FR:Line::4B0DFE2B-138B-455F-BCEF-0B57A660A95F:,Paris Nord,Amiens,1,Sous-desservi
France,FR:Line::4B0DFE2B-138B-455F-BCEF-0B57A660A95F:,Paris Nord,Amiens,1,Sous-desservi
France,FR:Line::4B0DFE2B-138B-455F-BCEF-0B57A660A95F:,Paris Nord,Amiens,32,Desserte Normale
France,FR:Line::4B0DFE2B-138B-455F-BCEF-0B57A660A95F:,Paris Nord,Amiens,5,Sous-desservi
France,FR:Line::4B0DFE2B-138B-455F-BCEF-0B57A660A95F:,Paris Nord,Amiens,13,Desserte Normale
France,FR:Line::4B0DFE2B-138B-455F-BCEF-0B57A660A95F:,Paris Nord,Amiens,36,Desserte Normale
France,FR:Line::4B0DFE2B-138B-455F-BCEF-0B57A660A95F:,Paris Nord,Amiens,1,Sous-desservi
France,FR:Line::4B0DFE2B-138B-455F-BCEF-0B57A660A95F:,Paris Nord,Amiens,1,Sous-desservi
France,FR:Line::4B0DFE2B-138B-455F-BCEF-0B57A660A95F:,Paris Nord,Amiens,2,Sous-desservi
France,FR:Line::4B0DFE2B-138B-455F-BCEF-0B57A660A95F:,Paris Nord,Amiens,2,Sous-desservi
France,FR:Line::4B0DFE2B-138B-455F-BCEF-0B57A660A95F:,Paris Nord,Amiens,3,Sous-desservi
France,FR:Line::4B0DFE2B-138B-455F-BCEF-0B57A660A95F:,Paris Nord,Amiens,2,Sous-desservi
France,FR:Line::4B0DFE2B-138B-455F-BCEF-0B57A660A95F:,Paris Nord,Amiens,9,Desserte Normale
France,FR:Line::4B0DFE2B-138B-455F-BCEF-0B57A660A95F:,Paris Nord,Amiens,25,Desserte Normale
France,FR:Line::4B8D360E-99CF-40DA-9000-696B383E86CF:,Nantes,Brest,1,Sous-desservi
France,FR:Line::4B8D360E-99CF-40DA-9000-696B383E86CF:,Nantes,Brest,1,Sous-desservi
France,FR:Line::4B8D360E-99CF-40DA-9000-696B383E86CF:,Nantes,Brest,2,Sous-desservi
France,FR:Line::4B8D360E-99CF-40DA-9000-696B383E86CF:,Nantes,Brest,1,Sous-desservi
France,FR:Line::4B8D360E-99CF-40DA-9000-696B383E86CF:,Nantes,Brest,1,Sous-desservi
France,FR:Line::4BBFA233-37AB-432A-BCCF-FB90719B1F8A:,Rennes,Vannes,2,Sous-desservi
France,FR:Line::4BBFA233-37AB-432A-BCCF-FB90719B1F8A:,Rennes,Vannes,16,Desserte Normale
France,FR:Line::4BBFA233-37AB-432A-BCCF-FB90719B1F8A:,Rennes,Vannes,30,Desserte Normale
France,FR:Line::4BBFA233-37AB-432A-BCCF-FB90719B1F8A:,Rennes,Vannes,16,Desserte Normale
France,FR:Line::4BBFA233-37AB-432A-BCCF-FB90719B1F8A:,Rennes,Vannes,30,Desserte Normale
France,FR:Line::4C1C23AB-EE1B-4F45-A1E3-A8523BA51B6D:,Vichy,Urcay,3,Sous-desservi
France,FR:Line::4C1C23AB-EE1B-4F45-A1E3-A8523BA51B6D:,Vichy,Urcay,10,Desserte Normale
France,FR:Line::4C1C52D6-7361-4CE0-8566-7FC773A11187:,Clermont-Ferrand,Le Mont Dore,2,Sous-desservi
France,FR:Line::4CB6B094-7310-4CD4-AE43-FC6F3C2EA917:,Paris,Mulhouse Via Besançon TGV,1,Sous-desservi
France,FR:Line::4CB6B094-7310-4CD4-AE43-FC6F3C2EA917:,Paris,Mulhouse Via Besançon TGV,1,Sous-desservi
France,FR:Line::4CB6B094-7310-4CD4-AE43-FC6F3C2EA917:,Paris,Mulhouse Via Besançon TGV,3,Sous-desservi
France,FR:Line::4CB6B094-7310-4CD4-AE43-FC6F3C2EA917:,Paris,Mulhouse Via Besançon TGV,4,Sous-desservi
France,FR:Line::4CB6B094-7310-4CD4-AE43-FC6F3C2EA917:,Paris,Mulhouse Via Besançon TGV,3,Sous-desservi
France,FR:Line::4CB6B094-7310-4CD4-AE43-FC6F3C2EA917:,Paris,Mulhouse Via Besançon TGV,11,Desserte Normale
France,FR:Line::4CB6B094-7310-4CD4-AE43-FC6F3C2EA917:,Paris,Mulhouse Via Besançon TGV,1,Sous-desservi
France,FR:Line::4CB6B094-7310-4CD4-AE43-FC6F3C2EA917:,Paris,Mulhouse Via Besançon TGV,1,Sous-desservi
France,FR:Line::4CB6B094-7310-4CD4-AE43-FC6F3C2EA917:,Paris,Mulhouse Via Besançon TGV,3,Sous-desservi
France,FR:Line::4CB6B094-7310-4CD4-AE43-FC6F3C2EA917:,Paris,Mulhouse Via Besançon TGV,1,Sous-desservi
France,FR:Line::4CB6B094-7310-4CD4-AE43-FC6F3C2EA917:,Paris,Mulhouse Via Besançon TGV,4,Sous-desservi
France,FR:Line::4CB6B094-7310-4CD4-AE43-FC6F3C2EA917:,Paris,Mulhouse Via Besançon TGV,2,Sous-desservi
France,FR:Line::4CB6B094-7310-4CD4-AE43-FC6F3C2EA917:,Paris,Mulhouse Via Besançon TGV,5,Sous-desservi
France,FR:Line::4CB6B094-7310-4CD4-AE43-FC6F3C2EA917:,Paris,Mulhouse Via Besançon TGV,1,Sous-desservi
France,FR:Line::4CB6B094-7310-4CD4-AE43-FC6F3C2EA917:,Paris,Mulhouse Via Besançon TGV,7,Desserte Normale
France,FR:Line::4CB6B094-7310-4CD4-AE43-FC6F3C2EA917:,Paris,Mulhouse Via Besançon TGV,15,Desserte Normale
France,FR:Line::4CE4E61A-1416-4F82-9772-4D5E10CFF8BF:,Strasbourg,Niederbronn Les Bains,2,Sous-desservi
France,FR:Line::4CE4E61A-1416-4F82-9772-4D5E10CFF8BF:,Strasbourg,Niederbronn Les Bains,3,Sous-desservi
France,FR:Line::4CE4E61A-1416-4F82-9772-4D5E10CFF8BF:,Strasbourg,Niederbronn Les Bains,7,Desserte Normale
France,FR:Line::4D2207B0-5022-4525-982D-7806A16FF6FF:,Auxerre,Corbigny,7,Desserte Normale
France,FR:Line::4D2207B0-5022-4525-982D-7806A16FF6FF:,Auxerre,Corbigny,11,Desserte Normale
France,FR:Line::4E107FD7-35FD-4917-837F-6C15155AF6C4:,(Namur),Maubeuge,17,Desserte Normale
France,FR:Line::4E107FD7-35FD-4917-837F-6C15155AF6C4:,(Namur),Maubeuge,11,Desserte Normale
France,FR:Line::4E107FD7-35FD-4917-837F-6C15155AF6C4:,(Namur),Maubeuge,5,Sous-desservi
France,FR:Line::4E107FD7-35FD-4917-837F-6C15155AF6C4:,(Namur),Maubeuge,18,Desserte Normale
France,FR:Line::4E3AACA5-7784-4A62-99BB-F7B1B040D001:,Orléans,Le Croisic,1,Sous-desservi
France,FR:Line::4E3AACA5-7784-4A62-99BB-F7B1B040D001:,Orléans,Le Croisic,1,Sous-desservi
France,FR:Line::4E3AACA5-7784-4A62-99BB-F7B1B040D001:,Orléans,Le Croisic,2,Sous-desservi
France,FR:Line::4E3AACA5-7784-4A62-99BB-F7B1B040D001:,Orléans,Le Croisic,1,Sous-desservi
France,FR:Line::4E3AACA5-7784-4A62-99BB-F7B1B040D001:,Orléans,Le Croisic,1,Sous-desservi
France,FR:Line::4E3AACA5-7784-4A62-99BB-F7B1B040D001:,Orléans,Le Croisic,1,Sous-desservi
France,FR:Line::4E3AACA5-7784-4A62-99BB-F7B1B040D001:,Orléans,Le Croisic,9,Desserte Normale
France,FR:Line::4F3E7D7E-1FEF-4DB7-A210-473D950E2F37:,Paris,Bas-Rhin TGV,7,Desserte Normale
France,FR:Line::4F3E7D7E-1FEF-4DB7-A210-473D950E2F37:,Paris,Bas-Rhin TGV,2,Sous-desservi
France,FR:Line::4F3E7D7E-1FEF-4DB7-A210-473D950E2F37:,Paris,Bas-Rhin TGV,1,Sous-desservi
France,FR:Line::4F3E7D7E-1FEF-4DB7-A210-473D950E2F37:,Paris,Bas-Rhin TGV,3,Sous-desservi
France,FR:Line::4F3E7D7E-1FEF-4DB7-A210-473D950E2F37:,Paris,Bas-Rhin TGV,1,Sous-desservi
France,FR:Line::4F3E7D7E-1FEF-4DB7-A210-473D950E2F37:,Paris,Bas-Rhin TGV,1,Sous-desservi
France,FR:Line::4F3E7D7E-1FEF-4DB7-A210-473D950E2F37:,Paris,Bas-Rhin TGV,1,Sous-desservi
France,FR:Line::4F3E7D7E-1FEF-4DB7-A210-473D950E2F37:,Paris,Bas-Rhin TGV,9,Desserte Normale
France,FR:Line::4F3E7D7E-1FEF-4DB7-A210-473D950E2F37:,Paris,Bas-Rhin TGV,4,Sous-desservi
France,FR:Line::4F3E7D7E-1FEF-4DB7-A210-473D950E2F37:,Paris,Bas-Rhin TGV,2,Sous-desservi
France,FR:Line::4F3E7D7E-1FEF-4DB7-A210-473D950E2F37:,Paris,Bas-Rhin TGV,7,Desserte Normale
France,FR:Line::4F3E7D7E-1FEF-4DB7-A210-473D950E2F37:,Paris,Bas-Rhin TGV,1,Sous-desservi
France,FR:Line::4F3E7D7E-1FEF-4DB7-A210-473D950E2F37:,Paris,Bas-Rhin TGV,2,Sous-desservi
France,FR:Line::4F3E7D7E-1FEF-4DB7-A210-473D950E2F37:,Paris,Bas-Rhin TGV,12,Desserte Normale
France,FR:Line::4F3E7D7E-1FEF-4DB7-A210-473D950E2F37:,Paris,Bas-Rhin TGV,5,Sous-desservi
France,FR:Line::4F3E7D7E-1FEF-4DB7-A210-473D950E2F37:,Paris,Bas-Rhin TGV,2,Sous-desservi
France,FR:Line::4F3E7D7E-1FEF-4DB7-A210-473D950E2F37:,Paris,Bas-Rhin TGV,6,Sous-desservi
France,FR:Line::4F3E7D7E-1FEF-4DB7-A210-473D950E2F37:,Paris,Bas-Rhin TGV,4,Sous-desservi
France,FR:Line::4F3E7D7E-1FEF-4DB7-A210-473D950E2F37:,Paris,Bas-Rhin TGV,22,Desserte Normale
France,FR:Line::4F3E7D7E-1FEF-4DB7-A210-473D950E2F37:,Paris,Bas-Rhin TGV,35,Desserte Normale
France,FR:Line::4FA25873-A63A-4A2D-B62F-EF950E45D8A9:,Lux/Alsace/Loraine,LR,3,Sous-desservi
France,FR:Line::4FA25873-A63A-4A2D-B62F-EF950E45D8A9:,Lux/Alsace/Loraine,LR,1,Sous-desservi
France,FR:Line::4FA25873-A63A-4A2D-B62F-EF950E45D8A9:,Lux/Alsace/Loraine,LR,3,Sous-desservi
France,FR:Line::4FA25873-A63A-4A2D-B62F-EF950E45D8A9:,Lux/Alsace/Loraine,LR,3,Sous-desservi
France,FR:Line::4FA25873-A63A-4A2D-B62F-EF950E45D8A9:,Lux/Alsace/Loraine,LR,4,Sous-desservi
France,FR:Line::4FA25873-A63A-4A2D-B62F-EF950E45D8A9:,Lux/Alsace/Loraine,LR,1,Sous-desservi
France,FR:Line::4FA25873-A63A-4A2D-B62F-EF950E45D8A9:,Lux/Alsace/Loraine,LR,1,Sous-desservi
France,FR:Line::4FA25873-A63A-4A2D-B62F-EF950E45D8A9:,Lux/Alsace/Loraine,LR,7,Desserte Normale
France,FR:Line::4FA25873-A63A-4A2D-B62F-EF950E45D8A9:,Lux/Alsace/Loraine,LR,7,Desserte Normale
France,FR:Line::4FA25873-A63A-4A2D-B62F-EF950E45D8A9:,Lux/Alsace/Loraine,LR,9,Desserte Normale
France,FR:Line::4FA25873-A63A-4A2D-B62F-EF950E45D8A9:,Lux/Alsace/Loraine,LR,3,Sous-desservi
France,FR:Line::4FA25873-A63A-4A2D-B62F-EF950E45D8A9:,Lux/Alsace/Loraine,LR,3,Sous-desservi
France,FR:Line::4FA25873-A63A-4A2D-B62F-EF950E45D8A9:,Lux/Alsace/Loraine,LR,4,Sous-desservi
France,FR:Line::4FA25873-A63A-4A2D-B62F-EF950E45D8A9:,Lux/Alsace/Loraine,LR,4,Sous-desservi
France,FR:Line::4FA25873-A63A-4A2D-B62F-EF950E45D8A9:,Lux/Alsace/Loraine,LR,6,Sous-desservi
France,FR:Line::4FCCF995-7BFF-4F64-8F81-BCCA421B95D8:,Tours,Nevers,2,Sous-desservi
France,FR:Line::4FCCF995-7BFF-4F64-8F81-BCCA421B95D8:,Tours,Nevers,3,Sous-desservi
France,FR:Line::4FCCF995-7BFF-4F64-8F81-BCCA421B95D8:,Tours,Nevers,1,Sous-desservi
France,FR:Line::4FCCF995-7BFF-4F64-8F81-BCCA421B95D8:,Tours,Nevers,3,Sous-desservi
France,FR:Line::4FCCF995-7BFF-4F64-8F81-BCCA421B95D8:,Tours,Nevers,1,Sous-desservi
France,FR:Line::4FCCF995-7BFF-4F64-8F81-BCCA421B95D8:,Tours,Nevers,2,Sous-desservi
France,FR:Line::4FCCF995-7BFF-4F64-8F81-BCCA421B95D8:,Tours,Nevers,1,Sous-desservi
France,FR:Line::4FCCF995-7BFF-4F64-8F81-BCCA421B95D8:,Tours,Nevers,3,Sous-desservi
France,FR:Line::4FCCF995-7BFF-4F64-8F81-BCCA421B95D8:,Tours,Nevers,37,Desserte Normale
France,FR:Line::4a6237b8-ef50-4f1e-a9e9-2dc76c76f45c:,PARIS,DIJON,1,Sous-desservi
France,FR:Line::4a6237b8-ef50-4f1e-a9e9-2dc76c76f45c:,PARIS,DIJON,1,Sous-desservi
France,FR:Line::4a6237b8-ef50-4f1e-a9e9-2dc76c76f45c:,PARIS,DIJON,1,Sous-desservi
France,FR:Line::4a6237b8-ef50-4f1e-a9e9-2dc76c76f45c:,PARIS,DIJON,1,Sous-desservi
France,FR:Line::4a6237b8-ef50-4f1e-a9e9-2dc76c76f45c:,PARIS,DIJON,1,Sous-desservi
France,FR:Line::4a6237b8-ef50-4f1e-a9e9-2dc76c76f45c:,PARIS,DIJON,1,Sous-desservi
France,FR:Line::4a6237b8-ef50-4f1e-a9e9-2dc76c76f45c:,PARIS,DIJON,2,Sous-desservi
France,FR:Line::4a6237b8-ef50-4f1e-a9e9-2dc76c76f45c:,PARIS,DIJON,4,Sous-desservi
France,FR:Line::4a6237b8-ef50-4f1e-a9e9-2dc76c76f45c:,PARIS,DIJON,1,Sous-desservi
France,FR:Line::4a6237b8-ef50-4f1e-a9e9-2dc76c76f45c:,PARIS,DIJON,6,Sous-desservi
France,FR:Line::4a6237b8-ef50-4f1e-a9e9-2dc76c76f45c:,PARIS,DIJON,1,Sous-desservi
France,FR:Line::4f784834-828d-4bbf-a65d-d21599ce8dc2:,Limoges,Bordeaux,1,Sous-desservi
France,FR:Line::4f784834-828d-4bbf-a65d-d21599ce8dc2:,Limoges,Bordeaux,4,Sous-desservi
France,FR:Line::4f784834-828d-4bbf-a65d-d21599ce8dc2:,Limoges,Bordeaux,1,Sous-desservi
France,FR:Line::4f784834-828d-4bbf-a65d-d21599ce8dc2:,Limoges,Bordeaux,2,Sous-desservi
France,FR:Line::4f784834-828d-4bbf-a65d-d21599ce8dc2:,Limoges,Bordeaux,3,Sous-desservi
France,FR:Line::4f784834-828d-4bbf-a65d-d21599ce8dc2:,Limoges,Bordeaux,1,Sous-desservi
France,FR:Line::4f784834-828d-4bbf-a65d-d21599ce8dc2:,Limoges,Bordeaux,34,Desserte Normale
France,FR:Line::4f784834-828d-4bbf-a65d-d21599ce8dc2:,Limoges,Bordeaux,3,Sous-desservi
France,FR:Line::4f784834-828d-4bbf-a65d-d21599ce8dc2:,Limoges,Bordeaux,4,Sous-desservi
France,FR:Line::4f784834-828d-4bbf-a65d-d21599ce8dc2:,Limoges,Bordeaux,32,Desserte Normale
France,FR:Line::4f784834-828d-4bbf-a65d-d21599ce8dc2:,Limoges,Bordeaux,13,Desserte Normale
France,FR:Line::4f784834-828d-4bbf-a65d-d21599ce8dc2:,Limoges,Bordeaux,1,Sous-desservi
France,FR:Line::4f784834-828d-4bbf-a65d-d21599ce8dc2:,Limoges,Bordeaux,20,Desserte Normale
France,FR:Line::4f784834-828d-4bbf-a65d-d21599ce8dc2:,Limoges,Bordeaux,40,Desserte Normale
France,FR:Line::510B9A71-D5BA-4662-BBF4-52C37975DCD5:,Mommenheim,Bouxwiller,3,Sous-desservi
France,FR:Line::510B9A71-D5BA-4662-BBF4-52C37975DCD5:,Mommenheim,Bouxwiller,16,Desserte Normale
France,FR:Line::514f7286-d90a-4a5f-a186-9e672880c946:,REIMS,SAINT DIZIER,2,Sous-desservi
France,FR:Line::514f7286-d90a-4a5f-a186-9e672880c946:,REIMS,SAINT DIZIER,4,Sous-desservi
France,FR:Line::514f7286-d90a-4a5f-a186-9e672880c946:,REIMS,SAINT DIZIER,2,Sous-desservi
France,FR:Line::514f7286-d90a-4a5f-a186-9e672880c946:,REIMS,SAINT DIZIER,16,Desserte Normale
France,FR:Line::518E9B38-0951-4497-9594-67CB169CDB4E:,Nord,Bretagne TGV,10,Desserte Normale
France,FR:Line::518E9B38-0951-4497-9594-67CB169CDB4E:,Nord,Bretagne TGV,9,Desserte Normale
France,FR:Line::518E9B38-0951-4497-9594-67CB169CDB4E:,Nord,Bretagne TGV,3,Sous-desservi
France,FR:Line::518E9B38-0951-4497-9594-67CB169CDB4E:,Nord,Bretagne TGV,3,Sous-desservi
France,FR:Line::518E9B38-0951-4497-9594-67CB169CDB4E:,Nord,Bretagne TGV,1,Sous-desservi
France,FR:Line::518E9B38-0951-4497-9594-67CB169CDB4E:,Nord,Bretagne TGV,4,Sous-desservi
France,FR:Line::518E9B38-0951-4497-9594-67CB169CDB4E:,Nord,Bretagne TGV,11,Desserte Normale
France,FR:Line::518E9B38-0951-4497-9594-67CB169CDB4E:,Nord,Bretagne TGV,6,Sous-desservi
France,FR:Line::518E9B38-0951-4497-9594-67CB169CDB4E:,Nord,Bretagne TGV,6,Sous-desservi
France,FR:Line::518E9B38-0951-4497-9594-67CB169CDB4E:,Nord,Bretagne TGV,6,Sous-desservi
France,FR:Line::518E9B38-0951-4497-9594-67CB169CDB4E:,Nord,Bretagne TGV,11,Desserte Normale
France,FR:Line::518E9B38-0951-4497-9594-67CB169CDB4E:,Nord,Bretagne TGV,7,Desserte Normale
France,FR:Line::518E9B38-0951-4497-9594-67CB169CDB4E:,Nord,Bretagne TGV,6,Sous-desservi
France,FR:Line::518E9B38-0951-4497-9594-67CB169CDB4E:,Nord,Bretagne TGV,1,Sous-desservi
France,FR:Line::518E9B38-0951-4497-9594-67CB169CDB4E:,Nord,Bretagne TGV,1,Sous-desservi
France,FR:Line::518E9B38-0951-4497-9594-67CB169CDB4E:,Nord,Bretagne TGV,2,Sous-desservi
France,FR:Line::518E9B38-0951-4497-9594-67CB169CDB4E:,Nord,Bretagne TGV,8,Desserte Normale
France,FR:Line::518E9B38-0951-4497-9594-67CB169CDB4E:,Nord,Bretagne TGV,7,Desserte Normale
France,FR:Line::518E9B38-0951-4497-9594-67CB169CDB4E:,Nord,Bretagne TGV,1,Sous-desservi
France,FR:Line::518E9B38-0951-4497-9594-67CB169CDB4E:,Nord,Bretagne TGV,9,Desserte Normale
France,FR:Line::518E9B38-0951-4497-9594-67CB169CDB4E:,Nord,Bretagne TGV,6,Sous-desservi
France,FR:Line::51E75535-AD1F-4D5B-815C-1513EDC94FC1:,Selestat,Ribeauville,16,Desserte Normale
France,FR:Line::51E75535-AD1F-4D5B-815C-1513EDC94FC1:,Selestat,Ribeauville,20,Desserte Normale
France,FR:Line::5238d204-ed3e-4cbf-b83d-f8817775452e:,LANGRES,Is-Sur-Tille,8,Desserte Normale
France,FR:Line::52D5BA37-0A0E-43ED-AB0D-DAF12888D586:,Toulouse Matabiau,Narbonne,2,Sous-desservi
France,FR:Line::52D5BA37-0A0E-43ED-AB0D-DAF12888D586:,Toulouse Matabiau,Narbonne,11,Desserte Normale
France,FR:Line::52D5BA37-0A0E-43ED-AB0D-DAF12888D586:,Toulouse Matabiau,Narbonne,9,Desserte Normale
France,FR:Line::52D5BA37-0A0E-43ED-AB0D-DAF12888D586:,Toulouse Matabiau,Narbonne,1,Sous-desservi
France,FR:Line::52D5BA37-0A0E-43ED-AB0D-DAF12888D586:,Toulouse Matabiau,Narbonne,2,Sous-desservi
France,FR:Line::52D5BA37-0A0E-43ED-AB0D-DAF12888D586:,Toulouse Matabiau,Narbonne,10,Desserte Normale
France,FR:Line::52D5BA37-0A0E-43ED-AB0D-DAF12888D586:,Toulouse Matabiau,Narbonne,30,Desserte Normale
France,FR:Line::53865649-1C74-4657-9123-DA7EDE71D3DB:,Colomiers,St Cyprien Arenes,6,Sous-desservi
France,FR:Line::53865649-1C74-4657-9123-DA7EDE71D3DB:,Colomiers,St Cyprien Arenes,46,Desserte Normale
France,FR:Line::53F2E1D2-2532-4CBF-9213-90D7962D5212:,Strasbourg,Bruxelles,4,Sous-desservi
France,FR:Line::53F2E1D2-2532-4CBF-9213-90D7962D5212:,Strasbourg,Bruxelles,5,Sous-desservi
France,FR:Line::53F2E1D2-2532-4CBF-9213-90D7962D5212:,Strasbourg,Bruxelles,1,Sous-desservi
France,FR:Line::53F2E1D2-2532-4CBF-9213-90D7962D5212:,Strasbourg,Bruxelles,1,Sous-desservi
France,FR:Line::53F2E1D2-2532-4CBF-9213-90D7962D5212:,Strasbourg,Bruxelles,3,Sous-desservi
France,FR:Line::53F2E1D2-2532-4CBF-9213-90D7962D5212:,Strasbourg,Bruxelles,2,Sous-desservi
France,FR:Line::53F2E1D2-2532-4CBF-9213-90D7962D5212:,Strasbourg,Bruxelles,1,Sous-desservi
France,FR:Line::53F2E1D2-2532-4CBF-9213-90D7962D5212:,Strasbourg,Bruxelles,3,Sous-desservi
France,FR:Line::53F2E1D2-2532-4CBF-9213-90D7962D5212:,Strasbourg,Bruxelles,4,Sous-desservi
France,FR:Line::53F2E1D2-2532-4CBF-9213-90D7962D5212:,Strasbourg,Bruxelles,4,Sous-desservi
France,FR:Line::53F2E1D2-2532-4CBF-9213-90D7962D5212:,Strasbourg,Bruxelles,4,Sous-desservi
France,FR:Line::546D29B5-FB72-4019-AF68-E23251A25790:,Sarreguemines,Sarrebruck,6,Sous-desservi
France,FR:Line::546D29B5-FB72-4019-AF68-E23251A25790:,Sarreguemines,Sarrebruck,66,Bien desservi
France,FR:Line::55336db1-26a1-4696-aa6a-b9afd42dbaf9:,Le Mans,Rennes,3,Sous-desservi
France,FR:Line::560BC1BD-AE16-4EAE-B2A2-F57BCD2E271B:,Nevers,Decize,2,Sous-desservi
France,FR:Line::560BC1BD-AE16-4EAE-B2A2-F57BCD2E271B:,Nevers,Decize,2,Sous-desservi
France,FR:Line::560BC1BD-AE16-4EAE-B2A2-F57BCD2E271B:,Nevers,Decize,2,Sous-desservi
France,FR:Line::560BC1BD-AE16-4EAE-B2A2-F57BCD2E271B:,Nevers,Decize,1,Sous-desservi
France,FR:Line::560BC1BD-AE16-4EAE-B2A2-F57BCD2E271B:,Nevers,Decize,9,Desserte Normale
France,FR:Line::5648ced8-53ec-4327-a902-803b8aeeb1d9:,Paris,Briançon,2,Sous-desservi
France,FR:Line::5648ced8-53ec-4327-a902-803b8aeeb1d9:,Paris,Briançon,3,Sous-desservi
France,FR:Line::5648ced8-53ec-4327-a902-803b8aeeb1d9:,Paris,Briançon,1,Sous-desservi
France,FR:Line::5648ced8-53ec-4327-a902-803b8aeeb1d9:,Paris,Briançon,4,Sous-desservi
France,FR:Line::5648ced8-53ec-4327-a902-803b8aeeb1d9:,Paris,Briançon,3,Sous-desservi
France,FR:Line::5648ced8-53ec-4327-a902-803b8aeeb1d9:,Paris,Briançon,4,Sous-desservi
France,FR:Line::5648ced8-53ec-4327-a902-803b8aeeb1d9:,Paris,Briançon,3,Sous-desservi
France,FR:Line::5648ced8-53ec-4327-a902-803b8aeeb1d9:,Paris,Briançon,3,Sous-desservi
France,FR:Line::5648ced8-53ec-4327-a902-803b8aeeb1d9:,Paris,Briançon,3,Sous-desservi
France,FR:Line::5648ced8-53ec-4327-a902-803b8aeeb1d9:,Paris,Briançon,1,Sous-desservi
France,FR:Line::5648ced8-53ec-4327-a902-803b8aeeb1d9:,Paris,Briançon,2,Sous-desservi
France,FR:Line::5728B123-A2A2-4344-9BA6-F78FFC42AE57:,Metz,Luxembourg,1,Sous-desservi
France,FR:Line::5728B123-A2A2-4344-9BA6-F78FFC42AE57:,Metz,Luxembourg,4,Sous-desservi
France,FR:Line::5728B123-A2A2-4344-9BA6-F78FFC42AE57:,Metz,Luxembourg,1,Sous-desservi
France,FR:Line::5728B123-A2A2-4344-9BA6-F78FFC42AE57:,Metz,Luxembourg,1,Sous-desservi
France,FR:Line::5728B123-A2A2-4344-9BA6-F78FFC42AE57:,Metz,Luxembourg,1,Sous-desservi
France,FR:Line::5728B123-A2A2-4344-9BA6-F78FFC42AE57:,Metz,Luxembourg,56,Desserte Normale
France,FR:Line::5728B123-A2A2-4344-9BA6-F78FFC42AE57:,Metz,Luxembourg,4,Sous-desservi
France,FR:Line::5728B123-A2A2-4344-9BA6-F78FFC42AE57:,Metz,Luxembourg,8,Desserte Normale
France,FR:Line::5728B123-A2A2-4344-9BA6-F78FFC42AE57:,Metz,Luxembourg,9,Desserte Normale
France,FR:Line::5728B123-A2A2-4344-9BA6-F78FFC42AE57:,Metz,Luxembourg,1,Sous-desservi
France,FR:Line::5728B123-A2A2-4344-9BA6-F78FFC42AE57:,Metz,Luxembourg,5,Sous-desservi
France,FR:Line::5728B123-A2A2-4344-9BA6-F78FFC42AE57:,Metz,Luxembourg,5,Sous-desservi
France,FR:Line::5728B123-A2A2-4344-9BA6-F78FFC42AE57:,Metz,Luxembourg,3,Sous-desservi
France,FR:Line::5728B123-A2A2-4344-9BA6-F78FFC42AE57:,Metz,Luxembourg,2,Sous-desservi
France,FR:Line::5728B123-A2A2-4344-9BA6-F78FFC42AE57:,Metz,Luxembourg,1,Sous-desservi
France,FR:Line::5728B123-A2A2-4344-9BA6-F78FFC42AE57:,Metz,Luxembourg,1,Sous-desservi
France,FR:Line::5728B123-A2A2-4344-9BA6-F78FFC42AE57:,Metz,Luxembourg,8,Desserte Normale
France,FR:Line::5728B123-A2A2-4344-9BA6-F78FFC42AE57:,Metz,Luxembourg,94,Bien desservi
France,FR:Line::576E2F4E-738A-4830-A235-A3BAAA706745:,Nantes,St-Gilles-Croix-De-Vie,1,Sous-desservi
France,FR:Line::576E2F4E-738A-4830-A235-A3BAAA706745:,Nantes,St-Gilles-Croix-De-Vie,7,Desserte Normale
France,FR:Line::576E2F4E-738A-4830-A235-A3BAAA706745:,Nantes,St-Gilles-Croix-De-Vie,2,Sous-desservi
France,FR:Line::576E2F4E-738A-4830-A235-A3BAAA706745:,Nantes,St-Gilles-Croix-De-Vie,2,Sous-desservi
France,FR:Line::576E2F4E-738A-4830-A235-A3BAAA706745:,Nantes,St-Gilles-Croix-De-Vie,16,Desserte Normale
France,FR:Line::576E2F4E-738A-4830-A235-A3BAAA706745:,Nantes,St-Gilles-Croix-De-Vie,21,Desserte Normale
France,FR:Line::57AE0F48-2436-44BD-A2F0-AA45D4A483E7:,PARIS,SERQUIGNY,1,Sous-desservi
France,FR:Line::57AE0F48-2436-44BD-A2F0-AA45D4A483E7:,PARIS,SERQUIGNY,7,Desserte Normale
France,FR:Line::57AE0F48-2436-44BD-A2F0-AA45D4A483E7:,PARIS,SERQUIGNY,6,Sous-desservi
France,FR:Line::57AE0F48-2436-44BD-A2F0-AA45D4A483E7:,PARIS,SERQUIGNY,47,Desserte Normale
France,FR:Line::58E7EAEC-D896-481E-8E78-6CD689E7B142:,Morlaix,Brest,1,Sous-desservi
France,FR:Line::58E7EAEC-D896-481E-8E78-6CD689E7B142:,Morlaix,Brest,2,Sous-desservi
France,FR:Line::58E7EAEC-D896-481E-8E78-6CD689E7B142:,Morlaix,Brest,1,Sous-desservi
France,FR:Line::58E7EAEC-D896-481E-8E78-6CD689E7B142:,Morlaix,Brest,20,Desserte Normale
France,FR:Line::58E7EAEC-D896-481E-8E78-6CD689E7B142:,Morlaix,Brest,2,Sous-desservi
France,FR:Line::58E7EAEC-D896-481E-8E78-6CD689E7B142:,Morlaix,Brest,1,Sous-desservi
France,FR:Line::58E7EAEC-D896-481E-8E78-6CD689E7B142:,Morlaix,Brest,2,Sous-desservi
France,FR:Line::58FC3A74-C0EE-43AD-98F7-313645A935BF:,Dijon,Bourg En Bresse,1,Sous-desservi
France,FR:Line::58FC3A74-C0EE-43AD-98F7-313645A935BF:,Dijon,Bourg En Bresse,1,Sous-desservi
France,FR:Line::58FC3A74-C0EE-43AD-98F7-313645A935BF:,Dijon,Bourg En Bresse,2,Sous-desservi
France,FR:Line::58FC3A74-C0EE-43AD-98F7-313645A935BF:,Dijon,Bourg En Bresse,5,Sous-desservi
France,FR:Line::58FC3A74-C0EE-43AD-98F7-313645A935BF:,Dijon,Bourg En Bresse,5,Sous-desservi
France,FR:Line::58FC3A74-C0EE-43AD-98F7-313645A935BF:,Dijon,Bourg En Bresse,20,Desserte Normale
France,FR:Line::58c0c9b7-3765-46af-85a3-f193f3030e9b:,Est,Nantes TGV,5,Sous-desservi
France,FR:Line::58c0c9b7-3765-46af-85a3-f193f3030e9b:,Est,Nantes TGV,4,Sous-desservi
France,FR:Line::58c0c9b7-3765-46af-85a3-f193f3030e9b:,Est,Nantes TGV,4,Sous-desservi
France,FR:Line::58c0c9b7-3765-46af-85a3-f193f3030e9b:,Est,Nantes TGV,4,Sous-desservi
France,FR:Line::58c0c9b7-3765-46af-85a3-f193f3030e9b:,Est,Nantes TGV,1,Sous-desservi
France,FR:Line::58c0c9b7-3765-46af-85a3-f193f3030e9b:,Est,Nantes TGV,5,Sous-desservi
France,FR:Line::58c0c9b7-3765-46af-85a3-f193f3030e9b:,Est,Nantes TGV,9,Desserte Normale
France,FR:Line::58c0c9b7-3765-46af-85a3-f193f3030e9b:,Est,Nantes TGV,1,Sous-desservi
France,FR:Line::58c0c9b7-3765-46af-85a3-f193f3030e9b:,Est,Nantes TGV,2,Sous-desservi
France,FR:Line::58c0c9b7-3765-46af-85a3-f193f3030e9b:,Est,Nantes TGV,5,Sous-desservi
France,FR:Line::58c0c9b7-3765-46af-85a3-f193f3030e9b:,Est,Nantes TGV,2,Sous-desservi
France,FR:Line::58c0c9b7-3765-46af-85a3-f193f3030e9b:,Est,Nantes TGV,6,Sous-desservi
France,FR:Line::58c0c9b7-3765-46af-85a3-f193f3030e9b:,Est,Nantes TGV,9,Desserte Normale
France,FR:Line::58c0c9b7-3765-46af-85a3-f193f3030e9b:,Est,Nantes TGV,12,Desserte Normale
France,FR:Line::58c0c9b7-3765-46af-85a3-f193f3030e9b:,Est,Nantes TGV,2,Sous-desservi
France,FR:Line::58c0c9b7-3765-46af-85a3-f193f3030e9b:,Est,Nantes TGV,3,Sous-desservi
France,FR:Line::58c0c9b7-3765-46af-85a3-f193f3030e9b:,Est,Nantes TGV,3,Sous-desservi
France,FR:Line::58c0c9b7-3765-46af-85a3-f193f3030e9b:,Est,Nantes TGV,1,Sous-desservi
France,FR:Line::58c0c9b7-3765-46af-85a3-f193f3030e9b:,Est,Nantes TGV,2,Sous-desservi
France,FR:Line::58c0c9b7-3765-46af-85a3-f193f3030e9b:,Est,Nantes TGV,5,Sous-desservi
France,FR:Line::58c0c9b7-3765-46af-85a3-f193f3030e9b:,Est,Nantes TGV,8,Desserte Normale
France,FR:Line::58c0c9b7-3765-46af-85a3-f193f3030e9b:,Est,Nantes TGV,5,Sous-desservi
France,FR:Line::596F07F3-98CE-401C-B7B8-7F9D83F663CD:,Metz,Perl,3,Sous-desservi
France,FR:Line::596F07F3-98CE-401C-B7B8-7F9D83F663CD:,Metz,Perl,1,Sous-desservi
France,FR:Line::596F07F3-98CE-401C-B7B8-7F9D83F663CD:,Metz,Perl,1,Sous-desservi
France,FR:Line::596F07F3-98CE-401C-B7B8-7F9D83F663CD:,Metz,Perl,5,Sous-desservi
France,FR:Line::596F07F3-98CE-401C-B7B8-7F9D83F663CD:,Metz,Perl,8,Desserte Normale
France,FR:Line::596F07F3-98CE-401C-B7B8-7F9D83F663CD:,Metz,Perl,10,Desserte Normale
France,FR:Line::5AC46107-DDD7-4B20-B45B-C8452889B3DB:,Rennes,Laval,9,Desserte Normale
France,FR:Line::5AC46107-DDD7-4B20-B45B-C8452889B3DB:,Rennes,Laval,9,Desserte Normale
France,FR:Line::5B616F3E-D726-494F-80C2-7EB8355C3177:,Avignon,Mâcon,10,Desserte Normale
France,FR:Line::5B616F3E-D726-494F-80C2-7EB8355C3177:,Avignon,Mâcon,1,Sous-desservi
France,FR:Line::5B616F3E-D726-494F-80C2-7EB8355C3177:,Avignon,Mâcon,2,Sous-desservi
France,FR:Line::5B616F3E-D726-494F-80C2-7EB8355C3177:,Avignon,Mâcon,1,Sous-desservi
France,FR:Line::5B616F3E-D726-494F-80C2-7EB8355C3177:,Avignon,Mâcon,4,Sous-desservi
France,FR:Line::5B616F3E-D726-494F-80C2-7EB8355C3177:,Avignon,Mâcon,6,Sous-desservi
France,FR:Line::5B76AFB9-244D-4AC6-9720-8142DC7F6A91:,Paris,Lyon TGV,6,Sous-desservi
France,FR:Line::5B76AFB9-244D-4AC6-9720-8142DC7F6A91:,Paris,Lyon TGV,3,Sous-desservi
France,FR:Line::5B76AFB9-244D-4AC6-9720-8142DC7F6A91:,Paris,Lyon TGV,15,Desserte Normale
France,FR:Line::5B76AFB9-244D-4AC6-9720-8142DC7F6A91:,Paris,Lyon TGV,32,Desserte Normale
France,FR:Line::5B76AFB9-244D-4AC6-9720-8142DC7F6A91:,Paris,Lyon TGV,2,Sous-desservi
France,FR:Line::5B76AFB9-244D-4AC6-9720-8142DC7F6A91:,Paris,Lyon TGV,1,Sous-desservi
France,FR:Line::5B76AFB9-244D-4AC6-9720-8142DC7F6A91:,Paris,Lyon TGV,5,Sous-desservi
France,FR:Line::5B76AFB9-244D-4AC6-9720-8142DC7F6A91:,Paris,Lyon TGV,5,Sous-desservi
France,FR:Line::5B76AFB9-244D-4AC6-9720-8142DC7F6A91:,Paris,Lyon TGV,5,Sous-desservi
France,FR:Line::5B76AFB9-244D-4AC6-9720-8142DC7F6A91:,Paris,Lyon TGV,13,Desserte Normale
France,FR:Line::5B76AFB9-244D-4AC6-9720-8142DC7F6A91:,Paris,Lyon TGV,1,Sous-desservi
France,FR:Line::5B76AFB9-244D-4AC6-9720-8142DC7F6A91:,Paris,Lyon TGV,3,Sous-desservi
France,FR:Line::5B76AFB9-244D-4AC6-9720-8142DC7F6A91:,Paris,Lyon TGV,4,Sous-desservi
France,FR:Line::5B76AFB9-244D-4AC6-9720-8142DC7F6A91:,Paris,Lyon TGV,3,Sous-desservi
France,FR:Line::5B76AFB9-244D-4AC6-9720-8142DC7F6A91:,Paris,Lyon TGV,10,Desserte Normale
France,FR:Line::5B76AFB9-244D-4AC6-9720-8142DC7F6A91:,Paris,Lyon TGV,27,Desserte Normale
France,FR:Line::5B76AFB9-244D-4AC6-9720-8142DC7F6A91:,Paris,Lyon TGV,27,Desserte Normale
France,FR:Line::5B76AFB9-244D-4AC6-9720-8142DC7F6A91:,Paris,Lyon TGV,7,Desserte Normale
France,FR:Line::5B76AFB9-244D-4AC6-9720-8142DC7F6A91:,Paris,Lyon TGV,4,Sous-desservi
France,FR:Line::5B76AFB9-244D-4AC6-9720-8142DC7F6A91:,Paris,Lyon TGV,3,Sous-desservi
France,FR:Line::5B76AFB9-244D-4AC6-9720-8142DC7F6A91:,Paris,Lyon TGV,2,Sous-desservi
France,FR:Line::5B76AFB9-244D-4AC6-9720-8142DC7F6A91:,Paris,Lyon TGV,3,Sous-desservi
France,FR:Line::5B76AFB9-244D-4AC6-9720-8142DC7F6A91:,Paris,Lyon TGV,20,Desserte Normale
France,FR:Line::5B76AFB9-244D-4AC6-9720-8142DC7F6A91:,Paris,Lyon TGV,40,Desserte Normale
France,FR:Line::5B76AFB9-244D-4AC6-9720-8142DC7F6A91:,Paris,Lyon TGV,41,Desserte Normale
France,FR:Line::5C7E6571-E713-456B-9CC6-C22814EB3809:,Bourgoin-Jallieu,Chambery,7,Desserte Normale
France,FR:Line::5CE372B6-CE7D-4780-B4F8-F5979FED5405:,Lyon Part Dieu,Avignon,1,Sous-desservi
France,FR:Line::5CE372B6-CE7D-4780-B4F8-F5979FED5405:,Lyon Part Dieu,Avignon,1,Sous-desservi
France,FR:Line::5CE372B6-CE7D-4780-B4F8-F5979FED5405:,Lyon Part Dieu,Avignon,55,Desserte Normale
France,FR:Line::5CE372B6-CE7D-4780-B4F8-F5979FED5405:,Lyon Part Dieu,Avignon,1,Sous-desservi
France,FR:Line::5CE372B6-CE7D-4780-B4F8-F5979FED5405:,Lyon Part Dieu,Avignon,4,Sous-desservi
France,FR:Line::5CE372B6-CE7D-4780-B4F8-F5979FED5405:,Lyon Part Dieu,Avignon,9,Desserte Normale
France,FR:Line::5CE372B6-CE7D-4780-B4F8-F5979FED5405:,Lyon Part Dieu,Avignon,13,Desserte Normale
France,FR:Line::5D89C2F5-735F-4E7B-BD48-FF6274049ADC:,Rennes,Vitre,2,Sous-desservi
France,FR:Line::5D89C2F5-735F-4E7B-BD48-FF6274049ADC:,Rennes,Vitre,1,Sous-desservi
France,FR:Line::5D89C2F5-735F-4E7B-BD48-FF6274049ADC:,Rennes,Vitre,6,Sous-desservi
France,FR:Line::5D89C2F5-735F-4E7B-BD48-FF6274049ADC:,Rennes,Vitre,37,Desserte Normale
France,FR:Line::5D89C2F5-735F-4E7B-BD48-FF6274049ADC:,Rennes,Vitre,2,Sous-desservi
France,FR:Line::5D89C2F5-735F-4E7B-BD48-FF6274049ADC:,Rennes,Vitre,5,Sous-desservi
France,FR:Line::5D89C2F5-735F-4E7B-BD48-FF6274049ADC:,Rennes,Vitre,37,Desserte Normale
France,FR:Line::5E1E8A00-EE09-4F92-9E83-4C809674828F:,Nancy,Vittel via Autoroute,4,Sous-desservi
France,FR:Line::5E1E8A00-EE09-4F92-9E83-4C809674828F:,Nancy,Vittel via Autoroute,15,Desserte Normale
France,FR:Line::5E25F2B5-D15F-475F-B424-C7ED6748FE50:,Lisieux,Deauville,22,Desserte Normale
France,FR:Line::5EBB4B8B-32E4-41BD-BE0E-23A41872D992:,Saint-André Le Gaz,Chambery,10,Desserte Normale
France,FR:Line::5F71EC1D-5326-4515-A083-D211D668A970:,Orléans,Nevers,2,Sous-desservi
France,FR:Line::5F71EC1D-5326-4515-A083-D211D668A970:,Orléans,Nevers,2,Sous-desservi
France,FR:Line::5F71EC1D-5326-4515-A083-D211D668A970:,Orléans,Nevers,1,Sous-desservi
France,FR:Line::5F71EC1D-5326-4515-A083-D211D668A970:,Orléans,Nevers,1,Sous-desservi
France,FR:Line::5F71EC1D-5326-4515-A083-D211D668A970:,Orléans,Nevers,3,Sous-desservi
France,FR:Line::5F71EC1D-5326-4515-A083-D211D668A970:,Orléans,Nevers,2,Sous-desservi
France,FR:Line::5F71EC1D-5326-4515-A083-D211D668A970:,Orléans,Nevers,72,Bien desservi
France,FR:Line::5F71EC1D-5326-4515-A083-D211D668A970:,Orléans,Nevers,1,Sous-desservi
France,FR:Line::5F78C151-1447-4A6B-9456-5D87E4BCA50B:,Nancy,Damblain,2,Sous-desservi
France,FR:Line::5F78C151-1447-4A6B-9456-5D87E4BCA50B:,Nancy,Damblain,1,Sous-desservi
France,FR:Line::5F78C151-1447-4A6B-9456-5D87E4BCA50B:,Nancy,Damblain,12,Desserte Normale
France,FR:Line::5F78C151-1447-4A6B-9456-5D87E4BCA50B:,Nancy,Damblain,30,Desserte Normale
France,FR:Line::5af9eaad-75f1-4fdd-a67b-a7aea5d19625:,Paris,Chablais TGV,6,Sous-desservi
France,FR:Line::5af9eaad-75f1-4fdd-a67b-a7aea5d19625:,Paris,Chablais TGV,2,Sous-desservi
France,FR:Line::5af9eaad-75f1-4fdd-a67b-a7aea5d19625:,Paris,Chablais TGV,4,Sous-desservi
France,FR:Line::5af9eaad-75f1-4fdd-a67b-a7aea5d19625:,Paris,Chablais TGV,1,Sous-desservi
France,FR:Line::5af9eaad-75f1-4fdd-a67b-a7aea5d19625:,Paris,Chablais TGV,1,Sous-desservi
France,FR:Line::5af9eaad-75f1-4fdd-a67b-a7aea5d19625:,Paris,Chablais TGV,5,Sous-desservi
France,FR:Line::5af9eaad-75f1-4fdd-a67b-a7aea5d19625:,Paris,Chablais TGV,8,Desserte Normale
France,FR:Line::5af9eaad-75f1-4fdd-a67b-a7aea5d19625:,Paris,Chablais TGV,7,Desserte Normale
France,FR:Line::5af9eaad-75f1-4fdd-a67b-a7aea5d19625:,Paris,Chablais TGV,7,Desserte Normale
France,FR:Line::5af9eaad-75f1-4fdd-a67b-a7aea5d19625:,Paris,Chablais TGV,2,Sous-desservi
France,FR:Line::5af9eaad-75f1-4fdd-a67b-a7aea5d19625:,Paris,Chablais TGV,2,Sous-desservi
France,FR:Line::5af9eaad-75f1-4fdd-a67b-a7aea5d19625:,Paris,Chablais TGV,1,Sous-desservi
France,FR:Line::5af9eaad-75f1-4fdd-a67b-a7aea5d19625:,Paris,Chablais TGV,2,Sous-desservi
France,FR:Line::5af9eaad-75f1-4fdd-a67b-a7aea5d19625:,Paris,Chablais TGV,1,Sous-desservi
France,FR:Line::5af9eaad-75f1-4fdd-a67b-a7aea5d19625:,Paris,Chablais TGV,3,Sous-desservi
France,FR:Line::5c3aef34-54ab-4323-8cf2-326ed5f48e74:,Limoges,Ussel,4,Sous-desservi
France,FR:Line::5c3aef34-54ab-4323-8cf2-326ed5f48e74:,Limoges,Ussel,6,Sous-desservi
France,FR:Line::5c3aef34-54ab-4323-8cf2-326ed5f48e74:,Limoges,Ussel,1,Sous-desservi
France,FR:Line::5c3aef34-54ab-4323-8cf2-326ed5f48e74:,Limoges,Ussel,11,Desserte Normale
France,FR:Line::5c3aef34-54ab-4323-8cf2-326ed5f48e74:,Limoges,Ussel,22,Desserte Normale
France,FR:Line::5c3aef34-54ab-4323-8cf2-326ed5f48e74:,Limoges,Ussel,1,Sous-desservi
France,FR:Line::5c3aef34-54ab-4323-8cf2-326ed5f48e74:,Limoges,Ussel,11,Desserte Normale
France,FR:Line::5c3aef34-54ab-4323-8cf2-326ed5f48e74:,Limoges,Ussel,24,Desserte Normale
France,FR:Line::5eba5a0a-e3e4-4ed8-8019-d0897daec724:,Bourges,Montluçon,1,Sous-desservi
France,FR:Line::5eba5a0a-e3e4-4ed8-8019-d0897daec724:,Bourges,Montluçon,12,Desserte Normale
France,FR:Line::5ed2f41e-5576-4745-96f5-3682a3f86989:,STRASBOURG,SELESTAT Via MOLSHEIM,1,Sous-desservi
France,FR:Line::5ed2f41e-5576-4745-96f5-3682a3f86989:,STRASBOURG,SELESTAT Via MOLSHEIM,1,Sous-desservi
France,FR:Line::5ed2f41e-5576-4745-96f5-3682a3f86989:,STRASBOURG,SELESTAT Via MOLSHEIM,68,Bien desservi
France,FR:Line::5ed2f41e-5576-4745-96f5-3682a3f86989:,STRASBOURG,SELESTAT Via MOLSHEIM,46,Desserte Normale
France,FR:Line::601B40CA-5FF5-4DBC-927F-C6E397F6BB71:,Saverne,Frohmul,1,Sous-desservi
France,FR:Line::601B40CA-5FF5-4DBC-927F-C6E397F6BB71:,Saverne,Frohmul,5,Sous-desservi
France,FR:Line::608A9B0B-6DF0-475B-82BA-E9792D7972A5:,ANNECY,COPPET,39,Desserte Normale
France,FR:Line::608A9B0B-6DF0-475B-82BA-E9792D7972A5:,ANNECY,COPPET,3,Sous-desservi
France,FR:Line::608A9B0B-6DF0-475B-82BA-E9792D7972A5:,ANNECY,COPPET,2,Sous-desservi
France,FR:Line::608A9B0B-6DF0-475B-82BA-E9792D7972A5:,ANNECY,COPPET,30,Desserte Normale
France,FR:Line::608A9B0B-6DF0-475B-82BA-E9792D7972A5:,ANNECY,COPPET,1,Sous-desservi
France,FR:Line::608A9B0B-6DF0-475B-82BA-E9792D7972A5:,ANNECY,COPPET,12,Desserte Normale
France,FR:Line::608A9B0B-6DF0-475B-82BA-E9792D7972A5:,ANNECY,COPPET,43,Desserte Normale
France,FR:Line::60EB08DC-0C15-42CD-8B51-908658B90D61:,Nantes,Rennes,1,Sous-desservi
France,FR:Line::60EB08DC-0C15-42CD-8B51-908658B90D61:,Nantes,Rennes,1,Sous-desservi
France,FR:Line::60EB08DC-0C15-42CD-8B51-908658B90D61:,Nantes,Rennes,1,Sous-desservi
France,FR:Line::60EB08DC-0C15-42CD-8B51-908658B90D61:,Nantes,Rennes,1,Sous-desservi
France,FR:Line::60EB08DC-0C15-42CD-8B51-908658B90D61:,Nantes,Rennes,2,Sous-desservi
France,FR:Line::60EB08DC-0C15-42CD-8B51-908658B90D61:,Nantes,Rennes,6,Sous-desservi
France,FR:Line::60EB08DC-0C15-42CD-8B51-908658B90D61:,Nantes,Rennes,10,Desserte Normale
France,FR:Line::60EB08DC-0C15-42CD-8B51-908658B90D61:,Nantes,Rennes,5,Sous-desservi
France,FR:Line::60EB08DC-0C15-42CD-8B51-908658B90D61:,Nantes,Rennes,1,Sous-desservi
France,FR:Line::60EB08DC-0C15-42CD-8B51-908658B90D61:,Nantes,Rennes,6,Sous-desservi
France,FR:Line::60EB08DC-0C15-42CD-8B51-908658B90D61:,Nantes,Rennes,10,Desserte Normale
France,FR:Line::60a02f18-2eca-4314-bb8f-6933a6768543:,Bordeaux,Mont-de-Marsan,1,Sous-desservi
France,FR:Line::60a02f18-2eca-4314-bb8f-6933a6768543:,Bordeaux,Mont-de-Marsan,2,Sous-desservi
France,FR:Line::60a02f18-2eca-4314-bb8f-6933a6768543:,Bordeaux,Mont-de-Marsan,1,Sous-desservi
France,FR:Line::60a02f18-2eca-4314-bb8f-6933a6768543:,Bordeaux,Mont-de-Marsan,1,Sous-desservi
France,FR:Line::60a02f18-2eca-4314-bb8f-6933a6768543:,Bordeaux,Mont-de-Marsan,2,Sous-desservi
France,FR:Line::60a02f18-2eca-4314-bb8f-6933a6768543:,Bordeaux,Mont-de-Marsan,2,Sous-desservi
France,FR:Line::60a02f18-2eca-4314-bb8f-6933a6768543:,Bordeaux,Mont-de-Marsan,1,Sous-desservi
France,FR:Line::60a02f18-2eca-4314-bb8f-6933a6768543:,Bordeaux,Mont-de-Marsan,1,Sous-desservi
France,FR:Line::60a02f18-2eca-4314-bb8f-6933a6768543:,Bordeaux,Mont-de-Marsan,2,Sous-desservi
France,FR:Line::60cc677a-4965-4934-adca-1a63a98a4737:,Le Puy en Velay,Marvejols,2,Sous-desservi
France,FR:Line::60faff89-b743-4b4b-a86b-3c0537769bfa:,Paris,Annecy TGV,2,Sous-desservi
France,FR:Line::60faff89-b743-4b4b-a86b-3c0537769bfa:,Paris,Annecy TGV,1,Sous-desservi
France,FR:Line::60faff89-b743-4b4b-a86b-3c0537769bfa:,Paris,Annecy TGV,7,Desserte Normale
France,FR:Line::60faff89-b743-4b4b-a86b-3c0537769bfa:,Paris,Annecy TGV,17,Desserte Normale
France,FR:Line::60faff89-b743-4b4b-a86b-3c0537769bfa:,Paris,Annecy TGV,7,Desserte Normale
France,FR:Line::60faff89-b743-4b4b-a86b-3c0537769bfa:,Paris,Annecy TGV,1,Sous-desservi
France,FR:Line::60faff89-b743-4b4b-a86b-3c0537769bfa:,Paris,Annecy TGV,7,Desserte Normale
France,FR:Line::60faff89-b743-4b4b-a86b-3c0537769bfa:,Paris,Annecy TGV,3,Sous-desservi
France,FR:Line::60faff89-b743-4b4b-a86b-3c0537769bfa:,Paris,Annecy TGV,2,Sous-desservi
France,FR:Line::60faff89-b743-4b4b-a86b-3c0537769bfa:,Paris,Annecy TGV,2,Sous-desservi
France,FR:Line::60faff89-b743-4b4b-a86b-3c0537769bfa:,Paris,Annecy TGV,9,Desserte Normale
France,FR:Line::60faff89-b743-4b4b-a86b-3c0537769bfa:,Paris,Annecy TGV,18,Desserte Normale
France,FR:Line::60faff89-b743-4b4b-a86b-3c0537769bfa:,Paris,Annecy TGV,2,Sous-desservi
France,FR:Line::60faff89-b743-4b4b-a86b-3c0537769bfa:,Paris,Annecy TGV,6,Sous-desservi
France,FR:Line::60faff89-b743-4b4b-a86b-3c0537769bfa:,Paris,Annecy TGV,29,Desserte Normale
France,FR:Line::60faff89-b743-4b4b-a86b-3c0537769bfa:,Paris,Annecy TGV,2,Sous-desservi
France,FR:Line::60faff89-b743-4b4b-a86b-3c0537769bfa:,Paris,Annecy TGV,3,Sous-desservi
France,FR:Line::60faff89-b743-4b4b-a86b-3c0537769bfa:,Paris,Annecy TGV,1,Sous-desservi
France,FR:Line::60faff89-b743-4b4b-a86b-3c0537769bfa:,Paris,Annecy TGV,12,Desserte Normale
France,FR:Line::60faff89-b743-4b4b-a86b-3c0537769bfa:,Paris,Annecy TGV,17,Desserte Normale
France,FR:Line::60faff89-b743-4b4b-a86b-3c0537769bfa:,Paris,Annecy TGV,5,Sous-desservi
France,FR:Line::60faff89-b743-4b4b-a86b-3c0537769bfa:,Paris,Annecy TGV,13,Desserte Normale
France,FR:Line::6155CD5F-AB2D-4274-A052-8C7462540578:,PARIS,GRANVILLE,3,Sous-desservi
France,FR:Line::6155CD5F-AB2D-4274-A052-8C7462540578:,PARIS,GRANVILLE,1,Sous-desservi
France,FR:Line::6155CD5F-AB2D-4274-A052-8C7462540578:,PARIS,GRANVILLE,2,Sous-desservi
France,FR:Line::6155CD5F-AB2D-4274-A052-8C7462540578:,PARIS,GRANVILLE,1,Sous-desservi
France,FR:Line::6155CD5F-AB2D-4274-A052-8C7462540578:,PARIS,GRANVILLE,7,Desserte Normale
France,FR:Line::6155CD5F-AB2D-4274-A052-8C7462540578:,PARIS,GRANVILLE,1,Sous-desservi
France,FR:Line::6155CD5F-AB2D-4274-A052-8C7462540578:,PARIS,GRANVILLE,1,Sous-desservi
France,FR:Line::6155CD5F-AB2D-4274-A052-8C7462540578:,PARIS,GRANVILLE,1,Sous-desservi
France,FR:Line::6155CD5F-AB2D-4274-A052-8C7462540578:,PARIS,GRANVILLE,4,Sous-desservi
France,FR:Line::6155CD5F-AB2D-4274-A052-8C7462540578:,PARIS,GRANVILLE,51,Desserte Normale
France,FR:Line::62C16406-4390-4C30-B97A-94317527CF00:,Paris,Nantes TGV,10,Desserte Normale
France,FR:Line::62C16406-4390-4C30-B97A-94317527CF00:,Paris,Nantes TGV,37,Desserte Normale
France,FR:Line::62C16406-4390-4C30-B97A-94317527CF00:,Paris,Nantes TGV,11,Desserte Normale
France,FR:Line::62C16406-4390-4C30-B97A-94317527CF00:,Paris,Nantes TGV,10,Desserte Normale
France,FR:Line::62C16406-4390-4C30-B97A-94317527CF00:,Paris,Nantes TGV,25,Desserte Normale
France,FR:Line::62C16406-4390-4C30-B97A-94317527CF00:,Paris,Nantes TGV,10,Desserte Normale
France,FR:Line::62C16406-4390-4C30-B97A-94317527CF00:,Paris,Nantes TGV,30,Desserte Normale
France,FR:Line::62C16406-4390-4C30-B97A-94317527CF00:,Paris,Nantes TGV,2,Sous-desservi
France,FR:Line::62C16406-4390-4C30-B97A-94317527CF00:,Paris,Nantes TGV,6,Sous-desservi
France,FR:Line::62C16406-4390-4C30-B97A-94317527CF00:,Paris,Nantes TGV,4,Sous-desservi
France,FR:Line::62C16406-4390-4C30-B97A-94317527CF00:,Paris,Nantes TGV,14,Desserte Normale
France,FR:Line::62C16406-4390-4C30-B97A-94317527CF00:,Paris,Nantes TGV,8,Desserte Normale
France,FR:Line::62C16406-4390-4C30-B97A-94317527CF00:,Paris,Nantes TGV,3,Sous-desservi
France,FR:Line::62C16406-4390-4C30-B97A-94317527CF00:,Paris,Nantes TGV,11,Desserte Normale
France,FR:Line::62C16406-4390-4C30-B97A-94317527CF00:,Paris,Nantes TGV,18,Desserte Normale
France,FR:Line::62C16406-4390-4C30-B97A-94317527CF00:,Paris,Nantes TGV,5,Sous-desservi
France,FR:Line::62C16406-4390-4C30-B97A-94317527CF00:,Paris,Nantes TGV,41,Desserte Normale
France,FR:Line::62C16406-4390-4C30-B97A-94317527CF00:,Paris,Nantes TGV,42,Desserte Normale
France,FR:Line::63041DA9-0F0D-48EB-A55B-FDC974E84576:,Belfort,Vesoul,2,Sous-desservi
France,FR:Line::63041DA9-0F0D-48EB-A55B-FDC974E84576:,Belfort,Vesoul,18,Desserte Normale
France,FR:Line::6349C213-7B19-4078-BF2B-43CBECDA9545:,Ambérieu,Saint-Étienne,65,Bien desservi
France,FR:Line::6349C213-7B19-4078-BF2B-43CBECDA9545:,Ambérieu,Saint-Étienne,1,Sous-desservi
France,FR:Line::6349C213-7B19-4078-BF2B-43CBECDA9545:,Ambérieu,Saint-Étienne,2,Sous-desservi
France,FR:Line::6349C213-7B19-4078-BF2B-43CBECDA9545:,Ambérieu,Saint-Étienne,6,Sous-desservi
France,FR:Line::6349C213-7B19-4078-BF2B-43CBECDA9545:,Ambérieu,Saint-Étienne,9,Desserte Normale
France,FR:Line::6349C213-7B19-4078-BF2B-43CBECDA9545:,Ambérieu,Saint-Étienne,1,Sous-desservi
France,FR:Line::6349C213-7B19-4078-BF2B-43CBECDA9545:,Ambérieu,Saint-Étienne,2,Sous-desservi
France,FR:Line::6349C213-7B19-4078-BF2B-43CBECDA9545:,Ambérieu,Saint-Étienne,1,Sous-desservi
France,FR:Line::6349C213-7B19-4078-BF2B-43CBECDA9545:,Ambérieu,Saint-Étienne,2,Sous-desservi
France,FR:Line::6349C213-7B19-4078-BF2B-43CBECDA9545:,Ambérieu,Saint-Étienne,1,Sous-desservi
France,FR:Line::6349C213-7B19-4078-BF2B-43CBECDA9545:,Ambérieu,Saint-Étienne,14,Desserte Normale
France,FR:Line::6349C213-7B19-4078-BF2B-43CBECDA9545:,Ambérieu,Saint-Étienne,70,Bien desservi
France,FR:Line::647E18CD-5FFE-40B0-832B-0613E3A1C822:,Sarreguemines,Sarrebourg,1,Sous-desservi
France,FR:Line::647E18CD-5FFE-40B0-832B-0613E3A1C822:,Sarreguemines,Sarrebourg,1,Sous-desservi
France,FR:Line::647E18CD-5FFE-40B0-832B-0613E3A1C822:,Sarreguemines,Sarrebourg,13,Desserte Normale
France,FR:Line::647E18CD-5FFE-40B0-832B-0613E3A1C822:,Sarreguemines,Sarrebourg,34,Desserte Normale
France,FR:Line::6480700B-AEFE-47AA-B7EC-814EA0C92E02:,Rennes,Messac-Guipry,1,Sous-desservi
France,FR:Line::6480700B-AEFE-47AA-B7EC-814EA0C92E02:,Rennes,Messac-Guipry,35,Desserte Normale
France,FR:Line::6480700B-AEFE-47AA-B7EC-814EA0C92E02:,Rennes,Messac-Guipry,1,Sous-desservi
France,FR:Line::6480700B-AEFE-47AA-B7EC-814EA0C92E02:,Rennes,Messac-Guipry,35,Desserte Normale
France,FR:Line::64CFA44A-8FD1-4AEA-B725-EBD4316DC806:,Crépy-En-Valois,Laon,1,Sous-desservi
France,FR:Line::64CFA44A-8FD1-4AEA-B725-EBD4316DC806:,Crépy-En-Valois,Laon,1,Sous-desservi
France,FR:Line::64CFA44A-8FD1-4AEA-B725-EBD4316DC806:,Crépy-En-Valois,Laon,1,Sous-desservi
France,FR:Line::64CFA44A-8FD1-4AEA-B725-EBD4316DC806:,Crépy-En-Valois,Laon,5,Sous-desservi
France,FR:Line::65138810-3045-45FD-930D-FA56FDE62809:,Dijon,Auxerre,1,Sous-desservi
France,FR:Line::65138810-3045-45FD-930D-FA56FDE62809:,Dijon,Auxerre,1,Sous-desservi
France,FR:Line::65138810-3045-45FD-930D-FA56FDE62809:,Dijon,Auxerre,1,Sous-desservi
France,FR:Line::65138810-3045-45FD-930D-FA56FDE62809:,Dijon,Auxerre,1,Sous-desservi
France,FR:Line::65138810-3045-45FD-930D-FA56FDE62809:,Dijon,Auxerre,1,Sous-desservi
France,FR:Line::65138810-3045-45FD-930D-FA56FDE62809:,Dijon,Auxerre,3,Sous-desservi
France,FR:Line::65138810-3045-45FD-930D-FA56FDE62809:,Dijon,Auxerre,5,Sous-desservi
France,FR:Line::65138810-3045-45FD-930D-FA56FDE62809:,Dijon,Auxerre,1,Sous-desservi
France,FR:Line::65138810-3045-45FD-930D-FA56FDE62809:,Dijon,Auxerre,8,Desserte Normale
France,FR:Line::65138810-3045-45FD-930D-FA56FDE62809:,Dijon,Auxerre,2,Sous-desservi
France,FR:Line::65138810-3045-45FD-930D-FA56FDE62809:,Dijon,Auxerre,1,Sous-desservi
France,FR:Line::65138810-3045-45FD-930D-FA56FDE62809:,Dijon,Auxerre,1,Sous-desservi
France,FR:Line::65138810-3045-45FD-930D-FA56FDE62809:,Dijon,Auxerre,3,Sous-desservi
France,FR:Line::65138810-3045-45FD-930D-FA56FDE62809:,Dijon,Auxerre,2,Sous-desservi
France,FR:Line::65138810-3045-45FD-930D-FA56FDE62809:,Dijon,Auxerre,1,Sous-desservi
France,FR:Line::65138810-3045-45FD-930D-FA56FDE62809:,Dijon,Auxerre,2,Sous-desservi
France,FR:Line::65138810-3045-45FD-930D-FA56FDE62809:,Dijon,Auxerre,3,Sous-desservi
France,FR:Line::65138810-3045-45FD-930D-FA56FDE62809:,Dijon,Auxerre,15,Desserte Normale
France,FR:Line::6660e3b5-b253-43c4-9e58-ece4d79481bf:,Bordeaux,Mont-de-Marsan,3,Sous-desservi
France,FR:Line::6660e3b5-b253-43c4-9e58-ece4d79481bf:,Bordeaux,Mont-de-Marsan,3,Sous-desservi
France,FR:Line::6660e3b5-b253-43c4-9e58-ece4d79481bf:,Bordeaux,Mont-de-Marsan,26,Desserte Normale
France,FR:Line::6660e3b5-b253-43c4-9e58-ece4d79481bf:,Bordeaux,Mont-de-Marsan,3,Sous-desservi
France,FR:Line::6660e3b5-b253-43c4-9e58-ece4d79481bf:,Bordeaux,Mont-de-Marsan,35,Desserte Normale
France,FR:Line::6660e3b5-b253-43c4-9e58-ece4d79481bf:,Bordeaux,Mont-de-Marsan,1,Sous-desservi
France,FR:Line::6660e3b5-b253-43c4-9e58-ece4d79481bf:,Bordeaux,Mont-de-Marsan,2,Sous-desservi
France,FR:Line::6660e3b5-b253-43c4-9e58-ece4d79481bf:,Bordeaux,Mont-de-Marsan,9,Desserte Normale
France,FR:Line::6660e3b5-b253-43c4-9e58-ece4d79481bf:,Bordeaux,Mont-de-Marsan,6,Sous-desservi
France,FR:Line::6660e3b5-b253-43c4-9e58-ece4d79481bf:,Bordeaux,Mont-de-Marsan,1,Sous-desservi
France,FR:Line::6660e3b5-b253-43c4-9e58-ece4d79481bf:,Bordeaux,Mont-de-Marsan,25,Desserte Normale
France,FR:Line::6660e3b5-b253-43c4-9e58-ece4d79481bf:,Bordeaux,Mont-de-Marsan,25,Desserte Normale
France,FR:Line::666769D0-F105-4734-9587-1D966650724A:,Strasbourg,Sarrebruck,1,Sous-desservi
France,FR:Line::666769D0-F105-4734-9587-1D966650724A:,Strasbourg,Sarrebruck,16,Desserte Normale
France,FR:Line::666769D0-F105-4734-9587-1D966650724A:,Strasbourg,Sarrebruck,12,Desserte Normale
France,FR:Line::666769D0-F105-4734-9587-1D966650724A:,Strasbourg,Sarrebruck,1,Sous-desservi
France,FR:Line::666769D0-F105-4734-9587-1D966650724A:,Strasbourg,Sarrebruck,18,Desserte Normale
France,FR:Line::666769D0-F105-4734-9587-1D966650724A:,Strasbourg,Sarrebruck,34,Desserte Normale
France,FR:Line::66849E04-284F-47D7-8795-4C925C6ED66F:,Paris,Cherbourg,1,Sous-desservi
France,FR:Line::66849E04-284F-47D7-8795-4C925C6ED66F:,Paris,Cherbourg,1,Sous-desservi
France,FR:Line::66849E04-284F-47D7-8795-4C925C6ED66F:,Paris,Cherbourg,1,Sous-desservi
France,FR:Line::66849E04-284F-47D7-8795-4C925C6ED66F:,Paris,Cherbourg,1,Sous-desservi
France,FR:Line::66849E04-284F-47D7-8795-4C925C6ED66F:,Paris,Cherbourg,1,Sous-desservi
France,FR:Line::66849E04-284F-47D7-8795-4C925C6ED66F:,Paris,Cherbourg,5,Sous-desservi
France,FR:Line::66849E04-284F-47D7-8795-4C925C6ED66F:,Paris,Cherbourg,51,Desserte Normale
France,FR:Line::66C88B3F-BB90-4A61-A125-548358ADEB68:,Etang,Autun,6,Sous-desservi
France,FR:Line::66C88B3F-BB90-4A61-A125-548358ADEB68:,Etang,Autun,24,Desserte Normale
France,FR:Line::66FCED9B-077E-41C9-AF96-CA119BF3E925:,Paris,BPL,3,Sous-desservi
France,FR:Line::66FCED9B-077E-41C9-AF96-CA119BF3E925:,Paris,BPL,1,Sous-desservi
France,FR:Line::66FCED9B-077E-41C9-AF96-CA119BF3E925:,Paris,BPL,1,Sous-desservi
France,FR:Line::66FCED9B-077E-41C9-AF96-CA119BF3E925:,Paris,BPL,1,Sous-desservi
France,FR:Line::66FCED9B-077E-41C9-AF96-CA119BF3E925:,Paris,BPL,3,Sous-desservi
France,FR:Line::66FCED9B-077E-41C9-AF96-CA119BF3E925:,Paris,BPL,1,Sous-desservi
France,FR:Line::66FCED9B-077E-41C9-AF96-CA119BF3E925:,Paris,BPL,2,Sous-desservi
France,FR:Line::67BBE50E-8EF8-48E9-8B18-7D4116AF8631:,Strasbourg,Woerth,14,Desserte Normale
France,FR:Line::67BBE50E-8EF8-48E9-8B18-7D4116AF8631:,Strasbourg,Woerth,2,Sous-desservi
France,FR:Line::67BBE50E-8EF8-48E9-8B18-7D4116AF8631:,Strasbourg,Woerth,8,Desserte Normale
France,FR:Line::67BBE50E-8EF8-48E9-8B18-7D4116AF8631:,Strasbourg,Woerth,18,Desserte Normale
France,FR:Line::67BBE50E-8EF8-48E9-8B18-7D4116AF8631:,Strasbourg,Woerth,43,Desserte Normale
France,FR:Line::67f8a1ee-e295-40e2-82e3-0cd94e9fd8f6:,Paris,Brest,1,Sous-desservi
France,FR:Line::67f8a1ee-e295-40e2-82e3-0cd94e9fd8f6:,Paris,Brest,1,Sous-desservi
France,FR:Line::67f8a1ee-e295-40e2-82e3-0cd94e9fd8f6:,Paris,Brest,2,Sous-desservi
France,FR:Line::67f8a1ee-e295-40e2-82e3-0cd94e9fd8f6:,Paris,Brest,1,Sous-desservi
France,FR:Line::67f8a1ee-e295-40e2-82e3-0cd94e9fd8f6:,Paris,Brest,2,Sous-desservi
France,FR:Line::67f8a1ee-e295-40e2-82e3-0cd94e9fd8f6:,Paris,Brest,1,Sous-desservi
France,FR:Line::67f8a1ee-e295-40e2-82e3-0cd94e9fd8f6:,Paris,Brest,2,Sous-desservi
France,FR:Line::67f8a1ee-e295-40e2-82e3-0cd94e9fd8f6:,Paris,Brest,3,Sous-desservi
France,FR:Line::67f8a1ee-e295-40e2-82e3-0cd94e9fd8f6:,Paris,Brest,2,Sous-desservi
France,FR:Line::6831fb72-94d3-417c-915f-b9656db78b1a:,Libourne,Arcachon,9,Desserte Normale
France,FR:Line::6831fb72-94d3-417c-915f-b9656db78b1a:,Libourne,Arcachon,51,Desserte Normale
France,FR:Line::6831fb72-94d3-417c-915f-b9656db78b1a:,Libourne,Arcachon,52,Desserte Normale
France,FR:Line::6831fb72-94d3-417c-915f-b9656db78b1a:,Libourne,Arcachon,53,Desserte Normale
France,FR:Line::6831fb72-94d3-417c-915f-b9656db78b1a:,Libourne,Arcachon,1,Sous-desservi
France,FR:Line::6831fb72-94d3-417c-915f-b9656db78b1a:,Libourne,Arcachon,51,Desserte Normale
France,FR:Line::6831fb72-94d3-417c-915f-b9656db78b1a:,Libourne,Arcachon,2,Sous-desservi
France,FR:Line::6831fb72-94d3-417c-915f-b9656db78b1a:,Libourne,Arcachon,54,Desserte Normale
France,FR:Line::6831fb72-94d3-417c-915f-b9656db78b1a:,Libourne,Arcachon,1,Sous-desservi
France,FR:Line::6831fb72-94d3-417c-915f-b9656db78b1a:,Libourne,Arcachon,68,Bien desservi
France,FR:Line::6831fb72-94d3-417c-915f-b9656db78b1a:,Libourne,Arcachon,52,Desserte Normale
France,FR:Line::6831fb72-94d3-417c-915f-b9656db78b1a:,Libourne,Arcachon,4,Sous-desservi
France,FR:Line::6831fb72-94d3-417c-915f-b9656db78b1a:,Libourne,Arcachon,4,Sous-desservi
France,FR:Line::6831fb72-94d3-417c-915f-b9656db78b1a:,Libourne,Arcachon,139,Bien desservi
France,FR:Line::6831fb72-94d3-417c-915f-b9656db78b1a:,Libourne,Arcachon,65,Bien desservi
France,FR:Line::6831fb72-94d3-417c-915f-b9656db78b1a:,Libourne,Arcachon,31,Desserte Normale
France,FR:Line::6831fb72-94d3-417c-915f-b9656db78b1a:,Libourne,Arcachon,10,Desserte Normale
France,FR:Line::6831fb72-94d3-417c-915f-b9656db78b1a:,Libourne,Arcachon,54,Desserte Normale
France,FR:Line::6831fb72-94d3-417c-915f-b9656db78b1a:,Libourne,Arcachon,44,Desserte Normale
France,FR:Line::6833bf81-1ed0-4954-a4e7-803f6801897b:,REIMS,CULMONT CHALINDREY,2,Sous-desservi
France,FR:Line::6833bf81-1ed0-4954-a4e7-803f6801897b:,REIMS,CULMONT CHALINDREY,2,Sous-desservi
France,FR:Line::6833bf81-1ed0-4954-a4e7-803f6801897b:,REIMS,CULMONT CHALINDREY,5,Sous-desservi
France,FR:Line::6833bf81-1ed0-4954-a4e7-803f6801897b:,REIMS,CULMONT CHALINDREY,5,Sous-desservi
France,FR:Line::6833bf81-1ed0-4954-a4e7-803f6801897b:,REIMS,CULMONT CHALINDREY,4,Sous-desservi
France,FR:Line::6833bf81-1ed0-4954-a4e7-803f6801897b:,REIMS,CULMONT CHALINDREY,1,Sous-desservi
France,FR:Line::6833bf81-1ed0-4954-a4e7-803f6801897b:,REIMS,CULMONT CHALINDREY,1,Sous-desservi
France,FR:Line::6833bf81-1ed0-4954-a4e7-803f6801897b:,REIMS,CULMONT CHALINDREY,1,Sous-desservi
France,FR:Line::6833bf81-1ed0-4954-a4e7-803f6801897b:,REIMS,CULMONT CHALINDREY,2,Sous-desservi
France,FR:Line::6833bf81-1ed0-4954-a4e7-803f6801897b:,REIMS,CULMONT CHALINDREY,1,Sous-desservi
France,FR:Line::6833bf81-1ed0-4954-a4e7-803f6801897b:,REIMS,CULMONT CHALINDREY,3,Sous-desservi
France,FR:Line::6833bf81-1ed0-4954-a4e7-803f6801897b:,REIMS,CULMONT CHALINDREY,6,Sous-desservi
France,FR:Line::6833bf81-1ed0-4954-a4e7-803f6801897b:,REIMS,CULMONT CHALINDREY,3,Sous-desservi
France,FR:Line::6833bf81-1ed0-4954-a4e7-803f6801897b:,REIMS,CULMONT CHALINDREY,4,Sous-desservi
France,FR:Line::6833bf81-1ed0-4954-a4e7-803f6801897b:,REIMS,CULMONT CHALINDREY,4,Sous-desservi
France,FR:Line::6833bf81-1ed0-4954-a4e7-803f6801897b:,REIMS,CULMONT CHALINDREY,6,Sous-desservi
France,FR:Line::6833bf81-1ed0-4954-a4e7-803f6801897b:,REIMS,CULMONT CHALINDREY,13,Desserte Normale
France,FR:Line::6833bf81-1ed0-4954-a4e7-803f6801897b:,REIMS,CULMONT CHALINDREY,13,Desserte Normale
France,FR:Line::68841c81-3ddf-4568-b525-6e7110d66727:,Paris,Zurich,2,Sous-desservi
France,FR:Line::68841c81-3ddf-4568-b525-6e7110d66727:,Paris,Zurich,3,Sous-desservi
France,FR:Line::68841c81-3ddf-4568-b525-6e7110d66727:,Paris,Zurich,1,Sous-desservi
France,FR:Line::68841c81-3ddf-4568-b525-6e7110d66727:,Paris,Zurich,2,Sous-desservi
France,FR:Line::68841c81-3ddf-4568-b525-6e7110d66727:,Paris,Zurich,2,Sous-desservi
France,FR:Line::68841c81-3ddf-4568-b525-6e7110d66727:,Paris,Zurich,5,Sous-desservi
France,FR:Line::68841c81-3ddf-4568-b525-6e7110d66727:,Paris,Zurich,3,Sous-desservi
France,FR:Line::68841c81-3ddf-4568-b525-6e7110d66727:,Paris,Zurich,2,Sous-desservi
France,FR:Line::68841c81-3ddf-4568-b525-6e7110d66727:,Paris,Zurich,6,Sous-desservi
France,FR:Line::68841c81-3ddf-4568-b525-6e7110d66727:,Paris,Zurich,3,Sous-desservi
France,FR:Line::68841c81-3ddf-4568-b525-6e7110d66727:,Paris,Zurich,2,Sous-desservi
France,FR:Line::68841c81-3ddf-4568-b525-6e7110d66727:,Paris,Zurich,6,Sous-desservi
France,FR:Line::68841c81-3ddf-4568-b525-6e7110d66727:,Paris,Zurich,2,Sous-desservi
France,FR:Line::68841c81-3ddf-4568-b525-6e7110d66727:,Paris,Zurich,14,Desserte Normale
France,FR:Line::68841c81-3ddf-4568-b525-6e7110d66727:,Paris,Zurich,21,Desserte Normale
France,FR:Line::68841c81-3ddf-4568-b525-6e7110d66727:,Paris,Zurich,7,Desserte Normale
France,FR:Line::68841c81-3ddf-4568-b525-6e7110d66727:,Paris,Zurich,6,Sous-desservi
France,FR:Line::68841c81-3ddf-4568-b525-6e7110d66727:,Paris,Zurich,4,Sous-desservi
France,FR:Line::68841c81-3ddf-4568-b525-6e7110d66727:,Paris,Zurich,22,Desserte Normale
France,FR:Line::68841c81-3ddf-4568-b525-6e7110d66727:,Paris,Zurich,1,Sous-desservi
France,FR:Line::68841c81-3ddf-4568-b525-6e7110d66727:,Paris,Zurich,7,Desserte Normale
France,FR:Line::68841c81-3ddf-4568-b525-6e7110d66727:,Paris,Zurich,15,Desserte Normale
France,FR:Line::6973a1d6-1ab5-447c-b47e-d20af934f64d:,Angoulême,Bordeaux,2,Sous-desservi
France,FR:Line::6973a1d6-1ab5-447c-b47e-d20af934f64d:,Angoulême,Bordeaux,10,Desserte Normale
France,FR:Line::6973a1d6-1ab5-447c-b47e-d20af934f64d:,Angoulême,Bordeaux,12,Desserte Normale
France,FR:Line::6973a1d6-1ab5-447c-b47e-d20af934f64d:,Angoulême,Bordeaux,15,Desserte Normale
France,FR:Line::6973a1d6-1ab5-447c-b47e-d20af934f64d:,Angoulême,Bordeaux,9,Desserte Normale
France,FR:Line::6973a1d6-1ab5-447c-b47e-d20af934f64d:,Angoulême,Bordeaux,2,Sous-desservi
France,FR:Line::6973a1d6-1ab5-447c-b47e-d20af934f64d:,Angoulême,Bordeaux,9,Desserte Normale
France,FR:Line::6973a1d6-1ab5-447c-b47e-d20af934f64d:,Angoulême,Bordeaux,18,Desserte Normale
France,FR:Line::6973a1d6-1ab5-447c-b47e-d20af934f64d:,Angoulême,Bordeaux,7,Desserte Normale
France,FR:Line::6973a1d6-1ab5-447c-b47e-d20af934f64d:,Angoulême,Bordeaux,15,Desserte Normale
France,FR:Line::6973a1d6-1ab5-447c-b47e-d20af934f64d:,Angoulême,Bordeaux,11,Desserte Normale
France,FR:Line::69ABADD2-325C-47DC-BC61-D74DD87C5E3C:,Paris,Littoral,12,Desserte Normale
France,FR:Line::69ABADD2-325C-47DC-BC61-D74DD87C5E3C:,Paris,Littoral,6,Sous-desservi
France,FR:Line::69ABADD2-325C-47DC-BC61-D74DD87C5E3C:,Paris,Littoral,2,Sous-desservi
France,FR:Line::69ABADD2-325C-47DC-BC61-D74DD87C5E3C:,Paris,Littoral,7,Desserte Normale
France,FR:Line::69ABADD2-325C-47DC-BC61-D74DD87C5E3C:,Paris,Littoral,5,Sous-desservi
France,FR:Line::69ABADD2-325C-47DC-BC61-D74DD87C5E3C:,Paris,Littoral,1,Sous-desservi
France,FR:Line::69ABADD2-325C-47DC-BC61-D74DD87C5E3C:,Paris,Littoral,1,Sous-desservi
France,FR:Line::69ABADD2-325C-47DC-BC61-D74DD87C5E3C:,Paris,Littoral,1,Sous-desservi
France,FR:Line::69ABADD2-325C-47DC-BC61-D74DD87C5E3C:,Paris,Littoral,5,Sous-desservi
France,FR:Line::69ABADD2-325C-47DC-BC61-D74DD87C5E3C:,Paris,Littoral,14,Desserte Normale
France,FR:Line::69ABADD2-325C-47DC-BC61-D74DD87C5E3C:,Paris,Littoral,8,Desserte Normale
France,FR:Line::69ABADD2-325C-47DC-BC61-D74DD87C5E3C:,Paris,Littoral,18,Desserte Normale
France,FR:Line::69ABADD2-325C-47DC-BC61-D74DD87C5E3C:,Paris,Littoral,11,Desserte Normale
France,FR:Line::69E557E2-3900-42C6-87E5-9A35C4725755:,Dinan,Saint-Brieuc,14,Desserte Normale
France,FR:Line::6A73FB31-69FE-4B0C-A440-2AFC4D7F8084:,Clermont-Ferrand,Montluçon,6,Sous-desservi
France,FR:Line::6A73FB31-69FE-4B0C-A440-2AFC4D7F8084:,Clermont-Ferrand,Montluçon,5,Sous-desservi
France,FR:Line::6A73FB31-69FE-4B0C-A440-2AFC4D7F8084:,Clermont-Ferrand,Montluçon,41,Desserte Normale
France,FR:Line::6A73FB31-69FE-4B0C-A440-2AFC4D7F8084:,Clermont-Ferrand,Montluçon,9,Desserte Normale
France,FR:Line::6A73FB31-69FE-4B0C-A440-2AFC4D7F8084:,Clermont-Ferrand,Montluçon,6,Sous-desservi
France,FR:Line::6A73FB31-69FE-4B0C-A440-2AFC4D7F8084:,Clermont-Ferrand,Montluçon,9,Desserte Normale
France,FR:Line::6A73FB31-69FE-4B0C-A440-2AFC4D7F8084:,Clermont-Ferrand,Montluçon,35,Desserte Normale
France,FR:Line::6B259509-7C17-4FB6-9FCC-895FA3DE16D4:,Toulouse Matabiau,Mazamet,2,Sous-desservi
France,FR:Line::6B259509-7C17-4FB6-9FCC-895FA3DE16D4:,Toulouse Matabiau,Mazamet,16,Desserte Normale
France,FR:Line::6B259509-7C17-4FB6-9FCC-895FA3DE16D4:,Toulouse Matabiau,Mazamet,1,Sous-desservi
France,FR:Line::6B259509-7C17-4FB6-9FCC-895FA3DE16D4:,Toulouse Matabiau,Mazamet,6,Sous-desservi
France,FR:Line::6B259509-7C17-4FB6-9FCC-895FA3DE16D4:,Toulouse Matabiau,Mazamet,24,Desserte Normale
France,FR:Line::6B7519F5-DD4B-4BCC-A46E-FD5529E6446D:,Nancy,Dijon,2,Sous-desservi
France,FR:Line::6B7519F5-DD4B-4BCC-A46E-FD5529E6446D:,Nancy,Dijon,1,Sous-desservi
France,FR:Line::6B7519F5-DD4B-4BCC-A46E-FD5529E6446D:,Nancy,Dijon,3,Sous-desservi
France,FR:Line::6B7519F5-DD4B-4BCC-A46E-FD5529E6446D:,Nancy,Dijon,2,Sous-desservi
France,FR:Line::6B7519F5-DD4B-4BCC-A46E-FD5529E6446D:,Nancy,Dijon,8,Desserte Normale
France,FR:Line::6B7519F5-DD4B-4BCC-A46E-FD5529E6446D:,Nancy,Dijon,20,Desserte Normale
France,FR:Line::6B7519F5-DD4B-4BCC-A46E-FD5529E6446D:,Nancy,Dijon,4,Sous-desservi
France,FR:Line::6B7519F5-DD4B-4BCC-A46E-FD5529E6446D:,Nancy,Dijon,1,Sous-desservi
France,FR:Line::6B7519F5-DD4B-4BCC-A46E-FD5529E6446D:,Nancy,Dijon,2,Sous-desservi
France,FR:Line::6B7519F5-DD4B-4BCC-A46E-FD5529E6446D:,Nancy,Dijon,7,Desserte Normale
France,FR:Line::6C6559A3-00FA-4B21-9192-B00E2C8C9A63:,Tours,Loches,9,Desserte Normale
France,FR:Line::6C6559A3-00FA-4B21-9192-B00E2C8C9A63:,Tours,Loches,25,Desserte Normale
France,FR:Line::6CC8BBE5-9508-49DB-95CD-797616EA49C6:,Normandie,Alpes,1,Sous-desservi
France,FR:Line::6CC8BBE5-9508-49DB-95CD-797616EA49C6:,Normandie,Alpes,1,Sous-desservi
France,FR:Line::6CC8BBE5-9508-49DB-95CD-797616EA49C6:,Normandie,Alpes,2,Sous-desservi
France,FR:Line::6CC8BBE5-9508-49DB-95CD-797616EA49C6:,Normandie,Alpes,3,Sous-desservi
France,FR:Line::6CC8BBE5-9508-49DB-95CD-797616EA49C6:,Normandie,Alpes,2,Sous-desservi
France,FR:Line::6CC8BBE5-9508-49DB-95CD-797616EA49C6:,Normandie,Alpes,2,Sous-desservi
France,FR:Line::6CC8BBE5-9508-49DB-95CD-797616EA49C6:,Normandie,Alpes,3,Sous-desservi
France,FR:Line::6CC8BBE5-9508-49DB-95CD-797616EA49C6:,Normandie,Alpes,1,Sous-desservi
France,FR:Line::6CC8BBE5-9508-49DB-95CD-797616EA49C6:,Normandie,Alpes,4,Sous-desservi
France,FR:Line::6CC8BBE5-9508-49DB-95CD-797616EA49C6:,Normandie,Alpes,4,Sous-desservi
France,FR:Line::6CC8BBE5-9508-49DB-95CD-797616EA49C6:,Normandie,Alpes,5,Sous-desservi
France,FR:Line::6CC8BBE5-9508-49DB-95CD-797616EA49C6:,Normandie,Alpes,1,Sous-desservi
France,FR:Line::6CC8BBE5-9508-49DB-95CD-797616EA49C6:,Normandie,Alpes,2,Sous-desservi
France,FR:Line::6CC8BBE5-9508-49DB-95CD-797616EA49C6:,Normandie,Alpes,4,Sous-desservi
France,FR:Line::6CDB0462-C560-4D14-8E45-60E1833E0725:,Douai,Saint-Quentin,1,Sous-desservi
France,FR:Line::6CDB0462-C560-4D14-8E45-60E1833E0725:,Douai,Saint-Quentin,2,Sous-desservi
France,FR:Line::6D267C2D-7D54-4578-9380-B2C7C75C7010:,Est,Bordeaux TGV,7,Desserte Normale
France,FR:Line::6D267C2D-7D54-4578-9380-B2C7C75C7010:,Est,Bordeaux TGV,2,Sous-desservi
France,FR:Line::6D267C2D-7D54-4578-9380-B2C7C75C7010:,Est,Bordeaux TGV,6,Sous-desservi
France,FR:Line::6D267C2D-7D54-4578-9380-B2C7C75C7010:,Est,Bordeaux TGV,2,Sous-desservi
France,FR:Line::6D267C2D-7D54-4578-9380-B2C7C75C7010:,Est,Bordeaux TGV,4,Sous-desservi
France,FR:Line::6D267C2D-7D54-4578-9380-B2C7C75C7010:,Est,Bordeaux TGV,8,Desserte Normale
France,FR:Line::6D267C2D-7D54-4578-9380-B2C7C75C7010:,Est,Bordeaux TGV,5,Sous-desservi
France,FR:Line::6D267C2D-7D54-4578-9380-B2C7C75C7010:,Est,Bordeaux TGV,4,Sous-desservi
France,FR:Line::6D267C2D-7D54-4578-9380-B2C7C75C7010:,Est,Bordeaux TGV,6,Sous-desservi
France,FR:Line::6D267C2D-7D54-4578-9380-B2C7C75C7010:,Est,Bordeaux TGV,1,Sous-desservi
France,FR:Line::6D267C2D-7D54-4578-9380-B2C7C75C7010:,Est,Bordeaux TGV,6,Sous-desservi
France,FR:Line::6D267C2D-7D54-4578-9380-B2C7C75C7010:,Est,Bordeaux TGV,3,Sous-desservi
France,FR:Line::6D267C2D-7D54-4578-9380-B2C7C75C7010:,Est,Bordeaux TGV,2,Sous-desservi
France,FR:Line::6D267C2D-7D54-4578-9380-B2C7C75C7010:,Est,Bordeaux TGV,10,Desserte Normale
France,FR:Line::6D267C2D-7D54-4578-9380-B2C7C75C7010:,Est,Bordeaux TGV,6,Sous-desservi
France,FR:Line::6D267C2D-7D54-4578-9380-B2C7C75C7010:,Est,Bordeaux TGV,5,Sous-desservi
France,FR:Line::6D267C2D-7D54-4578-9380-B2C7C75C7010:,Est,Bordeaux TGV,7,Desserte Normale
France,FR:Line::6D267C2D-7D54-4578-9380-B2C7C75C7010:,Est,Bordeaux TGV,7,Desserte Normale
France,FR:Line::6D267C2D-7D54-4578-9380-B2C7C75C7010:,Est,Bordeaux TGV,2,Sous-desservi
France,FR:Line::6D267C2D-7D54-4578-9380-B2C7C75C7010:,Est,Bordeaux TGV,1,Sous-desservi
France,FR:Line::6D267C2D-7D54-4578-9380-B2C7C75C7010:,Est,Bordeaux TGV,2,Sous-desservi
France,FR:Line::6D267C2D-7D54-4578-9380-B2C7C75C7010:,Est,Bordeaux TGV,3,Sous-desservi
France,FR:Line::6DA54FE6-6422-40CF-AE37-046532F9B309:,Moulin,Lozanne,2,Sous-desservi
France,FR:Line::6DA54FE6-6422-40CF-AE37-046532F9B309:,Moulin,Lozanne,16,Desserte Normale
France,FR:Line::6DF38694-D2E3-4706-9C07-D57B43B3E20E:,Strasbourg,Molsheim,1,Sous-desservi
France,FR:Line::6DF38694-D2E3-4706-9C07-D57B43B3E20E:,Strasbourg,Molsheim,32,Desserte Normale
France,FR:Line::6DF38694-D2E3-4706-9C07-D57B43B3E20E:,Strasbourg,Molsheim,40,Desserte Normale
France,FR:Line::6E3CCD81-9398-44C3-9D79-072A8303E507:,Paris,Luxembourg TGV,1,Sous-desservi
France,FR:Line::6E3CCD81-9398-44C3-9D79-072A8303E507:,Paris,Luxembourg TGV,2,Sous-desservi
France,FR:Line::6E3CCD81-9398-44C3-9D79-072A8303E507:,Paris,Luxembourg TGV,1,Sous-desservi
France,FR:Line::6E3CCD81-9398-44C3-9D79-072A8303E507:,Paris,Luxembourg TGV,1,Sous-desservi
France,FR:Line::6E3CCD81-9398-44C3-9D79-072A8303E507:,Paris,Luxembourg TGV,1,Sous-desservi
France,FR:Line::6E3CCD81-9398-44C3-9D79-072A8303E507:,Paris,Luxembourg TGV,5,Sous-desservi
France,FR:Line::6E3CCD81-9398-44C3-9D79-072A8303E507:,Paris,Luxembourg TGV,7,Desserte Normale
France,FR:Line::6E3CCD81-9398-44C3-9D79-072A8303E507:,Paris,Luxembourg TGV,1,Sous-desservi
France,FR:Line::6E3CCD81-9398-44C3-9D79-072A8303E507:,Paris,Luxembourg TGV,1,Sous-desservi
France,FR:Line::6E3CCD81-9398-44C3-9D79-072A8303E507:,Paris,Luxembourg TGV,8,Desserte Normale
France,FR:Line::6E3CCD81-9398-44C3-9D79-072A8303E507:,Paris,Luxembourg TGV,1,Sous-desservi
France,FR:Line::6E3CCD81-9398-44C3-9D79-072A8303E507:,Paris,Luxembourg TGV,1,Sous-desservi
France,FR:Line::6E3CCD81-9398-44C3-9D79-072A8303E507:,Paris,Luxembourg TGV,3,Sous-desservi
France,FR:Line::6E3CCD81-9398-44C3-9D79-072A8303E507:,Paris,Luxembourg TGV,1,Sous-desservi
France,FR:Line::6E3CCD81-9398-44C3-9D79-072A8303E507:,Paris,Luxembourg TGV,3,Sous-desservi
France,FR:Line::6E3CCD81-9398-44C3-9D79-072A8303E507:,Paris,Luxembourg TGV,1,Sous-desservi
France,FR:Line::6E3CCD81-9398-44C3-9D79-072A8303E507:,Paris,Luxembourg TGV,10,Desserte Normale
France,FR:Line::6E3CCD81-9398-44C3-9D79-072A8303E507:,Paris,Luxembourg TGV,16,Desserte Normale
France,FR:Line::6EB40F7F-A941-42AC-A848-3BC87A0676D0:,Nantes,St-Gilles-Croix-De-Vie,4,Sous-desservi
France,FR:Line::6EB40F7F-A941-42AC-A848-3BC87A0676D0:,Nantes,St-Gilles-Croix-De-Vie,2,Sous-desservi
France,FR:Line::6EB40F7F-A941-42AC-A848-3BC87A0676D0:,Nantes,St-Gilles-Croix-De-Vie,2,Sous-desservi
France,FR:Line::6F1D7ABC-B729-498A-B3BD-DE55587C60E2:,Lyon Part Dieu,Annecy,14,Desserte Normale
France,FR:Line::6F1D7ABC-B729-498A-B3BD-DE55587C60E2:,Lyon Part Dieu,Annecy,1,Sous-desservi
France,FR:Line::6F1D7ABC-B729-498A-B3BD-DE55587C60E2:,Lyon Part Dieu,Annecy,5,Sous-desservi
France,FR:Line::6F1D7ABC-B729-498A-B3BD-DE55587C60E2:,Lyon Part Dieu,Annecy,7,Desserte Normale
France,FR:Line::6F1D7ABC-B729-498A-B3BD-DE55587C60E2:,Lyon Part Dieu,Annecy,2,Sous-desservi
France,FR:Line::6F1D7ABC-B729-498A-B3BD-DE55587C60E2:,Lyon Part Dieu,Annecy,1,Sous-desservi
France,FR:Line::6F1D7ABC-B729-498A-B3BD-DE55587C60E2:,Lyon Part Dieu,Annecy,8,Desserte Normale
France,FR:Line::6F1D7ABC-B729-498A-B3BD-DE55587C60E2:,Lyon Part Dieu,Annecy,3,Sous-desservi
France,FR:Line::6F1D7ABC-B729-498A-B3BD-DE55587C60E2:,Lyon Part Dieu,Annecy,1,Sous-desservi
France,FR:Line::6F1D7ABC-B729-498A-B3BD-DE55587C60E2:,Lyon Part Dieu,Annecy,3,Sous-desservi
France,FR:Line::6F1D7ABC-B729-498A-B3BD-DE55587C60E2:,Lyon Part Dieu,Annecy,3,Sous-desservi
France,FR:Line::6F1D7ABC-B729-498A-B3BD-DE55587C60E2:,Lyon Part Dieu,Annecy,3,Sous-desservi
France,FR:Line::6F1D7ABC-B729-498A-B3BD-DE55587C60E2:,Lyon Part Dieu,Annecy,15,Desserte Normale
France,FR:Line::6F1D7ABC-B729-498A-B3BD-DE55587C60E2:,Lyon Part Dieu,Annecy,12,Desserte Normale
France,FR:Line::6F1D7ABC-B729-498A-B3BD-DE55587C60E2:,Lyon Part Dieu,Annecy,28,Desserte Normale
France,FR:Line::6F57C961-6DE1-4872-840E-82FE55BEC123:,Blois,Tours,6,Sous-desservi
France,FR:Line::6F6507CE-574F-4147-B2CF-BD93AA3669E7:,Lille Flandres,Hazebrouck,1,Sous-desservi
France,FR:Line::6F6507CE-574F-4147-B2CF-BD93AA3669E7:,Lille Flandres,Hazebrouck,7,Desserte Normale
France,FR:Line::6F6507CE-574F-4147-B2CF-BD93AA3669E7:,Lille Flandres,Hazebrouck,1,Sous-desservi
France,FR:Line::6F6507CE-574F-4147-B2CF-BD93AA3669E7:,Lille Flandres,Hazebrouck,41,Desserte Normale
France,FR:Line::6a7e9883-518f-4a10-8f46-a659e93a82f9:,Beauvais,Le Tréport,1,Sous-desservi
France,FR:Line::6a7e9883-518f-4a10-8f46-a659e93a82f9:,Beauvais,Le Tréport,10,Desserte Normale
France,FR:Line::6a7e9883-518f-4a10-8f46-a659e93a82f9:,Beauvais,Le Tréport,3,Sous-desservi
France,FR:Line::6a7e9883-518f-4a10-8f46-a659e93a82f9:,Beauvais,Le Tréport,19,Desserte Normale
France,FR:Line::6a7e9883-518f-4a10-8f46-a659e93a82f9:,Beauvais,Le Tréport,14,Desserte Normale
France,FR:Line::6a7e9883-518f-4a10-8f46-a659e93a82f9:,Beauvais,Le Tréport,13,Desserte Normale
France,FR:Line::6a7e9883-518f-4a10-8f46-a659e93a82f9:,Beauvais,Le Tréport,21,Desserte Normale
France,FR:Line::6a7e9883-518f-4a10-8f46-a659e93a82f9:,Beauvais,Le Tréport,19,Desserte Normale
France,FR:Line::6c285671-9f9c-44db-80ac-068653b4e95a:,Remiremont,Luxembourg,3,Sous-desservi
France,FR:Line::6c285671-9f9c-44db-80ac-068653b4e95a:,Remiremont,Luxembourg,3,Sous-desservi
France,FR:Line::6c285671-9f9c-44db-80ac-068653b4e95a:,Remiremont,Luxembourg,1,Sous-desservi
France,FR:Line::6c285671-9f9c-44db-80ac-068653b4e95a:,Remiremont,Luxembourg,1,Sous-desservi
France,FR:Line::6c285671-9f9c-44db-80ac-068653b4e95a:,Remiremont,Luxembourg,42,Desserte Normale
France,FR:Line::6c285671-9f9c-44db-80ac-068653b4e95a:,Remiremont,Luxembourg,5,Sous-desservi
France,FR:Line::6c285671-9f9c-44db-80ac-068653b4e95a:,Remiremont,Luxembourg,4,Sous-desservi
France,FR:Line::6c285671-9f9c-44db-80ac-068653b4e95a:,Remiremont,Luxembourg,3,Sous-desservi
France,FR:Line::6c285671-9f9c-44db-80ac-068653b4e95a:,Remiremont,Luxembourg,2,Sous-desservi
France,FR:Line::6c285671-9f9c-44db-80ac-068653b4e95a:,Remiremont,Luxembourg,4,Sous-desservi
France,FR:Line::6c285671-9f9c-44db-80ac-068653b4e95a:,Remiremont,Luxembourg,9,Desserte Normale
France,FR:Line::6c285671-9f9c-44db-80ac-068653b4e95a:,Remiremont,Luxembourg,1,Sous-desservi
France,FR:Line::6c285671-9f9c-44db-80ac-068653b4e95a:,Remiremont,Luxembourg,6,Sous-desservi
France,FR:Line::6c285671-9f9c-44db-80ac-068653b4e95a:,Remiremont,Luxembourg,32,Desserte Normale
France,FR:Line::6c285671-9f9c-44db-80ac-068653b4e95a:,Remiremont,Luxembourg,22,Desserte Normale
France,FR:Line::6c285671-9f9c-44db-80ac-068653b4e95a:,Remiremont,Luxembourg,25,Desserte Normale
France,FR:Line::6c285671-9f9c-44db-80ac-068653b4e95a:,Remiremont,Luxembourg,78,Bien desservi
France,FR:Line::6ff461eb-888f-494b-bc36-77aeb4c5ee50:,Vierzon,Montluçon,1,Sous-desservi
France,FR:Line::71467164-E6B8-40D5-ACC8-ED0FFF3AD2AB:,Nantes,Rennes Via Redon,3,Sous-desservi
France,FR:Line::71467164-E6B8-40D5-ACC8-ED0FFF3AD2AB:,Nantes,Rennes Via Redon,14,Desserte Normale
France,FR:Line::714D1126-C14B-45DD-8752-90285B45A41F:,Rennes,Chateaubriant,5,Sous-desservi
France,FR:Line::714D1126-C14B-45DD-8752-90285B45A41F:,Rennes,Chateaubriant,6,Sous-desservi
France,FR:Line::714D1126-C14B-45DD-8752-90285B45A41F:,Rennes,Chateaubriant,10,Desserte Normale
France,FR:Line::714D1126-C14B-45DD-8752-90285B45A41F:,Rennes,Chateaubriant,6,Sous-desservi
France,FR:Line::714D1126-C14B-45DD-8752-90285B45A41F:,Rennes,Chateaubriant,10,Desserte Normale
France,FR:Line::7202091A-520B-4726-8959-489BB0D74527:,Lille Flandres,Courtrai,16,Desserte Normale
France,FR:Line::7202091A-520B-4726-8959-489BB0D74527:,Lille Flandres,Courtrai,17,Desserte Normale
France,FR:Line::7202091A-520B-4726-8959-489BB0D74527:,Lille Flandres,Courtrai,30,Desserte Normale
France,FR:Line::7202091A-520B-4726-8959-489BB0D74527:,Lille Flandres,Courtrai,17,Desserte Normale
France,FR:Line::7202091A-520B-4726-8959-489BB0D74527:,Lille Flandres,Courtrai,30,Desserte Normale
France,FR:Line::72891bc4-fda9-41c5-aae9-1e3595d3da36:,Agen,Auch,3,Sous-desservi
France,FR:Line::72891bc4-fda9-41c5-aae9-1e3595d3da36:,Agen,Auch,19,Desserte Normale
France,FR:Line::72f5a917-2e84-4293-ad57-f9292a429284:,STRASBOURG,SARREBOURG,1,Sous-desservi
France,FR:Line::72f5a917-2e84-4293-ad57-f9292a429284:,STRASBOURG,SARREBOURG,3,Sous-desservi
France,FR:Line::73D50859-5CA3-42BE-92D2-15B56125EF05:,Paris,Haut-Rhin TGV,2,Sous-desservi
France,FR:Line::73D50859-5CA3-42BE-92D2-15B56125EF05:,Paris,Haut-Rhin TGV,1,Sous-desservi
France,FR:Line::73D50859-5CA3-42BE-92D2-15B56125EF05:,Paris,Haut-Rhin TGV,2,Sous-desservi
France,FR:Line::73D50859-5CA3-42BE-92D2-15B56125EF05:,Paris,Haut-Rhin TGV,2,Sous-desservi
France,FR:Line::73D50859-5CA3-42BE-92D2-15B56125EF05:,Paris,Haut-Rhin TGV,1,Sous-desservi
France,FR:Line::73D50859-5CA3-42BE-92D2-15B56125EF05:,Paris,Haut-Rhin TGV,1,Sous-desservi
France,FR:Line::73D50859-5CA3-42BE-92D2-15B56125EF05:,Paris,Haut-Rhin TGV,1,Sous-desservi
France,FR:Line::73D50859-5CA3-42BE-92D2-15B56125EF05:,Paris,Haut-Rhin TGV,6,Sous-desservi
France,FR:Line::73D50859-5CA3-42BE-92D2-15B56125EF05:,Paris,Haut-Rhin TGV,1,Sous-desservi
France,FR:Line::73D50859-5CA3-42BE-92D2-15B56125EF05:,Paris,Haut-Rhin TGV,4,Sous-desservi
France,FR:Line::73D50859-5CA3-42BE-92D2-15B56125EF05:,Paris,Haut-Rhin TGV,2,Sous-desservi
France,FR:Line::73D50859-5CA3-42BE-92D2-15B56125EF05:,Paris,Haut-Rhin TGV,2,Sous-desservi
France,FR:Line::73D50859-5CA3-42BE-92D2-15B56125EF05:,Paris,Haut-Rhin TGV,2,Sous-desservi
France,FR:Line::73D50859-5CA3-42BE-92D2-15B56125EF05:,Paris,Haut-Rhin TGV,4,Sous-desservi
France,FR:Line::73D50859-5CA3-42BE-92D2-15B56125EF05:,Paris,Haut-Rhin TGV,14,Desserte Normale
France,FR:Line::74E36C89-DC6A-4CE9-A1C7-CC8552AE882C:,Paris Nord,Amiens,1,Sous-desservi
France,FR:Line::74E36C89-DC6A-4CE9-A1C7-CC8552AE882C:,Paris Nord,Amiens,1,Sous-desservi
France,FR:Line::74E36C89-DC6A-4CE9-A1C7-CC8552AE882C:,Paris Nord,Amiens,8,Desserte Normale
France,FR:Line::74E36C89-DC6A-4CE9-A1C7-CC8552AE882C:,Paris Nord,Amiens,20,Desserte Normale
France,FR:Line::74E36C89-DC6A-4CE9-A1C7-CC8552AE882C:,Paris Nord,Amiens,22,Desserte Normale
France,FR:Line::74E36C89-DC6A-4CE9-A1C7-CC8552AE882C:,Paris Nord,Amiens,3,Sous-desservi
France,FR:Line::74E36C89-DC6A-4CE9-A1C7-CC8552AE882C:,Paris Nord,Amiens,1,Sous-desservi
France,FR:Line::74E36C89-DC6A-4CE9-A1C7-CC8552AE882C:,Paris Nord,Amiens,1,Sous-desservi
France,FR:Line::74E36C89-DC6A-4CE9-A1C7-CC8552AE882C:,Paris Nord,Amiens,26,Desserte Normale
France,FR:Line::74E36C89-DC6A-4CE9-A1C7-CC8552AE882C:,Paris Nord,Amiens,2,Sous-desservi
France,FR:Line::74E36C89-DC6A-4CE9-A1C7-CC8552AE882C:,Paris Nord,Amiens,13,Desserte Normale
France,FR:Line::74E36C89-DC6A-4CE9-A1C7-CC8552AE882C:,Paris Nord,Amiens,31,Desserte Normale
France,FR:Line::74E36C89-DC6A-4CE9-A1C7-CC8552AE882C:,Paris Nord,Amiens,1,Sous-desservi
France,FR:Line::74E36C89-DC6A-4CE9-A1C7-CC8552AE882C:,Paris Nord,Amiens,4,Sous-desservi
France,FR:Line::74E36C89-DC6A-4CE9-A1C7-CC8552AE882C:,Paris Nord,Amiens,18,Desserte Normale
France,FR:Line::74E36C89-DC6A-4CE9-A1C7-CC8552AE882C:,Paris Nord,Amiens,18,Desserte Normale
France,FR:Line::75711759-571a-4c6c-a9fa-57cfb79a4b2f:,Nantes,Bordeaux,1,Sous-desservi
France,FR:Line::75711759-571a-4c6c-a9fa-57cfb79a4b2f:,Nantes,Bordeaux,4,Sous-desservi
France,FR:Line::75711759-571a-4c6c-a9fa-57cfb79a4b2f:,Nantes,Bordeaux,1,Sous-desservi
France,FR:Line::75711759-571a-4c6c-a9fa-57cfb79a4b2f:,Nantes,Bordeaux,1,Sous-desservi
France,FR:Line::75711759-571a-4c6c-a9fa-57cfb79a4b2f:,Nantes,Bordeaux,4,Sous-desservi
France,FR:Line::75711759-571a-4c6c-a9fa-57cfb79a4b2f:,Nantes,Bordeaux,12,Desserte Normale
France,FR:Line::75E9980B-E8DF-4696-8E87-123692055B00:,Paris,Hendaye TGV,10,Desserte Normale
France,FR:Line::75E9980B-E8DF-4696-8E87-123692055B00:,Paris,Hendaye TGV,12,Desserte Normale
France,FR:Line::75E9980B-E8DF-4696-8E87-123692055B00:,Paris,Hendaye TGV,10,Desserte Normale
France,FR:Line::75E9980B-E8DF-4696-8E87-123692055B00:,Paris,Hendaye TGV,24,Desserte Normale
France,FR:Line::75E9980B-E8DF-4696-8E87-123692055B00:,Paris,Hendaye TGV,1,Sous-desservi
France,FR:Line::75E9980B-E8DF-4696-8E87-123692055B00:,Paris,Hendaye TGV,7,Desserte Normale
France,FR:Line::75E9980B-E8DF-4696-8E87-123692055B00:,Paris,Hendaye TGV,16,Desserte Normale
France,FR:Line::75E9980B-E8DF-4696-8E87-123692055B00:,Paris,Hendaye TGV,17,Desserte Normale
France,FR:Line::75E9980B-E8DF-4696-8E87-123692055B00:,Paris,Hendaye TGV,12,Desserte Normale
France,FR:Line::75E9980B-E8DF-4696-8E87-123692055B00:,Paris,Hendaye TGV,9,Desserte Normale
France,FR:Line::75E9980B-E8DF-4696-8E87-123692055B00:,Paris,Hendaye TGV,1,Sous-desservi
France,FR:Line::75E9980B-E8DF-4696-8E87-123692055B00:,Paris,Hendaye TGV,2,Sous-desservi
France,FR:Line::75E9980B-E8DF-4696-8E87-123692055B00:,Paris,Hendaye TGV,21,Desserte Normale
France,FR:Line::75E9980B-E8DF-4696-8E87-123692055B00:,Paris,Hendaye TGV,2,Sous-desservi
France,FR:Line::75E9980B-E8DF-4696-8E87-123692055B00:,Paris,Hendaye TGV,6,Sous-desservi
France,FR:Line::75E9980B-E8DF-4696-8E87-123692055B00:,Paris,Hendaye TGV,13,Desserte Normale
France,FR:Line::75E9980B-E8DF-4696-8E87-123692055B00:,Paris,Hendaye TGV,7,Desserte Normale
France,FR:Line::75E9980B-E8DF-4696-8E87-123692055B00:,Paris,Hendaye TGV,14,Desserte Normale
France,FR:Line::75E9980B-E8DF-4696-8E87-123692055B00:,Paris,Hendaye TGV,17,Desserte Normale
France,FR:Line::75E9980B-E8DF-4696-8E87-123692055B00:,Paris,Hendaye TGV,44,Desserte Normale
France,FR:Line::75E9980B-E8DF-4696-8E87-123692055B00:,Paris,Hendaye TGV,16,Desserte Normale
France,FR:Line::75E9980B-E8DF-4696-8E87-123692055B00:,Paris,Hendaye TGV,4,Sous-desservi
France,FR:Line::75E9980B-E8DF-4696-8E87-123692055B00:,Paris,Hendaye TGV,2,Sous-desservi
France,FR:Line::75E9980B-E8DF-4696-8E87-123692055B00:,Paris,Hendaye TGV,12,Desserte Normale
France,FR:Line::75E9980B-E8DF-4696-8E87-123692055B00:,Paris,Hendaye TGV,13,Desserte Normale
France,FR:Line::75a19ec7-1b4d-491e-a88f-69b219f1dfff:,Bayonne,Saint-Jean-Pied-de-Port,4,Sous-desservi
France,FR:Line::75a19ec7-1b4d-491e-a88f-69b219f1dfff:,Bayonne,Saint-Jean-Pied-de-Port,1,Sous-desservi
France,FR:Line::75a19ec7-1b4d-491e-a88f-69b219f1dfff:,Bayonne,Saint-Jean-Pied-de-Port,2,Sous-desservi
France,FR:Line::75a19ec7-1b4d-491e-a88f-69b219f1dfff:,Bayonne,Saint-Jean-Pied-de-Port,2,Sous-desservi
France,FR:Line::75a19ec7-1b4d-491e-a88f-69b219f1dfff:,Bayonne,Saint-Jean-Pied-de-Port,10,Desserte Normale
France,FR:Line::75a19ec7-1b4d-491e-a88f-69b219f1dfff:,Bayonne,Saint-Jean-Pied-de-Port,13,Desserte Normale
France,FR:Line::76213942-0D07-48A2-9108-99253D13D093:,Paris,Nevers,3,Sous-desservi
France,FR:Line::76213942-0D07-48A2-9108-99253D13D093:,Paris,Nevers,3,Sous-desservi
France,FR:Line::76213942-0D07-48A2-9108-99253D13D093:,Paris,Nevers,11,Desserte Normale
France,FR:Line::76213942-0D07-48A2-9108-99253D13D093:,Paris,Nevers,5,Sous-desservi
France,FR:Line::76213942-0D07-48A2-9108-99253D13D093:,Paris,Nevers,7,Desserte Normale
France,FR:Line::76213942-0D07-48A2-9108-99253D13D093:,Paris,Nevers,7,Desserte Normale
France,FR:Line::76213942-0D07-48A2-9108-99253D13D093:,Paris,Nevers,3,Sous-desservi
France,FR:Line::76213942-0D07-48A2-9108-99253D13D093:,Paris,Nevers,11,Desserte Normale
France,FR:Line::76213942-0D07-48A2-9108-99253D13D093:,Paris,Nevers,27,Desserte Normale
France,FR:Line::76213942-0D07-48A2-9108-99253D13D093:,Paris,Nevers,9,Desserte Normale
France,FR:Line::769AD820-F58A-410A-9C2A-CB0BA7789DAB:,Orléans,Tours,5,Sous-desservi
France,FR:Line::769AD820-F58A-410A-9C2A-CB0BA7789DAB:,Orléans,Tours,3,Sous-desservi
France,FR:Line::769AD820-F58A-410A-9C2A-CB0BA7789DAB:,Orléans,Tours,10,Desserte Normale
France,FR:Line::769AD820-F58A-410A-9C2A-CB0BA7789DAB:,Orléans,Tours,9,Desserte Normale
France,FR:Line::769AD820-F58A-410A-9C2A-CB0BA7789DAB:,Orléans,Tours,10,Desserte Normale
France,FR:Line::769AD820-F58A-410A-9C2A-CB0BA7789DAB:,Orléans,Tours,5,Sous-desservi
France,FR:Line::769AD820-F58A-410A-9C2A-CB0BA7789DAB:,Orléans,Tours,3,Sous-desservi
France,FR:Line::769AD820-F58A-410A-9C2A-CB0BA7789DAB:,Orléans,Tours,9,Desserte Normale
France,FR:Line::769AD820-F58A-410A-9C2A-CB0BA7789DAB:,Orléans,Tours,69,Bien desservi
France,FR:Line::769AD820-F58A-410A-9C2A-CB0BA7789DAB:,Orléans,Tours,2,Sous-desservi
France,FR:Line::77ABB665-7B33-4381-AAFC-8131FA780BE5:,Is,Les Laumes,1,Sous-desservi
France,FR:Line::77ABB665-7B33-4381-AAFC-8131FA780BE5:,Is,Les Laumes,1,Sous-desservi
France,FR:Line::77ABB665-7B33-4381-AAFC-8131FA780BE5:,Is,Les Laumes,1,Sous-desservi
France,FR:Line::77ABB665-7B33-4381-AAFC-8131FA780BE5:,Is,Les Laumes,6,Sous-desservi
France,FR:Line::77ABB665-7B33-4381-AAFC-8131FA780BE5:,Is,Les Laumes,3,Sous-desservi
France,FR:Line::77ABB665-7B33-4381-AAFC-8131FA780BE5:,Is,Les Laumes,12,Desserte Normale
France,FR:Line::77ABB665-7B33-4381-AAFC-8131FA780BE5:,Is,Les Laumes,3,Sous-desservi
France,FR:Line::77ABB665-7B33-4381-AAFC-8131FA780BE5:,Is,Les Laumes,1,Sous-desservi
France,FR:Line::77ABB665-7B33-4381-AAFC-8131FA780BE5:,Is,Les Laumes,1,Sous-desservi
France,FR:Line::77ABB665-7B33-4381-AAFC-8131FA780BE5:,Is,Les Laumes,2,Sous-desservi
France,FR:Line::77ABB665-7B33-4381-AAFC-8131FA780BE5:,Is,Les Laumes,12,Desserte Normale
France,FR:Line::77ABB665-7B33-4381-AAFC-8131FA780BE5:,Is,Les Laumes,22,Desserte Normale
France,FR:Line::789690b9-0bee-4978-8bf9-f4810c9e16f2:,CAEN- COUTANCES,RENNES,2,Sous-desservi
France,FR:Line::789690b9-0bee-4978-8bf9-f4810c9e16f2:,CAEN- COUTANCES,RENNES,56,Desserte Normale
France,FR:Line::79DE43F6-ACAA-498C-8042-B39CEC41C0D3:,Nantes,Quimper,1,Sous-desservi
France,FR:Line::79DE43F6-ACAA-498C-8042-B39CEC41C0D3:,Nantes,Quimper,1,Sous-desservi
France,FR:Line::79DE43F6-ACAA-498C-8042-B39CEC41C0D3:,Nantes,Quimper,4,Sous-desservi
France,FR:Line::79DE43F6-ACAA-498C-8042-B39CEC41C0D3:,Nantes,Quimper,5,Sous-desservi
France,FR:Line::79DE43F6-ACAA-498C-8042-B39CEC41C0D3:,Nantes,Quimper,1,Sous-desservi
France,FR:Line::79DE43F6-ACAA-498C-8042-B39CEC41C0D3:,Nantes,Quimper,4,Sous-desservi
France,FR:Line::79DE43F6-ACAA-498C-8042-B39CEC41C0D3:,Nantes,Quimper,5,Sous-desservi
France,FR:Line::79F02D11-43E5-467F-ACFC-6DDA1A594575:,Dole,St Claude,3,Sous-desservi
France,FR:Line::79F02D11-43E5-467F-ACFC-6DDA1A594575:,Dole,St Claude,19,Desserte Normale
France,FR:Line::7A09BA80-0546-49AC-B82C-88AD0D0D5AAF:,Saint-Brieuc,Lannion,1,Sous-desservi
France,FR:Line::7A09BA80-0546-49AC-B82C-88AD0D0D5AAF:,Saint-Brieuc,Lannion,5,Sous-desservi
France,FR:Line::7A09BA80-0546-49AC-B82C-88AD0D0D5AAF:,Saint-Brieuc,Lannion,5,Sous-desservi
France,FR:Line::7A09BA80-0546-49AC-B82C-88AD0D0D5AAF:,Saint-Brieuc,Lannion,39,Desserte Normale
France,FR:Line::7A09BA80-0546-49AC-B82C-88AD0D0D5AAF:,Saint-Brieuc,Lannion,23,Desserte Normale
France,FR:Line::7A09BA80-0546-49AC-B82C-88AD0D0D5AAF:,Saint-Brieuc,Lannion,35,Desserte Normale
France,FR:Line::7B14F95D-1FA0-4908-B4C6-18EB63888CD7:,Paris,Saint-Etienne TGV,2,Sous-desservi
France,FR:Line::7B14F95D-1FA0-4908-B4C6-18EB63888CD7:,Paris,Saint-Etienne TGV,2,Sous-desservi
France,FR:Line::7B14F95D-1FA0-4908-B4C6-18EB63888CD7:,Paris,Saint-Etienne TGV,5,Sous-desservi
France,FR:Line::7B14F95D-1FA0-4908-B4C6-18EB63888CD7:,Paris,Saint-Etienne TGV,2,Sous-desservi
France,FR:Line::7B14F95D-1FA0-4908-B4C6-18EB63888CD7:,Paris,Saint-Etienne TGV,3,Sous-desservi
France,FR:Line::7B14F95D-1FA0-4908-B4C6-18EB63888CD7:,Paris,Saint-Etienne TGV,1,Sous-desservi
France,FR:Line::7B14F95D-1FA0-4908-B4C6-18EB63888CD7:,Paris,Saint-Etienne TGV,2,Sous-desservi
France,FR:Line::7B14F95D-1FA0-4908-B4C6-18EB63888CD7:,Paris,Saint-Etienne TGV,8,Desserte Normale
France,FR:Line::7B14F95D-1FA0-4908-B4C6-18EB63888CD7:,Paris,Saint-Etienne TGV,1,Sous-desservi
France,FR:Line::7B14F95D-1FA0-4908-B4C6-18EB63888CD7:,Paris,Saint-Etienne TGV,5,Sous-desservi
France,FR:Line::7B14F95D-1FA0-4908-B4C6-18EB63888CD7:,Paris,Saint-Etienne TGV,11,Desserte Normale
France,FR:Line::7B14F95D-1FA0-4908-B4C6-18EB63888CD7:,Paris,Saint-Etienne TGV,3,Sous-desservi
France,FR:Line::7B14F95D-1FA0-4908-B4C6-18EB63888CD7:,Paris,Saint-Etienne TGV,2,Sous-desservi
France,FR:Line::7B14F95D-1FA0-4908-B4C6-18EB63888CD7:,Paris,Saint-Etienne TGV,3,Sous-desservi
France,FR:Line::7B14F95D-1FA0-4908-B4C6-18EB63888CD7:,Paris,Saint-Etienne TGV,3,Sous-desservi
France,FR:Line::7B14F95D-1FA0-4908-B4C6-18EB63888CD7:,Paris,Saint-Etienne TGV,1,Sous-desservi
France,FR:Line::7B14F95D-1FA0-4908-B4C6-18EB63888CD7:,Paris,Saint-Etienne TGV,2,Sous-desservi
France,FR:Line::7B14F95D-1FA0-4908-B4C6-18EB63888CD7:,Paris,Saint-Etienne TGV,11,Desserte Normale
France,FR:Line::7B14F95D-1FA0-4908-B4C6-18EB63888CD7:,Paris,Saint-Etienne TGV,10,Desserte Normale
France,FR:Line::7B48FDEF-35FE-45ED-BA4D-A638BCE7E21A:,Marseille,Avignon Centre Via Arles,27,Desserte Normale
France,FR:Line::7B48FDEF-35FE-45ED-BA4D-A638BCE7E21A:,Marseille,Avignon Centre Via Arles,1,Sous-desservi
France,FR:Line::7B48FDEF-35FE-45ED-BA4D-A638BCE7E21A:,Marseille,Avignon Centre Via Arles,20,Desserte Normale
France,FR:Line::7B48FDEF-35FE-45ED-BA4D-A638BCE7E21A:,Marseille,Avignon Centre Via Arles,1,Sous-desservi
France,FR:Line::7B48FDEF-35FE-45ED-BA4D-A638BCE7E21A:,Marseille,Avignon Centre Via Arles,1,Sous-desservi
France,FR:Line::7B48FDEF-35FE-45ED-BA4D-A638BCE7E21A:,Marseille,Avignon Centre Via Arles,6,Sous-desservi
France,FR:Line::7B48FDEF-35FE-45ED-BA4D-A638BCE7E21A:,Marseille,Avignon Centre Via Arles,20,Desserte Normale
France,FR:Line::7B49D18D-9775-42E3-9A17-CD0356432A4F:,Paris,Vosges TGV,3,Sous-desservi
France,FR:Line::7B49D18D-9775-42E3-9A17-CD0356432A4F:,Paris,Vosges TGV,2,Sous-desservi
France,FR:Line::7B49D18D-9775-42E3-9A17-CD0356432A4F:,Paris,Vosges TGV,7,Desserte Normale
France,FR:Line::7B49D18D-9775-42E3-9A17-CD0356432A4F:,Paris,Vosges TGV,1,Sous-desservi
France,FR:Line::7B49D18D-9775-42E3-9A17-CD0356432A4F:,Paris,Vosges TGV,1,Sous-desservi
France,FR:Line::7B49D18D-9775-42E3-9A17-CD0356432A4F:,Paris,Vosges TGV,1,Sous-desservi
France,FR:Line::7B49D18D-9775-42E3-9A17-CD0356432A4F:,Paris,Vosges TGV,1,Sous-desservi
France,FR:Line::7B49D18D-9775-42E3-9A17-CD0356432A4F:,Paris,Vosges TGV,2,Sous-desservi
France,FR:Line::7B49D18D-9775-42E3-9A17-CD0356432A4F:,Paris,Vosges TGV,7,Desserte Normale
France,FR:Line::7B49D18D-9775-42E3-9A17-CD0356432A4F:,Paris,Vosges TGV,2,Sous-desservi
France,FR:Line::7B49D18D-9775-42E3-9A17-CD0356432A4F:,Paris,Vosges TGV,4,Sous-desservi
France,FR:Line::7B49D18D-9775-42E3-9A17-CD0356432A4F:,Paris,Vosges TGV,8,Desserte Normale
France,FR:Line::7B49D18D-9775-42E3-9A17-CD0356432A4F:,Paris,Vosges TGV,9,Desserte Normale
France,FR:Line::7B49D18D-9775-42E3-9A17-CD0356432A4F:,Paris,Vosges TGV,13,Desserte Normale
France,FR:Line::7B49D18D-9775-42E3-9A17-CD0356432A4F:,Paris,Vosges TGV,2,Sous-desservi
France,FR:Line::7B49D18D-9775-42E3-9A17-CD0356432A4F:,Paris,Vosges TGV,15,Desserte Normale
France,FR:Line::7B49D18D-9775-42E3-9A17-CD0356432A4F:,Paris,Vosges TGV,12,Desserte Normale
France,FR:Line::7B6D24C9-C97E-4983-9E87-29A881C982D9:,Paris,Montpellier,2,Sous-desservi
France,FR:Line::7B6D24C9-C97E-4983-9E87-29A881C982D9:,Paris,Montpellier,4,Sous-desservi
France,FR:Line::7B6D24C9-C97E-4983-9E87-29A881C982D9:,Paris,Montpellier,2,Sous-desservi
France,FR:Line::7B6D24C9-C97E-4983-9E87-29A881C982D9:,Paris,Montpellier,1,Sous-desservi
France,FR:Line::7B6D24C9-C97E-4983-9E87-29A881C982D9:,Paris,Montpellier,2,Sous-desservi
France,FR:Line::7BA6A09D-4D2A-4474-992B-817EEBF7B17F:,Strasbourg,Offenbourg,1,Sous-desservi
France,FR:Line::7BA6A09D-4D2A-4474-992B-817EEBF7B17F:,Strasbourg,Offenbourg,2,Sous-desservi
France,FR:Line::7BA6A09D-4D2A-4474-992B-817EEBF7B17F:,Strasbourg,Offenbourg,19,Desserte Normale
France,FR:Line::7BA6A09D-4D2A-4474-992B-817EEBF7B17F:,Strasbourg,Offenbourg,2,Sous-desservi
France,FR:Line::7BA6A09D-4D2A-4474-992B-817EEBF7B17F:,Strasbourg,Offenbourg,21,Desserte Normale
France,FR:Line::7BA6A09D-4D2A-4474-992B-817EEBF7B17F:,Strasbourg,Offenbourg,62,Bien desservi
France,FR:Line::7CD81996-B126-4F3E-87E2-C3A0783C9AC6:,Etang,Montchanin,4,Sous-desservi
France,FR:Line::7D71200B-CBB4-462C-8975-6C8910BAD84F:,Nantes,Le Croisic,1,Sous-desservi
France,FR:Line::7D71200B-CBB4-462C-8975-6C8910BAD84F:,Nantes,Le Croisic,1,Sous-desservi
France,FR:Line::7D71200B-CBB4-462C-8975-6C8910BAD84F:,Nantes,Le Croisic,11,Desserte Normale
France,FR:Line::7D71200B-CBB4-462C-8975-6C8910BAD84F:,Nantes,Le Croisic,22,Desserte Normale
France,FR:Line::7DACE850-CDD7-46C7-91BC-3D031A6A0F01:,Vierzon,Montluçon,2,Sous-desservi
France,FR:Line::7DB0420F-470D-4C90-847F-1560F0624F60:,Lille Flandres,Calais Ville,3,Sous-desservi
France,FR:Line::7DB0420F-470D-4C90-847F-1560F0624F60:,Lille Flandres,Calais Ville,3,Sous-desservi
France,FR:Line::7DB0420F-470D-4C90-847F-1560F0624F60:,Lille Flandres,Calais Ville,3,Sous-desservi
France,FR:Line::7DB0420F-470D-4C90-847F-1560F0624F60:,Lille Flandres,Calais Ville,5,Sous-desservi
France,FR:Line::7DB0420F-470D-4C90-847F-1560F0624F60:,Lille Flandres,Calais Ville,2,Sous-desservi
France,FR:Line::7DB0420F-470D-4C90-847F-1560F0624F60:,Lille Flandres,Calais Ville,29,Desserte Normale
France,FR:Line::7DB0420F-470D-4C90-847F-1560F0624F60:,Lille Flandres,Calais Ville,31,Desserte Normale
France,FR:Line::7DEDA169-CB7D-44BD-B486-B1049617B446:,Mulhouse Gare Centrale,Thann Saint-Jacques,1,Sous-desservi
France,FR:Line::7DEDA169-CB7D-44BD-B486-B1049617B446:,Mulhouse Gare Centrale,Thann Saint-Jacques,1,Sous-desservi
France,FR:Line::7DEDA169-CB7D-44BD-B486-B1049617B446:,Mulhouse Gare Centrale,Thann Saint-Jacques,60,Bien desservi
France,FR:Line::7DEDA169-CB7D-44BD-B486-B1049617B446:,Mulhouse Gare Centrale,Thann Saint-Jacques,74,Bien desservi
France,FR:Line::7E8D32FB-AADE-489A-B1BB-12DE944AB243:,Charleville,Lille,6,Sous-desservi
France,FR:Line::7E8D32FB-AADE-489A-B1BB-12DE944AB243:,Charleville,Lille,8,Desserte Normale
France,FR:Line::7EF9EA42-DEB3-4717-ABDF-2E1B8BC66BFA:,EVIAN,COPPET,13,Desserte Normale
France,FR:Line::7EF9EA42-DEB3-4717-ABDF-2E1B8BC66BFA:,EVIAN,COPPET,1,Sous-desservi
France,FR:Line::7EF9EA42-DEB3-4717-ABDF-2E1B8BC66BFA:,EVIAN,COPPET,6,Sous-desservi
France,FR:Line::7EF9EA42-DEB3-4717-ABDF-2E1B8BC66BFA:,EVIAN,COPPET,1,Sous-desservi
France,FR:Line::7EF9EA42-DEB3-4717-ABDF-2E1B8BC66BFA:,EVIAN,COPPET,3,Sous-desservi
France,FR:Line::7EF9EA42-DEB3-4717-ABDF-2E1B8BC66BFA:,EVIAN,COPPET,2,Sous-desservi
France,FR:Line::7EF9EA42-DEB3-4717-ABDF-2E1B8BC66BFA:,EVIAN,COPPET,10,Desserte Normale
France,FR:Line::7EF9EA42-DEB3-4717-ABDF-2E1B8BC66BFA:,EVIAN,COPPET,7,Desserte Normale
France,FR:Line::7EF9EA42-DEB3-4717-ABDF-2E1B8BC66BFA:,EVIAN,COPPET,27,Desserte Normale
France,FR:Line::7F5715D2-21BD-40D4-BE90-E85A7C077771:,Metz,Sarrebruck,4,Sous-desservi
France,FR:Line::7F5715D2-21BD-40D4-BE90-E85A7C077771:,Metz,Sarrebruck,18,Desserte Normale
France,FR:Line::7F5715D2-21BD-40D4-BE90-E85A7C077771:,Metz,Sarrebruck,2,Sous-desservi
France,FR:Line::7F5715D2-21BD-40D4-BE90-E85A7C077771:,Metz,Sarrebruck,2,Sous-desservi
France,FR:Line::7F5715D2-21BD-40D4-BE90-E85A7C077771:,Metz,Sarrebruck,7,Desserte Normale
France,FR:Line::7F5715D2-21BD-40D4-BE90-E85A7C077771:,Metz,Sarrebruck,1,Sous-desservi
France,FR:Line::7F5715D2-21BD-40D4-BE90-E85A7C077771:,Metz,Sarrebruck,1,Sous-desservi
France,FR:Line::7F5715D2-21BD-40D4-BE90-E85A7C077771:,Metz,Sarrebruck,29,Desserte Normale
France,FR:Line::7F5715D2-21BD-40D4-BE90-E85A7C077771:,Metz,Sarrebruck,78,Bien desservi
France,FR:Line::7F9EA7BE-952E-4092-8844-7DF608079E43:,Metz,Verdun,1,Sous-desservi
France,FR:Line::7F9EA7BE-952E-4092-8844-7DF608079E43:,Metz,Verdun,10,Desserte Normale
France,FR:Line::7F9EA7BE-952E-4092-8844-7DF608079E43:,Metz,Verdun,6,Sous-desservi
France,FR:Line::7F9EA7BE-952E-4092-8844-7DF608079E43:,Metz,Verdun,12,Desserte Normale
France,FR:Line::7F9EA7BE-952E-4092-8844-7DF608079E43:,Metz,Verdun,19,Desserte Normale
France,FR:Line::7F9EA7BE-952E-4092-8844-7DF608079E43:,Metz,Verdun,1,Sous-desservi
France,FR:Line::7F9EA7BE-952E-4092-8844-7DF608079E43:,Metz,Verdun,13,Desserte Normale
France,FR:Line::7F9EA7BE-952E-4092-8844-7DF608079E43:,Metz,Verdun,31,Desserte Normale
France,FR:Line::7FA0C8C8-BA63-4E9D-8609-5EC205EAA0A9:,Sarrebourg,Igney,2,Sous-desservi
France,FR:Line::7FA0C8C8-BA63-4E9D-8609-5EC205EAA0A9:,Sarrebourg,Igney,4,Sous-desservi
France,FR:Line::7FA0C8C8-BA63-4E9D-8609-5EC205EAA0A9:,Sarrebourg,Igney,9,Desserte Normale
France,FR:Line::7FADFAB2-C52C-4C0F-A4AF-8E15C7C8C9F8:,Paris,Lyon,1,Sous-desservi
France,FR:Line::7FADFAB2-C52C-4C0F-A4AF-8E15C7C8C9F8:,Paris,Lyon,1,Sous-desservi
France,FR:Line::7FADFAB2-C52C-4C0F-A4AF-8E15C7C8C9F8:,Paris,Lyon,2,Sous-desservi
France,FR:Line::7FADFAB2-C52C-4C0F-A4AF-8E15C7C8C9F8:,Paris,Lyon,1,Sous-desservi
France,FR:Line::7FADFAB2-C52C-4C0F-A4AF-8E15C7C8C9F8:,Paris,Lyon,4,Sous-desservi
France,FR:Line::7FADFAB2-C52C-4C0F-A4AF-8E15C7C8C9F8:,Paris,Lyon,4,Sous-desservi
France,FR:Line::7c00cf1f-74fd-4fda-a4e5-c2b1acb937a9:,Paris Austerlitz,Toulouse,4,Sous-desservi
France,FR:Line::7c00cf1f-74fd-4fda-a4e5-c2b1acb937a9:,Paris Austerlitz,Toulouse,4,Sous-desservi
France,FR:Line::7c00cf1f-74fd-4fda-a4e5-c2b1acb937a9:,Paris Austerlitz,Toulouse,1,Sous-desservi
France,FR:Line::7c00cf1f-74fd-4fda-a4e5-c2b1acb937a9:,Paris Austerlitz,Toulouse,1,Sous-desservi
France,FR:Line::7c00cf1f-74fd-4fda-a4e5-c2b1acb937a9:,Paris Austerlitz,Toulouse,2,Sous-desservi
France,FR:Line::7c00cf1f-74fd-4fda-a4e5-c2b1acb937a9:,Paris Austerlitz,Toulouse,7,Desserte Normale
France,FR:Line::7c00cf1f-74fd-4fda-a4e5-c2b1acb937a9:,Paris Austerlitz,Toulouse,2,Sous-desservi
France,FR:Line::7c00cf1f-74fd-4fda-a4e5-c2b1acb937a9:,Paris Austerlitz,Toulouse,2,Sous-desservi
France,FR:Line::7c00cf1f-74fd-4fda-a4e5-c2b1acb937a9:,Paris Austerlitz,Toulouse,2,Sous-desservi
France,FR:Line::7c00cf1f-74fd-4fda-a4e5-c2b1acb937a9:,Paris Austerlitz,Toulouse,1,Sous-desservi
France,FR:Line::7c00cf1f-74fd-4fda-a4e5-c2b1acb937a9:,Paris Austerlitz,Toulouse,4,Sous-desservi
France,FR:Line::7c00cf1f-74fd-4fda-a4e5-c2b1acb937a9:,Paris Austerlitz,Toulouse,1,Sous-desservi
France,FR:Line::7c00cf1f-74fd-4fda-a4e5-c2b1acb937a9:,Paris Austerlitz,Toulouse,4,Sous-desservi
France,FR:Line::7cf6957b-ec4e-443c-9271-59add0f9cfc6:,Valence,Marseille,3,Sous-desservi
France,FR:Line::7cf9756c-86fe-48ec-81dd-3fb67821f5a6:,Châtellerault,Angoulême,1,Sous-desservi
France,FR:Line::7cf9756c-86fe-48ec-81dd-3fb67821f5a6:,Châtellerault,Angoulême,2,Sous-desservi
France,FR:Line::7cf9756c-86fe-48ec-81dd-3fb67821f5a6:,Châtellerault,Angoulême,1,Sous-desservi
France,FR:Line::7cf9756c-86fe-48ec-81dd-3fb67821f5a6:,Châtellerault,Angoulême,1,Sous-desservi
France,FR:Line::7cf9756c-86fe-48ec-81dd-3fb67821f5a6:,Châtellerault,Angoulême,1,Sous-desservi
France,FR:Line::7cf9756c-86fe-48ec-81dd-3fb67821f5a6:,Châtellerault,Angoulême,2,Sous-desservi
France,FR:Line::7cf9756c-86fe-48ec-81dd-3fb67821f5a6:,Châtellerault,Angoulême,1,Sous-desservi
France,FR:Line::7cf9756c-86fe-48ec-81dd-3fb67821f5a6:,Châtellerault,Angoulême,1,Sous-desservi
France,FR:Line::7cf9756c-86fe-48ec-81dd-3fb67821f5a6:,Châtellerault,Angoulême,1,Sous-desservi
France,FR:Line::7cf9756c-86fe-48ec-81dd-3fb67821f5a6:,Châtellerault,Angoulême,7,Desserte Normale
France,FR:Line::7cf9756c-86fe-48ec-81dd-3fb67821f5a6:,Châtellerault,Angoulême,1,Sous-desservi
France,FR:Line::7cf9756c-86fe-48ec-81dd-3fb67821f5a6:,Châtellerault,Angoulême,10,Desserte Normale
France,FR:Line::7cf9756c-86fe-48ec-81dd-3fb67821f5a6:,Châtellerault,Angoulême,4,Sous-desservi
France,FR:Line::7cf9756c-86fe-48ec-81dd-3fb67821f5a6:,Châtellerault,Angoulême,3,Sous-desservi
France,FR:Line::7cf9756c-86fe-48ec-81dd-3fb67821f5a6:,Châtellerault,Angoulême,9,Desserte Normale
France,FR:Line::7cf9756c-86fe-48ec-81dd-3fb67821f5a6:,Châtellerault,Angoulême,2,Sous-desservi
France,FR:Line::7cf9756c-86fe-48ec-81dd-3fb67821f5a6:,Châtellerault,Angoulême,12,Desserte Normale
France,FR:Line::7e3afdb2-fbb0-41f0-8aae-2c10d44fe79f:,Annonay,Le Péage de Roussillon/Lyon PD,30,Desserte Normale
France,FR:Line::7f1e0c14-f26c-49fa-9d55-e16999a63328:,Paris,Besançon Viotte,2,Sous-desservi
France,FR:Line::7f1e0c14-f26c-49fa-9d55-e16999a63328:,Paris,Besançon Viotte,1,Sous-desservi
France,FR:Line::7f1e0c14-f26c-49fa-9d55-e16999a63328:,Paris,Besançon Viotte,2,Sous-desservi
France,FR:Line::7f1e0c14-f26c-49fa-9d55-e16999a63328:,Paris,Besançon Viotte,1,Sous-desservi
France,FR:Line::7f1e0c14-f26c-49fa-9d55-e16999a63328:,Paris,Besançon Viotte,4,Sous-desservi
France,FR:Line::7f1e0c14-f26c-49fa-9d55-e16999a63328:,Paris,Besançon Viotte,1,Sous-desservi
France,FR:Line::7f1e0c14-f26c-49fa-9d55-e16999a63328:,Paris,Besançon Viotte,1,Sous-desservi
France,FR:Line::7f1e0c14-f26c-49fa-9d55-e16999a63328:,Paris,Besançon Viotte,2,Sous-desservi
France,FR:Line::7f1e0c14-f26c-49fa-9d55-e16999a63328:,Paris,Besançon Viotte,5,Sous-desservi
France,FR:Line::7f1e0c14-f26c-49fa-9d55-e16999a63328:,Paris,Besançon Viotte,8,Desserte Normale
France,FR:Line::80761D29-845F-4631-B487-63532579ED01:,Saumur -Thouars,Bressuire,5,Sous-desservi
France,FR:Line::80761D29-845F-4631-B487-63532579ED01:,Saumur -Thouars,Bressuire,2,Sous-desservi
France,FR:Line::80761D29-845F-4631-B487-63532579ED01:,Saumur -Thouars,Bressuire,6,Sous-desservi
France,FR:Line::82D50B01-1C39-4EBA-A198-F038BDEAF8BB:,Chalon,Montchanin,9,Desserte Normale
France,FR:Line::82D50B01-1C39-4EBA-A198-F038BDEAF8BB:,Chalon,Montchanin,1,Sous-desservi
France,FR:Line::82D50B01-1C39-4EBA-A198-F038BDEAF8BB:,Chalon,Montchanin,2,Sous-desservi
France,FR:Line::82D50B01-1C39-4EBA-A198-F038BDEAF8BB:,Chalon,Montchanin,26,Desserte Normale
France,FR:Line::82D50B01-1C39-4EBA-A198-F038BDEAF8BB:,Chalon,Montchanin,1,Sous-desservi
France,FR:Line::82D50B01-1C39-4EBA-A198-F038BDEAF8BB:,Chalon,Montchanin,5,Sous-desservi
France,FR:Line::82D50B01-1C39-4EBA-A198-F038BDEAF8BB:,Chalon,Montchanin,1,Sous-desservi
France,FR:Line::82D50B01-1C39-4EBA-A198-F038BDEAF8BB:,Chalon,Montchanin,18,Desserte Normale
France,FR:Line::82F900E6-8684-48AD-91E2-B0BB06BF82F9:,Laroche Migennes,Avallon,7,Desserte Normale
France,FR:Line::82F900E6-8684-48AD-91E2-B0BB06BF82F9:,Laroche Migennes,Avallon,6,Sous-desservi
France,FR:Line::8386b67c-20d6-4521-abfa-f87aed64db30:,Metz,Sarreguemines,8,Desserte Normale
France,FR:Line::8386b67c-20d6-4521-abfa-f87aed64db30:,Metz,Sarreguemines,6,Sous-desservi
France,FR:Line::8386b67c-20d6-4521-abfa-f87aed64db30:,Metz,Sarreguemines,16,Desserte Normale
France,FR:Line::83BD4C83-E9A7-46E1-91EA-B4D5D424CA05:,Langeac,Le Puy En Velay,2,Sous-desservi
France,FR:Line::83BD4C83-E9A7-46E1-91EA-B4D5D424CA05:,Langeac,Le Puy En Velay,8,Desserte Normale
France,FR:Line::83FEE29D-4900-4DEA-A7E0-9F54642B6E1F:,Lens,Douai,1,Sous-desservi
France,FR:Line::83FEE29D-4900-4DEA-A7E0-9F54642B6E1F:,Lens,Douai,20,Desserte Normale
France,FR:Line::84107FF1-AF5C-45A9-B6D6-52A10C5F424A:,Rennes,Quimper,3,Sous-desservi
France,FR:Line::84107FF1-AF5C-45A9-B6D6-52A10C5F424A:,Rennes,Quimper,1,Sous-desservi
France,FR:Line::84107FF1-AF5C-45A9-B6D6-52A10C5F424A:,Rennes,Quimper,15,Desserte Normale
France,FR:Line::84107FF1-AF5C-45A9-B6D6-52A10C5F424A:,Rennes,Quimper,17,Desserte Normale
France,FR:Line::84107FF1-AF5C-45A9-B6D6-52A10C5F424A:,Rennes,Quimper,3,Sous-desservi
France,FR:Line::84107FF1-AF5C-45A9-B6D6-52A10C5F424A:,Rennes,Quimper,15,Desserte Normale
France,FR:Line::84107FF1-AF5C-45A9-B6D6-52A10C5F424A:,Rennes,Quimper,17,Desserte Normale
France,FR:Line::8440e055-0d15-4156-9e77-017af816441a:,Amiens,Laon,6,Sous-desservi
France,FR:Line::8440e055-0d15-4156-9e77-017af816441a:,Amiens,Laon,9,Desserte Normale
France,FR:Line::8440e055-0d15-4156-9e77-017af816441a:,Amiens,Laon,5,Sous-desservi
France,FR:Line::8440e055-0d15-4156-9e77-017af816441a:,Amiens,Laon,1,Sous-desservi
France,FR:Line::8440e055-0d15-4156-9e77-017af816441a:,Amiens,Laon,1,Sous-desservi
France,FR:Line::8440e055-0d15-4156-9e77-017af816441a:,Amiens,Laon,18,Desserte Normale
France,FR:Line::8440e055-0d15-4156-9e77-017af816441a:,Amiens,Laon,2,Sous-desservi
France,FR:Line::8440e055-0d15-4156-9e77-017af816441a:,Amiens,Laon,18,Desserte Normale
France,FR:Line::8440e055-0d15-4156-9e77-017af816441a:,Amiens,Laon,10,Desserte Normale
France,FR:Line::8440e055-0d15-4156-9e77-017af816441a:,Amiens,Laon,9,Desserte Normale
France,FR:Line::8440e055-0d15-4156-9e77-017af816441a:,Amiens,Laon,33,Desserte Normale
France,FR:Line::84762773-6B8B-4442-9CC3-2B637DB175D6:,Vienne,Villefranche Sur Saône,35,Desserte Normale
France,FR:Line::84762773-6B8B-4442-9CC3-2B637DB175D6:,Vienne,Villefranche Sur Saône,11,Desserte Normale
France,FR:Line::84762773-6B8B-4442-9CC3-2B637DB175D6:,Vienne,Villefranche Sur Saône,36,Desserte Normale
France,FR:Line::84762773-6B8B-4442-9CC3-2B637DB175D6:,Vienne,Villefranche Sur Saône,39,Desserte Normale
France,FR:Line::84762773-6B8B-4442-9CC3-2B637DB175D6:,Vienne,Villefranche Sur Saône,9,Desserte Normale
France,FR:Line::84762773-6B8B-4442-9CC3-2B637DB175D6:,Vienne,Villefranche Sur Saône,3,Sous-desservi
France,FR:Line::84762773-6B8B-4442-9CC3-2B637DB175D6:,Vienne,Villefranche Sur Saône,3,Sous-desservi
France,FR:Line::84762773-6B8B-4442-9CC3-2B637DB175D6:,Vienne,Villefranche Sur Saône,5,Sous-desservi
France,FR:Line::84762773-6B8B-4442-9CC3-2B637DB175D6:,Vienne,Villefranche Sur Saône,85,Bien desservi
France,FR:Line::84970e4a-a08b-4caf-94cc-b1de5e489f5a:,Dunkerque,Amiens Tergv,1,Sous-desservi
France,FR:Line::84970e4a-a08b-4caf-94cc-b1de5e489f5a:,Dunkerque,Amiens Tergv,2,Sous-desservi
France,FR:Line::84970e4a-a08b-4caf-94cc-b1de5e489f5a:,Dunkerque,Amiens Tergv,7,Desserte Normale
France,FR:Line::84970e4a-a08b-4caf-94cc-b1de5e489f5a:,Dunkerque,Amiens Tergv,17,Desserte Normale
France,FR:Line::84BC1172-DFEB-400B-9E16-D463DA9A393C:,Paris,Nancy TGV,3,Sous-desservi
France,FR:Line::84BC1172-DFEB-400B-9E16-D463DA9A393C:,Paris,Nancy TGV,1,Sous-desservi
France,FR:Line::84BC1172-DFEB-400B-9E16-D463DA9A393C:,Paris,Nancy TGV,2,Sous-desservi
France,FR:Line::84BC1172-DFEB-400B-9E16-D463DA9A393C:,Paris,Nancy TGV,5,Sous-desservi
France,FR:Line::84BC1172-DFEB-400B-9E16-D463DA9A393C:,Paris,Nancy TGV,1,Sous-desservi
France,FR:Line::84BC1172-DFEB-400B-9E16-D463DA9A393C:,Paris,Nancy TGV,4,Sous-desservi
France,FR:Line::84BC1172-DFEB-400B-9E16-D463DA9A393C:,Paris,Nancy TGV,1,Sous-desservi
France,FR:Line::84BC1172-DFEB-400B-9E16-D463DA9A393C:,Paris,Nancy TGV,5,Sous-desservi
France,FR:Line::84BC1172-DFEB-400B-9E16-D463DA9A393C:,Paris,Nancy TGV,5,Sous-desservi
France,FR:Line::84BC1172-DFEB-400B-9E16-D463DA9A393C:,Paris,Nancy TGV,8,Desserte Normale
France,FR:Line::84BC1172-DFEB-400B-9E16-D463DA9A393C:,Paris,Nancy TGV,2,Sous-desservi
France,FR:Line::84BC1172-DFEB-400B-9E16-D463DA9A393C:,Paris,Nancy TGV,3,Sous-desservi
France,FR:Line::84BC1172-DFEB-400B-9E16-D463DA9A393C:,Paris,Nancy TGV,15,Desserte Normale
France,FR:Line::84BC1172-DFEB-400B-9E16-D463DA9A393C:,Paris,Nancy TGV,21,Desserte Normale
France,FR:Line::84DC7868-DB96-46DB-B9DE-470D51CED21C:,St-Gervais Les Bains,Vallorcine,5,Sous-desservi
France,FR:Line::84DC7868-DB96-46DB-B9DE-470D51CED21C:,St-Gervais Les Bains,Vallorcine,6,Sous-desservi
France,FR:Line::84DC7868-DB96-46DB-B9DE-470D51CED21C:,St-Gervais Les Bains,Vallorcine,6,Sous-desservi
France,FR:Line::84DC7868-DB96-46DB-B9DE-470D51CED21C:,St-Gervais Les Bains,Vallorcine,30,Desserte Normale
France,FR:Line::84DC7868-DB96-46DB-B9DE-470D51CED21C:,St-Gervais Les Bains,Vallorcine,50,Desserte Normale
France,FR:Line::8538F7AF-4A1C-44E3-996D-D1611E7F7EC9:,Avignon Tgv,Carpentras,2,Sous-desservi
France,FR:Line::8538F7AF-4A1C-44E3-996D-D1611E7F7EC9:,Avignon Tgv,Carpentras,1,Sous-desservi
France,FR:Line::8538F7AF-4A1C-44E3-996D-D1611E7F7EC9:,Avignon Tgv,Carpentras,15,Desserte Normale
France,FR:Line::8538F7AF-4A1C-44E3-996D-D1611E7F7EC9:,Avignon Tgv,Carpentras,56,Desserte Normale
France,FR:Line::856dc99e-6546-4820-a1ce-7503c82c3f70:,Amiens,Abancourt,4,Sous-desservi
France,FR:Line::85C46941-D838-4F3D-821F-CA69C7168ADF:,Paris Nord,Saint-Quentin,2,Sous-desservi
France,FR:Line::85C46941-D838-4F3D-821F-CA69C7168ADF:,Paris Nord,Saint-Quentin,10,Desserte Normale
France,FR:Line::85C46941-D838-4F3D-821F-CA69C7168ADF:,Paris Nord,Saint-Quentin,37,Desserte Normale
France,FR:Line::85C46941-D838-4F3D-821F-CA69C7168ADF:,Paris Nord,Saint-Quentin,14,Desserte Normale
France,FR:Line::85C46941-D838-4F3D-821F-CA69C7168ADF:,Paris Nord,Saint-Quentin,1,Sous-desservi
France,FR:Line::85C46941-D838-4F3D-821F-CA69C7168ADF:,Paris Nord,Saint-Quentin,13,Desserte Normale
France,FR:Line::85C46941-D838-4F3D-821F-CA69C7168ADF:,Paris Nord,Saint-Quentin,1,Sous-desservi
France,FR:Line::85C46941-D838-4F3D-821F-CA69C7168ADF:,Paris Nord,Saint-Quentin,20,Desserte Normale
France,FR:Line::85C46941-D838-4F3D-821F-CA69C7168ADF:,Paris Nord,Saint-Quentin,13,Desserte Normale
France,FR:Line::85C46941-D838-4F3D-821F-CA69C7168ADF:,Paris Nord,Saint-Quentin,35,Desserte Normale
France,FR:Line::85C46941-D838-4F3D-821F-CA69C7168ADF:,Paris Nord,Saint-Quentin,1,Sous-desservi
France,FR:Line::85C46941-D838-4F3D-821F-CA69C7168ADF:,Paris Nord,Saint-Quentin,11,Desserte Normale
France,FR:Line::85C46941-D838-4F3D-821F-CA69C7168ADF:,Paris Nord,Saint-Quentin,2,Sous-desservi
France,FR:Line::85C46941-D838-4F3D-821F-CA69C7168ADF:,Paris Nord,Saint-Quentin,7,Desserte Normale
France,FR:Line::85C46941-D838-4F3D-821F-CA69C7168ADF:,Paris Nord,Saint-Quentin,18,Desserte Normale
France,FR:Line::85C46941-D838-4F3D-821F-CA69C7168ADF:,Paris Nord,Saint-Quentin,15,Desserte Normale
France,FR:Line::85C46941-D838-4F3D-821F-CA69C7168ADF:,Paris Nord,Saint-Quentin,11,Desserte Normale
France,FR:Line::85C46941-D838-4F3D-821F-CA69C7168ADF:,Paris Nord,Saint-Quentin,28,Desserte Normale
France,FR:Line::87124177-736D-40EA-8C1F-64C0FE8F5BA4:,Morhange,Sarrebourg,2,Sous-desservi
France,FR:Line::87124177-736D-40EA-8C1F-64C0FE8F5BA4:,Morhange,Sarrebourg,16,Desserte Normale
France,FR:Line::872509D5-9DC9-4F24-8BB0-3716CA6C6F27:,Lyon Part Dieu,Chambery,1,Sous-desservi
France,FR:Line::872509D5-9DC9-4F24-8BB0-3716CA6C6F27:,Lyon Part Dieu,Chambery,2,Sous-desservi
France,FR:Line::872509D5-9DC9-4F24-8BB0-3716CA6C6F27:,Lyon Part Dieu,Chambery,2,Sous-desservi
France,FR:Line::872509D5-9DC9-4F24-8BB0-3716CA6C6F27:,Lyon Part Dieu,Chambery,6,Sous-desservi
France,FR:Line::872509D5-9DC9-4F24-8BB0-3716CA6C6F27:,Lyon Part Dieu,Chambery,21,Desserte Normale
France,FR:Line::872DCA7D-6C9D-4E8C-8A79-C252C8957BD3:,Lyon Part Dieu,Modane FT,6,Sous-desservi
France,FR:Line::872DCA7D-6C9D-4E8C-8A79-C252C8957BD3:,Lyon Part Dieu,Modane FT,2,Sous-desservi
France,FR:Line::872DCA7D-6C9D-4E8C-8A79-C252C8957BD3:,Lyon Part Dieu,Modane FT,1,Sous-desservi
France,FR:Line::872DCA7D-6C9D-4E8C-8A79-C252C8957BD3:,Lyon Part Dieu,Modane FT,1,Sous-desservi
France,FR:Line::872DCA7D-6C9D-4E8C-8A79-C252C8957BD3:,Lyon Part Dieu,Modane FT,1,Sous-desservi
France,FR:Line::872DCA7D-6C9D-4E8C-8A79-C252C8957BD3:,Lyon Part Dieu,Modane FT,1,Sous-desservi
France,FR:Line::872DCA7D-6C9D-4E8C-8A79-C252C8957BD3:,Lyon Part Dieu,Modane FT,14,Desserte Normale
France,FR:Line::872DCA7D-6C9D-4E8C-8A79-C252C8957BD3:,Lyon Part Dieu,Modane FT,19,Desserte Normale
France,FR:Line::8753D4FA-06CF-49A8-B412-13F55FD4A1A8:,Bretagne,Sud Est TGV,4,Sous-desservi
France,FR:Line::8753D4FA-06CF-49A8-B412-13F55FD4A1A8:,Bretagne,Sud Est TGV,1,Sous-desservi
France,FR:Line::8753D4FA-06CF-49A8-B412-13F55FD4A1A8:,Bretagne,Sud Est TGV,7,Desserte Normale
France,FR:Line::8753D4FA-06CF-49A8-B412-13F55FD4A1A8:,Bretagne,Sud Est TGV,3,Sous-desservi
France,FR:Line::8753D4FA-06CF-49A8-B412-13F55FD4A1A8:,Bretagne,Sud Est TGV,6,Sous-desservi
France,FR:Line::8753D4FA-06CF-49A8-B412-13F55FD4A1A8:,Bretagne,Sud Est TGV,2,Sous-desservi
France,FR:Line::8753D4FA-06CF-49A8-B412-13F55FD4A1A8:,Bretagne,Sud Est TGV,5,Sous-desservi
France,FR:Line::8753D4FA-06CF-49A8-B412-13F55FD4A1A8:,Bretagne,Sud Est TGV,12,Desserte Normale
France,FR:Line::8753D4FA-06CF-49A8-B412-13F55FD4A1A8:,Bretagne,Sud Est TGV,6,Sous-desservi
France,FR:Line::8753D4FA-06CF-49A8-B412-13F55FD4A1A8:,Bretagne,Sud Est TGV,6,Sous-desservi
France,FR:Line::8753D4FA-06CF-49A8-B412-13F55FD4A1A8:,Bretagne,Sud Est TGV,4,Sous-desservi
France,FR:Line::8753D4FA-06CF-49A8-B412-13F55FD4A1A8:,Bretagne,Sud Est TGV,4,Sous-desservi
France,FR:Line::8753D4FA-06CF-49A8-B412-13F55FD4A1A8:,Bretagne,Sud Est TGV,12,Desserte Normale
France,FR:Line::8753D4FA-06CF-49A8-B412-13F55FD4A1A8:,Bretagne,Sud Est TGV,3,Sous-desservi
France,FR:Line::8753D4FA-06CF-49A8-B412-13F55FD4A1A8:,Bretagne,Sud Est TGV,7,Desserte Normale
France,FR:Line::8753D4FA-06CF-49A8-B412-13F55FD4A1A8:,Bretagne,Sud Est TGV,8,Desserte Normale
France,FR:Line::8753D4FA-06CF-49A8-B412-13F55FD4A1A8:,Bretagne,Sud Est TGV,2,Sous-desservi
France,FR:Line::8753D4FA-06CF-49A8-B412-13F55FD4A1A8:,Bretagne,Sud Est TGV,7,Desserte Normale
France,FR:Line::8753D4FA-06CF-49A8-B412-13F55FD4A1A8:,Bretagne,Sud Est TGV,2,Sous-desservi
France,FR:Line::8753D4FA-06CF-49A8-B412-13F55FD4A1A8:,Bretagne,Sud Est TGV,1,Sous-desservi
France,FR:Line::8753D4FA-06CF-49A8-B412-13F55FD4A1A8:,Bretagne,Sud Est TGV,4,Sous-desservi
France,FR:Line::8753D4FA-06CF-49A8-B412-13F55FD4A1A8:,Bretagne,Sud Est TGV,15,Desserte Normale
France,FR:Line::8753D4FA-06CF-49A8-B412-13F55FD4A1A8:,Bretagne,Sud Est TGV,8,Desserte Normale
France,FR:Line::88159CE6-0DEE-4F27-AC8E-C4D1FB16CDFC:,Le Croisic,Le Mans,2,Sous-desservi
France,FR:Line::88159CE6-0DEE-4F27-AC8E-C4D1FB16CDFC:,Le Croisic,Le Mans,1,Sous-desservi
France,FR:Line::88159CE6-0DEE-4F27-AC8E-C4D1FB16CDFC:,Le Croisic,Le Mans,1,Sous-desservi
France,FR:Line::88159CE6-0DEE-4F27-AC8E-C4D1FB16CDFC:,Le Croisic,Le Mans,1,Sous-desservi
France,FR:Line::88159CE6-0DEE-4F27-AC8E-C4D1FB16CDFC:,Le Croisic,Le Mans,10,Desserte Normale
France,FR:Line::88159CE6-0DEE-4F27-AC8E-C4D1FB16CDFC:,Le Croisic,Le Mans,18,Desserte Normale
France,FR:Line::882F7C2C-BF1F-4B1C-91B8-5A2F5CA0D208:,Paris Nord,Compiègne,4,Sous-desservi
France,FR:Line::882F7C2C-BF1F-4B1C-91B8-5A2F5CA0D208:,Paris Nord,Compiègne,9,Desserte Normale
France,FR:Line::882F7C2C-BF1F-4B1C-91B8-5A2F5CA0D208:,Paris Nord,Compiègne,2,Sous-desservi
France,FR:Line::882F7C2C-BF1F-4B1C-91B8-5A2F5CA0D208:,Paris Nord,Compiègne,5,Sous-desservi
France,FR:Line::882F7C2C-BF1F-4B1C-91B8-5A2F5CA0D208:,Paris Nord,Compiègne,4,Sous-desservi
France,FR:Line::882F7C2C-BF1F-4B1C-91B8-5A2F5CA0D208:,Paris Nord,Compiègne,11,Desserte Normale
France,FR:Line::882F7C2C-BF1F-4B1C-91B8-5A2F5CA0D208:,Paris Nord,Compiègne,1,Sous-desservi
France,FR:Line::882F7C2C-BF1F-4B1C-91B8-5A2F5CA0D208:,Paris Nord,Compiègne,3,Sous-desservi
France,FR:Line::882F7C2C-BF1F-4B1C-91B8-5A2F5CA0D208:,Paris Nord,Compiègne,5,Sous-desservi
France,FR:Line::882F7C2C-BF1F-4B1C-91B8-5A2F5CA0D208:,Paris Nord,Compiègne,6,Sous-desservi
France,FR:Line::884A662A-9CC9-4133-94A5-88B4AE5206FD:,Francfort,Marseille,2,Sous-desservi
France,FR:Line::884A662A-9CC9-4133-94A5-88B4AE5206FD:,Francfort,Marseille,2,Sous-desservi
France,FR:Line::884A662A-9CC9-4133-94A5-88B4AE5206FD:,Francfort,Marseille,3,Sous-desservi
France,FR:Line::884A662A-9CC9-4133-94A5-88B4AE5206FD:,Francfort,Marseille,1,Sous-desservi
France,FR:Line::884A662A-9CC9-4133-94A5-88B4AE5206FD:,Francfort,Marseille,3,Sous-desservi
France,FR:Line::884A662A-9CC9-4133-94A5-88B4AE5206FD:,Francfort,Marseille,5,Sous-desservi
France,FR:Line::884A662A-9CC9-4133-94A5-88B4AE5206FD:,Francfort,Marseille,1,Sous-desservi
France,FR:Line::884A662A-9CC9-4133-94A5-88B4AE5206FD:,Francfort,Marseille,2,Sous-desservi
France,FR:Line::884A662A-9CC9-4133-94A5-88B4AE5206FD:,Francfort,Marseille,3,Sous-desservi
France,FR:Line::88FBDC05-4E46-4008-B9FB-255E389E4715:,Lille Flandres,Tourcoing,8,Desserte Normale
France,FR:Line::88FBDC05-4E46-4008-B9FB-255E389E4715:,Lille Flandres,Tourcoing,8,Desserte Normale
France,FR:Line::88c051bc-d7c4-4fd2-9cfe-df185d86ffff:,Arras,Berck Tergv,5,Sous-desservi
France,FR:Line::88c051bc-d7c4-4fd2-9cfe-df185d86ffff:,Arras,Berck Tergv,6,Sous-desservi
France,FR:Line::89BD9468-3499-4B6B-B3CB-50073CDD3F95:,Paris,Orléans,5,Sous-desservi
France,FR:Line::89BD9468-3499-4B6B-B3CB-50073CDD3F95:,Paris,Orléans,8,Desserte Normale
France,FR:Line::89BD9468-3499-4B6B-B3CB-50073CDD3F95:,Paris,Orléans,14,Desserte Normale
France,FR:Line::89BD9468-3499-4B6B-B3CB-50073CDD3F95:,Paris,Orléans,18,Desserte Normale
France,FR:Line::89BD9468-3499-4B6B-B3CB-50073CDD3F95:,Paris,Orléans,2,Sous-desservi
France,FR:Line::89BD9468-3499-4B6B-B3CB-50073CDD3F95:,Paris,Orléans,5,Sous-desservi
France,FR:Line::89BD9468-3499-4B6B-B3CB-50073CDD3F95:,Paris,Orléans,24,Desserte Normale
France,FR:Line::8A155FC0-3E58-49EF-ADE6-DE0BF33A991E:,Rennes,Retiers,4,Sous-desservi
France,FR:Line::8A155FC0-3E58-49EF-ADE6-DE0BF33A991E:,Rennes,Retiers,4,Sous-desservi
France,FR:Line::8A45A100-4B0A-430B-BAD0-EDB1ECD38F84:,Toulouse Matabiau,Rodez,2,Sous-desservi
France,FR:Line::8A45A100-4B0A-430B-BAD0-EDB1ECD38F84:,Toulouse Matabiau,Rodez,1,Sous-desservi
France,FR:Line::8A45A100-4B0A-430B-BAD0-EDB1ECD38F84:,Toulouse Matabiau,Rodez,22,Desserte Normale
France,FR:Line::8A45A100-4B0A-430B-BAD0-EDB1ECD38F84:,Toulouse Matabiau,Rodez,2,Sous-desservi
France,FR:Line::8A45A100-4B0A-430B-BAD0-EDB1ECD38F84:,Toulouse Matabiau,Rodez,10,Desserte Normale
France,FR:Line::8A45A100-4B0A-430B-BAD0-EDB1ECD38F84:,Toulouse Matabiau,Rodez,19,Desserte Normale
France,FR:Line::8AA26B03-5BCC-472B-A2F7-7CDB75CC47ED:,Lille Flandres,Lens,23,Desserte Normale
France,FR:Line::8B3F1FD1-3870-435B-8D30-A6998230AC64:,Dijon,Mâcon,1,Sous-desservi
France,FR:Line::8B3F1FD1-3870-435B-8D30-A6998230AC64:,Dijon,Mâcon,1,Sous-desservi
France,FR:Line::8B3F1FD1-3870-435B-8D30-A6998230AC64:,Dijon,Mâcon,1,Sous-desservi
France,FR:Line::8B3F1FD1-3870-435B-8D30-A6998230AC64:,Dijon,Mâcon,1,Sous-desservi
France,FR:Line::8B3F1FD1-3870-435B-8D30-A6998230AC64:,Dijon,Mâcon,2,Sous-desservi
France,FR:Line::8B3F1FD1-3870-435B-8D30-A6998230AC64:,Dijon,Mâcon,7,Desserte Normale
France,FR:Line::8B3F1FD1-3870-435B-8D30-A6998230AC64:,Dijon,Mâcon,19,Desserte Normale
France,FR:Line::8B3F1FD1-3870-435B-8D30-A6998230AC64:,Dijon,Mâcon,1,Sous-desservi
France,FR:Line::8B3F1FD1-3870-435B-8D30-A6998230AC64:,Dijon,Mâcon,8,Desserte Normale
France,FR:Line::8B3F1FD1-3870-435B-8D30-A6998230AC64:,Dijon,Mâcon,38,Desserte Normale
France,FR:Line::8B910C1D-6DCC-4674-B2F7-C5274FDC64D4:,Nancy,Lunéville,1,Sous-desservi
France,FR:Line::8B910C1D-6DCC-4674-B2F7-C5274FDC64D4:,Nancy,Lunéville,3,Sous-desservi
France,FR:Line::8B910C1D-6DCC-4674-B2F7-C5274FDC64D4:,Nancy,Lunéville,11,Desserte Normale
France,FR:Line::8B910C1D-6DCC-4674-B2F7-C5274FDC64D4:,Nancy,Lunéville,18,Desserte Normale
France,FR:Line::8BD51CD7-7DB5-4286-BF29-BAB43FBAB43F:,Nevers,Luzy,5,Sous-desservi
France,FR:Line::8C1C1A08-8854-4535-A188-D047BD6F341C:,Bourges,Commentry,6,Sous-desservi
France,FR:Line::8CDAD95F-5C01-47A6-BC11-859D3DE040DF:,Nantes,Le Croisic,6,Sous-desservi
France,FR:Line::8CDAD95F-5C01-47A6-BC11-859D3DE040DF:,Nantes,Le Croisic,1,Sous-desservi
France,FR:Line::8CDAD95F-5C01-47A6-BC11-859D3DE040DF:,Nantes,Le Croisic,2,Sous-desservi
France,FR:Line::8CDAD95F-5C01-47A6-BC11-859D3DE040DF:,Nantes,Le Croisic,1,Sous-desservi
France,FR:Line::8CDAD95F-5C01-47A6-BC11-859D3DE040DF:,Nantes,Le Croisic,4,Sous-desservi
France,FR:Line::8CDAD95F-5C01-47A6-BC11-859D3DE040DF:,Nantes,Le Croisic,29,Desserte Normale
France,FR:Line::8D10DD09-16EC-4CD4-95AA-86221A3B1AD3:,Longwy,Luxembourg,12,Desserte Normale
France,FR:Line::8D10DD09-16EC-4CD4-95AA-86221A3B1AD3:,Longwy,Luxembourg,36,Desserte Normale
France,FR:Line::8E9E1A26-30D4-49B7-8B37-D439E17FFC20:,Tours,Lyon,1,Sous-desservi
France,FR:Line::8E9E1A26-30D4-49B7-8B37-D439E17FFC20:,Tours,Lyon,1,Sous-desservi
France,FR:Line::8E9E1A26-30D4-49B7-8B37-D439E17FFC20:,Tours,Lyon,1,Sous-desservi
France,FR:Line::8E9E1A26-30D4-49B7-8B37-D439E17FFC20:,Tours,Lyon,2,Sous-desservi
France,FR:Line::8EDA0FF6-311A-4C83-8C18-63D890856B43:,Paris,Languedoc Roussillon TGV,8,Desserte Normale
France,FR:Line::8EDA0FF6-311A-4C83-8C18-63D890856B43:,Paris,Languedoc Roussillon TGV,2,Sous-desservi
France,FR:Line::8EDA0FF6-311A-4C83-8C18-63D890856B43:,Paris,Languedoc Roussillon TGV,14,Desserte Normale
France,FR:Line::8EDA0FF6-311A-4C83-8C18-63D890856B43:,Paris,Languedoc Roussillon TGV,1,Sous-desservi
France,FR:Line::8EDA0FF6-311A-4C83-8C18-63D890856B43:,Paris,Languedoc Roussillon TGV,3,Sous-desservi
France,FR:Line::8EDA0FF6-311A-4C83-8C18-63D890856B43:,Paris,Languedoc Roussillon TGV,14,Desserte Normale
France,FR:Line::8EDA0FF6-311A-4C83-8C18-63D890856B43:,Paris,Languedoc Roussillon TGV,5,Sous-desservi
France,FR:Line::8EDA0FF6-311A-4C83-8C18-63D890856B43:,Paris,Languedoc Roussillon TGV,9,Desserte Normale
France,FR:Line::8EDA0FF6-311A-4C83-8C18-63D890856B43:,Paris,Languedoc Roussillon TGV,1,Sous-desservi
France,FR:Line::8EDA0FF6-311A-4C83-8C18-63D890856B43:,Paris,Languedoc Roussillon TGV,7,Desserte Normale
France,FR:Line::8EDA0FF6-311A-4C83-8C18-63D890856B43:,Paris,Languedoc Roussillon TGV,1,Sous-desservi
France,FR:Line::8EDA0FF6-311A-4C83-8C18-63D890856B43:,Paris,Languedoc Roussillon TGV,3,Sous-desservi
France,FR:Line::8EDA0FF6-311A-4C83-8C18-63D890856B43:,Paris,Languedoc Roussillon TGV,1,Sous-desservi
France,FR:Line::8EDA0FF6-311A-4C83-8C18-63D890856B43:,Paris,Languedoc Roussillon TGV,10,Desserte Normale
France,FR:Line::8EDA0FF6-311A-4C83-8C18-63D890856B43:,Paris,Languedoc Roussillon TGV,41,Desserte Normale
France,FR:Line::8EDA0FF6-311A-4C83-8C18-63D890856B43:,Paris,Languedoc Roussillon TGV,25,Desserte Normale
France,FR:Line::8EDA0FF6-311A-4C83-8C18-63D890856B43:,Paris,Languedoc Roussillon TGV,3,Sous-desservi
France,FR:Line::8EDA0FF6-311A-4C83-8C18-63D890856B43:,Paris,Languedoc Roussillon TGV,5,Sous-desservi
France,FR:Line::8EDA0FF6-311A-4C83-8C18-63D890856B43:,Paris,Languedoc Roussillon TGV,1,Sous-desservi
France,FR:Line::8EDA0FF6-311A-4C83-8C18-63D890856B43:,Paris,Languedoc Roussillon TGV,1,Sous-desservi
France,FR:Line::8EDA0FF6-311A-4C83-8C18-63D890856B43:,Paris,Languedoc Roussillon TGV,25,Desserte Normale
France,FR:Line::8EDA0FF6-311A-4C83-8C18-63D890856B43:,Paris,Languedoc Roussillon TGV,31,Desserte Normale
France,FR:Line::8a1bc223-73e7-4815-a5f4-7f15db60625a:,Amiens,Arras,9,Desserte Normale
France,FR:Line::8a1bc223-73e7-4815-a5f4-7f15db60625a:,Amiens,Arras,20,Desserte Normale
France,FR:Line::8ba8a419-03e7-45ba-aef8-33b50dc5179b:,Nantes,Lyon,1,Sous-desservi
France,FR:Line::8ba8a419-03e7-45ba-aef8-33b50dc5179b:,Nantes,Lyon,1,Sous-desservi
France,FR:Line::8ba8a419-03e7-45ba-aef8-33b50dc5179b:,Nantes,Lyon,2,Sous-desservi
France,FR:Line::8ba8a419-03e7-45ba-aef8-33b50dc5179b:,Nantes,Lyon,9,Desserte Normale
France,FR:Line::8ba8a419-03e7-45ba-aef8-33b50dc5179b:,Nantes,Lyon,5,Sous-desservi
France,FR:Line::8ba8a419-03e7-45ba-aef8-33b50dc5179b:,Nantes,Lyon,7,Desserte Normale
France,FR:Line::8ba8a419-03e7-45ba-aef8-33b50dc5179b:,Nantes,Lyon,1,Sous-desservi
France,FR:Line::8ba8a419-03e7-45ba-aef8-33b50dc5179b:,Nantes,Lyon,1,Sous-desservi
France,FR:Line::8ba8a419-03e7-45ba-aef8-33b50dc5179b:,Nantes,Lyon,1,Sous-desservi
France,FR:Line::8ba8a419-03e7-45ba-aef8-33b50dc5179b:,Nantes,Lyon,1,Sous-desservi
France,FR:Line::8ba8a419-03e7-45ba-aef8-33b50dc5179b:,Nantes,Lyon,2,Sous-desservi
France,FR:Line::8ba8a419-03e7-45ba-aef8-33b50dc5179b:,Nantes,Lyon,3,Sous-desservi
France,FR:Line::8ba8a419-03e7-45ba-aef8-33b50dc5179b:,Nantes,Lyon,5,Sous-desservi
France,FR:Line::8ba8a419-03e7-45ba-aef8-33b50dc5179b:,Nantes,Lyon,3,Sous-desservi
France,FR:Line::8ba8a419-03e7-45ba-aef8-33b50dc5179b:,Nantes,Lyon,2,Sous-desservi
France,FR:Line::8ba8a419-03e7-45ba-aef8-33b50dc5179b:,Nantes,Lyon,6,Sous-desservi
France,FR:Line::8c3b6920-35c9-4b67-b79d-434a4226e338:,Paris,Cahors,3,Sous-desservi
France,FR:Line::8c3b6920-35c9-4b67-b79d-434a4226e338:,Paris,Cahors,6,Sous-desservi
France,FR:Line::8c3b6920-35c9-4b67-b79d-434a4226e338:,Paris,Cahors,3,Sous-desservi
France,FR:Line::8c3b6920-35c9-4b67-b79d-434a4226e338:,Paris,Cahors,10,Desserte Normale
France,FR:Line::8c3b6920-35c9-4b67-b79d-434a4226e338:,Paris,Cahors,4,Sous-desservi
France,FR:Line::8c3b6920-35c9-4b67-b79d-434a4226e338:,Paris,Cahors,1,Sous-desservi
France,FR:Line::8c3b6920-35c9-4b67-b79d-434a4226e338:,Paris,Cahors,1,Sous-desservi
France,FR:Line::8c3b6920-35c9-4b67-b79d-434a4226e338:,Paris,Cahors,9,Desserte Normale
France,FR:Line::8c3b6920-35c9-4b67-b79d-434a4226e338:,Paris,Cahors,3,Sous-desservi
France,FR:Line::8c3b6920-35c9-4b67-b79d-434a4226e338:,Paris,Cahors,12,Desserte Normale
France,FR:Line::8c3b6920-35c9-4b67-b79d-434a4226e338:,Paris,Cahors,3,Sous-desservi
France,FR:Line::8c3b6920-35c9-4b67-b79d-434a4226e338:,Paris,Cahors,5,Sous-desservi
France,FR:Line::8c3b6920-35c9-4b67-b79d-434a4226e338:,Paris,Cahors,1,Sous-desservi
France,FR:Line::8c3b6920-35c9-4b67-b79d-434a4226e338:,Paris,Cahors,6,Sous-desservi
France,FR:Line::8c3b6920-35c9-4b67-b79d-434a4226e338:,Paris,Cahors,1,Sous-desservi
France,FR:Line::8c3b6920-35c9-4b67-b79d-434a4226e338:,Paris,Cahors,2,Sous-desservi
France,FR:Line::8c3b6920-35c9-4b67-b79d-434a4226e338:,Paris,Cahors,9,Desserte Normale
France,FR:Line::8c3b6920-35c9-4b67-b79d-434a4226e338:,Paris,Cahors,1,Sous-desservi
France,FR:Line::8c3b6920-35c9-4b67-b79d-434a4226e338:,Paris,Cahors,4,Sous-desservi
France,FR:Line::8c3b6920-35c9-4b67-b79d-434a4226e338:,Paris,Cahors,8,Desserte Normale
France,FR:Line::8e297df3-a23b-4d5f-a7e5-b5b66f2bfb3d:,LUNEVILLE,REVIGNY,3,Sous-desservi
France,FR:Line::8e297df3-a23b-4d5f-a7e5-b5b66f2bfb3d:,LUNEVILLE,REVIGNY,3,Sous-desservi
France,FR:Line::8e297df3-a23b-4d5f-a7e5-b5b66f2bfb3d:,LUNEVILLE,REVIGNY,5,Sous-desservi
France,FR:Line::8e297df3-a23b-4d5f-a7e5-b5b66f2bfb3d:,LUNEVILLE,REVIGNY,2,Sous-desservi
France,FR:Line::8e297df3-a23b-4d5f-a7e5-b5b66f2bfb3d:,LUNEVILLE,REVIGNY,2,Sous-desservi
France,FR:Line::8e297df3-a23b-4d5f-a7e5-b5b66f2bfb3d:,LUNEVILLE,REVIGNY,1,Sous-desservi
France,FR:Line::8e297df3-a23b-4d5f-a7e5-b5b66f2bfb3d:,LUNEVILLE,REVIGNY,3,Sous-desservi
France,FR:Line::8e297df3-a23b-4d5f-a7e5-b5b66f2bfb3d:,LUNEVILLE,REVIGNY,5,Sous-desservi
France,FR:Line::8ed16083-f6af-44a8-8260-57b449cdcc9e:,CLERMONT,MENDE,6,Sous-desservi
France,FR:Line::8ed16083-f6af-44a8-8260-57b449cdcc9e:,CLERMONT,MENDE,3,Sous-desservi
France,FR:Line::8ed16083-f6af-44a8-8260-57b449cdcc9e:,CLERMONT,MENDE,6,Sous-desservi
France,FR:Line::9076088F-48FF-42F3-BABE-1AA476103702:,Toulouse Matabiau,Ax Les Thermes,2,Sous-desservi
France,FR:Line::9076088F-48FF-42F3-BABE-1AA476103702:,Toulouse Matabiau,Ax Les Thermes,3,Sous-desservi
France,FR:Line::9076088F-48FF-42F3-BABE-1AA476103702:,Toulouse Matabiau,Ax Les Thermes,5,Sous-desservi
France,FR:Line::9076088F-48FF-42F3-BABE-1AA476103702:,Toulouse Matabiau,Ax Les Thermes,18,Desserte Normale
France,FR:Line::9076088F-48FF-42F3-BABE-1AA476103702:,Toulouse Matabiau,Ax Les Thermes,26,Desserte Normale
France,FR:Line::9076088F-48FF-42F3-BABE-1AA476103702:,Toulouse Matabiau,Ax Les Thermes,4,Sous-desservi
France,FR:Line::9076088F-48FF-42F3-BABE-1AA476103702:,Toulouse Matabiau,Ax Les Thermes,5,Sous-desservi
France,FR:Line::9076088F-48FF-42F3-BABE-1AA476103702:,Toulouse Matabiau,Ax Les Thermes,2,Sous-desservi
France,FR:Line::9076088F-48FF-42F3-BABE-1AA476103702:,Toulouse Matabiau,Ax Les Thermes,38,Desserte Normale
France,FR:Line::9076088F-48FF-42F3-BABE-1AA476103702:,Toulouse Matabiau,Ax Les Thermes,32,Desserte Normale
France,FR:Line::9076088F-48FF-42F3-BABE-1AA476103702:,Toulouse Matabiau,Ax Les Thermes,13,Desserte Normale
France,FR:Line::9076088F-48FF-42F3-BABE-1AA476103702:,Toulouse Matabiau,Ax Les Thermes,1,Sous-desservi
France,FR:Line::9076088F-48FF-42F3-BABE-1AA476103702:,Toulouse Matabiau,Ax Les Thermes,13,Desserte Normale
France,FR:Line::9076088F-48FF-42F3-BABE-1AA476103702:,Toulouse Matabiau,Ax Les Thermes,30,Desserte Normale
France,FR:Line::90CD8D71-6EAE-4A77-9922-7CD0EA4F796B:,Rennes,St-Brieuc,2,Sous-desservi
France,FR:Line::90CD8D71-6EAE-4A77-9922-7CD0EA4F796B:,Rennes,St-Brieuc,2,Sous-desservi
France,FR:Line::90CD8D71-6EAE-4A77-9922-7CD0EA4F796B:,Rennes,St-Brieuc,4,Sous-desservi
France,FR:Line::90CD8D71-6EAE-4A77-9922-7CD0EA4F796B:,Rennes,St-Brieuc,45,Desserte Normale
France,FR:Line::90CD8D71-6EAE-4A77-9922-7CD0EA4F796B:,Rennes,St-Brieuc,1,Sous-desservi
France,FR:Line::9130E77B-ACA3-48B1-A215-5A91484DA332:,Marseille,Aubagne,1,Sous-desservi
France,FR:Line::9130E77B-ACA3-48B1-A215-5A91484DA332:,Marseille,Aubagne,3,Sous-desservi
France,FR:Line::9130E77B-ACA3-48B1-A215-5A91484DA332:,Marseille,Aubagne,42,Desserte Normale
France,FR:Line::915D5DDD-48DB-4134-A537-E0AEBFB320C1:,Brest,Redon (Vers Nantes),1,Sous-desservi
France,FR:Line::915D5DDD-48DB-4134-A537-E0AEBFB320C1:,Brest,Redon (Vers Nantes),3,Sous-desservi
France,FR:Line::915D5DDD-48DB-4134-A537-E0AEBFB320C1:,Brest,Redon (Vers Nantes),1,Sous-desservi
France,FR:Line::915D5DDD-48DB-4134-A537-E0AEBFB320C1:,Brest,Redon (Vers Nantes),1,Sous-desservi
France,FR:Line::915D5DDD-48DB-4134-A537-E0AEBFB320C1:,Brest,Redon (Vers Nantes),1,Sous-desservi
France,FR:Line::915D5DDD-48DB-4134-A537-E0AEBFB320C1:,Brest,Redon (Vers Nantes),1,Sous-desservi
France,FR:Line::915D5DDD-48DB-4134-A537-E0AEBFB320C1:,Brest,Redon (Vers Nantes),1,Sous-desservi
France,FR:Line::915D5DDD-48DB-4134-A537-E0AEBFB320C1:,Brest,Redon (Vers Nantes),1,Sous-desservi
France,FR:Line::915D5DDD-48DB-4134-A537-E0AEBFB320C1:,Brest,Redon (Vers Nantes),1,Sous-desservi
France,FR:Line::915ED0D0-C16D-4049-BBAD-06375D50D1A8:,Seurre,Bourg En Bresse,7,Desserte Normale
France,FR:Line::9227d255-a1c8-4de7-b810-923df421bfc7:,Bordeaux,Tarbes,1,Sous-desservi
France,FR:Line::9227d255-a1c8-4de7-b810-923df421bfc7:,Bordeaux,Tarbes,1,Sous-desservi
France,FR:Line::9227d255-a1c8-4de7-b810-923df421bfc7:,Bordeaux,Tarbes,2,Sous-desservi
France,FR:Line::9227d255-a1c8-4de7-b810-923df421bfc7:,Bordeaux,Tarbes,1,Sous-desservi
France,FR:Line::9227d255-a1c8-4de7-b810-923df421bfc7:,Bordeaux,Tarbes,1,Sous-desservi
France,FR:Line::9227d255-a1c8-4de7-b810-923df421bfc7:,Bordeaux,Tarbes,2,Sous-desservi
France,FR:Line::9227d255-a1c8-4de7-b810-923df421bfc7:,Bordeaux,Tarbes,13,Desserte Normale
France,FR:Line::9227d255-a1c8-4de7-b810-923df421bfc7:,Bordeaux,Tarbes,1,Sous-desservi
France,FR:Line::9227d255-a1c8-4de7-b810-923df421bfc7:,Bordeaux,Tarbes,1,Sous-desservi
France,FR:Line::9227d255-a1c8-4de7-b810-923df421bfc7:,Bordeaux,Tarbes,4,Sous-desservi
France,FR:Line::9227d255-a1c8-4de7-b810-923df421bfc7:,Bordeaux,Tarbes,15,Desserte Normale
France,FR:Line::9227d255-a1c8-4de7-b810-923df421bfc7:,Bordeaux,Tarbes,6,Sous-desservi
France,FR:Line::9227d255-a1c8-4de7-b810-923df421bfc7:,Bordeaux,Tarbes,4,Sous-desservi
France,FR:Line::9227d255-a1c8-4de7-b810-923df421bfc7:,Bordeaux,Tarbes,1,Sous-desservi
France,FR:Line::9227d255-a1c8-4de7-b810-923df421bfc7:,Bordeaux,Tarbes,12,Desserte Normale
France,FR:Line::9227d255-a1c8-4de7-b810-923df421bfc7:,Bordeaux,Tarbes,8,Desserte Normale
France,FR:Line::9302e13e-8434-45ce-a5bc-9fe445fd95bc:,PARIS,MULHOUSE,41,Desserte Normale
France,FR:Line::9302e13e-8434-45ce-a5bc-9fe445fd95bc:,PARIS,MULHOUSE,40,Desserte Normale
France,FR:Line::9302e13e-8434-45ce-a5bc-9fe445fd95bc:,PARIS,MULHOUSE,15,Desserte Normale
France,FR:Line::9302e13e-8434-45ce-a5bc-9fe445fd95bc:,PARIS,MULHOUSE,1,Sous-desservi
France,FR:Line::9302e13e-8434-45ce-a5bc-9fe445fd95bc:,PARIS,MULHOUSE,38,Desserte Normale
France,FR:Line::9302e13e-8434-45ce-a5bc-9fe445fd95bc:,PARIS,MULHOUSE,28,Desserte Normale
France,FR:Line::9302e13e-8434-45ce-a5bc-9fe445fd95bc:,PARIS,MULHOUSE,5,Sous-desservi
France,FR:Line::9302e13e-8434-45ce-a5bc-9fe445fd95bc:,PARIS,MULHOUSE,9,Desserte Normale
France,FR:Line::9302e13e-8434-45ce-a5bc-9fe445fd95bc:,PARIS,MULHOUSE,28,Desserte Normale
France,FR:Line::9302e13e-8434-45ce-a5bc-9fe445fd95bc:,PARIS,MULHOUSE,71,Bien desservi
France,FR:Line::9302e13e-8434-45ce-a5bc-9fe445fd95bc:,PARIS,MULHOUSE,4,Sous-desservi
France,FR:Line::9302e13e-8434-45ce-a5bc-9fe445fd95bc:,PARIS,MULHOUSE,67,Bien desservi
France,FR:Line::93676b4d-70bb-42ae-a4ad-fade138a46c4:,REIMS,LAON,1,Sous-desservi
France,FR:Line::93676b4d-70bb-42ae-a4ad-fade138a46c4:,REIMS,LAON,11,Desserte Normale
France,FR:Line::93676b4d-70bb-42ae-a4ad-fade138a46c4:,REIMS,LAON,18,Desserte Normale
France,FR:Line::938DCE7E-3A57-443A-B771-92F6F819E7E3:,Lille Flandres,Dunkerque,2,Sous-desservi
France,FR:Line::938DCE7E-3A57-443A-B771-92F6F819E7E3:,Lille Flandres,Dunkerque,1,Sous-desservi
France,FR:Line::938DCE7E-3A57-443A-B771-92F6F819E7E3:,Lille Flandres,Dunkerque,1,Sous-desservi
France,FR:Line::938DCE7E-3A57-443A-B771-92F6F819E7E3:,Lille Flandres,Dunkerque,6,Sous-desservi
France,FR:Line::938DCE7E-3A57-443A-B771-92F6F819E7E3:,Lille Flandres,Dunkerque,2,Sous-desservi
France,FR:Line::938DCE7E-3A57-443A-B771-92F6F819E7E3:,Lille Flandres,Dunkerque,1,Sous-desservi
France,FR:Line::938DCE7E-3A57-443A-B771-92F6F819E7E3:,Lille Flandres,Dunkerque,5,Sous-desservi
France,FR:Line::938DCE7E-3A57-443A-B771-92F6F819E7E3:,Lille Flandres,Dunkerque,1,Sous-desservi
France,FR:Line::938DCE7E-3A57-443A-B771-92F6F819E7E3:,Lille Flandres,Dunkerque,28,Desserte Normale
France,FR:Line::938DCE7E-3A57-443A-B771-92F6F819E7E3:,Lille Flandres,Dunkerque,26,Desserte Normale
France,FR:Line::942664a6-ca84-4d0f-aa9a-8ccf0c1818b7:,Bayonne,Saint-Jean-Pied-de-Port,2,Sous-desservi
France,FR:Line::94da6970-1eba-4166-9d52-74771396d651:,METZ,Luxembourg,1,Sous-desservi
France,FR:Line::94da6970-1eba-4166-9d52-74771396d651:,METZ,Luxembourg,2,Sous-desservi
France,FR:Line::94da6970-1eba-4166-9d52-74771396d651:,METZ,Luxembourg,1,Sous-desservi
France,FR:Line::94da6970-1eba-4166-9d52-74771396d651:,METZ,Luxembourg,3,Sous-desservi
France,FR:Line::94da6970-1eba-4166-9d52-74771396d651:,METZ,Luxembourg,20,Desserte Normale
France,FR:Line::94da6970-1eba-4166-9d52-74771396d651:,METZ,Luxembourg,2,Sous-desservi
France,FR:Line::94da6970-1eba-4166-9d52-74771396d651:,METZ,Luxembourg,7,Desserte Normale
France,FR:Line::94da6970-1eba-4166-9d52-74771396d651:,METZ,Luxembourg,2,Sous-desservi
France,FR:Line::94da6970-1eba-4166-9d52-74771396d651:,METZ,Luxembourg,1,Sous-desservi
France,FR:Line::94da6970-1eba-4166-9d52-74771396d651:,METZ,Luxembourg,5,Sous-desservi
France,FR:Line::94da6970-1eba-4166-9d52-74771396d651:,METZ,Luxembourg,4,Sous-desservi
France,FR:Line::94da6970-1eba-4166-9d52-74771396d651:,METZ,Luxembourg,2,Sous-desservi
France,FR:Line::94da6970-1eba-4166-9d52-74771396d651:,METZ,Luxembourg,36,Desserte Normale
France,FR:Line::94da6970-1eba-4166-9d52-74771396d651:,METZ,Luxembourg,27,Desserte Normale
France,FR:Line::94da6970-1eba-4166-9d52-74771396d651:,METZ,Luxembourg,41,Desserte Normale
France,FR:Line::95C8F9DA-5F13-40B1-926F-08206EF3FC04:,Rennes,Brest,2,Sous-desservi
France,FR:Line::95C8F9DA-5F13-40B1-926F-08206EF3FC04:,Rennes,Brest,1,Sous-desservi
France,FR:Line::95C8F9DA-5F13-40B1-926F-08206EF3FC04:,Rennes,Brest,29,Desserte Normale
France,FR:Line::95C8F9DA-5F13-40B1-926F-08206EF3FC04:,Rennes,Brest,13,Desserte Normale
France,FR:Line::95C8F9DA-5F13-40B1-926F-08206EF3FC04:,Rennes,Brest,1,Sous-desservi
France,FR:Line::95C8F9DA-5F13-40B1-926F-08206EF3FC04:,Rennes,Brest,5,Sous-desservi
France,FR:Line::95C8F9DA-5F13-40B1-926F-08206EF3FC04:,Rennes,Brest,21,Desserte Normale
France,FR:Line::95C8F9DA-5F13-40B1-926F-08206EF3FC04:,Rennes,Brest,1,Sous-desservi
France,FR:Line::95D7FD74-472E-41BE-8455-BCCC03A72D17:,Chartres,Angers,1,Sous-desservi
France,FR:Line::95D7FD74-472E-41BE-8455-BCCC03A72D17:,Chartres,Angers,2,Sous-desservi
France,FR:Line::95D7FD74-472E-41BE-8455-BCCC03A72D17:,Chartres,Angers,1,Sous-desservi
France,FR:Line::95D7FD74-472E-41BE-8455-BCCC03A72D17:,Chartres,Angers,1,Sous-desservi
France,FR:Line::95D7FD74-472E-41BE-8455-BCCC03A72D17:,Chartres,Angers,6,Sous-desservi
France,FR:Line::95D7FD74-472E-41BE-8455-BCCC03A72D17:,Chartres,Angers,1,Sous-desservi
France,FR:Line::95D7FD74-472E-41BE-8455-BCCC03A72D17:,Chartres,Angers,4,Sous-desservi
France,FR:Line::95D7FD74-472E-41BE-8455-BCCC03A72D17:,Chartres,Angers,5,Sous-desservi
France,FR:Line::960d5017-915b-4c7e-b452-2fd669ba48a5:,Tours,Caen,1,Sous-desservi
France,FR:Line::9631D86D-C79E-4FF2-BE3B-F02F248CE476:,Marseille,Les Arcs,3,Sous-desservi
France,FR:Line::9631D86D-C79E-4FF2-BE3B-F02F248CE476:,Marseille,Les Arcs,4,Sous-desservi
France,FR:Line::9631D86D-C79E-4FF2-BE3B-F02F248CE476:,Marseille,Les Arcs,6,Sous-desservi
France,FR:Line::965C0279-4764-4FEA-B29B-363968EA28CE:,Calais -Ville,Amiens,1,Sous-desservi
France,FR:Line::965C0279-4764-4FEA-B29B-363968EA28CE:,Calais -Ville,Amiens,6,Sous-desservi
France,FR:Line::965C0279-4764-4FEA-B29B-363968EA28CE:,Calais -Ville,Amiens,1,Sous-desservi
France,FR:Line::965C0279-4764-4FEA-B29B-363968EA28CE:,Calais -Ville,Amiens,1,Sous-desservi
France,FR:Line::965C0279-4764-4FEA-B29B-363968EA28CE:,Calais -Ville,Amiens,1,Sous-desservi
France,FR:Line::965C0279-4764-4FEA-B29B-363968EA28CE:,Calais -Ville,Amiens,1,Sous-desservi
France,FR:Line::965C0279-4764-4FEA-B29B-363968EA28CE:,Calais -Ville,Amiens,1,Sous-desservi
France,FR:Line::965C0279-4764-4FEA-B29B-363968EA28CE:,Calais -Ville,Amiens,2,Sous-desservi
France,FR:Line::965C0279-4764-4FEA-B29B-363968EA28CE:,Calais -Ville,Amiens,1,Sous-desservi
France,FR:Line::965C0279-4764-4FEA-B29B-363968EA28CE:,Calais -Ville,Amiens,1,Sous-desservi
France,FR:Line::965C0279-4764-4FEA-B29B-363968EA28CE:,Calais -Ville,Amiens,14,Desserte Normale
France,FR:Line::965C0279-4764-4FEA-B29B-363968EA28CE:,Calais -Ville,Amiens,19,Desserte Normale
France,FR:Line::96673798-1C18-49C7-BD1F-C60A57365567:,Dunkerque,Hazebrouck,3,Sous-desservi
France,FR:Line::96809d68-f37d-4e68-ac3c-3c0540f4e2f2:,Les Arcs,Menton,2,Sous-desservi
France,FR:Line::96809d68-f37d-4e68-ac3c-3c0540f4e2f2:,Les Arcs,Menton,1,Sous-desservi
France,FR:Line::96809d68-f37d-4e68-ac3c-3c0540f4e2f2:,Les Arcs,Menton,1,Sous-desservi
France,FR:Line::96809d68-f37d-4e68-ac3c-3c0540f4e2f2:,Les Arcs,Menton,4,Sous-desservi
France,FR:Line::96809d68-f37d-4e68-ac3c-3c0540f4e2f2:,Les Arcs,Menton,1,Sous-desservi
France,FR:Line::96809d68-f37d-4e68-ac3c-3c0540f4e2f2:,Les Arcs,Menton,39,Desserte Normale
France,FR:Line::96809d68-f37d-4e68-ac3c-3c0540f4e2f2:,Les Arcs,Menton,23,Desserte Normale
France,FR:Line::96809d68-f37d-4e68-ac3c-3c0540f4e2f2:,Les Arcs,Menton,3,Sous-desservi
France,FR:Line::96809d68-f37d-4e68-ac3c-3c0540f4e2f2:,Les Arcs,Menton,3,Sous-desservi
France,FR:Line::96809d68-f37d-4e68-ac3c-3c0540f4e2f2:,Les Arcs,Menton,4,Sous-desservi
France,FR:Line::96809d68-f37d-4e68-ac3c-3c0540f4e2f2:,Les Arcs,Menton,7,Desserte Normale
France,FR:Line::96809d68-f37d-4e68-ac3c-3c0540f4e2f2:,Les Arcs,Menton,74,Bien desservi
France,FR:Line::96809d68-f37d-4e68-ac3c-3c0540f4e2f2:,Les Arcs,Menton,6,Sous-desservi
France,FR:Line::96809d68-f37d-4e68-ac3c-3c0540f4e2f2:,Les Arcs,Menton,26,Desserte Normale
France,FR:Line::96809d68-f37d-4e68-ac3c-3c0540f4e2f2:,Les Arcs,Menton,78,Bien desservi
France,FR:Line::9684FBBE-75D8-461A-B8F4-44181F11CFBC:,Paris,Arcachon TGV,1,Sous-desservi
France,FR:Line::96E1C176-FBA0-4B52-9F21-EAA3A97DB2D2:,Dol,Dinan,1,Sous-desservi
France,FR:Line::96E1C176-FBA0-4B52-9F21-EAA3A97DB2D2:,Dol,Dinan,22,Desserte Normale
France,FR:Line::96E1C176-FBA0-4B52-9F21-EAA3A97DB2D2:,Dol,Dinan,15,Desserte Normale
France,FR:Line::96E1C176-FBA0-4B52-9F21-EAA3A97DB2D2:,Dol,Dinan,1,Sous-desservi
France,FR:Line::96E1C176-FBA0-4B52-9F21-EAA3A97DB2D2:,Dol,Dinan,3,Sous-desservi
France,FR:Line::96E1C176-FBA0-4B52-9F21-EAA3A97DB2D2:,Dol,Dinan,12,Desserte Normale
France,FR:Line::96E1C176-FBA0-4B52-9F21-EAA3A97DB2D2:,Dol,Dinan,9,Desserte Normale
France,FR:Line::96E1C176-FBA0-4B52-9F21-EAA3A97DB2D2:,Dol,Dinan,15,Desserte Normale
France,FR:Line::96ce3252-9ee0-4a23-b9e4-9e5d6d6768a4:,CHARLEVILLE,THIONVILLE,2,Sous-desservi
France,FR:Line::96ce3252-9ee0-4a23-b9e4-9e5d6d6768a4:,CHARLEVILLE,THIONVILLE,2,Sous-desservi
France,FR:Line::96ce3252-9ee0-4a23-b9e4-9e5d6d6768a4:,CHARLEVILLE,THIONVILLE,2,Sous-desservi
France,FR:Line::96ce3252-9ee0-4a23-b9e4-9e5d6d6768a4:,CHARLEVILLE,THIONVILLE,2,Sous-desservi
France,FR:Line::96ce3252-9ee0-4a23-b9e4-9e5d6d6768a4:,CHARLEVILLE,THIONVILLE,5,Sous-desservi
France,FR:Line::96ce3252-9ee0-4a23-b9e4-9e5d6d6768a4:,CHARLEVILLE,THIONVILLE,2,Sous-desservi
France,FR:Line::96ce3252-9ee0-4a23-b9e4-9e5d6d6768a4:,CHARLEVILLE,THIONVILLE,2,Sous-desservi
France,FR:Line::96ce3252-9ee0-4a23-b9e4-9e5d6d6768a4:,CHARLEVILLE,THIONVILLE,9,Desserte Normale
France,FR:Line::96ce3252-9ee0-4a23-b9e4-9e5d6d6768a4:,CHARLEVILLE,THIONVILLE,6,Sous-desservi
France,FR:Line::96ce3252-9ee0-4a23-b9e4-9e5d6d6768a4:,CHARLEVILLE,THIONVILLE,6,Sous-desservi
France,FR:Line::97ACE358-5D90-456A-8747-CF84681108B7:,Châteauroux,Limoges,2,Sous-desservi
France,FR:Line::97ACE358-5D90-456A-8747-CF84681108B7:,Châteauroux,Limoges,1,Sous-desservi
France,FR:Line::97ACE358-5D90-456A-8747-CF84681108B7:,Châteauroux,Limoges,1,Sous-desservi
France,FR:Line::97ACE358-5D90-456A-8747-CF84681108B7:,Châteauroux,Limoges,2,Sous-desservi
France,FR:Line::97ACE358-5D90-456A-8747-CF84681108B7:,Châteauroux,Limoges,2,Sous-desservi
France,FR:Line::97ACE358-5D90-456A-8747-CF84681108B7:,Châteauroux,Limoges,3,Sous-desservi
France,FR:Line::97ACE358-5D90-456A-8747-CF84681108B7:,Châteauroux,Limoges,1,Sous-desservi
France,FR:Line::97ACE358-5D90-456A-8747-CF84681108B7:,Châteauroux,Limoges,1,Sous-desservi
France,FR:Line::97ACE358-5D90-456A-8747-CF84681108B7:,Châteauroux,Limoges,16,Desserte Normale
France,FR:Line::97ACE358-5D90-456A-8747-CF84681108B7:,Châteauroux,Limoges,9,Desserte Normale
France,FR:Line::97ACE358-5D90-456A-8747-CF84681108B7:,Châteauroux,Limoges,9,Desserte Normale
France,FR:Line::97E911FA-C8F2-4861-AD3C-C36CF4750A49:,ROUEN,PARIS,3,Sous-desservi
France,FR:Line::97E911FA-C8F2-4861-AD3C-C36CF4750A49:,ROUEN,PARIS,1,Sous-desservi
France,FR:Line::97E911FA-C8F2-4861-AD3C-C36CF4750A49:,ROUEN,PARIS,32,Desserte Normale
France,FR:Line::97E911FA-C8F2-4861-AD3C-C36CF4750A49:,ROUEN,PARIS,22,Desserte Normale
France,FR:Line::97E911FA-C8F2-4861-AD3C-C36CF4750A49:,ROUEN,PARIS,1,Sous-desservi
France,FR:Line::97E911FA-C8F2-4861-AD3C-C36CF4750A49:,ROUEN,PARIS,11,Desserte Normale
France,FR:Line::97E911FA-C8F2-4861-AD3C-C36CF4750A49:,ROUEN,PARIS,1,Sous-desservi
France,FR:Line::97E911FA-C8F2-4861-AD3C-C36CF4750A49:,ROUEN,PARIS,2,Sous-desservi
France,FR:Line::97E911FA-C8F2-4861-AD3C-C36CF4750A49:,ROUEN,PARIS,1,Sous-desservi
France,FR:Line::97E911FA-C8F2-4861-AD3C-C36CF4750A49:,ROUEN,PARIS,11,Desserte Normale
France,FR:Line::97E911FA-C8F2-4861-AD3C-C36CF4750A49:,ROUEN,PARIS,79,Bien desservi
France,FR:Line::9805a3d4-04d2-4122-9ac6-677255172215:,Bordeaux,Sarlat,3,Sous-desservi
France,FR:Line::9805a3d4-04d2-4122-9ac6-677255172215:,Bordeaux,Sarlat,15,Desserte Normale
France,FR:Line::9805a3d4-04d2-4122-9ac6-677255172215:,Bordeaux,Sarlat,3,Sous-desservi
France,FR:Line::9805a3d4-04d2-4122-9ac6-677255172215:,Bordeaux,Sarlat,1,Sous-desservi
France,FR:Line::9805a3d4-04d2-4122-9ac6-677255172215:,Bordeaux,Sarlat,3,Sous-desservi
France,FR:Line::9805a3d4-04d2-4122-9ac6-677255172215:,Bordeaux,Sarlat,36,Desserte Normale
France,FR:Line::9805a3d4-04d2-4122-9ac6-677255172215:,Bordeaux,Sarlat,12,Desserte Normale
France,FR:Line::9805a3d4-04d2-4122-9ac6-677255172215:,Bordeaux,Sarlat,12,Desserte Normale
France,FR:Line::9805a3d4-04d2-4122-9ac6-677255172215:,Bordeaux,Sarlat,25,Desserte Normale
France,FR:Line::98933BFE-501C-47DD-9424-2313BB0EECFC:,Paris Bercy,Auxerre,3,Sous-desservi
France,FR:Line::98933BFE-501C-47DD-9424-2313BB0EECFC:,Paris Bercy,Auxerre,1,Sous-desservi
France,FR:Line::98933BFE-501C-47DD-9424-2313BB0EECFC:,Paris Bercy,Auxerre,5,Sous-desservi
France,FR:Line::98933BFE-501C-47DD-9424-2313BB0EECFC:,Paris Bercy,Auxerre,8,Desserte Normale
France,FR:Line::98933BFE-501C-47DD-9424-2313BB0EECFC:,Paris Bercy,Auxerre,18,Desserte Normale
France,FR:Line::98933BFE-501C-47DD-9424-2313BB0EECFC:,Paris Bercy,Auxerre,3,Sous-desservi
France,FR:Line::98933BFE-501C-47DD-9424-2313BB0EECFC:,Paris Bercy,Auxerre,5,Sous-desservi
France,FR:Line::98933BFE-501C-47DD-9424-2313BB0EECFC:,Paris Bercy,Auxerre,10,Desserte Normale
France,FR:Line::98933BFE-501C-47DD-9424-2313BB0EECFC:,Paris Bercy,Auxerre,8,Desserte Normale
France,FR:Line::98933BFE-501C-47DD-9424-2313BB0EECFC:,Paris Bercy,Auxerre,5,Sous-desservi
France,FR:Line::98933BFE-501C-47DD-9424-2313BB0EECFC:,Paris Bercy,Auxerre,10,Desserte Normale
France,FR:Line::98933BFE-501C-47DD-9424-2313BB0EECFC:,Paris Bercy,Auxerre,6,Sous-desservi
France,FR:Line::98933BFE-501C-47DD-9424-2313BB0EECFC:,Paris Bercy,Auxerre,30,Desserte Normale
France,FR:Line::98933BFE-501C-47DD-9424-2313BB0EECFC:,Paris Bercy,Auxerre,3,Sous-desservi
France,FR:Line::98933BFE-501C-47DD-9424-2313BB0EECFC:,Paris Bercy,Auxerre,3,Sous-desservi
France,FR:Line::98933BFE-501C-47DD-9424-2313BB0EECFC:,Paris Bercy,Auxerre,9,Desserte Normale
France,FR:Line::98933BFE-501C-47DD-9424-2313BB0EECFC:,Paris Bercy,Auxerre,10,Desserte Normale
France,FR:Line::98933BFE-501C-47DD-9424-2313BB0EECFC:,Paris Bercy,Auxerre,8,Desserte Normale
France,FR:Line::98933BFE-501C-47DD-9424-2313BB0EECFC:,Paris Bercy,Auxerre,21,Desserte Normale
France,FR:Line::98933BFE-501C-47DD-9424-2313BB0EECFC:,Paris Bercy,Auxerre,6,Sous-desservi
France,FR:Line::98933BFE-501C-47DD-9424-2313BB0EECFC:,Paris Bercy,Auxerre,16,Desserte Normale
France,FR:Line::98933BFE-501C-47DD-9424-2313BB0EECFC:,Paris Bercy,Auxerre,14,Desserte Normale
France,FR:Line::98933BFE-501C-47DD-9424-2313BB0EECFC:,Paris Bercy,Auxerre,17,Desserte Normale
France,FR:Line::990301c3-14d2-4ac3-b839-9f452ebd7f65:,Grenoble,Veynes,5,Sous-desservi
France,FR:Line::990301c3-14d2-4ac3-b839-9f452ebd7f65:,Grenoble,Veynes,1,Sous-desservi
France,FR:Line::990301c3-14d2-4ac3-b839-9f452ebd7f65:,Grenoble,Veynes,4,Sous-desservi
France,FR:Line::990301c3-14d2-4ac3-b839-9f452ebd7f65:,Grenoble,Veynes,14,Desserte Normale
France,FR:Line::99549616-3619-4AD4-BD4C-6EDCEB576FB9:,Mulhouse,Bâle,1,Sous-desservi
France,FR:Line::99549616-3619-4AD4-BD4C-6EDCEB576FB9:,Mulhouse,Bâle,1,Sous-desservi
France,FR:Line::99549616-3619-4AD4-BD4C-6EDCEB576FB9:,Mulhouse,Bâle,25,Desserte Normale
France,FR:Line::99549616-3619-4AD4-BD4C-6EDCEB576FB9:,Mulhouse,Bâle,4,Sous-desservi
France,FR:Line::99549616-3619-4AD4-BD4C-6EDCEB576FB9:,Mulhouse,Bâle,50,Desserte Normale
France,FR:Line::9B25AB24-D245-4F3C-A70C-73EAF225FF0E:,Paris Nord,Cambrai,1,Sous-desservi
France,FR:Line::9B25AB24-D245-4F3C-A70C-73EAF225FF0E:,Paris Nord,Cambrai,4,Sous-desservi
France,FR:Line::9B25AB24-D245-4F3C-A70C-73EAF225FF0E:,Paris Nord,Cambrai,14,Desserte Normale
France,FR:Line::9B25AB24-D245-4F3C-A70C-73EAF225FF0E:,Paris Nord,Cambrai,32,Desserte Normale
France,FR:Line::9B25AB24-D245-4F3C-A70C-73EAF225FF0E:,Paris Nord,Cambrai,15,Desserte Normale
France,FR:Line::9B25AB24-D245-4F3C-A70C-73EAF225FF0E:,Paris Nord,Cambrai,2,Sous-desservi
France,FR:Line::9B25AB24-D245-4F3C-A70C-73EAF225FF0E:,Paris Nord,Cambrai,14,Desserte Normale
France,FR:Line::9B25AB24-D245-4F3C-A70C-73EAF225FF0E:,Paris Nord,Cambrai,8,Desserte Normale
France,FR:Line::9B25AB24-D245-4F3C-A70C-73EAF225FF0E:,Paris Nord,Cambrai,2,Sous-desservi
France,FR:Line::9B25AB24-D245-4F3C-A70C-73EAF225FF0E:,Paris Nord,Cambrai,1,Sous-desservi
France,FR:Line::9B25AB24-D245-4F3C-A70C-73EAF225FF0E:,Paris Nord,Cambrai,20,Desserte Normale
France,FR:Line::9B25AB24-D245-4F3C-A70C-73EAF225FF0E:,Paris Nord,Cambrai,3,Sous-desservi
France,FR:Line::9B25AB24-D245-4F3C-A70C-73EAF225FF0E:,Paris Nord,Cambrai,10,Desserte Normale
France,FR:Line::9B25AB24-D245-4F3C-A70C-73EAF225FF0E:,Paris Nord,Cambrai,28,Desserte Normale
France,FR:Line::9B25AB24-D245-4F3C-A70C-73EAF225FF0E:,Paris Nord,Cambrai,2,Sous-desservi
France,FR:Line::9B25AB24-D245-4F3C-A70C-73EAF225FF0E:,Paris Nord,Cambrai,3,Sous-desservi
France,FR:Line::9B25AB24-D245-4F3C-A70C-73EAF225FF0E:,Paris Nord,Cambrai,9,Desserte Normale
France,FR:Line::9B25AB24-D245-4F3C-A70C-73EAF225FF0E:,Paris Nord,Cambrai,3,Sous-desservi
France,FR:Line::9B25AB24-D245-4F3C-A70C-73EAF225FF0E:,Paris Nord,Cambrai,10,Desserte Normale
France,FR:Line::9B25AB24-D245-4F3C-A70C-73EAF225FF0E:,Paris Nord,Cambrai,23,Desserte Normale
France,FR:Line::9B25AB24-D245-4F3C-A70C-73EAF225FF0E:,Paris Nord,Cambrai,7,Desserte Normale
France,FR:Line::9B25AB24-D245-4F3C-A70C-73EAF225FF0E:,Paris Nord,Cambrai,17,Desserte Normale
France,FR:Line::9B25AB24-D245-4F3C-A70C-73EAF225FF0E:,Paris Nord,Cambrai,16,Desserte Normale
France,FR:Line::9B891546-602E-47F3-BDBD-79097E163E9C:,Clermont-Ferrand,Nîmes,1,Sous-desservi
France,FR:Line::9B891546-602E-47F3-BDBD-79097E163E9C:,Clermont-Ferrand,Nîmes,2,Sous-desservi
France,FR:Line::9B891546-602E-47F3-BDBD-79097E163E9C:,Clermont-Ferrand,Nîmes,9,Desserte Normale
France,FR:Line::9B891546-602E-47F3-BDBD-79097E163E9C:,Clermont-Ferrand,Nîmes,20,Desserte Normale
France,FR:Line::9BD0D04F-0EBE-4E25-954C-3089850CA2C1:,Belfort,Besançon,3,Sous-desservi
France,FR:Line::9BD0D04F-0EBE-4E25-954C-3089850CA2C1:,Belfort,Besançon,2,Sous-desservi
France,FR:Line::9BD0D04F-0EBE-4E25-954C-3089850CA2C1:,Belfort,Besançon,21,Desserte Normale
France,FR:Line::9BD0D04F-0EBE-4E25-954C-3089850CA2C1:,Belfort,Besançon,2,Sous-desservi
France,FR:Line::9BD0D04F-0EBE-4E25-954C-3089850CA2C1:,Belfort,Besançon,6,Sous-desservi
France,FR:Line::9BD0D04F-0EBE-4E25-954C-3089850CA2C1:,Belfort,Besançon,25,Desserte Normale
France,FR:Line::9CA52441-6491-437C-8C8E-6342E00CAB42:,Nancy,Neufchâteau,1,Sous-desservi
France,FR:Line::9CA52441-6491-437C-8C8E-6342E00CAB42:,Nancy,Neufchâteau,20,Desserte Normale
France,FR:Line::9CA52441-6491-437C-8C8E-6342E00CAB42:,Nancy,Neufchâteau,10,Desserte Normale
France,FR:Line::9CA52441-6491-437C-8C8E-6342E00CAB42:,Nancy,Neufchâteau,1,Sous-desservi
France,FR:Line::9CA52441-6491-437C-8C8E-6342E00CAB42:,Nancy,Neufchâteau,8,Desserte Normale
France,FR:Line::9CA52441-6491-437C-8C8E-6342E00CAB42:,Nancy,Neufchâteau,2,Sous-desservi
France,FR:Line::9CA52441-6491-437C-8C8E-6342E00CAB42:,Nancy,Neufchâteau,19,Desserte Normale
France,FR:Line::9CA52441-6491-437C-8C8E-6342E00CAB42:,Nancy,Neufchâteau,25,Desserte Normale
France,FR:Line::9D3B9426-2A05-40FA-A209-79E554630737:,Reims,Champagne Ardenne Tgv,7,Desserte Normale
France,FR:Line::9D3B9426-2A05-40FA-A209-79E554630737:,Reims,Champagne Ardenne Tgv,15,Desserte Normale
France,FR:Line::9D734757-B3C7-4D8A-951E-0EB6FDA912B9:,Paris,Quimper TGV,15,Desserte Normale
France,FR:Line::9D734757-B3C7-4D8A-951E-0EB6FDA912B9:,Paris,Quimper TGV,36,Desserte Normale
France,FR:Line::9D734757-B3C7-4D8A-951E-0EB6FDA912B9:,Paris,Quimper TGV,7,Desserte Normale
France,FR:Line::9D734757-B3C7-4D8A-951E-0EB6FDA912B9:,Paris,Quimper TGV,10,Desserte Normale
France,FR:Line::9D734757-B3C7-4D8A-951E-0EB6FDA912B9:,Paris,Quimper TGV,27,Desserte Normale
France,FR:Line::9D734757-B3C7-4D8A-951E-0EB6FDA912B9:,Paris,Quimper TGV,6,Sous-desservi
France,FR:Line::9D734757-B3C7-4D8A-951E-0EB6FDA912B9:,Paris,Quimper TGV,8,Desserte Normale
France,FR:Line::9D734757-B3C7-4D8A-951E-0EB6FDA912B9:,Paris,Quimper TGV,1,Sous-desservi
France,FR:Line::9D734757-B3C7-4D8A-951E-0EB6FDA912B9:,Paris,Quimper TGV,2,Sous-desservi
France,FR:Line::9D734757-B3C7-4D8A-951E-0EB6FDA912B9:,Paris,Quimper TGV,1,Sous-desservi
France,FR:Line::9D734757-B3C7-4D8A-951E-0EB6FDA912B9:,Paris,Quimper TGV,5,Sous-desservi
France,FR:Line::9D734757-B3C7-4D8A-951E-0EB6FDA912B9:,Paris,Quimper TGV,9,Desserte Normale
France,FR:Line::9D734757-B3C7-4D8A-951E-0EB6FDA912B9:,Paris,Quimper TGV,9,Desserte Normale
France,FR:Line::9D734757-B3C7-4D8A-951E-0EB6FDA912B9:,Paris,Quimper TGV,1,Sous-desservi
France,FR:Line::9D734757-B3C7-4D8A-951E-0EB6FDA912B9:,Paris,Quimper TGV,9,Desserte Normale
France,FR:Line::9D734757-B3C7-4D8A-951E-0EB6FDA912B9:,Paris,Quimper TGV,21,Desserte Normale
France,FR:Line::9D734757-B3C7-4D8A-951E-0EB6FDA912B9:,Paris,Quimper TGV,4,Sous-desservi
France,FR:Line::9D734757-B3C7-4D8A-951E-0EB6FDA912B9:,Paris,Quimper TGV,3,Sous-desservi
France,FR:Line::9D734757-B3C7-4D8A-951E-0EB6FDA912B9:,Paris,Quimper TGV,2,Sous-desservi
France,FR:Line::9D734757-B3C7-4D8A-951E-0EB6FDA912B9:,Paris,Quimper TGV,29,Desserte Normale
France,FR:Line::9D734757-B3C7-4D8A-951E-0EB6FDA912B9:,Paris,Quimper TGV,33,Desserte Normale
France,FR:Line::9E8A0A7B-FC96-452D-B101-08ACAC5E1547:,Nevers,Lozanne,1,Sous-desservi
France,FR:Line::9E8A0A7B-FC96-452D-B101-08ACAC5E1547:,Nevers,Lozanne,1,Sous-desservi
France,FR:Line::9E8A0A7B-FC96-452D-B101-08ACAC5E1547:,Nevers,Lozanne,5,Sous-desservi
France,FR:Line::9E8A0A7B-FC96-452D-B101-08ACAC5E1547:,Nevers,Lozanne,1,Sous-desservi
France,FR:Line::9E8A0A7B-FC96-452D-B101-08ACAC5E1547:,Nevers,Lozanne,1,Sous-desservi
France,FR:Line::9E8A0A7B-FC96-452D-B101-08ACAC5E1547:,Nevers,Lozanne,2,Sous-desservi
France,FR:Line::9E8A0A7B-FC96-452D-B101-08ACAC5E1547:,Nevers,Lozanne,1,Sous-desservi
France,FR:Line::9E8A0A7B-FC96-452D-B101-08ACAC5E1547:,Nevers,Lozanne,3,Sous-desservi
France,FR:Line::9E8A0A7B-FC96-452D-B101-08ACAC5E1547:,Nevers,Lozanne,8,Desserte Normale
France,FR:Line::9E8A0A7B-FC96-452D-B101-08ACAC5E1547:,Nevers,Lozanne,1,Sous-desservi
France,FR:Line::9E8A0A7B-FC96-452D-B101-08ACAC5E1547:,Nevers,Lozanne,6,Sous-desservi
France,FR:Line::9E8A0A7B-FC96-452D-B101-08ACAC5E1547:,Nevers,Lozanne,13,Desserte Normale
France,FR:Line::9EC38608-E325-4BD5-AAB1-18F387ED7DEB:,Mulhouse,Fribourg,14,Desserte Normale
France,FR:Line::9EC38608-E325-4BD5-AAB1-18F387ED7DEB:,Mulhouse,Fribourg,16,Desserte Normale
France,FR:Line::9F274BE1-3158-4AD4-9B2F-5D1AC4DBCE72:,Lyon Perrache,Tours,1,Sous-desservi
France,FR:Line::9F274BE1-3158-4AD4-9B2F-5D1AC4DBCE72:,Lyon Perrache,Tours,1,Sous-desservi
France,FR:Line::9F274BE1-3158-4AD4-9B2F-5D1AC4DBCE72:,Lyon Perrache,Tours,2,Sous-desservi
France,FR:Line::9F274BE1-3158-4AD4-9B2F-5D1AC4DBCE72:,Lyon Perrache,Tours,1,Sous-desservi
France,FR:Line::9F274BE1-3158-4AD4-9B2F-5D1AC4DBCE72:,Lyon Perrache,Tours,1,Sous-desservi
France,FR:Line::9F274BE1-3158-4AD4-9B2F-5D1AC4DBCE72:,Lyon Perrache,Tours,1,Sous-desservi
France,FR:Line::9F274BE1-3158-4AD4-9B2F-5D1AC4DBCE72:,Lyon Perrache,Tours,1,Sous-desservi
France,FR:Line::9F945086-5773-42EF-92D0-CCD63F7C134E:,Paris,Le Mans,2,Sous-desservi
France,FR:Line::9F945086-5773-42EF-92D0-CCD63F7C134E:,Paris,Le Mans,14,Desserte Normale
France,FR:Line::9F945086-5773-42EF-92D0-CCD63F7C134E:,Paris,Le Mans,23,Desserte Normale
France,FR:Line::9F945086-5773-42EF-92D0-CCD63F7C134E:,Paris,Le Mans,8,Desserte Normale
France,FR:Line::9F945086-5773-42EF-92D0-CCD63F7C134E:,Paris,Le Mans,2,Sous-desservi
France,FR:Line::9F945086-5773-42EF-92D0-CCD63F7C134E:,Paris,Le Mans,5,Sous-desservi
France,FR:Line::9F945086-5773-42EF-92D0-CCD63F7C134E:,Paris,Le Mans,1,Sous-desservi
France,FR:Line::9F945086-5773-42EF-92D0-CCD63F7C134E:,Paris,Le Mans,2,Sous-desservi
France,FR:Line::9F945086-5773-42EF-92D0-CCD63F7C134E:,Paris,Le Mans,28,Desserte Normale
France,FR:Line::9F945086-5773-42EF-92D0-CCD63F7C134E:,Paris,Le Mans,2,Sous-desservi
France,FR:Line::9F945086-5773-42EF-92D0-CCD63F7C134E:,Paris,Le Mans,2,Sous-desservi
France,FR:Line::9F945086-5773-42EF-92D0-CCD63F7C134E:,Paris,Le Mans,28,Desserte Normale
France,FR:Line::9F945086-5773-42EF-92D0-CCD63F7C134E:,Paris,Le Mans,29,Desserte Normale
France,FR:Line::9F9C7618-AF98-47D8-BFB4-0B1C2924A148:,Nimes,Le Grau Du Roi,5,Sous-desservi
France,FR:Line::9F9C7618-AF98-47D8-BFB4-0B1C2924A148:,Nimes,Le Grau Du Roi,2,Sous-desservi
France,FR:Line::9F9C7618-AF98-47D8-BFB4-0B1C2924A148:,Nimes,Le Grau Du Roi,13,Desserte Normale
France,FR:Line::9a13b0be-a3ff-46de-8c0c-75f24e313e98:,PARIS,ST DIZIER,1,Sous-desservi
France,FR:Line::9a13b0be-a3ff-46de-8c0c-75f24e313e98:,PARIS,ST DIZIER,2,Sous-desservi
France,FR:Line::9a13b0be-a3ff-46de-8c0c-75f24e313e98:,PARIS,ST DIZIER,4,Sous-desservi
France,FR:Line::9a13b0be-a3ff-46de-8c0c-75f24e313e98:,PARIS,ST DIZIER,1,Sous-desservi
France,FR:Line::9a13b0be-a3ff-46de-8c0c-75f24e313e98:,PARIS,ST DIZIER,33,Desserte Normale
France,FR:Line::9a13b0be-a3ff-46de-8c0c-75f24e313e98:,PARIS,ST DIZIER,1,Sous-desservi
France,FR:Line::9a13b0be-a3ff-46de-8c0c-75f24e313e98:,PARIS,ST DIZIER,10,Desserte Normale
France,FR:Line::9a13b0be-a3ff-46de-8c0c-75f24e313e98:,PARIS,ST DIZIER,1,Sous-desservi
France,FR:Line::9d60af5b-0820-49a1-8134-9d94f2d2e92a:,PARIS,STRASBOURG,15,Desserte Normale
France,FR:Line::9d60af5b-0820-49a1-8134-9d94f2d2e92a:,PARIS,STRASBOURG,11,Desserte Normale
France,FR:Line::9d60af5b-0820-49a1-8134-9d94f2d2e92a:,PARIS,STRASBOURG,1,Sous-desservi
France,FR:Line::9d60af5b-0820-49a1-8134-9d94f2d2e92a:,PARIS,STRASBOURG,2,Sous-desservi
France,FR:Line::9d60af5b-0820-49a1-8134-9d94f2d2e92a:,PARIS,STRASBOURG,3,Sous-desservi
France,FR:Line::9d60af5b-0820-49a1-8134-9d94f2d2e92a:,PARIS,STRASBOURG,18,Desserte Normale
France,FR:Line::9d60af5b-0820-49a1-8134-9d94f2d2e92a:,PARIS,STRASBOURG,7,Desserte Normale
France,FR:Line::9d60af5b-0820-49a1-8134-9d94f2d2e92a:,PARIS,STRASBOURG,7,Desserte Normale
France,FR:Line::9d60af5b-0820-49a1-8134-9d94f2d2e92a:,PARIS,STRASBOURG,10,Desserte Normale
France,FR:Line::9d60af5b-0820-49a1-8134-9d94f2d2e92a:,PARIS,STRASBOURG,1,Sous-desservi
France,FR:Line::9d60af5b-0820-49a1-8134-9d94f2d2e92a:,PARIS,STRASBOURG,3,Sous-desservi
France,FR:Line::9d60af5b-0820-49a1-8134-9d94f2d2e92a:,PARIS,STRASBOURG,1,Sous-desservi
France,FR:Line::9d60af5b-0820-49a1-8134-9d94f2d2e92a:,PARIS,STRASBOURG,50,Desserte Normale
France,FR:Line::9e92d35f-0064-41eb-ae43-d20ca6aa8da3:,Tours- Châtellerault,Poitiers,1,Sous-desservi
France,FR:Line::9e92d35f-0064-41eb-ae43-d20ca6aa8da3:,Tours- Châtellerault,Poitiers,2,Sous-desservi
France,FR:Line::9e92d35f-0064-41eb-ae43-d20ca6aa8da3:,Tours- Châtellerault,Poitiers,1,Sous-desservi
France,FR:Line::9e92d35f-0064-41eb-ae43-d20ca6aa8da3:,Tours- Châtellerault,Poitiers,1,Sous-desservi
France,FR:Line::9e92d35f-0064-41eb-ae43-d20ca6aa8da3:,Tours- Châtellerault,Poitiers,5,Sous-desservi
France,FR:Line::9e92d35f-0064-41eb-ae43-d20ca6aa8da3:,Tours- Châtellerault,Poitiers,1,Sous-desservi
France,FR:Line::9e92d35f-0064-41eb-ae43-d20ca6aa8da3:,Tours- Châtellerault,Poitiers,1,Sous-desservi
France,FR:Line::9e92d35f-0064-41eb-ae43-d20ca6aa8da3:,Tours- Châtellerault,Poitiers,6,Sous-desservi
France,FR:Line::9e92d35f-0064-41eb-ae43-d20ca6aa8da3:,Tours- Châtellerault,Poitiers,9,Desserte Normale
France,FR:Line::A09381D8-4D5B-40EB-91DA-830670648FC6:,Troyes,Laroche Migennes,3,Sous-desservi
France,FR:Line::A09381D8-4D5B-40EB-91DA-830670648FC6:,Troyes,Laroche Migennes,2,Sous-desservi
France,FR:Line::A09381D8-4D5B-40EB-91DA-830670648FC6:,Troyes,Laroche Migennes,6,Sous-desservi
France,FR:Line::A09381D8-4D5B-40EB-91DA-830670648FC6:,Troyes,Laroche Migennes,6,Sous-desservi
France,FR:Line::A09381D8-4D5B-40EB-91DA-830670648FC6:,Troyes,Laroche Migennes,9,Desserte Normale
France,FR:Line::A0FA829F-1AEE-4DAE-8464-09CDCB107164:,Toulouse Matabiau,Latour De Carol Enveitg,1,Sous-desservi
France,FR:Line::A0FA829F-1AEE-4DAE-8464-09CDCB107164:,Toulouse Matabiau,Latour De Carol Enveitg,6,Sous-desservi
France,FR:Line::A0FA829F-1AEE-4DAE-8464-09CDCB107164:,Toulouse Matabiau,Latour De Carol Enveitg,10,Desserte Normale
France,FR:Line::A0FA829F-1AEE-4DAE-8464-09CDCB107164:,Toulouse Matabiau,Latour De Carol Enveitg,10,Desserte Normale
France,FR:Line::A0FA829F-1AEE-4DAE-8464-09CDCB107164:,Toulouse Matabiau,Latour De Carol Enveitg,4,Sous-desservi
France,FR:Line::A0FA829F-1AEE-4DAE-8464-09CDCB107164:,Toulouse Matabiau,Latour De Carol Enveitg,6,Sous-desservi
France,FR:Line::A0FA829F-1AEE-4DAE-8464-09CDCB107164:,Toulouse Matabiau,Latour De Carol Enveitg,1,Sous-desservi
France,FR:Line::A0FA829F-1AEE-4DAE-8464-09CDCB107164:,Toulouse Matabiau,Latour De Carol Enveitg,24,Desserte Normale
France,FR:Line::A0FA829F-1AEE-4DAE-8464-09CDCB107164:,Toulouse Matabiau,Latour De Carol Enveitg,11,Desserte Normale
France,FR:Line::A0FA829F-1AEE-4DAE-8464-09CDCB107164:,Toulouse Matabiau,Latour De Carol Enveitg,11,Desserte Normale
France,FR:Line::A0FA829F-1AEE-4DAE-8464-09CDCB107164:,Toulouse Matabiau,Latour De Carol Enveitg,9,Desserte Normale
France,FR:Line::A0FA829F-1AEE-4DAE-8464-09CDCB107164:,Toulouse Matabiau,Latour De Carol Enveitg,14,Desserte Normale
France,FR:Line::A3ED2329-4705-47A8-88B3-047AB7EDDDF4:,Marseille,Montpellier,2,Sous-desservi
France,FR:Line::A3ED2329-4705-47A8-88B3-047AB7EDDDF4:,Marseille,Montpellier,4,Sous-desservi
France,FR:Line::A3ED2329-4705-47A8-88B3-047AB7EDDDF4:,Marseille,Montpellier,1,Sous-desservi
France,FR:Line::A3ED2329-4705-47A8-88B3-047AB7EDDDF4:,Marseille,Montpellier,1,Sous-desservi
France,FR:Line::A3ED2329-4705-47A8-88B3-047AB7EDDDF4:,Marseille,Montpellier,6,Sous-desservi
France,FR:Line::A3ED2329-4705-47A8-88B3-047AB7EDDDF4:,Marseille,Montpellier,1,Sous-desservi
France,FR:Line::A3ED2329-4705-47A8-88B3-047AB7EDDDF4:,Marseille,Montpellier,1,Sous-desservi
France,FR:Line::A3ED2329-4705-47A8-88B3-047AB7EDDDF4:,Marseille,Montpellier,1,Sous-desservi
France,FR:Line::A3ED2329-4705-47A8-88B3-047AB7EDDDF4:,Marseille,Montpellier,9,Desserte Normale
France,FR:Line::A4159C13-2987-459D-AE5B-5A4B753079D4:,Calais Ville,Dunkerque,1,Sous-desservi
France,FR:Line::A4159C13-2987-459D-AE5B-5A4B753079D4:,Calais Ville,Dunkerque,1,Sous-desservi
France,FR:Line::A4159C13-2987-459D-AE5B-5A4B753079D4:,Calais Ville,Dunkerque,1,Sous-desservi
France,FR:Line::A4159C13-2987-459D-AE5B-5A4B753079D4:,Calais Ville,Dunkerque,4,Sous-desservi
France,FR:Line::A4159C13-2987-459D-AE5B-5A4B753079D4:,Calais Ville,Dunkerque,16,Desserte Normale
France,FR:Line::A41B0332-BD0D-48BA-9F1E-C16519D8543E:,Nevers,Cosne,1,Sous-desservi
France,FR:Line::A41B0332-BD0D-48BA-9F1E-C16519D8543E:,Nevers,Cosne,1,Sous-desservi
France,FR:Line::A41B0332-BD0D-48BA-9F1E-C16519D8543E:,Nevers,Cosne,1,Sous-desservi
France,FR:Line::A41B0332-BD0D-48BA-9F1E-C16519D8543E:,Nevers,Cosne,1,Sous-desservi
France,FR:Line::A41B0332-BD0D-48BA-9F1E-C16519D8543E:,Nevers,Cosne,4,Sous-desservi
France,FR:Line::A41B0332-BD0D-48BA-9F1E-C16519D8543E:,Nevers,Cosne,8,Desserte Normale
France,FR:Line::A41B0332-BD0D-48BA-9F1E-C16519D8543E:,Nevers,Cosne,6,Sous-desservi
France,FR:Line::A41B0332-BD0D-48BA-9F1E-C16519D8543E:,Nevers,Cosne,12,Desserte Normale
France,FR:Line::A465C694-FCFB-4B61-BA3F-99352D61F6F2:,Nimes,Mende,12,Desserte Normale
France,FR:Line::A465C694-FCFB-4B61-BA3F-99352D61F6F2:,Nimes,Mende,14,Desserte Normale
France,FR:Line::A465C694-FCFB-4B61-BA3F-99352D61F6F2:,Nimes,Mende,4,Sous-desservi
France,FR:Line::A465C694-FCFB-4B61-BA3F-99352D61F6F2:,Nimes,Mende,3,Sous-desservi
France,FR:Line::A465C694-FCFB-4B61-BA3F-99352D61F6F2:,Nimes,Mende,8,Desserte Normale
France,FR:Line::A465C694-FCFB-4B61-BA3F-99352D61F6F2:,Nimes,Mende,3,Sous-desservi
France,FR:Line::A465C694-FCFB-4B61-BA3F-99352D61F6F2:,Nimes,Mende,2,Sous-desservi
France,FR:Line::A465C694-FCFB-4B61-BA3F-99352D61F6F2:,Nimes,Mende,1,Sous-desservi
France,FR:Line::A465C694-FCFB-4B61-BA3F-99352D61F6F2:,Nimes,Mende,2,Sous-desservi
France,FR:Line::A465C694-FCFB-4B61-BA3F-99352D61F6F2:,Nimes,Mende,10,Desserte Normale
France,FR:Line::A474D9C7-1A46-4870-8AAA-2A9C49F46F3D:,Rouen,Le Havre,2,Sous-desservi
France,FR:Line::A474D9C7-1A46-4870-8AAA-2A9C49F46F3D:,Rouen,Le Havre,3,Sous-desservi
France,FR:Line::A474D9C7-1A46-4870-8AAA-2A9C49F46F3D:,Rouen,Le Havre,24,Desserte Normale
France,FR:Line::A57CFA44-0C60-40FC-AAA6-D0624CF259FE:,Chambery,Modane,3,Sous-desservi
France,FR:Line::A57CFA44-0C60-40FC-AAA6-D0624CF259FE:,Chambery,Modane,1,Sous-desservi
France,FR:Line::A57CFA44-0C60-40FC-AAA6-D0624CF259FE:,Chambery,Modane,1,Sous-desservi
France,FR:Line::A57CFA44-0C60-40FC-AAA6-D0624CF259FE:,Chambery,Modane,6,Sous-desservi
France,FR:Line::A57CFA44-0C60-40FC-AAA6-D0624CF259FE:,Chambery,Modane,1,Sous-desservi
France,FR:Line::A57CFA44-0C60-40FC-AAA6-D0624CF259FE:,Chambery,Modane,2,Sous-desservi
France,FR:Line::A57CFA44-0C60-40FC-AAA6-D0624CF259FE:,Chambery,Modane,1,Sous-desservi
France,FR:Line::A57CFA44-0C60-40FC-AAA6-D0624CF259FE:,Chambery,Modane,10,Desserte Normale
France,FR:Line::A57CFA44-0C60-40FC-AAA6-D0624CF259FE:,Chambery,Modane,38,Desserte Normale
France,FR:Line::A6C76228-9224-4C48-8B92-80FC80F093E2:,Lille,Mediterranee TGV,50,Desserte Normale
France,FR:Line::A6C76228-9224-4C48-8B92-80FC80F093E2:,Lille,Mediterranee TGV,1,Sous-desservi
France,FR:Line::A6C76228-9224-4C48-8B92-80FC80F093E2:,Lille,Mediterranee TGV,39,Desserte Normale
France,FR:Line::A6C76228-9224-4C48-8B92-80FC80F093E2:,Lille,Mediterranee TGV,1,Sous-desservi
France,FR:Line::A6C76228-9224-4C48-8B92-80FC80F093E2:,Lille,Mediterranee TGV,1,Sous-desservi
France,FR:Line::A6C76228-9224-4C48-8B92-80FC80F093E2:,Lille,Mediterranee TGV,3,Sous-desservi
France,FR:Line::A6C76228-9224-4C48-8B92-80FC80F093E2:,Lille,Mediterranee TGV,3,Sous-desservi
France,FR:Line::A6C76228-9224-4C48-8B92-80FC80F093E2:,Lille,Mediterranee TGV,12,Desserte Normale
France,FR:Line::A6C76228-9224-4C48-8B92-80FC80F093E2:,Lille,Mediterranee TGV,2,Sous-desservi
France,FR:Line::A6C76228-9224-4C48-8B92-80FC80F093E2:,Lille,Mediterranee TGV,3,Sous-desservi
France,FR:Line::A6C76228-9224-4C48-8B92-80FC80F093E2:,Lille,Mediterranee TGV,10,Desserte Normale
France,FR:Line::A6C76228-9224-4C48-8B92-80FC80F093E2:,Lille,Mediterranee TGV,35,Desserte Normale
France,FR:Line::A6C76228-9224-4C48-8B92-80FC80F093E2:,Lille,Mediterranee TGV,45,Desserte Normale
France,FR:Line::A6C76228-9224-4C48-8B92-80FC80F093E2:,Lille,Mediterranee TGV,12,Desserte Normale
France,FR:Line::A6C76228-9224-4C48-8B92-80FC80F093E2:,Lille,Mediterranee TGV,3,Sous-desservi
France,FR:Line::A6C76228-9224-4C48-8B92-80FC80F093E2:,Lille,Mediterranee TGV,17,Desserte Normale
France,FR:Line::A6C76228-9224-4C48-8B92-80FC80F093E2:,Lille,Mediterranee TGV,30,Desserte Normale
France,FR:Line::A6C76228-9224-4C48-8B92-80FC80F093E2:,Lille,Mediterranee TGV,34,Desserte Normale
France,FR:Line::A6C76228-9224-4C48-8B92-80FC80F093E2:,Lille,Mediterranee TGV,30,Desserte Normale
France,FR:Line::A6CE6325-08D1-4C25-9D15-15C2DC5E7BD0:,CAEN,ROUEN,1,Sous-desservi
France,FR:Line::A6CE6325-08D1-4C25-9D15-15C2DC5E7BD0:,CAEN,ROUEN,18,Desserte Normale
France,FR:Line::A6CE6325-08D1-4C25-9D15-15C2DC5E7BD0:,CAEN,ROUEN,2,Sous-desservi
France,FR:Line::A6CE6325-08D1-4C25-9D15-15C2DC5E7BD0:,CAEN,ROUEN,1,Sous-desservi
France,FR:Line::A6CE6325-08D1-4C25-9D15-15C2DC5E7BD0:,CAEN,ROUEN,2,Sous-desservi
France,FR:Line::A6CE6325-08D1-4C25-9D15-15C2DC5E7BD0:,CAEN,ROUEN,46,Desserte Normale
France,FR:Line::A6FDB294-574F-4D75-A1AF-E7227DC79807:,Quimper,Redon,1,Sous-desservi
France,FR:Line::A6FDB294-574F-4D75-A1AF-E7227DC79807:,Quimper,Redon,1,Sous-desservi
France,FR:Line::A6FDB294-574F-4D75-A1AF-E7227DC79807:,Quimper,Redon,6,Sous-desservi
France,FR:Line::A6FDB294-574F-4D75-A1AF-E7227DC79807:,Quimper,Redon,33,Desserte Normale
France,FR:Line::A6FDB294-574F-4D75-A1AF-E7227DC79807:,Quimper,Redon,6,Sous-desservi
France,FR:Line::A6FDB294-574F-4D75-A1AF-E7227DC79807:,Quimper,Redon,33,Desserte Normale
France,FR:Line::A74B127A-8882-4043-BAAA-F49A6703DE54:,Paris,Toulouse TGV,9,Desserte Normale
France,FR:Line::A74B127A-8882-4043-BAAA-F49A6703DE54:,Paris,Toulouse TGV,3,Sous-desservi
France,FR:Line::A74B127A-8882-4043-BAAA-F49A6703DE54:,Paris,Toulouse TGV,5,Sous-desservi
France,FR:Line::A74B127A-8882-4043-BAAA-F49A6703DE54:,Paris,Toulouse TGV,28,Desserte Normale
France,FR:Line::A74B127A-8882-4043-BAAA-F49A6703DE54:,Paris,Toulouse TGV,1,Sous-desservi
France,FR:Line::A74B127A-8882-4043-BAAA-F49A6703DE54:,Paris,Toulouse TGV,2,Sous-desservi
France,FR:Line::A74B127A-8882-4043-BAAA-F49A6703DE54:,Paris,Toulouse TGV,16,Desserte Normale
France,FR:Line::A74B127A-8882-4043-BAAA-F49A6703DE54:,Paris,Toulouse TGV,23,Desserte Normale
France,FR:Line::A74B127A-8882-4043-BAAA-F49A6703DE54:,Paris,Toulouse TGV,3,Sous-desservi
France,FR:Line::A74B127A-8882-4043-BAAA-F49A6703DE54:,Paris,Toulouse TGV,10,Desserte Normale
France,FR:Line::A74B127A-8882-4043-BAAA-F49A6703DE54:,Paris,Toulouse TGV,9,Desserte Normale
France,FR:Line::A74B127A-8882-4043-BAAA-F49A6703DE54:,Paris,Toulouse TGV,2,Sous-desservi
France,FR:Line::A74B127A-8882-4043-BAAA-F49A6703DE54:,Paris,Toulouse TGV,6,Sous-desservi
France,FR:Line::A74B127A-8882-4043-BAAA-F49A6703DE54:,Paris,Toulouse TGV,11,Desserte Normale
France,FR:Line::A74B127A-8882-4043-BAAA-F49A6703DE54:,Paris,Toulouse TGV,4,Sous-desservi
France,FR:Line::A74B127A-8882-4043-BAAA-F49A6703DE54:,Paris,Toulouse TGV,13,Desserte Normale
France,FR:Line::A74B127A-8882-4043-BAAA-F49A6703DE54:,Paris,Toulouse TGV,5,Sous-desservi
France,FR:Line::A74B127A-8882-4043-BAAA-F49A6703DE54:,Paris,Toulouse TGV,16,Desserte Normale
France,FR:Line::A74B127A-8882-4043-BAAA-F49A6703DE54:,Paris,Toulouse TGV,19,Desserte Normale
France,FR:Line::A74B127A-8882-4043-BAAA-F49A6703DE54:,Paris,Toulouse TGV,45,Desserte Normale
France,FR:Line::A74B127A-8882-4043-BAAA-F49A6703DE54:,Paris,Toulouse TGV,12,Desserte Normale
France,FR:Line::A74B127A-8882-4043-BAAA-F49A6703DE54:,Paris,Toulouse TGV,8,Desserte Normale
France,FR:Line::A74B127A-8882-4043-BAAA-F49A6703DE54:,Paris,Toulouse TGV,1,Sous-desservi
France,FR:Line::A74B127A-8882-4043-BAAA-F49A6703DE54:,Paris,Toulouse TGV,13,Desserte Normale
France,FR:Line::A74B127A-8882-4043-BAAA-F49A6703DE54:,Paris,Toulouse TGV,19,Desserte Normale
France,FR:Line::A7628FC9-CF66-4A89-B2C2-9924DD8DCD89:,Est,Rennes TGV,5,Sous-desservi
France,FR:Line::A7628FC9-CF66-4A89-B2C2-9924DD8DCD89:,Est,Rennes TGV,3,Sous-desservi
France,FR:Line::A7628FC9-CF66-4A89-B2C2-9924DD8DCD89:,Est,Rennes TGV,2,Sous-desservi
France,FR:Line::A7628FC9-CF66-4A89-B2C2-9924DD8DCD89:,Est,Rennes TGV,2,Sous-desservi
France,FR:Line::A7628FC9-CF66-4A89-B2C2-9924DD8DCD89:,Est,Rennes TGV,2,Sous-desservi
France,FR:Line::A7628FC9-CF66-4A89-B2C2-9924DD8DCD89:,Est,Rennes TGV,7,Desserte Normale
France,FR:Line::A7628FC9-CF66-4A89-B2C2-9924DD8DCD89:,Est,Rennes TGV,1,Sous-desservi
France,FR:Line::A7628FC9-CF66-4A89-B2C2-9924DD8DCD89:,Est,Rennes TGV,4,Sous-desservi
France,FR:Line::A7628FC9-CF66-4A89-B2C2-9924DD8DCD89:,Est,Rennes TGV,1,Sous-desservi
France,FR:Line::A7628FC9-CF66-4A89-B2C2-9924DD8DCD89:,Est,Rennes TGV,4,Sous-desservi
France,FR:Line::A7628FC9-CF66-4A89-B2C2-9924DD8DCD89:,Est,Rennes TGV,8,Desserte Normale
France,FR:Line::A7628FC9-CF66-4A89-B2C2-9924DD8DCD89:,Est,Rennes TGV,7,Desserte Normale
France,FR:Line::A7628FC9-CF66-4A89-B2C2-9924DD8DCD89:,Est,Rennes TGV,6,Sous-desservi
France,FR:Line::A7628FC9-CF66-4A89-B2C2-9924DD8DCD89:,Est,Rennes TGV,5,Sous-desservi
France,FR:Line::A7628FC9-CF66-4A89-B2C2-9924DD8DCD89:,Est,Rennes TGV,5,Sous-desservi
France,FR:Line::A7628FC9-CF66-4A89-B2C2-9924DD8DCD89:,Est,Rennes TGV,3,Sous-desservi
France,FR:Line::A7628FC9-CF66-4A89-B2C2-9924DD8DCD89:,Est,Rennes TGV,2,Sous-desservi
France,FR:Line::A7628FC9-CF66-4A89-B2C2-9924DD8DCD89:,Est,Rennes TGV,3,Sous-desservi
France,FR:Line::A7628FC9-CF66-4A89-B2C2-9924DD8DCD89:,Est,Rennes TGV,4,Sous-desservi
France,FR:Line::A7CE67FF-B9EA-48CF-9123-EBB30BD8D049:,Lille Flandres,Valenciennes,21,Desserte Normale
France,FR:Line::A7CE67FF-B9EA-48CF-9123-EBB30BD8D049:,Lille Flandres,Valenciennes,54,Desserte Normale
France,FR:Line::A82C9CA9-CB8F-4B4F-BDFA-50117A061DF0:,Clermont-Ferrand,Saint-Etienne,4,Sous-desservi
France,FR:Line::A997C5D1-9FC9-42ED-B213-C74411746662:,Narbonne,Marseille St Charles,4,Sous-desservi
France,FR:Line::A997C5D1-9FC9-42ED-B213-C74411746662:,Narbonne,Marseille St Charles,1,Sous-desservi
France,FR:Line::A997C5D1-9FC9-42ED-B213-C74411746662:,Narbonne,Marseille St Charles,1,Sous-desservi
France,FR:Line::A997C5D1-9FC9-42ED-B213-C74411746662:,Narbonne,Marseille St Charles,4,Sous-desservi
France,FR:Line::A997C5D1-9FC9-42ED-B213-C74411746662:,Narbonne,Marseille St Charles,2,Sous-desservi
France,FR:Line::A997C5D1-9FC9-42ED-B213-C74411746662:,Narbonne,Marseille St Charles,2,Sous-desservi
France,FR:Line::A997C5D1-9FC9-42ED-B213-C74411746662:,Narbonne,Marseille St Charles,4,Sous-desservi
France,FR:Line::AA458197-5792-4FC6-A6CA-4B6EA3876108:,Besançon,Lyon P D,1,Sous-desservi
France,FR:Line::AA458197-5792-4FC6-A6CA-4B6EA3876108:,Besançon,Lyon P D,2,Sous-desservi
France,FR:Line::AA458197-5792-4FC6-A6CA-4B6EA3876108:,Besançon,Lyon P D,6,Sous-desservi
France,FR:Line::AA458197-5792-4FC6-A6CA-4B6EA3876108:,Besançon,Lyon P D,2,Sous-desservi
France,FR:Line::AA458197-5792-4FC6-A6CA-4B6EA3876108:,Besançon,Lyon P D,3,Sous-desservi
France,FR:Line::AA458197-5792-4FC6-A6CA-4B6EA3876108:,Besançon,Lyon P D,14,Desserte Normale
France,FR:Line::AA458197-5792-4FC6-A6CA-4B6EA3876108:,Besançon,Lyon P D,3,Sous-desservi
France,FR:Line::AA458197-5792-4FC6-A6CA-4B6EA3876108:,Besançon,Lyon P D,25,Desserte Normale
France,FR:Line::ABA429B4-FA36-465C-9B12-2D4EA26DD762:,Saint-Etienne,Thiers,1,Sous-desservi
France,FR:Line::ABA429B4-FA36-465C-9B12-2D4EA26DD762:,Saint-Etienne,Thiers,1,Sous-desservi
France,FR:Line::ABA429B4-FA36-465C-9B12-2D4EA26DD762:,Saint-Etienne,Thiers,10,Desserte Normale
France,FR:Line::AC044834-A9C9-4E1D-8810-493F64AD3D37:,Troyes,Chaumont,1,Sous-desservi
France,FR:Line::AC044834-A9C9-4E1D-8810-493F64AD3D37:,Troyes,Chaumont,5,Sous-desservi
France,FR:Line::AC044834-A9C9-4E1D-8810-493F64AD3D37:,Troyes,Chaumont,17,Desserte Normale
France,FR:Line::AC0D0345-E670-4CE5-A652-D020458F4181:,Nantes,Redon,1,Sous-desservi
France,FR:Line::AC0D0345-E670-4CE5-A652-D020458F4181:,Nantes,Redon,2,Sous-desservi
France,FR:Line::AC0D0345-E670-4CE5-A652-D020458F4181:,Nantes,Redon,12,Desserte Normale
France,FR:Line::AC0D0345-E670-4CE5-A652-D020458F4181:,Nantes,Redon,16,Desserte Normale
France,FR:Line::AC21DA4A-42C7-4084-821C-77F4D66CBB65:,Calais Ville,Hazebrouck,1,Sous-desservi
France,FR:Line::AC21DA4A-42C7-4084-821C-77F4D66CBB65:,Calais Ville,Hazebrouck,3,Sous-desservi
France,FR:Line::AC21DA4A-42C7-4084-821C-77F4D66CBB65:,Calais Ville,Hazebrouck,2,Sous-desservi
France,FR:Line::AC21DA4A-42C7-4084-821C-77F4D66CBB65:,Calais Ville,Hazebrouck,11,Desserte Normale
France,FR:Line::AD113479-83BD-4AE8-AF18-47120CA4AE53:,Epinal,Metz,6,Sous-desservi
France,FR:Line::AD113479-83BD-4AE8-AF18-47120CA4AE53:,Epinal,Metz,1,Sous-desservi
France,FR:Line::AD113479-83BD-4AE8-AF18-47120CA4AE53:,Epinal,Metz,1,Sous-desservi
France,FR:Line::AD113479-83BD-4AE8-AF18-47120CA4AE53:,Epinal,Metz,2,Sous-desservi
France,FR:Line::AD113479-83BD-4AE8-AF18-47120CA4AE53:,Epinal,Metz,1,Sous-desservi
France,FR:Line::AD113479-83BD-4AE8-AF18-47120CA4AE53:,Epinal,Metz,11,Desserte Normale
France,FR:Line::AD113479-83BD-4AE8-AF18-47120CA4AE53:,Epinal,Metz,1,Sous-desservi
France,FR:Line::AD113479-83BD-4AE8-AF18-47120CA4AE53:,Epinal,Metz,1,Sous-desservi
France,FR:Line::AD113479-83BD-4AE8-AF18-47120CA4AE53:,Epinal,Metz,2,Sous-desservi
France,FR:Line::AD113479-83BD-4AE8-AF18-47120CA4AE53:,Epinal,Metz,1,Sous-desservi
France,FR:Line::AD113479-83BD-4AE8-AF18-47120CA4AE53:,Epinal,Metz,25,Desserte Normale
France,FR:Line::AD113479-83BD-4AE8-AF18-47120CA4AE53:,Epinal,Metz,41,Desserte Normale
France,FR:Line::AFB8B4FB-780A-45F1-B4B2-B82160FD4E22:,Mulhouse,Bâle,1,Sous-desservi
France,FR:Line::AFB8B4FB-780A-45F1-B4B2-B82160FD4E22:,Mulhouse,Bâle,3,Sous-desservi
France,FR:Line::AFC81FD4-2ACF-4BD1-96D0-E02D47FFBB4B:,Clermont-Ferrand,Le Puy En Velay,5,Sous-desservi
France,FR:Line::AFC81FD4-2ACF-4BD1-96D0-E02D47FFBB4B:,Clermont-Ferrand,Le Puy En Velay,16,Desserte Normale
France,FR:Line::B060911C-4475-4762-B9D4-00085302F12F:,Pontarlier,Vallorbe,7,Desserte Normale
France,FR:Line::B060911C-4475-4762-B9D4-00085302F12F:,Pontarlier,Vallorbe,1,Sous-desservi
France,FR:Line::B060911C-4475-4762-B9D4-00085302F12F:,Pontarlier,Vallorbe,9,Desserte Normale
France,FR:Line::B10C45A0-C32C-4232-85F2-4BB81B810084:,Paris,Lyon P D,6,Sous-desservi
France,FR:Line::B10C45A0-C32C-4232-85F2-4BB81B810084:,Paris,Lyon P D,3,Sous-desservi
France,FR:Line::B10C45A0-C32C-4232-85F2-4BB81B810084:,Paris,Lyon P D,8,Desserte Normale
France,FR:Line::B10C45A0-C32C-4232-85F2-4BB81B810084:,Paris,Lyon P D,16,Desserte Normale
France,FR:Line::B10C45A0-C32C-4232-85F2-4BB81B810084:,Paris,Lyon P D,16,Desserte Normale
France,FR:Line::B10C45A0-C32C-4232-85F2-4BB81B810084:,Paris,Lyon P D,6,Sous-desservi
France,FR:Line::B10C45A0-C32C-4232-85F2-4BB81B810084:,Paris,Lyon P D,21,Desserte Normale
France,FR:Line::B10C45A0-C32C-4232-85F2-4BB81B810084:,Paris,Lyon P D,7,Desserte Normale
France,FR:Line::B10C45A0-C32C-4232-85F2-4BB81B810084:,Paris,Lyon P D,16,Desserte Normale
France,FR:Line::B10C45A0-C32C-4232-85F2-4BB81B810084:,Paris,Lyon P D,5,Sous-desservi
France,FR:Line::B10C45A0-C32C-4232-85F2-4BB81B810084:,Paris,Lyon P D,17,Desserte Normale
France,FR:Line::B10C45A0-C32C-4232-85F2-4BB81B810084:,Paris,Lyon P D,17,Desserte Normale
France,FR:Line::B10C45A0-C32C-4232-85F2-4BB81B810084:,Paris,Lyon P D,12,Desserte Normale
France,FR:Line::B10C45A0-C32C-4232-85F2-4BB81B810084:,Paris,Lyon P D,13,Desserte Normale
France,FR:Line::B10C45A0-C32C-4232-85F2-4BB81B810084:,Paris,Lyon P D,28,Desserte Normale
France,FR:Line::B10C45A0-C32C-4232-85F2-4BB81B810084:,Paris,Lyon P D,8,Desserte Normale
France,FR:Line::B10C45A0-C32C-4232-85F2-4BB81B810084:,Paris,Lyon P D,22,Desserte Normale
France,FR:Line::B10C45A0-C32C-4232-85F2-4BB81B810084:,Paris,Lyon P D,4,Sous-desservi
France,FR:Line::B10C45A0-C32C-4232-85F2-4BB81B810084:,Paris,Lyon P D,34,Desserte Normale
France,FR:Line::B10C45A0-C32C-4232-85F2-4BB81B810084:,Paris,Lyon P D,19,Desserte Normale
France,FR:Line::B10C45A0-C32C-4232-85F2-4BB81B810084:,Paris,Lyon P D,32,Desserte Normale
France,FR:Line::B10C45A0-C32C-4232-85F2-4BB81B810084:,Paris,Lyon P D,15,Desserte Normale
France,FR:Line::B10C45A0-C32C-4232-85F2-4BB81B810084:,Paris,Lyon P D,2,Sous-desservi
France,FR:Line::B10C45A0-C32C-4232-85F2-4BB81B810084:,Paris,Lyon P D,35,Desserte Normale
France,FR:Line::B10C45A0-C32C-4232-85F2-4BB81B810084:,Paris,Lyon P D,27,Desserte Normale
France,FR:Line::B10C45A0-C32C-4232-85F2-4BB81B810084:,Paris,Lyon P D,49,Desserte Normale
France,FR:Line::B175B939-CEB2-4013-A90F-64CA627A5C45:,Montpellier Saint-Roch,Perpignan,6,Sous-desservi
France,FR:Line::B175B939-CEB2-4013-A90F-64CA627A5C45:,Montpellier Saint-Roch,Perpignan,1,Sous-desservi
France,FR:Line::B175B939-CEB2-4013-A90F-64CA627A5C45:,Montpellier Saint-Roch,Perpignan,6,Sous-desservi
France,FR:Line::B231BDC9-525A-4096-882F-6EFB9C25B27A:,Valence,Genève Cornavin,2,Sous-desservi
France,FR:Line::B231BDC9-525A-4096-882F-6EFB9C25B27A:,Valence,Genève Cornavin,1,Sous-desservi
France,FR:Line::B231BDC9-525A-4096-882F-6EFB9C25B27A:,Valence,Genève Cornavin,3,Sous-desservi
France,FR:Line::B231BDC9-525A-4096-882F-6EFB9C25B27A:,Valence,Genève Cornavin,1,Sous-desservi
France,FR:Line::B231BDC9-525A-4096-882F-6EFB9C25B27A:,Valence,Genève Cornavin,1,Sous-desservi
France,FR:Line::B231BDC9-525A-4096-882F-6EFB9C25B27A:,Valence,Genève Cornavin,15,Desserte Normale
France,FR:Line::B2E5B266-DAE7-4C0A-ABA0-B46411FB2CAA:,Lille,(Rouen Rive-Droite),4,Sous-desservi
France,FR:Line::B2E5B266-DAE7-4C0A-ABA0-B46411FB2CAA:,Lille,(Rouen Rive-Droite),1,Sous-desservi
France,FR:Line::B2E5B266-DAE7-4C0A-ABA0-B46411FB2CAA:,Lille,(Rouen Rive-Droite),12,Desserte Normale
France,FR:Line::B2E5B266-DAE7-4C0A-ABA0-B46411FB2CAA:,Lille,(Rouen Rive-Droite),1,Sous-desservi
France,FR:Line::B2E5B266-DAE7-4C0A-ABA0-B46411FB2CAA:,Lille,(Rouen Rive-Droite),1,Sous-desservi
France,FR:Line::B2E5B266-DAE7-4C0A-ABA0-B46411FB2CAA:,Lille,(Rouen Rive-Droite),2,Sous-desservi
France,FR:Line::B2E5B266-DAE7-4C0A-ABA0-B46411FB2CAA:,Lille,(Rouen Rive-Droite),2,Sous-desservi
France,FR:Line::B2E5B266-DAE7-4C0A-ABA0-B46411FB2CAA:,Lille,(Rouen Rive-Droite),4,Sous-desservi
France,FR:Line::B2E5B266-DAE7-4C0A-ABA0-B46411FB2CAA:,Lille,(Rouen Rive-Droite),1,Sous-desservi
France,FR:Line::B2E5B266-DAE7-4C0A-ABA0-B46411FB2CAA:,Lille,(Rouen Rive-Droite),10,Desserte Normale
France,FR:Line::B2E5B266-DAE7-4C0A-ABA0-B46411FB2CAA:,Lille,(Rouen Rive-Droite),6,Sous-desservi
France,FR:Line::B34D17D8-9A2E-4606-8190-AAA5336821FA:,Lyon Part Dieu,St-Gervais Les Bains,1,Sous-desservi
France,FR:Line::B34D17D8-9A2E-4606-8190-AAA5336821FA:,Lyon Part Dieu,St-Gervais Les Bains,2,Sous-desservi
France,FR:Line::B34D17D8-9A2E-4606-8190-AAA5336821FA:,Lyon Part Dieu,St-Gervais Les Bains,1,Sous-desservi
France,FR:Line::B34D17D8-9A2E-4606-8190-AAA5336821FA:,Lyon Part Dieu,St-Gervais Les Bains,2,Sous-desservi
France,FR:Line::B34D17D8-9A2E-4606-8190-AAA5336821FA:,Lyon Part Dieu,St-Gervais Les Bains,12,Desserte Normale
France,FR:Line::B3B007B6-E147-4DAB-AD5F-6455AE80CCD6:,Arras/Béthune,Etaples,25,Desserte Normale
France,FR:Line::B3B007B6-E147-4DAB-AD5F-6455AE80CCD6:,Arras/Béthune,Etaples,24,Desserte Normale
France,FR:Line::B51875E3-EFE6-4B17-ABCB-659C9BC47E5D:,Paris,Francfort Route Sud,5,Sous-desservi
France,FR:Line::B51875E3-EFE6-4B17-ABCB-659C9BC47E5D:,Paris,Francfort Route Sud,3,Sous-desservi
France,FR:Line::B51875E3-EFE6-4B17-ABCB-659C9BC47E5D:,Paris,Francfort Route Sud,13,Desserte Normale
France,FR:Line::B51875E3-EFE6-4B17-ABCB-659C9BC47E5D:,Paris,Francfort Route Sud,2,Sous-desservi
France,FR:Line::B51875E3-EFE6-4B17-ABCB-659C9BC47E5D:,Paris,Francfort Route Sud,1,Sous-desservi
France,FR:Line::B51875E3-EFE6-4B17-ABCB-659C9BC47E5D:,Paris,Francfort Route Sud,1,Sous-desservi
France,FR:Line::B51875E3-EFE6-4B17-ABCB-659C9BC47E5D:,Paris,Francfort Route Sud,1,Sous-desservi
France,FR:Line::B51875E3-EFE6-4B17-ABCB-659C9BC47E5D:,Paris,Francfort Route Sud,6,Sous-desservi
France,FR:Line::B5CF3630-53A0-4E1C-BF67-9B0EC6B69C5E:,Paris,Tours TGV,6,Sous-desservi
France,FR:Line::B5CF3630-53A0-4E1C-BF67-9B0EC6B69C5E:,Paris,Tours TGV,11,Desserte Normale
France,FR:Line::B5CF3630-53A0-4E1C-BF67-9B0EC6B69C5E:,Paris,Tours TGV,1,Sous-desservi
France,FR:Line::B5CF3630-53A0-4E1C-BF67-9B0EC6B69C5E:,Paris,Tours TGV,7,Desserte Normale
France,FR:Line::B5CF3630-53A0-4E1C-BF67-9B0EC6B69C5E:,Paris,Tours TGV,20,Desserte Normale
France,FR:Line::B5CF3630-53A0-4E1C-BF67-9B0EC6B69C5E:,Paris,Tours TGV,1,Sous-desservi
France,FR:Line::B5CF3630-53A0-4E1C-BF67-9B0EC6B69C5E:,Paris,Tours TGV,4,Sous-desservi
France,FR:Line::B5CF3630-53A0-4E1C-BF67-9B0EC6B69C5E:,Paris,Tours TGV,2,Sous-desservi
France,FR:Line::B5CF3630-53A0-4E1C-BF67-9B0EC6B69C5E:,Paris,Tours TGV,6,Sous-desservi
France,FR:Line::B5CF3630-53A0-4E1C-BF67-9B0EC6B69C5E:,Paris,Tours TGV,4,Sous-desservi
France,FR:Line::B5CF3630-53A0-4E1C-BF67-9B0EC6B69C5E:,Paris,Tours TGV,6,Sous-desservi
France,FR:Line::B5CF3630-53A0-4E1C-BF67-9B0EC6B69C5E:,Paris,Tours TGV,3,Sous-desservi
France,FR:Line::B5CF3630-53A0-4E1C-BF67-9B0EC6B69C5E:,Paris,Tours TGV,1,Sous-desservi
France,FR:Line::B5CF3630-53A0-4E1C-BF67-9B0EC6B69C5E:,Paris,Tours TGV,7,Desserte Normale
France,FR:Line::B5CF3630-53A0-4E1C-BF67-9B0EC6B69C5E:,Paris,Tours TGV,22,Desserte Normale
France,FR:Line::B6411A13-18F4-4AEC-9ABB-AA4BD872A604:,Mulhouse Gare Centrale,Lutterbach,40,Desserte Normale
France,FR:Line::B6411A13-18F4-4AEC-9ABB-AA4BD872A604:,Mulhouse Gare Centrale,Lutterbach,62,Bien desservi
France,FR:Line::B6DB46FE-DA3F-4AA3-BD90-C7582BF95CA1:,Strasbourg,Wissembourg,1,Sous-desservi
France,FR:Line::B6EA9961-71EE-4D2E-9A72-345763D83770:,Lyon Part Dieu,Genève Cornavin,23,Desserte Normale
France,FR:Line::B6EA9961-71EE-4D2E-9A72-345763D83770:,Lyon Part Dieu,Genève Cornavin,4,Sous-desservi
France,FR:Line::B6EA9961-71EE-4D2E-9A72-345763D83770:,Lyon Part Dieu,Genève Cornavin,1,Sous-desservi
France,FR:Line::B6EA9961-71EE-4D2E-9A72-345763D83770:,Lyon Part Dieu,Genève Cornavin,7,Desserte Normale
France,FR:Line::B6EA9961-71EE-4D2E-9A72-345763D83770:,Lyon Part Dieu,Genève Cornavin,4,Sous-desservi
France,FR:Line::B6EA9961-71EE-4D2E-9A72-345763D83770:,Lyon Part Dieu,Genève Cornavin,9,Desserte Normale
France,FR:Line::B6EA9961-71EE-4D2E-9A72-345763D83770:,Lyon Part Dieu,Genève Cornavin,2,Sous-desservi
France,FR:Line::B6EA9961-71EE-4D2E-9A72-345763D83770:,Lyon Part Dieu,Genève Cornavin,1,Sous-desservi
France,FR:Line::B6EA9961-71EE-4D2E-9A72-345763D83770:,Lyon Part Dieu,Genève Cornavin,6,Sous-desservi
France,FR:Line::B6EA9961-71EE-4D2E-9A72-345763D83770:,Lyon Part Dieu,Genève Cornavin,20,Desserte Normale
France,FR:Line::B8877FA9-B743-4894-9C3C-F80156E0477E:,Belfort,Mulhouse,1,Sous-desservi
France,FR:Line::B8877FA9-B743-4894-9C3C-F80156E0477E:,Belfort,Mulhouse,1,Sous-desservi
France,FR:Line::B8877FA9-B743-4894-9C3C-F80156E0477E:,Belfort,Mulhouse,12,Desserte Normale
France,FR:Line::B8877FA9-B743-4894-9C3C-F80156E0477E:,Belfort,Mulhouse,42,Desserte Normale
France,FR:Line::B92CEF62-3A1B-402A-9FB6-5293AD81B06E:,Nantes,Savenay,1,Sous-desservi
France,FR:Line::B92CEF62-3A1B-402A-9FB6-5293AD81B06E:,Nantes,Savenay,1,Sous-desservi
France,FR:Line::B92CEF62-3A1B-402A-9FB6-5293AD81B06E:,Nantes,Savenay,1,Sous-desservi
France,FR:Line::B92CEF62-3A1B-402A-9FB6-5293AD81B06E:,Nantes,Savenay,24,Desserte Normale
France,FR:Line::BAED427A-994D-4D73-B568-A7553E01CD3C:,Clermont-Ferrand,Thiers,5,Sous-desservi
France,FR:Line::BAED427A-994D-4D73-B568-A7553E01CD3C:,Clermont-Ferrand,Thiers,8,Desserte Normale
France,FR:Line::BAED427A-994D-4D73-B568-A7553E01CD3C:,Clermont-Ferrand,Thiers,44,Desserte Normale
France,FR:Line::BAF1DE9A-72EC-4064-8BE9-C4EFF292CB6A:,Paris,Toulon TGV,11,Desserte Normale
France,FR:Line::BAF1DE9A-72EC-4064-8BE9-C4EFF292CB6A:,Paris,Toulon TGV,2,Sous-desservi
France,FR:Line::BAF1DE9A-72EC-4064-8BE9-C4EFF292CB6A:,Paris,Toulon TGV,16,Desserte Normale
France,FR:Line::BAF1DE9A-72EC-4064-8BE9-C4EFF292CB6A:,Paris,Toulon TGV,1,Sous-desservi
France,FR:Line::BAF1DE9A-72EC-4064-8BE9-C4EFF292CB6A:,Paris,Toulon TGV,1,Sous-desservi
France,FR:Line::BAF1DE9A-72EC-4064-8BE9-C4EFF292CB6A:,Paris,Toulon TGV,8,Desserte Normale
France,FR:Line::BAF1DE9A-72EC-4064-8BE9-C4EFF292CB6A:,Paris,Toulon TGV,7,Desserte Normale
France,FR:Line::BAF1DE9A-72EC-4064-8BE9-C4EFF292CB6A:,Paris,Toulon TGV,13,Desserte Normale
France,FR:Line::BAF1DE9A-72EC-4064-8BE9-C4EFF292CB6A:,Paris,Toulon TGV,1,Sous-desservi
France,FR:Line::BAF1DE9A-72EC-4064-8BE9-C4EFF292CB6A:,Paris,Toulon TGV,19,Desserte Normale
France,FR:Line::BAF1DE9A-72EC-4064-8BE9-C4EFF292CB6A:,Paris,Toulon TGV,2,Sous-desservi
France,FR:Line::BAF1DE9A-72EC-4064-8BE9-C4EFF292CB6A:,Paris,Toulon TGV,5,Sous-desservi
France,FR:Line::BAF1DE9A-72EC-4064-8BE9-C4EFF292CB6A:,Paris,Toulon TGV,8,Desserte Normale
France,FR:Line::BAF1DE9A-72EC-4064-8BE9-C4EFF292CB6A:,Paris,Toulon TGV,35,Desserte Normale
France,FR:Line::BAF1DE9A-72EC-4064-8BE9-C4EFF292CB6A:,Paris,Toulon TGV,25,Desserte Normale
France,FR:Line::BAF1DE9A-72EC-4064-8BE9-C4EFF292CB6A:,Paris,Toulon TGV,9,Desserte Normale
France,FR:Line::BAF1DE9A-72EC-4064-8BE9-C4EFF292CB6A:,Paris,Toulon TGV,5,Sous-desservi
France,FR:Line::BAF1DE9A-72EC-4064-8BE9-C4EFF292CB6A:,Paris,Toulon TGV,6,Sous-desservi
France,FR:Line::BAF1DE9A-72EC-4064-8BE9-C4EFF292CB6A:,Paris,Toulon TGV,25,Desserte Normale
France,FR:Line::BAF1DE9A-72EC-4064-8BE9-C4EFF292CB6A:,Paris,Toulon TGV,30,Desserte Normale
France,FR:Line::BB38D685-B98A-48BB-9DF2-AA5FCDFEA256:,Dijon,Besançon,33,Desserte Normale
France,FR:Line::BC79F350-B193-4238-8C53-3653157B88FD:,Valence,Die,2,Sous-desservi
France,FR:Line::BC79F350-B193-4238-8C53-3653157B88FD:,Valence,Die,7,Desserte Normale
France,FR:Line::BCFC862A-9AA4-4346-A561-488369FB0F16:,Paris,Tourcoing,5,Sous-desservi
France,FR:Line::BCFC862A-9AA4-4346-A561-488369FB0F16:,Paris,Tourcoing,5,Sous-desservi
France,FR:Line::BCFC862A-9AA4-4346-A561-488369FB0F16:,Paris,Tourcoing,2,Sous-desservi
France,FR:Line::BCFC862A-9AA4-4346-A561-488369FB0F16:,Paris,Tourcoing,2,Sous-desservi
France,FR:Line::BCFC862A-9AA4-4346-A561-488369FB0F16:,Paris,Tourcoing,3,Sous-desservi
France,FR:Line::BCFC862A-9AA4-4346-A561-488369FB0F16:,Paris,Tourcoing,5,Sous-desservi
France,FR:Line::BCFC862A-9AA4-4346-A561-488369FB0F16:,Paris,Tourcoing,2,Sous-desservi
France,FR:Line::BCFC862A-9AA4-4346-A561-488369FB0F16:,Paris,Tourcoing,6,Sous-desservi
France,FR:Line::BCFC862A-9AA4-4346-A561-488369FB0F16:,Paris,Tourcoing,1,Sous-desservi
France,FR:Line::BCFC862A-9AA4-4346-A561-488369FB0F16:,Paris,Tourcoing,1,Sous-desservi
France,FR:Line::BCFC862A-9AA4-4346-A561-488369FB0F16:,Paris,Tourcoing,1,Sous-desservi
France,FR:Line::BCFC862A-9AA4-4346-A561-488369FB0F16:,Paris,Tourcoing,1,Sous-desservi
France,FR:Line::BCFC862A-9AA4-4346-A561-488369FB0F16:,Paris,Tourcoing,8,Desserte Normale
France,FR:Line::BCFC862A-9AA4-4346-A561-488369FB0F16:,Paris,Tourcoing,1,Sous-desservi
France,FR:Line::BCFC862A-9AA4-4346-A561-488369FB0F16:,Paris,Tourcoing,13,Desserte Normale
France,FR:Line::BCFC862A-9AA4-4346-A561-488369FB0F16:,Paris,Tourcoing,10,Desserte Normale
France,FR:Line::BCFC862A-9AA4-4346-A561-488369FB0F16:,Paris,Tourcoing,19,Desserte Normale
France,FR:Line::BCFC862A-9AA4-4346-A561-488369FB0F16:,Paris,Tourcoing,11,Desserte Normale
France,FR:Line::BD427EAB-2FA4-46A5-84D0-6ADB50D00346:,Grenoble,Gap,1,Sous-desservi
France,FR:Line::BD427EAB-2FA4-46A5-84D0-6ADB50D00346:,Grenoble,Gap,1,Sous-desservi
France,FR:Line::BD427EAB-2FA4-46A5-84D0-6ADB50D00346:,Grenoble,Gap,1,Sous-desservi
France,FR:Line::BD427EAB-2FA4-46A5-84D0-6ADB50D00346:,Grenoble,Gap,3,Sous-desservi
France,FR:Line::BD427EAB-2FA4-46A5-84D0-6ADB50D00346:,Grenoble,Gap,1,Sous-desservi
France,FR:Line::BD427EAB-2FA4-46A5-84D0-6ADB50D00346:,Grenoble,Gap,1,Sous-desservi
France,FR:Line::BD427EAB-2FA4-46A5-84D0-6ADB50D00346:,Grenoble,Gap,1,Sous-desservi
France,FR:Line::BD427EAB-2FA4-46A5-84D0-6ADB50D00346:,Grenoble,Gap,7,Desserte Normale
France,FR:Line::BD427EAB-2FA4-46A5-84D0-6ADB50D00346:,Grenoble,Gap,15,Desserte Normale
France,FR:Line::BDEAC253-A432-4272-9E91-A3365C78867C:,Lille Flandres,Douai,1,Sous-desservi
France,FR:Line::BDEAC253-A432-4272-9E91-A3365C78867C:,Lille Flandres,Douai,1,Sous-desservi
France,FR:Line::BDEAC253-A432-4272-9E91-A3365C78867C:,Lille Flandres,Douai,1,Sous-desservi
France,FR:Line::BDEAC253-A432-4272-9E91-A3365C78867C:,Lille Flandres,Douai,18,Desserte Normale
France,FR:Line::BDEAC253-A432-4272-9E91-A3365C78867C:,Lille Flandres,Douai,43,Desserte Normale
France,FR:Line::BE0A8D1F-C84D-4D75-87C8-D89DF19D1D40:,Lyon Perrache,Bourg En Bresse,1,Sous-desservi
France,FR:Line::BE0A8D1F-C84D-4D75-87C8-D89DF19D1D40:,Lyon Perrache,Bourg En Bresse,1,Sous-desservi
France,FR:Line::BE0A8D1F-C84D-4D75-87C8-D89DF19D1D40:,Lyon Perrache,Bourg En Bresse,1,Sous-desservi
France,FR:Line::BE0A8D1F-C84D-4D75-87C8-D89DF19D1D40:,Lyon Perrache,Bourg En Bresse,23,Desserte Normale
France,FR:Line::BE0A8D1F-C84D-4D75-87C8-D89DF19D1D40:,Lyon Perrache,Bourg En Bresse,47,Desserte Normale
France,FR:Line::BE27A9C7-13DC-4189-A2DF-7DDE28924201:,Toulouse Matabiau,Pau,1,Sous-desservi
France,FR:Line::BE27A9C7-13DC-4189-A2DF-7DDE28924201:,Toulouse Matabiau,Pau,9,Desserte Normale
France,FR:Line::BE27A9C7-13DC-4189-A2DF-7DDE28924201:,Toulouse Matabiau,Pau,1,Sous-desservi
France,FR:Line::BE27A9C7-13DC-4189-A2DF-7DDE28924201:,Toulouse Matabiau,Pau,9,Desserte Normale
France,FR:Line::BE27A9C7-13DC-4189-A2DF-7DDE28924201:,Toulouse Matabiau,Pau,2,Sous-desservi
France,FR:Line::BE27A9C7-13DC-4189-A2DF-7DDE28924201:,Toulouse Matabiau,Pau,10,Desserte Normale
France,FR:Line::BE27A9C7-13DC-4189-A2DF-7DDE28924201:,Toulouse Matabiau,Pau,10,Desserte Normale
France,FR:Line::BE27A9C7-13DC-4189-A2DF-7DDE28924201:,Toulouse Matabiau,Pau,1,Sous-desservi
France,FR:Line::BE27A9C7-13DC-4189-A2DF-7DDE28924201:,Toulouse Matabiau,Pau,25,Desserte Normale
France,FR:Line::BE27A9C7-13DC-4189-A2DF-7DDE28924201:,Toulouse Matabiau,Pau,2,Sous-desservi
France,FR:Line::BE27A9C7-13DC-4189-A2DF-7DDE28924201:,Toulouse Matabiau,Pau,3,Sous-desservi
France,FR:Line::BE27A9C7-13DC-4189-A2DF-7DDE28924201:,Toulouse Matabiau,Pau,24,Desserte Normale
France,FR:Line::BE27A9C7-13DC-4189-A2DF-7DDE28924201:,Toulouse Matabiau,Pau,38,Desserte Normale
France,FR:Line::BE3E2DD5-0143-472B-9CE8-1601556F7950:,Paris Gdl,Laroche,1,Sous-desservi
France,FR:Line::BE3E2DD5-0143-472B-9CE8-1601556F7950:,Paris Gdl,Laroche,1,Sous-desservi
France,FR:Line::BE3E2DD5-0143-472B-9CE8-1601556F7950:,Paris Gdl,Laroche,7,Desserte Normale
France,FR:Line::BE3E2DD5-0143-472B-9CE8-1601556F7950:,Paris Gdl,Laroche,2,Sous-desservi
France,FR:Line::BE3E2DD5-0143-472B-9CE8-1601556F7950:,Paris Gdl,Laroche,1,Sous-desservi
France,FR:Line::BE3E2DD5-0143-472B-9CE8-1601556F7950:,Paris Gdl,Laroche,1,Sous-desservi
France,FR:Line::BE3E2DD5-0143-472B-9CE8-1601556F7950:,Paris Gdl,Laroche,1,Sous-desservi
France,FR:Line::BE3E2DD5-0143-472B-9CE8-1601556F7950:,Paris Gdl,Laroche,3,Sous-desservi
France,FR:Line::BE3E2DD5-0143-472B-9CE8-1601556F7950:,Paris Gdl,Laroche,3,Sous-desservi
France,FR:Line::BE3E2DD5-0143-472B-9CE8-1601556F7950:,Paris Gdl,Laroche,1,Sous-desservi
France,FR:Line::BE3E2DD5-0143-472B-9CE8-1601556F7950:,Paris Gdl,Laroche,10,Desserte Normale
France,FR:Line::BE3E2DD5-0143-472B-9CE8-1601556F7950:,Paris Gdl,Laroche,1,Sous-desservi
France,FR:Line::BE3E2DD5-0143-472B-9CE8-1601556F7950:,Paris Gdl,Laroche,3,Sous-desservi
France,FR:Line::BE3E2DD5-0143-472B-9CE8-1601556F7950:,Paris Gdl,Laroche,3,Sous-desservi
France,FR:Line::BE3E2DD5-0143-472B-9CE8-1601556F7950:,Paris Gdl,Laroche,4,Sous-desservi
France,FR:Line::BE3E2DD5-0143-472B-9CE8-1601556F7950:,Paris Gdl,Laroche,5,Sous-desservi
France,FR:Line::BE3E2DD5-0143-472B-9CE8-1601556F7950:,Paris Gdl,Laroche,2,Sous-desservi
France,FR:Line::BE3E2DD5-0143-472B-9CE8-1601556F7950:,Paris Gdl,Laroche,4,Sous-desservi
France,FR:Line::BE3E2DD5-0143-472B-9CE8-1601556F7950:,Paris Gdl,Laroche,9,Desserte Normale
France,FR:Line::BE3E2DD5-0143-472B-9CE8-1601556F7950:,Paris Gdl,Laroche,6,Sous-desservi
France,FR:Line::BF117DF3-52D4-480E-BA33-EE64D381EB84:,Saint-Marcellin,Grenoble Universités Gières,1,Sous-desservi
France,FR:Line::BF117DF3-52D4-480E-BA33-EE64D381EB84:,Saint-Marcellin,Grenoble Universités Gières,1,Sous-desservi
France,FR:Line::BF117DF3-52D4-480E-BA33-EE64D381EB84:,Saint-Marcellin,Grenoble Universités Gières,4,Sous-desservi
France,FR:Line::BF117DF3-52D4-480E-BA33-EE64D381EB84:,Saint-Marcellin,Grenoble Universités Gières,2,Sous-desservi
France,FR:Line::BF117DF3-52D4-480E-BA33-EE64D381EB84:,Saint-Marcellin,Grenoble Universités Gières,1,Sous-desservi
France,FR:Line::BF117DF3-52D4-480E-BA33-EE64D381EB84:,Saint-Marcellin,Grenoble Universités Gières,6,Sous-desservi
France,FR:Line::BF117DF3-52D4-480E-BA33-EE64D381EB84:,Saint-Marcellin,Grenoble Universités Gières,32,Desserte Normale
France,FR:Line::BF9CA9C4-EFE5-4615-808B-11E79551FF23:,Colmar,Metzeral,17,Desserte Normale
France,FR:Line::BF9CA9C4-EFE5-4615-808B-11E79551FF23:,Colmar,Metzeral,2,Sous-desservi
France,FR:Line::BF9CA9C4-EFE5-4615-808B-11E79551FF23:,Colmar,Metzeral,15,Desserte Normale
France,FR:Line::BF9CA9C4-EFE5-4615-808B-11E79551FF23:,Colmar,Metzeral,33,Desserte Normale
France,FR:Line::BF9CA9C4-EFE5-4615-808B-11E79551FF23:,Colmar,Metzeral,2,Sous-desservi
France,FR:Line::BF9CA9C4-EFE5-4615-808B-11E79551FF23:,Colmar,Metzeral,45,Desserte Normale
France,FR:Line::BF9CA9C4-EFE5-4615-808B-11E79551FF23:,Colmar,Metzeral,46,Desserte Normale
France,FR:Line::BFA34945-1B58-4DF6-887D-D07AD8DC34B5:,Paris,Valenciennes,2,Sous-desservi
France,FR:Line::BFA34945-1B58-4DF6-887D-D07AD8DC34B5:,Paris,Valenciennes,4,Sous-desservi
France,FR:Line::BFA34945-1B58-4DF6-887D-D07AD8DC34B5:,Paris,Valenciennes,1,Sous-desservi
France,FR:Line::BFA34945-1B58-4DF6-887D-D07AD8DC34B5:,Paris,Valenciennes,3,Sous-desservi
France,FR:Line::BFA34945-1B58-4DF6-887D-D07AD8DC34B5:,Paris,Valenciennes,5,Sous-desservi
France,FR:Line::BFA34945-1B58-4DF6-887D-D07AD8DC34B5:,Paris,Valenciennes,2,Sous-desservi
France,FR:Line::BFA34945-1B58-4DF6-887D-D07AD8DC34B5:,Paris,Valenciennes,1,Sous-desservi
France,FR:Line::BFA34945-1B58-4DF6-887D-D07AD8DC34B5:,Paris,Valenciennes,17,Desserte Normale
France,FR:Line::BFA34945-1B58-4DF6-887D-D07AD8DC34B5:,Paris,Valenciennes,10,Desserte Normale
France,FR:Line::BFA34945-1B58-4DF6-887D-D07AD8DC34B5:,Paris,Valenciennes,11,Desserte Normale
France,FR:Line::BFA34945-1B58-4DF6-887D-D07AD8DC34B5:,Paris,Valenciennes,5,Sous-desservi
France,FR:Line::BFA34945-1B58-4DF6-887D-D07AD8DC34B5:,Paris,Valenciennes,16,Desserte Normale
France,FR:Line::BFA34945-1B58-4DF6-887D-D07AD8DC34B5:,Paris,Valenciennes,10,Desserte Normale
France,FR:Line::BFA6100F-B690-440A-98AB-CC95A35BBA4D:,Romilly,Nogent,8,Desserte Normale
France,FR:Line::C1C06C47-A859-4002-95DC-2CB31676E8F2:,Lyon Perrache,Roanne,14,Desserte Normale
France,FR:Line::C1C06C47-A859-4002-95DC-2CB31676E8F2:,Lyon Perrache,Roanne,1,Sous-desservi
France,FR:Line::C1C06C47-A859-4002-95DC-2CB31676E8F2:,Lyon Perrache,Roanne,4,Sous-desservi
France,FR:Line::C1C06C47-A859-4002-95DC-2CB31676E8F2:,Lyon Perrache,Roanne,2,Sous-desservi
France,FR:Line::C1C06C47-A859-4002-95DC-2CB31676E8F2:,Lyon Perrache,Roanne,1,Sous-desservi
France,FR:Line::C1C06C47-A859-4002-95DC-2CB31676E8F2:,Lyon Perrache,Roanne,1,Sous-desservi
France,FR:Line::C1C06C47-A859-4002-95DC-2CB31676E8F2:,Lyon Perrache,Roanne,15,Desserte Normale
France,FR:Line::C274A7A0-7FB4-4987-BDE8-D06312115C42:,Mulhouse,Kruth,17,Desserte Normale
France,FR:Line::C274A7A0-7FB4-4987-BDE8-D06312115C42:,Mulhouse,Kruth,86,Bien desservi
France,FR:Line::C274A7A0-7FB4-4987-BDE8-D06312115C42:,Mulhouse,Kruth,76,Bien desservi
France,FR:Line::C274A7A0-7FB4-4987-BDE8-D06312115C42:,Mulhouse,Kruth,24,Desserte Normale
France,FR:Line::C274A7A0-7FB4-4987-BDE8-D06312115C42:,Mulhouse,Kruth,25,Desserte Normale
France,FR:Line::C274A7A0-7FB4-4987-BDE8-D06312115C42:,Mulhouse,Kruth,47,Desserte Normale
France,FR:Line::C274A7A0-7FB4-4987-BDE8-D06312115C42:,Mulhouse,Kruth,46,Desserte Normale
France,FR:Line::C333995A-51A2-4A1C-ABC7-55A7460AB17B:,Lyon Part Dieu,Marseille,3,Sous-desservi
France,FR:Line::C333995A-51A2-4A1C-ABC7-55A7460AB17B:,Lyon Part Dieu,Marseille,1,Sous-desservi
France,FR:Line::C333995A-51A2-4A1C-ABC7-55A7460AB17B:,Lyon Part Dieu,Marseille,57,Bien desservi
France,FR:Line::C333995A-51A2-4A1C-ABC7-55A7460AB17B:,Lyon Part Dieu,Marseille,1,Sous-desservi
France,FR:Line::C333995A-51A2-4A1C-ABC7-55A7460AB17B:,Lyon Part Dieu,Marseille,1,Sous-desservi
France,FR:Line::C333995A-51A2-4A1C-ABC7-55A7460AB17B:,Lyon Part Dieu,Marseille,2,Sous-desservi
France,FR:Line::C333995A-51A2-4A1C-ABC7-55A7460AB17B:,Lyon Part Dieu,Marseille,1,Sous-desservi
France,FR:Line::C333995A-51A2-4A1C-ABC7-55A7460AB17B:,Lyon Part Dieu,Marseille,5,Sous-desservi
France,FR:Line::C333995A-51A2-4A1C-ABC7-55A7460AB17B:,Lyon Part Dieu,Marseille,1,Sous-desservi
France,FR:Line::C333995A-51A2-4A1C-ABC7-55A7460AB17B:,Lyon Part Dieu,Marseille,2,Sous-desservi
France,FR:Line::C333995A-51A2-4A1C-ABC7-55A7460AB17B:,Lyon Part Dieu,Marseille,1,Sous-desservi
France,FR:Line::C333995A-51A2-4A1C-ABC7-55A7460AB17B:,Lyon Part Dieu,Marseille,3,Sous-desservi
France,FR:Line::C333995A-51A2-4A1C-ABC7-55A7460AB17B:,Lyon Part Dieu,Marseille,13,Desserte Normale
France,FR:Line::C38BE1F5-2484-47F9-9837-A27F17D1138F:,Saint-Étienne,Boën,4,Sous-desservi
France,FR:Line::C38BE1F5-2484-47F9-9837-A27F17D1138F:,Saint-Étienne,Boën,2,Sous-desservi
France,FR:Line::C38BE1F5-2484-47F9-9837-A27F17D1138F:,Saint-Étienne,Boën,10,Desserte Normale
France,FR:Line::C38BE1F5-2484-47F9-9837-A27F17D1138F:,Saint-Étienne,Boën,25,Desserte Normale
France,FR:Line::C44D2826-606A-4A26-84A4-C2136894CD96:,Rennes,St-Malo,6,Sous-desservi
France,FR:Line::C44D2826-606A-4A26-84A4-C2136894CD96:,Rennes,St-Malo,55,Desserte Normale
France,FR:Line::C44D2826-606A-4A26-84A4-C2136894CD96:,Rennes,St-Malo,37,Desserte Normale
France,FR:Line::C44D2826-606A-4A26-84A4-C2136894CD96:,Rennes,St-Malo,16,Desserte Normale
France,FR:Line::C44D2826-606A-4A26-84A4-C2136894CD96:,Rennes,St-Malo,37,Desserte Normale
France,FR:Line::C44D2826-606A-4A26-84A4-C2136894CD96:,Rennes,St-Malo,17,Desserte Normale
France,FR:Line::C44D2826-606A-4A26-84A4-C2136894CD96:,Rennes,St-Malo,37,Desserte Normale
France,FR:Line::C44E558F-5178-474C-9A86-E206B1325746:,Tours,Le Croisic,1,Sous-desservi
France,FR:Line::C44E558F-5178-474C-9A86-E206B1325746:,Tours,Le Croisic,1,Sous-desservi
France,FR:Line::C44E558F-5178-474C-9A86-E206B1325746:,Tours,Le Croisic,1,Sous-desservi
France,FR:Line::C44E558F-5178-474C-9A86-E206B1325746:,Tours,Le Croisic,1,Sous-desservi
France,FR:Line::C44E558F-5178-474C-9A86-E206B1325746:,Tours,Le Croisic,2,Sous-desservi
France,FR:Line::C44E558F-5178-474C-9A86-E206B1325746:,Tours,Le Croisic,1,Sous-desservi
France,FR:Line::C44E558F-5178-474C-9A86-E206B1325746:,Tours,Le Croisic,2,Sous-desservi
France,FR:Line::C44E558F-5178-474C-9A86-E206B1325746:,Tours,Le Croisic,29,Desserte Normale
France,FR:Line::C44E558F-5178-474C-9A86-E206B1325746:,Tours,Le Croisic,1,Sous-desservi
France,FR:Line::C44E558F-5178-474C-9A86-E206B1325746:,Tours,Le Croisic,3,Sous-desservi
France,FR:Line::C4C42989-9647-4647-8321-56585C0B3D53:,Arras,Douai,2,Sous-desservi
France,FR:Line::C4C42989-9647-4647-8321-56585C0B3D53:,Arras,Douai,16,Desserte Normale
France,FR:Line::C4C42989-9647-4647-8321-56585C0B3D53:,Arras,Douai,24,Desserte Normale
France,FR:Line::C51AD929-0AAF-4A21-8B81-C1C0102525F5:,Avignon Centre,Port Bou Frontiere,41,Desserte Normale
France,FR:Line::C51AD929-0AAF-4A21-8B81-C1C0102525F5:,Avignon Centre,Port Bou Frontiere,1,Sous-desservi
France,FR:Line::C51AD929-0AAF-4A21-8B81-C1C0102525F5:,Avignon Centre,Port Bou Frontiere,2,Sous-desservi
France,FR:Line::C51AD929-0AAF-4A21-8B81-C1C0102525F5:,Avignon Centre,Port Bou Frontiere,1,Sous-desservi
France,FR:Line::C51AD929-0AAF-4A21-8B81-C1C0102525F5:,Avignon Centre,Port Bou Frontiere,9,Desserte Normale
France,FR:Line::C51AD929-0AAF-4A21-8B81-C1C0102525F5:,Avignon Centre,Port Bou Frontiere,1,Sous-desservi
France,FR:Line::C51AD929-0AAF-4A21-8B81-C1C0102525F5:,Avignon Centre,Port Bou Frontiere,1,Sous-desservi
France,FR:Line::C51AD929-0AAF-4A21-8B81-C1C0102525F5:,Avignon Centre,Port Bou Frontiere,1,Sous-desservi
France,FR:Line::C51AD929-0AAF-4A21-8B81-C1C0102525F5:,Avignon Centre,Port Bou Frontiere,10,Desserte Normale
France,FR:Line::C51AD929-0AAF-4A21-8B81-C1C0102525F5:,Avignon Centre,Port Bou Frontiere,3,Sous-desservi
France,FR:Line::C51AD929-0AAF-4A21-8B81-C1C0102525F5:,Avignon Centre,Port Bou Frontiere,2,Sous-desservi
France,FR:Line::C51AD929-0AAF-4A21-8B81-C1C0102525F5:,Avignon Centre,Port Bou Frontiere,2,Sous-desservi
France,FR:Line::C51AD929-0AAF-4A21-8B81-C1C0102525F5:,Avignon Centre,Port Bou Frontiere,22,Desserte Normale
France,FR:Line::C51AD929-0AAF-4A21-8B81-C1C0102525F5:,Avignon Centre,Port Bou Frontiere,40,Desserte Normale
France,FR:Line::C5346DEF-1F3B-4DD3-9627-15558CC7B5C9:,Orléans,Blois,10,Desserte Normale
France,FR:Line::C5996E08-5B80-4EA7-8BD5-268DCBA77858:,BELLEGARDE,GENEVE,1,Sous-desservi
France,FR:Line::C5996E08-5B80-4EA7-8BD5-268DCBA77858:,BELLEGARDE,GENEVE,22,Desserte Normale
France,FR:Line::C6991869-26A0-42B9-9675-D3CC3213A920:,Toulouse Matabiau,Montrejeau Gourdan Polignan,1,Sous-desservi
France,FR:Line::C6991869-26A0-42B9-9675-D3CC3213A920:,Toulouse Matabiau,Montrejeau Gourdan Polignan,5,Sous-desservi
France,FR:Line::C6991869-26A0-42B9-9675-D3CC3213A920:,Toulouse Matabiau,Montrejeau Gourdan Polignan,1,Sous-desservi
France,FR:Line::C6991869-26A0-42B9-9675-D3CC3213A920:,Toulouse Matabiau,Montrejeau Gourdan Polignan,2,Sous-desservi
France,FR:Line::C6991869-26A0-42B9-9675-D3CC3213A920:,Toulouse Matabiau,Montrejeau Gourdan Polignan,8,Desserte Normale
France,FR:Line::C6991869-26A0-42B9-9675-D3CC3213A920:,Toulouse Matabiau,Montrejeau Gourdan Polignan,4,Sous-desservi
France,FR:Line::C6991869-26A0-42B9-9675-D3CC3213A920:,Toulouse Matabiau,Montrejeau Gourdan Polignan,44,Desserte Normale
France,FR:Line::C740EC91-0E03-4C5E-BA50-463B09FEE5E4:,Nimes,Clermont Ferrand,3,Sous-desservi
France,FR:Line::C740EC91-0E03-4C5E-BA50-463B09FEE5E4:,Nimes,Clermont Ferrand,2,Sous-desservi
France,FR:Line::C740EC91-0E03-4C5E-BA50-463B09FEE5E4:,Nimes,Clermont Ferrand,7,Desserte Normale
France,FR:Line::C740EC91-0E03-4C5E-BA50-463B09FEE5E4:,Nimes,Clermont Ferrand,6,Sous-desservi
France,FR:Line::C740EC91-0E03-4C5E-BA50-463B09FEE5E4:,Nimes,Clermont Ferrand,2,Sous-desservi
France,FR:Line::C740EC91-0E03-4C5E-BA50-463B09FEE5E4:,Nimes,Clermont Ferrand,1,Sous-desservi
France,FR:Line::C740EC91-0E03-4C5E-BA50-463B09FEE5E4:,Nimes,Clermont Ferrand,1,Sous-desservi
France,FR:Line::C740EC91-0E03-4C5E-BA50-463B09FEE5E4:,Nimes,Clermont Ferrand,3,Sous-desservi
France,FR:Line::C7CAE674-56E6-44EC-8881-EE52570D5BA2:,Rennes,Redon (Vers Nantes Via Rdn),4,Sous-desservi
France,FR:Line::C7CAE674-56E6-44EC-8881-EE52570D5BA2:,Rennes,Redon (Vers Nantes Via Rdn),15,Desserte Normale
France,FR:Line::C7CAE674-56E6-44EC-8881-EE52570D5BA2:,Rennes,Redon (Vers Nantes Via Rdn),4,Sous-desservi
France,FR:Line::C7CAE674-56E6-44EC-8881-EE52570D5BA2:,Rennes,Redon (Vers Nantes Via Rdn),15,Desserte Normale
France,FR:Line::C81FE736-10AE-4893-8170-5CA292F27509:,Nantes,Ancenis,35,Desserte Normale
France,FR:Line::C83D5707-3453-4FB6-9CAA-062BA2BE94A9:,Marseille,Avignon Tgv Via Cavaillon,19,Desserte Normale
France,FR:Line::C83D5707-3453-4FB6-9CAA-062BA2BE94A9:,Marseille,Avignon Tgv Via Cavaillon,4,Sous-desservi
France,FR:Line::C83D5707-3453-4FB6-9CAA-062BA2BE94A9:,Marseille,Avignon Tgv Via Cavaillon,6,Sous-desservi
France,FR:Line::C83D5707-3453-4FB6-9CAA-062BA2BE94A9:,Marseille,Avignon Tgv Via Cavaillon,1,Sous-desservi
France,FR:Line::C83D5707-3453-4FB6-9CAA-062BA2BE94A9:,Marseille,Avignon Tgv Via Cavaillon,8,Desserte Normale
France,FR:Line::C83D5707-3453-4FB6-9CAA-062BA2BE94A9:,Marseille,Avignon Tgv Via Cavaillon,37,Desserte Normale
France,FR:Line::C83D5707-3453-4FB6-9CAA-062BA2BE94A9:,Marseille,Avignon Tgv Via Cavaillon,10,Desserte Normale
France,FR:Line::C83D5707-3453-4FB6-9CAA-062BA2BE94A9:,Marseille,Avignon Tgv Via Cavaillon,3,Sous-desservi
France,FR:Line::C83D5707-3453-4FB6-9CAA-062BA2BE94A9:,Marseille,Avignon Tgv Via Cavaillon,3,Sous-desservi
France,FR:Line::C83D5707-3453-4FB6-9CAA-062BA2BE94A9:,Marseille,Avignon Tgv Via Cavaillon,13,Desserte Normale
France,FR:Line::C83D5707-3453-4FB6-9CAA-062BA2BE94A9:,Marseille,Avignon Tgv Via Cavaillon,56,Desserte Normale
France,FR:Line::C8DBDEEF-8EA8-4AEE-A66C-D695AC476F9F:,Aulnoye,Saint-Quentin,2,Sous-desservi
France,FR:Line::C8DBDEEF-8EA8-4AEE-A66C-D695AC476F9F:,Aulnoye,Saint-Quentin,1,Sous-desservi
France,FR:Line::C8DBDEEF-8EA8-4AEE-A66C-D695AC476F9F:,Aulnoye,Saint-Quentin,4,Sous-desservi
France,FR:Line::C8DBDEEF-8EA8-4AEE-A66C-D695AC476F9F:,Aulnoye,Saint-Quentin,3,Sous-desservi
France,FR:Line::C8DBDEEF-8EA8-4AEE-A66C-D695AC476F9F:,Aulnoye,Saint-Quentin,1,Sous-desservi
France,FR:Line::C8DBDEEF-8EA8-4AEE-A66C-D695AC476F9F:,Aulnoye,Saint-Quentin,2,Sous-desservi
France,FR:Line::C8DBDEEF-8EA8-4AEE-A66C-D695AC476F9F:,Aulnoye,Saint-Quentin,10,Desserte Normale
France,FR:Line::C8DBDEEF-8EA8-4AEE-A66C-D695AC476F9F:,Aulnoye,Saint-Quentin,16,Desserte Normale
France,FR:Line::C9E48D89-56D6-4E0F-ACDF-221CAA02D018:,Marseille,Sisteron,2,Sous-desservi
France,FR:Line::C9E48D89-56D6-4E0F-ACDF-221CAA02D018:,Marseille,Sisteron,7,Desserte Normale
France,FR:Line::C9E48D89-56D6-4E0F-ACDF-221CAA02D018:,Marseille,Sisteron,35,Desserte Normale
France,FR:Line::C9E48D89-56D6-4E0F-ACDF-221CAA02D018:,Marseille,Sisteron,11,Desserte Normale
France,FR:Line::C9E48D89-56D6-4E0F-ACDF-221CAA02D018:,Marseille,Sisteron,74,Bien desservi
France,FR:Line::CB496029-4727-4221-A130-5296ECC1CA01:,Nantes,Quimper,1,Sous-desservi
France,FR:Line::CB496029-4727-4221-A130-5296ECC1CA01:,Nantes,Quimper,2,Sous-desservi
France,FR:Line::CB496029-4727-4221-A130-5296ECC1CA01:,Nantes,Quimper,1,Sous-desservi
France,FR:Line::CB496029-4727-4221-A130-5296ECC1CA01:,Nantes,Quimper,1,Sous-desservi
France,FR:Line::CB496029-4727-4221-A130-5296ECC1CA01:,Nantes,Quimper,3,Sous-desservi
France,FR:Line::CB496029-4727-4221-A130-5296ECC1CA01:,Nantes,Quimper,1,Sous-desservi
France,FR:Line::CB496029-4727-4221-A130-5296ECC1CA01:,Nantes,Quimper,6,Sous-desservi
France,FR:Line::CB496029-4727-4221-A130-5296ECC1CA01:,Nantes,Quimper,6,Sous-desservi
France,FR:Line::CB8AE7F1-0F5A-4DDE-B53D-4CFE739A713F:,Nord,Pays de la Loire TGV,11,Desserte Normale
France,FR:Line::CB8AE7F1-0F5A-4DDE-B53D-4CFE739A713F:,Nord,Pays de la Loire TGV,10,Desserte Normale
France,FR:Line::CB8AE7F1-0F5A-4DDE-B53D-4CFE739A713F:,Nord,Pays de la Loire TGV,6,Sous-desservi
France,FR:Line::CB8AE7F1-0F5A-4DDE-B53D-4CFE739A713F:,Nord,Pays de la Loire TGV,7,Desserte Normale
France,FR:Line::CB8AE7F1-0F5A-4DDE-B53D-4CFE739A713F:,Nord,Pays de la Loire TGV,4,Sous-desservi
France,FR:Line::CB8AE7F1-0F5A-4DDE-B53D-4CFE739A713F:,Nord,Pays de la Loire TGV,1,Sous-desservi
France,FR:Line::CB8AE7F1-0F5A-4DDE-B53D-4CFE739A713F:,Nord,Pays de la Loire TGV,6,Sous-desservi
France,FR:Line::CB8AE7F1-0F5A-4DDE-B53D-4CFE739A713F:,Nord,Pays de la Loire TGV,2,Sous-desservi
France,FR:Line::CB8AE7F1-0F5A-4DDE-B53D-4CFE739A713F:,Nord,Pays de la Loire TGV,6,Sous-desservi
France,FR:Line::CB8AE7F1-0F5A-4DDE-B53D-4CFE739A713F:,Nord,Pays de la Loire TGV,7,Desserte Normale
France,FR:Line::CB8AE7F1-0F5A-4DDE-B53D-4CFE739A713F:,Nord,Pays de la Loire TGV,3,Sous-desservi
France,FR:Line::CB8AE7F1-0F5A-4DDE-B53D-4CFE739A713F:,Nord,Pays de la Loire TGV,9,Desserte Normale
France,FR:Line::CB8AE7F1-0F5A-4DDE-B53D-4CFE739A713F:,Nord,Pays de la Loire TGV,2,Sous-desservi
France,FR:Line::CB8AE7F1-0F5A-4DDE-B53D-4CFE739A713F:,Nord,Pays de la Loire TGV,6,Sous-desservi
France,FR:Line::CB8AE7F1-0F5A-4DDE-B53D-4CFE739A713F:,Nord,Pays de la Loire TGV,7,Desserte Normale
France,FR:Line::CB8AE7F1-0F5A-4DDE-B53D-4CFE739A713F:,Nord,Pays de la Loire TGV,1,Sous-desservi
France,FR:Line::CB8AE7F1-0F5A-4DDE-B53D-4CFE739A713F:,Nord,Pays de la Loire TGV,5,Sous-desservi
France,FR:Line::CB8AE7F1-0F5A-4DDE-B53D-4CFE739A713F:,Nord,Pays de la Loire TGV,7,Desserte Normale
France,FR:Line::CB8AE7F1-0F5A-4DDE-B53D-4CFE739A713F:,Nord,Pays de la Loire TGV,9,Desserte Normale
France,FR:Line::CB8AE7F1-0F5A-4DDE-B53D-4CFE739A713F:,Nord,Pays de la Loire TGV,5,Sous-desservi
France,FR:Line::CE3BDFA1-8C2E-4088-82BD-B59FD309E3B4:,Lyon Perrache,Mâcon,4,Sous-desservi
France,FR:Line::CE3BDFA1-8C2E-4088-82BD-B59FD309E3B4:,Lyon Perrache,Mâcon,1,Sous-desservi
France,FR:Line::CE3BDFA1-8C2E-4088-82BD-B59FD309E3B4:,Lyon Perrache,Mâcon,1,Sous-desservi
France,FR:Line::CE3BDFA1-8C2E-4088-82BD-B59FD309E3B4:,Lyon Perrache,Mâcon,1,Sous-desservi
France,FR:Line::CE3BDFA1-8C2E-4088-82BD-B59FD309E3B4:,Lyon Perrache,Mâcon,8,Desserte Normale
France,FR:Line::CEEF1197-F417-489A-98D2-8C95DAEA80CD:,La Roche Sur Yon,Tours,1,Sous-desservi
France,FR:Line::CEEF1197-F417-489A-98D2-8C95DAEA80CD:,La Roche Sur Yon,Tours,3,Sous-desservi
France,FR:Line::CEEF1197-F417-489A-98D2-8C95DAEA80CD:,La Roche Sur Yon,Tours,1,Sous-desservi
France,FR:Line::CEEF1197-F417-489A-98D2-8C95DAEA80CD:,La Roche Sur Yon,Tours,2,Sous-desservi
France,FR:Line::CEEF1197-F417-489A-98D2-8C95DAEA80CD:,La Roche Sur Yon,Tours,6,Sous-desservi
France,FR:Line::CEEF1197-F417-489A-98D2-8C95DAEA80CD:,La Roche Sur Yon,Tours,4,Sous-desservi
France,FR:Line::CEEF1197-F417-489A-98D2-8C95DAEA80CD:,La Roche Sur Yon,Tours,1,Sous-desservi
France,FR:Line::CEEF1197-F417-489A-98D2-8C95DAEA80CD:,La Roche Sur Yon,Tours,1,Sous-desservi
France,FR:Line::CEEF1197-F417-489A-98D2-8C95DAEA80CD:,La Roche Sur Yon,Tours,10,Desserte Normale
France,FR:Line::CEEF1197-F417-489A-98D2-8C95DAEA80CD:,La Roche Sur Yon,Tours,14,Desserte Normale
France,FR:Line::D02BC35E-F58E-45E7-968F-42B8AB630E6E:,Lyon Part Dieu,Grenoble,3,Sous-desservi
France,FR:Line::D02BC35E-F58E-45E7-968F-42B8AB630E6E:,Lyon Part Dieu,Grenoble,1,Sous-desservi
France,FR:Line::D02BC35E-F58E-45E7-968F-42B8AB630E6E:,Lyon Part Dieu,Grenoble,1,Sous-desservi
France,FR:Line::D02BC35E-F58E-45E7-968F-42B8AB630E6E:,Lyon Part Dieu,Grenoble,8,Desserte Normale
France,FR:Line::D02BC35E-F58E-45E7-968F-42B8AB630E6E:,Lyon Part Dieu,Grenoble,1,Sous-desservi
France,FR:Line::D02BC35E-F58E-45E7-968F-42B8AB630E6E:,Lyon Part Dieu,Grenoble,1,Sous-desservi
France,FR:Line::D02BC35E-F58E-45E7-968F-42B8AB630E6E:,Lyon Part Dieu,Grenoble,15,Desserte Normale
France,FR:Line::D02BC35E-F58E-45E7-968F-42B8AB630E6E:,Lyon Part Dieu,Grenoble,2,Sous-desservi
France,FR:Line::D02BC35E-F58E-45E7-968F-42B8AB630E6E:,Lyon Part Dieu,Grenoble,1,Sous-desservi
France,FR:Line::D02BC35E-F58E-45E7-968F-42B8AB630E6E:,Lyon Part Dieu,Grenoble,1,Sous-desservi
France,FR:Line::D02BC35E-F58E-45E7-968F-42B8AB630E6E:,Lyon Part Dieu,Grenoble,3,Sous-desservi
France,FR:Line::D02BC35E-F58E-45E7-968F-42B8AB630E6E:,Lyon Part Dieu,Grenoble,60,Bien desservi
France,FR:Line::D0E12385-D246-40A3-86E4-ACB6E8837C50:,Thionville,Creutzwald,3,Sous-desservi
France,FR:Line::D0E12385-D246-40A3-86E4-ACB6E8837C50:,Thionville,Creutzwald,6,Sous-desservi
France,FR:Line::D0E12385-D246-40A3-86E4-ACB6E8837C50:,Thionville,Creutzwald,2,Sous-desservi
France,FR:Line::D0E12385-D246-40A3-86E4-ACB6E8837C50:,Thionville,Creutzwald,16,Desserte Normale
France,FR:Line::D1E5AD07-58C1-456A-B4E2-928E91061B0B:,Paris,Nice,1,Sous-desservi
France,FR:Line::D1E5AD07-58C1-456A-B4E2-928E91061B0B:,Paris,Nice,2,Sous-desservi
France,FR:Line::D1E5AD07-58C1-456A-B4E2-928E91061B0B:,Paris,Nice,1,Sous-desservi
France,FR:Line::D1E5AD07-58C1-456A-B4E2-928E91061B0B:,Paris,Nice,1,Sous-desservi
France,FR:Line::D1E5AD07-58C1-456A-B4E2-928E91061B0B:,Paris,Nice,1,Sous-desservi
France,FR:Line::D1E5AD07-58C1-456A-B4E2-928E91061B0B:,Paris,Nice,2,Sous-desservi
France,FR:Line::D1E5AD07-58C1-456A-B4E2-928E91061B0B:,Paris,Nice,7,Desserte Normale
France,FR:Line::D1E5AD07-58C1-456A-B4E2-928E91061B0B:,Paris,Nice,4,Sous-desservi
France,FR:Line::D1E5AD07-58C1-456A-B4E2-928E91061B0B:,Paris,Nice,4,Sous-desservi
France,FR:Line::D1E5AD07-58C1-456A-B4E2-928E91061B0B:,Paris,Nice,1,Sous-desservi
France,FR:Line::D1E5AD07-58C1-456A-B4E2-928E91061B0B:,Paris,Nice,1,Sous-desservi
France,FR:Line::D1E5AD07-58C1-456A-B4E2-928E91061B0B:,Paris,Nice,4,Sous-desservi
France,FR:Line::D35E42AA-328F-4D2D-8A41-A3756EB2DF07:,Toulon,Les Arcs,1,Sous-desservi
France,FR:Line::D35E42AA-328F-4D2D-8A41-A3756EB2DF07:,Toulon,Les Arcs,1,Sous-desservi
France,FR:Line::D35E42AA-328F-4D2D-8A41-A3756EB2DF07:,Toulon,Les Arcs,5,Sous-desservi
France,FR:Line::D35E42AA-328F-4D2D-8A41-A3756EB2DF07:,Toulon,Les Arcs,31,Desserte Normale
France,FR:Line::D3E2AC70-911E-45D3-BE45-9A2F846681A9:,Strasbourg,Metz,4,Sous-desservi
France,FR:Line::D3E2AC70-911E-45D3-BE45-9A2F846681A9:,Strasbourg,Metz,1,Sous-desservi
France,FR:Line::D3E2AC70-911E-45D3-BE45-9A2F846681A9:,Strasbourg,Metz,6,Sous-desservi
France,FR:Line::D3E2AC70-911E-45D3-BE45-9A2F846681A9:,Strasbourg,Metz,14,Desserte Normale
France,FR:Line::D3E2AC70-911E-45D3-BE45-9A2F846681A9:,Strasbourg,Metz,21,Desserte Normale
France,FR:Line::D50D2493-4502-41C7-B0CE-70D8B2CDD4A5:,Brive La Gaillarde,Rodez,2,Sous-desservi
France,FR:Line::D50D2493-4502-41C7-B0CE-70D8B2CDD4A5:,Brive La Gaillarde,Rodez,14,Desserte Normale
France,FR:Line::D50D2493-4502-41C7-B0CE-70D8B2CDD4A5:,Brive La Gaillarde,Rodez,5,Sous-desservi
France,FR:Line::D50D2493-4502-41C7-B0CE-70D8B2CDD4A5:,Brive La Gaillarde,Rodez,9,Desserte Normale
France,FR:Line::D50D2493-4502-41C7-B0CE-70D8B2CDD4A5:,Brive La Gaillarde,Rodez,15,Desserte Normale
France,FR:Line::D58BBBD2-B74E-4039-88A8-FB7E567AE029:,Besançon-Mouchard,Lons,1,Sous-desservi
France,FR:Line::D58BBBD2-B74E-4039-88A8-FB7E567AE029:,Besançon-Mouchard,Lons,3,Sous-desservi
France,FR:Line::D58BBBD2-B74E-4039-88A8-FB7E567AE029:,Besançon-Mouchard,Lons,5,Sous-desservi
France,FR:Line::D6BAEC78-815E-4C9A-BC66-2B9D2C00E41F:,Paris,Brest TGV,23,Desserte Normale
France,FR:Line::D6BAEC78-815E-4C9A-BC66-2B9D2C00E41F:,Paris,Brest TGV,1,Sous-desservi
France,FR:Line::D6BAEC78-815E-4C9A-BC66-2B9D2C00E41F:,Paris,Brest TGV,41,Desserte Normale
France,FR:Line::D6BAEC78-815E-4C9A-BC66-2B9D2C00E41F:,Paris,Brest TGV,9,Desserte Normale
France,FR:Line::D6BAEC78-815E-4C9A-BC66-2B9D2C00E41F:,Paris,Brest TGV,1,Sous-desservi
France,FR:Line::D6BAEC78-815E-4C9A-BC66-2B9D2C00E41F:,Paris,Brest TGV,22,Desserte Normale
France,FR:Line::D6BAEC78-815E-4C9A-BC66-2B9D2C00E41F:,Paris,Brest TGV,9,Desserte Normale
France,FR:Line::D6BAEC78-815E-4C9A-BC66-2B9D2C00E41F:,Paris,Brest TGV,10,Desserte Normale
France,FR:Line::D6BAEC78-815E-4C9A-BC66-2B9D2C00E41F:,Paris,Brest TGV,1,Sous-desservi
France,FR:Line::D6BAEC78-815E-4C9A-BC66-2B9D2C00E41F:,Paris,Brest TGV,5,Sous-desservi
France,FR:Line::D6BAEC78-815E-4C9A-BC66-2B9D2C00E41F:,Paris,Brest TGV,12,Desserte Normale
France,FR:Line::D6BAEC78-815E-4C9A-BC66-2B9D2C00E41F:,Paris,Brest TGV,10,Desserte Normale
France,FR:Line::D6BAEC78-815E-4C9A-BC66-2B9D2C00E41F:,Paris,Brest TGV,21,Desserte Normale
France,FR:Line::D6BAEC78-815E-4C9A-BC66-2B9D2C00E41F:,Paris,Brest TGV,10,Desserte Normale
France,FR:Line::D6BAEC78-815E-4C9A-BC66-2B9D2C00E41F:,Paris,Brest TGV,2,Sous-desservi
France,FR:Line::D6BAEC78-815E-4C9A-BC66-2B9D2C00E41F:,Paris,Brest TGV,9,Desserte Normale
France,FR:Line::D6BAEC78-815E-4C9A-BC66-2B9D2C00E41F:,Paris,Brest TGV,16,Desserte Normale
France,FR:Line::D6BAEC78-815E-4C9A-BC66-2B9D2C00E41F:,Paris,Brest TGV,7,Desserte Normale
France,FR:Line::D6BAEC78-815E-4C9A-BC66-2B9D2C00E41F:,Paris,Brest TGV,15,Desserte Normale
France,FR:Line::D6BAEC78-815E-4C9A-BC66-2B9D2C00E41F:,Paris,Brest TGV,36,Desserte Normale
France,FR:Line::D6BAEC78-815E-4C9A-BC66-2B9D2C00E41F:,Paris,Brest TGV,26,Desserte Normale
France,FR:Line::D6BAEC78-815E-4C9A-BC66-2B9D2C00E41F:,Paris,Brest TGV,33,Desserte Normale
France,FR:Line::D7417ABE-8C4B-480A-8F81-072590BED9EC:,Calais Ville,Arras,2,Sous-desservi
France,FR:Line::D7417ABE-8C4B-480A-8F81-072590BED9EC:,Calais Ville,Arras,2,Sous-desservi
France,FR:Line::D7417ABE-8C4B-480A-8F81-072590BED9EC:,Calais Ville,Arras,2,Sous-desservi
France,FR:Line::D7417ABE-8C4B-480A-8F81-072590BED9EC:,Calais Ville,Arras,2,Sous-desservi
France,FR:Line::D7417ABE-8C4B-480A-8F81-072590BED9EC:,Calais Ville,Arras,16,Desserte Normale
France,FR:Line::D79097CD-B3F9-4C30-8676-74078751808C:,Lyon Perrache,Clermont-Ferrand,9,Desserte Normale
France,FR:Line::D79097CD-B3F9-4C30-8676-74078751808C:,Lyon Perrache,Clermont-Ferrand,1,Sous-desservi
France,FR:Line::D79097CD-B3F9-4C30-8676-74078751808C:,Lyon Perrache,Clermont-Ferrand,1,Sous-desservi
France,FR:Line::D79097CD-B3F9-4C30-8676-74078751808C:,Lyon Perrache,Clermont-Ferrand,8,Desserte Normale
France,FR:Line::D79097CD-B3F9-4C30-8676-74078751808C:,Lyon Perrache,Clermont-Ferrand,4,Sous-desservi
France,FR:Line::D79097CD-B3F9-4C30-8676-74078751808C:,Lyon Perrache,Clermont-Ferrand,4,Sous-desservi
France,FR:Line::D79097CD-B3F9-4C30-8676-74078751808C:,Lyon Perrache,Clermont-Ferrand,21,Desserte Normale
France,FR:Line::D79097CD-B3F9-4C30-8676-74078751808C:,Lyon Perrache,Clermont-Ferrand,25,Desserte Normale
France,FR:Line::D79097CD-B3F9-4C30-8676-74078751808C:,Lyon Perrache,Clermont-Ferrand,1,Sous-desservi
France,FR:Line::D79097CD-B3F9-4C30-8676-74078751808C:,Lyon Perrache,Clermont-Ferrand,2,Sous-desservi
France,FR:Line::D79097CD-B3F9-4C30-8676-74078751808C:,Lyon Perrache,Clermont-Ferrand,3,Sous-desservi
France,FR:Line::D79097CD-B3F9-4C30-8676-74078751808C:,Lyon Perrache,Clermont-Ferrand,2,Sous-desservi
France,FR:Line::D79097CD-B3F9-4C30-8676-74078751808C:,Lyon Perrache,Clermont-Ferrand,2,Sous-desservi
France,FR:Line::D79097CD-B3F9-4C30-8676-74078751808C:,Lyon Perrache,Clermont-Ferrand,20,Desserte Normale
France,FR:Line::D7E4D53E-94AD-44D6-98F2-A0D8F1FA7E3F:,Belfort,Epinal,2,Sous-desservi
France,FR:Line::D7E4D53E-94AD-44D6-98F2-A0D8F1FA7E3F:,Belfort,Epinal,10,Desserte Normale
France,FR:Line::D8A35CDB-1E23-4664-AC9E-4A8272915DC3:,Marseille,Briancon,3,Sous-desservi
France,FR:Line::D8A35CDB-1E23-4664-AC9E-4A8272915DC3:,Marseille,Briancon,2,Sous-desservi
France,FR:Line::D8A35CDB-1E23-4664-AC9E-4A8272915DC3:,Marseille,Briancon,1,Sous-desservi
France,FR:Line::D8A35CDB-1E23-4664-AC9E-4A8272915DC3:,Marseille,Briancon,2,Sous-desservi
France,FR:Line::D8A35CDB-1E23-4664-AC9E-4A8272915DC3:,Marseille,Briancon,3,Sous-desservi
France,FR:Line::D8A35CDB-1E23-4664-AC9E-4A8272915DC3:,Marseille,Briancon,1,Sous-desservi
France,FR:Line::D8A35CDB-1E23-4664-AC9E-4A8272915DC3:,Marseille,Briancon,2,Sous-desservi
France,FR:Line::D8A35CDB-1E23-4664-AC9E-4A8272915DC3:,Marseille,Briancon,2,Sous-desservi
France,FR:Line::D8A35CDB-1E23-4664-AC9E-4A8272915DC3:,Marseille,Briancon,10,Desserte Normale
France,FR:Line::D8A35CDB-1E23-4664-AC9E-4A8272915DC3:,Marseille,Briancon,16,Desserte Normale
France,FR:Line::D8F5033E-0343-41AB-A29B-E947987EC283:,Angers St Laud,Paris Montparnasse,1,Sous-desservi
France,FR:Line::D8F5033E-0343-41AB-A29B-E947987EC283:,Angers St Laud,Paris Montparnasse,13,Desserte Normale
France,FR:Line::D8F5033E-0343-41AB-A29B-E947987EC283:,Angers St Laud,Paris Montparnasse,20,Desserte Normale
France,FR:Line::D9167FC3-04F8-4539-83E6-71C7E9092E77:,Rodez,Millau,4,Sous-desservi
France,FR:Line::D9167FC3-04F8-4539-83E6-71C7E9092E77:,Rodez,Millau,7,Desserte Normale
France,FR:Line::D9167FC3-04F8-4539-83E6-71C7E9092E77:,Rodez,Millau,3,Sous-desservi
France,FR:Line::D9167FC3-04F8-4539-83E6-71C7E9092E77:,Rodez,Millau,8,Desserte Normale
France,FR:Line::D9E3C2B3-FD86-4C45-9998-2922E320C3A2:,Lyon Part Dieu,Mâcon,9,Desserte Normale
France,FR:Line::D9E3C2B3-FD86-4C45-9998-2922E320C3A2:,Lyon Part Dieu,Mâcon,4,Sous-desservi
France,FR:Line::D9E3C2B3-FD86-4C45-9998-2922E320C3A2:,Lyon Part Dieu,Mâcon,1,Sous-desservi
France,FR:Line::D9E3C2B3-FD86-4C45-9998-2922E320C3A2:,Lyon Part Dieu,Mâcon,11,Desserte Normale
France,FR:Line::D9E3C2B3-FD86-4C45-9998-2922E320C3A2:,Lyon Part Dieu,Mâcon,3,Sous-desservi
France,FR:Line::D9E3C2B3-FD86-4C45-9998-2922E320C3A2:,Lyon Part Dieu,Mâcon,2,Sous-desservi
France,FR:Line::D9E3C2B3-FD86-4C45-9998-2922E320C3A2:,Lyon Part Dieu,Mâcon,2,Sous-desservi
France,FR:Line::D9E3C2B3-FD86-4C45-9998-2922E320C3A2:,Lyon Part Dieu,Mâcon,5,Sous-desservi
France,FR:Line::D9E3C2B3-FD86-4C45-9998-2922E320C3A2:,Lyon Part Dieu,Mâcon,13,Desserte Normale
France,FR:Line::D9F206DE-37B5-4299-A71A-5B4201D0B9F9:,Paris,Grenoble TGV,3,Sous-desservi
France,FR:Line::D9F206DE-37B5-4299-A71A-5B4201D0B9F9:,Paris,Grenoble TGV,8,Desserte Normale
France,FR:Line::D9F206DE-37B5-4299-A71A-5B4201D0B9F9:,Paris,Grenoble TGV,2,Sous-desservi
France,FR:Line::D9F206DE-37B5-4299-A71A-5B4201D0B9F9:,Paris,Grenoble TGV,1,Sous-desservi
France,FR:Line::D9F206DE-37B5-4299-A71A-5B4201D0B9F9:,Paris,Grenoble TGV,4,Sous-desservi
France,FR:Line::D9F206DE-37B5-4299-A71A-5B4201D0B9F9:,Paris,Grenoble TGV,9,Desserte Normale
France,FR:Line::D9F206DE-37B5-4299-A71A-5B4201D0B9F9:,Paris,Grenoble TGV,6,Sous-desservi
France,FR:Line::D9F206DE-37B5-4299-A71A-5B4201D0B9F9:,Paris,Grenoble TGV,1,Sous-desservi
France,FR:Line::D9F206DE-37B5-4299-A71A-5B4201D0B9F9:,Paris,Grenoble TGV,5,Sous-desservi
France,FR:Line::D9F206DE-37B5-4299-A71A-5B4201D0B9F9:,Paris,Grenoble TGV,23,Desserte Normale
France,FR:Line::D9F206DE-37B5-4299-A71A-5B4201D0B9F9:,Paris,Grenoble TGV,7,Desserte Normale
France,FR:Line::D9F206DE-37B5-4299-A71A-5B4201D0B9F9:,Paris,Grenoble TGV,4,Sous-desservi
France,FR:Line::D9F206DE-37B5-4299-A71A-5B4201D0B9F9:,Paris,Grenoble TGV,2,Sous-desservi
France,FR:Line::D9F206DE-37B5-4299-A71A-5B4201D0B9F9:,Paris,Grenoble TGV,5,Sous-desservi
France,FR:Line::D9F206DE-37B5-4299-A71A-5B4201D0B9F9:,Paris,Grenoble TGV,20,Desserte Normale
France,FR:Line::DACDB869-C9EE-4F6E-8247-920D31FAD70B:,Besancon V,Besançon Fc,2,Sous-desservi
France,FR:Line::DACDB869-C9EE-4F6E-8247-920D31FAD70B:,Besancon V,Besançon Fc,34,Desserte Normale
France,FR:Line::DAF77CAA-444E-43F9-A7EC-1FFEF4C462CD:,Saint-André Le Gaz,Grenoble Universités Gières,6,Sous-desservi
France,FR:Line::DAF77CAA-444E-43F9-A7EC-1FFEF4C462CD:,Saint-André Le Gaz,Grenoble Universités Gières,5,Sous-desservi
France,FR:Line::DAF77CAA-444E-43F9-A7EC-1FFEF4C462CD:,Saint-André Le Gaz,Grenoble Universités Gières,1,Sous-desservi
France,FR:Line::DAF77CAA-444E-43F9-A7EC-1FFEF4C462CD:,Saint-André Le Gaz,Grenoble Universités Gières,2,Sous-desservi
France,FR:Line::DAF77CAA-444E-43F9-A7EC-1FFEF4C462CD:,Saint-André Le Gaz,Grenoble Universités Gières,1,Sous-desservi
France,FR:Line::DAF77CAA-444E-43F9-A7EC-1FFEF4C462CD:,Saint-André Le Gaz,Grenoble Universités Gières,2,Sous-desservi
France,FR:Line::DAF77CAA-444E-43F9-A7EC-1FFEF4C462CD:,Saint-André Le Gaz,Grenoble Universités Gières,2,Sous-desservi
France,FR:Line::DAF77CAA-444E-43F9-A7EC-1FFEF4C462CD:,Saint-André Le Gaz,Grenoble Universités Gières,2,Sous-desservi
France,FR:Line::DAF77CAA-444E-43F9-A7EC-1FFEF4C462CD:,Saint-André Le Gaz,Grenoble Universités Gières,50,Desserte Normale
France,FR:Line::DB3D31E8-6F41-4A72-8595-6FCD2110ED22:,Lille Flandres,(Charleville- Mézières),2,Sous-desservi
France,FR:Line::DB3D31E8-6F41-4A72-8595-6FCD2110ED22:,Lille Flandres,(Charleville- Mézières),1,Sous-desservi
France,FR:Line::DB3D31E8-6F41-4A72-8595-6FCD2110ED22:,Lille Flandres,(Charleville- Mézières),8,Desserte Normale
France,FR:Line::DB3D31E8-6F41-4A72-8595-6FCD2110ED22:,Lille Flandres,(Charleville- Mézières),6,Sous-desservi
France,FR:Line::DB3D31E8-6F41-4A72-8595-6FCD2110ED22:,Lille Flandres,(Charleville- Mézières),1,Sous-desservi
France,FR:Line::DB3D31E8-6F41-4A72-8595-6FCD2110ED22:,Lille Flandres,(Charleville- Mézières),5,Sous-desservi
France,FR:Line::DB3D31E8-6F41-4A72-8595-6FCD2110ED22:,Lille Flandres,(Charleville- Mézières),2,Sous-desservi
France,FR:Line::DB3D31E8-6F41-4A72-8595-6FCD2110ED22:,Lille Flandres,(Charleville- Mézières),7,Desserte Normale
France,FR:Line::DB3D31E8-6F41-4A72-8595-6FCD2110ED22:,Lille Flandres,(Charleville- Mézières),1,Sous-desservi
France,FR:Line::DB3D31E8-6F41-4A72-8595-6FCD2110ED22:,Lille Flandres,(Charleville- Mézières),5,Sous-desservi
France,FR:Line::DB3D31E8-6F41-4A72-8595-6FCD2110ED22:,Lille Flandres,(Charleville- Mézières),1,Sous-desservi
France,FR:Line::DB3D31E8-6F41-4A72-8595-6FCD2110ED22:,Lille Flandres,(Charleville- Mézières),10,Desserte Normale
France,FR:Line::DB3D31E8-6F41-4A72-8595-6FCD2110ED22:,Lille Flandres,(Charleville- Mézières),3,Sous-desservi
France,FR:Line::DB3D31E8-6F41-4A72-8595-6FCD2110ED22:,Lille Flandres,(Charleville- Mézières),2,Sous-desservi
France,FR:Line::DB3D31E8-6F41-4A72-8595-6FCD2110ED22:,Lille Flandres,(Charleville- Mézières),17,Desserte Normale
France,FR:Line::DB3D31E8-6F41-4A72-8595-6FCD2110ED22:,Lille Flandres,(Charleville- Mézières),26,Desserte Normale
France,FR:Line::DB3EE4DE-BFF5-4490-8E6A-A285356EC988:,Lannion,Brest,6,Sous-desservi
France,FR:Line::DB3EE4DE-BFF5-4490-8E6A-A285356EC988:,Lannion,Brest,1,Sous-desservi
France,FR:Line::DB3EE4DE-BFF5-4490-8E6A-A285356EC988:,Lannion,Brest,1,Sous-desservi
France,FR:Line::DBB29EA6-8495-479C-B033-926E252847F8:,Bellegarde,St-Gervais Les Bains,6,Sous-desservi
France,FR:Line::DBB29EA6-8495-479C-B033-926E252847F8:,Bellegarde,St-Gervais Les Bains,2,Sous-desservi
France,FR:Line::DBB29EA6-8495-479C-B033-926E252847F8:,Bellegarde,St-Gervais Les Bains,1,Sous-desservi
France,FR:Line::DBB29EA6-8495-479C-B033-926E252847F8:,Bellegarde,St-Gervais Les Bains,46,Desserte Normale
France,FR:Line::DBB29EA6-8495-479C-B033-926E252847F8:,Bellegarde,St-Gervais Les Bains,1,Sous-desservi
France,FR:Line::DBB29EA6-8495-479C-B033-926E252847F8:,Bellegarde,St-Gervais Les Bains,3,Sous-desservi
France,FR:Line::DBB29EA6-8495-479C-B033-926E252847F8:,Bellegarde,St-Gervais Les Bains,3,Sous-desservi
France,FR:Line::DBB29EA6-8495-479C-B033-926E252847F8:,Bellegarde,St-Gervais Les Bains,1,Sous-desservi
France,FR:Line::DBB29EA6-8495-479C-B033-926E252847F8:,Bellegarde,St-Gervais Les Bains,16,Desserte Normale
France,FR:Line::DBB29EA6-8495-479C-B033-926E252847F8:,Bellegarde,St-Gervais Les Bains,4,Sous-desservi
France,FR:Line::DBB29EA6-8495-479C-B033-926E252847F8:,Bellegarde,St-Gervais Les Bains,2,Sous-desservi
France,FR:Line::DBB29EA6-8495-479C-B033-926E252847F8:,Bellegarde,St-Gervais Les Bains,1,Sous-desservi
France,FR:Line::DBB29EA6-8495-479C-B033-926E252847F8:,Bellegarde,St-Gervais Les Bains,12,Desserte Normale
France,FR:Line::DBB29EA6-8495-479C-B033-926E252847F8:,Bellegarde,St-Gervais Les Bains,7,Desserte Normale
France,FR:Line::DBB29EA6-8495-479C-B033-926E252847F8:,Bellegarde,St-Gervais Les Bains,30,Desserte Normale
France,FR:Line::DBF3F104-9FF0-48F6-84CE-E49FD6D7F630:,Lille Flandres,Béthune,3,Sous-desservi
France,FR:Line::DBF3F104-9FF0-48F6-84CE-E49FD6D7F630:,Lille Flandres,Béthune,3,Sous-desservi
France,FR:Line::DBF3F104-9FF0-48F6-84CE-E49FD6D7F630:,Lille Flandres,Béthune,1,Sous-desservi
France,FR:Line::DBF3F104-9FF0-48F6-84CE-E49FD6D7F630:,Lille Flandres,Béthune,22,Desserte Normale
France,FR:Line::DBF3F104-9FF0-48F6-84CE-E49FD6D7F630:,Lille Flandres,Béthune,38,Desserte Normale
France,FR:Line::DC6D21DC-4D16-424F-8132-5FB3AF7A7DB1:,Laval,Rennes,1,Sous-desservi
France,FR:Line::DC6D21DC-4D16-424F-8132-5FB3AF7A7DB1:,Laval,Rennes,7,Desserte Normale
France,FR:Line::DD19CDB1-4AA2-440A-8145-2612D32D5ECF:,Saint-Pierre D'Albigny,St-Jean-De-Maurienne,2,Sous-desservi
France,FR:Line::DD461A4B-557A-4303-B639-AED4F7A5141B:,Rouen,Amiens,4,Sous-desservi
France,FR:Line::DD461A4B-557A-4303-B639-AED4F7A5141B:,Rouen,Amiens,2,Sous-desservi
France,FR:Line::DD461A4B-557A-4303-B639-AED4F7A5141B:,Rouen,Amiens,19,Desserte Normale
France,FR:Line::DDEF5935-0332-4ED5-B499-5C664AF7CF05:,Toulouse Matabiau,Auch,27,Desserte Normale
France,FR:Line::DDEF5935-0332-4ED5-B499-5C664AF7CF05:,Toulouse Matabiau,Auch,20,Desserte Normale
France,FR:Line::DDEF5935-0332-4ED5-B499-5C664AF7CF05:,Toulouse Matabiau,Auch,1,Sous-desservi
France,FR:Line::DDEF5935-0332-4ED5-B499-5C664AF7CF05:,Toulouse Matabiau,Auch,7,Desserte Normale
France,FR:Line::DDEF5935-0332-4ED5-B499-5C664AF7CF05:,Toulouse Matabiau,Auch,39,Desserte Normale
France,FR:Line::DFA7CADE-A1AC-4D44-AF8A-1157A2A9CD11:,Rennes,Dinan,2,Sous-desservi
France,FR:Line::DFA7CADE-A1AC-4D44-AF8A-1157A2A9CD11:,Rennes,Dinan,2,Sous-desservi
France,FR:Line::DFA7CADE-A1AC-4D44-AF8A-1157A2A9CD11:,Rennes,Dinan,2,Sous-desservi
France,FR:Line::DFA7CADE-A1AC-4D44-AF8A-1157A2A9CD11:,Rennes,Dinan,2,Sous-desservi
France,FR:Line::DFA7CADE-A1AC-4D44-AF8A-1157A2A9CD11:,Rennes,Dinan,2,Sous-desservi
France,FR:Line::E0963513-61D7-4A56-B1CD-F346C024AB89:,Atlantique,Alpes TGV,4,Sous-desservi
France,FR:Line::E0963513-61D7-4A56-B1CD-F346C024AB89:,Atlantique,Alpes TGV,4,Sous-desservi
France,FR:Line::E0963513-61D7-4A56-B1CD-F346C024AB89:,Atlantique,Alpes TGV,2,Sous-desservi
France,FR:Line::E0963513-61D7-4A56-B1CD-F346C024AB89:,Atlantique,Alpes TGV,2,Sous-desservi
France,FR:Line::E0963513-61D7-4A56-B1CD-F346C024AB89:,Atlantique,Alpes TGV,4,Sous-desservi
France,FR:Line::E0963513-61D7-4A56-B1CD-F346C024AB89:,Atlantique,Alpes TGV,12,Desserte Normale
France,FR:Line::E0963513-61D7-4A56-B1CD-F346C024AB89:,Atlantique,Alpes TGV,20,Desserte Normale
France,FR:Line::E0963513-61D7-4A56-B1CD-F346C024AB89:,Atlantique,Alpes TGV,14,Desserte Normale
France,FR:Line::E0963513-61D7-4A56-B1CD-F346C024AB89:,Atlantique,Alpes TGV,4,Sous-desservi
France,FR:Line::E0A47A78-21C0-4090-BD86-6F38A1343942:,Thionville,Longwy,6,Sous-desservi
France,FR:Line::E0A47A78-21C0-4090-BD86-6F38A1343942:,Thionville,Longwy,2,Sous-desservi
France,FR:Line::E1BFD103-F172-4366-A1A6-EA4E9C95C93C:,Brioude,Clermont-Ferrand,1,Sous-desservi
France,FR:Line::E1BFD103-F172-4366-A1A6-EA4E9C95C93C:,Brioude,Clermont-Ferrand,1,Sous-desservi
France,FR:Line::E1BFD103-F172-4366-A1A6-EA4E9C95C93C:,Brioude,Clermont-Ferrand,2,Sous-desservi
France,FR:Line::E1BFD103-F172-4366-A1A6-EA4E9C95C93C:,Brioude,Clermont-Ferrand,10,Desserte Normale
France,FR:Line::E1BFD103-F172-4366-A1A6-EA4E9C95C93C:,Brioude,Clermont-Ferrand,51,Desserte Normale
France,FR:Line::E245D232-D297-47B9-B699-A93BA3686DE1:,Nancy,Pont St Vincent,1,Sous-desservi
France,FR:Line::E245D232-D297-47B9-B699-A93BA3686DE1:,Nancy,Pont St Vincent,9,Desserte Normale
France,FR:Line::E245D232-D297-47B9-B699-A93BA3686DE1:,Nancy,Pont St Vincent,2,Sous-desservi
France,FR:Line::E245D232-D297-47B9-B699-A93BA3686DE1:,Nancy,Pont St Vincent,39,Desserte Normale
France,FR:Line::E2CDA413-39E6-4C97-B5A2-48F59C5504A0:,Nantes,Les Sables D'Olonne,1,Sous-desservi
France,FR:Line::E2CDA413-39E6-4C97-B5A2-48F59C5504A0:,Nantes,Les Sables D'Olonne,1,Sous-desservi
France,FR:Line::E2CDA413-39E6-4C97-B5A2-48F59C5504A0:,Nantes,Les Sables D'Olonne,1,Sous-desservi
France,FR:Line::E2CDA413-39E6-4C97-B5A2-48F59C5504A0:,Nantes,Les Sables D'Olonne,1,Sous-desservi
France,FR:Line::E2CDA413-39E6-4C97-B5A2-48F59C5504A0:,Nantes,Les Sables D'Olonne,6,Sous-desservi
France,FR:Line::E2CDA413-39E6-4C97-B5A2-48F59C5504A0:,Nantes,Les Sables D'Olonne,1,Sous-desservi
France,FR:Line::E2CDA413-39E6-4C97-B5A2-48F59C5504A0:,Nantes,Les Sables D'Olonne,1,Sous-desservi
France,FR:Line::E2CDA413-39E6-4C97-B5A2-48F59C5504A0:,Nantes,Les Sables D'Olonne,1,Sous-desservi
France,FR:Line::E2CDA413-39E6-4C97-B5A2-48F59C5504A0:,Nantes,Les Sables D'Olonne,22,Desserte Normale
France,FR:Line::E2CDA413-39E6-4C97-B5A2-48F59C5504A0:,Nantes,Les Sables D'Olonne,34,Desserte Normale
France,FR:Line::E540AB86-7F66-45AB-8337-ADA88FFA7208:,Nancy,Longwy,1,Sous-desservi
France,FR:Line::E540AB86-7F66-45AB-8337-ADA88FFA7208:,Nancy,Longwy,8,Desserte Normale
France,FR:Line::E540AB86-7F66-45AB-8337-ADA88FFA7208:,Nancy,Longwy,1,Sous-desservi
France,FR:Line::E540AB86-7F66-45AB-8337-ADA88FFA7208:,Nancy,Longwy,8,Desserte Normale
France,FR:Line::E540AB86-7F66-45AB-8337-ADA88FFA7208:,Nancy,Longwy,5,Sous-desservi
France,FR:Line::E540AB86-7F66-45AB-8337-ADA88FFA7208:,Nancy,Longwy,6,Sous-desservi
France,FR:Line::E540AB86-7F66-45AB-8337-ADA88FFA7208:,Nancy,Longwy,5,Sous-desservi
France,FR:Line::E540AB86-7F66-45AB-8337-ADA88FFA7208:,Nancy,Longwy,6,Sous-desservi
France,FR:Line::E540AB86-7F66-45AB-8337-ADA88FFA7208:,Nancy,Longwy,12,Desserte Normale
France,FR:Line::E597DAD9-42BF-4927-BEDB-0B05091BCBBE:,Lille Flandres,Amiens,11,Desserte Normale
France,FR:Line::E597DAD9-42BF-4927-BEDB-0B05091BCBBE:,Lille Flandres,Amiens,8,Desserte Normale
France,FR:Line::E597DAD9-42BF-4927-BEDB-0B05091BCBBE:,Lille Flandres,Amiens,3,Sous-desservi
France,FR:Line::E597DAD9-42BF-4927-BEDB-0B05091BCBBE:,Lille Flandres,Amiens,13,Desserte Normale
France,FR:Line::E597DAD9-42BF-4927-BEDB-0B05091BCBBE:,Lille Flandres,Amiens,25,Desserte Normale
France,FR:Line::E5FF5D61-7D3C-4DDA-9663-3C36510681CF:,Toulouse Matabiau,Port Bou Frontiere,1,Sous-desservi
France,FR:Line::E5FF5D61-7D3C-4DDA-9663-3C36510681CF:,Toulouse Matabiau,Port Bou Frontiere,10,Desserte Normale
France,FR:Line::E5FF5D61-7D3C-4DDA-9663-3C36510681CF:,Toulouse Matabiau,Port Bou Frontiere,2,Sous-desservi
France,FR:Line::E5FF5D61-7D3C-4DDA-9663-3C36510681CF:,Toulouse Matabiau,Port Bou Frontiere,8,Desserte Normale
France,FR:Line::E5FF5D61-7D3C-4DDA-9663-3C36510681CF:,Toulouse Matabiau,Port Bou Frontiere,4,Sous-desservi
France,FR:Line::E5FF5D61-7D3C-4DDA-9663-3C36510681CF:,Toulouse Matabiau,Port Bou Frontiere,4,Sous-desservi
France,FR:Line::E5FF5D61-7D3C-4DDA-9663-3C36510681CF:,Toulouse Matabiau,Port Bou Frontiere,8,Desserte Normale
France,FR:Line::E5FF5D61-7D3C-4DDA-9663-3C36510681CF:,Toulouse Matabiau,Port Bou Frontiere,1,Sous-desservi
France,FR:Line::E5FF5D61-7D3C-4DDA-9663-3C36510681CF:,Toulouse Matabiau,Port Bou Frontiere,9,Desserte Normale
France,FR:Line::E5FF5D61-7D3C-4DDA-9663-3C36510681CF:,Toulouse Matabiau,Port Bou Frontiere,14,Desserte Normale
France,FR:Line::E5FF5D61-7D3C-4DDA-9663-3C36510681CF:,Toulouse Matabiau,Port Bou Frontiere,17,Desserte Normale
France,FR:Line::E62632D6-3C5A-4BD9-916A-8800D2145CC1:,Brest,Landerneau,1,Sous-desservi
France,FR:Line::E62632D6-3C5A-4BD9-916A-8800D2145CC1:,Brest,Landerneau,2,Sous-desservi
France,FR:Line::E62632D6-3C5A-4BD9-916A-8800D2145CC1:,Brest,Landerneau,16,Desserte Normale
France,FR:Line::E6272550-D202-4E52-BFC9-76BDC96ADEE7:,Paris,Lille,2,Sous-desservi
France,FR:Line::E6272550-D202-4E52-BFC9-76BDC96ADEE7:,Paris,Lille,8,Desserte Normale
France,FR:Line::E6272550-D202-4E52-BFC9-76BDC96ADEE7:,Paris,Lille,1,Sous-desservi
France,FR:Line::E6272550-D202-4E52-BFC9-76BDC96ADEE7:,Paris,Lille,2,Sous-desservi
France,FR:Line::E6272550-D202-4E52-BFC9-76BDC96ADEE7:,Paris,Lille,18,Desserte Normale
France,FR:Line::E6272550-D202-4E52-BFC9-76BDC96ADEE7:,Paris,Lille,1,Sous-desservi
France,FR:Line::E6272550-D202-4E52-BFC9-76BDC96ADEE7:,Paris,Lille,1,Sous-desservi
France,FR:Line::E6272550-D202-4E52-BFC9-76BDC96ADEE7:,Paris,Lille,1,Sous-desservi
France,FR:Line::E6272550-D202-4E52-BFC9-76BDC96ADEE7:,Paris,Lille,1,Sous-desservi
France,FR:Line::E6272550-D202-4E52-BFC9-76BDC96ADEE7:,Paris,Lille,5,Sous-desservi
France,FR:Line::E6272550-D202-4E52-BFC9-76BDC96ADEE7:,Paris,Lille,26,Desserte Normale
France,FR:Line::E6272550-D202-4E52-BFC9-76BDC96ADEE7:,Paris,Lille,36,Desserte Normale
France,FR:Line::E6272550-D202-4E52-BFC9-76BDC96ADEE7:,Paris,Lille,37,Desserte Normale
France,FR:Line::E6272550-D202-4E52-BFC9-76BDC96ADEE7:,Paris,Lille,37,Desserte Normale
France,FR:Line::E691987F-26FC-4A49-B795-6D22375459AD:,Villefranche Vernet Les Bains,Latour De Carol Enveitg,5,Sous-desservi
France,FR:Line::E691987F-26FC-4A49-B795-6D22375459AD:,Villefranche Vernet Les Bains,Latour De Carol Enveitg,1,Sous-desservi
France,FR:Line::E691987F-26FC-4A49-B795-6D22375459AD:,Villefranche Vernet Les Bains,Latour De Carol Enveitg,5,Sous-desservi
France,FR:Line::E691987F-26FC-4A49-B795-6D22375459AD:,Villefranche Vernet Les Bains,Latour De Carol Enveitg,5,Sous-desservi
France,FR:Line::E691987F-26FC-4A49-B795-6D22375459AD:,Villefranche Vernet Les Bains,Latour De Carol Enveitg,12,Desserte Normale
France,FR:Line::E691987F-26FC-4A49-B795-6D22375459AD:,Villefranche Vernet Les Bains,Latour De Carol Enveitg,10,Desserte Normale
France,FR:Line::E702E8F2-F387-490E-96E1-3BD8B51E0F75:,Paray,Montchanin,1,Sous-desservi
France,FR:Line::E702E8F2-F387-490E-96E1-3BD8B51E0F75:,Paray,Montchanin,20,Desserte Normale
France,FR:Line::E787EB35-6D67-48A0-A641-FEC921895C71:,Romans,Briancon,4,Sous-desservi
France,FR:Line::E787EB35-6D67-48A0-A641-FEC921895C71:,Romans,Briancon,1,Sous-desservi
France,FR:Line::E787EB35-6D67-48A0-A641-FEC921895C71:,Romans,Briancon,4,Sous-desservi
France,FR:Line::E787EB35-6D67-48A0-A641-FEC921895C71:,Romans,Briancon,7,Desserte Normale
France,FR:Line::E787EB35-6D67-48A0-A641-FEC921895C71:,Romans,Briancon,1,Sous-desservi
France,FR:Line::E787EB35-6D67-48A0-A641-FEC921895C71:,Romans,Briancon,2,Sous-desservi
France,FR:Line::E787EB35-6D67-48A0-A641-FEC921895C71:,Romans,Briancon,4,Sous-desservi
France,FR:Line::E787EB35-6D67-48A0-A641-FEC921895C71:,Romans,Briancon,15,Desserte Normale
France,FR:Line::E787EB35-6D67-48A0-A641-FEC921895C71:,Romans,Briancon,4,Sous-desservi
France,FR:Line::E787EB35-6D67-48A0-A641-FEC921895C71:,Romans,Briancon,1,Sous-desservi
France,FR:Line::E787EB35-6D67-48A0-A641-FEC921895C71:,Romans,Briancon,2,Sous-desservi
France,FR:Line::E787EB35-6D67-48A0-A641-FEC921895C71:,Romans,Briancon,4,Sous-desservi
France,FR:Line::E787EB35-6D67-48A0-A641-FEC921895C71:,Romans,Briancon,1,Sous-desservi
France,FR:Line::E787EB35-6D67-48A0-A641-FEC921895C71:,Romans,Briancon,3,Sous-desservi
France,FR:Line::E787EB35-6D67-48A0-A641-FEC921895C71:,Romans,Briancon,11,Desserte Normale
France,FR:Line::E7D852E4-D4DA-481B-A030-056B375F9675:,Pontarlier,Frasne,12,Desserte Normale
France,FR:Line::E80D977A-22AC-4348-A2FB-B2003700F671:,Quimper,Brest,1,Sous-desservi
France,FR:Line::E80D977A-22AC-4348-A2FB-B2003700F671:,Quimper,Brest,1,Sous-desservi
France,FR:Line::E80D977A-22AC-4348-A2FB-B2003700F671:,Quimper,Brest,1,Sous-desservi
France,FR:Line::E80D977A-22AC-4348-A2FB-B2003700F671:,Quimper,Brest,5,Sous-desservi
France,FR:Line::E80D977A-22AC-4348-A2FB-B2003700F671:,Quimper,Brest,34,Desserte Normale
France,FR:Line::E80D977A-22AC-4348-A2FB-B2003700F671:,Quimper,Brest,4,Sous-desservi
France,FR:Line::E80D977A-22AC-4348-A2FB-B2003700F671:,Quimper,Brest,5,Sous-desservi
France,FR:Line::E80D977A-22AC-4348-A2FB-B2003700F671:,Quimper,Brest,2,Sous-desservi
France,FR:Line::E937D19D-BA51-4EC8-9C8E-6B20FD5D6FF3:,ST-GERVAIS,COPPET,2,Sous-desservi
France,FR:Line::E937D19D-BA51-4EC8-9C8E-6B20FD5D6FF3:,ST-GERVAIS,COPPET,21,Desserte Normale
France,FR:Line::E937D19D-BA51-4EC8-9C8E-6B20FD5D6FF3:,ST-GERVAIS,COPPET,1,Sous-desservi
France,FR:Line::E937D19D-BA51-4EC8-9C8E-6B20FD5D6FF3:,ST-GERVAIS,COPPET,2,Sous-desservi
France,FR:Line::E937D19D-BA51-4EC8-9C8E-6B20FD5D6FF3:,ST-GERVAIS,COPPET,13,Desserte Normale
France,FR:Line::E937D19D-BA51-4EC8-9C8E-6B20FD5D6FF3:,ST-GERVAIS,COPPET,7,Desserte Normale
France,FR:Line::E937D19D-BA51-4EC8-9C8E-6B20FD5D6FF3:,ST-GERVAIS,COPPET,13,Desserte Normale
France,FR:Line::EB0A92AC-D640-4DFC-B422-FD8B63EAC402:,Strasbourg,Haguenau,1,Sous-desservi
France,FR:Line::EB0A92AC-D640-4DFC-B422-FD8B63EAC402:,Strasbourg,Haguenau,1,Sous-desservi
France,FR:Line::EB0A92AC-D640-4DFC-B422-FD8B63EAC402:,Strasbourg,Haguenau,3,Sous-desservi
France,FR:Line::EB0A92AC-D640-4DFC-B422-FD8B63EAC402:,Strasbourg,Haguenau,1,Sous-desservi
France,FR:Line::EB0A92AC-D640-4DFC-B422-FD8B63EAC402:,Strasbourg,Haguenau,3,Sous-desservi
France,FR:Line::EB0A92AC-D640-4DFC-B422-FD8B63EAC402:,Strasbourg,Haguenau,21,Desserte Normale
France,FR:Line::EB0A92AC-D640-4DFC-B422-FD8B63EAC402:,Strasbourg,Haguenau,65,Bien desservi
France,FR:Line::EB6C44B3-0091-46B2-94A4-A3CC5B1CA889:,Paris,Marseille,1,Sous-desservi
France,FR:Line::EB6C44B3-0091-46B2-94A4-A3CC5B1CA889:,Paris,Marseille,1,Sous-desservi
France,FR:Line::EB6C44B3-0091-46B2-94A4-A3CC5B1CA889:,Paris,Marseille,1,Sous-desservi
France,FR:Line::EB6C44B3-0091-46B2-94A4-A3CC5B1CA889:,Paris,Marseille,1,Sous-desservi
France,FR:Line::EB6C44B3-0091-46B2-94A4-A3CC5B1CA889:,Paris,Marseille,1,Sous-desservi
France,FR:Line::EB6C44B3-0091-46B2-94A4-A3CC5B1CA889:,Paris,Marseille,8,Desserte Normale
France,FR:Line::EB6C44B3-0091-46B2-94A4-A3CC5B1CA889:,Paris,Marseille,7,Desserte Normale
France,FR:Line::EB6C44B3-0091-46B2-94A4-A3CC5B1CA889:,Paris,Marseille,3,Sous-desservi
France,FR:Line::EB6C44B3-0091-46B2-94A4-A3CC5B1CA889:,Paris,Marseille,1,Sous-desservi
France,FR:Line::EB6C44B3-0091-46B2-94A4-A3CC5B1CA889:,Paris,Marseille,2,Sous-desservi
France,FR:Line::EB6C44B3-0091-46B2-94A4-A3CC5B1CA889:,Paris,Marseille,6,Sous-desservi
France,FR:Line::EF683B67-9F06-479B-9E5B-BB38D497333B:,Lille Flandres,Jeumont,6,Sous-desservi
France,FR:Line::EF683B67-9F06-479B-9E5B-BB38D497333B:,Lille Flandres,Jeumont,1,Sous-desservi
France,FR:Line::EF683B67-9F06-479B-9E5B-BB38D497333B:,Lille Flandres,Jeumont,1,Sous-desservi
France,FR:Line::EF683B67-9F06-479B-9E5B-BB38D497333B:,Lille Flandres,Jeumont,1,Sous-desservi
France,FR:Line::EF683B67-9F06-479B-9E5B-BB38D497333B:,Lille Flandres,Jeumont,4,Sous-desservi
France,FR:Line::EF683B67-9F06-479B-9E5B-BB38D497333B:,Lille Flandres,Jeumont,1,Sous-desservi
France,FR:Line::EF683B67-9F06-479B-9E5B-BB38D497333B:,Lille Flandres,Jeumont,1,Sous-desservi
France,FR:Line::EF683B67-9F06-479B-9E5B-BB38D497333B:,Lille Flandres,Jeumont,6,Sous-desservi
France,FR:Line::EF683B67-9F06-479B-9E5B-BB38D497333B:,Lille Flandres,Jeumont,19,Desserte Normale
France,FR:Line::EF683B67-9F06-479B-9E5B-BB38D497333B:,Lille Flandres,Jeumont,3,Sous-desservi
France,FR:Line::EF683B67-9F06-479B-9E5B-BB38D497333B:,Lille Flandres,Jeumont,14,Desserte Normale
France,FR:Line::EF683B67-9F06-479B-9E5B-BB38D497333B:,Lille Flandres,Jeumont,1,Sous-desservi
France,FR:Line::EF683B67-9F06-479B-9E5B-BB38D497333B:,Lille Flandres,Jeumont,26,Desserte Normale
France,FR:Line::EF683B67-9F06-479B-9E5B-BB38D497333B:,Lille Flandres,Jeumont,28,Desserte Normale
France,FR:Line::F00BFCEC-2EE6-47D5-BB4A-6F967B6378BA:,Lille Flandres,Lens,1,Sous-desservi
France,FR:Line::F00BFCEC-2EE6-47D5-BB4A-6F967B6378BA:,Lille Flandres,Lens,1,Sous-desservi
France,FR:Line::F00BFCEC-2EE6-47D5-BB4A-6F967B6378BA:,Lille Flandres,Lens,2,Sous-desservi
France,FR:Line::F00BFCEC-2EE6-47D5-BB4A-6F967B6378BA:,Lille Flandres,Lens,33,Desserte Normale
France,FR:Line::F00BFCEC-2EE6-47D5-BB4A-6F967B6378BA:,Lille Flandres,Lens,46,Desserte Normale
France,FR:Line::F1B5E26F-967E-48D9-ABA8-A049ADD85807:,Paris,Bordeaux SEA,2,Sous-desservi
France,FR:Line::F1B5E26F-967E-48D9-ABA8-A049ADD85807:,Paris,Bordeaux SEA,1,Sous-desservi
France,FR:Line::F1B5E26F-967E-48D9-ABA8-A049ADD85807:,Paris,Bordeaux SEA,8,Desserte Normale
France,FR:Line::F1B5E26F-967E-48D9-ABA8-A049ADD85807:,Paris,Bordeaux SEA,1,Sous-desservi
France,FR:Line::F1B5E26F-967E-48D9-ABA8-A049ADD85807:,Paris,Bordeaux SEA,2,Sous-desservi
France,FR:Line::F1B5E26F-967E-48D9-ABA8-A049ADD85807:,Paris,Bordeaux SEA,9,Desserte Normale
France,FR:Line::F1B5E26F-967E-48D9-ABA8-A049ADD85807:,Paris,Bordeaux SEA,7,Desserte Normale
France,FR:Line::F1B5E26F-967E-48D9-ABA8-A049ADD85807:,Paris,Bordeaux SEA,3,Sous-desservi
France,FR:Line::F1B5E26F-967E-48D9-ABA8-A049ADD85807:,Paris,Bordeaux SEA,3,Sous-desservi
France,FR:Line::F1B5E26F-967E-48D9-ABA8-A049ADD85807:,Paris,Bordeaux SEA,3,Sous-desservi
France,FR:Line::F1B5E26F-967E-48D9-ABA8-A049ADD85807:,Paris,Bordeaux SEA,1,Sous-desservi
France,FR:Line::F1B5E26F-967E-48D9-ABA8-A049ADD85807:,Paris,Bordeaux SEA,2,Sous-desservi
France,FR:Line::F1B5E26F-967E-48D9-ABA8-A049ADD85807:,Paris,Bordeaux SEA,5,Sous-desservi
France,FR:Line::F1B5E26F-967E-48D9-ABA8-A049ADD85807:,Paris,Bordeaux SEA,7,Desserte Normale
France,FR:Line::F1B5E26F-967E-48D9-ABA8-A049ADD85807:,Paris,Bordeaux SEA,1,Sous-desservi
France,FR:Line::F1B5E26F-967E-48D9-ABA8-A049ADD85807:,Paris,Bordeaux SEA,5,Sous-desservi
France,FR:Line::F1B5E26F-967E-48D9-ABA8-A049ADD85807:,Paris,Bordeaux SEA,16,Desserte Normale
France,FR:Line::F1B5E26F-967E-48D9-ABA8-A049ADD85807:,Paris,Bordeaux SEA,2,Sous-desservi
France,FR:Line::F1B5E26F-967E-48D9-ABA8-A049ADD85807:,Paris,Bordeaux SEA,2,Sous-desservi
France,FR:Line::F1B5E26F-967E-48D9-ABA8-A049ADD85807:,Paris,Bordeaux SEA,1,Sous-desservi
France,FR:Line::F1B5E26F-967E-48D9-ABA8-A049ADD85807:,Paris,Bordeaux SEA,1,Sous-desservi
France,FR:Line::F1B5E26F-967E-48D9-ABA8-A049ADD85807:,Paris,Bordeaux SEA,8,Desserte Normale
France,FR:Line::F1B5E26F-967E-48D9-ABA8-A049ADD85807:,Paris,Bordeaux SEA,4,Sous-desservi
France,FR:Line::F1E656A7-A8BE-4DEC-875D-FC15D17580CC:,Bellegarde,Évian Les Bains,2,Sous-desservi
France,FR:Line::F1E656A7-A8BE-4DEC-875D-FC15D17580CC:,Bellegarde,Évian Les Bains,1,Sous-desservi
France,FR:Line::F1E656A7-A8BE-4DEC-875D-FC15D17580CC:,Bellegarde,Évian Les Bains,34,Desserte Normale
France,FR:Line::F1E656A7-A8BE-4DEC-875D-FC15D17580CC:,Bellegarde,Évian Les Bains,2,Sous-desservi
France,FR:Line::F1E656A7-A8BE-4DEC-875D-FC15D17580CC:,Bellegarde,Évian Les Bains,3,Sous-desservi
France,FR:Line::F1E656A7-A8BE-4DEC-875D-FC15D17580CC:,Bellegarde,Évian Les Bains,8,Desserte Normale
France,FR:Line::F1E656A7-A8BE-4DEC-875D-FC15D17580CC:,Bellegarde,Évian Les Bains,3,Sous-desservi
France,FR:Line::F1E656A7-A8BE-4DEC-875D-FC15D17580CC:,Bellegarde,Évian Les Bains,1,Sous-desservi
France,FR:Line::F1E656A7-A8BE-4DEC-875D-FC15D17580CC:,Bellegarde,Évian Les Bains,1,Sous-desservi
France,FR:Line::F1E656A7-A8BE-4DEC-875D-FC15D17580CC:,Bellegarde,Évian Les Bains,12,Desserte Normale
France,FR:Line::F1E656A7-A8BE-4DEC-875D-FC15D17580CC:,Bellegarde,Évian Les Bains,13,Desserte Normale
France,FR:Line::F1E656A7-A8BE-4DEC-875D-FC15D17580CC:,Bellegarde,Évian Les Bains,3,Sous-desservi
France,FR:Line::F1E656A7-A8BE-4DEC-875D-FC15D17580CC:,Bellegarde,Évian Les Bains,21,Desserte Normale
France,FR:Line::F28D551A-A369-44D2-A99B-0E546CDBEC87:,Valence,Annecy,1,Sous-desservi
France,FR:Line::F28D551A-A369-44D2-A99B-0E546CDBEC87:,Valence,Annecy,8,Desserte Normale
France,FR:Line::F28D551A-A369-44D2-A99B-0E546CDBEC87:,Valence,Annecy,7,Desserte Normale
France,FR:Line::F28D551A-A369-44D2-A99B-0E546CDBEC87:,Valence,Annecy,2,Sous-desservi
France,FR:Line::F28D551A-A369-44D2-A99B-0E546CDBEC87:,Valence,Annecy,6,Sous-desservi
France,FR:Line::F28D551A-A369-44D2-A99B-0E546CDBEC87:,Valence,Annecy,3,Sous-desservi
France,FR:Line::F28D551A-A369-44D2-A99B-0E546CDBEC87:,Valence,Annecy,1,Sous-desservi
France,FR:Line::F28D551A-A369-44D2-A99B-0E546CDBEC87:,Valence,Annecy,1,Sous-desservi
France,FR:Line::F28D551A-A369-44D2-A99B-0E546CDBEC87:,Valence,Annecy,1,Sous-desservi
France,FR:Line::F28D551A-A369-44D2-A99B-0E546CDBEC87:,Valence,Annecy,2,Sous-desservi
France,FR:Line::F28D551A-A369-44D2-A99B-0E546CDBEC87:,Valence,Annecy,18,Desserte Normale
France,FR:Line::F28D551A-A369-44D2-A99B-0E546CDBEC87:,Valence,Annecy,8,Desserte Normale
France,FR:Line::F28D551A-A369-44D2-A99B-0E546CDBEC87:,Valence,Annecy,41,Desserte Normale
France,FR:Line::F29FAC20-F7C7-4BD9-9BC9-20121CEAE8C1:,Nantes,Cholet,3,Sous-desservi
France,FR:Line::F29FAC20-F7C7-4BD9-9BC9-20121CEAE8C1:,Nantes,Cholet,20,Desserte Normale
France,FR:Line::F2A0FD4C-FE66-40BD-9F08-FC20FF6133FC:,Bourg En Bresse,Oyonnax,1,Sous-desservi
France,FR:Line::F2A0FD4C-FE66-40BD-9F08-FC20FF6133FC:,Bourg En Bresse,Oyonnax,1,Sous-desservi
France,FR:Line::F2A0FD4C-FE66-40BD-9F08-FC20FF6133FC:,Bourg En Bresse,Oyonnax,1,Sous-desservi
France,FR:Line::F2A0FD4C-FE66-40BD-9F08-FC20FF6133FC:,Bourg En Bresse,Oyonnax,5,Sous-desservi
France,FR:Line::F3F4B867-5380-4FDE-92BC-43C5100877C0:,Rennes,Montreuil-Sur-L'Ille,40,Desserte Normale
France,FR:Line::F3F4B867-5380-4FDE-92BC-43C5100877C0:,Rennes,Montreuil-Sur-L'Ille,40,Desserte Normale
France,FR:Line::F3F4B867-5380-4FDE-92BC-43C5100877C0:,Rennes,Montreuil-Sur-L'Ille,40,Desserte Normale
France,FR:Line::F3F4B867-5380-4FDE-92BC-43C5100877C0:,Rennes,Montreuil-Sur-L'Ille,40,Desserte Normale
France,FR:Line::F4B0CFE6-18E1-4D06-A749-805E6E29BD07:,Annecy,Chambery,2,Sous-desservi
France,FR:Line::F4B0CFE6-18E1-4D06-A749-805E6E29BD07:,Annecy,Chambery,9,Desserte Normale
France,FR:Line::F4B0CFE6-18E1-4D06-A749-805E6E29BD07:,Annecy,Chambery,26,Desserte Normale
France,FR:Line::F57B7916-62C9-401B-A767-1C42EABAE2FB:,Le Croisic,Rennes Via Sablé,1,Sous-desservi
France,FR:Line::F57B7916-62C9-401B-A767-1C42EABAE2FB:,Le Croisic,Rennes Via Sablé,2,Sous-desservi
France,FR:Line::F57B7916-62C9-401B-A767-1C42EABAE2FB:,Le Croisic,Rennes Via Sablé,1,Sous-desservi
France,FR:Line::F57B7916-62C9-401B-A767-1C42EABAE2FB:,Le Croisic,Rennes Via Sablé,4,Sous-desservi
France,FR:Line::F57B7916-62C9-401B-A767-1C42EABAE2FB:,Le Croisic,Rennes Via Sablé,9,Desserte Normale
France,FR:Line::F59B9C62-1417-47C0-983A-18064F9C7F28:,Lille Flandres,(Tournai),13,Desserte Normale
France,FR:Line::F59B9C62-1417-47C0-983A-18064F9C7F28:,Lille Flandres,(Tournai),34,Desserte Normale
France,FR:Line::F59B9C62-1417-47C0-983A-18064F9C7F28:,Lille Flandres,(Tournai),1,Sous-desservi
France,FR:Line::F59B9C62-1417-47C0-983A-18064F9C7F28:,Lille Flandres,(Tournai),1,Sous-desservi
France,FR:Line::F59B9C62-1417-47C0-983A-18064F9C7F28:,Lille Flandres,(Tournai),37,Desserte Normale
France,FR:Line::F59B9C62-1417-47C0-983A-18064F9C7F28:,Lille Flandres,(Tournai),34,Desserte Normale
France,FR:Line::F5BCEFBC-8297-4542-9B8C-14358B248111:,Château-Thierry,Reims,8,Desserte Normale
France,FR:Line::F5BCEFBC-8297-4542-9B8C-14358B248111:,Château-Thierry,Reims,45,Desserte Normale
France,FR:Line::F7110AB1-B407-43CF-9614-12BAB42C22DC:,Aurillac,Brive-La-Gaillarde,6,Sous-desservi
France,FR:Line::F7110AB1-B407-43CF-9614-12BAB42C22DC:,Aurillac,Brive-La-Gaillarde,6,Sous-desservi
France,FR:Line::F7110AB1-B407-43CF-9614-12BAB42C22DC:,Aurillac,Brive-La-Gaillarde,11,Desserte Normale
France,FR:Line::F74CEFE4-4FF8-460D-BF41-14772B487A97:,Saumur,Les Sables d'Olonne,4,Sous-desservi
France,FR:Line::F7BB4338-AE0A-457B-A5D3-F1F80F115201:,Paris,Chartres,12,Desserte Normale
France,FR:Line::F7BB4338-AE0A-457B-A5D3-F1F80F115201:,Paris,Chartres,4,Sous-desservi
France,FR:Line::F7BB4338-AE0A-457B-A5D3-F1F80F115201:,Paris,Chartres,21,Desserte Normale
France,FR:Line::F7BB4338-AE0A-457B-A5D3-F1F80F115201:,Paris,Chartres,13,Desserte Normale
France,FR:Line::F7BB4338-AE0A-457B-A5D3-F1F80F115201:,Paris,Chartres,32,Desserte Normale
France,FR:Line::F7BB4338-AE0A-457B-A5D3-F1F80F115201:,Paris,Chartres,16,Desserte Normale
France,FR:Line::F7BB4338-AE0A-457B-A5D3-F1F80F115201:,Paris,Chartres,2,Sous-desservi
France,FR:Line::F7BB4338-AE0A-457B-A5D3-F1F80F115201:,Paris,Chartres,29,Desserte Normale
France,FR:Line::F7BB4338-AE0A-457B-A5D3-F1F80F115201:,Paris,Chartres,1,Sous-desservi
France,FR:Line::F7BB4338-AE0A-457B-A5D3-F1F80F115201:,Paris,Chartres,2,Sous-desservi
France,FR:Line::F7BB4338-AE0A-457B-A5D3-F1F80F115201:,Paris,Chartres,33,Desserte Normale
France,FR:Line::F7BB4338-AE0A-457B-A5D3-F1F80F115201:,Paris,Chartres,44,Desserte Normale
France,FR:Line::F7BB4338-AE0A-457B-A5D3-F1F80F115201:,Paris,Chartres,2,Sous-desservi
France,FR:Line::F7BB4338-AE0A-457B-A5D3-F1F80F115201:,Paris,Chartres,5,Sous-desservi
France,FR:Line::F7BB4338-AE0A-457B-A5D3-F1F80F115201:,Paris,Chartres,10,Desserte Normale
France,FR:Line::F81BEC34-B099-480E-BE98-D91B9C7B28D6:,Valenciennes,Cambrai,4,Sous-desservi
France,FR:Line::F81BEC34-B099-480E-BE98-D91B9C7B28D6:,Valenciennes,Cambrai,20,Desserte Normale
France,FR:Line::F81BEC34-B099-480E-BE98-D91B9C7B28D6:,Valenciennes,Cambrai,10,Desserte Normale
France,FR:Line::F81BEC34-B099-480E-BE98-D91B9C7B28D6:,Valenciennes,Cambrai,15,Desserte Normale
France,FR:Line::F91234F0-01DE-4035-A909-799A288E835E:,Wissembourg,Neustadt,1,Sous-desservi
France,FR:Line::F91234F0-01DE-4035-A909-799A288E835E:,Wissembourg,Neustadt,20,Desserte Normale
France,FR:Line::F91234F0-01DE-4035-A909-799A288E835E:,Wissembourg,Neustadt,32,Desserte Normale
France,FR:Line::F9B6D7CE-05C9-41F1-B2E7-C38E93D974F4:,Belfort,Delle,32,Desserte Normale
France,FR:Line::F9BD440B-D41F-4106-B2BA-B807F0635262:,Toulouse Matabiau,Agen,1,Sous-desservi
France,FR:Line::F9BD440B-D41F-4106-B2BA-B807F0635262:,Toulouse Matabiau,Agen,6,Sous-desservi
France,FR:Line::F9BD440B-D41F-4106-B2BA-B807F0635262:,Toulouse Matabiau,Agen,1,Sous-desservi
France,FR:Line::F9BD440B-D41F-4106-B2BA-B807F0635262:,Toulouse Matabiau,Agen,3,Sous-desservi
France,FR:Line::F9BD440B-D41F-4106-B2BA-B807F0635262:,Toulouse Matabiau,Agen,5,Sous-desservi
France,FR:Line::F9BD440B-D41F-4106-B2BA-B807F0635262:,Toulouse Matabiau,Agen,29,Desserte Normale
France,FR:Line::F9BD440B-D41F-4106-B2BA-B807F0635262:,Toulouse Matabiau,Agen,14,Desserte Normale
France,FR:Line::F9BD440B-D41F-4106-B2BA-B807F0635262:,Toulouse Matabiau,Agen,26,Desserte Normale
France,FR:Line::F9C657BA-C237-46F2-921F-357E7DC77C41:,Mende,Marvejols,4,Sous-desservi
France,FR:Line::F9C657BA-C237-46F2-921F-357E7DC77C41:,Mende,Marvejols,1,Sous-desservi
France,FR:Line::F9C657BA-C237-46F2-921F-357E7DC77C41:,Mende,Marvejols,3,Sous-desservi
France,FR:Line::FAC858B2-B613-40BA-9423-E079D6979A0C:,Lozanne,Tassin,2,Sous-desservi
France,FR:Line::FAC858B2-B613-40BA-9423-E079D6979A0C:,Lozanne,Tassin,11,Desserte Normale
France,FR:Line::FAC858B2-B613-40BA-9423-E079D6979A0C:,Lozanne,Tassin,10,Desserte Normale
France,FR:Line::FAC858B2-B613-40BA-9423-E079D6979A0C:,Lozanne,Tassin,41,Desserte Normale
France,FR:Line::FAD7386C-4ABB-426F-8352-4BDB8298A5D7:,Laval,Le Mans,1,Sous-desservi
France,FR:Line::FAD7386C-4ABB-426F-8352-4BDB8298A5D7:,Laval,Le Mans,25,Desserte Normale
France,FR:Line::FAD7386C-4ABB-426F-8352-4BDB8298A5D7:,Laval,Le Mans,25,Desserte Normale
France,FR:Line::FC26638C-4159-4D77-B2B1-81116E69954E:,Alençon,Château Du Loir,1,Sous-desservi
France,FR:Line::FC26638C-4159-4D77-B2B1-81116E69954E:,Alençon,Château Du Loir,1,Sous-desservi
France,FR:Line::FC26638C-4159-4D77-B2B1-81116E69954E:,Alençon,Château Du Loir,14,Desserte Normale
France,FR:Line::FC26638C-4159-4D77-B2B1-81116E69954E:,Alençon,Château Du Loir,8,Desserte Normale
France,FR:Line::FC26638C-4159-4D77-B2B1-81116E69954E:,Alençon,Château Du Loir,3,Sous-desservi
France,FR:Line::FD18B056-735E-4AB1-A68D-919E450004FD:,Troyes,Chaumont,6,Sous-desservi
France,FR:Line::FD29B74E-D951-45D1-87EB-E7B2BB2E7D6E:,Calais Ville,Berck,7,Desserte Normale
France,FR:Line::FD29B74E-D951-45D1-87EB-E7B2BB2E7D6E:,Calais Ville,Berck,1,Sous-desservi
France,FR:Line::FD29B74E-D951-45D1-87EB-E7B2BB2E7D6E:,Calais Ville,Berck,17,Desserte Normale
France,FR:Line::FD29B74E-D951-45D1-87EB-E7B2BB2E7D6E:,Calais Ville,Berck,32,Desserte Normale
France,FR:Line::FD570866-6148-47C0-8897-467ED42F0FAE:,Charleville,Givet,1,Sous-desservi
France,FR:Line::FD570866-6148-47C0-8897-467ED42F0FAE:,Charleville,Givet,1,Sous-desservi
France,FR:Line::FD570866-6148-47C0-8897-467ED42F0FAE:,Charleville,Givet,7,Desserte Normale
France,FR:Line::FD570866-6148-47C0-8897-467ED42F0FAE:,Charleville,Givet,14,Desserte Normale
France,FR:Line::FD570866-6148-47C0-8897-467ED42F0FAE:,Charleville,Givet,15,Desserte Normale
France,FR:Line::FD570866-6148-47C0-8897-467ED42F0FAE:,Charleville,Givet,34,Desserte Normale
France,FR:Line::FE540E4F-9FF6-4E25-BD0D-0D06A5695D40:,Orleans,Limoges,1,Sous-desservi
France,FR:Line::FE540E4F-9FF6-4E25-BD0D-0D06A5695D40:,Orleans,Limoges,9,Desserte Normale
France,FR:Line::FF19AB6A-7290-4100-83A1-CFDFB0D626F1:,Paris Nord,Laon,5,Sous-desservi
France,FR:Line::FF19AB6A-7290-4100-83A1-CFDFB0D626F1:,Paris Nord,Laon,2,Sous-desservi
France,FR:Line::FF19AB6A-7290-4100-83A1-CFDFB0D626F1:,Paris Nord,Laon,1,Sous-desservi
France,FR:Line::FF19AB6A-7290-4100-83A1-CFDFB0D626F1:,Paris Nord,Laon,24,Desserte Normale
France,FR:Line::FF19AB6A-7290-4100-83A1-CFDFB0D626F1:,Paris Nord,Laon,14,Desserte Normale
France,FR:Line::FF19AB6A-7290-4100-83A1-CFDFB0D626F1:,Paris Nord,Laon,5,Sous-desservi
France,FR:Line::FF19AB6A-7290-4100-83A1-CFDFB0D626F1:,Paris Nord,Laon,17,Desserte Normale
France,FR:Line::FF19AB6A-7290-4100-83A1-CFDFB0D626F1:,Paris Nord,Laon,5,Sous-desservi
France,FR:Line::FF19AB6A-7290-4100-83A1-CFDFB0D626F1:,Paris Nord,Laon,4,Sous-desservi
France,FR:Line::FF19AB6A-7290-4100-83A1-CFDFB0D626F1:,Paris Nord,Laon,2,Sous-desservi
France,FR:Line::FF19AB6A-7290-4100-83A1-CFDFB0D626F1:,Paris Nord,Laon,27,Desserte Normale
France,FR:Line::FF19AB6A-7290-4100-83A1-CFDFB0D626F1:,Paris Nord,Laon,1,Sous-desservi
France,FR:Line::FF19AB6A-7290-4100-83A1-CFDFB0D626F1:,Paris Nord,Laon,21,Desserte Normale
France,FR:Line::FF19AB6A-7290-4100-83A1-CFDFB0D626F1:,Paris Nord,Laon,20,Desserte Normale
France,FR:Line::FF19AB6A-7290-4100-83A1-CFDFB0D626F1:,Paris Nord,Laon,30,Desserte Normale
France,FR:Line::FF20CA46-D0ED-49F0-95B3-59FFC379C6D0:,Montluçon,Vierzon,3,Sous-desservi
France,FR:Line::FF20CA46-D0ED-49F0-95B3-59FFC379C6D0:,Montluçon,Vierzon,8,Desserte Normale
France,FR:Line::FFE3AD14-D5A0-413B-B26A-E2BC5D788DD8:,Sedan,La Ferté Sur Chiers,1,Sous-desservi
France,FR:Line::FFE3AD14-D5A0-413B-B26A-E2BC5D788DD8:,Sedan,La Ferté Sur Chiers,8,Desserte Normale
France,FR:Line::a1a8d330-b7e7-4de8-bbeb-29904a56f8ef:,Abbeville,Albert,4,Sous-desservi
France,FR:Line::a1a8d330-b7e7-4de8-bbeb-29904a56f8ef:,Abbeville,Albert,4,Sous-desservi
France,FR:Line::a1a8d330-b7e7-4de8-bbeb-29904a56f8ef:,Abbeville,Albert,1,Sous-desservi
France,FR:Line::a1a8d330-b7e7-4de8-bbeb-29904a56f8ef:,Abbeville,Albert,4,Sous-desservi
France,FR:Line::a1a8d330-b7e7-4de8-bbeb-29904a56f8ef:,Abbeville,Albert,41,Desserte Normale
France,FR:Line::a3958d1f-3958-4906-96a2-7e3acefb8e5c:,Limoges,Brive,4,Sous-desservi
France,FR:Line::a3958d1f-3958-4906-96a2-7e3acefb8e5c:,Limoges,Brive,4,Sous-desservi
France,FR:Line::a3958d1f-3958-4906-96a2-7e3acefb8e5c:,Limoges,Brive,22,Desserte Normale
France,FR:Line::a3958d1f-3958-4906-96a2-7e3acefb8e5c:,Limoges,Brive,30,Desserte Normale
France,FR:Line::a45a3dd8-6a6b-4f95-9843-142901241f3b:,Poitiers,La Rochelle,1,Sous-desservi
France,FR:Line::a45a3dd8-6a6b-4f95-9843-142901241f3b:,Poitiers,La Rochelle,1,Sous-desservi
France,FR:Line::a45a3dd8-6a6b-4f95-9843-142901241f3b:,Poitiers,La Rochelle,1,Sous-desservi
France,FR:Line::a45a3dd8-6a6b-4f95-9843-142901241f3b:,Poitiers,La Rochelle,3,Sous-desservi
France,FR:Line::a45a3dd8-6a6b-4f95-9843-142901241f3b:,Poitiers,La Rochelle,3,Sous-desservi
France,FR:Line::a48af794-a699-4b7b-b4ad-d2e81b314aee:,Montluçon / Felletin,Limoges,1,Sous-desservi
France,FR:Line::a48af794-a699-4b7b-b4ad-d2e81b314aee:,Montluçon / Felletin,Limoges,6,Sous-desservi
France,FR:Line::a48af794-a699-4b7b-b4ad-d2e81b314aee:,Montluçon / Felletin,Limoges,2,Sous-desservi
France,FR:Line::a48af794-a699-4b7b-b4ad-d2e81b314aee:,Montluçon / Felletin,Limoges,6,Sous-desservi
France,FR:Line::a48af794-a699-4b7b-b4ad-d2e81b314aee:,Montluçon / Felletin,Limoges,14,Desserte Normale
France,FR:Line::a48af794-a699-4b7b-b4ad-d2e81b314aee:,Montluçon / Felletin,Limoges,18,Desserte Normale
France,FR:Line::a52bfb2c-cb8c-4a10-8a7f-38baed6c83ca:,Paris Nord,Creil,1,Sous-desservi
France,FR:Line::a52bfb2c-cb8c-4a10-8a7f-38baed6c83ca:,Paris Nord,Creil,8,Desserte Normale
France,FR:Line::a52bfb2c-cb8c-4a10-8a7f-38baed6c83ca:,Paris Nord,Creil,20,Desserte Normale
France,FR:Line::a52bfb2c-cb8c-4a10-8a7f-38baed6c83ca:,Paris Nord,Creil,3,Sous-desservi
France,FR:Line::a52bfb2c-cb8c-4a10-8a7f-38baed6c83ca:,Paris Nord,Creil,1,Sous-desservi
France,FR:Line::a52bfb2c-cb8c-4a10-8a7f-38baed6c83ca:,Paris Nord,Creil,1,Sous-desservi
France,FR:Line::a52bfb2c-cb8c-4a10-8a7f-38baed6c83ca:,Paris Nord,Creil,1,Sous-desservi
France,FR:Line::a52bfb2c-cb8c-4a10-8a7f-38baed6c83ca:,Paris Nord,Creil,9,Desserte Normale
France,FR:Line::a52bfb2c-cb8c-4a10-8a7f-38baed6c83ca:,Paris Nord,Creil,6,Sous-desservi
France,FR:Line::a52bfb2c-cb8c-4a10-8a7f-38baed6c83ca:,Paris Nord,Creil,20,Desserte Normale
France,FR:Line::a52bfb2c-cb8c-4a10-8a7f-38baed6c83ca:,Paris Nord,Creil,1,Sous-desservi
France,FR:Line::a52bfb2c-cb8c-4a10-8a7f-38baed6c83ca:,Paris Nord,Creil,1,Sous-desservi
France,FR:Line::a52bfb2c-cb8c-4a10-8a7f-38baed6c83ca:,Paris Nord,Creil,1,Sous-desservi
France,FR:Line::a52bfb2c-cb8c-4a10-8a7f-38baed6c83ca:,Paris Nord,Creil,5,Sous-desservi
France,FR:Line::a52bfb2c-cb8c-4a10-8a7f-38baed6c83ca:,Paris Nord,Creil,4,Sous-desservi
France,FR:Line::a52bfb2c-cb8c-4a10-8a7f-38baed6c83ca:,Paris Nord,Creil,16,Desserte Normale
France,FR:Line::a52bfb2c-cb8c-4a10-8a7f-38baed6c83ca:,Paris Nord,Creil,28,Desserte Normale
France,FR:Line::a5e2106e-65d0-4abe-a726-bea36c38855b:,Rouen,Dieppe,37,Desserte Normale
France,FR:Line::a6442ac3-6f55-438e-92b9-bc368cfaff20:,St André-le-Gaz,Chambéry,2,Sous-desservi
France,FR:Line::a6442ac3-6f55-438e-92b9-bc368cfaff20:,St André-le-Gaz,Chambéry,2,Sous-desservi
France,FR:Line::a6442ac3-6f55-438e-92b9-bc368cfaff20:,St André-le-Gaz,Chambéry,1,Sous-desservi
France,FR:Line::a6442ac3-6f55-438e-92b9-bc368cfaff20:,St André-le-Gaz,Chambéry,1,Sous-desservi
France,FR:Line::a6442ac3-6f55-438e-92b9-bc368cfaff20:,St André-le-Gaz,Chambéry,8,Desserte Normale
France,FR:Line::a6442ac3-6f55-438e-92b9-bc368cfaff20:,St André-le-Gaz,Chambéry,2,Sous-desservi
France,FR:Line::a6442ac3-6f55-438e-92b9-bc368cfaff20:,St André-le-Gaz,Chambéry,14,Desserte Normale
France,FR:Line::a6442ac3-6f55-438e-92b9-bc368cfaff20:,St André-le-Gaz,Chambéry,33,Desserte Normale
France,FR:Line::a7820377-230e-419a-8573-9d4de08fc44f:,Bordeaux,Agen,1,Sous-desservi
France,FR:Line::a7820377-230e-419a-8573-9d4de08fc44f:,Bordeaux,Agen,1,Sous-desservi
France,FR:Line::a7820377-230e-419a-8573-9d4de08fc44f:,Bordeaux,Agen,3,Sous-desservi
France,FR:Line::a7820377-230e-419a-8573-9d4de08fc44f:,Bordeaux,Agen,2,Sous-desservi
France,FR:Line::a7820377-230e-419a-8573-9d4de08fc44f:,Bordeaux,Agen,1,Sous-desservi
France,FR:Line::a7820377-230e-419a-8573-9d4de08fc44f:,Bordeaux,Agen,14,Desserte Normale
France,FR:Line::a7820377-230e-419a-8573-9d4de08fc44f:,Bordeaux,Agen,26,Desserte Normale
France,FR:Line::a7820377-230e-419a-8573-9d4de08fc44f:,Bordeaux,Agen,10,Desserte Normale
France,FR:Line::a7820377-230e-419a-8573-9d4de08fc44f:,Bordeaux,Agen,8,Desserte Normale
France,FR:Line::a7820377-230e-419a-8573-9d4de08fc44f:,Bordeaux,Agen,25,Desserte Normale
France,FR:Line::aae3d4d2-051a-46ec-9044-c2b69b635c88:,Bordeaux,Hendaye,1,Sous-desservi
France,FR:Line::aae3d4d2-051a-46ec-9044-c2b69b635c88:,Bordeaux,Hendaye,2,Sous-desservi
France,FR:Line::aae3d4d2-051a-46ec-9044-c2b69b635c88:,Bordeaux,Hendaye,10,Desserte Normale
France,FR:Line::aae3d4d2-051a-46ec-9044-c2b69b635c88:,Bordeaux,Hendaye,1,Sous-desservi
France,FR:Line::aae3d4d2-051a-46ec-9044-c2b69b635c88:,Bordeaux,Hendaye,1,Sous-desservi
France,FR:Line::aae3d4d2-051a-46ec-9044-c2b69b635c88:,Bordeaux,Hendaye,2,Sous-desservi
France,FR:Line::aae3d4d2-051a-46ec-9044-c2b69b635c88:,Bordeaux,Hendaye,11,Desserte Normale
France,FR:Line::aae3d4d2-051a-46ec-9044-c2b69b635c88:,Bordeaux,Hendaye,5,Sous-desservi
France,FR:Line::aae3d4d2-051a-46ec-9044-c2b69b635c88:,Bordeaux,Hendaye,12,Desserte Normale
France,FR:Line::aae3d4d2-051a-46ec-9044-c2b69b635c88:,Bordeaux,Hendaye,7,Desserte Normale
France,FR:Line::ac845a4d-e111-4511-bad2-14c177ba4686:,Orléans,Saint-Sébastien,1,Sous-desservi
France,FR:Line::ac845a4d-e111-4511-bad2-14c177ba4686:,Orléans,Saint-Sébastien,4,Sous-desservi
France,FR:Line::ac845a4d-e111-4511-bad2-14c177ba4686:,Orléans,Saint-Sébastien,2,Sous-desservi
France,FR:Line::ac845a4d-e111-4511-bad2-14c177ba4686:,Orléans,Saint-Sébastien,29,Desserte Normale
France,FR:Line::ac845a4d-e111-4511-bad2-14c177ba4686:,Orléans,Saint-Sébastien,2,Sous-desservi
France,FR:Line::ac845a4d-e111-4511-bad2-14c177ba4686:,Orléans,Saint-Sébastien,1,Sous-desservi
France,FR:Line::ac845a4d-e111-4511-bad2-14c177ba4686:,Orléans,Saint-Sébastien,1,Sous-desservi
France,FR:Line::acd691b2-8fdf-4c1c-b8fb-aba900cbcd62:,Troyes,Reims,9,Desserte Normale
France,FR:Line::acd691b2-8fdf-4c1c-b8fb-aba900cbcd62:,Troyes,Reims,9,Desserte Normale
France,FR:Line::ae4f84e6-d167-4688-81e6-0a200e99c944:,Langogne,St Chély d'Apcher,6,Sous-desservi
France,FR:Line::af6897db-26a3-4979-beae-ad811a22d3cd:,Pau,Bedous,3,Sous-desservi
France,FR:Line::af6897db-26a3-4979-beae-ad811a22d3cd:,Pau,Bedous,3,Sous-desservi
France,FR:Line::af6897db-26a3-4979-beae-ad811a22d3cd:,Pau,Bedous,6,Sous-desservi
France,FR:Line::af6897db-26a3-4979-beae-ad811a22d3cd:,Pau,Bedous,12,Desserte Normale
France,FR:Line::af6897db-26a3-4979-beae-ad811a22d3cd:,Pau,Bedous,17,Desserte Normale
France,FR:Line::af758ed4-13bf-488a-bc6a-246ad17d499e:,METZ,EPERNAY,1,Sous-desservi
France,FR:Line::af758ed4-13bf-488a-bc6a-246ad17d499e:,METZ,EPERNAY,1,Sous-desservi
France,FR:Line::af758ed4-13bf-488a-bc6a-246ad17d499e:,METZ,EPERNAY,1,Sous-desservi
France,FR:Line::af758ed4-13bf-488a-bc6a-246ad17d499e:,METZ,EPERNAY,2,Sous-desservi
France,FR:Line::af758ed4-13bf-488a-bc6a-246ad17d499e:,METZ,EPERNAY,2,Sous-desservi
France,FR:Line::af758ed4-13bf-488a-bc6a-246ad17d499e:,METZ,EPERNAY,1,Sous-desservi
France,FR:Line::af758ed4-13bf-488a-bc6a-246ad17d499e:,METZ,EPERNAY,5,Sous-desservi
France,FR:Line::af758ed4-13bf-488a-bc6a-246ad17d499e:,METZ,EPERNAY,1,Sous-desservi
France,FR:Line::af758ed4-13bf-488a-bc6a-246ad17d499e:,METZ,EPERNAY,5,Sous-desservi
France,FR:Line::af758ed4-13bf-488a-bc6a-246ad17d499e:,METZ,EPERNAY,6,Sous-desservi
France,FR:Line::b1eda504-6395-4189-9623-6460d66f2bae:,Valence,Marseille,1,Sous-desservi
France,FR:Line::b1eda504-6395-4189-9623-6460d66f2bae:,Valence,Marseille,2,Sous-desservi
France,FR:Line::b1eda504-6395-4189-9623-6460d66f2bae:,Valence,Marseille,3,Sous-desservi
France,FR:Line::b1eda504-6395-4189-9623-6460d66f2bae:,Valence,Marseille,1,Sous-desservi
France,FR:Line::b1eda504-6395-4189-9623-6460d66f2bae:,Valence,Marseille,11,Desserte Normale
France,FR:Line::b1eda504-6395-4189-9623-6460d66f2bae:,Valence,Marseille,11,Desserte Normale
France,FR:Line::b1eda504-6395-4189-9623-6460d66f2bae:,Valence,Marseille,1,Sous-desservi
France,FR:Line::b1eda504-6395-4189-9623-6460d66f2bae:,Valence,Marseille,1,Sous-desservi
France,FR:Line::b1eda504-6395-4189-9623-6460d66f2bae:,Valence,Marseille,1,Sous-desservi
France,FR:Line::b1eda504-6395-4189-9623-6460d66f2bae:,Valence,Marseille,6,Sous-desservi
France,FR:Line::b1eda504-6395-4189-9623-6460d66f2bae:,Valence,Marseille,11,Desserte Normale
France,FR:Line::b262568e-13b4-4352-bcf6-2b290ec3644f:,Clermont,Béziers,2,Sous-desservi
France,FR:Line::b262568e-13b4-4352-bcf6-2b290ec3644f:,Clermont,Béziers,2,Sous-desservi
France,FR:Line::b262568e-13b4-4352-bcf6-2b290ec3644f:,Clermont,Béziers,2,Sous-desservi
France,FR:Line::b262568e-13b4-4352-bcf6-2b290ec3644f:,Clermont,Béziers,2,Sous-desservi
France,FR:Line::b262568e-13b4-4352-bcf6-2b290ec3644f:,Clermont,Béziers,2,Sous-desservi
France,FR:Line::b417cccb-5a8b-4131-8e6b-bb6b332441e7:,GUINGAMP,CARHAIX,12,Desserte Normale
France,FR:Line::b417cccb-5a8b-4131-8e6b-bb6b332441e7:,GUINGAMP,CARHAIX,1,Sous-desservi
France,FR:Line::b417cccb-5a8b-4131-8e6b-bb6b332441e7:,GUINGAMP,CARHAIX,12,Desserte Normale
France,FR:Line::b417cccb-5a8b-4131-8e6b-bb6b332441e7:,GUINGAMP,CARHAIX,6,Sous-desservi
France,FR:Line::b417cccb-5a8b-4131-8e6b-bb6b332441e7:,GUINGAMP,CARHAIX,10,Desserte Normale
France,FR:Line::b66ce399-d888-47de-897b-46f7f79fa5ad:,LE HAVRE,FECAMP,56,Desserte Normale
France,FR:Line::b68b0e11-1e7c-4361-8a10-95a1048d5d9a:,STRASBOURG,HAGUENAU,6,Sous-desservi
France,FR:Line::b6cbce65-0bd7-4efb-bd98-0490aa50c9fc:,Metz,Verdun,4,Sous-desservi
France,FR:Line::b6cbce65-0bd7-4efb-bd98-0490aa50c9fc:,Metz,Verdun,11,Desserte Normale
France,FR:Line::b75b6dc1-68f2-4102-9997-525f7709dc77:,Ussel,Bordeaux,1,Sous-desservi
France,FR:Line::b75b6dc1-68f2-4102-9997-525f7709dc77:,Ussel,Bordeaux,3,Sous-desservi
France,FR:Line::b75b6dc1-68f2-4102-9997-525f7709dc77:,Ussel,Bordeaux,16,Desserte Normale
France,FR:Line::b75b6dc1-68f2-4102-9997-525f7709dc77:,Ussel,Bordeaux,8,Desserte Normale
France,FR:Line::b75b6dc1-68f2-4102-9997-525f7709dc77:,Ussel,Bordeaux,22,Desserte Normale
France,FR:Line::b8b05af7-0857-4c78-982b-5adcdd0aa039:,Bordeaux,Tarbes,2,Sous-desservi
France,FR:Line::b8b05af7-0857-4c78-982b-5adcdd0aa039:,Bordeaux,Tarbes,2,Sous-desservi
France,FR:Line::b8b05af7-0857-4c78-982b-5adcdd0aa039:,Bordeaux,Tarbes,2,Sous-desservi
France,FR:Line::b8b05af7-0857-4c78-982b-5adcdd0aa039:,Bordeaux,Tarbes,2,Sous-desservi
France,FR:Line::b8b05af7-0857-4c78-982b-5adcdd0aa039:,Bordeaux,Tarbes,15,Desserte Normale
France,FR:Line::b8b05af7-0857-4c78-982b-5adcdd0aa039:,Bordeaux,Tarbes,1,Sous-desservi
France,FR:Line::b8b05af7-0857-4c78-982b-5adcdd0aa039:,Bordeaux,Tarbes,2,Sous-desservi
France,FR:Line::b8b05af7-0857-4c78-982b-5adcdd0aa039:,Bordeaux,Tarbes,19,Desserte Normale
France,FR:Line::b8b05af7-0857-4c78-982b-5adcdd0aa039:,Bordeaux,Tarbes,13,Desserte Normale
France,FR:Line::b8b05af7-0857-4c78-982b-5adcdd0aa039:,Bordeaux,Tarbes,2,Sous-desservi
France,FR:Line::b8b05af7-0857-4c78-982b-5adcdd0aa039:,Bordeaux,Tarbes,5,Sous-desservi
France,FR:Line::b8b05af7-0857-4c78-982b-5adcdd0aa039:,Bordeaux,Tarbes,11,Desserte Normale
France,FR:Line::b8b05af7-0857-4c78-982b-5adcdd0aa039:,Bordeaux,Tarbes,21,Desserte Normale
France,FR:Line::c011fb7b-898e-44f1-b0ff-d9598672d47d:,Beauvais,Creil,6,Sous-desservi
France,FR:Line::c011fb7b-898e-44f1-b0ff-d9598672d47d:,Beauvais,Creil,18,Desserte Normale
France,FR:Line::c011fb7b-898e-44f1-b0ff-d9598672d47d:,Beauvais,Creil,32,Desserte Normale
France,FR:Line::c101999b-d6cf-4022-94ac-fa86eb79643c:,Ancenis,Savenay,4,Sous-desservi
France,FR:Line::c1be0e08-29ef-4c9a-9362-ffc94292f082:,Nantes,Châteaubriant,2,Sous-desservi
France,FR:Line::c1be0e08-29ef-4c9a-9362-ffc94292f082:,Nantes,Châteaubriant,41,Desserte Normale
France,FR:Line::c1be0e08-29ef-4c9a-9362-ffc94292f082:,Nantes,Châteaubriant,52,Desserte Normale
France,FR:Line::c21468e7-fa90-4c2a-81bc-7f07f634ab4c:,Caen,Tours,1,Sous-desservi
France,FR:Line::c21468e7-fa90-4c2a-81bc-7f07f634ab4c:,Caen,Tours,6,Sous-desservi
France,FR:Line::c21468e7-fa90-4c2a-81bc-7f07f634ab4c:,Caen,Tours,4,Sous-desservi
France,FR:Line::c3f96b2e-6783-498a-9e87-3364aecbd9b5:,Niort,Royan,1,Sous-desservi
France,FR:Line::c3f96b2e-6783-498a-9e87-3364aecbd9b5:,Niort,Royan,2,Sous-desservi
France,FR:Line::c3f96b2e-6783-498a-9e87-3364aecbd9b5:,Niort,Royan,3,Sous-desservi
France,FR:Line::c46956eb-b898-40c5-8eb4-4ae86d24154b:,Angoulême,Limoges,4,Sous-desservi
France,FR:Line::c46956eb-b898-40c5-8eb4-4ae86d24154b:,Angoulême,Limoges,7,Desserte Normale
France,FR:Line::c46956eb-b898-40c5-8eb4-4ae86d24154b:,Angoulême,Limoges,14,Desserte Normale
France,FR:Line::c4b48fab-829a-49a8-bdd6-4362865c8b1f:,Cars CAEN,RENNES,8,Desserte Normale
France,FR:Line::c89f00c3-5bb6-4806-b9a0-44724544e64b:,Saint-Mariens,Bordeaux,1,Sous-desservi
France,FR:Line::c89f00c3-5bb6-4806-b9a0-44724544e64b:,Saint-Mariens,Bordeaux,1,Sous-desservi
France,FR:Line::c89f00c3-5bb6-4806-b9a0-44724544e64b:,Saint-Mariens,Bordeaux,1,Sous-desservi
France,FR:Line::c89f00c3-5bb6-4806-b9a0-44724544e64b:,Saint-Mariens,Bordeaux,30,Desserte Normale
France,FR:Line::c9a1bd25-d84e-4bab-aa97-0c648522e2da:,Limoges,Brive,1,Sous-desservi
France,FR:Line::c9a1bd25-d84e-4bab-aa97-0c648522e2da:,Limoges,Brive,1,Sous-desservi
France,FR:Line::c9a1bd25-d84e-4bab-aa97-0c648522e2da:,Limoges,Brive,2,Sous-desservi
France,FR:Line::ca982433-fd5f-4d50-bb21-3f54731f486a:,Bayonne,Tarbes,1,Sous-desservi
France,FR:Line::ca982433-fd5f-4d50-bb21-3f54731f486a:,Bayonne,Tarbes,3,Sous-desservi
France,FR:Line::ca982433-fd5f-4d50-bb21-3f54731f486a:,Bayonne,Tarbes,4,Sous-desservi
France,FR:Line::ca982433-fd5f-4d50-bb21-3f54731f486a:,Bayonne,Tarbes,2,Sous-desservi
France,FR:Line::ca982433-fd5f-4d50-bb21-3f54731f486a:,Bayonne,Tarbes,1,Sous-desservi
France,FR:Line::ca982433-fd5f-4d50-bb21-3f54731f486a:,Bayonne,Tarbes,2,Sous-desservi
France,FR:Line::ca982433-fd5f-4d50-bb21-3f54731f486a:,Bayonne,Tarbes,5,Sous-desservi
France,FR:Line::ca982433-fd5f-4d50-bb21-3f54731f486a:,Bayonne,Tarbes,7,Desserte Normale
France,FR:Line::ca982433-fd5f-4d50-bb21-3f54731f486a:,Bayonne,Tarbes,13,Desserte Normale
France,FR:Line::caef5104-9fa8-453f-92ae-6d9b4c3b5df4:,Lyon Perrache,Bourg-en-Bresse,1,Sous-desservi
France,FR:Line::caef5104-9fa8-453f-92ae-6d9b4c3b5df4:,Lyon Perrache,Bourg-en-Bresse,1,Sous-desservi
France,FR:Line::caef5104-9fa8-453f-92ae-6d9b4c3b5df4:,Lyon Perrache,Bourg-en-Bresse,1,Sous-desservi
France,FR:Line::caef5104-9fa8-453f-92ae-6d9b4c3b5df4:,Lyon Perrache,Bourg-en-Bresse,1,Sous-desservi
France,FR:Line::cda18b97-7e67-417e-907d-f29191a41042:,Tours,Saumur,1,Sous-desservi
France,FR:Line::cda18b97-7e67-417e-907d-f29191a41042:,Tours,Saumur,1,Sous-desservi
France,FR:Line::cda18b97-7e67-417e-907d-f29191a41042:,Tours,Saumur,11,Desserte Normale
France,FR:Line::cfa40ffd-5af4-49b0-99a9-99857ba5f7ff:,Paris,Clermont,6,Sous-desservi
France,FR:Line::cfa40ffd-5af4-49b0-99a9-99857ba5f7ff:,Paris,Clermont,3,Sous-desservi
France,FR:Line::cfa40ffd-5af4-49b0-99a9-99857ba5f7ff:,Paris,Clermont,14,Desserte Normale
France,FR:Line::cfa40ffd-5af4-49b0-99a9-99857ba5f7ff:,Paris,Clermont,19,Desserte Normale
France,FR:Line::cfa40ffd-5af4-49b0-99a9-99857ba5f7ff:,Paris,Clermont,9,Desserte Normale
France,FR:Line::cfa40ffd-5af4-49b0-99a9-99857ba5f7ff:,Paris,Clermont,4,Sous-desservi
France,FR:Line::cfa40ffd-5af4-49b0-99a9-99857ba5f7ff:,Paris,Clermont,30,Desserte Normale
France,FR:Line::cfa40ffd-5af4-49b0-99a9-99857ba5f7ff:,Paris,Clermont,2,Sous-desservi
France,FR:Line::cfa40ffd-5af4-49b0-99a9-99857ba5f7ff:,Paris,Clermont,10,Desserte Normale
France,FR:Line::cfa40ffd-5af4-49b0-99a9-99857ba5f7ff:,Paris,Clermont,3,Sous-desservi
France,FR:Line::cfa40ffd-5af4-49b0-99a9-99857ba5f7ff:,Paris,Clermont,30,Desserte Normale
France,FR:Line::cfa40ffd-5af4-49b0-99a9-99857ba5f7ff:,Paris,Clermont,10,Desserte Normale
France,FR:Line::cfa40ffd-5af4-49b0-99a9-99857ba5f7ff:,Paris,Clermont,39,Desserte Normale
France,FR:Line::cfa40ffd-5af4-49b0-99a9-99857ba5f7ff:,Paris,Clermont,29,Desserte Normale
France,FR:Line::cfa40ffd-5af4-49b0-99a9-99857ba5f7ff:,Paris,Clermont,22,Desserte Normale
France,FR:Line::cfa40ffd-5af4-49b0-99a9-99857ba5f7ff:,Paris,Clermont,6,Sous-desservi
France,FR:Line::cfa40ffd-5af4-49b0-99a9-99857ba5f7ff:,Paris,Clermont,37,Desserte Normale
France,FR:Line::cfa40ffd-5af4-49b0-99a9-99857ba5f7ff:,Paris,Clermont,10,Desserte Normale
France,FR:Line::cfa40ffd-5af4-49b0-99a9-99857ba5f7ff:,Paris,Clermont,13,Desserte Normale
France,FR:Line::cfa40ffd-5af4-49b0-99a9-99857ba5f7ff:,Paris,Clermont,30,Desserte Normale
France,FR:Line::cfa40ffd-5af4-49b0-99a9-99857ba5f7ff:,Paris,Clermont,1,Sous-desservi
France,FR:Line::cfa40ffd-5af4-49b0-99a9-99857ba5f7ff:,Paris,Clermont,5,Sous-desservi
France,FR:Line::cfa40ffd-5af4-49b0-99a9-99857ba5f7ff:,Paris,Clermont,10,Desserte Normale
France,FR:Line::cfa40ffd-5af4-49b0-99a9-99857ba5f7ff:,Paris,Clermont,18,Desserte Normale
France,FR:Line::cfa40ffd-5af4-49b0-99a9-99857ba5f7ff:,Paris,Clermont,10,Desserte Normale
France,FR:Line::cfa40ffd-5af4-49b0-99a9-99857ba5f7ff:,Paris,Clermont,21,Desserte Normale
France,FR:Line::d03091e3-31dd-4499-a71c-c61ef5399cc6:,CAEN,LISIEUX (périurbain),29,Desserte Normale
France,FR:Line::d0cae41c-a6c4-4707-89d4-80e72d814b36:,NANCY,REMIREMONT,4,Sous-desservi
France,FR:Line::d0cae41c-a6c4-4707-89d4-80e72d814b36:,NANCY,REMIREMONT,61,Bien desservi
France,FR:Line::d0cae41c-a6c4-4707-89d4-80e72d814b36:,NANCY,REMIREMONT,1,Sous-desservi
France,FR:Line::d0cae41c-a6c4-4707-89d4-80e72d814b36:,NANCY,REMIREMONT,1,Sous-desservi
France,FR:Line::d0cae41c-a6c4-4707-89d4-80e72d814b36:,NANCY,REMIREMONT,1,Sous-desservi
France,FR:Line::d0cae41c-a6c4-4707-89d4-80e72d814b36:,NANCY,REMIREMONT,14,Desserte Normale
France,FR:Line::d0cae41c-a6c4-4707-89d4-80e72d814b36:,NANCY,REMIREMONT,1,Sous-desservi
France,FR:Line::d0cae41c-a6c4-4707-89d4-80e72d814b36:,NANCY,REMIREMONT,2,Sous-desservi
France,FR:Line::d0cae41c-a6c4-4707-89d4-80e72d814b36:,NANCY,REMIREMONT,3,Sous-desservi
France,FR:Line::d0cae41c-a6c4-4707-89d4-80e72d814b36:,NANCY,REMIREMONT,27,Desserte Normale
France,FR:Line::d0cae41c-a6c4-4707-89d4-80e72d814b36:,NANCY,REMIREMONT,38,Desserte Normale
France,FR:Line::d1189a05-48e1-477d-9b3c-f8ac8cb0397b:,Paris,Bruxelles,1,Sous-desservi
France,FR:Line::d1189a05-48e1-477d-9b3c-f8ac8cb0397b:,Paris,Bruxelles,2,Sous-desservi
France,FR:Line::d1189a05-48e1-477d-9b3c-f8ac8cb0397b:,Paris,Bruxelles,12,Desserte Normale
France,FR:Line::d1189a05-48e1-477d-9b3c-f8ac8cb0397b:,Paris,Bruxelles,7,Desserte Normale
France,FR:Line::d1189a05-48e1-477d-9b3c-f8ac8cb0397b:,Paris,Bruxelles,8,Desserte Normale
France,FR:Line::d1189a05-48e1-477d-9b3c-f8ac8cb0397b:,Paris,Bruxelles,2,Sous-desservi
France,FR:Line::d1189a05-48e1-477d-9b3c-f8ac8cb0397b:,Paris,Bruxelles,4,Sous-desservi
France,FR:Line::d1189a05-48e1-477d-9b3c-f8ac8cb0397b:,Paris,Bruxelles,3,Sous-desservi
France,FR:Line::d1189a05-48e1-477d-9b3c-f8ac8cb0397b:,Paris,Bruxelles,2,Sous-desservi
France,FR:Line::d1189a05-48e1-477d-9b3c-f8ac8cb0397b:,Paris,Bruxelles,11,Desserte Normale
France,FR:Line::d1189a05-48e1-477d-9b3c-f8ac8cb0397b:,Paris,Bruxelles,3,Sous-desservi
France,FR:Line::d1189a05-48e1-477d-9b3c-f8ac8cb0397b:,Paris,Bruxelles,1,Sous-desservi
France,FR:Line::d1189a05-48e1-477d-9b3c-f8ac8cb0397b:,Paris,Bruxelles,1,Sous-desservi
France,FR:Line::d1189a05-48e1-477d-9b3c-f8ac8cb0397b:,Paris,Bruxelles,1,Sous-desservi
France,FR:Line::d1189a05-48e1-477d-9b3c-f8ac8cb0397b:,Paris,Bruxelles,2,Sous-desservi
France,FR:Line::d1189a05-48e1-477d-9b3c-f8ac8cb0397b:,Paris,Bruxelles,9,Desserte Normale
France,FR:Line::d1189a05-48e1-477d-9b3c-f8ac8cb0397b:,Paris,Bruxelles,2,Sous-desservi
France,FR:Line::d1189a05-48e1-477d-9b3c-f8ac8cb0397b:,Paris,Bruxelles,3,Sous-desservi
France,FR:Line::d1189a05-48e1-477d-9b3c-f8ac8cb0397b:,Paris,Bruxelles,7,Desserte Normale
France,FR:Line::d1bc94ff-90a2-45c6-9617-258fb5f8f54a:,Mâcon,Valence,9,Desserte Normale
France,FR:Line::d1bc94ff-90a2-45c6-9617-258fb5f8f54a:,Mâcon,Valence,4,Sous-desservi
France,FR:Line::d1bc94ff-90a2-45c6-9617-258fb5f8f54a:,Mâcon,Valence,1,Sous-desservi
France,FR:Line::d1bc94ff-90a2-45c6-9617-258fb5f8f54a:,Mâcon,Valence,4,Sous-desservi
France,FR:Line::d1bc94ff-90a2-45c6-9617-258fb5f8f54a:,Mâcon,Valence,1,Sous-desservi
France,FR:Line::d1bc94ff-90a2-45c6-9617-258fb5f8f54a:,Mâcon,Valence,5,Sous-desservi
France,FR:Line::d1bc94ff-90a2-45c6-9617-258fb5f8f54a:,Mâcon,Valence,7,Desserte Normale
France,FR:Line::d1bc94ff-90a2-45c6-9617-258fb5f8f54a:,Mâcon,Valence,19,Desserte Normale
France,FR:Line::d283aaa9-f32b-4b43-99a9-48ecc10044ba:,Niort,Royan,1,Sous-desservi
France,FR:Line::d283aaa9-f32b-4b43-99a9-48ecc10044ba:,Niort,Royan,1,Sous-desservi
France,FR:Line::d283aaa9-f32b-4b43-99a9-48ecc10044ba:,Niort,Royan,2,Sous-desservi
France,FR:Line::d283aaa9-f32b-4b43-99a9-48ecc10044ba:,Niort,Royan,5,Sous-desservi
France,FR:Line::d283aaa9-f32b-4b43-99a9-48ecc10044ba:,Niort,Royan,11,Desserte Normale
France,FR:Line::d2dccdf7-2e92-4b61-9a07-598259072d02:,Amiens,Creil,9,Desserte Normale
France,FR:Line::d2dccdf7-2e92-4b61-9a07-598259072d02:,Amiens,Creil,7,Desserte Normale
France,FR:Line::d2dccdf7-2e92-4b61-9a07-598259072d02:,Amiens,Creil,3,Sous-desservi
France,FR:Line::d2dccdf7-2e92-4b61-9a07-598259072d02:,Amiens,Creil,13,Desserte Normale
France,FR:Line::d48b61ba-0334-4424-8a6e-a7add79dd1dd:,Ussel,Brive,2,Sous-desservi
France,FR:Line::d48b61ba-0334-4424-8a6e-a7add79dd1dd:,Ussel,Brive,3,Sous-desservi
France,FR:Line::d48b61ba-0334-4424-8a6e-a7add79dd1dd:,Ussel,Brive,5,Sous-desservi
France,FR:Line::d48b61ba-0334-4424-8a6e-a7add79dd1dd:,Ussel,Brive,24,Desserte Normale
France,FR:Line::d48b61ba-0334-4424-8a6e-a7add79dd1dd:,Ussel,Brive,1,Sous-desservi
France,FR:Line::d48b61ba-0334-4424-8a6e-a7add79dd1dd:,Ussel,Brive,12,Desserte Normale
France,FR:Line::d48b61ba-0334-4424-8a6e-a7add79dd1dd:,Ussel,Brive,24,Desserte Normale
France,FR:Line::d5a40b80-59f3-44f8-adc2-93ee0e4d7b3a:,Diemeringen,Sarralbe,5,Sous-desservi
France,FR:Line::d5a40b80-59f3-44f8-adc2-93ee0e4d7b3a:,Diemeringen,Sarralbe,1,Sous-desservi
France,FR:Line::d5a40b80-59f3-44f8-adc2-93ee0e4d7b3a:,Diemeringen,Sarralbe,17,Desserte Normale
France,FR:Line::d7683bd3-261a-4019-a53d-9f0f7dc6f381:,SARREGUEMINES,BICHE,15,Desserte Normale
France,FR:Line::d7683bd3-261a-4019-a53d-9f0f7dc6f381:,SARREGUEMINES,BICHE,17,Desserte Normale
France,FR:Line::d7cd81b0-48e7-4fea-aa91-1fe47cf27535:,La Rochelle,Bordeaux,4,Sous-desservi
France,FR:Line::d7cd81b0-48e7-4fea-aa91-1fe47cf27535:,La Rochelle,Bordeaux,3,Sous-desservi
France,FR:Line::d7cd81b0-48e7-4fea-aa91-1fe47cf27535:,La Rochelle,Bordeaux,1,Sous-desservi
France,FR:Line::d7cd81b0-48e7-4fea-aa91-1fe47cf27535:,La Rochelle,Bordeaux,8,Desserte Normale
France,FR:Line::d7cd81b0-48e7-4fea-aa91-1fe47cf27535:,La Rochelle,Bordeaux,10,Desserte Normale
France,FR:Line::daa8bf5f-7be6-4fbc-ad6a-0d2c30d39013:,Le Verdon,Bordeaux / Pessac,28,Desserte Normale
France,FR:Line::dac9d85e-6b33-4d12-ac55-f9c9a330c1a0:,Royan,Angoulême,3,Sous-desservi
France,FR:Line::dac9d85e-6b33-4d12-ac55-f9c9a330c1a0:,Royan,Angoulême,13,Desserte Normale
France,FR:Line::dac9d85e-6b33-4d12-ac55-f9c9a330c1a0:,Royan,Angoulême,23,Desserte Normale
France,FR:Line::dac9d85e-6b33-4d12-ac55-f9c9a330c1a0:,Royan,Angoulême,2,Sous-desservi
France,FR:Line::dac9d85e-6b33-4d12-ac55-f9c9a330c1a0:,Royan,Angoulême,5,Sous-desservi
France,FR:Line::dac9d85e-6b33-4d12-ac55-f9c9a330c1a0:,Royan,Angoulême,6,Sous-desservi
France,FR:Line::dac9d85e-6b33-4d12-ac55-f9c9a330c1a0:,Royan,Angoulême,1,Sous-desservi
France,FR:Line::dac9d85e-6b33-4d12-ac55-f9c9a330c1a0:,Royan,Angoulême,27,Desserte Normale
France,FR:Line::dac9d85e-6b33-4d12-ac55-f9c9a330c1a0:,Royan,Angoulême,1,Sous-desservi
France,FR:Line::dac9d85e-6b33-4d12-ac55-f9c9a330c1a0:,Royan,Angoulême,14,Desserte Normale
France,FR:Line::dac9d85e-6b33-4d12-ac55-f9c9a330c1a0:,Royan,Angoulême,31,Desserte Normale
France,FR:Line::dd0b5971-c65c-446c-990f-7629cf07aaa0:,21,Limoges- La Souterraine,1,Sous-desservi
France,FR:Line::dd0b5971-c65c-446c-990f-7629cf07aaa0:,21,Limoges- La Souterraine,1,Sous-desservi
France,FR:Line::dd0b5971-c65c-446c-990f-7629cf07aaa0:,21,Limoges- La Souterraine,2,Sous-desservi
France,FR:Line::dd0b5971-c65c-446c-990f-7629cf07aaa0:,21,Limoges- La Souterraine,1,Sous-desservi
France,FR:Line::dd0b5971-c65c-446c-990f-7629cf07aaa0:,21,Limoges- La Souterraine,1,Sous-desservi
France,FR:Line::dd0b5971-c65c-446c-990f-7629cf07aaa0:,21,Limoges- La Souterraine,1,Sous-desservi
France,FR:Line::dd0b5971-c65c-446c-990f-7629cf07aaa0:,21,Limoges- La Souterraine,3,Sous-desservi
France,FR:Line::dd0b5971-c65c-446c-990f-7629cf07aaa0:,21,Limoges- La Souterraine,2,Sous-desservi
France,FR:Line::dd0b5971-c65c-446c-990f-7629cf07aaa0:,21,Limoges- La Souterraine,7,Desserte Normale
France,FR:Line::de0cc979-c473-4b44-afa3-48079e6337c5:,Bordeaux,Sarlat,3,Sous-desservi
France,FR:Line::de0cc979-c473-4b44-afa3-48079e6337c5:,Bordeaux,Sarlat,3,Sous-desservi
France,FR:Line::de0cc979-c473-4b44-afa3-48079e6337c5:,Bordeaux,Sarlat,3,Sous-desservi
France,FR:Line::de0cc979-c473-4b44-afa3-48079e6337c5:,Bordeaux,Sarlat,5,Sous-desservi
France,FR:Line::de0cc979-c473-4b44-afa3-48079e6337c5:,Bordeaux,Sarlat,15,Desserte Normale
France,FR:Line::de0cc979-c473-4b44-afa3-48079e6337c5:,Bordeaux,Sarlat,6,Sous-desservi
France,FR:Line::de0cc979-c473-4b44-afa3-48079e6337c5:,Bordeaux,Sarlat,6,Sous-desservi
France,FR:Line::de0cc979-c473-4b44-afa3-48079e6337c5:,Bordeaux,Sarlat,10,Desserte Normale
France,FR:Line::de778414-6e3d-4bc7-9d9a-6bac6aed673f:,YVETOT,ELBEUF,17,Desserte Normale
France,FR:Line::de778414-6e3d-4bc7-9d9a-6bac6aed673f:,YVETOT,ELBEUF,1,Sous-desservi
France,FR:Line::de778414-6e3d-4bc7-9d9a-6bac6aed673f:,YVETOT,ELBEUF,51,Desserte Normale
France,FR:Line::e0a06da9-7515-46e3-a790-975f9883185c:,Bordeaux,Agen,2,Sous-desservi
France,FR:Line::e0a06da9-7515-46e3-a790-975f9883185c:,Bordeaux,Agen,1,Sous-desservi
France,FR:Line::e0a06da9-7515-46e3-a790-975f9883185c:,Bordeaux,Agen,4,Sous-desservi
France,FR:Line::e0a06da9-7515-46e3-a790-975f9883185c:,Bordeaux,Agen,1,Sous-desservi
France,FR:Line::e0a06da9-7515-46e3-a790-975f9883185c:,Bordeaux,Agen,10,Desserte Normale
France,FR:Line::e0a06da9-7515-46e3-a790-975f9883185c:,Bordeaux,Agen,13,Desserte Normale
France,FR:Line::e0a06da9-7515-46e3-a790-975f9883185c:,Bordeaux,Agen,5,Sous-desservi
France,FR:Line::e0a06da9-7515-46e3-a790-975f9883185c:,Bordeaux,Agen,23,Desserte Normale
France,FR:Line::e0a06da9-7515-46e3-a790-975f9883185c:,Bordeaux,Agen,35,Desserte Normale
France,FR:Line::e2062de0-0109-435e-afdd-90f43699c2ff:,Commentry,St Amand,2,Sous-desservi
France,FR:Line::e2062de0-0109-435e-afdd-90f43699c2ff:,Commentry,St Amand,1,Sous-desservi
France,FR:Line::e2062de0-0109-435e-afdd-90f43699c2ff:,Commentry,St Amand,22,Desserte Normale
France,FR:Line::e27d87a9-efd7-4218-bf71-50601354df88:,La Rochelle,Bordeaux,2,Sous-desservi
France,FR:Line::e27d87a9-efd7-4218-bf71-50601354df88:,La Rochelle,Bordeaux,2,Sous-desservi
France,FR:Line::e27d87a9-efd7-4218-bf71-50601354df88:,La Rochelle,Bordeaux,6,Sous-desservi
France,FR:Line::e27d87a9-efd7-4218-bf71-50601354df88:,La Rochelle,Bordeaux,10,Desserte Normale
France,FR:Line::e3a8a728-7448-4d91-ab56-5d415d6969f2:,Bordeaux,Agen,1,Sous-desservi
France,FR:Line::e3a8a728-7448-4d91-ab56-5d415d6969f2:,Bordeaux,Agen,2,Sous-desservi
France,FR:Line::e3a8a728-7448-4d91-ab56-5d415d6969f2:,Bordeaux,Agen,7,Desserte Normale
France,FR:Line::e637797b-9508-471b-99eb-387797b5353e:,Tours,Alençon,8,Desserte Normale
France,FR:Line::e903aa93-d023-451c-af27-bac68d4381d0:,Paris,Rodez / Albi,2,Sous-desservi
France,FR:Line::e903aa93-d023-451c-af27-bac68d4381d0:,Paris,Rodez / Albi,2,Sous-desservi
France,FR:Line::e903aa93-d023-451c-af27-bac68d4381d0:,Paris,Rodez / Albi,3,Sous-desservi
France,FR:Line::e903aa93-d023-451c-af27-bac68d4381d0:,Paris,Rodez / Albi,1,Sous-desservi
France,FR:Line::e903aa93-d023-451c-af27-bac68d4381d0:,Paris,Rodez / Albi,1,Sous-desservi
France,FR:Line::e903aa93-d023-451c-af27-bac68d4381d0:,Paris,Rodez / Albi,1,Sous-desservi
France,FR:Line::e903aa93-d023-451c-af27-bac68d4381d0:,Paris,Rodez / Albi,3,Sous-desservi
France,FR:Line::eb8ea672-79df-4361-9392-20c58b39818a:,Troyes,Reims,17,Desserte Normale
France,FR:Line::eb8ea672-79df-4361-9392-20c58b39818a:,Troyes,Reims,18,Desserte Normale
France,FR:Line::ec7d6d78-7792-4822-be8b-5e0bab24ba62:,Poitiers,La Rochelle,4,Sous-desservi
France,FR:Line::ec7d6d78-7792-4822-be8b-5e0bab24ba62:,Poitiers,La Rochelle,1,Sous-desservi
France,FR:Line::ec7d6d78-7792-4822-be8b-5e0bab24ba62:,Poitiers,La Rochelle,1,Sous-desservi
France,FR:Line::ec7d6d78-7792-4822-be8b-5e0bab24ba62:,Poitiers,La Rochelle,1,Sous-desservi
France,FR:Line::ec7d6d78-7792-4822-be8b-5e0bab24ba62:,Poitiers,La Rochelle,3,Sous-desservi
France,FR:Line::ec7d6d78-7792-4822-be8b-5e0bab24ba62:,Poitiers,La Rochelle,11,Desserte Normale
France,FR:Line::ec7d6d78-7792-4822-be8b-5e0bab24ba62:,Poitiers,La Rochelle,22,Desserte Normale
France,FR:Line::ec925e4f-137a-4761-914a-13d24e9ace87:,Limoges,Bordeaux,1,Sous-desservi
France,FR:Line::ec925e4f-137a-4761-914a-13d24e9ace87:,Limoges,Bordeaux,3,Sous-desservi
France,FR:Line::ec925e4f-137a-4761-914a-13d24e9ace87:,Limoges,Bordeaux,9,Desserte Normale
France,FR:Line::ec925e4f-137a-4761-914a-13d24e9ace87:,Limoges,Bordeaux,7,Desserte Normale
France,FR:Line::ec925e4f-137a-4761-914a-13d24e9ace87:,Limoges,Bordeaux,1,Sous-desservi
France,FR:Line::ec925e4f-137a-4761-914a-13d24e9ace87:,Limoges,Bordeaux,1,Sous-desservi
France,FR:Line::ec925e4f-137a-4761-914a-13d24e9ace87:,Limoges,Bordeaux,1,Sous-desservi
France,FR:Line::ec925e4f-137a-4761-914a-13d24e9ace87:,Limoges,Bordeaux,9,Desserte Normale
France,FR:Line::ec925e4f-137a-4761-914a-13d24e9ace87:,Limoges,Bordeaux,5,Sous-desservi
France,FR:Line::ec925e4f-137a-4761-914a-13d24e9ace87:,Limoges,Bordeaux,5,Sous-desservi
France,FR:Line::ec925e4f-137a-4761-914a-13d24e9ace87:,Limoges,Bordeaux,7,Desserte Normale
France,FR:Line::eccf8f32-aa71-4613-bbd7-26804f60d0cc:,Valence TGV,Valence ville- Privas- Aubenas,45,Desserte Normale
France,FR:Line::eccf8f32-aa71-4613-bbd7-26804f60d0cc:,Valence TGV,Valence ville- Privas- Aubenas,51,Desserte Normale
France,FR:Line::eed1f4f9-faf0-4ff5-a0a9-54e6e17ca1b4:,Paris,Perpignan,2,Sous-desservi
France,FR:Line::eed1f4f9-faf0-4ff5-a0a9-54e6e17ca1b4:,Paris,Perpignan,1,Sous-desservi
France,FR:Line::eed1f4f9-faf0-4ff5-a0a9-54e6e17ca1b4:,Paris,Perpignan,2,Sous-desservi
France,FR:Line::efa0a8a6-e1fa-4b39-9185-0d792ab1196c:,NANCY,VERDUN,1,Sous-desservi
France,FR:Line::efa0a8a6-e1fa-4b39-9185-0d792ab1196c:,NANCY,VERDUN,2,Sous-desservi
France,FR:Line::efa0a8a6-e1fa-4b39-9185-0d792ab1196c:,NANCY,VERDUN,1,Sous-desservi
France,FR:Line::efa0a8a6-e1fa-4b39-9185-0d792ab1196c:,NANCY,VERDUN,1,Sous-desservi
France,FR:Line::f00e26b7-6485-49be-b167-547cf1c64ded:,Metz,Verdun,1,Sous-desservi
France,FR:Line::f00e26b7-6485-49be-b167-547cf1c64ded:,Metz,Verdun,5,Sous-desservi
France,FR:Line::f00e26b7-6485-49be-b167-547cf1c64ded:,Metz,Verdun,1,Sous-desservi
France,FR:Line::f00e26b7-6485-49be-b167-547cf1c64ded:,Metz,Verdun,1,Sous-desservi
France,FR:Line::f00e26b7-6485-49be-b167-547cf1c64ded:,Metz,Verdun,1,Sous-desservi
France,FR:Line::f00e26b7-6485-49be-b167-547cf1c64ded:,Metz,Verdun,7,Desserte Normale
France,FR:Line::f476471e-bbd4-4974-bf95-8c7cb9ca3e4a:,Lunéville,Reims,2,Sous-desservi
France,FR:Line::f476471e-bbd4-4974-bf95-8c7cb9ca3e4a:,Lunéville,Reims,2,Sous-desservi
France,FR:Line::f476471e-bbd4-4974-bf95-8c7cb9ca3e4a:,Lunéville,Reims,9,Desserte Normale
France,FR:Line::f476471e-bbd4-4974-bf95-8c7cb9ca3e4a:,Lunéville,Reims,32,Desserte Normale
France,FR:Line::f476471e-bbd4-4974-bf95-8c7cb9ca3e4a:,Lunéville,Reims,14,Desserte Normale
France,FR:Line::f476471e-bbd4-4974-bf95-8c7cb9ca3e4a:,Lunéville,Reims,1,Sous-desservi
France,FR:Line::f476471e-bbd4-4974-bf95-8c7cb9ca3e4a:,Lunéville,Reims,16,Desserte Normale
France,FR:Line::f476471e-bbd4-4974-bf95-8c7cb9ca3e4a:,Lunéville,Reims,11,Desserte Normale
France,FR:Line::f476471e-bbd4-4974-bf95-8c7cb9ca3e4a:,Lunéville,Reims,4,Sous-desservi
France,FR:Line::f476471e-bbd4-4974-bf95-8c7cb9ca3e4a:,Lunéville,Reims,4,Sous-desservi
France,FR:Line::f476471e-bbd4-4974-bf95-8c7cb9ca3e4a:,Lunéville,Reims,2,Sous-desservi
France,FR:Line::f476471e-bbd4-4974-bf95-8c7cb9ca3e4a:,Lunéville,Reims,18,Desserte Normale
France,FR:Line::f476471e-bbd4-4974-bf95-8c7cb9ca3e4a:,Lunéville,Reims,11,Desserte Normale
France,FR:Line::f476471e-bbd4-4974-bf95-8c7cb9ca3e4a:,Lunéville,Reims,16,Desserte Normale
France,FR:Line::f476471e-bbd4-4974-bf95-8c7cb9ca3e4a:,Lunéville,Reims,30,Desserte Normale
France,FR:Line::f8d44b31-cc60-468f-b077-b682835c2cbe:,Poitiers,Angoulême,7,Desserte Normale
France,FR:Line::f8d44b31-cc60-468f-b077-b682835c2cbe:,Poitiers,Angoulême,11,Desserte Normale
France,FR:Line::f8d44b31-cc60-468f-b077-b682835c2cbe:,Poitiers,Angoulême,6,Sous-desservi
France,FR:Line::f8d44b31-cc60-468f-b077-b682835c2cbe:,Poitiers,Angoulême,1,Sous-desservi
France,FR:Line::f8d44b31-cc60-468f-b077-b682835c2cbe:,Poitiers,Angoulême,6,Sous-desservi
France,FR:Line::f8d44b31-cc60-468f-b077-b682835c2cbe:,Poitiers,Angoulême,6,Sous-desservi
France,FR:Line::f951fe07-91e4-4c8a-a112-0022ba3725c1:,Lens,St-Pol-sur Ternoise,3,Sous-desservi
France,FR:Line::f951fe07-91e4-4c8a-a112-0022ba3725c1:,Lens,St-Pol-sur Ternoise,12,Desserte Normale
France,FR:Line::fa2002df-4eab-4035-87a0-4c030f916558:,Lyon Part-Dieu,Valence,7,Desserte Normale
France,FR:Line::fa2002df-4eab-4035-87a0-4c030f916558:,Lyon Part-Dieu,Valence,6,Sous-desservi
France,FR:Line::fa2002df-4eab-4035-87a0-4c030f916558:,Lyon Part-Dieu,Valence,1,Sous-desservi
France,FR:Line::fa2002df-4eab-4035-87a0-4c030f916558:,Lyon Part-Dieu,Valence,1,Sous-desservi
France,FR:Line::fa2002df-4eab-4035-87a0-4c030f916558:,Lyon Part-Dieu,Valence,1,Sous-desservi
France,FR:Line::fa2002df-4eab-4035-87a0-4c030f916558:,Lyon Part-Dieu,Valence,5,Sous-desservi
France,FR:Line::fa2002df-4eab-4035-87a0-4c030f916558:,Lyon Part-Dieu,Valence,11,Desserte Normale
France,FR:Line::fc526a2c-d3e0-4ae0-b8cd-782f83e16cdd:,Paris,Brive,5,Sous-desservi
France,FR:Line::fc526a2c-d3e0-4ae0-b8cd-782f83e16cdd:,Paris,Brive,8,Desserte Normale
France,FR:Line::fc526a2c-d3e0-4ae0-b8cd-782f83e16cdd:,Paris,Brive,8,Desserte Normale
France,FR:Line::fc526a2c-d3e0-4ae0-b8cd-782f83e16cdd:,Paris,Brive,16,Desserte Normale
France,FR:Line::fc526a2c-d3e0-4ae0-b8cd-782f83e16cdd:,Paris,Brive,12,Desserte Normale
France,FR:Line::fc526a2c-d3e0-4ae0-b8cd-782f83e16cdd:,Paris,Brive,2,Sous-desservi
France,FR:Line::fc526a2c-d3e0-4ae0-b8cd-782f83e16cdd:,Paris,Brive,1,Sous-desservi
France,FR:Line::fc526a2c-d3e0-4ae0-b8cd-782f83e16cdd:,Paris,Brive,1,Sous-desservi
France,FR:Line::fc526a2c-d3e0-4ae0-b8cd-782f83e16cdd:,Paris,Brive,8,Desserte Normale
France,FR:Line::fc526a2c-d3e0-4ae0-b8cd-782f83e16cdd:,Paris,Brive,15,Desserte Normale
France,FR:Line::fc526a2c-d3e0-4ae0-b8cd-782f83e16cdd:,Paris,Brive,18,Desserte Normale
France,FR:Line::fc526a2c-d3e0-4ae0-b8cd-782f83e16cdd:,Paris,Brive,2,Sous-desservi
France,FR:Line::fc526a2c-d3e0-4ae0-b8cd-782f83e16cdd:,Paris,Brive,2,Sous-desservi
France,FR:Line::fc526a2c-d3e0-4ae0-b8cd-782f83e16cdd:,Paris,Brive,2,Sous-desservi
France,FR:Line::fc526a2c-d3e0-4ae0-b8cd-782f83e16cdd:,Paris,Brive,4,Sous-desservi
France,FR:Line::fc526a2c-d3e0-4ae0-b8cd-782f83e16cdd:,Paris,Brive,6,Sous-desservi
France,FR:Line::fc526a2c-d3e0-4ae0-b8cd-782f83e16cdd:,Paris,Brive,9,Desserte Normale
France,FR:Line::fc526a2c-d3e0-4ae0-b8cd-782f83e16cdd:,Paris,Brive,1,Sous-desservi
France,FR:Line::fc526a2c-d3e0-4ae0-b8cd-782f83e16cdd:,Paris,Brive,1,Sous-desservi
France,FR:Line::fc526a2c-d3e0-4ae0-b8cd-782f83e16cdd:,Paris,Brive,1,Sous-desservi
France,FR:Line::fc526a2c-d3e0-4ae0-b8cd-782f83e16cdd:,Paris,Brive,20,Desserte Normale
France,FR:Line::fc526a2c-d3e0-4ae0-b8cd-782f83e16cdd:,Paris,Brive,3,Sous-desservi
France,FR:Line::fc526a2c-d3e0-4ae0-b8cd-782f83e16cdd:,Paris,Brive,10,Desserte Normale
France,FR:Line::fc526a2c-d3e0-4ae0-b8cd-782f83e16cdd:,Paris,Brive,11,Desserte Normale
France,FR:Line::fe22a529-93ed-4301-8a97-e1c5e11abfa1:,Ussel,Bordeaux,1,Sous-desservi
France,FR:Line::fe22a529-93ed-4301-8a97-e1c5e11abfa1:,Ussel,Bordeaux,1,Sous-desservi
France,FR:Line::fe22a529-93ed-4301-8a97-e1c5e11abfa1:,Ussel,Bordeaux,14,Desserte Normale
France,FR:Line::fe22a529-93ed-4301-8a97-e1c5e11abfa1:,Ussel,Bordeaux,5,Sous-desservi
France,FR:Line::fe22a529-93ed-4301-8a97-e1c5e11abfa1:,Ussel,Bordeaux,8,Desserte Normale
France,FR:Line::fe22a529-93ed-4301-8a97-e1c5e11abfa1:,Ussel,Bordeaux,11,Desserte Normale
France,FR:Line::fe22a529-93ed-4301-8a97-e1c5e11abfa1:,Ussel,Bordeaux,5,Sous-desservi
France,FR:Line::fe22a529-93ed-4301-8a97-e1c5e11abfa1:,Ussel,Bordeaux,2,Sous-desservi
France,FR:Line::fe22a529-93ed-4301-8a97-e1c5e11abfa1:,Ussel,Bordeaux,15,Desserte Normale
France,FR:Line::fe22a529-93ed-4301-8a97-e1c5e11abfa1:,Ussel,Bordeaux,22,Desserte Normale
France,FR:Line::ff177a26-1548-4497-b111-55a3044e9b94:,Brioude,Nevers,3,Sous-desservi
France,FR:Line::ff177a26-1548-4497-b111-55a3044e9b94:,Brioude,Nevers,15,Desserte Normale
France,FR:Line::ff177a26-1548-4497-b111-55a3044e9b94:,Brioude,Nevers,9,Desserte Normale
France,FR:Line::ff177a26-1548-4497-b111-55a3044e9b94:,Brioude,Nevers,25,Desserte Normale
France,FR:Line::ff177a26-1548-4497-b111-55a3044e9b94:,Brioude,Nevers,20,Desserte Normale
France,FR:Line::ff177a26-1548-4497-b111-55a3044e9b94:,Brioude,Nevers,1,Sous-desservi
France,FR:Line::ff177a26-1548-4497-b111-55a3044e9b94:,Brioude,Nevers,6,Sous-desservi
France,FR:Line::ff177a26-1548-4497-b111-55a3044e9b94:,Brioude,Nevers,20,Desserte Normale
France,FR:Line::ffe6d3aa-3a90-47ea-aeeb-92fa84909329:,NANCY,ST DIE DES VOSGES,71,Bien desservi
France,FR:Line::ffe6d3aa-3a90-47ea-aeeb-92fa84909329:,NANCY,ST DIE DES VOSGES,10,Desserte Normale
France,FR:Line::ffe6d3aa-3a90-47ea-aeeb-92fa84909329:,NANCY,ST DIE DES VOSGES,1,Sous-desservi
France,FR:Line::ffe6d3aa-3a90-47ea-aeeb-92fa84909329:,NANCY,ST DIE DES VOSGES,2,Sous-desservi
France,FR:Line::ffe6d3aa-3a90-47ea-aeeb-92fa84909329:,NANCY,ST DIE DES VOSGES,2,Sous-desservi
France,FR:Line::ffe6d3aa-3a90-47ea-aeeb-92fa84909329:,NANCY,ST DIE DES VOSGES,38,Desserte Normale
France,FR:Line::ffe6d3aa-3a90-47ea-aeeb-92fa84909329:,NANCY,ST DIE DES VOSGES,29,Desserte Normale
