data_source,route_id,origin_city,destination_city,weekly_train,desserte_type
Belgique,1,Binche,Braine-le-Comte,70,Bien desservi
Belgique,1,Binche,Braine-le-Comte,35,Desserte Normale
Belgique,1,Binche,Braine-le-Comte,70,Bien desservi
Belgique,1,Binche,Braine-le-Comte,35,Desserte Normale
Belgique,1,Binche,Braine-le-Comte,70,Bien desservi
Belgique,1,Binche,Braine-le-Comte,70,Bien desservi
Belgique,1,Binche,Braine-le-Comte,58,Bien desservi
Belgique,1,Binche,Braine-le-Comte,64,Bien desservi
Belgique,1,Binche,Braine-le-Comte,160,Bien desservi
Belgique,1,Binche,Braine-le-Comte,160,Bien desservi
Belgique,10,Breda,Noorderkempen,64,Bien desservi
Belgique,10,Breda,Noorderkempen,68,Bien desservi
Belgique,10,Breda,Noorderkempen,68,Bien desservi
Belgique,100,Bruxelles-Midi,Namur,12,Desserte Normale
Belgique,100,Bruxelles-Midi,Namur,14,Desserte Normale
Belgique,100,Bruxelles-Midi,Namur,83,Bien desservi
Belgique,100,Bruxelles-Midi,Namur,83,Bien desservi
Belgique,100,Bruxelles-Midi,Namur,121,Bien desservi
Belgique,100,Bruxelles-Midi,Namur,135,Bien desservi
Belgique,100,Bruxelles-Midi,Namur,14,Desserte Normale
Belgique,100,Bruxelles-Midi,Namur,17,Desserte Normale
Belgique,100,Bruxelles-Midi,Namur,19,Desserte Normale
Belgique,100,Bruxelles-Midi,Namur,13,Desserte Normale
Belgique,100,Bruxelles-Midi,Namur,8,Desserte Normale
Belgique,100,Bruxelles-Midi,Namur,12,Desserte Normale
Belgique,100,Bruxelles-Midi,Namur,8,Desserte Normale
Belgique,100,Bruxelles-Midi,Namur,12,Desserte Normale
Belgique,100,Bruxelles-Midi,Namur,12,Desserte Normale
Belgique,100,Bruxelles-Midi,Namur,12,Desserte Normale
Belgique,100,Bruxelles-Midi,Namur,18,Desserte Normale
Belgique,100,Bruxelles-Midi,Namur,12,Desserte Normale
Belgique,100,Bruxelles-Midi,Namur,17,Desserte Normale
Belgique,100,Bruxelles-Midi,Namur,12,Desserte Normale
Belgique,100,Bruxelles-Midi,Namur,76,Bien desservi
Belgique,100,Bruxelles-Midi,Namur,12,Desserte Normale
Belgique,100,Bruxelles-Midi,Namur,12,Desserte Normale
Belgique,100,Bruxelles-Midi,Namur,12,Desserte Normale
Belgique,100,Bruxelles-Midi,Namur,12,Desserte Normale
Belgique,100,Bruxelles-Midi,Namur,12,Desserte Normale
Belgique,100,Bruxelles-Midi,Namur,12,Desserte Normale
Belgique,100,Bruxelles-Midi,Namur,12,Desserte Normale
Belgique,100,Bruxelles-Midi,Namur,12,Desserte Normale
Belgique,100,Bruxelles-Midi,Namur,12,Desserte Normale
Belgique,100,Bruxelles-Midi,Namur,12,Desserte Normale
Belgique,100,Bruxelles-Midi,Namur,12,Desserte Normale
Belgique,100,Bruxelles-Midi,Namur,18,Desserte Normale
Belgique,100,Bruxelles-Midi,Namur,12,Desserte Normale
Belgique,100,Bruxelles-Midi,Namur,12,Desserte Normale
Belgique,100,Bruxelles-Midi,Namur,12,Desserte Normale
Belgique,100,Bruxelles-Midi,Namur,6,Sous-desservi
Belgique,1000,Landen,Liège-Guillemins,9,Desserte Normale
Belgique,1000,Landen,Liège-Guillemins,8,Desserte Normale
Belgique,1000,Landen,Liège-Guillemins,10,Desserte Normale
Belgique,1000,Landen,Liège-Guillemins,8,Desserte Normale
Belgique,1000,Landen,Liège-Guillemins,10,Desserte Normale
Belgique,1000,Landen,Liège-Guillemins,1,Sous-desservi
Belgique,1000,Landen,Liège-Guillemins,64,Bien desservi
Belgique,1000,Landen,Liège-Guillemins,64,Bien desservi
Belgique,1001,Ans,Louvain,2,Sous-desservi
Belgique,1001,Ans,Louvain,12,Desserte Normale
Belgique,1001,Ans,Louvain,5,Sous-desservi
Belgique,1001,Ans,Louvain,5,Sous-desservi
Belgique,1001,Ans,Louvain,5,Sous-desservi
Belgique,1001,Ans,Louvain,4,Sous-desservi
Belgique,1001,Ans,Louvain,5,Sous-desservi
Belgique,1002,Aarschot,Anvers-Central,6,Sous-desservi
Belgique,1002,Aarschot,Anvers-Central,4,Sous-desservi
Belgique,1002,Aarschot,Anvers-Central,2,Sous-desservi
Belgique,1003,Begijnendijk,Louvain,72,Bien desservi
Belgique,1003,Begijnendijk,Louvain,72,Bien desservi
Belgique,1003,Begijnendijk,Louvain,72,Bien desservi
Belgique,1003,Begijnendijk,Louvain,3,Sous-desservi
Belgique,1004,Aarschot,Lierre,198,Bien desservi
Belgique,1004,Aarschot,Lierre,132,Bien desservi
Belgique,1004,Aarschot,Lierre,66,Bien desservi
Belgique,1005,Heist-op-den-Berg,Lierre,10,Desserte Normale
Belgique,1005,Heist-op-den-Berg,Lierre,136,Bien desservi
Belgique,1005,Heist-op-den-Berg,Lierre,10,Desserte Normale
Belgique,1006,Aarschot,Heist-op-den-Berg,8,Desserte Normale
Belgique,1006,Aarschot,Heist-op-den-Berg,72,Bien desservi
Belgique,1007,Lierre,Louvain,9,Desserte Normale
Belgique,1007,Lierre,Louvain,6,Sous-desservi
Belgique,1007,Lierre,Louvain,3,Sous-desservi
Belgique,1008,Anvers-Central,Heist-op-den-Berg,4,Sous-desservi
Belgique,1009,Heist-op-den-Berg,Louvain,72,Bien desservi
Belgique,1009,Heist-op-den-Berg,Louvain,72,Bien desservi
Belgique,1009,Heist-op-den-Berg,Louvain,72,Bien desservi
Belgique,101,Namur,Yvoir,11,Desserte Normale
Belgique,101,Namur,Yvoir,4,Sous-desservi
Belgique,101,Namur,Yvoir,71,Bien desservi
Belgique,101,Namur,Yvoir,4,Sous-desservi
Belgique,1010,Dixmude,La Panne,5,Sous-desservi
Belgique,1010,Dixmude,La Panne,5,Sous-desservi
Belgique,1011,La Panne,Lichtervelde,2,Sous-desservi
Belgique,1011,La Panne,Lichtervelde,1,Sous-desservi
Belgique,1012,Ottignies,Wavre,134,Bien desservi
Belgique,1013,Luttre,Nivelles,114,Bien desservi
Belgique,1014,Bruxelles-Midi,Charleroi-Central,11,Desserte Normale
Belgique,1015,Opwijk,Termonde,5,Sous-desservi
Belgique,1016,Grammont,Hal,2,Sous-desservi
Belgique,1016,Grammont,Hal,4,Sous-desservi
Belgique,1016,Grammont,Hal,4,Sous-desservi
Belgique,1017,Braine-le-Comte,Hal,4,Sous-desservi
Belgique,1017,Braine-le-Comte,Hal,2,Sous-desservi
Belgique,1017,Braine-le-Comte,Hal,146,Bien desservi
Belgique,1017,Braine-le-Comte,Hal,73,Bien desservi
Belgique,1017,Braine-le-Comte,Hal,224,Bien desservi
Belgique,1017,Braine-le-Comte,Hal,224,Bien desservi
Belgique,1017,Braine-le-Comte,Hal,1,Sous-desservi
Belgique,1017,Braine-le-Comte,Hal,2,Sous-desservi
Belgique,1017,Braine-le-Comte,Hal,173,Bien desservi
Belgique,1017,Braine-le-Comte,Hal,3,Sous-desservi
Belgique,1018,Braine-le-Comte,Bruxelles-Midi,72,Bien desservi
Belgique,1018,Braine-le-Comte,Bruxelles-Midi,36,Desserte Normale
Belgique,1018,Braine-le-Comte,Bruxelles-Midi,2,Sous-desservi
Belgique,1018,Braine-le-Comte,Bruxelles-Midi,80,Bien desservi
Belgique,1018,Braine-le-Comte,Bruxelles-Midi,41,Desserte Normale
Belgique,1018,Braine-le-Comte,Bruxelles-Midi,1,Sous-desservi
Belgique,1019,La Louvière-Centre,Manage,59,Bien desservi
Belgique,102,Bertrix,Gedinne,2,Sous-desservi
Belgique,1020,Lierre,Turnhout,5,Sous-desservi
Belgique,1021,La Louvière-Sud,Manage,1,Sous-desservi
Belgique,1022,Hal,La Louvière-Sud,1,Sous-desservi
Belgique,1023,Deinze,Lichtervelde,64,Bien desservi
Belgique,1023,Deinze,Lichtervelde,64,Bien desservi
Belgique,1024,Genk,Hasselt,5,Sous-desservi
Belgique,1024,Genk,Hasselt,4,Sous-desservi
Belgique,1024,Genk,Hasselt,1,Sous-desservi
Belgique,1024,Genk,Hasselt,5,Sous-desservi
Belgique,1024,Genk,Hasselt,66,Bien desservi
Belgique,1025,Hasselt,Tirlemont,5,Sous-desservi
Belgique,1026,Bruxelles-Midi,Hal,72,Bien desservi
Belgique,1026,Bruxelles-Midi,Hal,1,Sous-desservi
Belgique,1026,Bruxelles-Midi,Hal,1,Sous-desservi
Belgique,1026,Bruxelles-Midi,Hal,200,Bien desservi
Belgique,1026,Bruxelles-Midi,Hal,320,Bien desservi
Belgique,1027,Mons,Soignies,59,Bien desservi
Belgique,1028,Braine-le-Comte,Jurbise,58,Bien desservi
Belgique,1029,Namur,Statte,104,Bien desservi
Belgique,103,Ottignies,Wavre,1,Sous-desservi
Belgique,103,Ottignies,Wavre,1,Sous-desservi
Belgique,103,Ottignies,Wavre,60,Bien desservi
Belgique,103,Ottignies,Wavre,60,Bien desservi
Belgique,103,Ottignies,Wavre,60,Bien desservi
Belgique,103,Ottignies,Wavre,60,Bien desservi
Belgique,103,Ottignies,Wavre,60,Bien desservi
Belgique,1030,Flémalle-Haute,Statte,100,Bien desservi
Belgique,1030,Flémalle-Haute,Statte,150,Bien desservi
Belgique,1030,Flémalle-Haute,Statte,100,Bien desservi
Belgique,1030,Flémalle-Haute,Statte,83,Bien desservi
Belgique,1030,Flémalle-Haute,Statte,100,Bien desservi
Belgique,1030,Flémalle-Haute,Statte,100,Bien desservi
Belgique,1031,Charleroi-Central,Tamines,78,Bien desservi
Belgique,1031,Charleroi-Central,Tamines,4,Sous-desservi
Belgique,1032,Namur,Tamines,130,Bien desservi
Belgique,1032,Namur,Tamines,65,Bien desservi
Belgique,1032,Namur,Tamines,34,Desserte Normale
Belgique,1032,Namur,Tamines,130,Bien desservi
Belgique,1033,La Louvière-Sud,Mons,84,Bien desservi
Belgique,1033,La Louvière-Sud,Mons,101,Bien desservi
Belgique,1033,La Louvière-Sud,Mons,113,Bien desservi
Belgique,1033,La Louvière-Sud,Mons,8,Desserte Normale
Belgique,1033,La Louvière-Sud,Mons,10,Desserte Normale
Belgique,1034,Mouscron,Tournai,55,Desserte Normale
Belgique,1034,Mouscron,Tournai,68,Bien desservi
Belgique,1035,Blaton,Tournai,108,Bien desservi
Belgique,1036,Charleroi-Central,Namur,4,Sous-desservi
Belgique,1036,Charleroi-Central,Namur,2,Sous-desservi
Belgique,1036,Charleroi-Central,Namur,4,Sous-desservi
Belgique,1037,Charleroi-Central,Couvin,5,Sous-desservi
Belgique,1037,Charleroi-Central,Couvin,47,Desserte Normale
Belgique,1037,Charleroi-Central,Couvin,5,Sous-desservi
Belgique,1037,Charleroi-Central,Couvin,37,Desserte Normale
Belgique,1037,Charleroi-Central,Couvin,2,Sous-desservi
Belgique,1037,Charleroi-Central,Couvin,36,Desserte Normale
Belgique,1037,Charleroi-Central,Couvin,231,Bien desservi
Belgique,1037,Charleroi-Central,Couvin,231,Bien desservi
Belgique,1037,Charleroi-Central,Couvin,231,Bien desservi
Belgique,1037,Charleroi-Central,Couvin,2,Sous-desservi
Belgique,1038,Couvin,Mariembourg,5,Sous-desservi
Belgique,1038,Couvin,Mariembourg,1,Sous-desservi
Belgique,1038,Couvin,Mariembourg,5,Sous-desservi
Belgique,1038,Couvin,Mariembourg,32,Desserte Normale
Belgique,1038,Couvin,Mariembourg,4,Sous-desservi
Belgique,1039,Couvin,Walcourt,8,Desserte Normale
Belgique,1039,Couvin,Walcourt,1,Sous-desservi
Belgique,104,Dinant,Gembloux,64,Bien desservi
Belgique,1040,Anvers-Central,Poperinge,109,Bien desservi
Belgique,1040,Anvers-Central,Poperinge,218,Bien desservi
Belgique,1040,Anvers-Central,Poperinge,254,Bien desservi
Belgique,1040,Anvers-Central,Poperinge,185,Bien desservi
Belgique,1040,Anvers-Central,Poperinge,252,Bien desservi
Belgique,1040,Anvers-Central,Poperinge,239,Bien desservi
Belgique,1040,Anvers-Central,Poperinge,253,Bien desservi
Belgique,1040,Anvers-Central,Poperinge,185,Bien desservi
Belgique,1040,Anvers-Central,Poperinge,146,Bien desservi
Belgique,1040,Anvers-Central,Poperinge,255,Bien desservi
Belgique,1040,Anvers-Central,Poperinge,175,Bien desservi
Belgique,1040,Anvers-Central,Poperinge,245,Bien desservi
Belgique,1040,Anvers-Central,Poperinge,255,Bien desservi
Belgique,1040,Anvers-Central,Poperinge,255,Bien desservi
Belgique,1040,Anvers-Central,Poperinge,255,Bien desservi
Belgique,1040,Anvers-Central,Poperinge,255,Bien desservi
Belgique,1040,Anvers-Central,Poperinge,253,Bien desservi
Belgique,1040,Anvers-Central,Poperinge,185,Bien desservi
Belgique,1040,Anvers-Central,Poperinge,255,Bien desservi
Belgique,1040,Anvers-Central,Poperinge,185,Bien desservi
Belgique,1040,Anvers-Central,Poperinge,185,Bien desservi
Belgique,1040,Anvers-Central,Poperinge,255,Bien desservi
Belgique,1040,Anvers-Central,Poperinge,245,Bien desservi
Belgique,1040,Anvers-Central,Poperinge,254,Bien desservi
Belgique,1040,Anvers-Central,Poperinge,255,Bien desservi
Belgique,1040,Anvers-Central,Poperinge,185,Bien desservi
Belgique,1040,Anvers-Central,Poperinge,189,Bien desservi
Belgique,1040,Anvers-Central,Poperinge,255,Bien desservi
Belgique,1040,Anvers-Central,Poperinge,255,Bien desservi
Belgique,1040,Anvers-Central,Poperinge,255,Bien desservi
Belgique,1040,Anvers-Central,Poperinge,255,Bien desservi
Belgique,1040,Anvers-Central,Poperinge,255,Bien desservi
Belgique,1040,Anvers-Central,Poperinge,253,Bien desservi
Belgique,1040,Anvers-Central,Poperinge,255,Bien desservi
Belgique,1040,Anvers-Central,Poperinge,255,Bien desservi
Belgique,1040,Anvers-Central,Poperinge,255,Bien desservi
Belgique,1040,Anvers-Central,Poperinge,220,Bien desservi
Belgique,1041,Louvain,Malines,68,Bien desservi
Belgique,1041,Louvain,Malines,68,Bien desservi
Belgique,1041,Louvain,Malines,68,Bien desservi
Belgique,1041,Louvain,Malines,102,Bien desservi
Belgique,1041,Louvain,Malines,68,Bien desservi
Belgique,1042,Herentals,Turnhout,68,Bien desservi
Belgique,1043,Luttre,Manage,64,Bien desservi
Belgique,1043,Luttre,Manage,128,Bien desservi
Belgique,1043,Luttre,Manage,160,Bien desservi
Belgique,1043,Luttre,Manage,160,Bien desservi
Belgique,1043,Luttre,Manage,56,Desserte Normale
Belgique,1043,Luttre,Manage,70,Bien desservi
Belgique,1044,Anvers-Central,Mol,2,Sous-desservi
Belgique,1044,Anvers-Central,Mol,2,Sous-desservi
Belgique,1044,Anvers-Central,Mol,2,Sous-desservi
Belgique,1044,Anvers-Central,Mol,2,Sous-desservi
Belgique,1045,Herentals,Mol,4,Sous-desservi
Belgique,1045,Herentals,Mol,70,Bien desservi
Belgique,1045,Herentals,Mol,70,Bien desservi
Belgique,1045,Herentals,Mol,70,Bien desservi
Belgique,1045,Herentals,Mol,70,Bien desservi
Belgique,1046,Hamont,Mol,102,Bien desservi
Belgique,1046,Hamont,Mol,136,Bien desservi
Belgique,1046,Hamont,Mol,68,Bien desservi
Belgique,1046,Hamont,Mol,34,Desserte Normale
Belgique,1046,Hamont,Mol,1,Sous-desservi
Belgique,1047,Mol,Neerpelt,4,Sous-desservi
Belgique,1047,Mol,Neerpelt,5,Sous-desservi
Belgique,1047,Mol,Neerpelt,5,Sous-desservi
Belgique,1047,Mol,Neerpelt,7,Desserte Normale
Belgique,1047,Mol,Neerpelt,5,Sous-desservi
Belgique,1047,Mol,Neerpelt,8,Desserte Normale
Belgique,1047,Mol,Neerpelt,7,Desserte Normale
Belgique,1047,Mol,Neerpelt,1,Sous-desservi
Belgique,1047,Mol,Neerpelt,5,Sous-desservi
Belgique,1047,Mol,Neerpelt,5,Sous-desservi
Belgique,1048,Lierre,Mol,5,Sous-desservi
Belgique,1049,Hamont,Herentals,2,Sous-desservi
Belgique,1049,Hamont,Herentals,2,Sous-desservi
Belgique,1049,Hamont,Herentals,2,Sous-desservi
Belgique,1049,Hamont,Herentals,2,Sous-desservi
Belgique,105,Gembloux,Yvoir,64,Bien desservi
Belgique,1050,Charleroi-Central,Manage,32,Desserte Normale
Belgique,1050,Charleroi-Central,Manage,48,Desserte Normale
Belgique,1050,Charleroi-Central,Manage,32,Desserte Normale
Belgique,1050,Charleroi-Central,Manage,32,Desserte Normale
Belgique,1050,Charleroi-Central,Manage,2,Sous-desservi
Belgique,1050,Charleroi-Central,Manage,1,Sous-desservi
Belgique,1050,Charleroi-Central,Manage,24,Desserte Normale
Belgique,1051,Hasselt,Zonhoven,46,Desserte Normale
Belgique,1051,Hasselt,Zonhoven,206,Bien desservi
Belgique,1051,Hasselt,Zonhoven,226,Bien desservi
Belgique,1051,Hasselt,Zonhoven,180,Bien desservi
Belgique,1051,Hasselt,Zonhoven,46,Desserte Normale
Belgique,1052,Hasselt,Mol,48,Desserte Normale
Belgique,1052,Hasselt,Mol,48,Desserte Normale
Belgique,1053,Mons,Quévy,12,Desserte Normale
Belgique,1053,Mons,Quévy,12,Desserte Normale
Belgique,1053,Mons,Quévy,12,Desserte Normale
Belgique,1053,Mons,Quévy,12,Desserte Normale
Belgique,1053,Mons,Quévy,12,Desserte Normale
Belgique,1054,Charleroi-Central,Nivelles,4,Sous-desservi
Belgique,1054,Charleroi-Central,Nivelles,5,Sous-desservi
Belgique,1055,Châtelet,Tamines,66,Bien desservi
Belgique,1056,Fleurus,Ottignies,136,Bien desservi
Belgique,1056,Fleurus,Ottignies,136,Bien desservi
Belgique,1056,Fleurus,Ottignies,136,Bien desservi
Belgique,1056,Fleurus,Ottignies,136,Bien desservi
Belgique,1056,Fleurus,Ottignies,476,Bien desservi
Belgique,1056,Fleurus,Ottignies,136,Bien desservi
Belgique,1057,Charleroi-Central,Fleurus,112,Bien desservi
Belgique,1057,Charleroi-Central,Fleurus,10,Desserte Normale
Belgique,1057,Charleroi-Central,Fleurus,142,Bien desservi
Belgique,1057,Charleroi-Central,Fleurus,6,Sous-desservi
Belgique,1058,Quiévrain,Saint-Ghislain,50,Desserte Normale
Belgique,1059,Athus,Rodange,9,Desserte Normale
Belgique,106,Liers,Verviers-Central,10,Desserte Normale
Belgique,106,Liers,Verviers-Central,10,Desserte Normale
Belgique,1060,Jurbise,Mons,55,Desserte Normale
Belgique,1061,Ath,Jurbise,66,Bien desservi
Belgique,1062,Ath,Grammont,55,Desserte Normale
Belgique,1062,Ath,Grammont,102,Bien desservi
Belgique,1063,Acren,Houraing,65,Bien desservi
Belgique,1063,Acren,Houraing,68,Bien desservi
Belgique,1063,Acren,Houraing,31,Desserte Normale
Belgique,1064,Flémalle-Haute,Liège-Guillemins,62,Bien desservi
Belgique,1064,Flémalle-Haute,Liège-Guillemins,64,Bien desservi
Belgique,1064,Flémalle-Haute,Liège-Guillemins,62,Bien desservi
Belgique,1064,Flémalle-Haute,Liège-Guillemins,162,Bien desservi
Belgique,1064,Flémalle-Haute,Liège-Guillemins,243,Bien desservi
Belgique,1064,Flémalle-Haute,Liège-Guillemins,29,Desserte Normale
Belgique,1064,Flémalle-Haute,Liège-Guillemins,2,Sous-desservi
Belgique,1064,Flémalle-Haute,Liège-Guillemins,49,Desserte Normale
Belgique,1064,Flémalle-Haute,Liège-Guillemins,47,Desserte Normale
Belgique,1065,Poperinge,Saint-Nicolas,35,Desserte Normale
Belgique,1065,Poperinge,Saint-Nicolas,35,Desserte Normale
Belgique,1066,Anvers-Central,Deinze,74,Bien desservi
Belgique,1066,Anvers-Central,Deinze,74,Bien desservi
Belgique,1067,Verviers-Central,Welkenraedt,4,Sous-desservi
Belgique,1067,Verviers-Central,Welkenraedt,4,Sous-desservi
Belgique,1067,Verviers-Central,Welkenraedt,273,Bien desservi
Belgique,1067,Verviers-Central,Welkenraedt,273,Bien desservi
Belgique,1067,Verviers-Central,Welkenraedt,273,Bien desservi
Belgique,1068,Aachen Hbf,Welkenraedt,68,Bien desservi
Belgique,1069,Bruges,Gand-Saint-Pierre,10,Desserte Normale
Belgique,1069,Bruges,Gand-Saint-Pierre,12,Desserte Normale
Belgique,1069,Bruges,Gand-Saint-Pierre,15,Desserte Normale
Belgique,1069,Bruges,Gand-Saint-Pierre,25,Desserte Normale
Belgique,1069,Bruges,Gand-Saint-Pierre,20,Desserte Normale
Belgique,1069,Bruges,Gand-Saint-Pierre,25,Desserte Normale
Belgique,1069,Bruges,Gand-Saint-Pierre,20,Desserte Normale
Belgique,1069,Bruges,Gand-Saint-Pierre,25,Desserte Normale
Belgique,1069,Bruges,Gand-Saint-Pierre,20,Desserte Normale
Belgique,1069,Bruges,Gand-Saint-Pierre,25,Desserte Normale
Belgique,1069,Bruges,Gand-Saint-Pierre,25,Desserte Normale
Belgique,1069,Bruges,Gand-Saint-Pierre,25,Desserte Normale
Belgique,1069,Bruges,Gand-Saint-Pierre,25,Desserte Normale
Belgique,1069,Bruges,Gand-Saint-Pierre,15,Desserte Normale
Belgique,1069,Bruges,Gand-Saint-Pierre,15,Desserte Normale
Belgique,1069,Bruges,Gand-Saint-Pierre,15,Desserte Normale
Belgique,1069,Bruges,Gand-Saint-Pierre,12,Desserte Normale
Belgique,1069,Bruges,Gand-Saint-Pierre,15,Desserte Normale
Belgique,1069,Bruges,Gand-Saint-Pierre,15,Desserte Normale
Belgique,1069,Bruges,Gand-Saint-Pierre,15,Desserte Normale
Belgique,1069,Bruges,Gand-Saint-Pierre,15,Desserte Normale
Belgique,1069,Bruges,Gand-Saint-Pierre,15,Desserte Normale
Belgique,1069,Bruges,Gand-Saint-Pierre,25,Desserte Normale
Belgique,1069,Bruges,Gand-Saint-Pierre,25,Desserte Normale
Belgique,1069,Bruges,Gand-Saint-Pierre,25,Desserte Normale
Belgique,1069,Bruges,Gand-Saint-Pierre,25,Desserte Normale
Belgique,1069,Bruges,Gand-Saint-Pierre,25,Desserte Normale
Belgique,1069,Bruges,Gand-Saint-Pierre,25,Desserte Normale
Belgique,1069,Bruges,Gand-Saint-Pierre,25,Desserte Normale
Belgique,1069,Bruges,Gand-Saint-Pierre,25,Desserte Normale
Belgique,1069,Bruges,Gand-Saint-Pierre,25,Desserte Normale
Belgique,1069,Bruges,Gand-Saint-Pierre,25,Desserte Normale
Belgique,1069,Bruges,Gand-Saint-Pierre,20,Desserte Normale
Belgique,1069,Bruges,Gand-Saint-Pierre,25,Desserte Normale
Belgique,1069,Bruges,Gand-Saint-Pierre,25,Desserte Normale
Belgique,1069,Bruges,Gand-Saint-Pierre,25,Desserte Normale
Belgique,1069,Bruges,Gand-Saint-Pierre,25,Desserte Normale
Belgique,107,Huy,Liège-Saint-Lambert,5,Sous-desservi
Belgique,1070,Liège-Guillemins,Voroux,3,Sous-desservi
Belgique,1070,Liège-Guillemins,Voroux,1,Sous-desservi
Belgique,1070,Liège-Guillemins,Voroux,1,Sous-desservi
Belgique,1071,Liège-Guillemins,Rivage,29,Desserte Normale
Belgique,1072,Liège-Guillemins,Trois-Ponts,28,Desserte Normale
Belgique,1073,Gouvy,Trois-Ponts,28,Desserte Normale
Belgique,1074,Hasselt,Tongres,70,Bien desservi
Belgique,1075,Liers,Tongres,10,Desserte Normale
Belgique,1075,Liers,Tongres,50,Desserte Normale
Belgique,1075,Liers,Tongres,10,Desserte Normale
Belgique,1075,Liers,Tongres,9,Desserte Normale
Belgique,1075,Liers,Tongres,64,Bien desservi
Belgique,1075,Liers,Tongres,64,Bien desservi
Belgique,1075,Liers,Tongres,9,Desserte Normale
Belgique,1076,Bruges,Grammont,4,Sous-desservi
Belgique,1076,Bruges,Grammont,10,Desserte Normale
Belgique,1076,Bruges,Grammont,8,Desserte Normale
Belgique,1076,Bruges,Grammont,10,Desserte Normale
Belgique,1076,Bruges,Grammont,8,Desserte Normale
Belgique,1076,Bruges,Grammont,10,Desserte Normale
Belgique,1076,Bruges,Grammont,8,Desserte Normale
Belgique,1076,Bruges,Grammont,10,Desserte Normale
Belgique,1076,Bruges,Grammont,10,Desserte Normale
Belgique,1076,Bruges,Grammont,10,Desserte Normale
Belgique,1076,Bruges,Grammont,10,Desserte Normale
Belgique,1076,Bruges,Grammont,10,Desserte Normale
Belgique,1076,Bruges,Grammont,10,Desserte Normale
Belgique,1076,Bruges,Grammont,10,Desserte Normale
Belgique,1076,Bruges,Grammont,10,Desserte Normale
Belgique,1076,Bruges,Grammont,10,Desserte Normale
Belgique,1076,Bruges,Grammont,10,Desserte Normale
Belgique,1076,Bruges,Grammont,10,Desserte Normale
Belgique,1076,Bruges,Grammont,10,Desserte Normale
Belgique,1076,Bruges,Grammont,10,Desserte Normale
Belgique,1076,Bruges,Grammont,10,Desserte Normale
Belgique,1076,Bruges,Grammont,8,Desserte Normale
Belgique,1076,Bruges,Grammont,10,Desserte Normale
Belgique,1076,Bruges,Grammont,10,Desserte Normale
Belgique,1076,Bruges,Grammont,10,Desserte Normale
Belgique,1076,Bruges,Grammont,10,Desserte Normale
Belgique,1077,Liers,Liège-Guillemins,4,Sous-desservi
Belgique,1077,Liers,Liège-Guillemins,5,Sous-desservi
Belgique,1077,Liers,Liège-Guillemins,5,Sous-desservi
Belgique,1078,Bomal,Liège-Guillemins,26,Desserte Normale
Belgique,1078,Bomal,Liège-Guillemins,26,Desserte Normale
Belgique,1079,Bomal,Marloie,28,Desserte Normale
Belgique,1079,Bomal,Marloie,30,Desserte Normale
Belgique,108,Flémalle-Haute,Liège-Guillemins,1,Sous-desservi
Belgique,108,Flémalle-Haute,Liège-Guillemins,5,Sous-desservi
Belgique,1080,Bomal,Rochefort-Jemelle,4,Sous-desservi
Belgique,1080,Bomal,Rochefort-Jemelle,4,Sous-desservi
Belgique,1081,Blankenberge,Bruges,6,Sous-desservi
Belgique,1081,Blankenberge,Bruges,15,Desserte Normale
Belgique,1081,Blankenberge,Bruges,12,Desserte Normale
Belgique,1081,Blankenberge,Bruges,15,Desserte Normale
Belgique,1081,Blankenberge,Bruges,12,Desserte Normale
Belgique,1081,Blankenberge,Bruges,15,Desserte Normale
Belgique,1081,Blankenberge,Bruges,12,Desserte Normale
Belgique,1081,Blankenberge,Bruges,15,Desserte Normale
Belgique,1081,Blankenberge,Bruges,15,Desserte Normale
Belgique,1081,Blankenberge,Bruges,15,Desserte Normale
Belgique,1081,Blankenberge,Bruges,15,Desserte Normale
Belgique,1081,Blankenberge,Bruges,15,Desserte Normale
Belgique,1081,Blankenberge,Bruges,15,Desserte Normale
Belgique,1081,Blankenberge,Bruges,15,Desserte Normale
Belgique,1081,Blankenberge,Bruges,15,Desserte Normale
Belgique,1081,Blankenberge,Bruges,15,Desserte Normale
Belgique,1081,Blankenberge,Bruges,15,Desserte Normale
Belgique,1081,Blankenberge,Bruges,15,Desserte Normale
Belgique,1081,Blankenberge,Bruges,15,Desserte Normale
Belgique,1081,Blankenberge,Bruges,15,Desserte Normale
Belgique,1081,Blankenberge,Bruges,15,Desserte Normale
Belgique,1081,Blankenberge,Bruges,12,Desserte Normale
Belgique,1081,Blankenberge,Bruges,15,Desserte Normale
Belgique,1081,Blankenberge,Bruges,15,Desserte Normale
Belgique,1081,Blankenberge,Bruges,15,Desserte Normale
Belgique,1081,Blankenberge,Bruges,15,Desserte Normale
Belgique,1082,Louvain-la-Neuve,Ottignies,12,Desserte Normale
Belgique,1082,Louvain-la-Neuve,Ottignies,12,Desserte Normale
Belgique,1082,Louvain-la-Neuve,Ottignies,15,Desserte Normale
Belgique,1082,Louvain-la-Neuve,Ottignies,134,Bien desservi
Belgique,1082,Louvain-la-Neuve,Ottignies,15,Desserte Normale
Belgique,1083,Bruges,Zeebrugge-Dorp,8,Desserte Normale
Belgique,1083,Bruges,Zeebrugge-Dorp,20,Desserte Normale
Belgique,1083,Bruges,Zeebrugge-Dorp,16,Desserte Normale
Belgique,1083,Bruges,Zeebrugge-Dorp,20,Desserte Normale
Belgique,1083,Bruges,Zeebrugge-Dorp,16,Desserte Normale
Belgique,1083,Bruges,Zeebrugge-Dorp,20,Desserte Normale
Belgique,1083,Bruges,Zeebrugge-Dorp,16,Desserte Normale
Belgique,1083,Bruges,Zeebrugge-Dorp,20,Desserte Normale
Belgique,1083,Bruges,Zeebrugge-Dorp,20,Desserte Normale
Belgique,1083,Bruges,Zeebrugge-Dorp,20,Desserte Normale
Belgique,1083,Bruges,Zeebrugge-Dorp,20,Desserte Normale
Belgique,1083,Bruges,Zeebrugge-Dorp,20,Desserte Normale
Belgique,1083,Bruges,Zeebrugge-Dorp,20,Desserte Normale
Belgique,1083,Bruges,Zeebrugge-Dorp,20,Desserte Normale
Belgique,1083,Bruges,Zeebrugge-Dorp,20,Desserte Normale
Belgique,1083,Bruges,Zeebrugge-Dorp,20,Desserte Normale
Belgique,1083,Bruges,Zeebrugge-Dorp,20,Desserte Normale
Belgique,1083,Bruges,Zeebrugge-Dorp,20,Desserte Normale
Belgique,1083,Bruges,Zeebrugge-Dorp,20,Desserte Normale
Belgique,1083,Bruges,Zeebrugge-Dorp,20,Desserte Normale
Belgique,1083,Bruges,Zeebrugge-Dorp,20,Desserte Normale
Belgique,1083,Bruges,Zeebrugge-Dorp,16,Desserte Normale
Belgique,1083,Bruges,Zeebrugge-Dorp,20,Desserte Normale
Belgique,1083,Bruges,Zeebrugge-Dorp,20,Desserte Normale
Belgique,1083,Bruges,Zeebrugge-Dorp,20,Desserte Normale
Belgique,1083,Bruges,Zeebrugge-Dorp,20,Desserte Normale
Belgique,1084,Charleroi-Central,Ottignies,5,Sous-desservi
Belgique,1084,Charleroi-Central,Ottignies,15,Desserte Normale
Belgique,1084,Charleroi-Central,Ottignies,5,Sous-desservi
Belgique,1084,Charleroi-Central,Ottignies,6,Sous-desservi
Belgique,1084,Charleroi-Central,Ottignies,25,Desserte Normale
Belgique,1084,Charleroi-Central,Ottignies,8,Desserte Normale
Belgique,1085,Courrière,Namur,32,Desserte Normale
Belgique,1085,Courrière,Namur,32,Desserte Normale
Belgique,1085,Courrière,Namur,32,Desserte Normale
Belgique,1086,Arlon,Kleinbettingen,325,Bien desservi
Belgique,1087,Arlon,Athus,104,Bien desservi
Belgique,1087,Arlon,Athus,192,Bien desservi
Belgique,1087,Arlon,Athus,32,Desserte Normale
Belgique,1087,Arlon,Athus,32,Desserte Normale
Belgique,1087,Arlon,Athus,8,Desserte Normale
Belgique,1087,Arlon,Athus,32,Desserte Normale
Belgique,1087,Arlon,Athus,212,Bien desservi
Belgique,1087,Arlon,Athus,11,Desserte Normale
Belgique,1087,Arlon,Athus,20,Desserte Normale
Belgique,1087,Arlon,Athus,12,Desserte Normale
Belgique,1088,Bertrix,Virton,32,Desserte Normale
Belgique,1088,Bertrix,Virton,32,Desserte Normale
Belgique,1088,Bertrix,Virton,32,Desserte Normale
Belgique,1088,Bertrix,Virton,32,Desserte Normale
Belgique,1088,Bertrix,Virton,16,Desserte Normale
Belgique,1088,Bertrix,Virton,32,Desserte Normale
Belgique,1088,Bertrix,Virton,32,Desserte Normale
Belgique,1088,Bertrix,Virton,32,Desserte Normale
Belgique,1089,Athus,Virton,32,Desserte Normale
Belgique,109,Arlon,Ottignies,1,Sous-desservi
Belgique,109,Arlon,Ottignies,2,Sous-desservi
Belgique,109,Arlon,Ottignies,2,Sous-desservi
Belgique,109,Arlon,Ottignies,1,Sous-desservi
Belgique,109,Arlon,Ottignies,1,Sous-desservi
Belgique,1090,Libramont,Virton,16,Desserte Normale
Belgique,1091,Beauraing,Gedinne,32,Desserte Normale
Belgique,1092,Beauraing,Namur,32,Desserte Normale
Belgique,1093,Beauraing,Houyet,32,Desserte Normale
Belgique,1093,Beauraing,Houyet,32,Desserte Normale
Belgique,1094,Dinant,Houyet,32,Desserte Normale
Belgique,1095,Bertrix,Libramont,16,Desserte Normale
Belgique,1096,Namur,Rhisnes,16,Desserte Normale
Belgique,1097,Alost,Denderleeuw,10,Desserte Normale
Belgique,1098,Bruges,Knokke,4,Sous-desservi
Belgique,1098,Bruges,Knokke,4,Sous-desservi
Belgique,1098,Bruges,Knokke,5,Sous-desservi
Belgique,1098,Bruges,Knokke,10,Desserte Normale
Belgique,1098,Bruges,Knokke,8,Desserte Normale
Belgique,1098,Bruges,Knokke,10,Desserte Normale
Belgique,1098,Bruges,Knokke,8,Desserte Normale
Belgique,1098,Bruges,Knokke,10,Desserte Normale
Belgique,1098,Bruges,Knokke,8,Desserte Normale
Belgique,1098,Bruges,Knokke,10,Desserte Normale
Belgique,1098,Bruges,Knokke,10,Desserte Normale
Belgique,1098,Bruges,Knokke,10,Desserte Normale
Belgique,1098,Bruges,Knokke,10,Desserte Normale
Belgique,1098,Bruges,Knokke,5,Sous-desservi
Belgique,1098,Bruges,Knokke,5,Sous-desservi
Belgique,1098,Bruges,Knokke,5,Sous-desservi
Belgique,1098,Bruges,Knokke,4,Sous-desservi
Belgique,1098,Bruges,Knokke,5,Sous-desservi
Belgique,1098,Bruges,Knokke,5,Sous-desservi
Belgique,1098,Bruges,Knokke,5,Sous-desservi
Belgique,1098,Bruges,Knokke,5,Sous-desservi
Belgique,1098,Bruges,Knokke,5,Sous-desservi
Belgique,1098,Bruges,Knokke,10,Desserte Normale
Belgique,1098,Bruges,Knokke,10,Desserte Normale
Belgique,1098,Bruges,Knokke,10,Desserte Normale
Belgique,1098,Bruges,Knokke,10,Desserte Normale
Belgique,1098,Bruges,Knokke,10,Desserte Normale
Belgique,1098,Bruges,Knokke,10,Desserte Normale
Belgique,1098,Bruges,Knokke,10,Desserte Normale
Belgique,1098,Bruges,Knokke,10,Desserte Normale
Belgique,1098,Bruges,Knokke,10,Desserte Normale
Belgique,1098,Bruges,Knokke,10,Desserte Normale
Belgique,1098,Bruges,Knokke,8,Desserte Normale
Belgique,1098,Bruges,Knokke,10,Desserte Normale
Belgique,1098,Bruges,Knokke,10,Desserte Normale
Belgique,1098,Bruges,Knokke,10,Desserte Normale
Belgique,1098,Bruges,Knokke,10,Desserte Normale
Belgique,1099,Bruxelles-Midi,Ottignies,4,Sous-desservi
Belgique,1099,Bruxelles-Midi,Ottignies,4,Sous-desservi
Belgique,11,Lille Flandres,Mouscron,122,Bien desservi
Belgique,11,Lille Flandres,Mouscron,57,Bien desservi
Belgique,11,Lille Flandres,Mouscron,60,Bien desservi
Belgique,110,Bertrix,Libramont,8,Desserte Normale
Belgique,110,Bertrix,Libramont,16,Desserte Normale
Belgique,110,Bertrix,Libramont,20,Desserte Normale
Belgique,110,Bertrix,Libramont,20,Desserte Normale
Belgique,110,Bertrix,Libramont,16,Desserte Normale
Belgique,110,Bertrix,Libramont,20,Desserte Normale
Belgique,110,Bertrix,Libramont,49,Desserte Normale
Belgique,110,Bertrix,Libramont,52,Desserte Normale
Belgique,110,Bertrix,Libramont,48,Desserte Normale
Belgique,110,Bertrix,Libramont,52,Desserte Normale
Belgique,110,Bertrix,Libramont,42,Desserte Normale
Belgique,110,Bertrix,Libramont,20,Desserte Normale
Belgique,110,Bertrix,Libramont,20,Desserte Normale
Belgique,110,Bertrix,Libramont,20,Desserte Normale
Belgique,110,Bertrix,Libramont,20,Desserte Normale
Belgique,110,Bertrix,Libramont,20,Desserte Normale
Belgique,110,Bertrix,Libramont,16,Desserte Normale
Belgique,110,Bertrix,Libramont,20,Desserte Normale
Belgique,110,Bertrix,Libramont,20,Desserte Normale
Belgique,110,Bertrix,Libramont,52,Desserte Normale
Belgique,110,Bertrix,Libramont,20,Desserte Normale
Belgique,110,Bertrix,Libramont,20,Desserte Normale
Belgique,110,Bertrix,Libramont,20,Desserte Normale
Belgique,110,Bertrix,Libramont,20,Desserte Normale
Belgique,110,Bertrix,Libramont,20,Desserte Normale
Belgique,110,Bertrix,Libramont,20,Desserte Normale
Belgique,110,Bertrix,Libramont,20,Desserte Normale
Belgique,110,Bertrix,Libramont,20,Desserte Normale
Belgique,110,Bertrix,Libramont,20,Desserte Normale
Belgique,110,Bertrix,Libramont,20,Desserte Normale
Belgique,110,Bertrix,Libramont,20,Desserte Normale
Belgique,110,Bertrix,Libramont,20,Desserte Normale
Belgique,110,Bertrix,Libramont,16,Desserte Normale
Belgique,110,Bertrix,Libramont,20,Desserte Normale
Belgique,110,Bertrix,Libramont,20,Desserte Normale
Belgique,110,Bertrix,Libramont,20,Desserte Normale
Belgique,110,Bertrix,Libramont,20,Desserte Normale
Belgique,1100,Bruxelles-Luxembourg,Ottignies,68,Bien desservi
Belgique,1100,Bruxelles-Luxembourg,Ottignies,68,Bien desservi
Belgique,1101,Audenarde,Burst,5,Sous-desservi
Belgique,1102,Spa-Géronstère,Verviers-Central,126,Bien desservi
Belgique,1102,Spa-Géronstère,Verviers-Central,51,Desserte Normale
Belgique,1103,Charleroi-Central,Walcourt,5,Sous-desservi
Belgique,1103,Charleroi-Central,Walcourt,5,Sous-desservi
Belgique,1103,Charleroi-Central,Walcourt,5,Sous-desservi
Belgique,1104,Courtrai,Poperinge,8,Desserte Normale
Belgique,1104,Courtrai,Poperinge,8,Desserte Normale
Belgique,1104,Courtrai,Poperinge,10,Desserte Normale
Belgique,1104,Courtrai,Poperinge,20,Desserte Normale
Belgique,1104,Courtrai,Poperinge,16,Desserte Normale
Belgique,1104,Courtrai,Poperinge,20,Desserte Normale
Belgique,1104,Courtrai,Poperinge,16,Desserte Normale
Belgique,1104,Courtrai,Poperinge,20,Desserte Normale
Belgique,1104,Courtrai,Poperinge,16,Desserte Normale
Belgique,1104,Courtrai,Poperinge,20,Desserte Normale
Belgique,1104,Courtrai,Poperinge,20,Desserte Normale
Belgique,1104,Courtrai,Poperinge,20,Desserte Normale
Belgique,1104,Courtrai,Poperinge,20,Desserte Normale
Belgique,1104,Courtrai,Poperinge,10,Desserte Normale
Belgique,1104,Courtrai,Poperinge,10,Desserte Normale
Belgique,1104,Courtrai,Poperinge,10,Desserte Normale
Belgique,1104,Courtrai,Poperinge,8,Desserte Normale
Belgique,1104,Courtrai,Poperinge,10,Desserte Normale
Belgique,1104,Courtrai,Poperinge,10,Desserte Normale
Belgique,1104,Courtrai,Poperinge,10,Desserte Normale
Belgique,1104,Courtrai,Poperinge,10,Desserte Normale
Belgique,1104,Courtrai,Poperinge,10,Desserte Normale
Belgique,1104,Courtrai,Poperinge,20,Desserte Normale
Belgique,1104,Courtrai,Poperinge,20,Desserte Normale
Belgique,1104,Courtrai,Poperinge,20,Desserte Normale
Belgique,1104,Courtrai,Poperinge,20,Desserte Normale
Belgique,1104,Courtrai,Poperinge,20,Desserte Normale
Belgique,1104,Courtrai,Poperinge,20,Desserte Normale
Belgique,1104,Courtrai,Poperinge,20,Desserte Normale
Belgique,1104,Courtrai,Poperinge,20,Desserte Normale
Belgique,1104,Courtrai,Poperinge,20,Desserte Normale
Belgique,1104,Courtrai,Poperinge,20,Desserte Normale
Belgique,1104,Courtrai,Poperinge,16,Desserte Normale
Belgique,1104,Courtrai,Poperinge,20,Desserte Normale
Belgique,1104,Courtrai,Poperinge,20,Desserte Normale
Belgique,1104,Courtrai,Poperinge,20,Desserte Normale
Belgique,1104,Courtrai,Poperinge,20,Desserte Normale
Belgique,1105,Eeklo,Gand-Saint-Pierre,8,Desserte Normale
Belgique,1105,Eeklo,Gand-Saint-Pierre,1,Sous-desservi
Belgique,1105,Eeklo,Gand-Saint-Pierre,21,Desserte Normale
Belgique,1105,Eeklo,Gand-Saint-Pierre,16,Desserte Normale
Belgique,1105,Eeklo,Gand-Saint-Pierre,20,Desserte Normale
Belgique,1105,Eeklo,Gand-Saint-Pierre,14,Desserte Normale
Belgique,1105,Eeklo,Gand-Saint-Pierre,20,Desserte Normale
Belgique,1105,Eeklo,Gand-Saint-Pierre,16,Desserte Normale
Belgique,1105,Eeklo,Gand-Saint-Pierre,20,Desserte Normale
Belgique,1105,Eeklo,Gand-Saint-Pierre,20,Desserte Normale
Belgique,1105,Eeklo,Gand-Saint-Pierre,80,Bien desservi
Belgique,1105,Eeklo,Gand-Saint-Pierre,20,Desserte Normale
Belgique,1105,Eeklo,Gand-Saint-Pierre,60,Bien desservi
Belgique,1105,Eeklo,Gand-Saint-Pierre,60,Bien desservi
Belgique,1105,Eeklo,Gand-Saint-Pierre,80,Bien desservi
Belgique,1105,Eeklo,Gand-Saint-Pierre,20,Desserte Normale
Belgique,1105,Eeklo,Gand-Saint-Pierre,20,Desserte Normale
Belgique,1105,Eeklo,Gand-Saint-Pierre,20,Desserte Normale
Belgique,1105,Eeklo,Gand-Saint-Pierre,80,Bien desservi
Belgique,1105,Eeklo,Gand-Saint-Pierre,20,Desserte Normale
Belgique,1105,Eeklo,Gand-Saint-Pierre,20,Desserte Normale
Belgique,1105,Eeklo,Gand-Saint-Pierre,20,Desserte Normale
Belgique,1105,Eeklo,Gand-Saint-Pierre,20,Desserte Normale
Belgique,1105,Eeklo,Gand-Saint-Pierre,20,Desserte Normale
Belgique,1105,Eeklo,Gand-Saint-Pierre,16,Desserte Normale
Belgique,1105,Eeklo,Gand-Saint-Pierre,20,Desserte Normale
Belgique,1105,Eeklo,Gand-Saint-Pierre,20,Desserte Normale
Belgique,1105,Eeklo,Gand-Saint-Pierre,20,Desserte Normale
Belgique,1105,Eeklo,Gand-Saint-Pierre,20,Desserte Normale
Belgique,1106,Louvain,Saint-Nicolas,6,Sous-desservi
Belgique,1106,Louvain,Saint-Nicolas,15,Desserte Normale
Belgique,1106,Louvain,Saint-Nicolas,12,Desserte Normale
Belgique,1106,Louvain,Saint-Nicolas,15,Desserte Normale
Belgique,1106,Louvain,Saint-Nicolas,12,Desserte Normale
Belgique,1106,Louvain,Saint-Nicolas,15,Desserte Normale
Belgique,1106,Louvain,Saint-Nicolas,12,Desserte Normale
Belgique,1106,Louvain,Saint-Nicolas,15,Desserte Normale
Belgique,1106,Louvain,Saint-Nicolas,15,Desserte Normale
Belgique,1106,Louvain,Saint-Nicolas,15,Desserte Normale
Belgique,1106,Louvain,Saint-Nicolas,15,Desserte Normale
Belgique,1106,Louvain,Saint-Nicolas,15,Desserte Normale
Belgique,1106,Louvain,Saint-Nicolas,15,Desserte Normale
Belgique,1106,Louvain,Saint-Nicolas,15,Desserte Normale
Belgique,1106,Louvain,Saint-Nicolas,15,Desserte Normale
Belgique,1106,Louvain,Saint-Nicolas,15,Desserte Normale
Belgique,1106,Louvain,Saint-Nicolas,15,Desserte Normale
Belgique,1106,Louvain,Saint-Nicolas,15,Desserte Normale
Belgique,1106,Louvain,Saint-Nicolas,15,Desserte Normale
Belgique,1106,Louvain,Saint-Nicolas,15,Desserte Normale
Belgique,1106,Louvain,Saint-Nicolas,15,Desserte Normale
Belgique,1106,Louvain,Saint-Nicolas,12,Desserte Normale
Belgique,1106,Louvain,Saint-Nicolas,15,Desserte Normale
Belgique,1106,Louvain,Saint-Nicolas,15,Desserte Normale
Belgique,1106,Louvain,Saint-Nicolas,15,Desserte Normale
Belgique,1106,Louvain,Saint-Nicolas,15,Desserte Normale
Belgique,1107,Malines,Saint-Nicolas,10,Desserte Normale
Belgique,1107,Malines,Saint-Nicolas,16,Desserte Normale
Belgique,1107,Malines,Saint-Nicolas,20,Desserte Normale
Belgique,1107,Malines,Saint-Nicolas,27,Desserte Normale
Belgique,1107,Malines,Saint-Nicolas,22,Desserte Normale
Belgique,1107,Malines,Saint-Nicolas,27,Desserte Normale
Belgique,1107,Malines,Saint-Nicolas,22,Desserte Normale
Belgique,1107,Malines,Saint-Nicolas,27,Desserte Normale
Belgique,1107,Malines,Saint-Nicolas,22,Desserte Normale
Belgique,1107,Malines,Saint-Nicolas,27,Desserte Normale
Belgique,1107,Malines,Saint-Nicolas,27,Desserte Normale
Belgique,1107,Malines,Saint-Nicolas,27,Desserte Normale
Belgique,1107,Malines,Saint-Nicolas,27,Desserte Normale
Belgique,1107,Malines,Saint-Nicolas,20,Desserte Normale
Belgique,1107,Malines,Saint-Nicolas,20,Desserte Normale
Belgique,1107,Malines,Saint-Nicolas,20,Desserte Normale
Belgique,1107,Malines,Saint-Nicolas,16,Desserte Normale
Belgique,1107,Malines,Saint-Nicolas,20,Desserte Normale
Belgique,1107,Malines,Saint-Nicolas,20,Desserte Normale
Belgique,1107,Malines,Saint-Nicolas,20,Desserte Normale
Belgique,1107,Malines,Saint-Nicolas,20,Desserte Normale
Belgique,1107,Malines,Saint-Nicolas,20,Desserte Normale
Belgique,1107,Malines,Saint-Nicolas,27,Desserte Normale
Belgique,1107,Malines,Saint-Nicolas,27,Desserte Normale
Belgique,1107,Malines,Saint-Nicolas,27,Desserte Normale
Belgique,1107,Malines,Saint-Nicolas,27,Desserte Normale
Belgique,1107,Malines,Saint-Nicolas,27,Desserte Normale
Belgique,1107,Malines,Saint-Nicolas,27,Desserte Normale
Belgique,1107,Malines,Saint-Nicolas,27,Desserte Normale
Belgique,1107,Malines,Saint-Nicolas,27,Desserte Normale
Belgique,1107,Malines,Saint-Nicolas,27,Desserte Normale
Belgique,1107,Malines,Saint-Nicolas,27,Desserte Normale
Belgique,1107,Malines,Saint-Nicolas,20,Desserte Normale
Belgique,1107,Malines,Saint-Nicolas,27,Desserte Normale
Belgique,1107,Malines,Saint-Nicolas,27,Desserte Normale
Belgique,1107,Malines,Saint-Nicolas,27,Desserte Normale
Belgique,1107,Malines,Saint-Nicolas,27,Desserte Normale
Belgique,1108,Comines,Courtrai,1,Sous-desservi
Belgique,1109,Gand-Saint-Pierre,Termonde,4,Sous-desservi
Belgique,1109,Gand-Saint-Pierre,Termonde,10,Desserte Normale
Belgique,1109,Gand-Saint-Pierre,Termonde,8,Desserte Normale
Belgique,1109,Gand-Saint-Pierre,Termonde,10,Desserte Normale
Belgique,1109,Gand-Saint-Pierre,Termonde,8,Desserte Normale
Belgique,1109,Gand-Saint-Pierre,Termonde,10,Desserte Normale
Belgique,1109,Gand-Saint-Pierre,Termonde,8,Desserte Normale
Belgique,1109,Gand-Saint-Pierre,Termonde,10,Desserte Normale
Belgique,1109,Gand-Saint-Pierre,Termonde,10,Desserte Normale
Belgique,1109,Gand-Saint-Pierre,Termonde,10,Desserte Normale
Belgique,1109,Gand-Saint-Pierre,Termonde,10,Desserte Normale
Belgique,1109,Gand-Saint-Pierre,Termonde,10,Desserte Normale
Belgique,1109,Gand-Saint-Pierre,Termonde,10,Desserte Normale
Belgique,1109,Gand-Saint-Pierre,Termonde,10,Desserte Normale
Belgique,1109,Gand-Saint-Pierre,Termonde,10,Desserte Normale
Belgique,1109,Gand-Saint-Pierre,Termonde,10,Desserte Normale
Belgique,1109,Gand-Saint-Pierre,Termonde,10,Desserte Normale
Belgique,1109,Gand-Saint-Pierre,Termonde,10,Desserte Normale
Belgique,1109,Gand-Saint-Pierre,Termonde,10,Desserte Normale
Belgique,1109,Gand-Saint-Pierre,Termonde,10,Desserte Normale
Belgique,1109,Gand-Saint-Pierre,Termonde,10,Desserte Normale
Belgique,1109,Gand-Saint-Pierre,Termonde,8,Desserte Normale
Belgique,1109,Gand-Saint-Pierre,Termonde,10,Desserte Normale
Belgique,1109,Gand-Saint-Pierre,Termonde,10,Desserte Normale
Belgique,1109,Gand-Saint-Pierre,Termonde,10,Desserte Normale
Belgique,1109,Gand-Saint-Pierre,Termonde,10,Desserte Normale
Belgique,111,Arlon,Athus,32,Desserte Normale
Belgique,1110,Malines,Termonde,2,Sous-desservi
Belgique,1110,Malines,Termonde,7,Desserte Normale
Belgique,1110,Malines,Termonde,6,Sous-desservi
Belgique,1110,Malines,Termonde,7,Desserte Normale
Belgique,1110,Malines,Termonde,6,Sous-desservi
Belgique,1110,Malines,Termonde,7,Desserte Normale
Belgique,1110,Malines,Termonde,6,Sous-desservi
Belgique,1110,Malines,Termonde,7,Desserte Normale
Belgique,1110,Malines,Termonde,7,Desserte Normale
Belgique,1110,Malines,Termonde,7,Desserte Normale
Belgique,1110,Malines,Termonde,7,Desserte Normale
Belgique,1110,Malines,Termonde,7,Desserte Normale
Belgique,1110,Malines,Termonde,7,Desserte Normale
Belgique,1110,Malines,Termonde,7,Desserte Normale
Belgique,1110,Malines,Termonde,7,Desserte Normale
Belgique,1110,Malines,Termonde,7,Desserte Normale
Belgique,1110,Malines,Termonde,7,Desserte Normale
Belgique,1110,Malines,Termonde,7,Desserte Normale
Belgique,1110,Malines,Termonde,7,Desserte Normale
Belgique,1110,Malines,Termonde,7,Desserte Normale
Belgique,1110,Malines,Termonde,7,Desserte Normale
Belgique,1110,Malines,Termonde,4,Sous-desservi
Belgique,1110,Malines,Termonde,7,Desserte Normale
Belgique,1110,Malines,Termonde,7,Desserte Normale
Belgique,1110,Malines,Termonde,7,Desserte Normale
Belgique,1110,Malines,Termonde,7,Desserte Normale
Belgique,1111,Anvers-Central,Noorderkempen,64,Bien desservi
Belgique,1111,Anvers-Central,Noorderkempen,64,Bien desservi
Belgique,1112,Louvain,Termonde,10,Desserte Normale
Belgique,1112,Louvain,Termonde,25,Desserte Normale
Belgique,1112,Louvain,Termonde,20,Desserte Normale
Belgique,1112,Louvain,Termonde,25,Desserte Normale
Belgique,1112,Louvain,Termonde,20,Desserte Normale
Belgique,1112,Louvain,Termonde,25,Desserte Normale
Belgique,1112,Louvain,Termonde,20,Desserte Normale
Belgique,1112,Louvain,Termonde,25,Desserte Normale
Belgique,1112,Louvain,Termonde,25,Desserte Normale
Belgique,1112,Louvain,Termonde,25,Desserte Normale
Belgique,1112,Louvain,Termonde,25,Desserte Normale
Belgique,1112,Louvain,Termonde,25,Desserte Normale
Belgique,1112,Louvain,Termonde,25,Desserte Normale
Belgique,1112,Louvain,Termonde,25,Desserte Normale
Belgique,1112,Louvain,Termonde,25,Desserte Normale
Belgique,1112,Louvain,Termonde,25,Desserte Normale
Belgique,1112,Louvain,Termonde,25,Desserte Normale
Belgique,1112,Louvain,Termonde,25,Desserte Normale
Belgique,1112,Louvain,Termonde,25,Desserte Normale
Belgique,1112,Louvain,Termonde,25,Desserte Normale
Belgique,1112,Louvain,Termonde,25,Desserte Normale
Belgique,1112,Louvain,Termonde,20,Desserte Normale
Belgique,1112,Louvain,Termonde,25,Desserte Normale
Belgique,1112,Louvain,Termonde,25,Desserte Normale
Belgique,1112,Louvain,Termonde,25,Desserte Normale
Belgique,1112,Louvain,Termonde,25,Desserte Normale
Belgique,1113,Anvers-Berchem,Poperinge,1,Sous-desservi
Belgique,1113,Anvers-Berchem,Poperinge,10,Desserte Normale
Belgique,1113,Anvers-Berchem,Poperinge,10,Desserte Normale
Belgique,1113,Anvers-Berchem,Poperinge,10,Desserte Normale
Belgique,1114,Anvers-Central,Poperinge,1,Sous-desservi
Belgique,1115,Liège-Guillemins,Maastricht,2,Sous-desservi
Belgique,1115,Liège-Guillemins,Maastricht,1,Sous-desservi
Belgique,1115,Liège-Guillemins,Maastricht,6,Sous-desservi
Belgique,1115,Liège-Guillemins,Maastricht,70,Bien desservi
Belgique,1115,Liège-Guillemins,Maastricht,70,Bien desservi
Belgique,1115,Liège-Guillemins,Maastricht,70,Bien desservi
Belgique,1115,Liège-Guillemins,Maastricht,70,Bien desservi
Belgique,1115,Liège-Guillemins,Maastricht,70,Bien desservi
Belgique,1115,Liège-Guillemins,Maastricht,6,Sous-desservi
Belgique,1116,Maastricht,Visé,2,Sous-desservi
Belgique,1116,Maastricht,Visé,1,Sous-desservi
Belgique,1116,Maastricht,Visé,24,Desserte Normale
Belgique,1116,Maastricht,Visé,2,Sous-desservi
Belgique,1116,Maastricht,Visé,2,Sous-desservi
Belgique,1117,Courtrai,Mouscron,60,Bien desservi
Belgique,1117,Courtrai,Mouscron,60,Bien desservi
Belgique,1118,Charleroi-Central,Maubeuge,43,Desserte Normale
Belgique,1118,Charleroi-Central,Maubeuge,32,Desserte Normale
Belgique,1118,Charleroi-Central,Maubeuge,32,Desserte Normale
Belgique,1119,Anvers-Central,Menin,1,Sous-desservi
Belgique,1119,Anvers-Central,Menin,15,Desserte Normale
Belgique,112,Liers,Liège-Guillemins,1,Sous-desservi
Belgique,112,Liers,Liège-Guillemins,1,Sous-desservi
Belgique,112,Liers,Liège-Guillemins,1,Sous-desservi
Belgique,112,Liers,Liège-Guillemins,26,Desserte Normale
Belgique,1120,Bruxelles-Midi,Mol,4,Sous-desservi
Belgique,1120,Bruxelles-Midi,Mol,10,Desserte Normale
Belgique,1120,Bruxelles-Midi,Mol,8,Desserte Normale
Belgique,1120,Bruxelles-Midi,Mol,10,Desserte Normale
Belgique,1120,Bruxelles-Midi,Mol,9,Desserte Normale
Belgique,1120,Bruxelles-Midi,Mol,10,Desserte Normale
Belgique,1120,Bruxelles-Midi,Mol,8,Desserte Normale
Belgique,1120,Bruxelles-Midi,Mol,10,Desserte Normale
Belgique,1120,Bruxelles-Midi,Mol,10,Desserte Normale
Belgique,1120,Bruxelles-Midi,Mol,10,Desserte Normale
Belgique,1120,Bruxelles-Midi,Mol,10,Desserte Normale
Belgique,1120,Bruxelles-Midi,Mol,10,Desserte Normale
Belgique,1120,Bruxelles-Midi,Mol,10,Desserte Normale
Belgique,1120,Bruxelles-Midi,Mol,10,Desserte Normale
Belgique,1120,Bruxelles-Midi,Mol,10,Desserte Normale
Belgique,1120,Bruxelles-Midi,Mol,10,Desserte Normale
Belgique,1120,Bruxelles-Midi,Mol,10,Desserte Normale
Belgique,1120,Bruxelles-Midi,Mol,10,Desserte Normale
Belgique,1120,Bruxelles-Midi,Mol,10,Desserte Normale
Belgique,1120,Bruxelles-Midi,Mol,10,Desserte Normale
Belgique,1120,Bruxelles-Midi,Mol,10,Desserte Normale
Belgique,1120,Bruxelles-Midi,Mol,8,Desserte Normale
Belgique,1120,Bruxelles-Midi,Mol,10,Desserte Normale
Belgique,1120,Bruxelles-Midi,Mol,10,Desserte Normale
Belgique,1120,Bruxelles-Midi,Mol,10,Desserte Normale
Belgique,1120,Bruxelles-Midi,Mol,10,Desserte Normale
Belgique,1121,Bruxelles-Midi,Neerpelt,4,Sous-desservi
Belgique,1121,Bruxelles-Midi,Neerpelt,8,Desserte Normale
Belgique,1121,Bruxelles-Midi,Neerpelt,10,Desserte Normale
Belgique,1121,Bruxelles-Midi,Neerpelt,10,Desserte Normale
Belgique,1121,Bruxelles-Midi,Neerpelt,8,Desserte Normale
Belgique,1121,Bruxelles-Midi,Neerpelt,10,Desserte Normale
Belgique,1121,Bruxelles-Midi,Neerpelt,6,Sous-desservi
Belgique,1121,Bruxelles-Midi,Neerpelt,10,Desserte Normale
Belgique,1121,Bruxelles-Midi,Neerpelt,8,Desserte Normale
Belgique,1121,Bruxelles-Midi,Neerpelt,10,Desserte Normale
Belgique,1121,Bruxelles-Midi,Neerpelt,10,Desserte Normale
Belgique,1121,Bruxelles-Midi,Neerpelt,10,Desserte Normale
Belgique,1121,Bruxelles-Midi,Neerpelt,10,Desserte Normale
Belgique,1121,Bruxelles-Midi,Neerpelt,10,Desserte Normale
Belgique,1121,Bruxelles-Midi,Neerpelt,10,Desserte Normale
Belgique,1121,Bruxelles-Midi,Neerpelt,10,Desserte Normale
Belgique,1121,Bruxelles-Midi,Neerpelt,8,Desserte Normale
Belgique,1121,Bruxelles-Midi,Neerpelt,10,Desserte Normale
Belgique,1121,Bruxelles-Midi,Neerpelt,10,Desserte Normale
Belgique,1121,Bruxelles-Midi,Neerpelt,10,Desserte Normale
Belgique,1121,Bruxelles-Midi,Neerpelt,10,Desserte Normale
Belgique,1121,Bruxelles-Midi,Neerpelt,10,Desserte Normale
Belgique,1121,Bruxelles-Midi,Neerpelt,10,Desserte Normale
Belgique,1121,Bruxelles-Midi,Neerpelt,10,Desserte Normale
Belgique,1121,Bruxelles-Midi,Neerpelt,10,Desserte Normale
Belgique,1121,Bruxelles-Midi,Neerpelt,10,Desserte Normale
Belgique,1121,Bruxelles-Midi,Neerpelt,10,Desserte Normale
Belgique,1121,Bruxelles-Midi,Neerpelt,10,Desserte Normale
Belgique,1121,Bruxelles-Midi,Neerpelt,10,Desserte Normale
Belgique,1121,Bruxelles-Midi,Neerpelt,10,Desserte Normale
Belgique,1121,Bruxelles-Midi,Neerpelt,10,Desserte Normale
Belgique,1121,Bruxelles-Midi,Neerpelt,10,Desserte Normale
Belgique,1121,Bruxelles-Midi,Neerpelt,8,Desserte Normale
Belgique,1121,Bruxelles-Midi,Neerpelt,10,Desserte Normale
Belgique,1121,Bruxelles-Midi,Neerpelt,10,Desserte Normale
Belgique,1121,Bruxelles-Midi,Neerpelt,10,Desserte Normale
Belgique,1121,Bruxelles-Midi,Neerpelt,10,Desserte Normale
Belgique,1122,Courtrai,Saint-Nicolas,4,Sous-desservi
Belgique,1122,Courtrai,Saint-Nicolas,2,Sous-desservi
Belgique,1123,Anvers-Berchem,Noorderkempen,2,Sous-desservi
Belgique,1123,Anvers-Berchem,Noorderkempen,4,Sous-desservi
Belgique,1123,Anvers-Berchem,Noorderkempen,5,Sous-desservi
Belgique,1123,Anvers-Berchem,Noorderkempen,5,Sous-desservi
Belgique,1123,Anvers-Berchem,Noorderkempen,4,Sous-desservi
Belgique,1123,Anvers-Berchem,Noorderkempen,5,Sous-desservi
Belgique,1123,Anvers-Berchem,Noorderkempen,4,Sous-desservi
Belgique,1123,Anvers-Berchem,Noorderkempen,5,Sous-desservi
Belgique,1123,Anvers-Berchem,Noorderkempen,4,Sous-desservi
Belgique,1123,Anvers-Berchem,Noorderkempen,5,Sous-desservi
Belgique,1123,Anvers-Berchem,Noorderkempen,5,Sous-desservi
Belgique,1124,Anvers-Central,Noorderkempen,5,Sous-desservi
Belgique,1124,Anvers-Central,Noorderkempen,5,Sous-desservi
Belgique,1124,Anvers-Central,Noorderkempen,5,Sous-desservi
Belgique,1124,Anvers-Central,Noorderkempen,5,Sous-desservi
Belgique,1124,Anvers-Central,Noorderkempen,5,Sous-desservi
Belgique,1124,Anvers-Central,Noorderkempen,4,Sous-desservi
Belgique,1124,Anvers-Central,Noorderkempen,5,Sous-desservi
Belgique,1124,Anvers-Central,Noorderkempen,5,Sous-desservi
Belgique,1124,Anvers-Central,Noorderkempen,5,Sous-desservi
Belgique,1124,Anvers-Central,Noorderkempen,5,Sous-desservi
Belgique,1124,Anvers-Central,Noorderkempen,5,Sous-desservi
Belgique,1124,Anvers-Central,Noorderkempen,5,Sous-desservi
Belgique,1124,Anvers-Central,Noorderkempen,5,Sous-desservi
Belgique,1124,Anvers-Central,Noorderkempen,5,Sous-desservi
Belgique,1124,Anvers-Central,Noorderkempen,5,Sous-desservi
Belgique,1124,Anvers-Central,Noorderkempen,5,Sous-desservi
Belgique,1124,Anvers-Central,Noorderkempen,5,Sous-desservi
Belgique,1124,Anvers-Central,Noorderkempen,5,Sous-desservi
Belgique,1124,Anvers-Central,Noorderkempen,5,Sous-desservi
Belgique,1124,Anvers-Central,Noorderkempen,5,Sous-desservi
Belgique,1124,Anvers-Central,Noorderkempen,5,Sous-desservi
Belgique,1124,Anvers-Central,Noorderkempen,4,Sous-desservi
Belgique,1124,Anvers-Central,Noorderkempen,5,Sous-desservi
Belgique,1124,Anvers-Central,Noorderkempen,5,Sous-desservi
Belgique,1124,Anvers-Central,Noorderkempen,5,Sous-desservi
Belgique,1124,Anvers-Central,Noorderkempen,5,Sous-desservi
Belgique,1125,Brussels Airport-Zaventem,Noorderkempen,2,Sous-desservi
Belgique,1125,Brussels Airport-Zaventem,Noorderkempen,4,Sous-desservi
Belgique,1125,Brussels Airport-Zaventem,Noorderkempen,5,Sous-desservi
Belgique,1125,Brussels Airport-Zaventem,Noorderkempen,5,Sous-desservi
Belgique,1125,Brussels Airport-Zaventem,Noorderkempen,4,Sous-desservi
Belgique,1125,Brussels Airport-Zaventem,Noorderkempen,5,Sous-desservi
Belgique,1125,Brussels Airport-Zaventem,Noorderkempen,4,Sous-desservi
Belgique,1125,Brussels Airport-Zaventem,Noorderkempen,5,Sous-desservi
Belgique,1125,Brussels Airport-Zaventem,Noorderkempen,4,Sous-desservi
Belgique,1125,Brussels Airport-Zaventem,Noorderkempen,5,Sous-desservi
Belgique,1125,Brussels Airport-Zaventem,Noorderkempen,5,Sous-desservi
Belgique,1125,Brussels Airport-Zaventem,Noorderkempen,5,Sous-desservi
Belgique,1125,Brussels Airport-Zaventem,Noorderkempen,5,Sous-desservi
Belgique,1125,Brussels Airport-Zaventem,Noorderkempen,5,Sous-desservi
Belgique,1125,Brussels Airport-Zaventem,Noorderkempen,5,Sous-desservi
Belgique,1125,Brussels Airport-Zaventem,Noorderkempen,5,Sous-desservi
Belgique,1125,Brussels Airport-Zaventem,Noorderkempen,4,Sous-desservi
Belgique,1125,Brussels Airport-Zaventem,Noorderkempen,5,Sous-desservi
Belgique,1125,Brussels Airport-Zaventem,Noorderkempen,5,Sous-desservi
Belgique,1125,Brussels Airport-Zaventem,Noorderkempen,5,Sous-desservi
Belgique,1125,Brussels Airport-Zaventem,Noorderkempen,5,Sous-desservi
Belgique,1125,Brussels Airport-Zaventem,Noorderkempen,5,Sous-desservi
Belgique,1125,Brussels Airport-Zaventem,Noorderkempen,5,Sous-desservi
Belgique,1125,Brussels Airport-Zaventem,Noorderkempen,5,Sous-desservi
Belgique,1125,Brussels Airport-Zaventem,Noorderkempen,5,Sous-desservi
Belgique,1125,Brussels Airport-Zaventem,Noorderkempen,5,Sous-desservi
Belgique,1125,Brussels Airport-Zaventem,Noorderkempen,5,Sous-desservi
Belgique,1125,Brussels Airport-Zaventem,Noorderkempen,5,Sous-desservi
Belgique,1125,Brussels Airport-Zaventem,Noorderkempen,5,Sous-desservi
Belgique,1125,Brussels Airport-Zaventem,Noorderkempen,5,Sous-desservi
Belgique,1125,Brussels Airport-Zaventem,Noorderkempen,5,Sous-desservi
Belgique,1125,Brussels Airport-Zaventem,Noorderkempen,5,Sous-desservi
Belgique,1125,Brussels Airport-Zaventem,Noorderkempen,4,Sous-desservi
Belgique,1125,Brussels Airport-Zaventem,Noorderkempen,5,Sous-desservi
Belgique,1125,Brussels Airport-Zaventem,Noorderkempen,5,Sous-desservi
Belgique,1125,Brussels Airport-Zaventem,Noorderkempen,5,Sous-desservi
Belgique,1125,Brussels Airport-Zaventem,Noorderkempen,5,Sous-desservi
Belgique,1126,Anvers-Berchem,Gand-Saint-Pierre,5,Sous-desservi
Belgique,1126,Anvers-Berchem,Gand-Saint-Pierre,5,Sous-desservi
Belgique,1126,Anvers-Berchem,Gand-Saint-Pierre,5,Sous-desservi
Belgique,1127,Anvers-Central,Gand-Dampoort,5,Sous-desservi
Belgique,1128,Anvers-Central,Waregem,1,Sous-desservi
Belgique,1129,Anvers-Central,Essen,2,Sous-desservi
Belgique,1129,Anvers-Central,Essen,4,Sous-desservi
Belgique,1129,Anvers-Central,Essen,5,Sous-desservi
Belgique,1129,Anvers-Central,Essen,5,Sous-desservi
Belgique,1129,Anvers-Central,Essen,4,Sous-desservi
Belgique,1129,Anvers-Central,Essen,5,Sous-desservi
Belgique,1129,Anvers-Central,Essen,3,Sous-desservi
Belgique,1129,Anvers-Central,Essen,5,Sous-desservi
Belgique,1129,Anvers-Central,Essen,4,Sous-desservi
Belgique,1129,Anvers-Central,Essen,5,Sous-desservi
Belgique,1129,Anvers-Central,Essen,5,Sous-desservi
Belgique,1129,Anvers-Central,Essen,5,Sous-desservi
Belgique,1129,Anvers-Central,Essen,5,Sous-desservi
Belgique,1129,Anvers-Central,Essen,5,Sous-desservi
Belgique,1129,Anvers-Central,Essen,5,Sous-desservi
Belgique,1129,Anvers-Central,Essen,5,Sous-desservi
Belgique,1129,Anvers-Central,Essen,4,Sous-desservi
Belgique,1129,Anvers-Central,Essen,5,Sous-desservi
Belgique,1129,Anvers-Central,Essen,5,Sous-desservi
Belgique,1129,Anvers-Central,Essen,5,Sous-desservi
Belgique,1129,Anvers-Central,Essen,5,Sous-desservi
Belgique,1129,Anvers-Central,Essen,5,Sous-desservi
Belgique,1129,Anvers-Central,Essen,5,Sous-desservi
Belgique,1129,Anvers-Central,Essen,5,Sous-desservi
Belgique,1129,Anvers-Central,Essen,5,Sous-desservi
Belgique,1129,Anvers-Central,Essen,5,Sous-desservi
Belgique,1129,Anvers-Central,Essen,5,Sous-desservi
Belgique,1129,Anvers-Central,Essen,5,Sous-desservi
Belgique,1129,Anvers-Central,Essen,5,Sous-desservi
Belgique,1129,Anvers-Central,Essen,5,Sous-desservi
Belgique,1129,Anvers-Central,Essen,5,Sous-desservi
Belgique,1129,Anvers-Central,Essen,5,Sous-desservi
Belgique,1129,Anvers-Central,Essen,4,Sous-desservi
Belgique,1129,Anvers-Central,Essen,5,Sous-desservi
Belgique,1129,Anvers-Central,Essen,5,Sous-desservi
Belgique,1129,Anvers-Central,Essen,5,Sous-desservi
Belgique,1129,Anvers-Central,Essen,5,Sous-desservi
Belgique,113,Arlon,Libramont,78,Bien desservi
Belgique,113,Arlon,Libramont,155,Bien desservi
Belgique,113,Arlon,Libramont,175,Bien desservi
Belgique,113,Arlon,Libramont,174,Bien desservi
Belgique,113,Arlon,Libramont,204,Bien desservi
Belgique,113,Arlon,Libramont,207,Bien desservi
Belgique,113,Arlon,Libramont,173,Bien desservi
Belgique,113,Arlon,Libramont,174,Bien desservi
Belgique,113,Arlon,Libramont,296,Bien desservi
Belgique,113,Arlon,Libramont,178,Bien desservi
Belgique,113,Arlon,Libramont,174,Bien desservi
Belgique,113,Arlon,Libramont,206,Bien desservi
Belgique,113,Arlon,Libramont,202,Bien desservi
Belgique,113,Arlon,Libramont,174,Bien desservi
Belgique,113,Arlon,Libramont,174,Bien desservi
Belgique,113,Arlon,Libramont,206,Bien desservi
Belgique,113,Arlon,Libramont,201,Bien desservi
Belgique,113,Arlon,Libramont,208,Bien desservi
Belgique,113,Arlon,Libramont,204,Bien desservi
Belgique,113,Arlon,Libramont,174,Bien desservi
Belgique,113,Arlon,Libramont,206,Bien desservi
Belgique,113,Arlon,Libramont,206,Bien desservi
Belgique,113,Arlon,Libramont,206,Bien desservi
Belgique,113,Arlon,Libramont,206,Bien desservi
Belgique,113,Arlon,Libramont,206,Bien desservi
Belgique,113,Arlon,Libramont,206,Bien desservi
Belgique,113,Arlon,Libramont,206,Bien desservi
Belgique,113,Arlon,Libramont,206,Bien desservi
Belgique,113,Arlon,Libramont,206,Bien desservi
Belgique,113,Arlon,Libramont,206,Bien desservi
Belgique,113,Arlon,Libramont,206,Bien desservi
Belgique,113,Arlon,Libramont,206,Bien desservi
Belgique,113,Arlon,Libramont,204,Bien desservi
Belgique,113,Arlon,Libramont,206,Bien desservi
Belgique,113,Arlon,Libramont,206,Bien desservi
Belgique,113,Arlon,Libramont,206,Bien desservi
Belgique,113,Arlon,Libramont,183,Bien desservi
Belgique,1130,Anvers-Berchem,Herentals,12,Desserte Normale
Belgique,1130,Anvers-Berchem,Herentals,30,Desserte Normale
Belgique,1130,Anvers-Berchem,Herentals,24,Desserte Normale
Belgique,1130,Anvers-Berchem,Herentals,30,Desserte Normale
Belgique,1130,Anvers-Berchem,Herentals,22,Desserte Normale
Belgique,1130,Anvers-Berchem,Herentals,30,Desserte Normale
Belgique,1130,Anvers-Berchem,Herentals,24,Desserte Normale
Belgique,1130,Anvers-Berchem,Herentals,30,Desserte Normale
Belgique,1130,Anvers-Berchem,Herentals,30,Desserte Normale
Belgique,1130,Anvers-Berchem,Herentals,30,Desserte Normale
Belgique,1130,Anvers-Berchem,Herentals,30,Desserte Normale
Belgique,1130,Anvers-Berchem,Herentals,30,Desserte Normale
Belgique,1130,Anvers-Berchem,Herentals,30,Desserte Normale
Belgique,1130,Anvers-Berchem,Herentals,30,Desserte Normale
Belgique,1130,Anvers-Berchem,Herentals,30,Desserte Normale
Belgique,1130,Anvers-Berchem,Herentals,30,Desserte Normale
Belgique,1130,Anvers-Berchem,Herentals,30,Desserte Normale
Belgique,1130,Anvers-Berchem,Herentals,30,Desserte Normale
Belgique,1130,Anvers-Berchem,Herentals,30,Desserte Normale
Belgique,1130,Anvers-Berchem,Herentals,30,Desserte Normale
Belgique,1130,Anvers-Berchem,Herentals,30,Desserte Normale
Belgique,1130,Anvers-Berchem,Herentals,24,Desserte Normale
Belgique,1130,Anvers-Berchem,Herentals,30,Desserte Normale
Belgique,1130,Anvers-Berchem,Herentals,30,Desserte Normale
Belgique,1130,Anvers-Berchem,Herentals,30,Desserte Normale
Belgique,1130,Anvers-Berchem,Herentals,30,Desserte Normale
Belgique,1131,Herentals,Lierre,8,Desserte Normale
Belgique,1131,Herentals,Lierre,40,Desserte Normale
Belgique,1131,Herentals,Lierre,50,Desserte Normale
Belgique,1131,Herentals,Lierre,20,Desserte Normale
Belgique,1131,Herentals,Lierre,16,Desserte Normale
Belgique,1131,Herentals,Lierre,20,Desserte Normale
Belgique,1131,Herentals,Lierre,15,Desserte Normale
Belgique,1131,Herentals,Lierre,20,Desserte Normale
Belgique,1131,Herentals,Lierre,16,Desserte Normale
Belgique,1131,Herentals,Lierre,20,Desserte Normale
Belgique,1131,Herentals,Lierre,20,Desserte Normale
Belgique,1131,Herentals,Lierre,20,Desserte Normale
Belgique,1131,Herentals,Lierre,20,Desserte Normale
Belgique,1131,Herentals,Lierre,20,Desserte Normale
Belgique,1131,Herentals,Lierre,20,Desserte Normale
Belgique,1131,Herentals,Lierre,20,Desserte Normale
Belgique,1131,Herentals,Lierre,20,Desserte Normale
Belgique,1131,Herentals,Lierre,20,Desserte Normale
Belgique,1131,Herentals,Lierre,20,Desserte Normale
Belgique,1131,Herentals,Lierre,20,Desserte Normale
Belgique,1131,Herentals,Lierre,20,Desserte Normale
Belgique,1131,Herentals,Lierre,20,Desserte Normale
Belgique,1131,Herentals,Lierre,20,Desserte Normale
Belgique,1131,Herentals,Lierre,16,Desserte Normale
Belgique,1131,Herentals,Lierre,20,Desserte Normale
Belgique,1131,Herentals,Lierre,20,Desserte Normale
Belgique,1131,Herentals,Lierre,20,Desserte Normale
Belgique,1131,Herentals,Lierre,20,Desserte Normale
Belgique,1132,Aarschot,Anvers-Central,12,Desserte Normale
Belgique,1132,Aarschot,Anvers-Central,16,Desserte Normale
Belgique,1132,Aarschot,Anvers-Central,20,Desserte Normale
Belgique,1132,Aarschot,Anvers-Central,30,Desserte Normale
Belgique,1132,Aarschot,Anvers-Central,24,Desserte Normale
Belgique,1132,Aarschot,Anvers-Central,30,Desserte Normale
Belgique,1132,Aarschot,Anvers-Central,24,Desserte Normale
Belgique,1132,Aarschot,Anvers-Central,30,Desserte Normale
Belgique,1132,Aarschot,Anvers-Central,24,Desserte Normale
Belgique,1132,Aarschot,Anvers-Central,30,Desserte Normale
Belgique,1132,Aarschot,Anvers-Central,30,Desserte Normale
Belgique,1132,Aarschot,Anvers-Central,30,Desserte Normale
Belgique,1132,Aarschot,Anvers-Central,30,Desserte Normale
Belgique,1132,Aarschot,Anvers-Central,20,Desserte Normale
Belgique,1132,Aarschot,Anvers-Central,20,Desserte Normale
Belgique,1132,Aarschot,Anvers-Central,20,Desserte Normale
Belgique,1132,Aarschot,Anvers-Central,16,Desserte Normale
Belgique,1132,Aarschot,Anvers-Central,20,Desserte Normale
Belgique,1132,Aarschot,Anvers-Central,20,Desserte Normale
Belgique,1132,Aarschot,Anvers-Central,20,Desserte Normale
Belgique,1132,Aarschot,Anvers-Central,20,Desserte Normale
Belgique,1132,Aarschot,Anvers-Central,20,Desserte Normale
Belgique,1132,Aarschot,Anvers-Central,30,Desserte Normale
Belgique,1132,Aarschot,Anvers-Central,30,Desserte Normale
Belgique,1132,Aarschot,Anvers-Central,30,Desserte Normale
Belgique,1132,Aarschot,Anvers-Central,30,Desserte Normale
Belgique,1132,Aarschot,Anvers-Central,30,Desserte Normale
Belgique,1132,Aarschot,Anvers-Central,30,Desserte Normale
Belgique,1132,Aarschot,Anvers-Central,30,Desserte Normale
Belgique,1132,Aarschot,Anvers-Central,30,Desserte Normale
Belgique,1132,Aarschot,Anvers-Central,24,Desserte Normale
Belgique,1132,Aarschot,Anvers-Central,30,Desserte Normale
Belgique,1132,Aarschot,Anvers-Central,30,Desserte Normale
Belgique,1132,Aarschot,Anvers-Central,30,Desserte Normale
Belgique,1132,Aarschot,Anvers-Central,30,Desserte Normale
Belgique,1133,Anvers-Central,Louvain,2,Sous-desservi
Belgique,1133,Anvers-Central,Louvain,5,Sous-desservi
Belgique,1133,Anvers-Central,Louvain,4,Sous-desservi
Belgique,1133,Anvers-Central,Louvain,5,Sous-desservi
Belgique,1133,Anvers-Central,Louvain,4,Sous-desservi
Belgique,1133,Anvers-Central,Louvain,5,Sous-desservi
Belgique,1133,Anvers-Central,Louvain,4,Sous-desservi
Belgique,1133,Anvers-Central,Louvain,5,Sous-desservi
Belgique,1133,Anvers-Central,Louvain,5,Sous-desservi
Belgique,1133,Anvers-Central,Louvain,5,Sous-desservi
Belgique,1133,Anvers-Central,Louvain,5,Sous-desservi
Belgique,1133,Anvers-Central,Louvain,5,Sous-desservi
Belgique,1133,Anvers-Central,Louvain,1,Sous-desservi
Belgique,1133,Anvers-Central,Louvain,5,Sous-desservi
Belgique,1133,Anvers-Central,Louvain,5,Sous-desservi
Belgique,1133,Anvers-Central,Louvain,5,Sous-desservi
Belgique,1133,Anvers-Central,Louvain,5,Sous-desservi
Belgique,1133,Anvers-Central,Louvain,5,Sous-desservi
Belgique,1133,Anvers-Central,Louvain,5,Sous-desservi
Belgique,1133,Anvers-Central,Louvain,5,Sous-desservi
Belgique,1133,Anvers-Central,Louvain,4,Sous-desservi
Belgique,1133,Anvers-Central,Louvain,5,Sous-desservi
Belgique,1133,Anvers-Central,Louvain,5,Sous-desservi
Belgique,1133,Anvers-Central,Louvain,5,Sous-desservi
Belgique,1133,Anvers-Central,Louvain,5,Sous-desservi
Belgique,1134,Bruxelles-Midi,Tongres,7,Desserte Normale
Belgique,1134,Bruxelles-Midi,Tongres,8,Desserte Normale
Belgique,1134,Bruxelles-Midi,Tongres,10,Desserte Normale
Belgique,1134,Bruxelles-Midi,Tongres,20,Desserte Normale
Belgique,1134,Bruxelles-Midi,Tongres,16,Desserte Normale
Belgique,1134,Bruxelles-Midi,Tongres,20,Desserte Normale
Belgique,1134,Bruxelles-Midi,Tongres,14,Desserte Normale
Belgique,1134,Bruxelles-Midi,Tongres,20,Desserte Normale
Belgique,1134,Bruxelles-Midi,Tongres,16,Desserte Normale
Belgique,1134,Bruxelles-Midi,Tongres,20,Desserte Normale
Belgique,1134,Bruxelles-Midi,Tongres,20,Desserte Normale
Belgique,1134,Bruxelles-Midi,Tongres,20,Desserte Normale
Belgique,1134,Bruxelles-Midi,Tongres,20,Desserte Normale
Belgique,1134,Bruxelles-Midi,Tongres,20,Desserte Normale
Belgique,1134,Bruxelles-Midi,Tongres,20,Desserte Normale
Belgique,1134,Bruxelles-Midi,Tongres,20,Desserte Normale
Belgique,1134,Bruxelles-Midi,Tongres,20,Desserte Normale
Belgique,1134,Bruxelles-Midi,Tongres,20,Desserte Normale
Belgique,1134,Bruxelles-Midi,Tongres,20,Desserte Normale
Belgique,1134,Bruxelles-Midi,Tongres,20,Desserte Normale
Belgique,1134,Bruxelles-Midi,Tongres,20,Desserte Normale
Belgique,1134,Bruxelles-Midi,Tongres,16,Desserte Normale
Belgique,1134,Bruxelles-Midi,Tongres,20,Desserte Normale
Belgique,1134,Bruxelles-Midi,Tongres,20,Desserte Normale
Belgique,1134,Bruxelles-Midi,Tongres,20,Desserte Normale
Belgique,1134,Bruxelles-Midi,Tongres,20,Desserte Normale
Belgique,1135,Hasselt,Louvain,12,Desserte Normale
Belgique,1135,Hasselt,Louvain,24,Desserte Normale
Belgique,1135,Hasselt,Louvain,30,Desserte Normale
Belgique,1135,Hasselt,Louvain,24,Desserte Normale
Belgique,1135,Hasselt,Louvain,30,Desserte Normale
Belgique,1135,Hasselt,Louvain,24,Desserte Normale
Belgique,1135,Hasselt,Louvain,30,Desserte Normale
Belgique,1135,Hasselt,Louvain,30,Desserte Normale
Belgique,1135,Hasselt,Louvain,30,Desserte Normale
Belgique,1135,Hasselt,Louvain,30,Desserte Normale
Belgique,1135,Hasselt,Louvain,20,Desserte Normale
Belgique,1135,Hasselt,Louvain,20,Desserte Normale
Belgique,1135,Hasselt,Louvain,20,Desserte Normale
Belgique,1135,Hasselt,Louvain,16,Desserte Normale
Belgique,1135,Hasselt,Louvain,20,Desserte Normale
Belgique,1135,Hasselt,Louvain,20,Desserte Normale
Belgique,1135,Hasselt,Louvain,20,Desserte Normale
Belgique,1135,Hasselt,Louvain,20,Desserte Normale
Belgique,1135,Hasselt,Louvain,20,Desserte Normale
Belgique,1135,Hasselt,Louvain,30,Desserte Normale
Belgique,1135,Hasselt,Louvain,30,Desserte Normale
Belgique,1135,Hasselt,Louvain,30,Desserte Normale
Belgique,1135,Hasselt,Louvain,30,Desserte Normale
Belgique,1135,Hasselt,Louvain,30,Desserte Normale
Belgique,1135,Hasselt,Louvain,30,Desserte Normale
Belgique,1135,Hasselt,Louvain,30,Desserte Normale
Belgique,1135,Hasselt,Louvain,30,Desserte Normale
Belgique,1135,Hasselt,Louvain,24,Desserte Normale
Belgique,1135,Hasselt,Louvain,30,Desserte Normale
Belgique,1135,Hasselt,Louvain,30,Desserte Normale
Belgique,1135,Hasselt,Louvain,30,Desserte Normale
Belgique,1135,Hasselt,Louvain,30,Desserte Normale
Belgique,1136,Louvain,Tongres,16,Desserte Normale
Belgique,1136,Louvain,Tongres,21,Desserte Normale
Belgique,1136,Louvain,Tongres,31,Desserte Normale
Belgique,1136,Louvain,Tongres,1,Sous-desservi
Belgique,1136,Louvain,Tongres,1,Sous-desservi
Belgique,1136,Louvain,Tongres,1,Sous-desservi
Belgique,1136,Louvain,Tongres,2,Sous-desservi
Belgique,1136,Louvain,Tongres,1,Sous-desservi
Belgique,1136,Louvain,Tongres,1,Sous-desservi
Belgique,1136,Louvain,Tongres,1,Sous-desservi
Belgique,1136,Louvain,Tongres,1,Sous-desservi
Belgique,1136,Louvain,Tongres,1,Sous-desservi
Belgique,1136,Louvain,Tongres,1,Sous-desservi
Belgique,1136,Louvain,Tongres,1,Sous-desservi
Belgique,1136,Louvain,Tongres,1,Sous-desservi
Belgique,1136,Louvain,Tongres,1,Sous-desservi
Belgique,1136,Louvain,Tongres,1,Sous-desservi
Belgique,1136,Louvain,Tongres,1,Sous-desservi
Belgique,1136,Louvain,Tongres,1,Sous-desservi
Belgique,1136,Louvain,Tongres,2,Sous-desservi
Belgique,1136,Louvain,Tongres,1,Sous-desservi
Belgique,1136,Louvain,Tongres,1,Sous-desservi
Belgique,1136,Louvain,Tongres,1,Sous-desservi
Belgique,1137,Ans,Landen,2,Sous-desservi
Belgique,1137,Ans,Landen,4,Sous-desservi
Belgique,1137,Ans,Landen,5,Sous-desservi
Belgique,1137,Ans,Landen,5,Sous-desservi
Belgique,1137,Ans,Landen,4,Sous-desservi
Belgique,1137,Ans,Landen,5,Sous-desservi
Belgique,1137,Ans,Landen,4,Sous-desservi
Belgique,1137,Ans,Landen,5,Sous-desservi
Belgique,1137,Ans,Landen,5,Sous-desservi
Belgique,1137,Ans,Landen,5,Sous-desservi
Belgique,1137,Ans,Landen,5,Sous-desservi
Belgique,1137,Ans,Landen,5,Sous-desservi
Belgique,1137,Ans,Landen,5,Sous-desservi
Belgique,1137,Ans,Landen,5,Sous-desservi
Belgique,1137,Ans,Landen,5,Sous-desservi
Belgique,1137,Ans,Landen,5,Sous-desservi
Belgique,1137,Ans,Landen,5,Sous-desservi
Belgique,1137,Ans,Landen,5,Sous-desservi
Belgique,1137,Ans,Landen,5,Sous-desservi
Belgique,1137,Ans,Landen,5,Sous-desservi
Belgique,1137,Ans,Landen,5,Sous-desservi
Belgique,1137,Ans,Landen,5,Sous-desservi
Belgique,1137,Ans,Landen,5,Sous-desservi
Belgique,1137,Ans,Landen,4,Sous-desservi
Belgique,1137,Ans,Landen,5,Sous-desservi
Belgique,1137,Ans,Landen,5,Sous-desservi
Belgique,1137,Ans,Landen,5,Sous-desservi
Belgique,1137,Ans,Landen,5,Sous-desservi
Belgique,1138,Louvain,Malines,6,Sous-desservi
Belgique,1138,Louvain,Malines,12,Desserte Normale
Belgique,1138,Louvain,Malines,15,Desserte Normale
Belgique,1138,Louvain,Malines,15,Desserte Normale
Belgique,1138,Louvain,Malines,12,Desserte Normale
Belgique,1138,Louvain,Malines,15,Desserte Normale
Belgique,1138,Louvain,Malines,12,Desserte Normale
Belgique,1138,Louvain,Malines,15,Desserte Normale
Belgique,1138,Louvain,Malines,12,Desserte Normale
Belgique,1138,Louvain,Malines,15,Desserte Normale
Belgique,1138,Louvain,Malines,15,Desserte Normale
Belgique,1138,Louvain,Malines,15,Desserte Normale
Belgique,1138,Louvain,Malines,15,Desserte Normale
Belgique,1138,Louvain,Malines,15,Desserte Normale
Belgique,1138,Louvain,Malines,15,Desserte Normale
Belgique,1138,Louvain,Malines,15,Desserte Normale
Belgique,1138,Louvain,Malines,12,Desserte Normale
Belgique,1138,Louvain,Malines,15,Desserte Normale
Belgique,1138,Louvain,Malines,15,Desserte Normale
Belgique,1138,Louvain,Malines,15,Desserte Normale
Belgique,1138,Louvain,Malines,15,Desserte Normale
Belgique,1138,Louvain,Malines,15,Desserte Normale
Belgique,1138,Louvain,Malines,15,Desserte Normale
Belgique,1138,Louvain,Malines,15,Desserte Normale
Belgique,1138,Louvain,Malines,15,Desserte Normale
Belgique,1138,Louvain,Malines,15,Desserte Normale
Belgique,1138,Louvain,Malines,15,Desserte Normale
Belgique,1138,Louvain,Malines,15,Desserte Normale
Belgique,1138,Louvain,Malines,15,Desserte Normale
Belgique,1138,Louvain,Malines,15,Desserte Normale
Belgique,1138,Louvain,Malines,15,Desserte Normale
Belgique,1138,Louvain,Malines,15,Desserte Normale
Belgique,1138,Louvain,Malines,12,Desserte Normale
Belgique,1138,Louvain,Malines,15,Desserte Normale
Belgique,1138,Louvain,Malines,15,Desserte Normale
Belgique,1138,Louvain,Malines,15,Desserte Normale
Belgique,1138,Louvain,Malines,15,Desserte Normale
Belgique,1139,Bruxelles-Midi,Liège-Guillemins,22,Desserte Normale
Belgique,1139,Bruxelles-Midi,Liège-Guillemins,32,Desserte Normale
Belgique,1139,Bruxelles-Midi,Liège-Guillemins,40,Desserte Normale
Belgique,1139,Bruxelles-Midi,Liège-Guillemins,35,Desserte Normale
Belgique,1139,Bruxelles-Midi,Liège-Guillemins,32,Desserte Normale
Belgique,1139,Bruxelles-Midi,Liège-Guillemins,55,Desserte Normale
Belgique,1139,Bruxelles-Midi,Liège-Guillemins,47,Desserte Normale
Belgique,1139,Bruxelles-Midi,Liège-Guillemins,40,Desserte Normale
Belgique,1139,Bruxelles-Midi,Liège-Guillemins,48,Desserte Normale
Belgique,1139,Bruxelles-Midi,Liège-Guillemins,60,Bien desservi
Belgique,1139,Bruxelles-Midi,Liège-Guillemins,60,Bien desservi
Belgique,1139,Bruxelles-Midi,Liège-Guillemins,60,Bien desservi
Belgique,1139,Bruxelles-Midi,Liège-Guillemins,60,Bien desservi
Belgique,1139,Bruxelles-Midi,Liège-Guillemins,20,Desserte Normale
Belgique,1139,Bruxelles-Midi,Liège-Guillemins,20,Desserte Normale
Belgique,1139,Bruxelles-Midi,Liège-Guillemins,20,Desserte Normale
Belgique,1139,Bruxelles-Midi,Liège-Guillemins,16,Desserte Normale
Belgique,1139,Bruxelles-Midi,Liège-Guillemins,20,Desserte Normale
Belgique,1139,Bruxelles-Midi,Liège-Guillemins,20,Desserte Normale
Belgique,1139,Bruxelles-Midi,Liège-Guillemins,20,Desserte Normale
Belgique,1139,Bruxelles-Midi,Liège-Guillemins,20,Desserte Normale
Belgique,1139,Bruxelles-Midi,Liège-Guillemins,20,Desserte Normale
Belgique,1139,Bruxelles-Midi,Liège-Guillemins,60,Bien desservi
Belgique,1139,Bruxelles-Midi,Liège-Guillemins,60,Bien desservi
Belgique,1139,Bruxelles-Midi,Liège-Guillemins,60,Bien desservi
Belgique,1139,Bruxelles-Midi,Liège-Guillemins,60,Bien desservi
Belgique,1139,Bruxelles-Midi,Liège-Guillemins,60,Bien desservi
Belgique,1139,Bruxelles-Midi,Liège-Guillemins,60,Bien desservi
Belgique,1139,Bruxelles-Midi,Liège-Guillemins,60,Bien desservi
Belgique,1139,Bruxelles-Midi,Liège-Guillemins,60,Bien desservi
Belgique,1139,Bruxelles-Midi,Liège-Guillemins,60,Bien desservi
Belgique,1139,Bruxelles-Midi,Liège-Guillemins,60,Bien desservi
Belgique,1139,Bruxelles-Midi,Liège-Guillemins,48,Desserte Normale
Belgique,1139,Bruxelles-Midi,Liège-Guillemins,60,Bien desservi
Belgique,1139,Bruxelles-Midi,Liège-Guillemins,60,Bien desservi
Belgique,1139,Bruxelles-Midi,Liège-Guillemins,60,Bien desservi
Belgique,1139,Bruxelles-Midi,Liège-Guillemins,60,Bien desservi
Belgique,114,Liège-Guillemins,Trois-Ponts,3,Sous-desservi
Belgique,1140,Deinze,Gand-Saint-Pierre,2,Sous-desservi
Belgique,1140,Deinze,Gand-Saint-Pierre,1,Sous-desservi
Belgique,1140,Deinze,Gand-Saint-Pierre,1,Sous-desservi
Belgique,1141,Liège-Guillemins,Statte,6,Sous-desservi
Belgique,1141,Liège-Guillemins,Statte,12,Desserte Normale
Belgique,1141,Liège-Guillemins,Statte,15,Desserte Normale
Belgique,1141,Liège-Guillemins,Statte,15,Desserte Normale
Belgique,1141,Liège-Guillemins,Statte,10,Desserte Normale
Belgique,1141,Liège-Guillemins,Statte,15,Desserte Normale
Belgique,1141,Liège-Guillemins,Statte,12,Desserte Normale
Belgique,1141,Liège-Guillemins,Statte,15,Desserte Normale
Belgique,1141,Liège-Guillemins,Statte,15,Desserte Normale
Belgique,1141,Liège-Guillemins,Statte,15,Desserte Normale
Belgique,1141,Liège-Guillemins,Statte,15,Desserte Normale
Belgique,1141,Liège-Guillemins,Statte,15,Desserte Normale
Belgique,1141,Liège-Guillemins,Statte,15,Desserte Normale
Belgique,1141,Liège-Guillemins,Statte,15,Desserte Normale
Belgique,1141,Liège-Guillemins,Statte,15,Desserte Normale
Belgique,1141,Liège-Guillemins,Statte,15,Desserte Normale
Belgique,1141,Liège-Guillemins,Statte,15,Desserte Normale
Belgique,1141,Liège-Guillemins,Statte,15,Desserte Normale
Belgique,1141,Liège-Guillemins,Statte,15,Desserte Normale
Belgique,1141,Liège-Guillemins,Statte,15,Desserte Normale
Belgique,1141,Liège-Guillemins,Statte,15,Desserte Normale
Belgique,1141,Liège-Guillemins,Statte,15,Desserte Normale
Belgique,1141,Liège-Guillemins,Statte,15,Desserte Normale
Belgique,1141,Liège-Guillemins,Statte,12,Desserte Normale
Belgique,1141,Liège-Guillemins,Statte,15,Desserte Normale
Belgique,1141,Liège-Guillemins,Statte,15,Desserte Normale
Belgique,1141,Liège-Guillemins,Statte,15,Desserte Normale
Belgique,1141,Liège-Guillemins,Statte,15,Desserte Normale
Belgique,1142,Gouvy,Liège-Guillemins,6,Sous-desservi
Belgique,1142,Gouvy,Liège-Guillemins,12,Desserte Normale
Belgique,1142,Gouvy,Liège-Guillemins,15,Desserte Normale
Belgique,1142,Gouvy,Liège-Guillemins,15,Desserte Normale
Belgique,1142,Gouvy,Liège-Guillemins,4,Sous-desservi
Belgique,1142,Gouvy,Liège-Guillemins,5,Sous-desservi
Belgique,1142,Gouvy,Liège-Guillemins,12,Desserte Normale
Belgique,1142,Gouvy,Liège-Guillemins,15,Desserte Normale
Belgique,1142,Gouvy,Liège-Guillemins,12,Desserte Normale
Belgique,1142,Gouvy,Liège-Guillemins,15,Desserte Normale
Belgique,1142,Gouvy,Liège-Guillemins,15,Desserte Normale
Belgique,1142,Gouvy,Liège-Guillemins,15,Desserte Normale
Belgique,1142,Gouvy,Liège-Guillemins,15,Desserte Normale
Belgique,1142,Gouvy,Liège-Guillemins,15,Desserte Normale
Belgique,1142,Gouvy,Liège-Guillemins,5,Sous-desservi
Belgique,1142,Gouvy,Liège-Guillemins,5,Sous-desservi
Belgique,1142,Gouvy,Liège-Guillemins,4,Sous-desservi
Belgique,1142,Gouvy,Liège-Guillemins,5,Sous-desservi
Belgique,1142,Gouvy,Liège-Guillemins,5,Sous-desservi
Belgique,1142,Gouvy,Liège-Guillemins,5,Sous-desservi
Belgique,1142,Gouvy,Liège-Guillemins,5,Sous-desservi
Belgique,1142,Gouvy,Liège-Guillemins,15,Desserte Normale
Belgique,1142,Gouvy,Liège-Guillemins,15,Desserte Normale
Belgique,1142,Gouvy,Liège-Guillemins,15,Desserte Normale
Belgique,1142,Gouvy,Liège-Guillemins,15,Desserte Normale
Belgique,1142,Gouvy,Liège-Guillemins,15,Desserte Normale
Belgique,1142,Gouvy,Liège-Guillemins,15,Desserte Normale
Belgique,1142,Gouvy,Liège-Guillemins,15,Desserte Normale
Belgique,1142,Gouvy,Liège-Guillemins,15,Desserte Normale
Belgique,1142,Gouvy,Liège-Guillemins,15,Desserte Normale
Belgique,1142,Gouvy,Liège-Guillemins,15,Desserte Normale
Belgique,1142,Gouvy,Liège-Guillemins,15,Desserte Normale
Belgique,1142,Gouvy,Liège-Guillemins,12,Desserte Normale
Belgique,1142,Gouvy,Liège-Guillemins,15,Desserte Normale
Belgique,1142,Gouvy,Liège-Guillemins,15,Desserte Normale
Belgique,1142,Gouvy,Liège-Guillemins,15,Desserte Normale
Belgique,1142,Gouvy,Liège-Guillemins,15,Desserte Normale
Belgique,1143,Huy,Namur,6,Sous-desservi
Belgique,1143,Huy,Namur,12,Desserte Normale
Belgique,1143,Huy,Namur,15,Desserte Normale
Belgique,1143,Huy,Namur,15,Desserte Normale
Belgique,1143,Huy,Namur,12,Desserte Normale
Belgique,1143,Huy,Namur,15,Desserte Normale
Belgique,1143,Huy,Namur,12,Desserte Normale
Belgique,1143,Huy,Namur,15,Desserte Normale
Belgique,1143,Huy,Namur,15,Desserte Normale
Belgique,1143,Huy,Namur,15,Desserte Normale
Belgique,1143,Huy,Namur,15,Desserte Normale
Belgique,1143,Huy,Namur,15,Desserte Normale
Belgique,1143,Huy,Namur,15,Desserte Normale
Belgique,1143,Huy,Namur,15,Desserte Normale
Belgique,1143,Huy,Namur,15,Desserte Normale
Belgique,1143,Huy,Namur,15,Desserte Normale
Belgique,1143,Huy,Namur,15,Desserte Normale
Belgique,1143,Huy,Namur,15,Desserte Normale
Belgique,1143,Huy,Namur,15,Desserte Normale
Belgique,1143,Huy,Namur,15,Desserte Normale
Belgique,1143,Huy,Namur,15,Desserte Normale
Belgique,1143,Huy,Namur,15,Desserte Normale
Belgique,1143,Huy,Namur,15,Desserte Normale
Belgique,1143,Huy,Namur,12,Desserte Normale
Belgique,1143,Huy,Namur,15,Desserte Normale
Belgique,1143,Huy,Namur,15,Desserte Normale
Belgique,1143,Huy,Namur,15,Desserte Normale
Belgique,1143,Huy,Namur,15,Desserte Normale
Belgique,1144,Bomal,Liège-Guillemins,1,Sous-desservi
Belgique,1144,Bomal,Liège-Guillemins,1,Sous-desservi
Belgique,1144,Bomal,Liège-Guillemins,1,Sous-desservi
Belgique,1144,Bomal,Liège-Guillemins,1,Sous-desservi
Belgique,1144,Bomal,Liège-Guillemins,1,Sous-desservi
Belgique,1144,Bomal,Liège-Guillemins,1,Sous-desservi
Belgique,1144,Bomal,Liège-Guillemins,1,Sous-desservi
Belgique,1144,Bomal,Liège-Guillemins,1,Sous-desservi
Belgique,1144,Bomal,Liège-Guillemins,1,Sous-desservi
Belgique,1144,Bomal,Liège-Guillemins,1,Sous-desservi
Belgique,1144,Bomal,Liège-Guillemins,1,Sous-desservi
Belgique,1144,Bomal,Liège-Guillemins,1,Sous-desservi
Belgique,1144,Bomal,Liège-Guillemins,1,Sous-desservi
Belgique,1144,Bomal,Liège-Guillemins,1,Sous-desservi
Belgique,1144,Bomal,Liège-Guillemins,1,Sous-desservi
Belgique,1144,Bomal,Liège-Guillemins,1,Sous-desservi
Belgique,1144,Bomal,Liège-Guillemins,1,Sous-desservi
Belgique,1144,Bomal,Liège-Guillemins,1,Sous-desservi
Belgique,1144,Bomal,Liège-Guillemins,1,Sous-desservi
Belgique,1144,Bomal,Liège-Guillemins,1,Sous-desservi
Belgique,1144,Bomal,Liège-Guillemins,1,Sous-desservi
Belgique,1144,Bomal,Liège-Guillemins,1,Sous-desservi
Belgique,1144,Bomal,Liège-Guillemins,1,Sous-desservi
Belgique,1144,Bomal,Liège-Guillemins,1,Sous-desservi
Belgique,1144,Bomal,Liège-Guillemins,1,Sous-desservi
Belgique,1144,Bomal,Liège-Guillemins,1,Sous-desservi
Belgique,1145,Spa-Géronstère,Verviers-Central,2,Sous-desservi
Belgique,1145,Spa-Géronstère,Verviers-Central,4,Sous-desservi
Belgique,1145,Spa-Géronstère,Verviers-Central,5,Sous-desservi
Belgique,1145,Spa-Géronstère,Verviers-Central,5,Sous-desservi
Belgique,1145,Spa-Géronstère,Verviers-Central,3,Sous-desservi
Belgique,1145,Spa-Géronstère,Verviers-Central,5,Sous-desservi
Belgique,1145,Spa-Géronstère,Verviers-Central,4,Sous-desservi
Belgique,1145,Spa-Géronstère,Verviers-Central,5,Sous-desservi
Belgique,1145,Spa-Géronstère,Verviers-Central,5,Sous-desservi
Belgique,1145,Spa-Géronstère,Verviers-Central,5,Sous-desservi
Belgique,1145,Spa-Géronstère,Verviers-Central,5,Sous-desservi
Belgique,1145,Spa-Géronstère,Verviers-Central,5,Sous-desservi
Belgique,1145,Spa-Géronstère,Verviers-Central,5,Sous-desservi
Belgique,1145,Spa-Géronstère,Verviers-Central,5,Sous-desservi
Belgique,1145,Spa-Géronstère,Verviers-Central,5,Sous-desservi
Belgique,1145,Spa-Géronstère,Verviers-Central,5,Sous-desservi
Belgique,1145,Spa-Géronstère,Verviers-Central,5,Sous-desservi
Belgique,1145,Spa-Géronstère,Verviers-Central,5,Sous-desservi
Belgique,1145,Spa-Géronstère,Verviers-Central,5,Sous-desservi
Belgique,1145,Spa-Géronstère,Verviers-Central,5,Sous-desservi
Belgique,1145,Spa-Géronstère,Verviers-Central,5,Sous-desservi
Belgique,1145,Spa-Géronstère,Verviers-Central,5,Sous-desservi
Belgique,1145,Spa-Géronstère,Verviers-Central,5,Sous-desservi
Belgique,1145,Spa-Géronstère,Verviers-Central,4,Sous-desservi
Belgique,1145,Spa-Géronstère,Verviers-Central,5,Sous-desservi
Belgique,1145,Spa-Géronstère,Verviers-Central,5,Sous-desservi
Belgique,1145,Spa-Géronstère,Verviers-Central,5,Sous-desservi
Belgique,1145,Spa-Géronstère,Verviers-Central,5,Sous-desservi
Belgique,1146,Grammont,Mouscron,2,Sous-desservi
Belgique,1146,Grammont,Mouscron,4,Sous-desservi
Belgique,1146,Grammont,Mouscron,5,Sous-desservi
Belgique,1146,Grammont,Mouscron,5,Sous-desservi
Belgique,1146,Grammont,Mouscron,4,Sous-desservi
Belgique,1146,Grammont,Mouscron,5,Sous-desservi
Belgique,1146,Grammont,Mouscron,4,Sous-desservi
Belgique,1146,Grammont,Mouscron,5,Sous-desservi
Belgique,1146,Grammont,Mouscron,5,Sous-desservi
Belgique,1146,Grammont,Mouscron,5,Sous-desservi
Belgique,1146,Grammont,Mouscron,5,Sous-desservi
Belgique,1146,Grammont,Mouscron,5,Sous-desservi
Belgique,1146,Grammont,Mouscron,5,Sous-desservi
Belgique,1146,Grammont,Mouscron,5,Sous-desservi
Belgique,1146,Grammont,Mouscron,5,Sous-desservi
Belgique,1146,Grammont,Mouscron,5,Sous-desservi
Belgique,1146,Grammont,Mouscron,5,Sous-desservi
Belgique,1146,Grammont,Mouscron,5,Sous-desservi
Belgique,1146,Grammont,Mouscron,5,Sous-desservi
Belgique,1146,Grammont,Mouscron,5,Sous-desservi
Belgique,1146,Grammont,Mouscron,5,Sous-desservi
Belgique,1146,Grammont,Mouscron,5,Sous-desservi
Belgique,1146,Grammont,Mouscron,5,Sous-desservi
Belgique,1146,Grammont,Mouscron,4,Sous-desservi
Belgique,1146,Grammont,Mouscron,5,Sous-desservi
Belgique,1146,Grammont,Mouscron,5,Sous-desservi
Belgique,1146,Grammont,Mouscron,5,Sous-desservi
Belgique,1146,Grammont,Mouscron,5,Sous-desservi
Belgique,1147,Mouscron,Tournai,8,Desserte Normale
Belgique,1147,Mouscron,Tournai,20,Desserte Normale
Belgique,1147,Mouscron,Tournai,20,Desserte Normale
Belgique,1148,Mouscron,Schaerbeek,8,Desserte Normale
Belgique,1148,Mouscron,Schaerbeek,16,Desserte Normale
Belgique,1148,Mouscron,Schaerbeek,20,Desserte Normale
Belgique,1148,Mouscron,Schaerbeek,20,Desserte Normale
Belgique,1148,Mouscron,Schaerbeek,16,Desserte Normale
Belgique,1148,Mouscron,Schaerbeek,20,Desserte Normale
Belgique,1148,Mouscron,Schaerbeek,15,Desserte Normale
Belgique,1148,Mouscron,Schaerbeek,20,Desserte Normale
Belgique,1148,Mouscron,Schaerbeek,16,Desserte Normale
Belgique,1148,Mouscron,Schaerbeek,20,Desserte Normale
Belgique,1148,Mouscron,Schaerbeek,20,Desserte Normale
Belgique,1148,Mouscron,Schaerbeek,20,Desserte Normale
Belgique,1148,Mouscron,Schaerbeek,20,Desserte Normale
Belgique,1148,Mouscron,Schaerbeek,20,Desserte Normale
Belgique,1148,Mouscron,Schaerbeek,20,Desserte Normale
Belgique,1148,Mouscron,Schaerbeek,20,Desserte Normale
Belgique,1148,Mouscron,Schaerbeek,16,Desserte Normale
Belgique,1148,Mouscron,Schaerbeek,20,Desserte Normale
Belgique,1148,Mouscron,Schaerbeek,12,Desserte Normale
Belgique,1148,Mouscron,Schaerbeek,20,Desserte Normale
Belgique,1148,Mouscron,Schaerbeek,20,Desserte Normale
Belgique,1148,Mouscron,Schaerbeek,20,Desserte Normale
Belgique,1148,Mouscron,Schaerbeek,20,Desserte Normale
Belgique,1148,Mouscron,Schaerbeek,20,Desserte Normale
Belgique,1148,Mouscron,Schaerbeek,20,Desserte Normale
Belgique,1148,Mouscron,Schaerbeek,20,Desserte Normale
Belgique,1148,Mouscron,Schaerbeek,20,Desserte Normale
Belgique,1148,Mouscron,Schaerbeek,20,Desserte Normale
Belgique,1148,Mouscron,Schaerbeek,20,Desserte Normale
Belgique,1148,Mouscron,Schaerbeek,20,Desserte Normale
Belgique,1148,Mouscron,Schaerbeek,16,Desserte Normale
Belgique,1148,Mouscron,Schaerbeek,20,Desserte Normale
Belgique,1148,Mouscron,Schaerbeek,20,Desserte Normale
Belgique,1148,Mouscron,Schaerbeek,20,Desserte Normale
Belgique,1148,Mouscron,Schaerbeek,20,Desserte Normale
Belgique,1149,Eeklo,Renaix,122,Bien desservi
Belgique,1149,Eeklo,Renaix,215,Bien desservi
Belgique,1149,Eeklo,Renaix,217,Bien desservi
Belgique,1149,Eeklo,Renaix,217,Bien desservi
Belgique,1149,Eeklo,Renaix,214,Bien desservi
Belgique,1149,Eeklo,Renaix,160,Bien desservi
Belgique,1149,Eeklo,Renaix,215,Bien desservi
Belgique,1149,Eeklo,Renaix,160,Bien desservi
Belgique,1149,Eeklo,Renaix,155,Bien desservi
Belgique,1149,Eeklo,Renaix,218,Bien desservi
Belgique,1149,Eeklo,Renaix,218,Bien desservi
Belgique,1149,Eeklo,Renaix,160,Bien desservi
Belgique,1149,Eeklo,Renaix,208,Bien desservi
Belgique,1149,Eeklo,Renaix,160,Bien desservi
Belgique,1149,Eeklo,Renaix,186,Bien desservi
Belgique,1149,Eeklo,Renaix,218,Bien desservi
Belgique,1149,Eeklo,Renaix,215,Bien desservi
Belgique,1149,Eeklo,Renaix,160,Bien desservi
Belgique,1149,Eeklo,Renaix,218,Bien desservi
Belgique,1149,Eeklo,Renaix,160,Bien desservi
Belgique,1149,Eeklo,Renaix,218,Bien desservi
Belgique,1149,Eeklo,Renaix,218,Bien desservi
Belgique,1149,Eeklo,Renaix,160,Bien desservi
Belgique,1149,Eeklo,Renaix,208,Bien desservi
Belgique,1149,Eeklo,Renaix,218,Bien desservi
Belgique,1149,Eeklo,Renaix,160,Bien desservi
Belgique,1149,Eeklo,Renaix,160,Bien desservi
Belgique,1149,Eeklo,Renaix,218,Bien desservi
Belgique,1149,Eeklo,Renaix,218,Bien desservi
Belgique,1149,Eeklo,Renaix,218,Bien desservi
Belgique,1149,Eeklo,Renaix,218,Bien desservi
Belgique,1149,Eeklo,Renaix,218,Bien desservi
Belgique,1149,Eeklo,Renaix,215,Bien desservi
Belgique,1149,Eeklo,Renaix,218,Bien desservi
Belgique,1149,Eeklo,Renaix,218,Bien desservi
Belgique,1149,Eeklo,Renaix,218,Bien desservi
Belgique,1149,Eeklo,Renaix,189,Bien desservi
Belgique,115,Liers,Trois-Ponts,25,Desserte Normale
Belgique,1150,Renaix,Wondelgem,58,Bien desservi
Belgique,1150,Renaix,Wondelgem,32,Desserte Normale
Belgique,1151,Mons,Tournai,12,Desserte Normale
Belgique,1151,Mons,Tournai,26,Desserte Normale
Belgique,1151,Mons,Tournai,32,Desserte Normale
Belgique,1151,Mons,Tournai,32,Desserte Normale
Belgique,1151,Mons,Tournai,24,Desserte Normale
Belgique,1151,Mons,Tournai,30,Desserte Normale
Belgique,1151,Mons,Tournai,26,Desserte Normale
Belgique,1151,Mons,Tournai,32,Desserte Normale
Belgique,1151,Mons,Tournai,26,Desserte Normale
Belgique,1151,Mons,Tournai,32,Desserte Normale
Belgique,1151,Mons,Tournai,32,Desserte Normale
Belgique,1151,Mons,Tournai,32,Desserte Normale
Belgique,1151,Mons,Tournai,32,Desserte Normale
Belgique,1151,Mons,Tournai,32,Desserte Normale
Belgique,1151,Mons,Tournai,30,Desserte Normale
Belgique,1151,Mons,Tournai,30,Desserte Normale
Belgique,1151,Mons,Tournai,24,Desserte Normale
Belgique,1151,Mons,Tournai,30,Desserte Normale
Belgique,1151,Mons,Tournai,30,Desserte Normale
Belgique,1151,Mons,Tournai,30,Desserte Normale
Belgique,1151,Mons,Tournai,30,Desserte Normale
Belgique,1151,Mons,Tournai,32,Desserte Normale
Belgique,1151,Mons,Tournai,32,Desserte Normale
Belgique,1151,Mons,Tournai,32,Desserte Normale
Belgique,1151,Mons,Tournai,32,Desserte Normale
Belgique,1151,Mons,Tournai,32,Desserte Normale
Belgique,1151,Mons,Tournai,32,Desserte Normale
Belgique,1151,Mons,Tournai,32,Desserte Normale
Belgique,1151,Mons,Tournai,32,Desserte Normale
Belgique,1151,Mons,Tournai,32,Desserte Normale
Belgique,1151,Mons,Tournai,32,Desserte Normale
Belgique,1151,Mons,Tournai,32,Desserte Normale
Belgique,1151,Mons,Tournai,24,Desserte Normale
Belgique,1151,Mons,Tournai,32,Desserte Normale
Belgique,1151,Mons,Tournai,32,Desserte Normale
Belgique,1151,Mons,Tournai,32,Desserte Normale
Belgique,1151,Mons,Tournai,32,Desserte Normale
Belgique,1152,Gand-Saint-Pierre,Renaix,4,Sous-desservi
Belgique,1152,Gand-Saint-Pierre,Renaix,8,Desserte Normale
Belgique,1152,Gand-Saint-Pierre,Renaix,10,Desserte Normale
Belgique,1152,Gand-Saint-Pierre,Renaix,10,Desserte Normale
Belgique,1152,Gand-Saint-Pierre,Renaix,9,Desserte Normale
Belgique,1152,Gand-Saint-Pierre,Renaix,10,Desserte Normale
Belgique,1152,Gand-Saint-Pierre,Renaix,8,Desserte Normale
Belgique,1152,Gand-Saint-Pierre,Renaix,68,Bien desservi
Belgique,1152,Gand-Saint-Pierre,Renaix,66,Bien desservi
Belgique,1152,Gand-Saint-Pierre,Renaix,10,Desserte Normale
Belgique,1152,Gand-Saint-Pierre,Renaix,10,Desserte Normale
Belgique,1152,Gand-Saint-Pierre,Renaix,10,Desserte Normale
Belgique,1152,Gand-Saint-Pierre,Renaix,10,Desserte Normale
Belgique,1152,Gand-Saint-Pierre,Renaix,10,Desserte Normale
Belgique,1152,Gand-Saint-Pierre,Renaix,10,Desserte Normale
Belgique,1152,Gand-Saint-Pierre,Renaix,10,Desserte Normale
Belgique,1152,Gand-Saint-Pierre,Renaix,8,Desserte Normale
Belgique,1152,Gand-Saint-Pierre,Renaix,10,Desserte Normale
Belgique,1152,Gand-Saint-Pierre,Renaix,10,Desserte Normale
Belgique,1152,Gand-Saint-Pierre,Renaix,10,Desserte Normale
Belgique,1152,Gand-Saint-Pierre,Renaix,10,Desserte Normale
Belgique,1152,Gand-Saint-Pierre,Renaix,10,Desserte Normale
Belgique,1152,Gand-Saint-Pierre,Renaix,10,Desserte Normale
Belgique,1152,Gand-Saint-Pierre,Renaix,10,Desserte Normale
Belgique,1152,Gand-Saint-Pierre,Renaix,10,Desserte Normale
Belgique,1152,Gand-Saint-Pierre,Renaix,10,Desserte Normale
Belgique,1152,Gand-Saint-Pierre,Renaix,10,Desserte Normale
Belgique,1152,Gand-Saint-Pierre,Renaix,10,Desserte Normale
Belgique,1152,Gand-Saint-Pierre,Renaix,10,Desserte Normale
Belgique,1152,Gand-Saint-Pierre,Renaix,10,Desserte Normale
Belgique,1152,Gand-Saint-Pierre,Renaix,10,Desserte Normale
Belgique,1152,Gand-Saint-Pierre,Renaix,10,Desserte Normale
Belgique,1152,Gand-Saint-Pierre,Renaix,8,Desserte Normale
Belgique,1152,Gand-Saint-Pierre,Renaix,10,Desserte Normale
Belgique,1152,Gand-Saint-Pierre,Renaix,10,Desserte Normale
Belgique,1152,Gand-Saint-Pierre,Renaix,10,Desserte Normale
Belgique,1152,Gand-Saint-Pierre,Renaix,10,Desserte Normale
Belgique,1153,Audenarde,Eeklo,6,Sous-desservi
Belgique,1153,Audenarde,Eeklo,11,Desserte Normale
Belgique,1153,Audenarde,Eeklo,12,Desserte Normale
Belgique,1153,Audenarde,Eeklo,12,Desserte Normale
Belgique,1153,Audenarde,Eeklo,11,Desserte Normale
Belgique,1153,Audenarde,Eeklo,70,Bien desservi
Belgique,1153,Audenarde,Eeklo,11,Desserte Normale
Belgique,1153,Audenarde,Eeklo,10,Desserte Normale
Belgique,1153,Audenarde,Eeklo,11,Desserte Normale
Belgique,1153,Audenarde,Eeklo,12,Desserte Normale
Belgique,1153,Audenarde,Eeklo,12,Desserte Normale
Belgique,1153,Audenarde,Eeklo,10,Desserte Normale
Belgique,1153,Audenarde,Eeklo,22,Desserte Normale
Belgique,1153,Audenarde,Eeklo,10,Desserte Normale
Belgique,1153,Audenarde,Eeklo,10,Desserte Normale
Belgique,1153,Audenarde,Eeklo,12,Desserte Normale
Belgique,1153,Audenarde,Eeklo,11,Desserte Normale
Belgique,1153,Audenarde,Eeklo,10,Desserte Normale
Belgique,1153,Audenarde,Eeklo,12,Desserte Normale
Belgique,1153,Audenarde,Eeklo,10,Desserte Normale
Belgique,1153,Audenarde,Eeklo,12,Desserte Normale
Belgique,1153,Audenarde,Eeklo,12,Desserte Normale
Belgique,1153,Audenarde,Eeklo,10,Desserte Normale
Belgique,1153,Audenarde,Eeklo,22,Desserte Normale
Belgique,1153,Audenarde,Eeklo,12,Desserte Normale
Belgique,1153,Audenarde,Eeklo,70,Bien desservi
Belgique,1153,Audenarde,Eeklo,10,Desserte Normale
Belgique,1153,Audenarde,Eeklo,12,Desserte Normale
Belgique,1153,Audenarde,Eeklo,12,Desserte Normale
Belgique,1153,Audenarde,Eeklo,12,Desserte Normale
Belgique,1153,Audenarde,Eeklo,12,Desserte Normale
Belgique,1153,Audenarde,Eeklo,12,Desserte Normale
Belgique,1153,Audenarde,Eeklo,11,Desserte Normale
Belgique,1153,Audenarde,Eeklo,12,Desserte Normale
Belgique,1153,Audenarde,Eeklo,12,Desserte Normale
Belgique,1153,Audenarde,Eeklo,12,Desserte Normale
Belgique,1153,Audenarde,Eeklo,11,Desserte Normale
Belgique,1154,Grammont,Schaerbeek,8,Desserte Normale
Belgique,1154,Grammont,Schaerbeek,8,Desserte Normale
Belgique,1154,Grammont,Schaerbeek,10,Desserte Normale
Belgique,1154,Grammont,Schaerbeek,20,Desserte Normale
Belgique,1154,Grammont,Schaerbeek,16,Desserte Normale
Belgique,1154,Grammont,Schaerbeek,20,Desserte Normale
Belgique,1154,Grammont,Schaerbeek,15,Desserte Normale
Belgique,1154,Grammont,Schaerbeek,20,Desserte Normale
Belgique,1154,Grammont,Schaerbeek,16,Desserte Normale
Belgique,1154,Grammont,Schaerbeek,20,Desserte Normale
Belgique,1154,Grammont,Schaerbeek,20,Desserte Normale
Belgique,1154,Grammont,Schaerbeek,20,Desserte Normale
Belgique,1154,Grammont,Schaerbeek,20,Desserte Normale
Belgique,1154,Grammont,Schaerbeek,10,Desserte Normale
Belgique,1154,Grammont,Schaerbeek,10,Desserte Normale
Belgique,1154,Grammont,Schaerbeek,10,Desserte Normale
Belgique,1154,Grammont,Schaerbeek,8,Desserte Normale
Belgique,1154,Grammont,Schaerbeek,10,Desserte Normale
Belgique,1154,Grammont,Schaerbeek,6,Sous-desservi
Belgique,1154,Grammont,Schaerbeek,10,Desserte Normale
Belgique,1154,Grammont,Schaerbeek,20,Desserte Normale
Belgique,1154,Grammont,Schaerbeek,20,Desserte Normale
Belgique,1154,Grammont,Schaerbeek,20,Desserte Normale
Belgique,1154,Grammont,Schaerbeek,20,Desserte Normale
Belgique,1154,Grammont,Schaerbeek,20,Desserte Normale
Belgique,1154,Grammont,Schaerbeek,20,Desserte Normale
Belgique,1154,Grammont,Schaerbeek,20,Desserte Normale
Belgique,1154,Grammont,Schaerbeek,20,Desserte Normale
Belgique,1154,Grammont,Schaerbeek,20,Desserte Normale
Belgique,1154,Grammont,Schaerbeek,20,Desserte Normale
Belgique,1154,Grammont,Schaerbeek,16,Desserte Normale
Belgique,1154,Grammont,Schaerbeek,20,Desserte Normale
Belgique,1154,Grammont,Schaerbeek,20,Desserte Normale
Belgique,1154,Grammont,Schaerbeek,20,Desserte Normale
Belgique,1154,Grammont,Schaerbeek,20,Desserte Normale
Belgique,1155,Ath,Mons,2,Sous-desservi
Belgique,1155,Ath,Mons,4,Sous-desservi
Belgique,1155,Ath,Mons,5,Sous-desservi
Belgique,1155,Ath,Mons,5,Sous-desservi
Belgique,1155,Ath,Mons,4,Sous-desservi
Belgique,1155,Ath,Mons,5,Sous-desservi
Belgique,1155,Ath,Mons,4,Sous-desservi
Belgique,1155,Ath,Mons,5,Sous-desservi
Belgique,1155,Ath,Mons,5,Sous-desservi
Belgique,1155,Ath,Mons,5,Sous-desservi
Belgique,1155,Ath,Mons,5,Sous-desservi
Belgique,1155,Ath,Mons,5,Sous-desservi
Belgique,1155,Ath,Mons,5,Sous-desservi
Belgique,1155,Ath,Mons,5,Sous-desservi
Belgique,1155,Ath,Mons,5,Sous-desservi
Belgique,1155,Ath,Mons,5,Sous-desservi
Belgique,1155,Ath,Mons,5,Sous-desservi
Belgique,1155,Ath,Mons,5,Sous-desservi
Belgique,1155,Ath,Mons,5,Sous-desservi
Belgique,1155,Ath,Mons,5,Sous-desservi
Belgique,1155,Ath,Mons,5,Sous-desservi
Belgique,1155,Ath,Mons,4,Sous-desservi
Belgique,1155,Ath,Mons,5,Sous-desservi
Belgique,1155,Ath,Mons,5,Sous-desservi
Belgique,1155,Ath,Mons,5,Sous-desservi
Belgique,1155,Ath,Mons,5,Sous-desservi
Belgique,1156,Ath,Jurbise,1,Sous-desservi
Belgique,1156,Ath,Jurbise,1,Sous-desservi
Belgique,1156,Ath,Jurbise,1,Sous-desservi
Belgique,1156,Ath,Jurbise,1,Sous-desservi
Belgique,1156,Ath,Jurbise,1,Sous-desservi
Belgique,1156,Ath,Jurbise,1,Sous-desservi
Belgique,1156,Ath,Jurbise,1,Sous-desservi
Belgique,1156,Ath,Jurbise,1,Sous-desservi
Belgique,1156,Ath,Jurbise,1,Sous-desservi
Belgique,1156,Ath,Jurbise,1,Sous-desservi
Belgique,1156,Ath,Jurbise,1,Sous-desservi
Belgique,1156,Ath,Jurbise,1,Sous-desservi
Belgique,1156,Ath,Jurbise,1,Sous-desservi
Belgique,1156,Ath,Jurbise,1,Sous-desservi
Belgique,1156,Ath,Jurbise,1,Sous-desservi
Belgique,1156,Ath,Jurbise,1,Sous-desservi
Belgique,1156,Ath,Jurbise,1,Sous-desservi
Belgique,1156,Ath,Jurbise,1,Sous-desservi
Belgique,1156,Ath,Jurbise,1,Sous-desservi
Belgique,1156,Ath,Jurbise,1,Sous-desservi
Belgique,1156,Ath,Jurbise,1,Sous-desservi
Belgique,1156,Ath,Jurbise,1,Sous-desservi
Belgique,1156,Ath,Jurbise,1,Sous-desservi
Belgique,1156,Ath,Jurbise,1,Sous-desservi
Belgique,1156,Ath,Jurbise,1,Sous-desservi
Belgique,1156,Ath,Jurbise,1,Sous-desservi
Belgique,1157,Ath,Grammont,4,Sous-desservi
Belgique,1157,Ath,Grammont,9,Desserte Normale
Belgique,1157,Ath,Grammont,11,Desserte Normale
Belgique,1157,Ath,Grammont,11,Desserte Normale
Belgique,1157,Ath,Grammont,9,Desserte Normale
Belgique,1157,Ath,Grammont,11,Desserte Normale
Belgique,1157,Ath,Grammont,9,Desserte Normale
Belgique,1157,Ath,Grammont,11,Desserte Normale
Belgique,1157,Ath,Grammont,11,Desserte Normale
Belgique,1157,Ath,Grammont,11,Desserte Normale
Belgique,1157,Ath,Grammont,11,Desserte Normale
Belgique,1157,Ath,Grammont,11,Desserte Normale
Belgique,1157,Ath,Grammont,11,Desserte Normale
Belgique,1157,Ath,Grammont,11,Desserte Normale
Belgique,1157,Ath,Grammont,11,Desserte Normale
Belgique,1157,Ath,Grammont,11,Desserte Normale
Belgique,1157,Ath,Grammont,11,Desserte Normale
Belgique,1157,Ath,Grammont,11,Desserte Normale
Belgique,1157,Ath,Grammont,11,Desserte Normale
Belgique,1157,Ath,Grammont,11,Desserte Normale
Belgique,1157,Ath,Grammont,11,Desserte Normale
Belgique,1157,Ath,Grammont,11,Desserte Normale
Belgique,1157,Ath,Grammont,11,Desserte Normale
Belgique,1157,Ath,Grammont,8,Desserte Normale
Belgique,1157,Ath,Grammont,11,Desserte Normale
Belgique,1157,Ath,Grammont,11,Desserte Normale
Belgique,1157,Ath,Grammont,11,Desserte Normale
Belgique,1157,Ath,Grammont,11,Desserte Normale
Belgique,1158,Grammont,Mons,6,Sous-desservi
Belgique,1158,Grammont,Mons,12,Desserte Normale
Belgique,1158,Grammont,Mons,15,Desserte Normale
Belgique,1158,Grammont,Mons,15,Desserte Normale
Belgique,1158,Grammont,Mons,11,Desserte Normale
Belgique,1158,Grammont,Mons,15,Desserte Normale
Belgique,1158,Grammont,Mons,12,Desserte Normale
Belgique,1158,Grammont,Mons,15,Desserte Normale
Belgique,1158,Grammont,Mons,15,Desserte Normale
Belgique,1158,Grammont,Mons,15,Desserte Normale
Belgique,1158,Grammont,Mons,15,Desserte Normale
Belgique,1158,Grammont,Mons,15,Desserte Normale
Belgique,1158,Grammont,Mons,15,Desserte Normale
Belgique,1158,Grammont,Mons,15,Desserte Normale
Belgique,1158,Grammont,Mons,15,Desserte Normale
Belgique,1158,Grammont,Mons,15,Desserte Normale
Belgique,1158,Grammont,Mons,15,Desserte Normale
Belgique,1158,Grammont,Mons,15,Desserte Normale
Belgique,1158,Grammont,Mons,15,Desserte Normale
Belgique,1158,Grammont,Mons,15,Desserte Normale
Belgique,1158,Grammont,Mons,5,Sous-desservi
Belgique,1158,Grammont,Mons,5,Sous-desservi
Belgique,1158,Grammont,Mons,15,Desserte Normale
Belgique,1158,Grammont,Mons,12,Desserte Normale
Belgique,1158,Grammont,Mons,15,Desserte Normale
Belgique,1158,Grammont,Mons,15,Desserte Normale
Belgique,1158,Grammont,Mons,15,Desserte Normale
Belgique,1158,Grammont,Mons,15,Desserte Normale
Belgique,1159,Bruxelles-Midi,Rochefort-Jemelle,10,Desserte Normale
Belgique,1159,Bruxelles-Midi,Rochefort-Jemelle,20,Desserte Normale
Belgique,1159,Bruxelles-Midi,Rochefort-Jemelle,25,Desserte Normale
Belgique,1159,Bruxelles-Midi,Rochefort-Jemelle,15,Desserte Normale
Belgique,1159,Bruxelles-Midi,Rochefort-Jemelle,12,Desserte Normale
Belgique,1159,Bruxelles-Midi,Rochefort-Jemelle,25,Desserte Normale
Belgique,1159,Bruxelles-Midi,Rochefort-Jemelle,15,Desserte Normale
Belgique,1159,Bruxelles-Midi,Rochefort-Jemelle,25,Desserte Normale
Belgique,1159,Bruxelles-Midi,Rochefort-Jemelle,20,Desserte Normale
Belgique,1159,Bruxelles-Midi,Rochefort-Jemelle,25,Desserte Normale
Belgique,1159,Bruxelles-Midi,Rochefort-Jemelle,25,Desserte Normale
Belgique,1159,Bruxelles-Midi,Rochefort-Jemelle,25,Desserte Normale
Belgique,1159,Bruxelles-Midi,Rochefort-Jemelle,25,Desserte Normale
Belgique,1159,Bruxelles-Midi,Rochefort-Jemelle,15,Desserte Normale
Belgique,1159,Bruxelles-Midi,Rochefort-Jemelle,15,Desserte Normale
Belgique,1159,Bruxelles-Midi,Rochefort-Jemelle,15,Desserte Normale
Belgique,1159,Bruxelles-Midi,Rochefort-Jemelle,12,Desserte Normale
Belgique,1159,Bruxelles-Midi,Rochefort-Jemelle,15,Desserte Normale
Belgique,1159,Bruxelles-Midi,Rochefort-Jemelle,15,Desserte Normale
Belgique,1159,Bruxelles-Midi,Rochefort-Jemelle,15,Desserte Normale
Belgique,1159,Bruxelles-Midi,Rochefort-Jemelle,15,Desserte Normale
Belgique,1159,Bruxelles-Midi,Rochefort-Jemelle,15,Desserte Normale
Belgique,1159,Bruxelles-Midi,Rochefort-Jemelle,25,Desserte Normale
Belgique,1159,Bruxelles-Midi,Rochefort-Jemelle,25,Desserte Normale
Belgique,1159,Bruxelles-Midi,Rochefort-Jemelle,25,Desserte Normale
Belgique,1159,Bruxelles-Midi,Rochefort-Jemelle,25,Desserte Normale
Belgique,1159,Bruxelles-Midi,Rochefort-Jemelle,25,Desserte Normale
Belgique,1159,Bruxelles-Midi,Rochefort-Jemelle,25,Desserte Normale
Belgique,1159,Bruxelles-Midi,Rochefort-Jemelle,25,Desserte Normale
Belgique,1159,Bruxelles-Midi,Rochefort-Jemelle,25,Desserte Normale
Belgique,1159,Bruxelles-Midi,Rochefort-Jemelle,25,Desserte Normale
Belgique,1159,Bruxelles-Midi,Rochefort-Jemelle,25,Desserte Normale
Belgique,1159,Bruxelles-Midi,Rochefort-Jemelle,20,Desserte Normale
Belgique,1159,Bruxelles-Midi,Rochefort-Jemelle,25,Desserte Normale
Belgique,1159,Bruxelles-Midi,Rochefort-Jemelle,25,Desserte Normale
Belgique,1159,Bruxelles-Midi,Rochefort-Jemelle,25,Desserte Normale
Belgique,1159,Bruxelles-Midi,Rochefort-Jemelle,25,Desserte Normale
Belgique,116,Namur,Yvoir,16,Desserte Normale
Belgique,116,Namur,Yvoir,2,Sous-desservi
Belgique,116,Namur,Yvoir,3,Sous-desservi
Belgique,116,Namur,Yvoir,2,Sous-desservi
Belgique,1160,Bruxelles-Midi,Ciney,1,Sous-desservi
Belgique,1161,Bruxelles-Midi,Namur,2,Sous-desservi
Belgique,1161,Bruxelles-Midi,Namur,4,Sous-desservi
Belgique,1161,Bruxelles-Midi,Namur,5,Sous-desservi
Belgique,1161,Bruxelles-Midi,Namur,5,Sous-desservi
Belgique,1161,Bruxelles-Midi,Namur,4,Sous-desservi
Belgique,1161,Bruxelles-Midi,Namur,5,Sous-desservi
Belgique,1161,Bruxelles-Midi,Namur,6,Sous-desservi
Belgique,1161,Bruxelles-Midi,Namur,5,Sous-desservi
Belgique,1161,Bruxelles-Midi,Namur,4,Sous-desservi
Belgique,1161,Bruxelles-Midi,Namur,5,Sous-desservi
Belgique,1161,Bruxelles-Midi,Namur,5,Sous-desservi
Belgique,1161,Bruxelles-Midi,Namur,5,Sous-desservi
Belgique,1161,Bruxelles-Midi,Namur,5,Sous-desservi
Belgique,1161,Bruxelles-Midi,Namur,5,Sous-desservi
Belgique,1161,Bruxelles-Midi,Namur,5,Sous-desservi
Belgique,1161,Bruxelles-Midi,Namur,5,Sous-desservi
Belgique,1161,Bruxelles-Midi,Namur,4,Sous-desservi
Belgique,1161,Bruxelles-Midi,Namur,5,Sous-desservi
Belgique,1161,Bruxelles-Midi,Namur,5,Sous-desservi
Belgique,1161,Bruxelles-Midi,Namur,5,Sous-desservi
Belgique,1161,Bruxelles-Midi,Namur,5,Sous-desservi
Belgique,1161,Bruxelles-Midi,Namur,5,Sous-desservi
Belgique,1161,Bruxelles-Midi,Namur,5,Sous-desservi
Belgique,1161,Bruxelles-Midi,Namur,5,Sous-desservi
Belgique,1161,Bruxelles-Midi,Namur,5,Sous-desservi
Belgique,1161,Bruxelles-Midi,Namur,5,Sous-desservi
Belgique,1161,Bruxelles-Midi,Namur,5,Sous-desservi
Belgique,1161,Bruxelles-Midi,Namur,5,Sous-desservi
Belgique,1161,Bruxelles-Midi,Namur,5,Sous-desservi
Belgique,1161,Bruxelles-Midi,Namur,5,Sous-desservi
Belgique,1161,Bruxelles-Midi,Namur,5,Sous-desservi
Belgique,1161,Bruxelles-Midi,Namur,5,Sous-desservi
Belgique,1161,Bruxelles-Midi,Namur,4,Sous-desservi
Belgique,1161,Bruxelles-Midi,Namur,5,Sous-desservi
Belgique,1161,Bruxelles-Midi,Namur,5,Sous-desservi
Belgique,1161,Bruxelles-Midi,Namur,5,Sous-desservi
Belgique,1161,Bruxelles-Midi,Namur,5,Sous-desservi
Belgique,1162,Arlon,Marloie,4,Sous-desservi
Belgique,1162,Arlon,Marloie,8,Desserte Normale
Belgique,1162,Arlon,Marloie,5,Sous-desservi
Belgique,1162,Arlon,Marloie,5,Sous-desservi
Belgique,1162,Arlon,Marloie,4,Sous-desservi
Belgique,1162,Arlon,Marloie,5,Sous-desservi
Belgique,1162,Arlon,Marloie,4,Sous-desservi
Belgique,1162,Arlon,Marloie,5,Sous-desservi
Belgique,1162,Arlon,Marloie,8,Desserte Normale
Belgique,1162,Arlon,Marloie,5,Sous-desservi
Belgique,1162,Arlon,Marloie,5,Sous-desservi
Belgique,1162,Arlon,Marloie,5,Sous-desservi
Belgique,1162,Arlon,Marloie,5,Sous-desservi
Belgique,1162,Arlon,Marloie,5,Sous-desservi
Belgique,1162,Arlon,Marloie,10,Desserte Normale
Belgique,1162,Arlon,Marloie,5,Sous-desservi
Belgique,1162,Arlon,Marloie,4,Sous-desservi
Belgique,1162,Arlon,Marloie,5,Sous-desservi
Belgique,1162,Arlon,Marloie,5,Sous-desservi
Belgique,1162,Arlon,Marloie,5,Sous-desservi
Belgique,1162,Arlon,Marloie,5,Sous-desservi
Belgique,1162,Arlon,Marloie,5,Sous-desservi
Belgique,1162,Arlon,Marloie,5,Sous-desservi
Belgique,1162,Arlon,Marloie,5,Sous-desservi
Belgique,1162,Arlon,Marloie,5,Sous-desservi
Belgique,1162,Arlon,Marloie,5,Sous-desservi
Belgique,1162,Arlon,Marloie,5,Sous-desservi
Belgique,1162,Arlon,Marloie,5,Sous-desservi
Belgique,1162,Arlon,Marloie,5,Sous-desservi
Belgique,1162,Arlon,Marloie,5,Sous-desservi
Belgique,1162,Arlon,Marloie,5,Sous-desservi
Belgique,1162,Arlon,Marloie,5,Sous-desservi
Belgique,1162,Arlon,Marloie,4,Sous-desservi
Belgique,1162,Arlon,Marloie,5,Sous-desservi
Belgique,1162,Arlon,Marloie,5,Sous-desservi
Belgique,1162,Arlon,Marloie,5,Sous-desservi
Belgique,1162,Arlon,Marloie,5,Sous-desservi
Belgique,1163,Luxembourg,Marloie,5,Sous-desservi
Belgique,1163,Luxembourg,Marloie,5,Sous-desservi
Belgique,1163,Luxembourg,Marloie,4,Sous-desservi
Belgique,1163,Luxembourg,Marloie,5,Sous-desservi
Belgique,1163,Luxembourg,Marloie,4,Sous-desservi
Belgique,1163,Luxembourg,Marloie,5,Sous-desservi
Belgique,1163,Luxembourg,Marloie,5,Sous-desservi
Belgique,1163,Luxembourg,Marloie,5,Sous-desservi
Belgique,1163,Luxembourg,Marloie,5,Sous-desservi
Belgique,1163,Luxembourg,Marloie,5,Sous-desservi
Belgique,1163,Luxembourg,Marloie,5,Sous-desservi
Belgique,1163,Luxembourg,Marloie,5,Sous-desservi
Belgique,1163,Luxembourg,Marloie,4,Sous-desservi
Belgique,1163,Luxembourg,Marloie,5,Sous-desservi
Belgique,1163,Luxembourg,Marloie,5,Sous-desservi
Belgique,1163,Luxembourg,Marloie,5,Sous-desservi
Belgique,1163,Luxembourg,Marloie,5,Sous-desservi
Belgique,1163,Luxembourg,Marloie,5,Sous-desservi
Belgique,1163,Luxembourg,Marloie,5,Sous-desservi
Belgique,1163,Luxembourg,Marloie,5,Sous-desservi
Belgique,1163,Luxembourg,Marloie,5,Sous-desservi
Belgique,1163,Luxembourg,Marloie,5,Sous-desservi
Belgique,1163,Luxembourg,Marloie,5,Sous-desservi
Belgique,1163,Luxembourg,Marloie,5,Sous-desservi
Belgique,1163,Luxembourg,Marloie,5,Sous-desservi
Belgique,1163,Luxembourg,Marloie,5,Sous-desservi
Belgique,1163,Luxembourg,Marloie,5,Sous-desservi
Belgique,1163,Luxembourg,Marloie,5,Sous-desservi
Belgique,1163,Luxembourg,Marloie,4,Sous-desservi
Belgique,1163,Luxembourg,Marloie,5,Sous-desservi
Belgique,1163,Luxembourg,Marloie,5,Sous-desservi
Belgique,1163,Luxembourg,Marloie,5,Sous-desservi
Belgique,1163,Luxembourg,Marloie,5,Sous-desservi
Belgique,1164,Arlon,Luxembourg,30,Desserte Normale
Belgique,1164,Arlon,Luxembourg,40,Desserte Normale
Belgique,1164,Arlon,Luxembourg,32,Desserte Normale
Belgique,1164,Arlon,Luxembourg,30,Desserte Normale
Belgique,1164,Arlon,Luxembourg,26,Desserte Normale
Belgique,1164,Arlon,Luxembourg,30,Desserte Normale
Belgique,1164,Arlon,Luxembourg,30,Desserte Normale
Belgique,1164,Arlon,Luxembourg,30,Desserte Normale
Belgique,1164,Arlon,Luxembourg,30,Desserte Normale
Belgique,1164,Arlon,Luxembourg,30,Desserte Normale
Belgique,1164,Arlon,Luxembourg,30,Desserte Normale
Belgique,1164,Arlon,Luxembourg,30,Desserte Normale
Belgique,1164,Arlon,Luxembourg,16,Desserte Normale
Belgique,1164,Arlon,Luxembourg,20,Desserte Normale
Belgique,1164,Arlon,Luxembourg,20,Desserte Normale
Belgique,1164,Arlon,Luxembourg,30,Desserte Normale
Belgique,1164,Arlon,Luxembourg,30,Desserte Normale
Belgique,1164,Arlon,Luxembourg,30,Desserte Normale
Belgique,1164,Arlon,Luxembourg,30,Desserte Normale
Belgique,1164,Arlon,Luxembourg,30,Desserte Normale
Belgique,1164,Arlon,Luxembourg,30,Desserte Normale
Belgique,1164,Arlon,Luxembourg,30,Desserte Normale
Belgique,1164,Arlon,Luxembourg,30,Desserte Normale
Belgique,1164,Arlon,Luxembourg,30,Desserte Normale
Belgique,1164,Arlon,Luxembourg,30,Desserte Normale
Belgique,1164,Arlon,Luxembourg,30,Desserte Normale
Belgique,1164,Arlon,Luxembourg,30,Desserte Normale
Belgique,1164,Arlon,Luxembourg,30,Desserte Normale
Belgique,1164,Arlon,Luxembourg,24,Desserte Normale
Belgique,1164,Arlon,Luxembourg,30,Desserte Normale
Belgique,1164,Arlon,Luxembourg,30,Desserte Normale
Belgique,1164,Arlon,Luxembourg,30,Desserte Normale
Belgique,1164,Arlon,Luxembourg,30,Desserte Normale
Belgique,1165,Arlon,Bruxelles-Midi,4,Sous-desservi
Belgique,1165,Arlon,Bruxelles-Midi,9,Desserte Normale
Belgique,1165,Arlon,Bruxelles-Midi,9,Desserte Normale
Belgique,1165,Arlon,Bruxelles-Midi,1,Sous-desservi
Belgique,1165,Arlon,Bruxelles-Midi,2,Sous-desservi
Belgique,1165,Arlon,Bruxelles-Midi,1,Sous-desservi
Belgique,1165,Arlon,Bruxelles-Midi,1,Sous-desservi
Belgique,1165,Arlon,Bruxelles-Midi,1,Sous-desservi
Belgique,1165,Arlon,Bruxelles-Midi,1,Sous-desservi
Belgique,1165,Arlon,Bruxelles-Midi,1,Sous-desservi
Belgique,1165,Arlon,Bruxelles-Midi,1,Sous-desservi
Belgique,1165,Arlon,Bruxelles-Midi,1,Sous-desservi
Belgique,1165,Arlon,Bruxelles-Midi,1,Sous-desservi
Belgique,1165,Arlon,Bruxelles-Midi,1,Sous-desservi
Belgique,1165,Arlon,Bruxelles-Midi,2,Sous-desservi
Belgique,1165,Arlon,Bruxelles-Midi,1,Sous-desservi
Belgique,1165,Arlon,Bruxelles-Midi,1,Sous-desservi
Belgique,1165,Arlon,Bruxelles-Midi,1,Sous-desservi
Belgique,1166,Bruxelles-Midi,Luxembourg,10,Desserte Normale
Belgique,1166,Bruxelles-Midi,Luxembourg,10,Desserte Normale
Belgique,1166,Bruxelles-Midi,Luxembourg,6,Sous-desservi
Belgique,1166,Bruxelles-Midi,Luxembourg,10,Desserte Normale
Belgique,1166,Bruxelles-Midi,Luxembourg,10,Desserte Normale
Belgique,1166,Bruxelles-Midi,Luxembourg,10,Desserte Normale
Belgique,1166,Bruxelles-Midi,Luxembourg,10,Desserte Normale
Belgique,1166,Bruxelles-Midi,Luxembourg,8,Desserte Normale
Belgique,1166,Bruxelles-Midi,Luxembourg,10,Desserte Normale
Belgique,1166,Bruxelles-Midi,Luxembourg,10,Desserte Normale
Belgique,1166,Bruxelles-Midi,Luxembourg,10,Desserte Normale
Belgique,1166,Bruxelles-Midi,Luxembourg,10,Desserte Normale
Belgique,1166,Bruxelles-Midi,Luxembourg,10,Desserte Normale
Belgique,1166,Bruxelles-Midi,Luxembourg,10,Desserte Normale
Belgique,1166,Bruxelles-Midi,Luxembourg,10,Desserte Normale
Belgique,1166,Bruxelles-Midi,Luxembourg,10,Desserte Normale
Belgique,1166,Bruxelles-Midi,Luxembourg,10,Desserte Normale
Belgique,1166,Bruxelles-Midi,Luxembourg,10,Desserte Normale
Belgique,1166,Bruxelles-Midi,Luxembourg,8,Desserte Normale
Belgique,1166,Bruxelles-Midi,Luxembourg,10,Desserte Normale
Belgique,1166,Bruxelles-Midi,Luxembourg,10,Desserte Normale
Belgique,1166,Bruxelles-Midi,Luxembourg,10,Desserte Normale
Belgique,1166,Bruxelles-Midi,Luxembourg,10,Desserte Normale
Belgique,1167,Gembloux,Ottignies,4,Sous-desservi
Belgique,1167,Gembloux,Ottignies,8,Desserte Normale
Belgique,1167,Gembloux,Ottignies,10,Desserte Normale
Belgique,1167,Gembloux,Ottignies,10,Desserte Normale
Belgique,1167,Gembloux,Ottignies,8,Desserte Normale
Belgique,1167,Gembloux,Ottignies,10,Desserte Normale
Belgique,1167,Gembloux,Ottignies,8,Desserte Normale
Belgique,1167,Gembloux,Ottignies,10,Desserte Normale
Belgique,1167,Gembloux,Ottignies,8,Desserte Normale
Belgique,1167,Gembloux,Ottignies,10,Desserte Normale
Belgique,1167,Gembloux,Ottignies,10,Desserte Normale
Belgique,1167,Gembloux,Ottignies,10,Desserte Normale
Belgique,1167,Gembloux,Ottignies,10,Desserte Normale
Belgique,1167,Gembloux,Ottignies,10,Desserte Normale
Belgique,1167,Gembloux,Ottignies,10,Desserte Normale
Belgique,1167,Gembloux,Ottignies,10,Desserte Normale
Belgique,1167,Gembloux,Ottignies,8,Desserte Normale
Belgique,1167,Gembloux,Ottignies,10,Desserte Normale
Belgique,1167,Gembloux,Ottignies,10,Desserte Normale
Belgique,1167,Gembloux,Ottignies,10,Desserte Normale
Belgique,1167,Gembloux,Ottignies,10,Desserte Normale
Belgique,1167,Gembloux,Ottignies,10,Desserte Normale
Belgique,1167,Gembloux,Ottignies,10,Desserte Normale
Belgique,1167,Gembloux,Ottignies,10,Desserte Normale
Belgique,1167,Gembloux,Ottignies,10,Desserte Normale
Belgique,1167,Gembloux,Ottignies,10,Desserte Normale
Belgique,1167,Gembloux,Ottignies,10,Desserte Normale
Belgique,1167,Gembloux,Ottignies,10,Desserte Normale
Belgique,1167,Gembloux,Ottignies,10,Desserte Normale
Belgique,1167,Gembloux,Ottignies,10,Desserte Normale
Belgique,1167,Gembloux,Ottignies,10,Desserte Normale
Belgique,1167,Gembloux,Ottignies,10,Desserte Normale
Belgique,1167,Gembloux,Ottignies,8,Desserte Normale
Belgique,1167,Gembloux,Ottignies,10,Desserte Normale
Belgique,1167,Gembloux,Ottignies,10,Desserte Normale
Belgique,1167,Gembloux,Ottignies,10,Desserte Normale
Belgique,1167,Gembloux,Ottignies,10,Desserte Normale
Belgique,1168,Gembloux,Namur,2,Sous-desservi
Belgique,1168,Gembloux,Namur,4,Sous-desservi
Belgique,1168,Gembloux,Namur,5,Sous-desservi
Belgique,1168,Gembloux,Namur,5,Sous-desservi
Belgique,1168,Gembloux,Namur,4,Sous-desservi
Belgique,1168,Gembloux,Namur,5,Sous-desservi
Belgique,1168,Gembloux,Namur,4,Sous-desservi
Belgique,1168,Gembloux,Namur,5,Sous-desservi
Belgique,1168,Gembloux,Namur,4,Sous-desservi
Belgique,1168,Gembloux,Namur,5,Sous-desservi
Belgique,1168,Gembloux,Namur,5,Sous-desservi
Belgique,1168,Gembloux,Namur,5,Sous-desservi
Belgique,1168,Gembloux,Namur,5,Sous-desservi
Belgique,1168,Gembloux,Namur,5,Sous-desservi
Belgique,1168,Gembloux,Namur,5,Sous-desservi
Belgique,1168,Gembloux,Namur,5,Sous-desservi
Belgique,1168,Gembloux,Namur,4,Sous-desservi
Belgique,1168,Gembloux,Namur,5,Sous-desservi
Belgique,1168,Gembloux,Namur,5,Sous-desservi
Belgique,1168,Gembloux,Namur,5,Sous-desservi
Belgique,1168,Gembloux,Namur,5,Sous-desservi
Belgique,1168,Gembloux,Namur,5,Sous-desservi
Belgique,1168,Gembloux,Namur,5,Sous-desservi
Belgique,1168,Gembloux,Namur,5,Sous-desservi
Belgique,1168,Gembloux,Namur,5,Sous-desservi
Belgique,1168,Gembloux,Namur,5,Sous-desservi
Belgique,1168,Gembloux,Namur,5,Sous-desservi
Belgique,1168,Gembloux,Namur,5,Sous-desservi
Belgique,1168,Gembloux,Namur,5,Sous-desservi
Belgique,1168,Gembloux,Namur,5,Sous-desservi
Belgique,1168,Gembloux,Namur,5,Sous-desservi
Belgique,1168,Gembloux,Namur,5,Sous-desservi
Belgique,1168,Gembloux,Namur,4,Sous-desservi
Belgique,1168,Gembloux,Namur,5,Sous-desservi
Belgique,1168,Gembloux,Namur,5,Sous-desservi
Belgique,1168,Gembloux,Namur,5,Sous-desservi
Belgique,1168,Gembloux,Namur,5,Sous-desservi
Belgique,1169,Namur,Ottignies,10,Desserte Normale
Belgique,1169,Namur,Ottignies,20,Desserte Normale
Belgique,1169,Namur,Ottignies,25,Desserte Normale
Belgique,1169,Namur,Ottignies,25,Desserte Normale
Belgique,1169,Namur,Ottignies,4,Sous-desservi
Belgique,1169,Namur,Ottignies,5,Sous-desservi
Belgique,1169,Namur,Ottignies,20,Desserte Normale
Belgique,1169,Namur,Ottignies,25,Desserte Normale
Belgique,1169,Namur,Ottignies,20,Desserte Normale
Belgique,1169,Namur,Ottignies,25,Desserte Normale
Belgique,1169,Namur,Ottignies,25,Desserte Normale
Belgique,1169,Namur,Ottignies,25,Desserte Normale
Belgique,1169,Namur,Ottignies,25,Desserte Normale
Belgique,1169,Namur,Ottignies,25,Desserte Normale
Belgique,1169,Namur,Ottignies,5,Sous-desservi
Belgique,1169,Namur,Ottignies,5,Sous-desservi
Belgique,1169,Namur,Ottignies,4,Sous-desservi
Belgique,1169,Namur,Ottignies,5,Sous-desservi
Belgique,1169,Namur,Ottignies,5,Sous-desservi
Belgique,1169,Namur,Ottignies,5,Sous-desservi
Belgique,1169,Namur,Ottignies,5,Sous-desservi
Belgique,1169,Namur,Ottignies,25,Desserte Normale
Belgique,1169,Namur,Ottignies,25,Desserte Normale
Belgique,1169,Namur,Ottignies,25,Desserte Normale
Belgique,1169,Namur,Ottignies,25,Desserte Normale
Belgique,1169,Namur,Ottignies,25,Desserte Normale
Belgique,1169,Namur,Ottignies,25,Desserte Normale
Belgique,1169,Namur,Ottignies,25,Desserte Normale
Belgique,1169,Namur,Ottignies,25,Desserte Normale
Belgique,1169,Namur,Ottignies,25,Desserte Normale
Belgique,1169,Namur,Ottignies,25,Desserte Normale
Belgique,1169,Namur,Ottignies,25,Desserte Normale
Belgique,1169,Namur,Ottignies,20,Desserte Normale
Belgique,1169,Namur,Ottignies,25,Desserte Normale
Belgique,1169,Namur,Ottignies,25,Desserte Normale
Belgique,1169,Namur,Ottignies,25,Desserte Normale
Belgique,1169,Namur,Ottignies,25,Desserte Normale
Belgique,117,Huy,Liers,68,Bien desservi
Belgique,1170,Athus,Virton,2,Sous-desservi
Belgique,1170,Athus,Virton,4,Sous-desservi
Belgique,1170,Athus,Virton,5,Sous-desservi
Belgique,1170,Athus,Virton,3,Sous-desservi
Belgique,1170,Athus,Virton,5,Sous-desservi
Belgique,1170,Athus,Virton,5,Sous-desservi
Belgique,1171,Arlon,Virton,5,Sous-desservi
Belgique,1171,Arlon,Virton,5,Sous-desservi
Belgique,1171,Arlon,Virton,4,Sous-desservi
Belgique,1171,Arlon,Virton,5,Sous-desservi
Belgique,1171,Arlon,Virton,4,Sous-desservi
Belgique,1171,Arlon,Virton,5,Sous-desservi
Belgique,1171,Arlon,Virton,4,Sous-desservi
Belgique,1171,Arlon,Virton,5,Sous-desservi
Belgique,1171,Arlon,Virton,5,Sous-desservi
Belgique,1171,Arlon,Virton,5,Sous-desservi
Belgique,1171,Arlon,Virton,5,Sous-desservi
Belgique,1171,Arlon,Virton,5,Sous-desservi
Belgique,1171,Arlon,Virton,5,Sous-desservi
Belgique,1171,Arlon,Virton,1,Sous-desservi
Belgique,1171,Arlon,Virton,5,Sous-desservi
Belgique,1171,Arlon,Virton,5,Sous-desservi
Belgique,1171,Arlon,Virton,5,Sous-desservi
Belgique,1171,Arlon,Virton,5,Sous-desservi
Belgique,1171,Arlon,Virton,5,Sous-desservi
Belgique,1171,Arlon,Virton,5,Sous-desservi
Belgique,1171,Arlon,Virton,5,Sous-desservi
Belgique,1171,Arlon,Virton,5,Sous-desservi
Belgique,1171,Arlon,Virton,5,Sous-desservi
Belgique,1171,Arlon,Virton,5,Sous-desservi
Belgique,1171,Arlon,Virton,5,Sous-desservi
Belgique,1171,Arlon,Virton,5,Sous-desservi
Belgique,1171,Arlon,Virton,5,Sous-desservi
Belgique,1171,Arlon,Virton,4,Sous-desservi
Belgique,1171,Arlon,Virton,5,Sous-desservi
Belgique,1171,Arlon,Virton,5,Sous-desservi
Belgique,1171,Arlon,Virton,5,Sous-desservi
Belgique,1171,Arlon,Virton,5,Sous-desservi
Belgique,1172,Athus,Bertrix,2,Sous-desservi
Belgique,1172,Athus,Bertrix,4,Sous-desservi
Belgique,1172,Athus,Bertrix,5,Sous-desservi
Belgique,1172,Athus,Bertrix,3,Sous-desservi
Belgique,1172,Athus,Bertrix,5,Sous-desservi
Belgique,1172,Athus,Bertrix,5,Sous-desservi
Belgique,1173,Arlon,Bertrix,5,Sous-desservi
Belgique,1173,Arlon,Bertrix,5,Sous-desservi
Belgique,1173,Arlon,Bertrix,4,Sous-desservi
Belgique,1173,Arlon,Bertrix,5,Sous-desservi
Belgique,1173,Arlon,Bertrix,4,Sous-desservi
Belgique,1173,Arlon,Bertrix,5,Sous-desservi
Belgique,1173,Arlon,Bertrix,4,Sous-desservi
Belgique,1173,Arlon,Bertrix,5,Sous-desservi
Belgique,1173,Arlon,Bertrix,5,Sous-desservi
Belgique,1173,Arlon,Bertrix,5,Sous-desservi
Belgique,1173,Arlon,Bertrix,5,Sous-desservi
Belgique,1173,Arlon,Bertrix,5,Sous-desservi
Belgique,1173,Arlon,Bertrix,5,Sous-desservi
Belgique,1173,Arlon,Bertrix,1,Sous-desservi
Belgique,1173,Arlon,Bertrix,5,Sous-desservi
Belgique,1173,Arlon,Bertrix,5,Sous-desservi
Belgique,1173,Arlon,Bertrix,5,Sous-desservi
Belgique,1173,Arlon,Bertrix,5,Sous-desservi
Belgique,1173,Arlon,Bertrix,5,Sous-desservi
Belgique,1173,Arlon,Bertrix,5,Sous-desservi
Belgique,1173,Arlon,Bertrix,5,Sous-desservi
Belgique,1173,Arlon,Bertrix,5,Sous-desservi
Belgique,1173,Arlon,Bertrix,5,Sous-desservi
Belgique,1173,Arlon,Bertrix,5,Sous-desservi
Belgique,1173,Arlon,Bertrix,5,Sous-desservi
Belgique,1173,Arlon,Bertrix,5,Sous-desservi
Belgique,1173,Arlon,Bertrix,5,Sous-desservi
Belgique,1173,Arlon,Bertrix,4,Sous-desservi
Belgique,1173,Arlon,Bertrix,5,Sous-desservi
Belgique,1173,Arlon,Bertrix,5,Sous-desservi
Belgique,1173,Arlon,Bertrix,5,Sous-desservi
Belgique,1173,Arlon,Bertrix,5,Sous-desservi
Belgique,1174,Ciney,Namur,14,Desserte Normale
Belgique,1174,Ciney,Namur,28,Desserte Normale
Belgique,1174,Ciney,Namur,35,Desserte Normale
Belgique,1174,Ciney,Namur,35,Desserte Normale
Belgique,1174,Ciney,Namur,29,Desserte Normale
Belgique,1174,Ciney,Namur,35,Desserte Normale
Belgique,1174,Ciney,Namur,28,Desserte Normale
Belgique,1174,Ciney,Namur,35,Desserte Normale
Belgique,1174,Ciney,Namur,35,Desserte Normale
Belgique,1174,Ciney,Namur,35,Desserte Normale
Belgique,1174,Ciney,Namur,35,Desserte Normale
Belgique,1174,Ciney,Namur,35,Desserte Normale
Belgique,1174,Ciney,Namur,35,Desserte Normale
Belgique,1174,Ciney,Namur,35,Desserte Normale
Belgique,1174,Ciney,Namur,35,Desserte Normale
Belgique,1174,Ciney,Namur,35,Desserte Normale
Belgique,1174,Ciney,Namur,35,Desserte Normale
Belgique,1174,Ciney,Namur,35,Desserte Normale
Belgique,1174,Ciney,Namur,35,Desserte Normale
Belgique,1174,Ciney,Namur,35,Desserte Normale
Belgique,1174,Ciney,Namur,35,Desserte Normale
Belgique,1174,Ciney,Namur,35,Desserte Normale
Belgique,1174,Ciney,Namur,35,Desserte Normale
Belgique,1174,Ciney,Namur,28,Desserte Normale
Belgique,1174,Ciney,Namur,35,Desserte Normale
Belgique,1174,Ciney,Namur,35,Desserte Normale
Belgique,1174,Ciney,Namur,35,Desserte Normale
Belgique,1174,Ciney,Namur,35,Desserte Normale
Belgique,1175,Libramont,Rochefort-Jemelle,4,Sous-desservi
Belgique,1175,Libramont,Rochefort-Jemelle,8,Desserte Normale
Belgique,1175,Libramont,Rochefort-Jemelle,10,Desserte Normale
Belgique,1175,Libramont,Rochefort-Jemelle,10,Desserte Normale
Belgique,1175,Libramont,Rochefort-Jemelle,8,Desserte Normale
Belgique,1175,Libramont,Rochefort-Jemelle,10,Desserte Normale
Belgique,1175,Libramont,Rochefort-Jemelle,10,Desserte Normale
Belgique,1175,Libramont,Rochefort-Jemelle,10,Desserte Normale
Belgique,1175,Libramont,Rochefort-Jemelle,8,Desserte Normale
Belgique,1175,Libramont,Rochefort-Jemelle,10,Desserte Normale
Belgique,1175,Libramont,Rochefort-Jemelle,10,Desserte Normale
Belgique,1175,Libramont,Rochefort-Jemelle,10,Desserte Normale
Belgique,1175,Libramont,Rochefort-Jemelle,10,Desserte Normale
Belgique,1175,Libramont,Rochefort-Jemelle,10,Desserte Normale
Belgique,1175,Libramont,Rochefort-Jemelle,10,Desserte Normale
Belgique,1175,Libramont,Rochefort-Jemelle,10,Desserte Normale
Belgique,1175,Libramont,Rochefort-Jemelle,8,Desserte Normale
Belgique,1175,Libramont,Rochefort-Jemelle,10,Desserte Normale
Belgique,1175,Libramont,Rochefort-Jemelle,10,Desserte Normale
Belgique,1175,Libramont,Rochefort-Jemelle,10,Desserte Normale
Belgique,1175,Libramont,Rochefort-Jemelle,10,Desserte Normale
Belgique,1175,Libramont,Rochefort-Jemelle,10,Desserte Normale
Belgique,1175,Libramont,Rochefort-Jemelle,10,Desserte Normale
Belgique,1175,Libramont,Rochefort-Jemelle,10,Desserte Normale
Belgique,1175,Libramont,Rochefort-Jemelle,10,Desserte Normale
Belgique,1175,Libramont,Rochefort-Jemelle,10,Desserte Normale
Belgique,1175,Libramont,Rochefort-Jemelle,10,Desserte Normale
Belgique,1175,Libramont,Rochefort-Jemelle,10,Desserte Normale
Belgique,1175,Libramont,Rochefort-Jemelle,10,Desserte Normale
Belgique,1175,Libramont,Rochefort-Jemelle,10,Desserte Normale
Belgique,1175,Libramont,Rochefort-Jemelle,10,Desserte Normale
Belgique,1175,Libramont,Rochefort-Jemelle,10,Desserte Normale
Belgique,1175,Libramont,Rochefort-Jemelle,8,Desserte Normale
Belgique,1175,Libramont,Rochefort-Jemelle,10,Desserte Normale
Belgique,1175,Libramont,Rochefort-Jemelle,10,Desserte Normale
Belgique,1175,Libramont,Rochefort-Jemelle,10,Desserte Normale
Belgique,1175,Libramont,Rochefort-Jemelle,10,Desserte Normale
Belgique,1176,Liège-Saint-Lambert,Rochefort-Jemelle,2,Sous-desservi
Belgique,1176,Liège-Saint-Lambert,Rochefort-Jemelle,4,Sous-desservi
Belgique,1176,Liège-Saint-Lambert,Rochefort-Jemelle,5,Sous-desservi
Belgique,1176,Liège-Saint-Lambert,Rochefort-Jemelle,5,Sous-desservi
Belgique,1176,Liège-Saint-Lambert,Rochefort-Jemelle,4,Sous-desservi
Belgique,1176,Liège-Saint-Lambert,Rochefort-Jemelle,5,Sous-desservi
Belgique,1176,Liège-Saint-Lambert,Rochefort-Jemelle,4,Sous-desservi
Belgique,1176,Liège-Saint-Lambert,Rochefort-Jemelle,5,Sous-desservi
Belgique,1176,Liège-Saint-Lambert,Rochefort-Jemelle,4,Sous-desservi
Belgique,1176,Liège-Saint-Lambert,Rochefort-Jemelle,5,Sous-desservi
Belgique,1176,Liège-Saint-Lambert,Rochefort-Jemelle,5,Sous-desservi
Belgique,1176,Liège-Saint-Lambert,Rochefort-Jemelle,5,Sous-desservi
Belgique,1176,Liège-Saint-Lambert,Rochefort-Jemelle,5,Sous-desservi
Belgique,1176,Liège-Saint-Lambert,Rochefort-Jemelle,5,Sous-desservi
Belgique,1176,Liège-Saint-Lambert,Rochefort-Jemelle,5,Sous-desservi
Belgique,1176,Liège-Saint-Lambert,Rochefort-Jemelle,5,Sous-desservi
Belgique,1176,Liège-Saint-Lambert,Rochefort-Jemelle,4,Sous-desservi
Belgique,1176,Liège-Saint-Lambert,Rochefort-Jemelle,5,Sous-desservi
Belgique,1176,Liège-Saint-Lambert,Rochefort-Jemelle,5,Sous-desservi
Belgique,1176,Liège-Saint-Lambert,Rochefort-Jemelle,5,Sous-desservi
Belgique,1176,Liège-Saint-Lambert,Rochefort-Jemelle,5,Sous-desservi
Belgique,1176,Liège-Saint-Lambert,Rochefort-Jemelle,5,Sous-desservi
Belgique,1176,Liège-Saint-Lambert,Rochefort-Jemelle,5,Sous-desservi
Belgique,1176,Liège-Saint-Lambert,Rochefort-Jemelle,5,Sous-desservi
Belgique,1176,Liège-Saint-Lambert,Rochefort-Jemelle,5,Sous-desservi
Belgique,1176,Liège-Saint-Lambert,Rochefort-Jemelle,5,Sous-desservi
Belgique,1176,Liège-Saint-Lambert,Rochefort-Jemelle,5,Sous-desservi
Belgique,1176,Liège-Saint-Lambert,Rochefort-Jemelle,5,Sous-desservi
Belgique,1176,Liège-Saint-Lambert,Rochefort-Jemelle,5,Sous-desservi
Belgique,1176,Liège-Saint-Lambert,Rochefort-Jemelle,5,Sous-desservi
Belgique,1176,Liège-Saint-Lambert,Rochefort-Jemelle,5,Sous-desservi
Belgique,1176,Liège-Saint-Lambert,Rochefort-Jemelle,5,Sous-desservi
Belgique,1176,Liège-Saint-Lambert,Rochefort-Jemelle,4,Sous-desservi
Belgique,1176,Liège-Saint-Lambert,Rochefort-Jemelle,5,Sous-desservi
Belgique,1176,Liège-Saint-Lambert,Rochefort-Jemelle,5,Sous-desservi
Belgique,1176,Liège-Saint-Lambert,Rochefort-Jemelle,5,Sous-desservi
Belgique,1176,Liège-Saint-Lambert,Rochefort-Jemelle,5,Sous-desservi
Belgique,1177,Liège-Guillemins,Marloie,2,Sous-desservi
Belgique,1177,Liège-Guillemins,Marloie,4,Sous-desservi
Belgique,1177,Liège-Guillemins,Marloie,5,Sous-desservi
Belgique,1177,Liège-Guillemins,Marloie,5,Sous-desservi
Belgique,1177,Liège-Guillemins,Marloie,4,Sous-desservi
Belgique,1177,Liège-Guillemins,Marloie,5,Sous-desservi
Belgique,1177,Liège-Guillemins,Marloie,4,Sous-desservi
Belgique,1177,Liège-Guillemins,Marloie,5,Sous-desservi
Belgique,1177,Liège-Guillemins,Marloie,5,Sous-desservi
Belgique,1177,Liège-Guillemins,Marloie,5,Sous-desservi
Belgique,1177,Liège-Guillemins,Marloie,5,Sous-desservi
Belgique,1177,Liège-Guillemins,Marloie,5,Sous-desservi
Belgique,1177,Liège-Guillemins,Marloie,5,Sous-desservi
Belgique,1177,Liège-Guillemins,Marloie,5,Sous-desservi
Belgique,1177,Liège-Guillemins,Marloie,5,Sous-desservi
Belgique,1177,Liège-Guillemins,Marloie,5,Sous-desservi
Belgique,1177,Liège-Guillemins,Marloie,5,Sous-desservi
Belgique,1177,Liège-Guillemins,Marloie,5,Sous-desservi
Belgique,1177,Liège-Guillemins,Marloie,5,Sous-desservi
Belgique,1177,Liège-Guillemins,Marloie,5,Sous-desservi
Belgique,1177,Liège-Guillemins,Marloie,5,Sous-desservi
Belgique,1177,Liège-Guillemins,Marloie,5,Sous-desservi
Belgique,1177,Liège-Guillemins,Marloie,5,Sous-desservi
Belgique,1177,Liège-Guillemins,Marloie,4,Sous-desservi
Belgique,1177,Liège-Guillemins,Marloie,5,Sous-desservi
Belgique,1177,Liège-Guillemins,Marloie,5,Sous-desservi
Belgique,1177,Liège-Guillemins,Marloie,5,Sous-desservi
Belgique,1177,Liège-Guillemins,Marloie,5,Sous-desservi
Belgique,1178,Ciney,Libramont,4,Sous-desservi
Belgique,1178,Ciney,Libramont,8,Desserte Normale
Belgique,1178,Ciney,Libramont,10,Desserte Normale
Belgique,1178,Ciney,Libramont,10,Desserte Normale
Belgique,1178,Ciney,Libramont,8,Desserte Normale
Belgique,1178,Ciney,Libramont,10,Desserte Normale
Belgique,1178,Ciney,Libramont,6,Sous-desservi
Belgique,1178,Ciney,Libramont,10,Desserte Normale
Belgique,1178,Ciney,Libramont,8,Desserte Normale
Belgique,1178,Ciney,Libramont,10,Desserte Normale
Belgique,1178,Ciney,Libramont,10,Desserte Normale
Belgique,1178,Ciney,Libramont,10,Desserte Normale
Belgique,1178,Ciney,Libramont,10,Desserte Normale
Belgique,1178,Ciney,Libramont,10,Desserte Normale
Belgique,1178,Ciney,Libramont,10,Desserte Normale
Belgique,1178,Ciney,Libramont,10,Desserte Normale
Belgique,1178,Ciney,Libramont,8,Desserte Normale
Belgique,1178,Ciney,Libramont,10,Desserte Normale
Belgique,1178,Ciney,Libramont,10,Desserte Normale
Belgique,1178,Ciney,Libramont,10,Desserte Normale
Belgique,1178,Ciney,Libramont,10,Desserte Normale
Belgique,1178,Ciney,Libramont,10,Desserte Normale
Belgique,1178,Ciney,Libramont,10,Desserte Normale
Belgique,1178,Ciney,Libramont,10,Desserte Normale
Belgique,1178,Ciney,Libramont,10,Desserte Normale
Belgique,1178,Ciney,Libramont,10,Desserte Normale
Belgique,1178,Ciney,Libramont,10,Desserte Normale
Belgique,1178,Ciney,Libramont,10,Desserte Normale
Belgique,1178,Ciney,Libramont,10,Desserte Normale
Belgique,1178,Ciney,Libramont,10,Desserte Normale
Belgique,1178,Ciney,Libramont,10,Desserte Normale
Belgique,1178,Ciney,Libramont,10,Desserte Normale
Belgique,1178,Ciney,Libramont,8,Desserte Normale
Belgique,1178,Ciney,Libramont,10,Desserte Normale
Belgique,1178,Ciney,Libramont,10,Desserte Normale
Belgique,1178,Ciney,Libramont,10,Desserte Normale
Belgique,1178,Ciney,Libramont,10,Desserte Normale
Belgique,1179,Bertrix,Dinant,2,Sous-desservi
Belgique,1179,Bertrix,Dinant,4,Sous-desservi
Belgique,1179,Bertrix,Dinant,5,Sous-desservi
Belgique,1179,Bertrix,Dinant,5,Sous-desservi
Belgique,1179,Bertrix,Dinant,4,Sous-desservi
Belgique,1179,Bertrix,Dinant,5,Sous-desservi
Belgique,1179,Bertrix,Dinant,3,Sous-desservi
Belgique,1179,Bertrix,Dinant,5,Sous-desservi
Belgique,1179,Bertrix,Dinant,4,Sous-desservi
Belgique,1179,Bertrix,Dinant,5,Sous-desservi
Belgique,1179,Bertrix,Dinant,5,Sous-desservi
Belgique,1179,Bertrix,Dinant,5,Sous-desservi
Belgique,1179,Bertrix,Dinant,5,Sous-desservi
Belgique,1179,Bertrix,Dinant,5,Sous-desservi
Belgique,1179,Bertrix,Dinant,5,Sous-desservi
Belgique,1179,Bertrix,Dinant,5,Sous-desservi
Belgique,1179,Bertrix,Dinant,4,Sous-desservi
Belgique,1179,Bertrix,Dinant,5,Sous-desservi
Belgique,1179,Bertrix,Dinant,5,Sous-desservi
Belgique,1179,Bertrix,Dinant,5,Sous-desservi
Belgique,1179,Bertrix,Dinant,5,Sous-desservi
Belgique,1179,Bertrix,Dinant,5,Sous-desservi
Belgique,1179,Bertrix,Dinant,5,Sous-desservi
Belgique,1179,Bertrix,Dinant,5,Sous-desservi
Belgique,1179,Bertrix,Dinant,5,Sous-desservi
Belgique,1179,Bertrix,Dinant,5,Sous-desservi
Belgique,1179,Bertrix,Dinant,5,Sous-desservi
Belgique,1179,Bertrix,Dinant,5,Sous-desservi
Belgique,1179,Bertrix,Dinant,5,Sous-desservi
Belgique,1179,Bertrix,Dinant,5,Sous-desservi
Belgique,1179,Bertrix,Dinant,5,Sous-desservi
Belgique,1179,Bertrix,Dinant,5,Sous-desservi
Belgique,1179,Bertrix,Dinant,4,Sous-desservi
Belgique,1179,Bertrix,Dinant,5,Sous-desservi
Belgique,1179,Bertrix,Dinant,5,Sous-desservi
Belgique,1179,Bertrix,Dinant,5,Sous-desservi
Belgique,1179,Bertrix,Dinant,5,Sous-desservi
Belgique,118,Namur,Yvoir,16,Desserte Normale
Belgique,1180,Bertrix,Gendron-Celles,2,Sous-desservi
Belgique,1181,Bertrix,Namur,2,Sous-desservi
Belgique,1181,Bertrix,Namur,4,Sous-desservi
Belgique,1181,Bertrix,Namur,5,Sous-desservi
Belgique,1181,Bertrix,Namur,5,Sous-desservi
Belgique,1181,Bertrix,Namur,3,Sous-desservi
Belgique,1181,Bertrix,Namur,5,Sous-desservi
Belgique,1181,Bertrix,Namur,4,Sous-desservi
Belgique,1181,Bertrix,Namur,5,Sous-desservi
Belgique,1181,Bertrix,Namur,5,Sous-desservi
Belgique,1181,Bertrix,Namur,5,Sous-desservi
Belgique,1181,Bertrix,Namur,5,Sous-desservi
Belgique,1181,Bertrix,Namur,5,Sous-desservi
Belgique,1181,Bertrix,Namur,4,Sous-desservi
Belgique,1181,Bertrix,Namur,5,Sous-desservi
Belgique,1181,Bertrix,Namur,5,Sous-desservi
Belgique,1181,Bertrix,Namur,5,Sous-desservi
Belgique,1181,Bertrix,Namur,5,Sous-desservi
Belgique,1181,Bertrix,Namur,5,Sous-desservi
Belgique,1181,Bertrix,Namur,5,Sous-desservi
Belgique,1181,Bertrix,Namur,5,Sous-desservi
Belgique,1181,Bertrix,Namur,5,Sous-desservi
Belgique,1181,Bertrix,Namur,5,Sous-desservi
Belgique,1181,Bertrix,Namur,5,Sous-desservi
Belgique,1181,Bertrix,Namur,4,Sous-desservi
Belgique,1181,Bertrix,Namur,5,Sous-desservi
Belgique,1181,Bertrix,Namur,5,Sous-desservi
Belgique,1181,Bertrix,Namur,5,Sous-desservi
Belgique,1181,Bertrix,Namur,5,Sous-desservi
Belgique,1182,Arlon,Libramont,4,Sous-desservi
Belgique,1182,Arlon,Libramont,8,Desserte Normale
Belgique,1182,Arlon,Libramont,15,Desserte Normale
Belgique,1182,Arlon,Libramont,15,Desserte Normale
Belgique,1182,Arlon,Libramont,12,Desserte Normale
Belgique,1182,Arlon,Libramont,15,Desserte Normale
Belgique,1182,Arlon,Libramont,12,Desserte Normale
Belgique,1182,Arlon,Libramont,15,Desserte Normale
Belgique,1182,Arlon,Libramont,12,Desserte Normale
Belgique,1182,Arlon,Libramont,15,Desserte Normale
Belgique,1182,Arlon,Libramont,15,Desserte Normale
Belgique,1182,Arlon,Libramont,15,Desserte Normale
Belgique,1182,Arlon,Libramont,15,Desserte Normale
Belgique,1182,Arlon,Libramont,15,Desserte Normale
Belgique,1182,Arlon,Libramont,10,Desserte Normale
Belgique,1182,Arlon,Libramont,15,Desserte Normale
Belgique,1182,Arlon,Libramont,4,Sous-desservi
Belgique,1182,Arlon,Libramont,5,Sous-desservi
Belgique,1182,Arlon,Libramont,5,Sous-desservi
Belgique,1182,Arlon,Libramont,15,Desserte Normale
Belgique,1182,Arlon,Libramont,15,Desserte Normale
Belgique,1182,Arlon,Libramont,15,Desserte Normale
Belgique,1182,Arlon,Libramont,15,Desserte Normale
Belgique,1182,Arlon,Libramont,15,Desserte Normale
Belgique,1182,Arlon,Libramont,15,Desserte Normale
Belgique,1182,Arlon,Libramont,15,Desserte Normale
Belgique,1182,Arlon,Libramont,15,Desserte Normale
Belgique,1182,Arlon,Libramont,15,Desserte Normale
Belgique,1182,Arlon,Libramont,15,Desserte Normale
Belgique,1182,Arlon,Libramont,15,Desserte Normale
Belgique,1182,Arlon,Libramont,15,Desserte Normale
Belgique,1182,Arlon,Libramont,15,Desserte Normale
Belgique,1182,Arlon,Libramont,12,Desserte Normale
Belgique,1182,Arlon,Libramont,15,Desserte Normale
Belgique,1182,Arlon,Libramont,15,Desserte Normale
Belgique,1182,Arlon,Libramont,15,Desserte Normale
Belgique,1182,Arlon,Libramont,15,Desserte Normale
Belgique,1183,Athus,Libramont,4,Sous-desservi
Belgique,1183,Athus,Libramont,8,Desserte Normale
Belgique,1183,Athus,Libramont,5,Sous-desservi
Belgique,1183,Athus,Libramont,5,Sous-desservi
Belgique,1183,Athus,Libramont,4,Sous-desservi
Belgique,1183,Athus,Libramont,5,Sous-desservi
Belgique,1183,Athus,Libramont,4,Sous-desservi
Belgique,1183,Athus,Libramont,5,Sous-desservi
Belgique,1183,Athus,Libramont,4,Sous-desservi
Belgique,1183,Athus,Libramont,5,Sous-desservi
Belgique,1183,Athus,Libramont,5,Sous-desservi
Belgique,1183,Athus,Libramont,5,Sous-desservi
Belgique,1183,Athus,Libramont,5,Sous-desservi
Belgique,1183,Athus,Libramont,5,Sous-desservi
Belgique,1183,Athus,Libramont,10,Desserte Normale
Belgique,1183,Athus,Libramont,5,Sous-desservi
Belgique,1183,Athus,Libramont,4,Sous-desservi
Belgique,1183,Athus,Libramont,5,Sous-desservi
Belgique,1183,Athus,Libramont,5,Sous-desservi
Belgique,1183,Athus,Libramont,5,Sous-desservi
Belgique,1183,Athus,Libramont,5,Sous-desservi
Belgique,1183,Athus,Libramont,5,Sous-desservi
Belgique,1183,Athus,Libramont,5,Sous-desservi
Belgique,1183,Athus,Libramont,5,Sous-desservi
Belgique,1183,Athus,Libramont,5,Sous-desservi
Belgique,1183,Athus,Libramont,5,Sous-desservi
Belgique,1183,Athus,Libramont,5,Sous-desservi
Belgique,1183,Athus,Libramont,5,Sous-desservi
Belgique,1183,Athus,Libramont,5,Sous-desservi
Belgique,1183,Athus,Libramont,5,Sous-desservi
Belgique,1183,Athus,Libramont,5,Sous-desservi
Belgique,1183,Athus,Libramont,5,Sous-desservi
Belgique,1183,Athus,Libramont,4,Sous-desservi
Belgique,1183,Athus,Libramont,5,Sous-desservi
Belgique,1183,Athus,Libramont,5,Sous-desservi
Belgique,1183,Athus,Libramont,5,Sous-desservi
Belgique,1183,Athus,Libramont,5,Sous-desservi
Belgique,1184,Beauraing,Libramont,2,Sous-desservi
Belgique,1184,Beauraing,Libramont,4,Sous-desservi
Belgique,1184,Beauraing,Libramont,5,Sous-desservi
Belgique,1184,Beauraing,Libramont,5,Sous-desservi
Belgique,1184,Beauraing,Libramont,4,Sous-desservi
Belgique,1184,Beauraing,Libramont,5,Sous-desservi
Belgique,1184,Beauraing,Libramont,4,Sous-desservi
Belgique,1184,Beauraing,Libramont,5,Sous-desservi
Belgique,1184,Beauraing,Libramont,4,Sous-desservi
Belgique,1184,Beauraing,Libramont,5,Sous-desservi
Belgique,1184,Beauraing,Libramont,5,Sous-desservi
Belgique,1184,Beauraing,Libramont,5,Sous-desservi
Belgique,1184,Beauraing,Libramont,5,Sous-desservi
Belgique,1184,Beauraing,Libramont,5,Sous-desservi
Belgique,1184,Beauraing,Libramont,5,Sous-desservi
Belgique,1184,Beauraing,Libramont,5,Sous-desservi
Belgique,1184,Beauraing,Libramont,4,Sous-desservi
Belgique,1184,Beauraing,Libramont,5,Sous-desservi
Belgique,1184,Beauraing,Libramont,5,Sous-desservi
Belgique,1184,Beauraing,Libramont,5,Sous-desservi
Belgique,1184,Beauraing,Libramont,5,Sous-desservi
Belgique,1184,Beauraing,Libramont,5,Sous-desservi
Belgique,1184,Beauraing,Libramont,5,Sous-desservi
Belgique,1184,Beauraing,Libramont,5,Sous-desservi
Belgique,1184,Beauraing,Libramont,5,Sous-desservi
Belgique,1184,Beauraing,Libramont,5,Sous-desservi
Belgique,1184,Beauraing,Libramont,5,Sous-desservi
Belgique,1184,Beauraing,Libramont,5,Sous-desservi
Belgique,1184,Beauraing,Libramont,5,Sous-desservi
Belgique,1184,Beauraing,Libramont,5,Sous-desservi
Belgique,1184,Beauraing,Libramont,5,Sous-desservi
Belgique,1184,Beauraing,Libramont,5,Sous-desservi
Belgique,1184,Beauraing,Libramont,4,Sous-desservi
Belgique,1184,Beauraing,Libramont,5,Sous-desservi
Belgique,1184,Beauraing,Libramont,5,Sous-desservi
Belgique,1184,Beauraing,Libramont,5,Sous-desservi
Belgique,1184,Beauraing,Libramont,5,Sous-desservi
Belgique,1185,Libramont,Virton,2,Sous-desservi
Belgique,1185,Libramont,Virton,4,Sous-desservi
Belgique,1185,Libramont,Virton,5,Sous-desservi
Belgique,1185,Libramont,Virton,5,Sous-desservi
Belgique,1185,Libramont,Virton,4,Sous-desservi
Belgique,1185,Libramont,Virton,5,Sous-desservi
Belgique,1185,Libramont,Virton,4,Sous-desservi
Belgique,1185,Libramont,Virton,5,Sous-desservi
Belgique,1185,Libramont,Virton,4,Sous-desservi
Belgique,1185,Libramont,Virton,5,Sous-desservi
Belgique,1185,Libramont,Virton,5,Sous-desservi
Belgique,1185,Libramont,Virton,5,Sous-desservi
Belgique,1185,Libramont,Virton,5,Sous-desservi
Belgique,1185,Libramont,Virton,5,Sous-desservi
Belgique,1185,Libramont,Virton,5,Sous-desservi
Belgique,1185,Libramont,Virton,5,Sous-desservi
Belgique,1185,Libramont,Virton,12,Desserte Normale
Belgique,1185,Libramont,Virton,15,Desserte Normale
Belgique,1185,Libramont,Virton,15,Desserte Normale
Belgique,1185,Libramont,Virton,5,Sous-desservi
Belgique,1185,Libramont,Virton,5,Sous-desservi
Belgique,1185,Libramont,Virton,5,Sous-desservi
Belgique,1185,Libramont,Virton,5,Sous-desservi
Belgique,1185,Libramont,Virton,5,Sous-desservi
Belgique,1185,Libramont,Virton,5,Sous-desservi
Belgique,1185,Libramont,Virton,5,Sous-desservi
Belgique,1185,Libramont,Virton,5,Sous-desservi
Belgique,1185,Libramont,Virton,5,Sous-desservi
Belgique,1185,Libramont,Virton,5,Sous-desservi
Belgique,1185,Libramont,Virton,5,Sous-desservi
Belgique,1185,Libramont,Virton,5,Sous-desservi
Belgique,1185,Libramont,Virton,5,Sous-desservi
Belgique,1185,Libramont,Virton,4,Sous-desservi
Belgique,1185,Libramont,Virton,5,Sous-desservi
Belgique,1185,Libramont,Virton,5,Sous-desservi
Belgique,1185,Libramont,Virton,5,Sous-desservi
Belgique,1185,Libramont,Virton,5,Sous-desservi
Belgique,1186,Gembloux,Tamines,6,Sous-desservi
Belgique,1186,Gembloux,Tamines,12,Desserte Normale
Belgique,1186,Gembloux,Tamines,15,Desserte Normale
Belgique,1186,Gembloux,Tamines,15,Desserte Normale
Belgique,1186,Gembloux,Tamines,12,Desserte Normale
Belgique,1186,Gembloux,Tamines,15,Desserte Normale
Belgique,1186,Gembloux,Tamines,12,Desserte Normale
Belgique,1186,Gembloux,Tamines,15,Desserte Normale
Belgique,1186,Gembloux,Tamines,12,Desserte Normale
Belgique,1186,Gembloux,Tamines,15,Desserte Normale
Belgique,1186,Gembloux,Tamines,15,Desserte Normale
Belgique,1186,Gembloux,Tamines,15,Desserte Normale
Belgique,1186,Gembloux,Tamines,15,Desserte Normale
Belgique,1186,Gembloux,Tamines,15,Desserte Normale
Belgique,1186,Gembloux,Tamines,15,Desserte Normale
Belgique,1186,Gembloux,Tamines,15,Desserte Normale
Belgique,1186,Gembloux,Tamines,12,Desserte Normale
Belgique,1186,Gembloux,Tamines,15,Desserte Normale
Belgique,1186,Gembloux,Tamines,15,Desserte Normale
Belgique,1186,Gembloux,Tamines,15,Desserte Normale
Belgique,1186,Gembloux,Tamines,15,Desserte Normale
Belgique,1186,Gembloux,Tamines,15,Desserte Normale
Belgique,1186,Gembloux,Tamines,15,Desserte Normale
Belgique,1186,Gembloux,Tamines,15,Desserte Normale
Belgique,1186,Gembloux,Tamines,15,Desserte Normale
Belgique,1186,Gembloux,Tamines,15,Desserte Normale
Belgique,1186,Gembloux,Tamines,15,Desserte Normale
Belgique,1186,Gembloux,Tamines,15,Desserte Normale
Belgique,1186,Gembloux,Tamines,15,Desserte Normale
Belgique,1186,Gembloux,Tamines,15,Desserte Normale
Belgique,1186,Gembloux,Tamines,15,Desserte Normale
Belgique,1186,Gembloux,Tamines,15,Desserte Normale
Belgique,1186,Gembloux,Tamines,12,Desserte Normale
Belgique,1186,Gembloux,Tamines,15,Desserte Normale
Belgique,1186,Gembloux,Tamines,15,Desserte Normale
Belgique,1186,Gembloux,Tamines,15,Desserte Normale
Belgique,1186,Gembloux,Tamines,15,Desserte Normale
Belgique,1187,Gembloux,Jemeppe-sur-Sambre,18,Desserte Normale
Belgique,1187,Gembloux,Jemeppe-sur-Sambre,37,Desserte Normale
Belgique,1187,Gembloux,Jemeppe-sur-Sambre,46,Desserte Normale
Belgique,1187,Gembloux,Jemeppe-sur-Sambre,46,Desserte Normale
Belgique,1187,Gembloux,Jemeppe-sur-Sambre,36,Desserte Normale
Belgique,1187,Gembloux,Jemeppe-sur-Sambre,45,Desserte Normale
Belgique,1187,Gembloux,Jemeppe-sur-Sambre,37,Desserte Normale
Belgique,1187,Gembloux,Jemeppe-sur-Sambre,46,Desserte Normale
Belgique,1187,Gembloux,Jemeppe-sur-Sambre,37,Desserte Normale
Belgique,1187,Gembloux,Jemeppe-sur-Sambre,46,Desserte Normale
Belgique,1187,Gembloux,Jemeppe-sur-Sambre,46,Desserte Normale
Belgique,1187,Gembloux,Jemeppe-sur-Sambre,46,Desserte Normale
Belgique,1187,Gembloux,Jemeppe-sur-Sambre,46,Desserte Normale
Belgique,1187,Gembloux,Jemeppe-sur-Sambre,46,Desserte Normale
Belgique,1187,Gembloux,Jemeppe-sur-Sambre,45,Desserte Normale
Belgique,1187,Gembloux,Jemeppe-sur-Sambre,45,Desserte Normale
Belgique,1187,Gembloux,Jemeppe-sur-Sambre,36,Desserte Normale
Belgique,1187,Gembloux,Jemeppe-sur-Sambre,45,Desserte Normale
Belgique,1187,Gembloux,Jemeppe-sur-Sambre,45,Desserte Normale
Belgique,1187,Gembloux,Jemeppe-sur-Sambre,45,Desserte Normale
Belgique,1187,Gembloux,Jemeppe-sur-Sambre,45,Desserte Normale
Belgique,1187,Gembloux,Jemeppe-sur-Sambre,46,Desserte Normale
Belgique,1187,Gembloux,Jemeppe-sur-Sambre,46,Desserte Normale
Belgique,1187,Gembloux,Jemeppe-sur-Sambre,46,Desserte Normale
Belgique,1187,Gembloux,Jemeppe-sur-Sambre,46,Desserte Normale
Belgique,1187,Gembloux,Jemeppe-sur-Sambre,46,Desserte Normale
Belgique,1187,Gembloux,Jemeppe-sur-Sambre,46,Desserte Normale
Belgique,1187,Gembloux,Jemeppe-sur-Sambre,46,Desserte Normale
Belgique,1187,Gembloux,Jemeppe-sur-Sambre,46,Desserte Normale
Belgique,1187,Gembloux,Jemeppe-sur-Sambre,46,Desserte Normale
Belgique,1187,Gembloux,Jemeppe-sur-Sambre,46,Desserte Normale
Belgique,1187,Gembloux,Jemeppe-sur-Sambre,46,Desserte Normale
Belgique,1187,Gembloux,Jemeppe-sur-Sambre,36,Desserte Normale
Belgique,1187,Gembloux,Jemeppe-sur-Sambre,46,Desserte Normale
Belgique,1187,Gembloux,Jemeppe-sur-Sambre,46,Desserte Normale
Belgique,1187,Gembloux,Jemeppe-sur-Sambre,46,Desserte Normale
Belgique,1187,Gembloux,Jemeppe-sur-Sambre,46,Desserte Normale
Belgique,1188,Jemeppe-sur-Sambre,Schaerbeek,4,Sous-desservi
Belgique,1188,Jemeppe-sur-Sambre,Schaerbeek,8,Desserte Normale
Belgique,1188,Jemeppe-sur-Sambre,Schaerbeek,10,Desserte Normale
Belgique,1188,Jemeppe-sur-Sambre,Schaerbeek,10,Desserte Normale
Belgique,1188,Jemeppe-sur-Sambre,Schaerbeek,8,Desserte Normale
Belgique,1188,Jemeppe-sur-Sambre,Schaerbeek,5,Sous-desservi
Belgique,1188,Jemeppe-sur-Sambre,Schaerbeek,8,Desserte Normale
Belgique,1188,Jemeppe-sur-Sambre,Schaerbeek,10,Desserte Normale
Belgique,1188,Jemeppe-sur-Sambre,Schaerbeek,8,Desserte Normale
Belgique,1188,Jemeppe-sur-Sambre,Schaerbeek,10,Desserte Normale
Belgique,1188,Jemeppe-sur-Sambre,Schaerbeek,10,Desserte Normale
Belgique,1188,Jemeppe-sur-Sambre,Schaerbeek,10,Desserte Normale
Belgique,1188,Jemeppe-sur-Sambre,Schaerbeek,10,Desserte Normale
Belgique,1188,Jemeppe-sur-Sambre,Schaerbeek,5,Sous-desservi
Belgique,1188,Jemeppe-sur-Sambre,Schaerbeek,5,Sous-desservi
Belgique,1188,Jemeppe-sur-Sambre,Schaerbeek,5,Sous-desservi
Belgique,1188,Jemeppe-sur-Sambre,Schaerbeek,4,Sous-desservi
Belgique,1188,Jemeppe-sur-Sambre,Schaerbeek,5,Sous-desservi
Belgique,1188,Jemeppe-sur-Sambre,Schaerbeek,1,Sous-desservi
Belgique,1188,Jemeppe-sur-Sambre,Schaerbeek,5,Sous-desservi
Belgique,1188,Jemeppe-sur-Sambre,Schaerbeek,5,Sous-desservi
Belgique,1188,Jemeppe-sur-Sambre,Schaerbeek,10,Desserte Normale
Belgique,1188,Jemeppe-sur-Sambre,Schaerbeek,10,Desserte Normale
Belgique,1188,Jemeppe-sur-Sambre,Schaerbeek,10,Desserte Normale
Belgique,1188,Jemeppe-sur-Sambre,Schaerbeek,10,Desserte Normale
Belgique,1188,Jemeppe-sur-Sambre,Schaerbeek,10,Desserte Normale
Belgique,1188,Jemeppe-sur-Sambre,Schaerbeek,10,Desserte Normale
Belgique,1188,Jemeppe-sur-Sambre,Schaerbeek,10,Desserte Normale
Belgique,1188,Jemeppe-sur-Sambre,Schaerbeek,10,Desserte Normale
Belgique,1188,Jemeppe-sur-Sambre,Schaerbeek,10,Desserte Normale
Belgique,1188,Jemeppe-sur-Sambre,Schaerbeek,10,Desserte Normale
Belgique,1188,Jemeppe-sur-Sambre,Schaerbeek,8,Desserte Normale
Belgique,1188,Jemeppe-sur-Sambre,Schaerbeek,10,Desserte Normale
Belgique,1188,Jemeppe-sur-Sambre,Schaerbeek,10,Desserte Normale
Belgique,1188,Jemeppe-sur-Sambre,Schaerbeek,10,Desserte Normale
Belgique,1188,Jemeppe-sur-Sambre,Schaerbeek,10,Desserte Normale
Belgique,1189,Binche,Braine-le-Comte,4,Sous-desservi
Belgique,1189,Binche,Braine-le-Comte,10,Desserte Normale
Belgique,1189,Binche,Braine-le-Comte,10,Desserte Normale
Belgique,119,Huy,Liège-Guillemins,2,Sous-desservi
Belgique,1190,Charleroi-Central,Couvin,16,Desserte Normale
Belgique,1190,Charleroi-Central,Couvin,32,Desserte Normale
Belgique,1190,Charleroi-Central,Couvin,40,Desserte Normale
Belgique,1190,Charleroi-Central,Couvin,40,Desserte Normale
Belgique,1190,Charleroi-Central,Couvin,32,Desserte Normale
Belgique,1190,Charleroi-Central,Couvin,40,Desserte Normale
Belgique,1190,Charleroi-Central,Couvin,32,Desserte Normale
Belgique,1190,Charleroi-Central,Couvin,40,Desserte Normale
Belgique,1190,Charleroi-Central,Couvin,32,Desserte Normale
Belgique,1190,Charleroi-Central,Couvin,40,Desserte Normale
Belgique,1190,Charleroi-Central,Couvin,40,Desserte Normale
Belgique,1190,Charleroi-Central,Couvin,40,Desserte Normale
Belgique,1190,Charleroi-Central,Couvin,34,Desserte Normale
Belgique,1190,Charleroi-Central,Couvin,40,Desserte Normale
Belgique,1190,Charleroi-Central,Couvin,40,Desserte Normale
Belgique,1190,Charleroi-Central,Couvin,40,Desserte Normale
Belgique,1190,Charleroi-Central,Couvin,32,Desserte Normale
Belgique,1190,Charleroi-Central,Couvin,40,Desserte Normale
Belgique,1190,Charleroi-Central,Couvin,40,Desserte Normale
Belgique,1190,Charleroi-Central,Couvin,36,Desserte Normale
Belgique,1190,Charleroi-Central,Couvin,40,Desserte Normale
Belgique,1190,Charleroi-Central,Couvin,40,Desserte Normale
Belgique,1190,Charleroi-Central,Couvin,40,Desserte Normale
Belgique,1190,Charleroi-Central,Couvin,40,Desserte Normale
Belgique,1190,Charleroi-Central,Couvin,40,Desserte Normale
Belgique,1190,Charleroi-Central,Couvin,40,Desserte Normale
Belgique,1190,Charleroi-Central,Couvin,40,Desserte Normale
Belgique,1190,Charleroi-Central,Couvin,40,Desserte Normale
Belgique,1190,Charleroi-Central,Couvin,40,Desserte Normale
Belgique,1190,Charleroi-Central,Couvin,32,Desserte Normale
Belgique,1190,Charleroi-Central,Couvin,40,Desserte Normale
Belgique,1190,Charleroi-Central,Couvin,40,Desserte Normale
Belgique,1190,Charleroi-Central,Couvin,40,Desserte Normale
Belgique,1190,Charleroi-Central,Couvin,40,Desserte Normale
Belgique,1191,Charleroi-Central,Walcourt,6,Sous-desservi
Belgique,1191,Charleroi-Central,Walcourt,14,Desserte Normale
Belgique,1191,Charleroi-Central,Walcourt,17,Desserte Normale
Belgique,1191,Charleroi-Central,Walcourt,17,Desserte Normale
Belgique,1191,Charleroi-Central,Walcourt,4,Sous-desservi
Belgique,1191,Charleroi-Central,Walcourt,5,Sous-desservi
Belgique,1191,Charleroi-Central,Walcourt,14,Desserte Normale
Belgique,1191,Charleroi-Central,Walcourt,17,Desserte Normale
Belgique,1191,Charleroi-Central,Walcourt,14,Desserte Normale
Belgique,1191,Charleroi-Central,Walcourt,17,Desserte Normale
Belgique,1191,Charleroi-Central,Walcourt,17,Desserte Normale
Belgique,1191,Charleroi-Central,Walcourt,17,Desserte Normale
Belgique,1191,Charleroi-Central,Walcourt,17,Desserte Normale
Belgique,1191,Charleroi-Central,Walcourt,17,Desserte Normale
Belgique,1191,Charleroi-Central,Walcourt,5,Sous-desservi
Belgique,1191,Charleroi-Central,Walcourt,5,Sous-desservi
Belgique,1191,Charleroi-Central,Walcourt,4,Sous-desservi
Belgique,1191,Charleroi-Central,Walcourt,5,Sous-desservi
Belgique,1191,Charleroi-Central,Walcourt,17,Desserte Normale
Belgique,1191,Charleroi-Central,Walcourt,21,Desserte Normale
Belgique,1191,Charleroi-Central,Walcourt,17,Desserte Normale
Belgique,1191,Charleroi-Central,Walcourt,17,Desserte Normale
Belgique,1191,Charleroi-Central,Walcourt,17,Desserte Normale
Belgique,1191,Charleroi-Central,Walcourt,17,Desserte Normale
Belgique,1191,Charleroi-Central,Walcourt,17,Desserte Normale
Belgique,1191,Charleroi-Central,Walcourt,17,Desserte Normale
Belgique,1191,Charleroi-Central,Walcourt,17,Desserte Normale
Belgique,1191,Charleroi-Central,Walcourt,17,Desserte Normale
Belgique,1191,Charleroi-Central,Walcourt,17,Desserte Normale
Belgique,1191,Charleroi-Central,Walcourt,12,Desserte Normale
Belgique,1191,Charleroi-Central,Walcourt,17,Desserte Normale
Belgique,1191,Charleroi-Central,Walcourt,17,Desserte Normale
Belgique,1191,Charleroi-Central,Walcourt,17,Desserte Normale
Belgique,1191,Charleroi-Central,Walcourt,17,Desserte Normale
Belgique,1192,La Louvière-Sud,Mons,2,Sous-desservi
Belgique,1192,La Louvière-Sud,Mons,4,Sous-desservi
Belgique,1192,La Louvière-Sud,Mons,5,Sous-desservi
Belgique,1192,La Louvière-Sud,Mons,5,Sous-desservi
Belgique,1192,La Louvière-Sud,Mons,4,Sous-desservi
Belgique,1192,La Louvière-Sud,Mons,5,Sous-desservi
Belgique,1192,La Louvière-Sud,Mons,4,Sous-desservi
Belgique,1192,La Louvière-Sud,Mons,5,Sous-desservi
Belgique,1192,La Louvière-Sud,Mons,5,Sous-desservi
Belgique,1192,La Louvière-Sud,Mons,5,Sous-desservi
Belgique,1192,La Louvière-Sud,Mons,5,Sous-desservi
Belgique,1192,La Louvière-Sud,Mons,5,Sous-desservi
Belgique,1192,La Louvière-Sud,Mons,5,Sous-desservi
Belgique,1192,La Louvière-Sud,Mons,5,Sous-desservi
Belgique,1192,La Louvière-Sud,Mons,5,Sous-desservi
Belgique,1192,La Louvière-Sud,Mons,5,Sous-desservi
Belgique,1192,La Louvière-Sud,Mons,5,Sous-desservi
Belgique,1192,La Louvière-Sud,Mons,5,Sous-desservi
Belgique,1192,La Louvière-Sud,Mons,5,Sous-desservi
Belgique,1192,La Louvière-Sud,Mons,5,Sous-desservi
Belgique,1192,La Louvière-Sud,Mons,5,Sous-desservi
Belgique,1192,La Louvière-Sud,Mons,5,Sous-desservi
Belgique,1192,La Louvière-Sud,Mons,5,Sous-desservi
Belgique,1192,La Louvière-Sud,Mons,4,Sous-desservi
Belgique,1192,La Louvière-Sud,Mons,5,Sous-desservi
Belgique,1192,La Louvière-Sud,Mons,5,Sous-desservi
Belgique,1192,La Louvière-Sud,Mons,5,Sous-desservi
Belgique,1192,La Louvière-Sud,Mons,5,Sous-desservi
Belgique,1193,Braine-le-Comte,Manage,12,Desserte Normale
Belgique,1193,Braine-le-Comte,Manage,24,Desserte Normale
Belgique,1193,Braine-le-Comte,Manage,30,Desserte Normale
Belgique,1193,Braine-le-Comte,Manage,30,Desserte Normale
Belgique,1193,Braine-le-Comte,Manage,8,Desserte Normale
Belgique,1193,Braine-le-Comte,Manage,10,Desserte Normale
Belgique,1193,Braine-le-Comte,Manage,24,Desserte Normale
Belgique,1193,Braine-le-Comte,Manage,30,Desserte Normale
Belgique,1193,Braine-le-Comte,Manage,24,Desserte Normale
Belgique,1193,Braine-le-Comte,Manage,30,Desserte Normale
Belgique,1193,Braine-le-Comte,Manage,30,Desserte Normale
Belgique,1193,Braine-le-Comte,Manage,30,Desserte Normale
Belgique,1193,Braine-le-Comte,Manage,30,Desserte Normale
Belgique,1193,Braine-le-Comte,Manage,30,Desserte Normale
Belgique,1193,Braine-le-Comte,Manage,10,Desserte Normale
Belgique,1193,Braine-le-Comte,Manage,10,Desserte Normale
Belgique,1193,Braine-le-Comte,Manage,8,Desserte Normale
Belgique,1193,Braine-le-Comte,Manage,10,Desserte Normale
Belgique,1193,Braine-le-Comte,Manage,10,Desserte Normale
Belgique,1193,Braine-le-Comte,Manage,10,Desserte Normale
Belgique,1193,Braine-le-Comte,Manage,10,Desserte Normale
Belgique,1193,Braine-le-Comte,Manage,30,Desserte Normale
Belgique,1193,Braine-le-Comte,Manage,30,Desserte Normale
Belgique,1193,Braine-le-Comte,Manage,30,Desserte Normale
Belgique,1193,Braine-le-Comte,Manage,30,Desserte Normale
Belgique,1193,Braine-le-Comte,Manage,30,Desserte Normale
Belgique,1193,Braine-le-Comte,Manage,30,Desserte Normale
Belgique,1193,Braine-le-Comte,Manage,30,Desserte Normale
Belgique,1193,Braine-le-Comte,Manage,30,Desserte Normale
Belgique,1193,Braine-le-Comte,Manage,30,Desserte Normale
Belgique,1193,Braine-le-Comte,Manage,30,Desserte Normale
Belgique,1193,Braine-le-Comte,Manage,30,Desserte Normale
Belgique,1193,Braine-le-Comte,Manage,24,Desserte Normale
Belgique,1193,Braine-le-Comte,Manage,30,Desserte Normale
Belgique,1193,Braine-le-Comte,Manage,30,Desserte Normale
Belgique,1193,Braine-le-Comte,Manage,30,Desserte Normale
Belgique,1193,Braine-le-Comte,Manage,30,Desserte Normale
Belgique,1194,Jambes,Luttre,4,Sous-desservi
Belgique,1194,Jambes,Luttre,5,Sous-desservi
Belgique,1194,Jambes,Luttre,5,Sous-desservi
Belgique,1194,Jambes,Luttre,5,Sous-desservi
Belgique,1194,Jambes,Luttre,5,Sous-desservi
Belgique,1194,Jambes,Luttre,5,Sous-desservi
Belgique,1194,Jambes,Luttre,5,Sous-desservi
Belgique,1194,Jambes,Luttre,5,Sous-desservi
Belgique,1194,Jambes,Luttre,5,Sous-desservi
Belgique,1194,Jambes,Luttre,5,Sous-desservi
Belgique,1194,Jambes,Luttre,5,Sous-desservi
Belgique,1194,Jambes,Luttre,5,Sous-desservi
Belgique,1194,Jambes,Luttre,5,Sous-desservi
Belgique,1194,Jambes,Luttre,5,Sous-desservi
Belgique,1194,Jambes,Luttre,4,Sous-desservi
Belgique,1194,Jambes,Luttre,5,Sous-desservi
Belgique,1194,Jambes,Luttre,5,Sous-desservi
Belgique,1194,Jambes,Luttre,5,Sous-desservi
Belgique,1194,Jambes,Luttre,5,Sous-desservi
Belgique,1195,Quiévrain,Schaerbeek,4,Sous-desservi
Belgique,1195,Quiévrain,Schaerbeek,8,Desserte Normale
Belgique,1195,Quiévrain,Schaerbeek,10,Desserte Normale
Belgique,1195,Quiévrain,Schaerbeek,5,Sous-desservi
Belgique,1195,Quiévrain,Schaerbeek,4,Sous-desservi
Belgique,1195,Quiévrain,Schaerbeek,5,Sous-desservi
Belgique,1195,Quiévrain,Schaerbeek,7,Desserte Normale
Belgique,1195,Quiévrain,Schaerbeek,10,Desserte Normale
Belgique,1195,Quiévrain,Schaerbeek,8,Desserte Normale
Belgique,1195,Quiévrain,Schaerbeek,10,Desserte Normale
Belgique,1195,Quiévrain,Schaerbeek,10,Desserte Normale
Belgique,1195,Quiévrain,Schaerbeek,10,Desserte Normale
Belgique,1195,Quiévrain,Schaerbeek,15,Desserte Normale
Belgique,1195,Quiévrain,Schaerbeek,5,Sous-desservi
Belgique,1195,Quiévrain,Schaerbeek,5,Sous-desservi
Belgique,1195,Quiévrain,Schaerbeek,5,Sous-desservi
Belgique,1195,Quiévrain,Schaerbeek,4,Sous-desservi
Belgique,1195,Quiévrain,Schaerbeek,5,Sous-desservi
Belgique,1195,Quiévrain,Schaerbeek,3,Sous-desservi
Belgique,1195,Quiévrain,Schaerbeek,5,Sous-desservi
Belgique,1195,Quiévrain,Schaerbeek,15,Desserte Normale
Belgique,1195,Quiévrain,Schaerbeek,15,Desserte Normale
Belgique,1195,Quiévrain,Schaerbeek,15,Desserte Normale
Belgique,1195,Quiévrain,Schaerbeek,15,Desserte Normale
Belgique,1195,Quiévrain,Schaerbeek,15,Desserte Normale
Belgique,1195,Quiévrain,Schaerbeek,15,Desserte Normale
Belgique,1195,Quiévrain,Schaerbeek,15,Desserte Normale
Belgique,1195,Quiévrain,Schaerbeek,15,Desserte Normale
Belgique,1195,Quiévrain,Schaerbeek,15,Desserte Normale
Belgique,1195,Quiévrain,Schaerbeek,15,Desserte Normale
Belgique,1195,Quiévrain,Schaerbeek,12,Desserte Normale
Belgique,1195,Quiévrain,Schaerbeek,15,Desserte Normale
Belgique,1195,Quiévrain,Schaerbeek,15,Desserte Normale
Belgique,1195,Quiévrain,Schaerbeek,15,Desserte Normale
Belgique,1195,Quiévrain,Schaerbeek,15,Desserte Normale
Belgique,1196,Braine-le-Comte,Quiévrain,5,Sous-desservi
Belgique,1196,Braine-le-Comte,Quiévrain,2,Sous-desservi
Belgique,1196,Braine-le-Comte,Quiévrain,5,Sous-desservi
Belgique,1196,Braine-le-Comte,Quiévrain,5,Sous-desservi
Belgique,1197,Saint-Ghislain,Schaerbeek,4,Sous-desservi
Belgique,1197,Saint-Ghislain,Schaerbeek,8,Desserte Normale
Belgique,1197,Saint-Ghislain,Schaerbeek,10,Desserte Normale
Belgique,1197,Saint-Ghislain,Schaerbeek,10,Desserte Normale
Belgique,1197,Saint-Ghislain,Schaerbeek,8,Desserte Normale
Belgique,1197,Saint-Ghislain,Schaerbeek,10,Desserte Normale
Belgique,1197,Saint-Ghislain,Schaerbeek,7,Desserte Normale
Belgique,1197,Saint-Ghislain,Schaerbeek,10,Desserte Normale
Belgique,1197,Saint-Ghislain,Schaerbeek,8,Desserte Normale
Belgique,1197,Saint-Ghislain,Schaerbeek,10,Desserte Normale
Belgique,1197,Saint-Ghislain,Schaerbeek,10,Desserte Normale
Belgique,1197,Saint-Ghislain,Schaerbeek,10,Desserte Normale
Belgique,1197,Saint-Ghislain,Schaerbeek,10,Desserte Normale
Belgique,1197,Saint-Ghislain,Schaerbeek,10,Desserte Normale
Belgique,1197,Saint-Ghislain,Schaerbeek,10,Desserte Normale
Belgique,1197,Saint-Ghislain,Schaerbeek,10,Desserte Normale
Belgique,1197,Saint-Ghislain,Schaerbeek,8,Desserte Normale
Belgique,1197,Saint-Ghislain,Schaerbeek,10,Desserte Normale
Belgique,1197,Saint-Ghislain,Schaerbeek,6,Sous-desservi
Belgique,1197,Saint-Ghislain,Schaerbeek,10,Desserte Normale
Belgique,1197,Saint-Ghislain,Schaerbeek,10,Desserte Normale
Belgique,1197,Saint-Ghislain,Schaerbeek,10,Desserte Normale
Belgique,1197,Saint-Ghislain,Schaerbeek,10,Desserte Normale
Belgique,1197,Saint-Ghislain,Schaerbeek,10,Desserte Normale
Belgique,1197,Saint-Ghislain,Schaerbeek,10,Desserte Normale
Belgique,1197,Saint-Ghislain,Schaerbeek,10,Desserte Normale
Belgique,1197,Saint-Ghislain,Schaerbeek,10,Desserte Normale
Belgique,1197,Saint-Ghislain,Schaerbeek,5,Sous-desservi
Belgique,1197,Saint-Ghislain,Schaerbeek,5,Sous-desservi
Belgique,1197,Saint-Ghislain,Schaerbeek,10,Desserte Normale
Belgique,1197,Saint-Ghislain,Schaerbeek,8,Desserte Normale
Belgique,1197,Saint-Ghislain,Schaerbeek,10,Desserte Normale
Belgique,1197,Saint-Ghislain,Schaerbeek,10,Desserte Normale
Belgique,1197,Saint-Ghislain,Schaerbeek,10,Desserte Normale
Belgique,1197,Saint-Ghislain,Schaerbeek,10,Desserte Normale
Belgique,1198,Braine-le-Comte,Saint-Ghislain,4,Sous-desservi
Belgique,1198,Braine-le-Comte,Saint-Ghislain,10,Desserte Normale
Belgique,1198,Braine-le-Comte,Saint-Ghislain,10,Desserte Normale
Belgique,1198,Braine-le-Comte,Saint-Ghislain,5,Sous-desservi
Belgique,1198,Braine-le-Comte,Saint-Ghislain,5,Sous-desservi
Belgique,1199,Mons,Quiévrain,6,Sous-desservi
Belgique,1199,Mons,Quiévrain,12,Desserte Normale
Belgique,1199,Mons,Quiévrain,15,Desserte Normale
Belgique,1199,Mons,Quiévrain,15,Desserte Normale
Belgique,1199,Mons,Quiévrain,4,Sous-desservi
Belgique,1199,Mons,Quiévrain,5,Sous-desservi
Belgique,1199,Mons,Quiévrain,12,Desserte Normale
Belgique,1199,Mons,Quiévrain,15,Desserte Normale
Belgique,1199,Mons,Quiévrain,12,Desserte Normale
Belgique,1199,Mons,Quiévrain,15,Desserte Normale
Belgique,1199,Mons,Quiévrain,15,Desserte Normale
Belgique,1199,Mons,Quiévrain,15,Desserte Normale
Belgique,1199,Mons,Quiévrain,10,Desserte Normale
Belgique,1199,Mons,Quiévrain,10,Desserte Normale
Belgique,1199,Mons,Quiévrain,10,Desserte Normale
Belgique,1199,Mons,Quiévrain,10,Desserte Normale
Belgique,1199,Mons,Quiévrain,10,Desserte Normale
Belgique,1199,Mons,Quiévrain,10,Desserte Normale
Belgique,1199,Mons,Quiévrain,10,Desserte Normale
Belgique,1199,Mons,Quiévrain,10,Desserte Normale
Belgique,1199,Mons,Quiévrain,10,Desserte Normale
Belgique,1199,Mons,Quiévrain,10,Desserte Normale
Belgique,1199,Mons,Quiévrain,10,Desserte Normale
Belgique,1199,Mons,Quiévrain,10,Desserte Normale
Belgique,1199,Mons,Quiévrain,10,Desserte Normale
Belgique,1199,Mons,Quiévrain,8,Desserte Normale
Belgique,1199,Mons,Quiévrain,10,Desserte Normale
Belgique,1199,Mons,Quiévrain,10,Desserte Normale
Belgique,1199,Mons,Quiévrain,10,Desserte Normale
Belgique,1199,Mons,Quiévrain,10,Desserte Normale
Belgique,12,Lille Flandres,Tournai,106,Bien desservi
Belgique,120,Gendron-Celles,Libramont,76,Bien desservi
Belgique,120,Gendron-Celles,Libramont,30,Desserte Normale
Belgique,120,Gendron-Celles,Libramont,45,Desserte Normale
Belgique,120,Gendron-Celles,Libramont,30,Desserte Normale
Belgique,1200,Quévy,Schaerbeek,4,Sous-desservi
Belgique,1200,Quévy,Schaerbeek,8,Desserte Normale
Belgique,1200,Quévy,Schaerbeek,10,Desserte Normale
Belgique,1200,Quévy,Schaerbeek,5,Sous-desservi
Belgique,1200,Quévy,Schaerbeek,4,Sous-desservi
Belgique,1200,Quévy,Schaerbeek,5,Sous-desservi
Belgique,1200,Quévy,Schaerbeek,8,Desserte Normale
Belgique,1200,Quévy,Schaerbeek,10,Desserte Normale
Belgique,1200,Quévy,Schaerbeek,8,Desserte Normale
Belgique,1200,Quévy,Schaerbeek,10,Desserte Normale
Belgique,1200,Quévy,Schaerbeek,10,Desserte Normale
Belgique,1200,Quévy,Schaerbeek,10,Desserte Normale
Belgique,1200,Quévy,Schaerbeek,15,Desserte Normale
Belgique,1200,Quévy,Schaerbeek,5,Sous-desservi
Belgique,1200,Quévy,Schaerbeek,5,Sous-desservi
Belgique,1200,Quévy,Schaerbeek,5,Sous-desservi
Belgique,1200,Quévy,Schaerbeek,4,Sous-desservi
Belgique,1200,Quévy,Schaerbeek,5,Sous-desservi
Belgique,1200,Quévy,Schaerbeek,3,Sous-desservi
Belgique,1200,Quévy,Schaerbeek,5,Sous-desservi
Belgique,1200,Quévy,Schaerbeek,15,Desserte Normale
Belgique,1200,Quévy,Schaerbeek,15,Desserte Normale
Belgique,1200,Quévy,Schaerbeek,15,Desserte Normale
Belgique,1200,Quévy,Schaerbeek,15,Desserte Normale
Belgique,1200,Quévy,Schaerbeek,15,Desserte Normale
Belgique,1200,Quévy,Schaerbeek,15,Desserte Normale
Belgique,1200,Quévy,Schaerbeek,15,Desserte Normale
Belgique,1200,Quévy,Schaerbeek,15,Desserte Normale
Belgique,1200,Quévy,Schaerbeek,15,Desserte Normale
Belgique,1200,Quévy,Schaerbeek,15,Desserte Normale
Belgique,1200,Quévy,Schaerbeek,12,Desserte Normale
Belgique,1200,Quévy,Schaerbeek,15,Desserte Normale
Belgique,1200,Quévy,Schaerbeek,15,Desserte Normale
Belgique,1200,Quévy,Schaerbeek,15,Desserte Normale
Belgique,1200,Quévy,Schaerbeek,15,Desserte Normale
Belgique,1201,Mons,Quévy,6,Sous-desservi
Belgique,1201,Mons,Quévy,13,Desserte Normale
Belgique,1201,Mons,Quévy,16,Desserte Normale
Belgique,1201,Mons,Quévy,16,Desserte Normale
Belgique,1201,Mons,Quévy,4,Sous-desservi
Belgique,1201,Mons,Quévy,5,Sous-desservi
Belgique,1201,Mons,Quévy,13,Desserte Normale
Belgique,1201,Mons,Quévy,16,Desserte Normale
Belgique,1201,Mons,Quévy,13,Desserte Normale
Belgique,1201,Mons,Quévy,16,Desserte Normale
Belgique,1201,Mons,Quévy,16,Desserte Normale
Belgique,1201,Mons,Quévy,16,Desserte Normale
Belgique,1201,Mons,Quévy,16,Desserte Normale
Belgique,1201,Mons,Quévy,16,Desserte Normale
Belgique,1201,Mons,Quévy,5,Sous-desservi
Belgique,1201,Mons,Quévy,5,Sous-desservi
Belgique,1201,Mons,Quévy,4,Sous-desservi
Belgique,1201,Mons,Quévy,5,Sous-desservi
Belgique,1201,Mons,Quévy,5,Sous-desservi
Belgique,1201,Mons,Quévy,5,Sous-desservi
Belgique,1201,Mons,Quévy,5,Sous-desservi
Belgique,1201,Mons,Quévy,16,Desserte Normale
Belgique,1201,Mons,Quévy,16,Desserte Normale
Belgique,1201,Mons,Quévy,16,Desserte Normale
Belgique,1201,Mons,Quévy,16,Desserte Normale
Belgique,1201,Mons,Quévy,16,Desserte Normale
Belgique,1201,Mons,Quévy,16,Desserte Normale
Belgique,1201,Mons,Quévy,16,Desserte Normale
Belgique,1201,Mons,Quévy,16,Desserte Normale
Belgique,1201,Mons,Quévy,16,Desserte Normale
Belgique,1201,Mons,Quévy,16,Desserte Normale
Belgique,1201,Mons,Quévy,16,Desserte Normale
Belgique,1201,Mons,Quévy,12,Desserte Normale
Belgique,1201,Mons,Quévy,16,Desserte Normale
Belgique,1201,Mons,Quévy,16,Desserte Normale
Belgique,1201,Mons,Quévy,16,Desserte Normale
Belgique,1201,Mons,Quévy,16,Desserte Normale
Belgique,1202,Mons,Saint-Ghislain,2,Sous-desservi
Belgique,1202,Mons,Saint-Ghislain,4,Sous-desservi
Belgique,1202,Mons,Saint-Ghislain,5,Sous-desservi
Belgique,1202,Mons,Saint-Ghislain,5,Sous-desservi
Belgique,1202,Mons,Saint-Ghislain,4,Sous-desservi
Belgique,1202,Mons,Saint-Ghislain,5,Sous-desservi
Belgique,1202,Mons,Saint-Ghislain,4,Sous-desservi
Belgique,1202,Mons,Saint-Ghislain,5,Sous-desservi
Belgique,1202,Mons,Saint-Ghislain,5,Sous-desservi
Belgique,1202,Mons,Saint-Ghislain,5,Sous-desservi
Belgique,1202,Mons,Saint-Ghislain,5,Sous-desservi
Belgique,1202,Mons,Saint-Ghislain,5,Sous-desservi
Belgique,1202,Mons,Saint-Ghislain,5,Sous-desservi
Belgique,1202,Mons,Saint-Ghislain,5,Sous-desservi
Belgique,1202,Mons,Saint-Ghislain,5,Sous-desservi
Belgique,1202,Mons,Saint-Ghislain,5,Sous-desservi
Belgique,1202,Mons,Saint-Ghislain,5,Sous-desservi
Belgique,1202,Mons,Saint-Ghislain,5,Sous-desservi
Belgique,1202,Mons,Saint-Ghislain,5,Sous-desservi
Belgique,1202,Mons,Saint-Ghislain,5,Sous-desservi
Belgique,1202,Mons,Saint-Ghislain,5,Sous-desservi
Belgique,1202,Mons,Saint-Ghislain,5,Sous-desservi
Belgique,1202,Mons,Saint-Ghislain,5,Sous-desservi
Belgique,1202,Mons,Saint-Ghislain,4,Sous-desservi
Belgique,1202,Mons,Saint-Ghislain,5,Sous-desservi
Belgique,1202,Mons,Saint-Ghislain,5,Sous-desservi
Belgique,1202,Mons,Saint-Ghislain,5,Sous-desservi
Belgique,1202,Mons,Saint-Ghislain,5,Sous-desservi
Belgique,1203,Courtrai,Ostende,4,Sous-desservi
Belgique,1203,Courtrai,Ostende,5,Sous-desservi
Belgique,1203,Courtrai,Ostende,5,Sous-desservi
Belgique,1203,Courtrai,Ostende,5,Sous-desservi
Belgique,1203,Courtrai,Ostende,5,Sous-desservi
Belgique,1203,Courtrai,Ostende,4,Sous-desservi
Belgique,1203,Courtrai,Ostende,5,Sous-desservi
Belgique,1203,Courtrai,Ostende,5,Sous-desservi
Belgique,1203,Courtrai,Ostende,5,Sous-desservi
Belgique,1203,Courtrai,Ostende,5,Sous-desservi
Belgique,1203,Courtrai,Ostende,5,Sous-desservi
Belgique,1204,Ostende,Zottegem,4,Sous-desservi
Belgique,1204,Ostende,Zottegem,10,Desserte Normale
Belgique,1204,Ostende,Zottegem,8,Desserte Normale
Belgique,1204,Ostende,Zottegem,10,Desserte Normale
Belgique,1204,Ostende,Zottegem,8,Desserte Normale
Belgique,1204,Ostende,Zottegem,10,Desserte Normale
Belgique,1204,Ostende,Zottegem,8,Desserte Normale
Belgique,1204,Ostende,Zottegem,10,Desserte Normale
Belgique,1204,Ostende,Zottegem,10,Desserte Normale
Belgique,1204,Ostende,Zottegem,10,Desserte Normale
Belgique,1204,Ostende,Zottegem,10,Desserte Normale
Belgique,1204,Ostende,Zottegem,10,Desserte Normale
Belgique,1204,Ostende,Zottegem,10,Desserte Normale
Belgique,1204,Ostende,Zottegem,10,Desserte Normale
Belgique,1204,Ostende,Zottegem,10,Desserte Normale
Belgique,1204,Ostende,Zottegem,10,Desserte Normale
Belgique,1204,Ostende,Zottegem,10,Desserte Normale
Belgique,1204,Ostende,Zottegem,10,Desserte Normale
Belgique,1204,Ostende,Zottegem,10,Desserte Normale
Belgique,1204,Ostende,Zottegem,10,Desserte Normale
Belgique,1204,Ostende,Zottegem,10,Desserte Normale
Belgique,1204,Ostende,Zottegem,8,Desserte Normale
Belgique,1204,Ostende,Zottegem,10,Desserte Normale
Belgique,1204,Ostende,Zottegem,10,Desserte Normale
Belgique,1204,Ostende,Zottegem,10,Desserte Normale
Belgique,1204,Ostende,Zottegem,10,Desserte Normale
Belgique,1205,Courtrai,Knokke,8,Desserte Normale
Belgique,1205,Courtrai,Knokke,4,Sous-desservi
Belgique,1205,Courtrai,Knokke,5,Sous-desservi
Belgique,1205,Courtrai,Knokke,20,Desserte Normale
Belgique,1205,Courtrai,Knokke,16,Desserte Normale
Belgique,1205,Courtrai,Knokke,20,Desserte Normale
Belgique,1205,Courtrai,Knokke,16,Desserte Normale
Belgique,1205,Courtrai,Knokke,20,Desserte Normale
Belgique,1205,Courtrai,Knokke,16,Desserte Normale
Belgique,1205,Courtrai,Knokke,20,Desserte Normale
Belgique,1205,Courtrai,Knokke,20,Desserte Normale
Belgique,1205,Courtrai,Knokke,20,Desserte Normale
Belgique,1205,Courtrai,Knokke,20,Desserte Normale
Belgique,1205,Courtrai,Knokke,5,Sous-desservi
Belgique,1205,Courtrai,Knokke,5,Sous-desservi
Belgique,1205,Courtrai,Knokke,5,Sous-desservi
Belgique,1205,Courtrai,Knokke,4,Sous-desservi
Belgique,1205,Courtrai,Knokke,5,Sous-desservi
Belgique,1205,Courtrai,Knokke,5,Sous-desservi
Belgique,1205,Courtrai,Knokke,5,Sous-desservi
Belgique,1205,Courtrai,Knokke,5,Sous-desservi
Belgique,1205,Courtrai,Knokke,5,Sous-desservi
Belgique,1205,Courtrai,Knokke,20,Desserte Normale
Belgique,1205,Courtrai,Knokke,20,Desserte Normale
Belgique,1205,Courtrai,Knokke,20,Desserte Normale
Belgique,1205,Courtrai,Knokke,20,Desserte Normale
Belgique,1205,Courtrai,Knokke,20,Desserte Normale
Belgique,1205,Courtrai,Knokke,20,Desserte Normale
Belgique,1205,Courtrai,Knokke,20,Desserte Normale
Belgique,1205,Courtrai,Knokke,20,Desserte Normale
Belgique,1205,Courtrai,Knokke,20,Desserte Normale
Belgique,1205,Courtrai,Knokke,20,Desserte Normale
Belgique,1205,Courtrai,Knokke,16,Desserte Normale
Belgique,1205,Courtrai,Knokke,20,Desserte Normale
Belgique,1205,Courtrai,Knokke,20,Desserte Normale
Belgique,1205,Courtrai,Knokke,20,Desserte Normale
Belgique,1205,Courtrai,Knokke,20,Desserte Normale
Belgique,1206,Bruges,Courtrai,6,Sous-desservi
Belgique,1206,Bruges,Courtrai,8,Desserte Normale
Belgique,1206,Bruges,Courtrai,10,Desserte Normale
Belgique,1206,Bruges,Courtrai,15,Desserte Normale
Belgique,1206,Bruges,Courtrai,12,Desserte Normale
Belgique,1206,Bruges,Courtrai,15,Desserte Normale
Belgique,1206,Bruges,Courtrai,12,Desserte Normale
Belgique,1206,Bruges,Courtrai,15,Desserte Normale
Belgique,1206,Bruges,Courtrai,12,Desserte Normale
Belgique,1206,Bruges,Courtrai,15,Desserte Normale
Belgique,1206,Bruges,Courtrai,15,Desserte Normale
Belgique,1206,Bruges,Courtrai,15,Desserte Normale
Belgique,1206,Bruges,Courtrai,15,Desserte Normale
Belgique,1206,Bruges,Courtrai,10,Desserte Normale
Belgique,1206,Bruges,Courtrai,10,Desserte Normale
Belgique,1206,Bruges,Courtrai,10,Desserte Normale
Belgique,1206,Bruges,Courtrai,8,Desserte Normale
Belgique,1206,Bruges,Courtrai,10,Desserte Normale
Belgique,1206,Bruges,Courtrai,10,Desserte Normale
Belgique,1206,Bruges,Courtrai,10,Desserte Normale
Belgique,1206,Bruges,Courtrai,10,Desserte Normale
Belgique,1206,Bruges,Courtrai,10,Desserte Normale
Belgique,1206,Bruges,Courtrai,15,Desserte Normale
Belgique,1206,Bruges,Courtrai,15,Desserte Normale
Belgique,1206,Bruges,Courtrai,15,Desserte Normale
Belgique,1206,Bruges,Courtrai,15,Desserte Normale
Belgique,1206,Bruges,Courtrai,15,Desserte Normale
Belgique,1206,Bruges,Courtrai,15,Desserte Normale
Belgique,1206,Bruges,Courtrai,15,Desserte Normale
Belgique,1206,Bruges,Courtrai,15,Desserte Normale
Belgique,1206,Bruges,Courtrai,15,Desserte Normale
Belgique,1206,Bruges,Courtrai,15,Desserte Normale
Belgique,1206,Bruges,Courtrai,12,Desserte Normale
Belgique,1206,Bruges,Courtrai,15,Desserte Normale
Belgique,1206,Bruges,Courtrai,15,Desserte Normale
Belgique,1206,Bruges,Courtrai,15,Desserte Normale
Belgique,1206,Bruges,Courtrai,15,Desserte Normale
Belgique,1207,Audenarde,Gand-Saint-Pierre,2,Sous-desservi
Belgique,1207,Audenarde,Gand-Saint-Pierre,3,Sous-desservi
Belgique,1207,Audenarde,Gand-Saint-Pierre,2,Sous-desservi
Belgique,1207,Audenarde,Gand-Saint-Pierre,2,Sous-desservi
Belgique,1207,Audenarde,Gand-Saint-Pierre,3,Sous-desservi
Belgique,1207,Audenarde,Gand-Saint-Pierre,2,Sous-desservi
Belgique,1207,Audenarde,Gand-Saint-Pierre,3,Sous-desservi
Belgique,1207,Audenarde,Gand-Saint-Pierre,4,Sous-desservi
Belgique,1207,Audenarde,Gand-Saint-Pierre,5,Sous-desservi
Belgique,1207,Audenarde,Gand-Saint-Pierre,2,Sous-desservi
Belgique,1207,Audenarde,Gand-Saint-Pierre,2,Sous-desservi
Belgique,1207,Audenarde,Gand-Saint-Pierre,2,Sous-desservi
Belgique,1207,Audenarde,Gand-Saint-Pierre,2,Sous-desservi
Belgique,1207,Audenarde,Gand-Saint-Pierre,2,Sous-desservi
Belgique,1207,Audenarde,Gand-Saint-Pierre,2,Sous-desservi
Belgique,1207,Audenarde,Gand-Saint-Pierre,3,Sous-desservi
Belgique,1207,Audenarde,Gand-Saint-Pierre,2,Sous-desservi
Belgique,1207,Audenarde,Gand-Saint-Pierre,2,Sous-desservi
Belgique,1207,Audenarde,Gand-Saint-Pierre,2,Sous-desservi
Belgique,1207,Audenarde,Gand-Saint-Pierre,2,Sous-desservi
Belgique,1207,Audenarde,Gand-Saint-Pierre,2,Sous-desservi
Belgique,1207,Audenarde,Gand-Saint-Pierre,2,Sous-desservi
Belgique,1207,Audenarde,Gand-Saint-Pierre,2,Sous-desservi
Belgique,1207,Audenarde,Gand-Saint-Pierre,2,Sous-desservi
Belgique,1207,Audenarde,Gand-Saint-Pierre,2,Sous-desservi
Belgique,1207,Audenarde,Gand-Saint-Pierre,2,Sous-desservi
Belgique,1207,Audenarde,Gand-Saint-Pierre,2,Sous-desservi
Belgique,1207,Audenarde,Gand-Saint-Pierre,3,Sous-desservi
Belgique,1207,Audenarde,Gand-Saint-Pierre,2,Sous-desservi
Belgique,1207,Audenarde,Gand-Saint-Pierre,2,Sous-desservi
Belgique,1207,Audenarde,Gand-Saint-Pierre,2,Sous-desservi
Belgique,1207,Audenarde,Gand-Saint-Pierre,1,Sous-desservi
Belgique,1208,Audenarde,Wondelgem,2,Sous-desservi
Belgique,1208,Audenarde,Wondelgem,2,Sous-desservi
Belgique,1209,Courtrai,Zottegem,10,Desserte Normale
Belgique,1209,Courtrai,Zottegem,24,Desserte Normale
Belgique,1209,Courtrai,Zottegem,20,Desserte Normale
Belgique,1209,Courtrai,Zottegem,30,Desserte Normale
Belgique,1209,Courtrai,Zottegem,24,Desserte Normale
Belgique,1209,Courtrai,Zottegem,30,Desserte Normale
Belgique,1209,Courtrai,Zottegem,24,Desserte Normale
Belgique,1209,Courtrai,Zottegem,30,Desserte Normale
Belgique,1209,Courtrai,Zottegem,24,Desserte Normale
Belgique,1209,Courtrai,Zottegem,30,Desserte Normale
Belgique,1209,Courtrai,Zottegem,30,Desserte Normale
Belgique,1209,Courtrai,Zottegem,30,Desserte Normale
Belgique,1209,Courtrai,Zottegem,30,Desserte Normale
Belgique,1209,Courtrai,Zottegem,30,Desserte Normale
Belgique,1209,Courtrai,Zottegem,30,Desserte Normale
Belgique,1209,Courtrai,Zottegem,30,Desserte Normale
Belgique,1209,Courtrai,Zottegem,24,Desserte Normale
Belgique,1209,Courtrai,Zottegem,30,Desserte Normale
Belgique,1209,Courtrai,Zottegem,30,Desserte Normale
Belgique,1209,Courtrai,Zottegem,30,Desserte Normale
Belgique,1209,Courtrai,Zottegem,30,Desserte Normale
Belgique,1209,Courtrai,Zottegem,30,Desserte Normale
Belgique,1209,Courtrai,Zottegem,30,Desserte Normale
Belgique,1209,Courtrai,Zottegem,30,Desserte Normale
Belgique,1209,Courtrai,Zottegem,30,Desserte Normale
Belgique,1209,Courtrai,Zottegem,30,Desserte Normale
Belgique,1209,Courtrai,Zottegem,30,Desserte Normale
Belgique,1209,Courtrai,Zottegem,30,Desserte Normale
Belgique,1209,Courtrai,Zottegem,30,Desserte Normale
Belgique,1209,Courtrai,Zottegem,30,Desserte Normale
Belgique,1209,Courtrai,Zottegem,30,Desserte Normale
Belgique,1209,Courtrai,Zottegem,30,Desserte Normale
Belgique,1209,Courtrai,Zottegem,24,Desserte Normale
Belgique,1209,Courtrai,Zottegem,30,Desserte Normale
Belgique,1209,Courtrai,Zottegem,30,Desserte Normale
Belgique,1209,Courtrai,Zottegem,30,Desserte Normale
Belgique,1209,Courtrai,Zottegem,30,Desserte Normale
Belgique,121,Anvers-Central,Gand-Saint-Pierre,6,Sous-desservi
Belgique,121,Anvers-Central,Gand-Saint-Pierre,13,Desserte Normale
Belgique,121,Anvers-Central,Gand-Saint-Pierre,15,Desserte Normale
Belgique,121,Anvers-Central,Gand-Saint-Pierre,16,Desserte Normale
Belgique,121,Anvers-Central,Gand-Saint-Pierre,12,Desserte Normale
Belgique,121,Anvers-Central,Gand-Saint-Pierre,15,Desserte Normale
Belgique,121,Anvers-Central,Gand-Saint-Pierre,12,Desserte Normale
Belgique,121,Anvers-Central,Gand-Saint-Pierre,15,Desserte Normale
Belgique,121,Anvers-Central,Gand-Saint-Pierre,12,Desserte Normale
Belgique,121,Anvers-Central,Gand-Saint-Pierre,15,Desserte Normale
Belgique,121,Anvers-Central,Gand-Saint-Pierre,10,Desserte Normale
Belgique,121,Anvers-Central,Gand-Saint-Pierre,10,Desserte Normale
Belgique,121,Anvers-Central,Gand-Saint-Pierre,15,Desserte Normale
Belgique,121,Anvers-Central,Gand-Saint-Pierre,20,Desserte Normale
Belgique,121,Anvers-Central,Gand-Saint-Pierre,20,Desserte Normale
Belgique,121,Anvers-Central,Gand-Saint-Pierre,20,Desserte Normale
Belgique,121,Anvers-Central,Gand-Saint-Pierre,17,Desserte Normale
Belgique,121,Anvers-Central,Gand-Saint-Pierre,93,Bien desservi
Belgique,121,Anvers-Central,Gand-Saint-Pierre,21,Desserte Normale
Belgique,121,Anvers-Central,Gand-Saint-Pierre,93,Bien desservi
Belgique,121,Anvers-Central,Gand-Saint-Pierre,16,Desserte Normale
Belgique,121,Anvers-Central,Gand-Saint-Pierre,20,Desserte Normale
Belgique,121,Anvers-Central,Gand-Saint-Pierre,78,Bien desservi
Belgique,121,Anvers-Central,Gand-Saint-Pierre,15,Desserte Normale
Belgique,121,Anvers-Central,Gand-Saint-Pierre,15,Desserte Normale
Belgique,121,Anvers-Central,Gand-Saint-Pierre,83,Bien desservi
Belgique,121,Anvers-Central,Gand-Saint-Pierre,15,Desserte Normale
Belgique,121,Anvers-Central,Gand-Saint-Pierre,15,Desserte Normale
Belgique,121,Anvers-Central,Gand-Saint-Pierre,15,Desserte Normale
Belgique,121,Anvers-Central,Gand-Saint-Pierre,15,Desserte Normale
Belgique,121,Anvers-Central,Gand-Saint-Pierre,15,Desserte Normale
Belgique,121,Anvers-Central,Gand-Saint-Pierre,15,Desserte Normale
Belgique,121,Anvers-Central,Gand-Saint-Pierre,12,Desserte Normale
Belgique,121,Anvers-Central,Gand-Saint-Pierre,15,Desserte Normale
Belgique,121,Anvers-Central,Gand-Saint-Pierre,15,Desserte Normale
Belgique,121,Anvers-Central,Gand-Saint-Pierre,15,Desserte Normale
Belgique,121,Anvers-Central,Gand-Saint-Pierre,15,Desserte Normale
Belgique,1210,Gand-Saint-Pierre,Grammont,16,Desserte Normale
Belgique,1210,Gand-Saint-Pierre,Grammont,40,Desserte Normale
Belgique,1210,Gand-Saint-Pierre,Grammont,32,Desserte Normale
Belgique,1210,Gand-Saint-Pierre,Grammont,40,Desserte Normale
Belgique,1210,Gand-Saint-Pierre,Grammont,32,Desserte Normale
Belgique,1210,Gand-Saint-Pierre,Grammont,40,Desserte Normale
Belgique,1210,Gand-Saint-Pierre,Grammont,32,Desserte Normale
Belgique,1210,Gand-Saint-Pierre,Grammont,40,Desserte Normale
Belgique,1210,Gand-Saint-Pierre,Grammont,40,Desserte Normale
Belgique,1210,Gand-Saint-Pierre,Grammont,40,Desserte Normale
Belgique,1210,Gand-Saint-Pierre,Grammont,40,Desserte Normale
Belgique,1210,Gand-Saint-Pierre,Grammont,25,Desserte Normale
Belgique,1210,Gand-Saint-Pierre,Grammont,25,Desserte Normale
Belgique,1210,Gand-Saint-Pierre,Grammont,25,Desserte Normale
Belgique,1210,Gand-Saint-Pierre,Grammont,20,Desserte Normale
Belgique,1210,Gand-Saint-Pierre,Grammont,25,Desserte Normale
Belgique,1210,Gand-Saint-Pierre,Grammont,25,Desserte Normale
Belgique,1210,Gand-Saint-Pierre,Grammont,25,Desserte Normale
Belgique,1210,Gand-Saint-Pierre,Grammont,25,Desserte Normale
Belgique,1210,Gand-Saint-Pierre,Grammont,25,Desserte Normale
Belgique,1210,Gand-Saint-Pierre,Grammont,40,Desserte Normale
Belgique,1210,Gand-Saint-Pierre,Grammont,40,Desserte Normale
Belgique,1210,Gand-Saint-Pierre,Grammont,40,Desserte Normale
Belgique,1210,Gand-Saint-Pierre,Grammont,40,Desserte Normale
Belgique,1210,Gand-Saint-Pierre,Grammont,40,Desserte Normale
Belgique,1210,Gand-Saint-Pierre,Grammont,40,Desserte Normale
Belgique,1210,Gand-Saint-Pierre,Grammont,40,Desserte Normale
Belgique,1210,Gand-Saint-Pierre,Grammont,40,Desserte Normale
Belgique,1210,Gand-Saint-Pierre,Grammont,40,Desserte Normale
Belgique,1210,Gand-Saint-Pierre,Grammont,40,Desserte Normale
Belgique,1210,Gand-Saint-Pierre,Grammont,32,Desserte Normale
Belgique,1210,Gand-Saint-Pierre,Grammont,40,Desserte Normale
Belgique,1210,Gand-Saint-Pierre,Grammont,40,Desserte Normale
Belgique,1210,Gand-Saint-Pierre,Grammont,40,Desserte Normale
Belgique,1210,Gand-Saint-Pierre,Grammont,40,Desserte Normale
Belgique,1211,Grammont,Zottegem,2,Sous-desservi
Belgique,1211,Grammont,Zottegem,6,Sous-desservi
Belgique,1211,Grammont,Zottegem,5,Sous-desservi
Belgique,1211,Grammont,Zottegem,6,Sous-desservi
Belgique,1211,Grammont,Zottegem,4,Sous-desservi
Belgique,1211,Grammont,Zottegem,6,Sous-desservi
Belgique,1211,Grammont,Zottegem,5,Sous-desservi
Belgique,1211,Grammont,Zottegem,6,Sous-desservi
Belgique,1211,Grammont,Zottegem,6,Sous-desservi
Belgique,1211,Grammont,Zottegem,6,Sous-desservi
Belgique,1211,Grammont,Zottegem,6,Sous-desservi
Belgique,1211,Grammont,Zottegem,6,Sous-desservi
Belgique,1211,Grammont,Zottegem,6,Sous-desservi
Belgique,1211,Grammont,Zottegem,6,Sous-desservi
Belgique,1211,Grammont,Zottegem,6,Sous-desservi
Belgique,1211,Grammont,Zottegem,6,Sous-desservi
Belgique,1211,Grammont,Zottegem,6,Sous-desservi
Belgique,1211,Grammont,Zottegem,6,Sous-desservi
Belgique,1211,Grammont,Zottegem,6,Sous-desservi
Belgique,1211,Grammont,Zottegem,6,Sous-desservi
Belgique,1211,Grammont,Zottegem,6,Sous-desservi
Belgique,1211,Grammont,Zottegem,4,Sous-desservi
Belgique,1211,Grammont,Zottegem,6,Sous-desservi
Belgique,1211,Grammont,Zottegem,6,Sous-desservi
Belgique,1211,Grammont,Zottegem,6,Sous-desservi
Belgique,1211,Grammont,Zottegem,6,Sous-desservi
Belgique,1212,Alost,Burst,28,Desserte Normale
Belgique,1212,Alost,Burst,60,Bien desservi
Belgique,1212,Alost,Burst,62,Bien desservi
Belgique,1212,Alost,Burst,50,Desserte Normale
Belgique,1212,Alost,Burst,62,Bien desservi
Belgique,1212,Alost,Burst,50,Desserte Normale
Belgique,1212,Alost,Burst,62,Bien desservi
Belgique,1212,Alost,Burst,50,Desserte Normale
Belgique,1212,Alost,Burst,62,Bien desservi
Belgique,1212,Alost,Burst,66,Bien desservi
Belgique,1212,Alost,Burst,62,Bien desservi
Belgique,1212,Alost,Burst,62,Bien desservi
Belgique,1212,Alost,Burst,62,Bien desservi
Belgique,1212,Alost,Burst,62,Bien desservi
Belgique,1212,Alost,Burst,62,Bien desservi
Belgique,1212,Alost,Burst,62,Bien desservi
Belgique,1212,Alost,Burst,62,Bien desservi
Belgique,1212,Alost,Burst,62,Bien desservi
Belgique,1212,Alost,Burst,62,Bien desservi
Belgique,1212,Alost,Burst,62,Bien desservi
Belgique,1212,Alost,Burst,62,Bien desservi
Belgique,1212,Alost,Burst,62,Bien desservi
Belgique,1212,Alost,Burst,48,Desserte Normale
Belgique,1212,Alost,Burst,62,Bien desservi
Belgique,1212,Alost,Burst,62,Bien desservi
Belgique,1212,Alost,Burst,62,Bien desservi
Belgique,1212,Alost,Burst,62,Bien desservi
Belgique,1213,Courtrai,Roulers,2,Sous-desservi
Belgique,1213,Courtrai,Roulers,4,Sous-desservi
Belgique,1213,Courtrai,Roulers,5,Sous-desservi
Belgique,1213,Courtrai,Roulers,5,Sous-desservi
Belgique,1213,Courtrai,Roulers,4,Sous-desservi
Belgique,1213,Courtrai,Roulers,5,Sous-desservi
Belgique,1213,Courtrai,Roulers,4,Sous-desservi
Belgique,1213,Courtrai,Roulers,5,Sous-desservi
Belgique,1213,Courtrai,Roulers,4,Sous-desservi
Belgique,1213,Courtrai,Roulers,5,Sous-desservi
Belgique,1213,Courtrai,Roulers,5,Sous-desservi
Belgique,1213,Courtrai,Roulers,5,Sous-desservi
Belgique,1213,Courtrai,Roulers,5,Sous-desservi
Belgique,1213,Courtrai,Roulers,5,Sous-desservi
Belgique,1213,Courtrai,Roulers,5,Sous-desservi
Belgique,1213,Courtrai,Roulers,5,Sous-desservi
Belgique,1213,Courtrai,Roulers,4,Sous-desservi
Belgique,1213,Courtrai,Roulers,5,Sous-desservi
Belgique,1213,Courtrai,Roulers,5,Sous-desservi
Belgique,1213,Courtrai,Roulers,5,Sous-desservi
Belgique,1213,Courtrai,Roulers,5,Sous-desservi
Belgique,1213,Courtrai,Roulers,5,Sous-desservi
Belgique,1213,Courtrai,Roulers,5,Sous-desservi
Belgique,1213,Courtrai,Roulers,5,Sous-desservi
Belgique,1213,Courtrai,Roulers,5,Sous-desservi
Belgique,1213,Courtrai,Roulers,5,Sous-desservi
Belgique,1213,Courtrai,Roulers,5,Sous-desservi
Belgique,1213,Courtrai,Roulers,5,Sous-desservi
Belgique,1213,Courtrai,Roulers,5,Sous-desservi
Belgique,1213,Courtrai,Roulers,5,Sous-desservi
Belgique,1213,Courtrai,Roulers,5,Sous-desservi
Belgique,1213,Courtrai,Roulers,5,Sous-desservi
Belgique,1213,Courtrai,Roulers,4,Sous-desservi
Belgique,1213,Courtrai,Roulers,5,Sous-desservi
Belgique,1213,Courtrai,Roulers,5,Sous-desservi
Belgique,1213,Courtrai,Roulers,5,Sous-desservi
Belgique,1213,Courtrai,Roulers,5,Sous-desservi
Belgique,1214,Courtrai,Gand-Saint-Pierre,12,Desserte Normale
Belgique,1214,Courtrai,Gand-Saint-Pierre,8,Desserte Normale
Belgique,1214,Courtrai,Gand-Saint-Pierre,10,Desserte Normale
Belgique,1214,Courtrai,Gand-Saint-Pierre,30,Desserte Normale
Belgique,1214,Courtrai,Gand-Saint-Pierre,24,Desserte Normale
Belgique,1214,Courtrai,Gand-Saint-Pierre,30,Desserte Normale
Belgique,1214,Courtrai,Gand-Saint-Pierre,24,Desserte Normale
Belgique,1214,Courtrai,Gand-Saint-Pierre,30,Desserte Normale
Belgique,1214,Courtrai,Gand-Saint-Pierre,24,Desserte Normale
Belgique,1214,Courtrai,Gand-Saint-Pierre,30,Desserte Normale
Belgique,1214,Courtrai,Gand-Saint-Pierre,30,Desserte Normale
Belgique,1214,Courtrai,Gand-Saint-Pierre,30,Desserte Normale
Belgique,1214,Courtrai,Gand-Saint-Pierre,30,Desserte Normale
Belgique,1214,Courtrai,Gand-Saint-Pierre,10,Desserte Normale
Belgique,1214,Courtrai,Gand-Saint-Pierre,10,Desserte Normale
Belgique,1214,Courtrai,Gand-Saint-Pierre,10,Desserte Normale
Belgique,1214,Courtrai,Gand-Saint-Pierre,8,Desserte Normale
Belgique,1214,Courtrai,Gand-Saint-Pierre,10,Desserte Normale
Belgique,1214,Courtrai,Gand-Saint-Pierre,10,Desserte Normale
Belgique,1214,Courtrai,Gand-Saint-Pierre,10,Desserte Normale
Belgique,1214,Courtrai,Gand-Saint-Pierre,10,Desserte Normale
Belgique,1214,Courtrai,Gand-Saint-Pierre,10,Desserte Normale
Belgique,1214,Courtrai,Gand-Saint-Pierre,30,Desserte Normale
Belgique,1214,Courtrai,Gand-Saint-Pierre,30,Desserte Normale
Belgique,1214,Courtrai,Gand-Saint-Pierre,30,Desserte Normale
Belgique,1214,Courtrai,Gand-Saint-Pierre,30,Desserte Normale
Belgique,1214,Courtrai,Gand-Saint-Pierre,30,Desserte Normale
Belgique,1214,Courtrai,Gand-Saint-Pierre,30,Desserte Normale
Belgique,1214,Courtrai,Gand-Saint-Pierre,30,Desserte Normale
Belgique,1214,Courtrai,Gand-Saint-Pierre,30,Desserte Normale
Belgique,1214,Courtrai,Gand-Saint-Pierre,30,Desserte Normale
Belgique,1214,Courtrai,Gand-Saint-Pierre,30,Desserte Normale
Belgique,1214,Courtrai,Gand-Saint-Pierre,24,Desserte Normale
Belgique,1214,Courtrai,Gand-Saint-Pierre,30,Desserte Normale
Belgique,1214,Courtrai,Gand-Saint-Pierre,30,Desserte Normale
Belgique,1214,Courtrai,Gand-Saint-Pierre,30,Desserte Normale
Belgique,1214,Courtrai,Gand-Saint-Pierre,30,Desserte Normale
Belgique,1215,Gand-Saint-Pierre,La Panne,4,Sous-desservi
Belgique,1215,Gand-Saint-Pierre,La Panne,10,Desserte Normale
Belgique,1215,Gand-Saint-Pierre,La Panne,8,Desserte Normale
Belgique,1215,Gand-Saint-Pierre,La Panne,9,Desserte Normale
Belgique,1215,Gand-Saint-Pierre,La Panne,8,Desserte Normale
Belgique,1215,Gand-Saint-Pierre,La Panne,10,Desserte Normale
Belgique,1215,Gand-Saint-Pierre,La Panne,8,Desserte Normale
Belgique,1215,Gand-Saint-Pierre,La Panne,10,Desserte Normale
Belgique,1215,Gand-Saint-Pierre,La Panne,10,Desserte Normale
Belgique,1215,Gand-Saint-Pierre,La Panne,10,Desserte Normale
Belgique,1215,Gand-Saint-Pierre,La Panne,10,Desserte Normale
Belgique,1215,Gand-Saint-Pierre,La Panne,10,Desserte Normale
Belgique,1215,Gand-Saint-Pierre,La Panne,10,Desserte Normale
Belgique,1215,Gand-Saint-Pierre,La Panne,10,Desserte Normale
Belgique,1215,Gand-Saint-Pierre,La Panne,10,Desserte Normale
Belgique,1215,Gand-Saint-Pierre,La Panne,10,Desserte Normale
Belgique,1215,Gand-Saint-Pierre,La Panne,10,Desserte Normale
Belgique,1215,Gand-Saint-Pierre,La Panne,10,Desserte Normale
Belgique,1215,Gand-Saint-Pierre,La Panne,10,Desserte Normale
Belgique,1215,Gand-Saint-Pierre,La Panne,10,Desserte Normale
Belgique,1215,Gand-Saint-Pierre,La Panne,10,Desserte Normale
Belgique,1215,Gand-Saint-Pierre,La Panne,8,Desserte Normale
Belgique,1215,Gand-Saint-Pierre,La Panne,10,Desserte Normale
Belgique,1215,Gand-Saint-Pierre,La Panne,10,Desserte Normale
Belgique,1215,Gand-Saint-Pierre,La Panne,10,Desserte Normale
Belgique,1215,Gand-Saint-Pierre,La Panne,10,Desserte Normale
Belgique,1216,La Panne,Louvain,1,Sous-desservi
Belgique,1216,La Panne,Louvain,1,Sous-desservi
Belgique,1216,La Panne,Louvain,1,Sous-desservi
Belgique,1216,La Panne,Louvain,1,Sous-desservi
Belgique,1216,La Panne,Louvain,1,Sous-desservi
Belgique,1216,La Panne,Louvain,1,Sous-desservi
Belgique,1216,La Panne,Louvain,1,Sous-desservi
Belgique,1216,La Panne,Louvain,1,Sous-desservi
Belgique,1216,La Panne,Louvain,1,Sous-desservi
Belgique,1216,La Panne,Louvain,1,Sous-desservi
Belgique,1216,La Panne,Louvain,1,Sous-desservi
Belgique,1216,La Panne,Louvain,1,Sous-desservi
Belgique,1216,La Panne,Louvain,1,Sous-desservi
Belgique,1216,La Panne,Louvain,1,Sous-desservi
Belgique,1216,La Panne,Louvain,1,Sous-desservi
Belgique,1216,La Panne,Louvain,1,Sous-desservi
Belgique,1216,La Panne,Louvain,1,Sous-desservi
Belgique,1216,La Panne,Louvain,1,Sous-desservi
Belgique,1216,La Panne,Louvain,2,Sous-desservi
Belgique,1216,La Panne,Louvain,1,Sous-desservi
Belgique,1216,La Panne,Louvain,1,Sous-desservi
Belgique,1216,La Panne,Louvain,1,Sous-desservi
Belgique,1217,Ans,Landen,2,Sous-desservi
Belgique,1217,Ans,Landen,2,Sous-desservi
Belgique,1217,Ans,Landen,1,Sous-desservi
Belgique,1218,Ans,Liège-Guillemins,2,Sous-desservi
Belgique,1218,Ans,Liège-Guillemins,3,Sous-desservi
Belgique,1219,Ans,Welkenraedt,1,Sous-desservi
Belgique,122,Mons,Quévy,2,Sous-desservi
Belgique,122,Mons,Quévy,4,Sous-desservi
Belgique,122,Mons,Quévy,6,Sous-desservi
Belgique,122,Mons,Quévy,6,Sous-desservi
Belgique,122,Mons,Quévy,5,Sous-desservi
Belgique,122,Mons,Quévy,6,Sous-desservi
Belgique,122,Mons,Quévy,6,Sous-desservi
Belgique,122,Mons,Quévy,6,Sous-desservi
Belgique,122,Mons,Quévy,5,Sous-desservi
Belgique,122,Mons,Quévy,6,Sous-desservi
Belgique,122,Mons,Quévy,5,Sous-desservi
Belgique,122,Mons,Quévy,5,Sous-desservi
Belgique,122,Mons,Quévy,5,Sous-desservi
Belgique,122,Mons,Quévy,5,Sous-desservi
Belgique,122,Mons,Quévy,6,Sous-desservi
Belgique,122,Mons,Quévy,5,Sous-desservi
Belgique,122,Mons,Quévy,4,Sous-desservi
Belgique,122,Mons,Quévy,57,Bien desservi
Belgique,122,Mons,Quévy,6,Sous-desservi
Belgique,122,Mons,Quévy,5,Sous-desservi
Belgique,122,Mons,Quévy,5,Sous-desservi
Belgique,122,Mons,Quévy,5,Sous-desservi
Belgique,122,Mons,Quévy,6,Sous-desservi
Belgique,122,Mons,Quévy,5,Sous-desservi
Belgique,122,Mons,Quévy,5,Sous-desservi
Belgique,122,Mons,Quévy,5,Sous-desservi
Belgique,122,Mons,Quévy,5,Sous-desservi
Belgique,122,Mons,Quévy,5,Sous-desservi
Belgique,122,Mons,Quévy,5,Sous-desservi
Belgique,122,Mons,Quévy,5,Sous-desservi
Belgique,122,Mons,Quévy,5,Sous-desservi
Belgique,122,Mons,Quévy,5,Sous-desservi
Belgique,122,Mons,Quévy,4,Sous-desservi
Belgique,122,Mons,Quévy,5,Sous-desservi
Belgique,122,Mons,Quévy,5,Sous-desservi
Belgique,122,Mons,Quévy,5,Sous-desservi
Belgique,122,Mons,Quévy,5,Sous-desservi
Belgique,1220,Alost,Gand-Saint-Pierre,10,Desserte Normale
Belgique,1220,Alost,Gand-Saint-Pierre,8,Desserte Normale
Belgique,1221,Jette,Termonde,2,Sous-desservi
Belgique,1221,Jette,Termonde,5,Sous-desservi
Belgique,1221,Jette,Termonde,5,Sous-desservi
Belgique,1221,Jette,Termonde,5,Sous-desservi
Belgique,1222,Herentals,Neerpelt,4,Sous-desservi
Belgique,1223,Bruges,Louvain,2,Sous-desservi
Belgique,1223,Bruges,Louvain,4,Sous-desservi
Belgique,1223,Bruges,Louvain,5,Sous-desservi
Belgique,1223,Bruges,Louvain,5,Sous-desservi
Belgique,1223,Bruges,Louvain,4,Sous-desservi
Belgique,1223,Bruges,Louvain,5,Sous-desservi
Belgique,1223,Bruges,Louvain,4,Sous-desservi
Belgique,1223,Bruges,Louvain,4,Sous-desservi
Belgique,1223,Bruges,Louvain,4,Sous-desservi
Belgique,1223,Bruges,Louvain,5,Sous-desservi
Belgique,1223,Bruges,Louvain,5,Sous-desservi
Belgique,1223,Bruges,Louvain,5,Sous-desservi
Belgique,1223,Bruges,Louvain,5,Sous-desservi
Belgique,1223,Bruges,Louvain,5,Sous-desservi
Belgique,1223,Bruges,Louvain,5,Sous-desservi
Belgique,1223,Bruges,Louvain,4,Sous-desservi
Belgique,1223,Bruges,Louvain,5,Sous-desservi
Belgique,1223,Bruges,Louvain,5,Sous-desservi
Belgique,1223,Bruges,Louvain,5,Sous-desservi
Belgique,1223,Bruges,Louvain,5,Sous-desservi
Belgique,1223,Bruges,Louvain,5,Sous-desservi
Belgique,1223,Bruges,Louvain,5,Sous-desservi
Belgique,1223,Bruges,Louvain,5,Sous-desservi
Belgique,1223,Bruges,Louvain,5,Sous-desservi
Belgique,1223,Bruges,Louvain,5,Sous-desservi
Belgique,1223,Bruges,Louvain,5,Sous-desservi
Belgique,1223,Bruges,Louvain,5,Sous-desservi
Belgique,1223,Bruges,Louvain,5,Sous-desservi
Belgique,1223,Bruges,Louvain,5,Sous-desservi
Belgique,1223,Bruges,Louvain,5,Sous-desservi
Belgique,1223,Bruges,Louvain,5,Sous-desservi
Belgique,1223,Bruges,Louvain,4,Sous-desservi
Belgique,1223,Bruges,Louvain,5,Sous-desservi
Belgique,1223,Bruges,Louvain,5,Sous-desservi
Belgique,1223,Bruges,Louvain,5,Sous-desservi
Belgique,1223,Bruges,Louvain,5,Sous-desservi
Belgique,1224,Bruges,Londerzeel,5,Sous-desservi
Belgique,1225,Bruges,Malines,1,Sous-desservi
Belgique,1226,Blankenberge,Courtrai,2,Sous-desservi
Belgique,1226,Blankenberge,Courtrai,5,Sous-desservi
Belgique,1226,Blankenberge,Courtrai,4,Sous-desservi
Belgique,1226,Blankenberge,Courtrai,5,Sous-desservi
Belgique,1226,Blankenberge,Courtrai,4,Sous-desservi
Belgique,1226,Blankenberge,Courtrai,5,Sous-desservi
Belgique,1226,Blankenberge,Courtrai,4,Sous-desservi
Belgique,1226,Blankenberge,Courtrai,5,Sous-desservi
Belgique,1226,Blankenberge,Courtrai,5,Sous-desservi
Belgique,1226,Blankenberge,Courtrai,5,Sous-desservi
Belgique,1226,Blankenberge,Courtrai,5,Sous-desservi
Belgique,1226,Blankenberge,Courtrai,5,Sous-desservi
Belgique,1226,Blankenberge,Courtrai,5,Sous-desservi
Belgique,1226,Blankenberge,Courtrai,5,Sous-desservi
Belgique,1226,Blankenberge,Courtrai,5,Sous-desservi
Belgique,1226,Blankenberge,Courtrai,5,Sous-desservi
Belgique,1226,Blankenberge,Courtrai,5,Sous-desservi
Belgique,1226,Blankenberge,Courtrai,5,Sous-desservi
Belgique,1226,Blankenberge,Courtrai,5,Sous-desservi
Belgique,1226,Blankenberge,Courtrai,5,Sous-desservi
Belgique,1226,Blankenberge,Courtrai,5,Sous-desservi
Belgique,1226,Blankenberge,Courtrai,4,Sous-desservi
Belgique,1226,Blankenberge,Courtrai,5,Sous-desservi
Belgique,1226,Blankenberge,Courtrai,5,Sous-desservi
Belgique,1226,Blankenberge,Courtrai,5,Sous-desservi
Belgique,1226,Blankenberge,Courtrai,5,Sous-desservi
Belgique,1227,Blankenberge,Courtrai,2,Sous-desservi
Belgique,1227,Blankenberge,Courtrai,5,Sous-desservi
Belgique,1227,Blankenberge,Courtrai,4,Sous-desservi
Belgique,1227,Blankenberge,Courtrai,5,Sous-desservi
Belgique,1227,Blankenberge,Courtrai,4,Sous-desservi
Belgique,1227,Blankenberge,Courtrai,5,Sous-desservi
Belgique,1227,Blankenberge,Courtrai,4,Sous-desservi
Belgique,1227,Blankenberge,Courtrai,5,Sous-desservi
Belgique,1227,Blankenberge,Courtrai,5,Sous-desservi
Belgique,1227,Blankenberge,Courtrai,5,Sous-desservi
Belgique,1227,Blankenberge,Courtrai,5,Sous-desservi
Belgique,1227,Blankenberge,Courtrai,5,Sous-desservi
Belgique,1227,Blankenberge,Courtrai,5,Sous-desservi
Belgique,1227,Blankenberge,Courtrai,5,Sous-desservi
Belgique,1227,Blankenberge,Courtrai,5,Sous-desservi
Belgique,1227,Blankenberge,Courtrai,5,Sous-desservi
Belgique,1227,Blankenberge,Courtrai,5,Sous-desservi
Belgique,1227,Blankenberge,Courtrai,5,Sous-desservi
Belgique,1227,Blankenberge,Courtrai,5,Sous-desservi
Belgique,1227,Blankenberge,Courtrai,5,Sous-desservi
Belgique,1227,Blankenberge,Courtrai,5,Sous-desservi
Belgique,1227,Blankenberge,Courtrai,4,Sous-desservi
Belgique,1227,Blankenberge,Courtrai,5,Sous-desservi
Belgique,1227,Blankenberge,Courtrai,5,Sous-desservi
Belgique,1227,Blankenberge,Courtrai,5,Sous-desservi
Belgique,1227,Blankenberge,Courtrai,5,Sous-desservi
Belgique,1228,Hamont,Mol,2,Sous-desservi
Belgique,1228,Hamont,Mol,2,Sous-desservi
Belgique,1228,Hamont,Mol,2,Sous-desservi
Belgique,1228,Hamont,Mol,2,Sous-desservi
Belgique,1228,Hamont,Mol,2,Sous-desservi
Belgique,1228,Hamont,Mol,2,Sous-desservi
Belgique,1228,Hamont,Mol,2,Sous-desservi
Belgique,1228,Hamont,Mol,2,Sous-desservi
Belgique,1228,Hamont,Mol,2,Sous-desservi
Belgique,1228,Hamont,Mol,2,Sous-desservi
Belgique,1228,Hamont,Mol,2,Sous-desservi
Belgique,1228,Hamont,Mol,2,Sous-desservi
Belgique,1228,Hamont,Mol,4,Sous-desservi
Belgique,1228,Hamont,Mol,2,Sous-desservi
Belgique,1228,Hamont,Mol,2,Sous-desservi
Belgique,1228,Hamont,Mol,2,Sous-desservi
Belgique,1229,Mol,Sint-Joris-Weert,2,Sous-desservi
Belgique,1229,Mol,Sint-Joris-Weert,2,Sous-desservi
Belgique,1229,Mol,Sint-Joris-Weert,2,Sous-desservi
Belgique,123,Binche,La Louvière-Centre,1,Sous-desservi
Belgique,123,Binche,La Louvière-Centre,58,Bien desservi
Belgique,1230,Hamont,Sint-Joris-Weert,2,Sous-desservi
Belgique,1230,Hamont,Sint-Joris-Weert,2,Sous-desservi
Belgique,1230,Hamont,Sint-Joris-Weert,2,Sous-desservi
Belgique,1230,Hamont,Sint-Joris-Weert,2,Sous-desservi
Belgique,1230,Hamont,Sint-Joris-Weert,2,Sous-desservi
Belgique,1230,Hamont,Sint-Joris-Weert,2,Sous-desservi
Belgique,1230,Hamont,Sint-Joris-Weert,2,Sous-desservi
Belgique,1230,Hamont,Sint-Joris-Weert,2,Sous-desservi
Belgique,1230,Hamont,Sint-Joris-Weert,2,Sous-desservi
Belgique,1230,Hamont,Sint-Joris-Weert,2,Sous-desservi
Belgique,1230,Hamont,Sint-Joris-Weert,2,Sous-desservi
Belgique,1230,Hamont,Sint-Joris-Weert,2,Sous-desservi
Belgique,1230,Hamont,Sint-Joris-Weert,4,Sous-desservi
Belgique,1230,Hamont,Sint-Joris-Weert,2,Sous-desservi
Belgique,1230,Hamont,Sint-Joris-Weert,2,Sous-desservi
Belgique,1230,Hamont,Sint-Joris-Weert,2,Sous-desservi
Belgique,1231,Herentals,Sint-Joris-Weert,2,Sous-desservi
Belgique,1231,Herentals,Sint-Joris-Weert,2,Sous-desservi
Belgique,1232,Lierre,Sint-Joris-Weert,2,Sous-desservi
Belgique,1232,Lierre,Sint-Joris-Weert,2,Sous-desservi
Belgique,1233,Essen,Louvain,1,Sous-desservi
Belgique,1233,Essen,Louvain,1,Sous-desservi
Belgique,1233,Essen,Louvain,1,Sous-desservi
Belgique,1233,Essen,Louvain,1,Sous-desservi
Belgique,1233,Essen,Louvain,1,Sous-desservi
Belgique,1233,Essen,Louvain,2,Sous-desservi
Belgique,1233,Essen,Louvain,1,Sous-desservi
Belgique,1233,Essen,Louvain,1,Sous-desservi
Belgique,1233,Essen,Louvain,1,Sous-desservi
Belgique,1233,Essen,Louvain,1,Sous-desservi
Belgique,1233,Essen,Louvain,1,Sous-desservi
Belgique,1233,Essen,Louvain,1,Sous-desservi
Belgique,1233,Essen,Louvain,1,Sous-desservi
Belgique,1233,Essen,Louvain,1,Sous-desservi
Belgique,1233,Essen,Louvain,1,Sous-desservi
Belgique,1233,Essen,Louvain,1,Sous-desservi
Belgique,1233,Essen,Louvain,1,Sous-desservi
Belgique,1233,Essen,Louvain,2,Sous-desservi
Belgique,1233,Essen,Louvain,1,Sous-desservi
Belgique,1233,Essen,Louvain,1,Sous-desservi
Belgique,1233,Essen,Louvain,1,Sous-desservi
Belgique,1234,Gand-Saint-Pierre,Tongres,1,Sous-desservi
Belgique,1234,Gand-Saint-Pierre,Tongres,1,Sous-desservi
Belgique,1234,Gand-Saint-Pierre,Tongres,1,Sous-desservi
Belgique,1234,Gand-Saint-Pierre,Tongres,1,Sous-desservi
Belgique,1234,Gand-Saint-Pierre,Tongres,1,Sous-desservi
Belgique,1234,Gand-Saint-Pierre,Tongres,2,Sous-desservi
Belgique,1234,Gand-Saint-Pierre,Tongres,1,Sous-desservi
Belgique,1234,Gand-Saint-Pierre,Tongres,1,Sous-desservi
Belgique,1234,Gand-Saint-Pierre,Tongres,1,Sous-desservi
Belgique,1234,Gand-Saint-Pierre,Tongres,1,Sous-desservi
Belgique,1234,Gand-Saint-Pierre,Tongres,1,Sous-desservi
Belgique,1234,Gand-Saint-Pierre,Tongres,1,Sous-desservi
Belgique,1234,Gand-Saint-Pierre,Tongres,1,Sous-desservi
Belgique,1234,Gand-Saint-Pierre,Tongres,1,Sous-desservi
Belgique,1234,Gand-Saint-Pierre,Tongres,1,Sous-desservi
Belgique,1234,Gand-Saint-Pierre,Tongres,1,Sous-desservi
Belgique,1234,Gand-Saint-Pierre,Tongres,1,Sous-desservi
Belgique,1234,Gand-Saint-Pierre,Tongres,1,Sous-desservi
Belgique,1234,Gand-Saint-Pierre,Tongres,2,Sous-desservi
Belgique,1234,Gand-Saint-Pierre,Tongres,1,Sous-desservi
Belgique,1234,Gand-Saint-Pierre,Tongres,1,Sous-desservi
Belgique,1234,Gand-Saint-Pierre,Tongres,1,Sous-desservi
Belgique,1235,Bruxelles-Midi,Hasselt,1,Sous-desservi
Belgique,1236,Liège-Guillemins,Namur,2,Sous-desservi
Belgique,1236,Liège-Guillemins,Namur,4,Sous-desservi
Belgique,1236,Liège-Guillemins,Namur,5,Sous-desservi
Belgique,1236,Liège-Guillemins,Namur,5,Sous-desservi
Belgique,1236,Liège-Guillemins,Namur,4,Sous-desservi
Belgique,1236,Liège-Guillemins,Namur,5,Sous-desservi
Belgique,1236,Liège-Guillemins,Namur,4,Sous-desservi
Belgique,1236,Liège-Guillemins,Namur,5,Sous-desservi
Belgique,1236,Liège-Guillemins,Namur,5,Sous-desservi
Belgique,1236,Liège-Guillemins,Namur,5,Sous-desservi
Belgique,1236,Liège-Guillemins,Namur,5,Sous-desservi
Belgique,1236,Liège-Guillemins,Namur,5,Sous-desservi
Belgique,1236,Liège-Guillemins,Namur,5,Sous-desservi
Belgique,1236,Liège-Guillemins,Namur,5,Sous-desservi
Belgique,1236,Liège-Guillemins,Namur,5,Sous-desservi
Belgique,1236,Liège-Guillemins,Namur,5,Sous-desservi
Belgique,1236,Liège-Guillemins,Namur,5,Sous-desservi
Belgique,1236,Liège-Guillemins,Namur,5,Sous-desservi
Belgique,1236,Liège-Guillemins,Namur,5,Sous-desservi
Belgique,1236,Liège-Guillemins,Namur,5,Sous-desservi
Belgique,1236,Liège-Guillemins,Namur,5,Sous-desservi
Belgique,1236,Liège-Guillemins,Namur,5,Sous-desservi
Belgique,1236,Liège-Guillemins,Namur,5,Sous-desservi
Belgique,1236,Liège-Guillemins,Namur,4,Sous-desservi
Belgique,1236,Liège-Guillemins,Namur,5,Sous-desservi
Belgique,1236,Liège-Guillemins,Namur,5,Sous-desservi
Belgique,1236,Liège-Guillemins,Namur,5,Sous-desservi
Belgique,1236,Liège-Guillemins,Namur,5,Sous-desservi
Belgique,1237,Louvain-la-Neuve,Mouscron,2,Sous-desservi
Belgique,1237,Louvain-la-Neuve,Mouscron,1,Sous-desservi
Belgique,1237,Louvain-la-Neuve,Mouscron,1,Sous-desservi
Belgique,1237,Louvain-la-Neuve,Mouscron,1,Sous-desservi
Belgique,1237,Louvain-la-Neuve,Mouscron,2,Sous-desservi
Belgique,1237,Louvain-la-Neuve,Mouscron,1,Sous-desservi
Belgique,1237,Louvain-la-Neuve,Mouscron,1,Sous-desservi
Belgique,1237,Louvain-la-Neuve,Mouscron,1,Sous-desservi
Belgique,1237,Louvain-la-Neuve,Mouscron,1,Sous-desservi
Belgique,1237,Louvain-la-Neuve,Mouscron,1,Sous-desservi
Belgique,1237,Louvain-la-Neuve,Mouscron,1,Sous-desservi
Belgique,1237,Louvain-la-Neuve,Mouscron,1,Sous-desservi
Belgique,1237,Louvain-la-Neuve,Mouscron,1,Sous-desservi
Belgique,1237,Louvain-la-Neuve,Mouscron,1,Sous-desservi
Belgique,1237,Louvain-la-Neuve,Mouscron,1,Sous-desservi
Belgique,1237,Louvain-la-Neuve,Mouscron,1,Sous-desservi
Belgique,1237,Louvain-la-Neuve,Mouscron,1,Sous-desservi
Belgique,1237,Louvain-la-Neuve,Mouscron,2,Sous-desservi
Belgique,1237,Louvain-la-Neuve,Mouscron,1,Sous-desservi
Belgique,1237,Louvain-la-Neuve,Mouscron,1,Sous-desservi
Belgique,1237,Louvain-la-Neuve,Mouscron,1,Sous-desservi
Belgique,1238,Courtrai,Gand-Saint-Pierre,72,Bien desservi
Belgique,1238,Courtrai,Gand-Saint-Pierre,108,Bien desservi
Belgique,1238,Courtrai,Gand-Saint-Pierre,72,Bien desservi
Belgique,1238,Courtrai,Gand-Saint-Pierre,72,Bien desservi
Belgique,1238,Courtrai,Gand-Saint-Pierre,108,Bien desservi
Belgique,1238,Courtrai,Gand-Saint-Pierre,72,Bien desservi
Belgique,1238,Courtrai,Gand-Saint-Pierre,108,Bien desservi
Belgique,1238,Courtrai,Gand-Saint-Pierre,72,Bien desservi
Belgique,1238,Courtrai,Gand-Saint-Pierre,108,Bien desservi
Belgique,1238,Courtrai,Gand-Saint-Pierre,72,Bien desservi
Belgique,1238,Courtrai,Gand-Saint-Pierre,72,Bien desservi
Belgique,1238,Courtrai,Gand-Saint-Pierre,72,Bien desservi
Belgique,1238,Courtrai,Gand-Saint-Pierre,72,Bien desservi
Belgique,1238,Courtrai,Gand-Saint-Pierre,72,Bien desservi
Belgique,1238,Courtrai,Gand-Saint-Pierre,72,Bien desservi
Belgique,1238,Courtrai,Gand-Saint-Pierre,108,Bien desservi
Belgique,1238,Courtrai,Gand-Saint-Pierre,72,Bien desservi
Belgique,1238,Courtrai,Gand-Saint-Pierre,72,Bien desservi
Belgique,1238,Courtrai,Gand-Saint-Pierre,72,Bien desservi
Belgique,1238,Courtrai,Gand-Saint-Pierre,72,Bien desservi
Belgique,1238,Courtrai,Gand-Saint-Pierre,72,Bien desservi
Belgique,1238,Courtrai,Gand-Saint-Pierre,72,Bien desservi
Belgique,1238,Courtrai,Gand-Saint-Pierre,72,Bien desservi
Belgique,1238,Courtrai,Gand-Saint-Pierre,72,Bien desservi
Belgique,1238,Courtrai,Gand-Saint-Pierre,72,Bien desservi
Belgique,1238,Courtrai,Gand-Saint-Pierre,72,Bien desservi
Belgique,1238,Courtrai,Gand-Saint-Pierre,72,Bien desservi
Belgique,1238,Courtrai,Gand-Saint-Pierre,72,Bien desservi
Belgique,1238,Courtrai,Gand-Saint-Pierre,108,Bien desservi
Belgique,1238,Courtrai,Gand-Saint-Pierre,72,Bien desservi
Belgique,1238,Courtrai,Gand-Saint-Pierre,72,Bien desservi
Belgique,1238,Courtrai,Gand-Saint-Pierre,72,Bien desservi
Belgique,1238,Courtrai,Gand-Saint-Pierre,36,Desserte Normale
Belgique,1239,Ath,Tournai,4,Sous-desservi
Belgique,1239,Ath,Tournai,8,Desserte Normale
Belgique,1239,Ath,Tournai,10,Desserte Normale
Belgique,1239,Ath,Tournai,10,Desserte Normale
Belgique,1239,Ath,Tournai,7,Desserte Normale
Belgique,1239,Ath,Tournai,10,Desserte Normale
Belgique,1239,Ath,Tournai,8,Desserte Normale
Belgique,1239,Ath,Tournai,10,Desserte Normale
Belgique,1239,Ath,Tournai,10,Desserte Normale
Belgique,1239,Ath,Tournai,10,Desserte Normale
Belgique,1239,Ath,Tournai,10,Desserte Normale
Belgique,1239,Ath,Tournai,10,Desserte Normale
Belgique,1239,Ath,Tournai,10,Desserte Normale
Belgique,1239,Ath,Tournai,10,Desserte Normale
Belgique,1239,Ath,Tournai,10,Desserte Normale
Belgique,1239,Ath,Tournai,10,Desserte Normale
Belgique,1239,Ath,Tournai,10,Desserte Normale
Belgique,1239,Ath,Tournai,10,Desserte Normale
Belgique,1239,Ath,Tournai,10,Desserte Normale
Belgique,1239,Ath,Tournai,10,Desserte Normale
Belgique,1239,Ath,Tournai,10,Desserte Normale
Belgique,1239,Ath,Tournai,10,Desserte Normale
Belgique,1239,Ath,Tournai,10,Desserte Normale
Belgique,1239,Ath,Tournai,8,Desserte Normale
Belgique,1239,Ath,Tournai,10,Desserte Normale
Belgique,1239,Ath,Tournai,10,Desserte Normale
Belgique,1239,Ath,Tournai,10,Desserte Normale
Belgique,1239,Ath,Tournai,10,Desserte Normale
Belgique,124,Fleurus,Wavre,52,Desserte Normale
Belgique,1240,Namur,Rochefort-Jemelle,4,Sous-desservi
Belgique,1240,Namur,Rochefort-Jemelle,8,Desserte Normale
Belgique,1240,Namur,Rochefort-Jemelle,10,Desserte Normale
Belgique,1240,Namur,Rochefort-Jemelle,10,Desserte Normale
Belgique,1240,Namur,Rochefort-Jemelle,8,Desserte Normale
Belgique,1240,Namur,Rochefort-Jemelle,10,Desserte Normale
Belgique,1240,Namur,Rochefort-Jemelle,6,Sous-desservi
Belgique,1240,Namur,Rochefort-Jemelle,10,Desserte Normale
Belgique,1240,Namur,Rochefort-Jemelle,8,Desserte Normale
Belgique,1240,Namur,Rochefort-Jemelle,10,Desserte Normale
Belgique,1240,Namur,Rochefort-Jemelle,10,Desserte Normale
Belgique,1240,Namur,Rochefort-Jemelle,10,Desserte Normale
Belgique,1240,Namur,Rochefort-Jemelle,10,Desserte Normale
Belgique,1240,Namur,Rochefort-Jemelle,10,Desserte Normale
Belgique,1240,Namur,Rochefort-Jemelle,10,Desserte Normale
Belgique,1240,Namur,Rochefort-Jemelle,10,Desserte Normale
Belgique,1240,Namur,Rochefort-Jemelle,8,Desserte Normale
Belgique,1240,Namur,Rochefort-Jemelle,10,Desserte Normale
Belgique,1240,Namur,Rochefort-Jemelle,10,Desserte Normale
Belgique,1240,Namur,Rochefort-Jemelle,10,Desserte Normale
Belgique,1240,Namur,Rochefort-Jemelle,10,Desserte Normale
Belgique,1240,Namur,Rochefort-Jemelle,10,Desserte Normale
Belgique,1240,Namur,Rochefort-Jemelle,10,Desserte Normale
Belgique,1240,Namur,Rochefort-Jemelle,10,Desserte Normale
Belgique,1240,Namur,Rochefort-Jemelle,10,Desserte Normale
Belgique,1240,Namur,Rochefort-Jemelle,10,Desserte Normale
Belgique,1240,Namur,Rochefort-Jemelle,10,Desserte Normale
Belgique,1240,Namur,Rochefort-Jemelle,10,Desserte Normale
Belgique,1240,Namur,Rochefort-Jemelle,10,Desserte Normale
Belgique,1240,Namur,Rochefort-Jemelle,10,Desserte Normale
Belgique,1240,Namur,Rochefort-Jemelle,10,Desserte Normale
Belgique,1240,Namur,Rochefort-Jemelle,10,Desserte Normale
Belgique,1240,Namur,Rochefort-Jemelle,8,Desserte Normale
Belgique,1240,Namur,Rochefort-Jemelle,10,Desserte Normale
Belgique,1240,Namur,Rochefort-Jemelle,10,Desserte Normale
Belgique,1240,Namur,Rochefort-Jemelle,10,Desserte Normale
Belgique,1240,Namur,Rochefort-Jemelle,10,Desserte Normale
Belgique,1241,Arlon,Gembloux,1,Sous-desservi
Belgique,1241,Arlon,Gembloux,1,Sous-desservi
Belgique,1242,Arlon,Herstal,2,Sous-desservi
Belgique,1242,Arlon,Herstal,1,Sous-desservi
Belgique,1242,Arlon,Herstal,1,Sous-desservi
Belgique,1242,Arlon,Herstal,1,Sous-desservi
Belgique,1242,Arlon,Herstal,2,Sous-desservi
Belgique,1242,Arlon,Herstal,1,Sous-desservi
Belgique,1242,Arlon,Herstal,1,Sous-desservi
Belgique,1242,Arlon,Herstal,1,Sous-desservi
Belgique,1242,Arlon,Herstal,1,Sous-desservi
Belgique,1242,Arlon,Herstal,1,Sous-desservi
Belgique,1242,Arlon,Herstal,1,Sous-desservi
Belgique,1242,Arlon,Herstal,1,Sous-desservi
Belgique,1242,Arlon,Herstal,1,Sous-desservi
Belgique,1242,Arlon,Herstal,1,Sous-desservi
Belgique,1242,Arlon,Herstal,1,Sous-desservi
Belgique,1242,Arlon,Herstal,1,Sous-desservi
Belgique,1242,Arlon,Herstal,1,Sous-desservi
Belgique,1242,Arlon,Herstal,2,Sous-desservi
Belgique,1242,Arlon,Herstal,1,Sous-desservi
Belgique,1242,Arlon,Herstal,1,Sous-desservi
Belgique,1242,Arlon,Herstal,1,Sous-desservi
Belgique,1243,Liège-Guillemins,Rochefort-Jemelle,2,Sous-desservi
Belgique,1243,Liège-Guillemins,Rochefort-Jemelle,4,Sous-desservi
Belgique,1243,Liège-Guillemins,Rochefort-Jemelle,5,Sous-desservi
Belgique,1243,Liège-Guillemins,Rochefort-Jemelle,5,Sous-desservi
Belgique,1243,Liège-Guillemins,Rochefort-Jemelle,4,Sous-desservi
Belgique,1243,Liège-Guillemins,Rochefort-Jemelle,5,Sous-desservi
Belgique,1243,Liège-Guillemins,Rochefort-Jemelle,4,Sous-desservi
Belgique,1243,Liège-Guillemins,Rochefort-Jemelle,5,Sous-desservi
Belgique,1243,Liège-Guillemins,Rochefort-Jemelle,4,Sous-desservi
Belgique,1243,Liège-Guillemins,Rochefort-Jemelle,5,Sous-desservi
Belgique,1243,Liège-Guillemins,Rochefort-Jemelle,5,Sous-desservi
Belgique,1243,Liège-Guillemins,Rochefort-Jemelle,5,Sous-desservi
Belgique,1243,Liège-Guillemins,Rochefort-Jemelle,5,Sous-desservi
Belgique,1243,Liège-Guillemins,Rochefort-Jemelle,5,Sous-desservi
Belgique,1243,Liège-Guillemins,Rochefort-Jemelle,5,Sous-desservi
Belgique,1243,Liège-Guillemins,Rochefort-Jemelle,5,Sous-desservi
Belgique,1243,Liège-Guillemins,Rochefort-Jemelle,4,Sous-desservi
Belgique,1243,Liège-Guillemins,Rochefort-Jemelle,5,Sous-desservi
Belgique,1243,Liège-Guillemins,Rochefort-Jemelle,5,Sous-desservi
Belgique,1243,Liège-Guillemins,Rochefort-Jemelle,5,Sous-desservi
Belgique,1243,Liège-Guillemins,Rochefort-Jemelle,5,Sous-desservi
Belgique,1243,Liège-Guillemins,Rochefort-Jemelle,5,Sous-desservi
Belgique,1243,Liège-Guillemins,Rochefort-Jemelle,5,Sous-desservi
Belgique,1243,Liège-Guillemins,Rochefort-Jemelle,5,Sous-desservi
Belgique,1243,Liège-Guillemins,Rochefort-Jemelle,5,Sous-desservi
Belgique,1243,Liège-Guillemins,Rochefort-Jemelle,5,Sous-desservi
Belgique,1243,Liège-Guillemins,Rochefort-Jemelle,5,Sous-desservi
Belgique,1243,Liège-Guillemins,Rochefort-Jemelle,5,Sous-desservi
Belgique,1243,Liège-Guillemins,Rochefort-Jemelle,5,Sous-desservi
Belgique,1243,Liège-Guillemins,Rochefort-Jemelle,5,Sous-desservi
Belgique,1243,Liège-Guillemins,Rochefort-Jemelle,5,Sous-desservi
Belgique,1243,Liège-Guillemins,Rochefort-Jemelle,5,Sous-desservi
Belgique,1243,Liège-Guillemins,Rochefort-Jemelle,4,Sous-desservi
Belgique,1243,Liège-Guillemins,Rochefort-Jemelle,5,Sous-desservi
Belgique,1243,Liège-Guillemins,Rochefort-Jemelle,5,Sous-desservi
Belgique,1243,Liège-Guillemins,Rochefort-Jemelle,5,Sous-desservi
Belgique,1243,Liège-Guillemins,Rochefort-Jemelle,5,Sous-desservi
Belgique,1244,Binche,Louvain-la-Neuve,2,Sous-desservi
Belgique,1244,Binche,Louvain-la-Neuve,1,Sous-desservi
Belgique,1244,Binche,Louvain-la-Neuve,1,Sous-desservi
Belgique,1244,Binche,Louvain-la-Neuve,2,Sous-desservi
Belgique,1244,Binche,Louvain-la-Neuve,1,Sous-desservi
Belgique,1244,Binche,Louvain-la-Neuve,1,Sous-desservi
Belgique,1244,Binche,Louvain-la-Neuve,1,Sous-desservi
Belgique,1244,Binche,Louvain-la-Neuve,1,Sous-desservi
Belgique,1244,Binche,Louvain-la-Neuve,1,Sous-desservi
Belgique,1244,Binche,Louvain-la-Neuve,1,Sous-desservi
Belgique,1244,Binche,Louvain-la-Neuve,1,Sous-desservi
Belgique,1244,Binche,Louvain-la-Neuve,1,Sous-desservi
Belgique,1244,Binche,Louvain-la-Neuve,1,Sous-desservi
Belgique,1244,Binche,Louvain-la-Neuve,1,Sous-desservi
Belgique,1244,Binche,Louvain-la-Neuve,1,Sous-desservi
Belgique,1244,Binche,Louvain-la-Neuve,1,Sous-desservi
Belgique,1244,Binche,Louvain-la-Neuve,2,Sous-desservi
Belgique,1244,Binche,Louvain-la-Neuve,1,Sous-desservi
Belgique,1244,Binche,Louvain-la-Neuve,1,Sous-desservi
Belgique,1244,Binche,Louvain-la-Neuve,1,Sous-desservi
Belgique,1245,Binche,Bruxelles-Nord,1,Sous-desservi
Belgique,1246,Schaerbeek,Tamines,2,Sous-desservi
Belgique,1246,Schaerbeek,Tamines,4,Sous-desservi
Belgique,1246,Schaerbeek,Tamines,5,Sous-desservi
Belgique,1246,Schaerbeek,Tamines,5,Sous-desservi
Belgique,1246,Schaerbeek,Tamines,4,Sous-desservi
Belgique,1246,Schaerbeek,Tamines,5,Sous-desservi
Belgique,1246,Schaerbeek,Tamines,4,Sous-desservi
Belgique,1246,Schaerbeek,Tamines,5,Sous-desservi
Belgique,1246,Schaerbeek,Tamines,4,Sous-desservi
Belgique,1246,Schaerbeek,Tamines,5,Sous-desservi
Belgique,1246,Schaerbeek,Tamines,5,Sous-desservi
Belgique,1246,Schaerbeek,Tamines,5,Sous-desservi
Belgique,1246,Schaerbeek,Tamines,5,Sous-desservi
Belgique,1246,Schaerbeek,Tamines,5,Sous-desservi
Belgique,1246,Schaerbeek,Tamines,5,Sous-desservi
Belgique,1246,Schaerbeek,Tamines,5,Sous-desservi
Belgique,1246,Schaerbeek,Tamines,4,Sous-desservi
Belgique,1246,Schaerbeek,Tamines,5,Sous-desservi
Belgique,1246,Schaerbeek,Tamines,1,Sous-desservi
Belgique,1246,Schaerbeek,Tamines,5,Sous-desservi
Belgique,1246,Schaerbeek,Tamines,5,Sous-desservi
Belgique,1246,Schaerbeek,Tamines,5,Sous-desservi
Belgique,1246,Schaerbeek,Tamines,5,Sous-desservi
Belgique,1246,Schaerbeek,Tamines,5,Sous-desservi
Belgique,1246,Schaerbeek,Tamines,5,Sous-desservi
Belgique,1246,Schaerbeek,Tamines,5,Sous-desservi
Belgique,1246,Schaerbeek,Tamines,5,Sous-desservi
Belgique,1246,Schaerbeek,Tamines,5,Sous-desservi
Belgique,1246,Schaerbeek,Tamines,5,Sous-desservi
Belgique,1246,Schaerbeek,Tamines,5,Sous-desservi
Belgique,1246,Schaerbeek,Tamines,5,Sous-desservi
Belgique,1246,Schaerbeek,Tamines,4,Sous-desservi
Belgique,1246,Schaerbeek,Tamines,5,Sous-desservi
Belgique,1246,Schaerbeek,Tamines,5,Sous-desservi
Belgique,1246,Schaerbeek,Tamines,5,Sous-desservi
Belgique,1246,Schaerbeek,Tamines,5,Sous-desservi
Belgique,1247,Châtelet,Schaerbeek,2,Sous-desservi
Belgique,1247,Châtelet,Schaerbeek,4,Sous-desservi
Belgique,1247,Châtelet,Schaerbeek,5,Sous-desservi
Belgique,1247,Châtelet,Schaerbeek,5,Sous-desservi
Belgique,1247,Châtelet,Schaerbeek,4,Sous-desservi
Belgique,1247,Châtelet,Schaerbeek,4,Sous-desservi
Belgique,1247,Châtelet,Schaerbeek,5,Sous-desservi
Belgique,1247,Châtelet,Schaerbeek,4,Sous-desservi
Belgique,1247,Châtelet,Schaerbeek,5,Sous-desservi
Belgique,1247,Châtelet,Schaerbeek,5,Sous-desservi
Belgique,1247,Châtelet,Schaerbeek,5,Sous-desservi
Belgique,1247,Châtelet,Schaerbeek,5,Sous-desservi
Belgique,1247,Châtelet,Schaerbeek,5,Sous-desservi
Belgique,1247,Châtelet,Schaerbeek,5,Sous-desservi
Belgique,1247,Châtelet,Schaerbeek,5,Sous-desservi
Belgique,1247,Châtelet,Schaerbeek,5,Sous-desservi
Belgique,1247,Châtelet,Schaerbeek,5,Sous-desservi
Belgique,1247,Châtelet,Schaerbeek,5,Sous-desservi
Belgique,1247,Châtelet,Schaerbeek,5,Sous-desservi
Belgique,1247,Châtelet,Schaerbeek,5,Sous-desservi
Belgique,1247,Châtelet,Schaerbeek,5,Sous-desservi
Belgique,1247,Châtelet,Schaerbeek,5,Sous-desservi
Belgique,1247,Châtelet,Schaerbeek,4,Sous-desservi
Belgique,1247,Châtelet,Schaerbeek,5,Sous-desservi
Belgique,1247,Châtelet,Schaerbeek,5,Sous-desservi
Belgique,1247,Châtelet,Schaerbeek,5,Sous-desservi
Belgique,1247,Châtelet,Schaerbeek,5,Sous-desservi
Belgique,1248,Charleroi-Central,Mariembourg,5,Sous-desservi
Belgique,1249,Manage,Mons,2,Sous-desservi
Belgique,1249,Manage,Mons,4,Sous-desservi
Belgique,1249,Manage,Mons,5,Sous-desservi
Belgique,1249,Manage,Mons,5,Sous-desservi
Belgique,1249,Manage,Mons,4,Sous-desservi
Belgique,1249,Manage,Mons,5,Sous-desservi
Belgique,1249,Manage,Mons,4,Sous-desservi
Belgique,1249,Manage,Mons,5,Sous-desservi
Belgique,1249,Manage,Mons,5,Sous-desservi
Belgique,1249,Manage,Mons,5,Sous-desservi
Belgique,1249,Manage,Mons,5,Sous-desservi
Belgique,1249,Manage,Mons,5,Sous-desservi
Belgique,1249,Manage,Mons,5,Sous-desservi
Belgique,1249,Manage,Mons,5,Sous-desservi
Belgique,1249,Manage,Mons,5,Sous-desservi
Belgique,1249,Manage,Mons,5,Sous-desservi
Belgique,1249,Manage,Mons,5,Sous-desservi
Belgique,1249,Manage,Mons,5,Sous-desservi
Belgique,1249,Manage,Mons,5,Sous-desservi
Belgique,1249,Manage,Mons,5,Sous-desservi
Belgique,1249,Manage,Mons,5,Sous-desservi
Belgique,1249,Manage,Mons,5,Sous-desservi
Belgique,1249,Manage,Mons,5,Sous-desservi
Belgique,1249,Manage,Mons,4,Sous-desservi
Belgique,1249,Manage,Mons,5,Sous-desservi
Belgique,1249,Manage,Mons,5,Sous-desservi
Belgique,1249,Manage,Mons,5,Sous-desservi
Belgique,1249,Manage,Mons,5,Sous-desservi
Belgique,125,Jurbise,Quévy,64,Bien desservi
Belgique,1250,Luttre,Manage,4,Sous-desservi
Belgique,1250,Luttre,Manage,5,Sous-desservi
Belgique,1250,Luttre,Manage,4,Sous-desservi
Belgique,1250,Luttre,Manage,5,Sous-desservi
Belgique,1250,Luttre,Manage,5,Sous-desservi
Belgique,1250,Luttre,Manage,5,Sous-desservi
Belgique,1250,Luttre,Manage,5,Sous-desservi
Belgique,1250,Luttre,Manage,5,Sous-desservi
Belgique,1250,Luttre,Manage,5,Sous-desservi
Belgique,1250,Luttre,Manage,5,Sous-desservi
Belgique,1250,Luttre,Manage,5,Sous-desservi
Belgique,1250,Luttre,Manage,5,Sous-desservi
Belgique,1250,Luttre,Manage,5,Sous-desservi
Belgique,1250,Luttre,Manage,5,Sous-desservi
Belgique,1250,Luttre,Manage,5,Sous-desservi
Belgique,1250,Luttre,Manage,5,Sous-desservi
Belgique,1250,Luttre,Manage,5,Sous-desservi
Belgique,1250,Luttre,Manage,5,Sous-desservi
Belgique,1250,Luttre,Manage,5,Sous-desservi
Belgique,1250,Luttre,Manage,4,Sous-desservi
Belgique,1250,Luttre,Manage,5,Sous-desservi
Belgique,1250,Luttre,Manage,5,Sous-desservi
Belgique,1250,Luttre,Manage,5,Sous-desservi
Belgique,1250,Luttre,Manage,5,Sous-desservi
Belgique,1251,Braine-le-Comte,Quévy,2,Sous-desservi
Belgique,1251,Braine-le-Comte,Quévy,4,Sous-desservi
Belgique,1251,Braine-le-Comte,Quévy,5,Sous-desservi
Belgique,1251,Braine-le-Comte,Quévy,5,Sous-desservi
Belgique,1251,Braine-le-Comte,Quévy,4,Sous-desservi
Belgique,1251,Braine-le-Comte,Quévy,10,Desserte Normale
Belgique,1251,Braine-le-Comte,Quévy,4,Sous-desservi
Belgique,1251,Braine-le-Comte,Quévy,5,Sous-desservi
Belgique,1251,Braine-le-Comte,Quévy,4,Sous-desservi
Belgique,1251,Braine-le-Comte,Quévy,5,Sous-desservi
Belgique,1251,Braine-le-Comte,Quévy,5,Sous-desservi
Belgique,1251,Braine-le-Comte,Quévy,5,Sous-desservi
Belgique,1251,Braine-le-Comte,Quévy,2,Sous-desservi
Belgique,1251,Braine-le-Comte,Quévy,5,Sous-desservi
Belgique,1251,Braine-le-Comte,Quévy,5,Sous-desservi
Belgique,1252,Quiévrain,Saint-Ghislain,2,Sous-desservi
Belgique,1252,Quiévrain,Saint-Ghislain,4,Sous-desservi
Belgique,1252,Quiévrain,Saint-Ghislain,5,Sous-desservi
Belgique,1252,Quiévrain,Saint-Ghislain,5,Sous-desservi
Belgique,1252,Quiévrain,Saint-Ghislain,4,Sous-desservi
Belgique,1252,Quiévrain,Saint-Ghislain,5,Sous-desservi
Belgique,1252,Quiévrain,Saint-Ghislain,4,Sous-desservi
Belgique,1252,Quiévrain,Saint-Ghislain,5,Sous-desservi
Belgique,1252,Quiévrain,Saint-Ghislain,5,Sous-desservi
Belgique,1252,Quiévrain,Saint-Ghislain,5,Sous-desservi
Belgique,1252,Quiévrain,Saint-Ghislain,5,Sous-desservi
Belgique,1252,Quiévrain,Saint-Ghislain,5,Sous-desservi
Belgique,1252,Quiévrain,Saint-Ghislain,5,Sous-desservi
Belgique,1252,Quiévrain,Saint-Ghislain,5,Sous-desservi
Belgique,1252,Quiévrain,Saint-Ghislain,5,Sous-desservi
Belgique,1252,Quiévrain,Saint-Ghislain,5,Sous-desservi
Belgique,1252,Quiévrain,Saint-Ghislain,5,Sous-desservi
Belgique,1252,Quiévrain,Saint-Ghislain,5,Sous-desservi
Belgique,1252,Quiévrain,Saint-Ghislain,5,Sous-desservi
Belgique,1252,Quiévrain,Saint-Ghislain,5,Sous-desservi
Belgique,1252,Quiévrain,Saint-Ghislain,5,Sous-desservi
Belgique,1252,Quiévrain,Saint-Ghislain,5,Sous-desservi
Belgique,1252,Quiévrain,Saint-Ghislain,5,Sous-desservi
Belgique,1252,Quiévrain,Saint-Ghislain,4,Sous-desservi
Belgique,1252,Quiévrain,Saint-Ghislain,5,Sous-desservi
Belgique,1252,Quiévrain,Saint-Ghislain,5,Sous-desservi
Belgique,1252,Quiévrain,Saint-Ghislain,5,Sous-desservi
Belgique,1252,Quiévrain,Saint-Ghislain,5,Sous-desservi
Belgique,1253,Poperinge,Sint-Joris-Weert,1,Sous-desservi
Belgique,1253,Poperinge,Sint-Joris-Weert,1,Sous-desservi
Belgique,1253,Poperinge,Sint-Joris-Weert,1,Sous-desservi
Belgique,1253,Poperinge,Sint-Joris-Weert,1,Sous-desservi
Belgique,1253,Poperinge,Sint-Joris-Weert,1,Sous-desservi
Belgique,1253,Poperinge,Sint-Joris-Weert,1,Sous-desservi
Belgique,1253,Poperinge,Sint-Joris-Weert,1,Sous-desservi
Belgique,1253,Poperinge,Sint-Joris-Weert,1,Sous-desservi
Belgique,1253,Poperinge,Sint-Joris-Weert,1,Sous-desservi
Belgique,1253,Poperinge,Sint-Joris-Weert,1,Sous-desservi
Belgique,1253,Poperinge,Sint-Joris-Weert,1,Sous-desservi
Belgique,1253,Poperinge,Sint-Joris-Weert,1,Sous-desservi
Belgique,1253,Poperinge,Sint-Joris-Weert,1,Sous-desservi
Belgique,1253,Poperinge,Sint-Joris-Weert,1,Sous-desservi
Belgique,1253,Poperinge,Sint-Joris-Weert,2,Sous-desservi
Belgique,1253,Poperinge,Sint-Joris-Weert,1,Sous-desservi
Belgique,1253,Poperinge,Sint-Joris-Weert,1,Sous-desservi
Belgique,1253,Poperinge,Sint-Joris-Weert,1,Sous-desservi
Belgique,1254,Courtrai,Sint-Joris-Weert,1,Sous-desservi
Belgique,1254,Courtrai,Sint-Joris-Weert,2,Sous-desservi
Belgique,1254,Courtrai,Sint-Joris-Weert,1,Sous-desservi
Belgique,1254,Courtrai,Sint-Joris-Weert,1,Sous-desservi
Belgique,1255,Alost,Grammont,2,Sous-desservi
Belgique,1255,Alost,Grammont,5,Sous-desservi
Belgique,1255,Alost,Grammont,4,Sous-desservi
Belgique,1255,Alost,Grammont,5,Sous-desservi
Belgique,1255,Alost,Grammont,4,Sous-desservi
Belgique,1255,Alost,Grammont,5,Sous-desservi
Belgique,1255,Alost,Grammont,4,Sous-desservi
Belgique,1255,Alost,Grammont,5,Sous-desservi
Belgique,1255,Alost,Grammont,5,Sous-desservi
Belgique,1255,Alost,Grammont,5,Sous-desservi
Belgique,1255,Alost,Grammont,5,Sous-desservi
Belgique,1255,Alost,Grammont,5,Sous-desservi
Belgique,1255,Alost,Grammont,5,Sous-desservi
Belgique,1255,Alost,Grammont,5,Sous-desservi
Belgique,1255,Alost,Grammont,4,Sous-desservi
Belgique,1255,Alost,Grammont,5,Sous-desservi
Belgique,1255,Alost,Grammont,5,Sous-desservi
Belgique,1255,Alost,Grammont,5,Sous-desservi
Belgique,1255,Alost,Grammont,5,Sous-desservi
Belgique,1255,Alost,Grammont,5,Sous-desservi
Belgique,1255,Alost,Grammont,5,Sous-desservi
Belgique,1255,Alost,Grammont,5,Sous-desservi
Belgique,1255,Alost,Grammont,5,Sous-desservi
Belgique,1255,Alost,Grammont,5,Sous-desservi
Belgique,1255,Alost,Grammont,5,Sous-desservi
Belgique,1255,Alost,Grammont,5,Sous-desservi
Belgique,1255,Alost,Grammont,5,Sous-desservi
Belgique,1255,Alost,Grammont,5,Sous-desservi
Belgique,1255,Alost,Grammont,5,Sous-desservi
Belgique,1255,Alost,Grammont,5,Sous-desservi
Belgique,1255,Alost,Grammont,4,Sous-desservi
Belgique,1255,Alost,Grammont,5,Sous-desservi
Belgique,1255,Alost,Grammont,5,Sous-desservi
Belgique,1255,Alost,Grammont,5,Sous-desservi
Belgique,1255,Alost,Grammont,5,Sous-desservi
Belgique,1256,Gand-Saint-Pierre,La Panne,1,Sous-desservi
Belgique,1257,Gand-Saint-Pierre,Lichtervelde,1,Sous-desservi
Belgique,1257,Gand-Saint-Pierre,Lichtervelde,1,Sous-desservi
Belgique,1257,Gand-Saint-Pierre,Lichtervelde,1,Sous-desservi
Belgique,1257,Gand-Saint-Pierre,Lichtervelde,1,Sous-desservi
Belgique,1257,Gand-Saint-Pierre,Lichtervelde,1,Sous-desservi
Belgique,1257,Gand-Saint-Pierre,Lichtervelde,1,Sous-desservi
Belgique,1257,Gand-Saint-Pierre,Lichtervelde,1,Sous-desservi
Belgique,1257,Gand-Saint-Pierre,Lichtervelde,1,Sous-desservi
Belgique,1257,Gand-Saint-Pierre,Lichtervelde,1,Sous-desservi
Belgique,1257,Gand-Saint-Pierre,Lichtervelde,1,Sous-desservi
Belgique,1257,Gand-Saint-Pierre,Lichtervelde,1,Sous-desservi
Belgique,1257,Gand-Saint-Pierre,Lichtervelde,1,Sous-desservi
Belgique,1257,Gand-Saint-Pierre,Lichtervelde,1,Sous-desservi
Belgique,1257,Gand-Saint-Pierre,Lichtervelde,1,Sous-desservi
Belgique,1257,Gand-Saint-Pierre,Lichtervelde,1,Sous-desservi
Belgique,1257,Gand-Saint-Pierre,Lichtervelde,1,Sous-desservi
Belgique,1257,Gand-Saint-Pierre,Lichtervelde,1,Sous-desservi
Belgique,1257,Gand-Saint-Pierre,Lichtervelde,1,Sous-desservi
Belgique,1257,Gand-Saint-Pierre,Lichtervelde,1,Sous-desservi
Belgique,1257,Gand-Saint-Pierre,Lichtervelde,1,Sous-desservi
Belgique,1257,Gand-Saint-Pierre,Lichtervelde,1,Sous-desservi
Belgique,1257,Gand-Saint-Pierre,Lichtervelde,1,Sous-desservi
Belgique,1257,Gand-Saint-Pierre,Lichtervelde,1,Sous-desservi
Belgique,1257,Gand-Saint-Pierre,Lichtervelde,1,Sous-desservi
Belgique,1257,Gand-Saint-Pierre,Lichtervelde,1,Sous-desservi
Belgique,1258,Courtrai,Namur,8,Desserte Normale
Belgique,1258,Courtrai,Namur,16,Desserte Normale
Belgique,1258,Courtrai,Namur,20,Desserte Normale
Belgique,1258,Courtrai,Namur,20,Desserte Normale
Belgique,1258,Courtrai,Namur,16,Desserte Normale
Belgique,1258,Courtrai,Namur,20,Desserte Normale
Belgique,1258,Courtrai,Namur,16,Desserte Normale
Belgique,1258,Courtrai,Namur,20,Desserte Normale
Belgique,1258,Courtrai,Namur,16,Desserte Normale
Belgique,1258,Courtrai,Namur,20,Desserte Normale
Belgique,1258,Courtrai,Namur,20,Desserte Normale
Belgique,1258,Courtrai,Namur,20,Desserte Normale
Belgique,1258,Courtrai,Namur,20,Desserte Normale
Belgique,1258,Courtrai,Namur,20,Desserte Normale
Belgique,1258,Courtrai,Namur,20,Desserte Normale
Belgique,1258,Courtrai,Namur,20,Desserte Normale
Belgique,1258,Courtrai,Namur,16,Desserte Normale
Belgique,1258,Courtrai,Namur,20,Desserte Normale
Belgique,1258,Courtrai,Namur,20,Desserte Normale
Belgique,1258,Courtrai,Namur,20,Desserte Normale
Belgique,1258,Courtrai,Namur,20,Desserte Normale
Belgique,1258,Courtrai,Namur,20,Desserte Normale
Belgique,1258,Courtrai,Namur,20,Desserte Normale
Belgique,1258,Courtrai,Namur,20,Desserte Normale
Belgique,1258,Courtrai,Namur,20,Desserte Normale
Belgique,1258,Courtrai,Namur,20,Desserte Normale
Belgique,1258,Courtrai,Namur,20,Desserte Normale
Belgique,1258,Courtrai,Namur,20,Desserte Normale
Belgique,1258,Courtrai,Namur,20,Desserte Normale
Belgique,1258,Courtrai,Namur,20,Desserte Normale
Belgique,1258,Courtrai,Namur,20,Desserte Normale
Belgique,1258,Courtrai,Namur,20,Desserte Normale
Belgique,1258,Courtrai,Namur,16,Desserte Normale
Belgique,1258,Courtrai,Namur,20,Desserte Normale
Belgique,1258,Courtrai,Namur,20,Desserte Normale
Belgique,1258,Courtrai,Namur,20,Desserte Normale
Belgique,1258,Courtrai,Namur,20,Desserte Normale
Belgique,1259,Lille Flandres,Namur,2,Sous-desservi
Belgique,1259,Lille Flandres,Namur,1,Sous-desservi
Belgique,1259,Lille Flandres,Namur,2,Sous-desservi
Belgique,1259,Lille Flandres,Namur,1,Sous-desservi
Belgique,126,Saint-Ghislain,Tournai,5,Sous-desservi
Belgique,1260,Bruxelles-Midi,Rotterdam Centraal,128,Bien desservi
Belgique,1260,Bruxelles-Midi,Rotterdam Centraal,224,Bien desservi
Belgique,1260,Bruxelles-Midi,Rotterdam Centraal,162,Bien desservi
Belgique,1260,Bruxelles-Midi,Rotterdam Centraal,224,Bien desservi
Belgique,1260,Bruxelles-Midi,Rotterdam Centraal,222,Bien desservi
Belgique,1260,Bruxelles-Midi,Rotterdam Centraal,223,Bien desservi
Belgique,1260,Bruxelles-Midi,Rotterdam Centraal,218,Bien desservi
Belgique,1260,Bruxelles-Midi,Rotterdam Centraal,224,Bien desservi
Belgique,1260,Bruxelles-Midi,Rotterdam Centraal,223,Bien desservi
Belgique,1260,Bruxelles-Midi,Rotterdam Centraal,176,Bien desservi
Belgique,1260,Bruxelles-Midi,Rotterdam Centraal,159,Bien desservi
Belgique,1260,Bruxelles-Midi,Rotterdam Centraal,160,Bien desservi
Belgique,1260,Bruxelles-Midi,Rotterdam Centraal,224,Bien desservi
Belgique,1260,Bruxelles-Midi,Rotterdam Centraal,224,Bien desservi
Belgique,1260,Bruxelles-Midi,Rotterdam Centraal,224,Bien desservi
Belgique,1260,Bruxelles-Midi,Rotterdam Centraal,224,Bien desservi
Belgique,1260,Bruxelles-Midi,Rotterdam Centraal,224,Bien desservi
Belgique,1260,Bruxelles-Midi,Rotterdam Centraal,224,Bien desservi
Belgique,1260,Bruxelles-Midi,Rotterdam Centraal,224,Bien desservi
Belgique,1260,Bruxelles-Midi,Rotterdam Centraal,224,Bien desservi
Belgique,1260,Bruxelles-Midi,Rotterdam Centraal,224,Bien desservi
Belgique,1260,Bruxelles-Midi,Rotterdam Centraal,224,Bien desservi
Belgique,1260,Bruxelles-Midi,Rotterdam Centraal,224,Bien desservi
Belgique,1260,Bruxelles-Midi,Rotterdam Centraal,224,Bien desservi
Belgique,1260,Bruxelles-Midi,Rotterdam Centraal,224,Bien desservi
Belgique,1260,Bruxelles-Midi,Rotterdam Centraal,224,Bien desservi
Belgique,1260,Bruxelles-Midi,Rotterdam Centraal,224,Bien desservi
Belgique,1260,Bruxelles-Midi,Rotterdam Centraal,224,Bien desservi
Belgique,1260,Bruxelles-Midi,Rotterdam Centraal,224,Bien desservi
Belgique,1260,Bruxelles-Midi,Rotterdam Centraal,224,Bien desservi
Belgique,1260,Bruxelles-Midi,Rotterdam Centraal,224,Bien desservi
Belgique,1260,Bruxelles-Midi,Rotterdam Centraal,224,Bien desservi
Belgique,1260,Bruxelles-Midi,Rotterdam Centraal,176,Bien desservi
Belgique,1260,Bruxelles-Midi,Rotterdam Centraal,224,Bien desservi
Belgique,1260,Bruxelles-Midi,Rotterdam Centraal,224,Bien desservi
Belgique,1260,Bruxelles-Midi,Rotterdam Centraal,224,Bien desservi
Belgique,1260,Bruxelles-Midi,Rotterdam Centraal,176,Bien desservi
Belgique,1261,Breda,Bruxelles-Midi,62,Bien desservi
Belgique,1261,Breda,Bruxelles-Midi,1,Sous-desservi
Belgique,1261,Breda,Bruxelles-Midi,4,Sous-desservi
Belgique,1261,Breda,Bruxelles-Midi,1,Sous-desservi
Belgique,1261,Breda,Bruxelles-Midi,1,Sous-desservi
Belgique,1261,Breda,Bruxelles-Midi,64,Bien desservi
Belgique,1262,Bruxelles-Midi,Roosendaal,64,Bien desservi
Belgique,1263,Bruxelles-Midi,Rotterdam Centraal,16,Desserte Normale
Belgique,1264,Bruxelles-Nord,Rotterdam Centraal,48,Desserte Normale
Belgique,1264,Bruxelles-Nord,Rotterdam Centraal,48,Desserte Normale
Belgique,1265,Breda,Rotterdam Centraal,1,Sous-desservi
Belgique,1266,Anvers-Central,Rotterdam Centraal,1,Sous-desservi
Belgique,1267,Brussels Airport-Zaventem,Bruxelles-Midi,1,Sous-desservi
Belgique,1268,Amsterdam Sud,Bruxelles-Midi,6,Sous-desservi
Belgique,1269,Bruxelles-Midi,Lelystad Centre,10,Desserte Normale
Belgique,127,Ath,Tournai,76,Bien desservi
Belgique,127,Ath,Tournai,76,Bien desservi
Belgique,127,Ath,Tournai,256,Bien desservi
Belgique,127,Ath,Tournai,256,Bien desservi
Belgique,1270,Bruxelles-Midi,Marseille Saint Ch,2,Sous-desservi
Belgique,1271,Bruxelles-Midi,Montpellier,1,Sous-desservi
Belgique,1272,Bruxelles-Midi,Montpellier Sud-de-France,1,Sous-desservi
Belgique,1273,Bruxelles-Midi,Nantes,1,Sous-desservi
Belgique,1274,Bruxelles-Midi,Perpignan,1,Sous-desservi
Belgique,1275,Bruxelles-Midi,Rennes,1,Sous-desservi
Belgique,1276,Aéroport Cdg TGV,Bruxelles-Midi,1,Sous-desservi
Belgique,1277,Bruxelles-Midi,Strasbourg,1,Sous-desservi
Belgique,128,Binche,La Louvière-Sud,1,Sous-desservi
Belgique,128,Binche,La Louvière-Sud,1,Sous-desservi
Belgique,128,Binche,La Louvière-Sud,4,Sous-desservi
Belgique,128,Binche,La Louvière-Sud,1,Sous-desservi
Belgique,128,Binche,La Louvière-Sud,1,Sous-desservi
Belgique,128,Binche,La Louvière-Sud,56,Desserte Normale
Belgique,129,Charleroi-Central,Mons,4,Sous-desservi
Belgique,129,Charleroi-Central,Mons,8,Desserte Normale
Belgique,129,Charleroi-Central,Mons,10,Desserte Normale
Belgique,129,Charleroi-Central,Mons,10,Desserte Normale
Belgique,129,Charleroi-Central,Mons,8,Desserte Normale
Belgique,129,Charleroi-Central,Mons,10,Desserte Normale
Belgique,129,Charleroi-Central,Mons,10,Desserte Normale
Belgique,129,Charleroi-Central,Mons,5,Sous-desservi
Belgique,129,Charleroi-Central,Mons,9,Desserte Normale
Belgique,129,Charleroi-Central,Mons,10,Desserte Normale
Belgique,129,Charleroi-Central,Mons,10,Desserte Normale
Belgique,129,Charleroi-Central,Mons,10,Desserte Normale
Belgique,129,Charleroi-Central,Mons,10,Desserte Normale
Belgique,129,Charleroi-Central,Mons,8,Desserte Normale
Belgique,129,Charleroi-Central,Mons,6,Sous-desservi
Belgique,129,Charleroi-Central,Mons,10,Desserte Normale
Belgique,129,Charleroi-Central,Mons,8,Desserte Normale
Belgique,129,Charleroi-Central,Mons,10,Desserte Normale
Belgique,129,Charleroi-Central,Mons,5,Sous-desservi
Belgique,129,Charleroi-Central,Mons,10,Desserte Normale
Belgique,129,Charleroi-Central,Mons,10,Desserte Normale
Belgique,129,Charleroi-Central,Mons,10,Desserte Normale
Belgique,129,Charleroi-Central,Mons,12,Desserte Normale
Belgique,129,Charleroi-Central,Mons,10,Desserte Normale
Belgique,129,Charleroi-Central,Mons,10,Desserte Normale
Belgique,129,Charleroi-Central,Mons,10,Desserte Normale
Belgique,129,Charleroi-Central,Mons,10,Desserte Normale
Belgique,129,Charleroi-Central,Mons,10,Desserte Normale
Belgique,129,Charleroi-Central,Mons,10,Desserte Normale
Belgique,129,Charleroi-Central,Mons,10,Desserte Normale
Belgique,129,Charleroi-Central,Mons,10,Desserte Normale
Belgique,129,Charleroi-Central,Mons,10,Desserte Normale
Belgique,129,Charleroi-Central,Mons,8,Desserte Normale
Belgique,129,Charleroi-Central,Mons,10,Desserte Normale
Belgique,129,Charleroi-Central,Mons,10,Desserte Normale
Belgique,129,Charleroi-Central,Mons,10,Desserte Normale
Belgique,129,Charleroi-Central,Mons,10,Desserte Normale
Belgique,13,Bruxelles-Midi,Hal,72,Bien desservi
Belgique,13,Bruxelles-Midi,Hal,36,Desserte Normale
Belgique,130,Jurbise,Mons,58,Bien desservi
Belgique,131,Mouscron,Saint-Ghislain,53,Desserte Normale
Belgique,132,Charleroi-Central,Mouscron,2,Sous-desservi
Belgique,132,Charleroi-Central,Mouscron,3,Sous-desservi
Belgique,132,Charleroi-Central,Mouscron,2,Sous-desservi
Belgique,132,Charleroi-Central,Mouscron,2,Sous-desservi
Belgique,132,Charleroi-Central,Mouscron,2,Sous-desservi
Belgique,132,Charleroi-Central,Mouscron,67,Bien desservi
Belgique,132,Charleroi-Central,Mouscron,2,Sous-desservi
Belgique,132,Charleroi-Central,Mouscron,22,Desserte Normale
Belgique,132,Charleroi-Central,Mouscron,2,Sous-desservi
Belgique,132,Charleroi-Central,Mouscron,2,Sous-desservi
Belgique,132,Charleroi-Central,Mouscron,3,Sous-desservi
Belgique,132,Charleroi-Central,Mouscron,2,Sous-desservi
Belgique,132,Charleroi-Central,Mouscron,2,Sous-desservi
Belgique,132,Charleroi-Central,Mouscron,2,Sous-desservi
Belgique,132,Charleroi-Central,Mouscron,2,Sous-desservi
Belgique,132,Charleroi-Central,Mouscron,2,Sous-desservi
Belgique,132,Charleroi-Central,Mouscron,2,Sous-desservi
Belgique,132,Charleroi-Central,Mouscron,2,Sous-desservi
Belgique,132,Charleroi-Central,Mouscron,2,Sous-desservi
Belgique,132,Charleroi-Central,Mouscron,2,Sous-desservi
Belgique,132,Charleroi-Central,Mouscron,2,Sous-desservi
Belgique,132,Charleroi-Central,Mouscron,2,Sous-desservi
Belgique,132,Charleroi-Central,Mouscron,2,Sous-desservi
Belgique,132,Charleroi-Central,Mouscron,2,Sous-desservi
Belgique,132,Charleroi-Central,Mouscron,3,Sous-desservi
Belgique,132,Charleroi-Central,Mouscron,2,Sous-desservi
Belgique,132,Charleroi-Central,Mouscron,2,Sous-desservi
Belgique,132,Charleroi-Central,Mouscron,2,Sous-desservi
Belgique,132,Charleroi-Central,Mouscron,1,Sous-desservi
Belgique,133,Fleurus,Ottignies,2,Sous-desservi
Belgique,134,Quiévrain,Saint-Ghislain,51,Desserte Normale
Belgique,135,Namur,Tamines,8,Desserte Normale
Belgique,135,Namur,Tamines,1,Sous-desservi
Belgique,135,Namur,Tamines,3,Sous-desservi
Belgique,136,Jambes,Tamines,56,Desserte Normale
Belgique,136,Jambes,Tamines,14,Desserte Normale
Belgique,136,Jambes,Tamines,7,Desserte Normale
Belgique,137,Charleroi-Central,Nivelles,6,Sous-desservi
Belgique,137,Charleroi-Central,Nivelles,143,Bien desservi
Belgique,137,Charleroi-Central,Nivelles,1,Sous-desservi
Belgique,137,Charleroi-Central,Nivelles,139,Bien desservi
Belgique,137,Charleroi-Central,Nivelles,1,Sous-desservi
Belgique,138,Jurbise,Tournai,5,Sous-desservi
Belgique,138,Jurbise,Tournai,5,Sous-desservi
Belgique,139,Jurbise,Mouscron,5,Sous-desservi
Belgique,139,Jurbise,Mouscron,5,Sous-desservi
Belgique,14,Charleroi-Central,Luttre,118,Bien desservi
Belgique,14,Charleroi-Central,Luttre,272,Bien desservi
Belgique,14,Charleroi-Central,Luttre,122,Bien desservi
Belgique,140,Courtrai,Jurbise,155,Bien desservi
Belgique,140,Courtrai,Jurbise,155,Bien desservi
Belgique,141,Namur,Tamines,6,Sous-desservi
Belgique,142,Charleroi-Central,Luttre,160,Bien desservi
Belgique,143,Bruxelles-Midi,Nivelles,1,Sous-desservi
Belgique,143,Bruxelles-Midi,Nivelles,3,Sous-desservi
Belgique,144,Dinant,Namur,2,Sous-desservi
Belgique,144,Dinant,Namur,4,Sous-desservi
Belgique,144,Dinant,Namur,5,Sous-desservi
Belgique,144,Dinant,Namur,5,Sous-desservi
Belgique,144,Dinant,Namur,4,Sous-desservi
Belgique,144,Dinant,Namur,5,Sous-desservi
Belgique,144,Dinant,Namur,3,Sous-desservi
Belgique,144,Dinant,Namur,5,Sous-desservi
Belgique,144,Dinant,Namur,4,Sous-desservi
Belgique,144,Dinant,Namur,5,Sous-desservi
Belgique,144,Dinant,Namur,5,Sous-desservi
Belgique,144,Dinant,Namur,5,Sous-desservi
Belgique,144,Dinant,Namur,5,Sous-desservi
Belgique,144,Dinant,Namur,5,Sous-desservi
Belgique,144,Dinant,Namur,5,Sous-desservi
Belgique,144,Dinant,Namur,5,Sous-desservi
Belgique,144,Dinant,Namur,4,Sous-desservi
Belgique,144,Dinant,Namur,5,Sous-desservi
Belgique,144,Dinant,Namur,5,Sous-desservi
Belgique,144,Dinant,Namur,37,Desserte Normale
Belgique,144,Dinant,Namur,5,Sous-desservi
Belgique,144,Dinant,Namur,5,Sous-desservi
Belgique,144,Dinant,Namur,5,Sous-desservi
Belgique,144,Dinant,Namur,5,Sous-desservi
Belgique,144,Dinant,Namur,5,Sous-desservi
Belgique,144,Dinant,Namur,5,Sous-desservi
Belgique,144,Dinant,Namur,5,Sous-desservi
Belgique,144,Dinant,Namur,5,Sous-desservi
Belgique,144,Dinant,Namur,5,Sous-desservi
Belgique,144,Dinant,Namur,5,Sous-desservi
Belgique,144,Dinant,Namur,5,Sous-desservi
Belgique,144,Dinant,Namur,5,Sous-desservi
Belgique,144,Dinant,Namur,4,Sous-desservi
Belgique,144,Dinant,Namur,5,Sous-desservi
Belgique,144,Dinant,Namur,5,Sous-desservi
Belgique,144,Dinant,Namur,5,Sous-desservi
Belgique,144,Dinant,Namur,5,Sous-desservi
Belgique,145,Ciney,Ostende,4,Sous-desservi
Belgique,146,Saint-Nicolas,Termonde,6,Sous-desservi
Belgique,146,Saint-Nicolas,Termonde,14,Desserte Normale
Belgique,146,Saint-Nicolas,Termonde,16,Desserte Normale
Belgique,146,Saint-Nicolas,Termonde,16,Desserte Normale
Belgique,146,Saint-Nicolas,Termonde,17,Desserte Normale
Belgique,146,Saint-Nicolas,Termonde,10,Desserte Normale
Belgique,146,Saint-Nicolas,Termonde,17,Desserte Normale
Belgique,146,Saint-Nicolas,Termonde,16,Desserte Normale
Belgique,146,Saint-Nicolas,Termonde,17,Desserte Normale
Belgique,146,Saint-Nicolas,Termonde,16,Desserte Normale
Belgique,146,Saint-Nicolas,Termonde,16,Desserte Normale
Belgique,146,Saint-Nicolas,Termonde,16,Desserte Normale
Belgique,146,Saint-Nicolas,Termonde,16,Desserte Normale
Belgique,146,Saint-Nicolas,Termonde,16,Desserte Normale
Belgique,146,Saint-Nicolas,Termonde,16,Desserte Normale
Belgique,146,Saint-Nicolas,Termonde,16,Desserte Normale
Belgique,146,Saint-Nicolas,Termonde,17,Desserte Normale
Belgique,146,Saint-Nicolas,Termonde,16,Desserte Normale
Belgique,146,Saint-Nicolas,Termonde,16,Desserte Normale
Belgique,146,Saint-Nicolas,Termonde,16,Desserte Normale
Belgique,146,Saint-Nicolas,Termonde,16,Desserte Normale
Belgique,146,Saint-Nicolas,Termonde,16,Desserte Normale
Belgique,146,Saint-Nicolas,Termonde,10,Desserte Normale
Belgique,146,Saint-Nicolas,Termonde,16,Desserte Normale
Belgique,146,Saint-Nicolas,Termonde,16,Desserte Normale
Belgique,146,Saint-Nicolas,Termonde,16,Desserte Normale
Belgique,146,Saint-Nicolas,Termonde,16,Desserte Normale
Belgique,146,Saint-Nicolas,Termonde,16,Desserte Normale
Belgique,146,Saint-Nicolas,Termonde,16,Desserte Normale
Belgique,146,Saint-Nicolas,Termonde,16,Desserte Normale
Belgique,146,Saint-Nicolas,Termonde,16,Desserte Normale
Belgique,146,Saint-Nicolas,Termonde,16,Desserte Normale
Belgique,146,Saint-Nicolas,Termonde,17,Desserte Normale
Belgique,146,Saint-Nicolas,Termonde,16,Desserte Normale
Belgique,146,Saint-Nicolas,Termonde,16,Desserte Normale
Belgique,146,Saint-Nicolas,Termonde,16,Desserte Normale
Belgique,146,Saint-Nicolas,Termonde,13,Desserte Normale
Belgique,147,Lokeren,Melsele,4,Sous-desservi
Belgique,147,Lokeren,Melsele,2,Sous-desservi
Belgique,148,Lokeren,Saint-Nicolas,6,Sous-desservi
Belgique,148,Lokeren,Saint-Nicolas,6,Sous-desservi
Belgique,149,Anvers-Berchem,Termonde,119,Bien desservi
Belgique,149,Anvers-Berchem,Termonde,165,Bien desservi
Belgique,149,Anvers-Berchem,Termonde,170,Bien desservi
Belgique,149,Anvers-Berchem,Termonde,299,Bien desservi
Belgique,149,Anvers-Berchem,Termonde,240,Bien desservi
Belgique,149,Anvers-Berchem,Termonde,305,Bien desservi
Belgique,149,Anvers-Berchem,Termonde,244,Bien desservi
Belgique,149,Anvers-Berchem,Termonde,305,Bien desservi
Belgique,149,Anvers-Berchem,Termonde,306,Bien desservi
Belgique,149,Anvers-Berchem,Termonde,305,Bien desservi
Belgique,149,Anvers-Berchem,Termonde,305,Bien desservi
Belgique,149,Anvers-Berchem,Termonde,62,Bien desservi
Belgique,149,Anvers-Berchem,Termonde,62,Bien desservi
Belgique,15,Mons,Mouscron,2,Sous-desservi
Belgique,15,Mons,Mouscron,3,Sous-desservi
Belgique,15,Mons,Mouscron,2,Sous-desservi
Belgique,15,Mons,Mouscron,2,Sous-desservi
Belgique,15,Mons,Mouscron,2,Sous-desservi
Belgique,15,Mons,Mouscron,3,Sous-desservi
Belgique,15,Mons,Mouscron,2,Sous-desservi
Belgique,15,Mons,Mouscron,3,Sous-desservi
Belgique,15,Mons,Mouscron,2,Sous-desservi
Belgique,15,Mons,Mouscron,1,Sous-desservi
Belgique,15,Mons,Mouscron,58,Bien desservi
Belgique,15,Mons,Mouscron,68,Bien desservi
Belgique,15,Mons,Mouscron,70,Bien desservi
Belgique,15,Mons,Mouscron,2,Sous-desservi
Belgique,15,Mons,Mouscron,3,Sous-desservi
Belgique,15,Mons,Mouscron,2,Sous-desservi
Belgique,15,Mons,Mouscron,2,Sous-desservi
Belgique,15,Mons,Mouscron,2,Sous-desservi
Belgique,15,Mons,Mouscron,2,Sous-desservi
Belgique,15,Mons,Mouscron,1,Sous-desservi
Belgique,15,Mons,Mouscron,2,Sous-desservi
Belgique,15,Mons,Mouscron,2,Sous-desservi
Belgique,15,Mons,Mouscron,2,Sous-desservi
Belgique,15,Mons,Mouscron,2,Sous-desservi
Belgique,15,Mons,Mouscron,2,Sous-desservi
Belgique,15,Mons,Mouscron,2,Sous-desservi
Belgique,15,Mons,Mouscron,2,Sous-desservi
Belgique,15,Mons,Mouscron,2,Sous-desservi
Belgique,15,Mons,Mouscron,2,Sous-desservi
Belgique,15,Mons,Mouscron,3,Sous-desservi
Belgique,15,Mons,Mouscron,2,Sous-desservi
Belgique,15,Mons,Mouscron,2,Sous-desservi
Belgique,15,Mons,Mouscron,2,Sous-desservi
Belgique,15,Mons,Mouscron,1,Sous-desservi
Belgique,150,Melsele,Termonde,39,Desserte Normale
Belgique,150,Melsele,Termonde,34,Desserte Normale
Belgique,151,Anvers-Central,Termonde,28,Desserte Normale
Belgique,151,Anvers-Central,Termonde,33,Desserte Normale
Belgique,151,Anvers-Central,Termonde,62,Bien desservi
Belgique,151,Anvers-Central,Termonde,62,Bien desservi
Belgique,151,Anvers-Central,Termonde,93,Bien desservi
Belgique,151,Anvers-Central,Termonde,93,Bien desservi
Belgique,151,Anvers-Central,Termonde,62,Bien desservi
Belgique,151,Anvers-Central,Termonde,31,Desserte Normale
Belgique,151,Anvers-Central,Termonde,62,Bien desservi
Belgique,151,Anvers-Central,Termonde,62,Bien desservi
Belgique,151,Anvers-Central,Termonde,367,Bien desservi
Belgique,151,Anvers-Central,Termonde,367,Bien desservi
Belgique,151,Anvers-Central,Termonde,232,Bien desservi
Belgique,151,Anvers-Central,Termonde,232,Bien desservi
Belgique,151,Anvers-Central,Termonde,232,Bien desservi
Belgique,151,Anvers-Central,Termonde,229,Bien desservi
Belgique,151,Anvers-Central,Termonde,232,Bien desservi
Belgique,151,Anvers-Central,Termonde,232,Bien desservi
Belgique,151,Anvers-Central,Termonde,232,Bien desservi
Belgique,151,Anvers-Central,Termonde,232,Bien desservi
Belgique,151,Anvers-Central,Termonde,232,Bien desservi
Belgique,151,Anvers-Central,Termonde,305,Bien desservi
Belgique,151,Anvers-Central,Termonde,367,Bien desservi
Belgique,151,Anvers-Central,Termonde,305,Bien desservi
Belgique,151,Anvers-Central,Termonde,305,Bien desservi
Belgique,151,Anvers-Central,Termonde,367,Bien desservi
Belgique,151,Anvers-Central,Termonde,367,Bien desservi
Belgique,151,Anvers-Central,Termonde,367,Bien desservi
Belgique,151,Anvers-Central,Termonde,367,Bien desservi
Belgique,151,Anvers-Central,Termonde,367,Bien desservi
Belgique,151,Anvers-Central,Termonde,367,Bien desservi
Belgique,151,Anvers-Central,Termonde,337,Bien desservi
Belgique,151,Anvers-Central,Termonde,367,Bien desservi
Belgique,151,Anvers-Central,Termonde,367,Bien desservi
Belgique,151,Anvers-Central,Termonde,367,Bien desservi
Belgique,151,Anvers-Central,Termonde,336,Bien desservi
Belgique,152,Anvers-Central,Lokeren,2,Sous-desservi
Belgique,152,Anvers-Central,Lokeren,2,Sous-desservi
Belgique,152,Anvers-Central,Lokeren,2,Sous-desservi
Belgique,152,Anvers-Central,Lokeren,3,Sous-desservi
Belgique,152,Anvers-Central,Lokeren,64,Bien desservi
Belgique,152,Anvers-Central,Lokeren,3,Sous-desservi
Belgique,152,Anvers-Central,Lokeren,2,Sous-desservi
Belgique,152,Anvers-Central,Lokeren,1,Sous-desservi
Belgique,152,Anvers-Central,Lokeren,2,Sous-desservi
Belgique,152,Anvers-Central,Lokeren,2,Sous-desservi
Belgique,152,Anvers-Central,Lokeren,22,Desserte Normale
Belgique,152,Anvers-Central,Lokeren,22,Desserte Normale
Belgique,152,Anvers-Central,Lokeren,12,Desserte Normale
Belgique,152,Anvers-Central,Lokeren,12,Desserte Normale
Belgique,152,Anvers-Central,Lokeren,12,Desserte Normale
Belgique,152,Anvers-Central,Lokeren,11,Desserte Normale
Belgique,152,Anvers-Central,Lokeren,12,Desserte Normale
Belgique,152,Anvers-Central,Lokeren,12,Desserte Normale
Belgique,152,Anvers-Central,Lokeren,12,Desserte Normale
Belgique,152,Anvers-Central,Lokeren,12,Desserte Normale
Belgique,152,Anvers-Central,Lokeren,12,Desserte Normale
Belgique,152,Anvers-Central,Lokeren,84,Bien desservi
Belgique,152,Anvers-Central,Lokeren,22,Desserte Normale
Belgique,152,Anvers-Central,Lokeren,20,Desserte Normale
Belgique,152,Anvers-Central,Lokeren,20,Desserte Normale
Belgique,152,Anvers-Central,Lokeren,22,Desserte Normale
Belgique,152,Anvers-Central,Lokeren,22,Desserte Normale
Belgique,152,Anvers-Central,Lokeren,22,Desserte Normale
Belgique,152,Anvers-Central,Lokeren,22,Desserte Normale
Belgique,152,Anvers-Central,Lokeren,22,Desserte Normale
Belgique,152,Anvers-Central,Lokeren,22,Desserte Normale
Belgique,152,Anvers-Central,Lokeren,19,Desserte Normale
Belgique,152,Anvers-Central,Lokeren,22,Desserte Normale
Belgique,152,Anvers-Central,Lokeren,22,Desserte Normale
Belgique,152,Anvers-Central,Lokeren,22,Desserte Normale
Belgique,152,Anvers-Central,Lokeren,21,Desserte Normale
Belgique,153,Anvers-Berchem,Lokeren,8,Desserte Normale
Belgique,153,Anvers-Berchem,Lokeren,8,Desserte Normale
Belgique,153,Anvers-Berchem,Lokeren,10,Desserte Normale
Belgique,153,Anvers-Berchem,Lokeren,21,Desserte Normale
Belgique,153,Anvers-Berchem,Lokeren,16,Desserte Normale
Belgique,153,Anvers-Berchem,Lokeren,20,Desserte Normale
Belgique,153,Anvers-Berchem,Lokeren,16,Desserte Normale
Belgique,153,Anvers-Berchem,Lokeren,20,Desserte Normale
Belgique,153,Anvers-Berchem,Lokeren,18,Desserte Normale
Belgique,153,Anvers-Berchem,Lokeren,20,Desserte Normale
Belgique,153,Anvers-Berchem,Lokeren,20,Desserte Normale
Belgique,153,Anvers-Berchem,Lokeren,2,Sous-desservi
Belgique,153,Anvers-Berchem,Lokeren,2,Sous-desservi
Belgique,154,Louvain,Tirlemont,15,Desserte Normale
Belgique,154,Louvain,Tirlemont,1,Sous-desservi
Belgique,155,Blankenberge,Genk,18,Desserte Normale
Belgique,155,Blankenberge,Genk,65,Bien desservi
Belgique,155,Blankenberge,Genk,45,Desserte Normale
Belgique,155,Blankenberge,Genk,125,Bien desservi
Belgique,155,Blankenberge,Genk,60,Bien desservi
Belgique,155,Blankenberge,Genk,124,Bien desservi
Belgique,155,Blankenberge,Genk,105,Bien desservi
Belgique,155,Blankenberge,Genk,105,Bien desservi
Belgique,155,Blankenberge,Genk,105,Bien desservi
Belgique,155,Blankenberge,Genk,105,Bien desservi
Belgique,155,Blankenberge,Genk,115,Bien desservi
Belgique,155,Blankenberge,Genk,115,Bien desservi
Belgique,155,Blankenberge,Genk,115,Bien desservi
Belgique,155,Blankenberge,Genk,134,Bien desservi
Belgique,155,Blankenberge,Genk,55,Desserte Normale
Belgique,155,Blankenberge,Genk,115,Bien desservi
Belgique,155,Blankenberge,Genk,115,Bien desservi
Belgique,155,Blankenberge,Genk,115,Bien desservi
Belgique,155,Blankenberge,Genk,115,Bien desservi
Belgique,155,Blankenberge,Genk,45,Desserte Normale
Belgique,155,Blankenberge,Genk,105,Bien desservi
Belgique,155,Blankenberge,Genk,105,Bien desservi
Belgique,155,Blankenberge,Genk,45,Desserte Normale
Belgique,155,Blankenberge,Genk,105,Bien desservi
Belgique,155,Blankenberge,Genk,105,Bien desservi
Belgique,155,Blankenberge,Genk,105,Bien desservi
Belgique,155,Blankenberge,Genk,105,Bien desservi
Belgique,155,Blankenberge,Genk,105,Bien desservi
Belgique,155,Blankenberge,Genk,105,Bien desservi
Belgique,155,Blankenberge,Genk,126,Bien desservi
Belgique,155,Blankenberge,Genk,105,Bien desservi
Belgique,155,Blankenberge,Genk,105,Bien desservi
Belgique,155,Blankenberge,Genk,105,Bien desservi
Belgique,155,Blankenberge,Genk,75,Bien desservi
Belgique,156,Bruges,Hasselt,8,Desserte Normale
Belgique,156,Bruges,Hasselt,14,Desserte Normale
Belgique,156,Bruges,Hasselt,14,Desserte Normale
Belgique,156,Bruges,Hasselt,11,Desserte Normale
Belgique,156,Bruges,Hasselt,10,Desserte Normale
Belgique,156,Bruges,Hasselt,11,Desserte Normale
Belgique,156,Bruges,Hasselt,4,Sous-desservi
Belgique,156,Bruges,Hasselt,4,Sous-desservi
Belgique,156,Bruges,Hasselt,5,Sous-desservi
Belgique,156,Bruges,Hasselt,5,Sous-desservi
Belgique,156,Bruges,Hasselt,10,Desserte Normale
Belgique,156,Bruges,Hasselt,5,Sous-desservi
Belgique,156,Bruges,Hasselt,5,Sous-desservi
Belgique,156,Bruges,Hasselt,5,Sous-desservi
Belgique,156,Bruges,Hasselt,5,Sous-desservi
Belgique,156,Bruges,Hasselt,4,Sous-desservi
Belgique,156,Bruges,Hasselt,11,Desserte Normale
Belgique,156,Bruges,Hasselt,5,Sous-desservi
Belgique,156,Bruges,Hasselt,5,Sous-desservi
Belgique,156,Bruges,Hasselt,5,Sous-desservi
Belgique,156,Bruges,Hasselt,5,Sous-desservi
Belgique,156,Bruges,Hasselt,5,Sous-desservi
Belgique,156,Bruges,Hasselt,10,Desserte Normale
Belgique,156,Bruges,Hasselt,5,Sous-desservi
Belgique,156,Bruges,Hasselt,5,Sous-desservi
Belgique,156,Bruges,Hasselt,5,Sous-desservi
Belgique,156,Bruges,Hasselt,5,Sous-desservi
Belgique,156,Bruges,Hasselt,5,Sous-desservi
Belgique,156,Bruges,Hasselt,5,Sous-desservi
Belgique,156,Bruges,Hasselt,5,Sous-desservi
Belgique,156,Bruges,Hasselt,5,Sous-desservi
Belgique,156,Bruges,Hasselt,4,Sous-desservi
Belgique,156,Bruges,Hasselt,5,Sous-desservi
Belgique,156,Bruges,Hasselt,5,Sous-desservi
Belgique,156,Bruges,Hasselt,5,Sous-desservi
Belgique,156,Bruges,Hasselt,5,Sous-desservi
Belgique,157,Blankenberge,Hasselt,106,Bien desservi
Belgique,157,Blankenberge,Hasselt,216,Bien desservi
Belgique,157,Blankenberge,Hasselt,214,Bien desservi
Belgique,157,Blankenberge,Hasselt,217,Bien desservi
Belgique,157,Blankenberge,Hasselt,152,Bien desservi
Belgique,157,Blankenberge,Hasselt,172,Bien desservi
Belgique,157,Blankenberge,Hasselt,92,Bien desservi
Belgique,157,Blankenberge,Hasselt,2,Sous-desservi
Belgique,157,Blankenberge,Hasselt,91,Bien desservi
Belgique,157,Blankenberge,Hasselt,112,Bien desservi
Belgique,157,Blankenberge,Hasselt,112,Bien desservi
Belgique,157,Blankenberge,Hasselt,107,Bien desservi
Belgique,157,Blankenberge,Hasselt,112,Bien desservi
Belgique,157,Blankenberge,Hasselt,102,Bien desservi
Belgique,157,Blankenberge,Hasselt,102,Bien desservi
Belgique,157,Blankenberge,Hasselt,102,Bien desservi
Belgique,157,Blankenberge,Hasselt,83,Bien desservi
Belgique,157,Blankenberge,Hasselt,162,Bien desservi
Belgique,157,Blankenberge,Hasselt,102,Bien desservi
Belgique,157,Blankenberge,Hasselt,102,Bien desservi
Belgique,157,Blankenberge,Hasselt,102,Bien desservi
Belgique,157,Blankenberge,Hasselt,102,Bien desservi
Belgique,157,Blankenberge,Hasselt,110,Bien desservi
Belgique,157,Blankenberge,Hasselt,107,Bien desservi
Belgique,157,Blankenberge,Hasselt,112,Bien desservi
Belgique,157,Blankenberge,Hasselt,110,Bien desservi
Belgique,157,Blankenberge,Hasselt,112,Bien desservi
Belgique,157,Blankenberge,Hasselt,112,Bien desservi
Belgique,157,Blankenberge,Hasselt,112,Bien desservi
Belgique,157,Blankenberge,Hasselt,112,Bien desservi
Belgique,157,Blankenberge,Hasselt,112,Bien desservi
Belgique,157,Blankenberge,Hasselt,112,Bien desservi
Belgique,157,Blankenberge,Hasselt,91,Bien desservi
Belgique,157,Blankenberge,Hasselt,112,Bien desservi
Belgique,157,Blankenberge,Hasselt,112,Bien desservi
Belgique,157,Blankenberge,Hasselt,112,Bien desservi
Belgique,157,Blankenberge,Hasselt,111,Bien desservi
Belgique,158,Bruges,Genk,3,Sous-desservi
Belgique,158,Bruges,Genk,9,Desserte Normale
Belgique,158,Bruges,Genk,6,Sous-desservi
Belgique,158,Bruges,Genk,9,Desserte Normale
Belgique,158,Bruges,Genk,6,Sous-desservi
Belgique,158,Bruges,Genk,6,Sous-desservi
Belgique,158,Bruges,Genk,6,Sous-desservi
Belgique,158,Bruges,Genk,6,Sous-desservi
Belgique,158,Bruges,Genk,6,Sous-desservi
Belgique,158,Bruges,Genk,6,Sous-desservi
Belgique,158,Bruges,Genk,6,Sous-desservi
Belgique,158,Bruges,Genk,9,Desserte Normale
Belgique,158,Bruges,Genk,6,Sous-desservi
Belgique,158,Bruges,Genk,6,Sous-desservi
Belgique,158,Bruges,Genk,6,Sous-desservi
Belgique,158,Bruges,Genk,6,Sous-desservi
Belgique,158,Bruges,Genk,6,Sous-desservi
Belgique,158,Bruges,Genk,6,Sous-desservi
Belgique,158,Bruges,Genk,6,Sous-desservi
Belgique,158,Bruges,Genk,6,Sous-desservi
Belgique,158,Bruges,Genk,6,Sous-desservi
Belgique,158,Bruges,Genk,6,Sous-desservi
Belgique,158,Bruges,Genk,6,Sous-desservi
Belgique,158,Bruges,Genk,6,Sous-desservi
Belgique,158,Bruges,Genk,9,Desserte Normale
Belgique,158,Bruges,Genk,6,Sous-desservi
Belgique,158,Bruges,Genk,6,Sous-desservi
Belgique,158,Bruges,Genk,6,Sous-desservi
Belgique,158,Bruges,Genk,3,Sous-desservi
Belgique,159,Blankenberge,Tirlemont,165,Bien desservi
Belgique,16,Braine-le-Comte,Charleroi-Central,104,Bien desservi
Belgique,16,Braine-le-Comte,Charleroi-Central,248,Bien desservi
Belgique,160,Gand-Saint-Pierre,Genk,66,Bien desservi
Belgique,160,Gand-Saint-Pierre,Genk,127,Bien desservi
Belgique,160,Gand-Saint-Pierre,Genk,161,Bien desservi
Belgique,160,Gand-Saint-Pierre,Genk,132,Bien desservi
Belgique,160,Gand-Saint-Pierre,Genk,132,Bien desservi
Belgique,160,Gand-Saint-Pierre,Genk,165,Bien desservi
Belgique,160,Gand-Saint-Pierre,Genk,165,Bien desservi
Belgique,160,Gand-Saint-Pierre,Genk,165,Bien desservi
Belgique,160,Gand-Saint-Pierre,Genk,165,Bien desservi
Belgique,160,Gand-Saint-Pierre,Genk,165,Bien desservi
Belgique,160,Gand-Saint-Pierre,Genk,160,Bien desservi
Belgique,160,Gand-Saint-Pierre,Genk,165,Bien desservi
Belgique,160,Gand-Saint-Pierre,Genk,132,Bien desservi
Belgique,160,Gand-Saint-Pierre,Genk,165,Bien desservi
Belgique,160,Gand-Saint-Pierre,Genk,165,Bien desservi
Belgique,160,Gand-Saint-Pierre,Genk,165,Bien desservi
Belgique,160,Gand-Saint-Pierre,Genk,165,Bien desservi
Belgique,160,Gand-Saint-Pierre,Genk,165,Bien desservi
Belgique,160,Gand-Saint-Pierre,Genk,231,Bien desservi
Belgique,160,Gand-Saint-Pierre,Genk,165,Bien desservi
Belgique,160,Gand-Saint-Pierre,Genk,165,Bien desservi
Belgique,160,Gand-Saint-Pierre,Genk,231,Bien desservi
Belgique,160,Gand-Saint-Pierre,Genk,165,Bien desservi
Belgique,160,Gand-Saint-Pierre,Genk,165,Bien desservi
Belgique,160,Gand-Saint-Pierre,Genk,160,Bien desservi
Belgique,160,Gand-Saint-Pierre,Genk,165,Bien desservi
Belgique,160,Gand-Saint-Pierre,Genk,165,Bien desservi
Belgique,160,Gand-Saint-Pierre,Genk,165,Bien desservi
Belgique,160,Gand-Saint-Pierre,Genk,132,Bien desservi
Belgique,160,Gand-Saint-Pierre,Genk,165,Bien desservi
Belgique,160,Gand-Saint-Pierre,Genk,165,Bien desservi
Belgique,160,Gand-Saint-Pierre,Genk,165,Bien desservi
Belgique,160,Gand-Saint-Pierre,Genk,165,Bien desservi
Belgique,161,Blankenberge,Landen,4,Sous-desservi
Belgique,161,Blankenberge,Landen,8,Desserte Normale
Belgique,161,Blankenberge,Landen,10,Desserte Normale
Belgique,161,Blankenberge,Landen,10,Desserte Normale
Belgique,161,Blankenberge,Landen,8,Desserte Normale
Belgique,161,Blankenberge,Landen,10,Desserte Normale
Belgique,161,Blankenberge,Landen,8,Desserte Normale
Belgique,161,Blankenberge,Landen,7,Desserte Normale
Belgique,161,Blankenberge,Landen,9,Desserte Normale
Belgique,161,Blankenberge,Landen,9,Desserte Normale
Belgique,161,Blankenberge,Landen,10,Desserte Normale
Belgique,161,Blankenberge,Landen,10,Desserte Normale
Belgique,161,Blankenberge,Landen,10,Desserte Normale
Belgique,161,Blankenberge,Landen,10,Desserte Normale
Belgique,161,Blankenberge,Landen,10,Desserte Normale
Belgique,161,Blankenberge,Landen,8,Desserte Normale
Belgique,161,Blankenberge,Landen,10,Desserte Normale
Belgique,161,Blankenberge,Landen,10,Desserte Normale
Belgique,161,Blankenberge,Landen,10,Desserte Normale
Belgique,161,Blankenberge,Landen,10,Desserte Normale
Belgique,161,Blankenberge,Landen,10,Desserte Normale
Belgique,161,Blankenberge,Landen,10,Desserte Normale
Belgique,161,Blankenberge,Landen,10,Desserte Normale
Belgique,161,Blankenberge,Landen,10,Desserte Normale
Belgique,161,Blankenberge,Landen,10,Desserte Normale
Belgique,161,Blankenberge,Landen,10,Desserte Normale
Belgique,161,Blankenberge,Landen,10,Desserte Normale
Belgique,161,Blankenberge,Landen,10,Desserte Normale
Belgique,161,Blankenberge,Landen,10,Desserte Normale
Belgique,161,Blankenberge,Landen,10,Desserte Normale
Belgique,161,Blankenberge,Landen,10,Desserte Normale
Belgique,161,Blankenberge,Landen,8,Desserte Normale
Belgique,161,Blankenberge,Landen,10,Desserte Normale
Belgique,161,Blankenberge,Landen,10,Desserte Normale
Belgique,161,Blankenberge,Landen,10,Desserte Normale
Belgique,161,Blankenberge,Landen,10,Desserte Normale
Belgique,162,Blankenberge,Louvain,1,Sous-desservi
Belgique,162,Blankenberge,Louvain,1,Sous-desservi
Belgique,162,Blankenberge,Louvain,1,Sous-desservi
Belgique,163,Blankenberge,Bruxelles-Nord,4,Sous-desservi
Belgique,163,Blankenberge,Bruxelles-Nord,8,Desserte Normale
Belgique,163,Blankenberge,Bruxelles-Nord,9,Desserte Normale
Belgique,163,Blankenberge,Bruxelles-Nord,10,Desserte Normale
Belgique,163,Blankenberge,Bruxelles-Nord,8,Desserte Normale
Belgique,163,Blankenberge,Bruxelles-Nord,10,Desserte Normale
Belgique,163,Blankenberge,Bruxelles-Nord,8,Desserte Normale
Belgique,163,Blankenberge,Bruxelles-Nord,10,Desserte Normale
Belgique,163,Blankenberge,Bruxelles-Nord,8,Desserte Normale
Belgique,163,Blankenberge,Bruxelles-Nord,10,Desserte Normale
Belgique,163,Blankenberge,Bruxelles-Nord,10,Desserte Normale
Belgique,163,Blankenberge,Bruxelles-Nord,10,Desserte Normale
Belgique,163,Blankenberge,Bruxelles-Nord,10,Desserte Normale
Belgique,163,Blankenberge,Bruxelles-Nord,10,Desserte Normale
Belgique,163,Blankenberge,Bruxelles-Nord,10,Desserte Normale
Belgique,163,Blankenberge,Bruxelles-Nord,10,Desserte Normale
Belgique,163,Blankenberge,Bruxelles-Nord,8,Desserte Normale
Belgique,163,Blankenberge,Bruxelles-Nord,10,Desserte Normale
Belgique,163,Blankenberge,Bruxelles-Nord,10,Desserte Normale
Belgique,163,Blankenberge,Bruxelles-Nord,10,Desserte Normale
Belgique,163,Blankenberge,Bruxelles-Nord,10,Desserte Normale
Belgique,163,Blankenberge,Bruxelles-Nord,10,Desserte Normale
Belgique,163,Blankenberge,Bruxelles-Nord,10,Desserte Normale
Belgique,163,Blankenberge,Bruxelles-Nord,10,Desserte Normale
Belgique,163,Blankenberge,Bruxelles-Nord,10,Desserte Normale
Belgique,163,Blankenberge,Bruxelles-Nord,10,Desserte Normale
Belgique,163,Blankenberge,Bruxelles-Nord,10,Desserte Normale
Belgique,163,Blankenberge,Bruxelles-Nord,10,Desserte Normale
Belgique,163,Blankenberge,Bruxelles-Nord,10,Desserte Normale
Belgique,163,Blankenberge,Bruxelles-Nord,10,Desserte Normale
Belgique,163,Blankenberge,Bruxelles-Nord,10,Desserte Normale
Belgique,163,Blankenberge,Bruxelles-Nord,10,Desserte Normale
Belgique,163,Blankenberge,Bruxelles-Nord,8,Desserte Normale
Belgique,163,Blankenberge,Bruxelles-Nord,10,Desserte Normale
Belgique,163,Blankenberge,Bruxelles-Nord,10,Desserte Normale
Belgique,163,Blankenberge,Bruxelles-Nord,10,Desserte Normale
Belgique,163,Blankenberge,Bruxelles-Nord,10,Desserte Normale
Belgique,164,Blankenberge,Bruges,14,Desserte Normale
Belgique,164,Blankenberge,Bruges,21,Desserte Normale
Belgique,164,Blankenberge,Bruges,17,Desserte Normale
Belgique,164,Blankenberge,Bruges,22,Desserte Normale
Belgique,164,Blankenberge,Bruges,23,Desserte Normale
Belgique,164,Blankenberge,Bruges,20,Desserte Normale
Belgique,164,Blankenberge,Bruges,20,Desserte Normale
Belgique,164,Blankenberge,Bruges,18,Desserte Normale
Belgique,164,Blankenberge,Bruges,21,Desserte Normale
Belgique,164,Blankenberge,Bruges,18,Desserte Normale
Belgique,164,Blankenberge,Bruges,18,Desserte Normale
Belgique,164,Blankenberge,Bruges,13,Desserte Normale
Belgique,164,Blankenberge,Bruges,18,Desserte Normale
Belgique,164,Blankenberge,Bruges,18,Desserte Normale
Belgique,164,Blankenberge,Bruges,18,Desserte Normale
Belgique,164,Blankenberge,Bruges,18,Desserte Normale
Belgique,164,Blankenberge,Bruges,20,Desserte Normale
Belgique,164,Blankenberge,Bruges,18,Desserte Normale
Belgique,164,Blankenberge,Bruges,18,Desserte Normale
Belgique,164,Blankenberge,Bruges,18,Desserte Normale
Belgique,164,Blankenberge,Bruges,18,Desserte Normale
Belgique,164,Blankenberge,Bruges,18,Desserte Normale
Belgique,164,Blankenberge,Bruges,18,Desserte Normale
Belgique,164,Blankenberge,Bruges,13,Desserte Normale
Belgique,164,Blankenberge,Bruges,18,Desserte Normale
Belgique,164,Blankenberge,Bruges,18,Desserte Normale
Belgique,164,Blankenberge,Bruges,18,Desserte Normale
Belgique,164,Blankenberge,Bruges,18,Desserte Normale
Belgique,164,Blankenberge,Bruges,18,Desserte Normale
Belgique,164,Blankenberge,Bruges,18,Desserte Normale
Belgique,164,Blankenberge,Bruges,18,Desserte Normale
Belgique,164,Blankenberge,Bruges,18,Desserte Normale
Belgique,164,Blankenberge,Bruges,20,Desserte Normale
Belgique,164,Blankenberge,Bruges,18,Desserte Normale
Belgique,164,Blankenberge,Bruges,18,Desserte Normale
Belgique,164,Blankenberge,Bruges,18,Desserte Normale
Belgique,164,Blankenberge,Bruges,14,Desserte Normale
Belgique,165,Blankenberge,Bruxelles-Central,1,Sous-desservi
Belgique,166,Gand-Saint-Pierre,Hasselt,4,Sous-desservi
Belgique,166,Gand-Saint-Pierre,Hasselt,8,Desserte Normale
Belgique,166,Gand-Saint-Pierre,Hasselt,10,Desserte Normale
Belgique,166,Gand-Saint-Pierre,Hasselt,11,Desserte Normale
Belgique,166,Gand-Saint-Pierre,Hasselt,12,Desserte Normale
Belgique,166,Gand-Saint-Pierre,Hasselt,14,Desserte Normale
Belgique,166,Gand-Saint-Pierre,Hasselt,8,Desserte Normale
Belgique,166,Gand-Saint-Pierre,Hasselt,8,Desserte Normale
Belgique,166,Gand-Saint-Pierre,Hasselt,10,Desserte Normale
Belgique,166,Gand-Saint-Pierre,Hasselt,10,Desserte Normale
Belgique,166,Gand-Saint-Pierre,Hasselt,10,Desserte Normale
Belgique,166,Gand-Saint-Pierre,Hasselt,10,Desserte Normale
Belgique,166,Gand-Saint-Pierre,Hasselt,10,Desserte Normale
Belgique,166,Gand-Saint-Pierre,Hasselt,15,Desserte Normale
Belgique,166,Gand-Saint-Pierre,Hasselt,10,Desserte Normale
Belgique,166,Gand-Saint-Pierre,Hasselt,8,Desserte Normale
Belgique,166,Gand-Saint-Pierre,Hasselt,10,Desserte Normale
Belgique,166,Gand-Saint-Pierre,Hasselt,10,Desserte Normale
Belgique,166,Gand-Saint-Pierre,Hasselt,10,Desserte Normale
Belgique,166,Gand-Saint-Pierre,Hasselt,10,Desserte Normale
Belgique,166,Gand-Saint-Pierre,Hasselt,10,Desserte Normale
Belgique,166,Gand-Saint-Pierre,Hasselt,12,Desserte Normale
Belgique,166,Gand-Saint-Pierre,Hasselt,10,Desserte Normale
Belgique,166,Gand-Saint-Pierre,Hasselt,10,Desserte Normale
Belgique,166,Gand-Saint-Pierre,Hasselt,12,Desserte Normale
Belgique,166,Gand-Saint-Pierre,Hasselt,10,Desserte Normale
Belgique,166,Gand-Saint-Pierre,Hasselt,10,Desserte Normale
Belgique,166,Gand-Saint-Pierre,Hasselt,15,Desserte Normale
Belgique,166,Gand-Saint-Pierre,Hasselt,10,Desserte Normale
Belgique,166,Gand-Saint-Pierre,Hasselt,10,Desserte Normale
Belgique,166,Gand-Saint-Pierre,Hasselt,10,Desserte Normale
Belgique,166,Gand-Saint-Pierre,Hasselt,8,Desserte Normale
Belgique,166,Gand-Saint-Pierre,Hasselt,10,Desserte Normale
Belgique,166,Gand-Saint-Pierre,Hasselt,10,Desserte Normale
Belgique,166,Gand-Saint-Pierre,Hasselt,10,Desserte Normale
Belgique,166,Gand-Saint-Pierre,Hasselt,10,Desserte Normale
Belgique,167,Genk,Louvain,1,Sous-desservi
Belgique,167,Genk,Louvain,1,Sous-desservi
Belgique,167,Genk,Louvain,2,Sous-desservi
Belgique,167,Genk,Louvain,1,Sous-desservi
Belgique,167,Genk,Louvain,2,Sous-desservi
Belgique,168,Bruges,Tirlemont,5,Sous-desservi
Belgique,169,Denderleeuw,Grammont,74,Bien desservi
Belgique,169,Denderleeuw,Grammont,143,Bien desservi
Belgique,169,Denderleeuw,Grammont,182,Bien desservi
Belgique,169,Denderleeuw,Grammont,182,Bien desservi
Belgique,169,Denderleeuw,Grammont,147,Bien desservi
Belgique,169,Denderleeuw,Grammont,182,Bien desservi
Belgique,169,Denderleeuw,Grammont,147,Bien desservi
Belgique,169,Denderleeuw,Grammont,182,Bien desservi
Belgique,169,Denderleeuw,Grammont,147,Bien desservi
Belgique,169,Denderleeuw,Grammont,182,Bien desservi
Belgique,169,Denderleeuw,Grammont,182,Bien desservi
Belgique,169,Denderleeuw,Grammont,182,Bien desservi
Belgique,169,Denderleeuw,Grammont,182,Bien desservi
Belgique,169,Denderleeuw,Grammont,182,Bien desservi
Belgique,169,Denderleeuw,Grammont,182,Bien desservi
Belgique,169,Denderleeuw,Grammont,182,Bien desservi
Belgique,169,Denderleeuw,Grammont,147,Bien desservi
Belgique,169,Denderleeuw,Grammont,177,Bien desservi
Belgique,169,Denderleeuw,Grammont,246,Bien desservi
Belgique,169,Denderleeuw,Grammont,243,Bien desservi
Belgique,169,Denderleeuw,Grammont,243,Bien desservi
Belgique,169,Denderleeuw,Grammont,182,Bien desservi
Belgique,169,Denderleeuw,Grammont,182,Bien desservi
Belgique,169,Denderleeuw,Grammont,182,Bien desservi
Belgique,169,Denderleeuw,Grammont,182,Bien desservi
Belgique,169,Denderleeuw,Grammont,182,Bien desservi
Belgique,169,Denderleeuw,Grammont,182,Bien desservi
Belgique,169,Denderleeuw,Grammont,182,Bien desservi
Belgique,169,Denderleeuw,Grammont,182,Bien desservi
Belgique,169,Denderleeuw,Grammont,182,Bien desservi
Belgique,169,Denderleeuw,Grammont,182,Bien desservi
Belgique,169,Denderleeuw,Grammont,182,Bien desservi
Belgique,169,Denderleeuw,Grammont,147,Bien desservi
Belgique,169,Denderleeuw,Grammont,182,Bien desservi
Belgique,169,Denderleeuw,Grammont,182,Bien desservi
Belgique,169,Denderleeuw,Grammont,182,Bien desservi
Belgique,169,Denderleeuw,Grammont,181,Bien desservi
Belgique,17,Arlon,Luxembourg,474,Bien desservi
Belgique,17,Arlon,Luxembourg,897,Bien desservi
Belgique,17,Arlon,Luxembourg,75,Bien desservi
Belgique,17,Arlon,Luxembourg,74,Bien desservi
Belgique,17,Arlon,Luxembourg,232,Bien desservi
Belgique,17,Arlon,Luxembourg,972,Bien desservi
Belgique,17,Arlon,Luxembourg,96,Bien desservi
Belgique,17,Arlon,Luxembourg,286,Bien desservi
Belgique,17,Arlon,Luxembourg,27,Desserte Normale
Belgique,17,Arlon,Luxembourg,28,Desserte Normale
Belgique,17,Arlon,Luxembourg,28,Desserte Normale
Belgique,17,Arlon,Luxembourg,1,Sous-desservi
Belgique,170,Audenarde,Zottegem,6,Sous-desservi
Belgique,170,Audenarde,Zottegem,12,Desserte Normale
Belgique,170,Audenarde,Zottegem,15,Desserte Normale
Belgique,170,Audenarde,Zottegem,13,Desserte Normale
Belgique,170,Audenarde,Zottegem,15,Desserte Normale
Belgique,170,Audenarde,Zottegem,12,Desserte Normale
Belgique,170,Audenarde,Zottegem,15,Desserte Normale
Belgique,170,Audenarde,Zottegem,12,Desserte Normale
Belgique,170,Audenarde,Zottegem,15,Desserte Normale
Belgique,170,Audenarde,Zottegem,10,Desserte Normale
Belgique,170,Audenarde,Zottegem,15,Desserte Normale
Belgique,170,Audenarde,Zottegem,15,Desserte Normale
Belgique,170,Audenarde,Zottegem,15,Desserte Normale
Belgique,170,Audenarde,Zottegem,10,Desserte Normale
Belgique,170,Audenarde,Zottegem,15,Desserte Normale
Belgique,170,Audenarde,Zottegem,12,Desserte Normale
Belgique,170,Audenarde,Zottegem,15,Desserte Normale
Belgique,170,Audenarde,Zottegem,15,Desserte Normale
Belgique,170,Audenarde,Zottegem,15,Desserte Normale
Belgique,170,Audenarde,Zottegem,15,Desserte Normale
Belgique,170,Audenarde,Zottegem,15,Desserte Normale
Belgique,170,Audenarde,Zottegem,10,Desserte Normale
Belgique,170,Audenarde,Zottegem,15,Desserte Normale
Belgique,170,Audenarde,Zottegem,15,Desserte Normale
Belgique,170,Audenarde,Zottegem,15,Desserte Normale
Belgique,170,Audenarde,Zottegem,15,Desserte Normale
Belgique,170,Audenarde,Zottegem,15,Desserte Normale
Belgique,170,Audenarde,Zottegem,15,Desserte Normale
Belgique,170,Audenarde,Zottegem,15,Desserte Normale
Belgique,170,Audenarde,Zottegem,15,Desserte Normale
Belgique,170,Audenarde,Zottegem,15,Desserte Normale
Belgique,170,Audenarde,Zottegem,12,Desserte Normale
Belgique,170,Audenarde,Zottegem,15,Desserte Normale
Belgique,170,Audenarde,Zottegem,15,Desserte Normale
Belgique,170,Audenarde,Zottegem,15,Desserte Normale
Belgique,170,Audenarde,Zottegem,15,Desserte Normale
Belgique,171,Audenarde,Burst,15,Desserte Normale
Belgique,172,Courtrai,Zottegem,62,Bien desservi
Belgique,172,Courtrai,Zottegem,125,Bien desservi
Belgique,172,Courtrai,Zottegem,155,Bien desservi
Belgique,172,Courtrai,Zottegem,124,Bien desservi
Belgique,172,Courtrai,Zottegem,155,Bien desservi
Belgique,172,Courtrai,Zottegem,124,Bien desservi
Belgique,172,Courtrai,Zottegem,155,Bien desservi
Belgique,172,Courtrai,Zottegem,124,Bien desservi
Belgique,172,Courtrai,Zottegem,155,Bien desservi
Belgique,172,Courtrai,Zottegem,155,Bien desservi
Belgique,172,Courtrai,Zottegem,155,Bien desservi
Belgique,172,Courtrai,Zottegem,155,Bien desservi
Belgique,172,Courtrai,Zottegem,155,Bien desservi
Belgique,172,Courtrai,Zottegem,155,Bien desservi
Belgique,172,Courtrai,Zottegem,155,Bien desservi
Belgique,172,Courtrai,Zottegem,124,Bien desservi
Belgique,172,Courtrai,Zottegem,155,Bien desservi
Belgique,172,Courtrai,Zottegem,155,Bien desservi
Belgique,172,Courtrai,Zottegem,155,Bien desservi
Belgique,172,Courtrai,Zottegem,155,Bien desservi
Belgique,172,Courtrai,Zottegem,155,Bien desservi
Belgique,172,Courtrai,Zottegem,155,Bien desservi
Belgique,172,Courtrai,Zottegem,155,Bien desservi
Belgique,172,Courtrai,Zottegem,155,Bien desservi
Belgique,172,Courtrai,Zottegem,155,Bien desservi
Belgique,172,Courtrai,Zottegem,155,Bien desservi
Belgique,172,Courtrai,Zottegem,155,Bien desservi
Belgique,172,Courtrai,Zottegem,155,Bien desservi
Belgique,172,Courtrai,Zottegem,155,Bien desservi
Belgique,172,Courtrai,Zottegem,155,Bien desservi
Belgique,172,Courtrai,Zottegem,155,Bien desservi
Belgique,172,Courtrai,Zottegem,124,Bien desservi
Belgique,172,Courtrai,Zottegem,155,Bien desservi
Belgique,172,Courtrai,Zottegem,155,Bien desservi
Belgique,172,Courtrai,Zottegem,155,Bien desservi
Belgique,172,Courtrai,Zottegem,155,Bien desservi
Belgique,173,Burst,Courtrai,155,Bien desservi
Belgique,174,Audenarde,Courtrai,4,Sous-desservi
Belgique,174,Audenarde,Courtrai,8,Desserte Normale
Belgique,174,Audenarde,Courtrai,10,Desserte Normale
Belgique,174,Audenarde,Courtrai,10,Desserte Normale
Belgique,174,Audenarde,Courtrai,8,Desserte Normale
Belgique,174,Audenarde,Courtrai,10,Desserte Normale
Belgique,174,Audenarde,Courtrai,8,Desserte Normale
Belgique,174,Audenarde,Courtrai,10,Desserte Normale
Belgique,174,Audenarde,Courtrai,8,Desserte Normale
Belgique,174,Audenarde,Courtrai,10,Desserte Normale
Belgique,174,Audenarde,Courtrai,10,Desserte Normale
Belgique,174,Audenarde,Courtrai,10,Desserte Normale
Belgique,174,Audenarde,Courtrai,10,Desserte Normale
Belgique,174,Audenarde,Courtrai,10,Desserte Normale
Belgique,174,Audenarde,Courtrai,10,Desserte Normale
Belgique,174,Audenarde,Courtrai,10,Desserte Normale
Belgique,174,Audenarde,Courtrai,8,Desserte Normale
Belgique,174,Audenarde,Courtrai,10,Desserte Normale
Belgique,174,Audenarde,Courtrai,10,Desserte Normale
Belgique,174,Audenarde,Courtrai,10,Desserte Normale
Belgique,174,Audenarde,Courtrai,10,Desserte Normale
Belgique,174,Audenarde,Courtrai,10,Desserte Normale
Belgique,174,Audenarde,Courtrai,10,Desserte Normale
Belgique,174,Audenarde,Courtrai,10,Desserte Normale
Belgique,174,Audenarde,Courtrai,10,Desserte Normale
Belgique,174,Audenarde,Courtrai,10,Desserte Normale
Belgique,174,Audenarde,Courtrai,10,Desserte Normale
Belgique,174,Audenarde,Courtrai,10,Desserte Normale
Belgique,174,Audenarde,Courtrai,10,Desserte Normale
Belgique,174,Audenarde,Courtrai,10,Desserte Normale
Belgique,174,Audenarde,Courtrai,10,Desserte Normale
Belgique,174,Audenarde,Courtrai,10,Desserte Normale
Belgique,174,Audenarde,Courtrai,8,Desserte Normale
Belgique,174,Audenarde,Courtrai,10,Desserte Normale
Belgique,174,Audenarde,Courtrai,10,Desserte Normale
Belgique,174,Audenarde,Courtrai,10,Desserte Normale
Belgique,174,Audenarde,Courtrai,10,Desserte Normale
Belgique,175,Liège-Guillemins,Maastricht,10,Desserte Normale
Belgique,175,Liège-Guillemins,Maastricht,50,Desserte Normale
Belgique,175,Liège-Guillemins,Maastricht,19,Desserte Normale
Belgique,175,Liège-Guillemins,Maastricht,19,Desserte Normale
Belgique,175,Liège-Guillemins,Maastricht,19,Desserte Normale
Belgique,175,Liège-Guillemins,Maastricht,19,Desserte Normale
Belgique,175,Liège-Guillemins,Maastricht,18,Desserte Normale
Belgique,175,Liège-Guillemins,Maastricht,19,Desserte Normale
Belgique,175,Liège-Guillemins,Maastricht,28,Desserte Normale
Belgique,175,Liège-Guillemins,Maastricht,15,Desserte Normale
Belgique,175,Liège-Guillemins,Maastricht,17,Desserte Normale
Belgique,175,Liège-Guillemins,Maastricht,15,Desserte Normale
Belgique,175,Liège-Guillemins,Maastricht,15,Desserte Normale
Belgique,175,Liège-Guillemins,Maastricht,19,Desserte Normale
Belgique,175,Liège-Guillemins,Maastricht,19,Desserte Normale
Belgique,175,Liège-Guillemins,Maastricht,19,Desserte Normale
Belgique,175,Liège-Guillemins,Maastricht,18,Desserte Normale
Belgique,175,Liège-Guillemins,Maastricht,19,Desserte Normale
Belgique,175,Liège-Guillemins,Maastricht,19,Desserte Normale
Belgique,175,Liège-Guillemins,Maastricht,19,Desserte Normale
Belgique,175,Liège-Guillemins,Maastricht,19,Desserte Normale
Belgique,175,Liège-Guillemins,Maastricht,19,Desserte Normale
Belgique,175,Liège-Guillemins,Maastricht,19,Desserte Normale
Belgique,175,Liège-Guillemins,Maastricht,19,Desserte Normale
Belgique,175,Liège-Guillemins,Maastricht,19,Desserte Normale
Belgique,175,Liège-Guillemins,Maastricht,19,Desserte Normale
Belgique,175,Liège-Guillemins,Maastricht,19,Desserte Normale
Belgique,175,Liège-Guillemins,Maastricht,19,Desserte Normale
Belgique,175,Liège-Guillemins,Maastricht,19,Desserte Normale
Belgique,175,Liège-Guillemins,Maastricht,19,Desserte Normale
Belgique,175,Liège-Guillemins,Maastricht,19,Desserte Normale
Belgique,175,Liège-Guillemins,Maastricht,19,Desserte Normale
Belgique,175,Liège-Guillemins,Maastricht,18,Desserte Normale
Belgique,175,Liège-Guillemins,Maastricht,19,Desserte Normale
Belgique,175,Liège-Guillemins,Maastricht,19,Desserte Normale
Belgique,175,Liège-Guillemins,Maastricht,19,Desserte Normale
Belgique,175,Liège-Guillemins,Maastricht,17,Desserte Normale
Belgique,176,Mons,Tongres,4,Sous-desservi
Belgique,176,Mons,Tongres,8,Desserte Normale
Belgique,176,Mons,Tongres,20,Desserte Normale
Belgique,176,Mons,Tongres,8,Desserte Normale
Belgique,176,Mons,Tongres,10,Desserte Normale
Belgique,176,Mons,Tongres,8,Desserte Normale
Belgique,176,Mons,Tongres,11,Desserte Normale
Belgique,176,Mons,Tongres,10,Desserte Normale
Belgique,176,Mons,Tongres,10,Desserte Normale
Belgique,176,Mons,Tongres,10,Desserte Normale
Belgique,176,Mons,Tongres,10,Desserte Normale
Belgique,176,Mons,Tongres,10,Desserte Normale
Belgique,176,Mons,Tongres,10,Desserte Normale
Belgique,176,Mons,Tongres,8,Desserte Normale
Belgique,176,Mons,Tongres,10,Desserte Normale
Belgique,176,Mons,Tongres,10,Desserte Normale
Belgique,176,Mons,Tongres,10,Desserte Normale
Belgique,176,Mons,Tongres,10,Desserte Normale
Belgique,176,Mons,Tongres,6,Sous-desservi
Belgique,176,Mons,Tongres,10,Desserte Normale
Belgique,176,Mons,Tongres,10,Desserte Normale
Belgique,176,Mons,Tongres,10,Desserte Normale
Belgique,176,Mons,Tongres,10,Desserte Normale
Belgique,176,Mons,Tongres,10,Desserte Normale
Belgique,176,Mons,Tongres,10,Desserte Normale
Belgique,176,Mons,Tongres,10,Desserte Normale
Belgique,176,Mons,Tongres,10,Desserte Normale
Belgique,176,Mons,Tongres,8,Desserte Normale
Belgique,176,Mons,Tongres,10,Desserte Normale
Belgique,176,Mons,Tongres,10,Desserte Normale
Belgique,176,Mons,Tongres,10,Desserte Normale
Belgique,176,Mons,Tongres,10,Desserte Normale
Belgique,177,Diest,Mons,12,Desserte Normale
Belgique,177,Diest,Mons,10,Desserte Normale
Belgique,177,Diest,Mons,15,Desserte Normale
Belgique,178,Louvain,Mons,10,Desserte Normale
Belgique,178,Louvain,Mons,10,Desserte Normale
Belgique,179,Diest,Quiévrain,1,Sous-desservi
Belgique,179,Diest,Quiévrain,118,Bien desservi
Belgique,179,Diest,Quiévrain,153,Bien desservi
Belgique,179,Diest,Quiévrain,151,Bien desservi
Belgique,179,Diest,Quiévrain,4,Sous-desservi
Belgique,179,Diest,Quiévrain,1,Sous-desservi
Belgique,179,Diest,Quiévrain,4,Sous-desservi
Belgique,18,Courtrai,Poperinge,1,Sous-desservi
Belgique,18,Courtrai,Poperinge,1,Sous-desservi
Belgique,18,Courtrai,Poperinge,1,Sous-desservi
Belgique,18,Courtrai,Poperinge,2,Sous-desservi
Belgique,18,Courtrai,Poperinge,5,Sous-desservi
Belgique,18,Courtrai,Poperinge,70,Bien desservi
Belgique,18,Courtrai,Poperinge,70,Bien desservi
Belgique,180,Quiévrain,Tongres,56,Desserte Normale
Belgique,180,Quiévrain,Tongres,112,Bien desservi
Belgique,180,Quiévrain,Tongres,140,Bien desservi
Belgique,180,Quiévrain,Tongres,112,Bien desservi
Belgique,180,Quiévrain,Tongres,140,Bien desservi
Belgique,180,Quiévrain,Tongres,112,Bien desservi
Belgique,180,Quiévrain,Tongres,139,Bien desservi
Belgique,180,Quiévrain,Tongres,140,Bien desservi
Belgique,180,Quiévrain,Tongres,140,Bien desservi
Belgique,180,Quiévrain,Tongres,140,Bien desservi
Belgique,180,Quiévrain,Tongres,140,Bien desservi
Belgique,180,Quiévrain,Tongres,140,Bien desservi
Belgique,180,Quiévrain,Tongres,140,Bien desservi
Belgique,180,Quiévrain,Tongres,112,Bien desservi
Belgique,180,Quiévrain,Tongres,140,Bien desservi
Belgique,180,Quiévrain,Tongres,140,Bien desservi
Belgique,180,Quiévrain,Tongres,140,Bien desservi
Belgique,180,Quiévrain,Tongres,140,Bien desservi
Belgique,180,Quiévrain,Tongres,140,Bien desservi
Belgique,180,Quiévrain,Tongres,140,Bien desservi
Belgique,180,Quiévrain,Tongres,140,Bien desservi
Belgique,180,Quiévrain,Tongres,140,Bien desservi
Belgique,180,Quiévrain,Tongres,140,Bien desservi
Belgique,180,Quiévrain,Tongres,140,Bien desservi
Belgique,180,Quiévrain,Tongres,140,Bien desservi
Belgique,180,Quiévrain,Tongres,140,Bien desservi
Belgique,180,Quiévrain,Tongres,140,Bien desservi
Belgique,180,Quiévrain,Tongres,112,Bien desservi
Belgique,180,Quiévrain,Tongres,140,Bien desservi
Belgique,180,Quiévrain,Tongres,140,Bien desservi
Belgique,180,Quiévrain,Tongres,140,Bien desservi
Belgique,180,Quiévrain,Tongres,140,Bien desservi
Belgique,181,Louvain,Quiévrain,155,Bien desservi
Belgique,181,Louvain,Quiévrain,155,Bien desservi
Belgique,182,Hasselt,Quiévrain,5,Sous-desservi
Belgique,182,Hasselt,Quiévrain,1,Sous-desservi
Belgique,182,Hasselt,Quiévrain,2,Sous-desservi
Belgique,182,Hasselt,Quiévrain,8,Desserte Normale
Belgique,182,Hasselt,Quiévrain,14,Desserte Normale
Belgique,182,Hasselt,Quiévrain,8,Desserte Normale
Belgique,182,Hasselt,Quiévrain,15,Desserte Normale
Belgique,182,Hasselt,Quiévrain,12,Desserte Normale
Belgique,182,Hasselt,Quiévrain,15,Desserte Normale
Belgique,182,Hasselt,Quiévrain,15,Desserte Normale
Belgique,182,Hasselt,Quiévrain,15,Desserte Normale
Belgique,182,Hasselt,Quiévrain,15,Desserte Normale
Belgique,182,Hasselt,Quiévrain,15,Desserte Normale
Belgique,182,Hasselt,Quiévrain,15,Desserte Normale
Belgique,182,Hasselt,Quiévrain,15,Desserte Normale
Belgique,182,Hasselt,Quiévrain,12,Desserte Normale
Belgique,182,Hasselt,Quiévrain,15,Desserte Normale
Belgique,182,Hasselt,Quiévrain,15,Desserte Normale
Belgique,182,Hasselt,Quiévrain,15,Desserte Normale
Belgique,182,Hasselt,Quiévrain,15,Desserte Normale
Belgique,182,Hasselt,Quiévrain,15,Desserte Normale
Belgique,182,Hasselt,Quiévrain,15,Desserte Normale
Belgique,182,Hasselt,Quiévrain,15,Desserte Normale
Belgique,182,Hasselt,Quiévrain,15,Desserte Normale
Belgique,182,Hasselt,Quiévrain,15,Desserte Normale
Belgique,182,Hasselt,Quiévrain,15,Desserte Normale
Belgique,182,Hasselt,Quiévrain,15,Desserte Normale
Belgique,182,Hasselt,Quiévrain,15,Desserte Normale
Belgique,182,Hasselt,Quiévrain,15,Desserte Normale
Belgique,182,Hasselt,Quiévrain,12,Desserte Normale
Belgique,182,Hasselt,Quiévrain,15,Desserte Normale
Belgique,182,Hasselt,Quiévrain,15,Desserte Normale
Belgique,182,Hasselt,Quiévrain,15,Desserte Normale
Belgique,182,Hasselt,Quiévrain,15,Desserte Normale
Belgique,183,Quiévrain,Schulen,5,Sous-desservi
Belgique,183,Quiévrain,Schulen,2,Sous-desservi
Belgique,183,Quiévrain,Schulen,2,Sous-desservi
Belgique,184,Hamont,Mol,3,Sous-desservi
Belgique,184,Hamont,Mol,2,Sous-desservi
Belgique,184,Hamont,Mol,1,Sous-desservi
Belgique,184,Hamont,Mol,2,Sous-desservi
Belgique,184,Hamont,Mol,66,Bien desservi
Belgique,184,Hamont,Mol,66,Bien desservi
Belgique,184,Hamont,Mol,66,Bien desservi
Belgique,184,Hamont,Mol,66,Bien desservi
Belgique,184,Hamont,Mol,66,Bien desservi
Belgique,184,Hamont,Mol,67,Bien desservi
Belgique,184,Hamont,Mol,1,Sous-desservi
Belgique,185,Courtrai,Mouscron,5,Sous-desservi
Belgique,185,Courtrai,Mouscron,12,Desserte Normale
Belgique,185,Courtrai,Mouscron,13,Desserte Normale
Belgique,185,Courtrai,Mouscron,4,Sous-desservi
Belgique,186,Bruges,Gand-Saint-Pierre,1,Sous-desservi
Belgique,187,Hasselt,Tongres,2,Sous-desservi
Belgique,187,Hasselt,Tongres,1,Sous-desservi
Belgique,187,Hasselt,Tongres,1,Sous-desservi
Belgique,187,Hasselt,Tongres,2,Sous-desservi
Belgique,187,Hasselt,Tongres,2,Sous-desservi
Belgique,187,Hasselt,Tongres,1,Sous-desservi
Belgique,188,Ciney,Jambes-Est,1,Sous-desservi
Belgique,189,Mons,Soignies,1,Sous-desservi
Belgique,19,Courtrai,Zottegem,1,Sous-desservi
Belgique,19,Courtrai,Zottegem,162,Bien desservi
Belgique,19,Courtrai,Zottegem,181,Bien desservi
Belgique,19,Courtrai,Zottegem,11,Desserte Normale
Belgique,19,Courtrai,Zottegem,1,Sous-desservi
Belgique,190,Bruxelles-Nord,Ostende,2,Sous-desservi
Belgique,191,Bruges,Knokke,1,Sous-desservi
Belgique,191,Bruges,Knokke,2,Sous-desservi
Belgique,191,Bruges,Knokke,1,Sous-desservi
Belgique,192,Hasselt,Tongres,1,Sous-desservi
Belgique,193,Bruxelles-Nord,Ostende,18,Desserte Normale
Belgique,193,Bruxelles-Nord,Ostende,2,Sous-desservi
Belgique,193,Bruxelles-Nord,Ostende,37,Desserte Normale
Belgique,193,Bruxelles-Nord,Ostende,18,Desserte Normale
Belgique,194,Genk,Hasselt,1,Sous-desservi
Belgique,194,Genk,Hasselt,1,Sous-desservi
Belgique,194,Genk,Hasselt,3,Sous-desservi
Belgique,195,Hamont,Mol,1,Sous-desservi
Belgique,196,Anvers-Central,Ekeren,1,Sous-desservi
Belgique,197,Arlon,Namur,5,Sous-desservi
Belgique,197,Arlon,Namur,8,Desserte Normale
Belgique,197,Arlon,Namur,9,Desserte Normale
Belgique,197,Arlon,Namur,10,Desserte Normale
Belgique,198,Liège-Guillemins,Liège-Saint-Lambert,2,Sous-desservi
Belgique,198,Liège-Guillemins,Liège-Saint-Lambert,1,Sous-desservi
Belgique,198,Liège-Guillemins,Liège-Saint-Lambert,1,Sous-desservi
Belgique,198,Liège-Guillemins,Liège-Saint-Lambert,1,Sous-desservi
Belgique,198,Liège-Guillemins,Liège-Saint-Lambert,1,Sous-desservi
Belgique,199,Bruxelles-Midi,Charleroi-Central,1,Sous-desservi
Belgique,199,Bruxelles-Midi,Charleroi-Central,1,Sous-desservi
Belgique,2,Bruxelles-Midi,Tournai,2,Sous-desservi
Belgique,2,Bruxelles-Midi,Tournai,1,Sous-desservi
Belgique,2,Bruxelles-Midi,Tournai,72,Bien desservi
Belgique,20,Burst,Courtrai,12,Desserte Normale
Belgique,20,Burst,Courtrai,12,Desserte Normale
Belgique,20,Burst,Courtrai,18,Desserte Normale
Belgique,200,Anvers-Central,Kontich-Lint,11,Desserte Normale
Belgique,201,Alost,Lede,2,Sous-desservi
Belgique,202,Bruxelles-Midi,Ostende,1,Sous-desservi
Belgique,203,Bruxelles-Nord,Louvain,1,Sous-desservi
Belgique,204,Bruxelles-Nord,Termonde,1,Sous-desservi
Belgique,205,Gand-Saint-Pierre,Ostende,2,Sous-desservi
Belgique,206,Liège-Guillemins,Louvain,2,Sous-desservi
Belgique,207,Mons,Quévy,1,Sous-desservi
Belgique,207,Mons,Quévy,1,Sous-desservi
Belgique,208,Herent,Louvain,2,Sous-desservi
Belgique,209,Bruxelles-Nord,Herent,1,Sous-desservi
Belgique,21,Menin,Poperinge,72,Bien desservi
Belgique,21,Menin,Poperinge,72,Bien desservi
Belgique,21,Menin,Poperinge,36,Desserte Normale
Belgique,21,Menin,Poperinge,72,Bien desservi
Belgique,21,Menin,Poperinge,46,Desserte Normale
Belgique,210,Quiévrain,Saint-Ghislain,1,Sous-desservi
Belgique,210,Quiévrain,Saint-Ghislain,21,Desserte Normale
Belgique,210,Quiévrain,Saint-Ghislain,1,Sous-desservi
Belgique,211,Arlon,Rochefort-Jemelle,4,Sous-desservi
Belgique,211,Arlon,Rochefort-Jemelle,4,Sous-desservi
Belgique,211,Arlon,Rochefort-Jemelle,4,Sous-desservi
Belgique,211,Arlon,Rochefort-Jemelle,4,Sous-desservi
Belgique,211,Arlon,Rochefort-Jemelle,4,Sous-desservi
Belgique,211,Arlon,Rochefort-Jemelle,3,Sous-desservi
Belgique,211,Arlon,Rochefort-Jemelle,26,Desserte Normale
Belgique,211,Arlon,Rochefort-Jemelle,28,Desserte Normale
Belgique,211,Arlon,Rochefort-Jemelle,5,Sous-desservi
Belgique,211,Arlon,Rochefort-Jemelle,4,Sous-desservi
Belgique,211,Arlon,Rochefort-Jemelle,4,Sous-desservi
Belgique,211,Arlon,Rochefort-Jemelle,4,Sous-desservi
Belgique,211,Arlon,Rochefort-Jemelle,4,Sous-desservi
Belgique,211,Arlon,Rochefort-Jemelle,4,Sous-desservi
Belgique,211,Arlon,Rochefort-Jemelle,4,Sous-desservi
Belgique,211,Arlon,Rochefort-Jemelle,4,Sous-desservi
Belgique,211,Arlon,Rochefort-Jemelle,4,Sous-desservi
Belgique,211,Arlon,Rochefort-Jemelle,4,Sous-desservi
Belgique,211,Arlon,Rochefort-Jemelle,4,Sous-desservi
Belgique,211,Arlon,Rochefort-Jemelle,4,Sous-desservi
Belgique,211,Arlon,Rochefort-Jemelle,4,Sous-desservi
Belgique,211,Arlon,Rochefort-Jemelle,4,Sous-desservi
Belgique,211,Arlon,Rochefort-Jemelle,4,Sous-desservi
Belgique,211,Arlon,Rochefort-Jemelle,4,Sous-desservi
Belgique,211,Arlon,Rochefort-Jemelle,4,Sous-desservi
Belgique,211,Arlon,Rochefort-Jemelle,4,Sous-desservi
Belgique,211,Arlon,Rochefort-Jemelle,4,Sous-desservi
Belgique,211,Arlon,Rochefort-Jemelle,4,Sous-desservi
Belgique,211,Arlon,Rochefort-Jemelle,4,Sous-desservi
Belgique,211,Arlon,Rochefort-Jemelle,4,Sous-desservi
Belgique,211,Arlon,Rochefort-Jemelle,4,Sous-desservi
Belgique,211,Arlon,Rochefort-Jemelle,4,Sous-desservi
Belgique,211,Arlon,Rochefort-Jemelle,4,Sous-desservi
Belgique,211,Arlon,Rochefort-Jemelle,4,Sous-desservi
Belgique,211,Arlon,Rochefort-Jemelle,4,Sous-desservi
Belgique,211,Arlon,Rochefort-Jemelle,4,Sous-desservi
Belgique,211,Arlon,Rochefort-Jemelle,2,Sous-desservi
Belgique,212,Bruxelles-Midi,Malines,2,Sous-desservi
Belgique,213,La Louvière-Centre,La Louvière-Sud,1,Sous-desservi
Belgique,213,La Louvière-Centre,La Louvière-Sud,1,Sous-desservi
Belgique,213,La Louvière-Centre,La Louvière-Sud,2,Sous-desservi
Belgique,214,Landen,Louvain,1,Sous-desservi
Belgique,215,Ciney,Marloie,1,Sous-desservi
Belgique,216,Binche,Bruxelles-Nord,1,Sous-desservi
Belgique,217,Malines,Zeebrugge-Dorp,52,Desserte Normale
Belgique,217,Malines,Zeebrugge-Dorp,105,Bien desservi
Belgique,217,Malines,Zeebrugge-Dorp,130,Bien desservi
Belgique,217,Malines,Zeebrugge-Dorp,130,Bien desservi
Belgique,217,Malines,Zeebrugge-Dorp,104,Bien desservi
Belgique,217,Malines,Zeebrugge-Dorp,130,Bien desservi
Belgique,217,Malines,Zeebrugge-Dorp,104,Bien desservi
Belgique,217,Malines,Zeebrugge-Dorp,130,Bien desservi
Belgique,217,Malines,Zeebrugge-Dorp,102,Bien desservi
Belgique,217,Malines,Zeebrugge-Dorp,130,Bien desservi
Belgique,217,Malines,Zeebrugge-Dorp,130,Bien desservi
Belgique,217,Malines,Zeebrugge-Dorp,130,Bien desservi
Belgique,217,Malines,Zeebrugge-Dorp,130,Bien desservi
Belgique,217,Malines,Zeebrugge-Dorp,130,Bien desservi
Belgique,217,Malines,Zeebrugge-Dorp,130,Bien desservi
Belgique,217,Malines,Zeebrugge-Dorp,130,Bien desservi
Belgique,217,Malines,Zeebrugge-Dorp,130,Bien desservi
Belgique,217,Malines,Zeebrugge-Dorp,130,Bien desservi
Belgique,217,Malines,Zeebrugge-Dorp,130,Bien desservi
Belgique,217,Malines,Zeebrugge-Dorp,130,Bien desservi
Belgique,217,Malines,Zeebrugge-Dorp,130,Bien desservi
Belgique,217,Malines,Zeebrugge-Dorp,130,Bien desservi
Belgique,217,Malines,Zeebrugge-Dorp,130,Bien desservi
Belgique,217,Malines,Zeebrugge-Dorp,104,Bien desservi
Belgique,217,Malines,Zeebrugge-Dorp,130,Bien desservi
Belgique,217,Malines,Zeebrugge-Dorp,130,Bien desservi
Belgique,217,Malines,Zeebrugge-Dorp,130,Bien desservi
Belgique,217,Malines,Zeebrugge-Dorp,130,Bien desservi
Belgique,218,Lokeren,Termonde,1,Sous-desservi
Belgique,219,La Louvière-Sud,Manage,2,Sous-desservi
Belgique,22,Courtrai,Ostende,28,Desserte Normale
Belgique,22,Courtrai,Ostende,53,Desserte Normale
Belgique,22,Courtrai,Ostende,55,Desserte Normale
Belgique,22,Courtrai,Ostende,61,Bien desservi
Belgique,22,Courtrai,Ostende,53,Desserte Normale
Belgique,22,Courtrai,Ostende,61,Bien desservi
Belgique,22,Courtrai,Ostende,114,Bien desservi
Belgique,22,Courtrai,Ostende,56,Desserte Normale
Belgique,22,Courtrai,Ostende,44,Desserte Normale
Belgique,22,Courtrai,Ostende,55,Desserte Normale
Belgique,22,Courtrai,Ostende,57,Bien desservi
Belgique,22,Courtrai,Ostende,61,Bien desservi
Belgique,22,Courtrai,Ostende,57,Bien desservi
Belgique,22,Courtrai,Ostende,61,Bien desservi
Belgique,22,Courtrai,Ostende,61,Bien desservi
Belgique,22,Courtrai,Ostende,61,Bien desservi
Belgique,22,Courtrai,Ostende,53,Desserte Normale
Belgique,22,Courtrai,Ostende,61,Bien desservi
Belgique,22,Courtrai,Ostende,61,Bien desservi
Belgique,22,Courtrai,Ostende,61,Bien desservi
Belgique,22,Courtrai,Ostende,61,Bien desservi
Belgique,22,Courtrai,Ostende,61,Bien desservi
Belgique,22,Courtrai,Ostende,61,Bien desservi
Belgique,22,Courtrai,Ostende,61,Bien desservi
Belgique,22,Courtrai,Ostende,61,Bien desservi
Belgique,22,Courtrai,Ostende,61,Bien desservi
Belgique,22,Courtrai,Ostende,61,Bien desservi
Belgique,22,Courtrai,Ostende,61,Bien desservi
Belgique,22,Courtrai,Ostende,61,Bien desservi
Belgique,22,Courtrai,Ostende,61,Bien desservi
Belgique,22,Courtrai,Ostende,61,Bien desservi
Belgique,22,Courtrai,Ostende,61,Bien desservi
Belgique,22,Courtrai,Ostende,53,Desserte Normale
Belgique,22,Courtrai,Ostende,61,Bien desservi
Belgique,22,Courtrai,Ostende,61,Bien desservi
Belgique,22,Courtrai,Ostende,61,Bien desservi
Belgique,22,Courtrai,Ostende,58,Bien desservi
Belgique,220,Eeklo,Gand-Saint-Pierre,1,Sous-desservi
Belgique,220,Eeklo,Gand-Saint-Pierre,1,Sous-desservi
Belgique,220,Eeklo,Gand-Saint-Pierre,1,Sous-desservi
Belgique,220,Eeklo,Gand-Saint-Pierre,2,Sous-desservi
Belgique,221,Genk,Schulen,7,Desserte Normale
Belgique,222,Anvers-Central,Louvain,143,Bien desservi
Belgique,222,Anvers-Central,Louvain,213,Bien desservi
Belgique,222,Anvers-Central,Louvain,238,Bien desservi
Belgique,222,Anvers-Central,Louvain,239,Bien desservi
Belgique,222,Anvers-Central,Louvain,245,Bien desservi
Belgique,222,Anvers-Central,Louvain,238,Bien desservi
Belgique,222,Anvers-Central,Louvain,137,Bien desservi
Belgique,222,Anvers-Central,Louvain,166,Bien desservi
Belgique,222,Anvers-Central,Louvain,137,Bien desservi
Belgique,222,Anvers-Central,Louvain,234,Bien desservi
Belgique,222,Anvers-Central,Louvain,238,Bien desservi
Belgique,222,Anvers-Central,Louvain,238,Bien desservi
Belgique,222,Anvers-Central,Louvain,238,Bien desservi
Belgique,222,Anvers-Central,Louvain,238,Bien desservi
Belgique,222,Anvers-Central,Louvain,238,Bien desservi
Belgique,222,Anvers-Central,Louvain,238,Bien desservi
Belgique,222,Anvers-Central,Louvain,245,Bien desservi
Belgique,222,Anvers-Central,Louvain,238,Bien desservi
Belgique,222,Anvers-Central,Louvain,236,Bien desservi
Belgique,222,Anvers-Central,Louvain,166,Bien desservi
Belgique,222,Anvers-Central,Louvain,238,Bien desservi
Belgique,222,Anvers-Central,Louvain,236,Bien desservi
Belgique,222,Anvers-Central,Louvain,236,Bien desservi
Belgique,222,Anvers-Central,Louvain,266,Bien desservi
Belgique,222,Anvers-Central,Louvain,190,Bien desservi
Belgique,222,Anvers-Central,Louvain,166,Bien desservi
Belgique,222,Anvers-Central,Louvain,160,Bien desservi
Belgique,222,Anvers-Central,Louvain,236,Bien desservi
Belgique,222,Anvers-Central,Louvain,236,Bien desservi
Belgique,222,Anvers-Central,Louvain,236,Bien desservi
Belgique,222,Anvers-Central,Louvain,238,Bien desservi
Belgique,222,Anvers-Central,Louvain,238,Bien desservi
Belgique,222,Anvers-Central,Louvain,241,Bien desservi
Belgique,222,Anvers-Central,Louvain,238,Bien desservi
Belgique,222,Anvers-Central,Louvain,238,Bien desservi
Belgique,222,Anvers-Central,Louvain,238,Bien desservi
Belgique,222,Anvers-Central,Louvain,199,Bien desservi
Belgique,223,Malines,Termonde,4,Sous-desservi
Belgique,223,Malines,Termonde,7,Desserte Normale
Belgique,223,Malines,Termonde,8,Desserte Normale
Belgique,223,Malines,Termonde,7,Desserte Normale
Belgique,223,Malines,Termonde,4,Sous-desservi
Belgique,223,Malines,Termonde,2,Sous-desservi
Belgique,223,Malines,Termonde,7,Desserte Normale
Belgique,223,Malines,Termonde,6,Sous-desservi
Belgique,223,Malines,Termonde,4,Sous-desservi
Belgique,223,Malines,Termonde,2,Sous-desservi
Belgique,223,Malines,Termonde,7,Desserte Normale
Belgique,223,Malines,Termonde,5,Sous-desservi
Belgique,223,Malines,Termonde,5,Sous-desservi
Belgique,223,Malines,Termonde,5,Sous-desservi
Belgique,223,Malines,Termonde,7,Desserte Normale
Belgique,223,Malines,Termonde,7,Desserte Normale
Belgique,223,Malines,Termonde,7,Desserte Normale
Belgique,223,Malines,Termonde,7,Desserte Normale
Belgique,223,Malines,Termonde,7,Desserte Normale
Belgique,223,Malines,Termonde,2,Sous-desservi
Belgique,223,Malines,Termonde,7,Desserte Normale
Belgique,223,Malines,Termonde,7,Desserte Normale
Belgique,223,Malines,Termonde,7,Desserte Normale
Belgique,223,Malines,Termonde,7,Desserte Normale
Belgique,223,Malines,Termonde,7,Desserte Normale
Belgique,223,Malines,Termonde,7,Desserte Normale
Belgique,223,Malines,Termonde,7,Desserte Normale
Belgique,223,Malines,Termonde,7,Desserte Normale
Belgique,223,Malines,Termonde,7,Desserte Normale
Belgique,223,Malines,Termonde,7,Desserte Normale
Belgique,223,Malines,Termonde,7,Desserte Normale
Belgique,223,Malines,Termonde,7,Desserte Normale
Belgique,223,Malines,Termonde,7,Desserte Normale
Belgique,223,Malines,Termonde,7,Desserte Normale
Belgique,223,Malines,Termonde,7,Desserte Normale
Belgique,223,Malines,Termonde,6,Sous-desservi
Belgique,224,Grammont,Tournai,22,Desserte Normale
Belgique,224,Grammont,Tournai,100,Bien desservi
Belgique,224,Grammont,Tournai,125,Bien desservi
Belgique,224,Grammont,Tournai,55,Desserte Normale
Belgique,224,Grammont,Tournai,49,Desserte Normale
Belgique,224,Grammont,Tournai,60,Bien desservi
Belgique,224,Grammont,Tournai,44,Desserte Normale
Belgique,224,Grammont,Tournai,55,Desserte Normale
Belgique,224,Grammont,Tournai,44,Desserte Normale
Belgique,224,Grammont,Tournai,55,Desserte Normale
Belgique,224,Grammont,Tournai,55,Desserte Normale
Belgique,224,Grammont,Tournai,55,Desserte Normale
Belgique,224,Grammont,Tournai,55,Desserte Normale
Belgique,224,Grammont,Tournai,55,Desserte Normale
Belgique,224,Grammont,Tournai,130,Bien desservi
Belgique,224,Grammont,Tournai,130,Bien desservi
Belgique,224,Grammont,Tournai,104,Bien desservi
Belgique,224,Grammont,Tournai,130,Bien desservi
Belgique,224,Grammont,Tournai,130,Bien desservi
Belgique,224,Grammont,Tournai,130,Bien desservi
Belgique,224,Grammont,Tournai,130,Bien desservi
Belgique,224,Grammont,Tournai,55,Desserte Normale
Belgique,224,Grammont,Tournai,55,Desserte Normale
Belgique,224,Grammont,Tournai,55,Desserte Normale
Belgique,224,Grammont,Tournai,55,Desserte Normale
Belgique,224,Grammont,Tournai,55,Desserte Normale
Belgique,224,Grammont,Tournai,55,Desserte Normale
Belgique,224,Grammont,Tournai,55,Desserte Normale
Belgique,224,Grammont,Tournai,55,Desserte Normale
Belgique,224,Grammont,Tournai,55,Desserte Normale
Belgique,224,Grammont,Tournai,55,Desserte Normale
Belgique,224,Grammont,Tournai,55,Desserte Normale
Belgique,224,Grammont,Tournai,44,Desserte Normale
Belgique,224,Grammont,Tournai,55,Desserte Normale
Belgique,224,Grammont,Tournai,55,Desserte Normale
Belgique,224,Grammont,Tournai,55,Desserte Normale
Belgique,224,Grammont,Tournai,55,Desserte Normale
Belgique,225,Anvers-Central,Courtrai,2,Sous-desservi
Belgique,225,Anvers-Central,Courtrai,8,Desserte Normale
Belgique,225,Anvers-Central,Courtrai,9,Desserte Normale
Belgique,225,Anvers-Central,Courtrai,23,Desserte Normale
Belgique,225,Anvers-Central,Courtrai,12,Desserte Normale
Belgique,225,Anvers-Central,Courtrai,10,Desserte Normale
Belgique,225,Anvers-Central,Courtrai,10,Desserte Normale
Belgique,225,Anvers-Central,Courtrai,23,Desserte Normale
Belgique,225,Anvers-Central,Courtrai,44,Desserte Normale
Belgique,225,Anvers-Central,Courtrai,9,Desserte Normale
Belgique,225,Anvers-Central,Courtrai,5,Sous-desservi
Belgique,225,Anvers-Central,Courtrai,9,Desserte Normale
Belgique,225,Anvers-Central,Courtrai,9,Desserte Normale
Belgique,225,Anvers-Central,Courtrai,9,Desserte Normale
Belgique,225,Anvers-Central,Courtrai,9,Desserte Normale
Belgique,225,Anvers-Central,Courtrai,9,Desserte Normale
Belgique,225,Anvers-Central,Courtrai,9,Desserte Normale
Belgique,225,Anvers-Central,Courtrai,5,Sous-desservi
Belgique,225,Anvers-Central,Courtrai,9,Desserte Normale
Belgique,225,Anvers-Central,Courtrai,5,Sous-desservi
Belgique,225,Anvers-Central,Courtrai,5,Sous-desservi
Belgique,225,Anvers-Central,Courtrai,9,Desserte Normale
Belgique,225,Anvers-Central,Courtrai,9,Desserte Normale
Belgique,225,Anvers-Central,Courtrai,9,Desserte Normale
Belgique,225,Anvers-Central,Courtrai,9,Desserte Normale
Belgique,225,Anvers-Central,Courtrai,79,Bien desservi
Belgique,225,Anvers-Central,Courtrai,23,Desserte Normale
Belgique,225,Anvers-Central,Courtrai,9,Desserte Normale
Belgique,225,Anvers-Central,Courtrai,9,Desserte Normale
Belgique,225,Anvers-Central,Courtrai,9,Desserte Normale
Belgique,225,Anvers-Central,Courtrai,9,Desserte Normale
Belgique,225,Anvers-Central,Courtrai,9,Desserte Normale
Belgique,225,Anvers-Central,Courtrai,10,Desserte Normale
Belgique,225,Anvers-Central,Courtrai,9,Desserte Normale
Belgique,225,Anvers-Central,Courtrai,9,Desserte Normale
Belgique,225,Anvers-Central,Courtrai,9,Desserte Normale
Belgique,225,Anvers-Central,Courtrai,7,Desserte Normale
Belgique,226,Liège-Guillemins,Liège-Saint-Lambert,1,Sous-desservi
Belgique,226,Liège-Guillemins,Liège-Saint-Lambert,2,Sous-desservi
Belgique,226,Liège-Guillemins,Liège-Saint-Lambert,3,Sous-desservi
Belgique,226,Liège-Guillemins,Liège-Saint-Lambert,2,Sous-desservi
Belgique,226,Liège-Guillemins,Liège-Saint-Lambert,2,Sous-desservi
Belgique,226,Liège-Guillemins,Liège-Saint-Lambert,1,Sous-desservi
Belgique,226,Liège-Guillemins,Liège-Saint-Lambert,2,Sous-desservi
Belgique,226,Liège-Guillemins,Liège-Saint-Lambert,1,Sous-desservi
Belgique,227,Bruxelles-Midi,Mons,3,Sous-desservi
Belgique,227,Bruxelles-Midi,Mons,1,Sous-desservi
Belgique,227,Bruxelles-Midi,Mons,1,Sous-desservi
Belgique,228,Bruxelles-Midi,Ottignies,1,Sous-desservi
Belgique,228,Bruxelles-Midi,Ottignies,1,Sous-desservi
Belgique,229,Bruges,Ostende,2,Sous-desservi
Belgique,229,Bruges,Ostende,1,Sous-desservi
Belgique,23,Ostende,Roulers,66,Bien desservi
Belgique,23,Ostende,Roulers,99,Bien desservi
Belgique,230,Bruxelles-Midi,Schaerbeek,1,Sous-desservi
Belgique,230,Bruxelles-Midi,Schaerbeek,6,Sous-desservi
Belgique,231,Liège-Guillemins,Visé,1,Sous-desservi
Belgique,231,Liège-Guillemins,Visé,1,Sous-desservi
Belgique,231,Liège-Guillemins,Visé,1,Sous-desservi
Belgique,231,Liège-Guillemins,Visé,1,Sous-desservi
Belgique,232,Bruxelles-Luxembourg,Bruxelles-Midi,1,Sous-desservi
Belgique,233,Courtrai,Mouscron,3,Sous-desservi
Belgique,234,Denderleeuw,Zottegem,1,Sous-desservi
Belgique,235,Gand-Saint-Pierre,Termonde,4,Sous-desservi
Belgique,235,Gand-Saint-Pierre,Termonde,9,Desserte Normale
Belgique,235,Gand-Saint-Pierre,Termonde,10,Desserte Normale
Belgique,235,Gand-Saint-Pierre,Termonde,10,Desserte Normale
Belgique,235,Gand-Saint-Pierre,Termonde,9,Desserte Normale
Belgique,235,Gand-Saint-Pierre,Termonde,10,Desserte Normale
Belgique,235,Gand-Saint-Pierre,Termonde,8,Desserte Normale
Belgique,235,Gand-Saint-Pierre,Termonde,11,Desserte Normale
Belgique,235,Gand-Saint-Pierre,Termonde,37,Desserte Normale
Belgique,235,Gand-Saint-Pierre,Termonde,10,Desserte Normale
Belgique,235,Gand-Saint-Pierre,Termonde,10,Desserte Normale
Belgique,235,Gand-Saint-Pierre,Termonde,10,Desserte Normale
Belgique,235,Gand-Saint-Pierre,Termonde,10,Desserte Normale
Belgique,235,Gand-Saint-Pierre,Termonde,10,Desserte Normale
Belgique,235,Gand-Saint-Pierre,Termonde,10,Desserte Normale
Belgique,235,Gand-Saint-Pierre,Termonde,10,Desserte Normale
Belgique,235,Gand-Saint-Pierre,Termonde,8,Desserte Normale
Belgique,235,Gand-Saint-Pierre,Termonde,10,Desserte Normale
Belgique,235,Gand-Saint-Pierre,Termonde,10,Desserte Normale
Belgique,235,Gand-Saint-Pierre,Termonde,10,Desserte Normale
Belgique,235,Gand-Saint-Pierre,Termonde,10,Desserte Normale
Belgique,235,Gand-Saint-Pierre,Termonde,10,Desserte Normale
Belgique,235,Gand-Saint-Pierre,Termonde,10,Desserte Normale
Belgique,235,Gand-Saint-Pierre,Termonde,10,Desserte Normale
Belgique,235,Gand-Saint-Pierre,Termonde,10,Desserte Normale
Belgique,235,Gand-Saint-Pierre,Termonde,10,Desserte Normale
Belgique,235,Gand-Saint-Pierre,Termonde,10,Desserte Normale
Belgique,235,Gand-Saint-Pierre,Termonde,10,Desserte Normale
Belgique,235,Gand-Saint-Pierre,Termonde,10,Desserte Normale
Belgique,235,Gand-Saint-Pierre,Termonde,10,Desserte Normale
Belgique,235,Gand-Saint-Pierre,Termonde,10,Desserte Normale
Belgique,235,Gand-Saint-Pierre,Termonde,10,Desserte Normale
Belgique,235,Gand-Saint-Pierre,Termonde,8,Desserte Normale
Belgique,235,Gand-Saint-Pierre,Termonde,10,Desserte Normale
Belgique,235,Gand-Saint-Pierre,Termonde,10,Desserte Normale
Belgique,235,Gand-Saint-Pierre,Termonde,10,Desserte Normale
Belgique,235,Gand-Saint-Pierre,Termonde,10,Desserte Normale
Belgique,236,Grammont,Mons,5,Sous-desservi
Belgique,236,Grammont,Mons,9,Desserte Normale
Belgique,236,Grammont,Mons,23,Desserte Normale
Belgique,236,Grammont,Mons,11,Desserte Normale
Belgique,236,Grammont,Mons,8,Desserte Normale
Belgique,236,Grammont,Mons,10,Desserte Normale
Belgique,236,Grammont,Mons,8,Desserte Normale
Belgique,236,Grammont,Mons,10,Desserte Normale
Belgique,236,Grammont,Mons,10,Desserte Normale
Belgique,236,Grammont,Mons,10,Desserte Normale
Belgique,236,Grammont,Mons,10,Desserte Normale
Belgique,236,Grammont,Mons,10,Desserte Normale
Belgique,236,Grammont,Mons,10,Desserte Normale
Belgique,236,Grammont,Mons,10,Desserte Normale
Belgique,236,Grammont,Mons,10,Desserte Normale
Belgique,236,Grammont,Mons,10,Desserte Normale
Belgique,236,Grammont,Mons,8,Desserte Normale
Belgique,236,Grammont,Mons,10,Desserte Normale
Belgique,236,Grammont,Mons,10,Desserte Normale
Belgique,236,Grammont,Mons,10,Desserte Normale
Belgique,236,Grammont,Mons,10,Desserte Normale
Belgique,236,Grammont,Mons,10,Desserte Normale
Belgique,236,Grammont,Mons,10,Desserte Normale
Belgique,236,Grammont,Mons,10,Desserte Normale
Belgique,236,Grammont,Mons,10,Desserte Normale
Belgique,236,Grammont,Mons,10,Desserte Normale
Belgique,236,Grammont,Mons,10,Desserte Normale
Belgique,236,Grammont,Mons,10,Desserte Normale
Belgique,236,Grammont,Mons,10,Desserte Normale
Belgique,236,Grammont,Mons,10,Desserte Normale
Belgique,236,Grammont,Mons,10,Desserte Normale
Belgique,236,Grammont,Mons,10,Desserte Normale
Belgique,236,Grammont,Mons,8,Desserte Normale
Belgique,236,Grammont,Mons,10,Desserte Normale
Belgique,236,Grammont,Mons,10,Desserte Normale
Belgique,236,Grammont,Mons,10,Desserte Normale
Belgique,236,Grammont,Mons,10,Desserte Normale
Belgique,237,Enghien,Grammont,15,Desserte Normale
Belgique,238,Termonde,Zeebrugge-Dorp,4,Sous-desservi
Belgique,238,Termonde,Zeebrugge-Dorp,8,Desserte Normale
Belgique,238,Termonde,Zeebrugge-Dorp,10,Desserte Normale
Belgique,238,Termonde,Zeebrugge-Dorp,10,Desserte Normale
Belgique,238,Termonde,Zeebrugge-Dorp,8,Desserte Normale
Belgique,238,Termonde,Zeebrugge-Dorp,10,Desserte Normale
Belgique,238,Termonde,Zeebrugge-Dorp,8,Desserte Normale
Belgique,238,Termonde,Zeebrugge-Dorp,10,Desserte Normale
Belgique,238,Termonde,Zeebrugge-Dorp,10,Desserte Normale
Belgique,238,Termonde,Zeebrugge-Dorp,11,Desserte Normale
Belgique,238,Termonde,Zeebrugge-Dorp,10,Desserte Normale
Belgique,238,Termonde,Zeebrugge-Dorp,10,Desserte Normale
Belgique,238,Termonde,Zeebrugge-Dorp,10,Desserte Normale
Belgique,238,Termonde,Zeebrugge-Dorp,10,Desserte Normale
Belgique,238,Termonde,Zeebrugge-Dorp,10,Desserte Normale
Belgique,238,Termonde,Zeebrugge-Dorp,10,Desserte Normale
Belgique,238,Termonde,Zeebrugge-Dorp,10,Desserte Normale
Belgique,238,Termonde,Zeebrugge-Dorp,10,Desserte Normale
Belgique,238,Termonde,Zeebrugge-Dorp,10,Desserte Normale
Belgique,238,Termonde,Zeebrugge-Dorp,10,Desserte Normale
Belgique,238,Termonde,Zeebrugge-Dorp,10,Desserte Normale
Belgique,238,Termonde,Zeebrugge-Dorp,10,Desserte Normale
Belgique,238,Termonde,Zeebrugge-Dorp,10,Desserte Normale
Belgique,238,Termonde,Zeebrugge-Dorp,8,Desserte Normale
Belgique,238,Termonde,Zeebrugge-Dorp,10,Desserte Normale
Belgique,238,Termonde,Zeebrugge-Dorp,10,Desserte Normale
Belgique,238,Termonde,Zeebrugge-Dorp,10,Desserte Normale
Belgique,238,Termonde,Zeebrugge-Dorp,10,Desserte Normale
Belgique,239,Gand-Saint-Pierre,Lokeren,1,Sous-desservi
Belgique,24,Audenarde,Renaix,1,Sous-desservi
Belgique,24,Audenarde,Renaix,58,Bien desservi
Belgique,24,Audenarde,Renaix,58,Bien desservi
Belgique,24,Audenarde,Renaix,58,Bien desservi
Belgique,24,Audenarde,Renaix,58,Bien desservi
Belgique,24,Audenarde,Renaix,58,Bien desservi
Belgique,240,Herstal,Liège-Guillemins,1,Sous-desservi
Belgique,240,Herstal,Liège-Guillemins,2,Sous-desservi
Belgique,241,Malines,Termonde,1,Sous-desservi
Belgique,242,Liège-Guillemins,Marloie,1,Sous-desservi
Belgique,243,Louvain,Termonde,4,Sous-desservi
Belgique,243,Louvain,Termonde,8,Desserte Normale
Belgique,243,Louvain,Termonde,10,Desserte Normale
Belgique,243,Louvain,Termonde,10,Desserte Normale
Belgique,243,Louvain,Termonde,5,Sous-desservi
Belgique,243,Louvain,Termonde,10,Desserte Normale
Belgique,243,Louvain,Termonde,8,Desserte Normale
Belgique,243,Louvain,Termonde,5,Sous-desservi
Belgique,243,Louvain,Termonde,8,Desserte Normale
Belgique,243,Louvain,Termonde,10,Desserte Normale
Belgique,243,Louvain,Termonde,10,Desserte Normale
Belgique,243,Louvain,Termonde,10,Desserte Normale
Belgique,243,Louvain,Termonde,10,Desserte Normale
Belgique,243,Louvain,Termonde,10,Desserte Normale
Belgique,243,Louvain,Termonde,10,Desserte Normale
Belgique,243,Louvain,Termonde,8,Desserte Normale
Belgique,243,Louvain,Termonde,10,Desserte Normale
Belgique,243,Louvain,Termonde,10,Desserte Normale
Belgique,243,Louvain,Termonde,10,Desserte Normale
Belgique,243,Louvain,Termonde,10,Desserte Normale
Belgique,243,Louvain,Termonde,10,Desserte Normale
Belgique,243,Louvain,Termonde,10,Desserte Normale
Belgique,243,Louvain,Termonde,10,Desserte Normale
Belgique,243,Louvain,Termonde,10,Desserte Normale
Belgique,243,Louvain,Termonde,10,Desserte Normale
Belgique,243,Louvain,Termonde,10,Desserte Normale
Belgique,243,Louvain,Termonde,10,Desserte Normale
Belgique,243,Louvain,Termonde,10,Desserte Normale
Belgique,243,Louvain,Termonde,10,Desserte Normale
Belgique,243,Louvain,Termonde,10,Desserte Normale
Belgique,243,Louvain,Termonde,10,Desserte Normale
Belgique,243,Louvain,Termonde,8,Desserte Normale
Belgique,243,Louvain,Termonde,10,Desserte Normale
Belgique,243,Louvain,Termonde,10,Desserte Normale
Belgique,243,Louvain,Termonde,10,Desserte Normale
Belgique,243,Louvain,Termonde,10,Desserte Normale
Belgique,244,Anvers-Central,Kontich-Lint,1,Sous-desservi
Belgique,245,Anvers-Central,Noorderkempen,1,Sous-desservi
Belgique,246,Arlon,Rochefort-Jemelle,2,Sous-desservi
Belgique,246,Arlon,Rochefort-Jemelle,3,Sous-desservi
Belgique,246,Arlon,Rochefort-Jemelle,2,Sous-desservi
Belgique,246,Arlon,Rochefort-Jemelle,2,Sous-desservi
Belgique,246,Arlon,Rochefort-Jemelle,3,Sous-desservi
Belgique,246,Arlon,Rochefort-Jemelle,2,Sous-desservi
Belgique,246,Arlon,Rochefort-Jemelle,4,Sous-desservi
Belgique,246,Arlon,Rochefort-Jemelle,2,Sous-desservi
Belgique,246,Arlon,Rochefort-Jemelle,9,Desserte Normale
Belgique,246,Arlon,Rochefort-Jemelle,2,Sous-desservi
Belgique,246,Arlon,Rochefort-Jemelle,2,Sous-desservi
Belgique,246,Arlon,Rochefort-Jemelle,2,Sous-desservi
Belgique,246,Arlon,Rochefort-Jemelle,2,Sous-desservi
Belgique,246,Arlon,Rochefort-Jemelle,2,Sous-desservi
Belgique,246,Arlon,Rochefort-Jemelle,2,Sous-desservi
Belgique,246,Arlon,Rochefort-Jemelle,2,Sous-desservi
Belgique,246,Arlon,Rochefort-Jemelle,3,Sous-desservi
Belgique,246,Arlon,Rochefort-Jemelle,2,Sous-desservi
Belgique,246,Arlon,Rochefort-Jemelle,2,Sous-desservi
Belgique,246,Arlon,Rochefort-Jemelle,2,Sous-desservi
Belgique,246,Arlon,Rochefort-Jemelle,2,Sous-desservi
Belgique,246,Arlon,Rochefort-Jemelle,2,Sous-desservi
Belgique,246,Arlon,Rochefort-Jemelle,2,Sous-desservi
Belgique,246,Arlon,Rochefort-Jemelle,2,Sous-desservi
Belgique,246,Arlon,Rochefort-Jemelle,2,Sous-desservi
Belgique,246,Arlon,Rochefort-Jemelle,2,Sous-desservi
Belgique,246,Arlon,Rochefort-Jemelle,2,Sous-desservi
Belgique,246,Arlon,Rochefort-Jemelle,2,Sous-desservi
Belgique,246,Arlon,Rochefort-Jemelle,2,Sous-desservi
Belgique,246,Arlon,Rochefort-Jemelle,2,Sous-desservi
Belgique,246,Arlon,Rochefort-Jemelle,2,Sous-desservi
Belgique,246,Arlon,Rochefort-Jemelle,2,Sous-desservi
Belgique,246,Arlon,Rochefort-Jemelle,3,Sous-desservi
Belgique,246,Arlon,Rochefort-Jemelle,2,Sous-desservi
Belgique,246,Arlon,Rochefort-Jemelle,2,Sous-desservi
Belgique,246,Arlon,Rochefort-Jemelle,2,Sous-desservi
Belgique,246,Arlon,Rochefort-Jemelle,1,Sous-desservi
Belgique,247,Braine-l'Alleud,Nivelles,1,Sous-desservi
Belgique,248,Londerzeel,Louvain,1,Sous-desservi
Belgique,249,Anvers-Central,Ostende,135,Bien desservi
Belgique,249,Anvers-Central,Ostende,238,Bien desservi
Belgique,249,Anvers-Central,Ostende,170,Bien desservi
Belgique,249,Anvers-Central,Ostende,238,Bien desservi
Belgique,249,Anvers-Central,Ostende,142,Bien desservi
Belgique,249,Anvers-Central,Ostende,236,Bien desservi
Belgique,249,Anvers-Central,Ostende,236,Bien desservi
Belgique,249,Anvers-Central,Ostende,236,Bien desservi
Belgique,249,Anvers-Central,Ostende,253,Bien desservi
Belgique,249,Anvers-Central,Ostende,238,Bien desservi
Belgique,249,Anvers-Central,Ostende,233,Bien desservi
Belgique,249,Anvers-Central,Ostende,233,Bien desservi
Belgique,249,Anvers-Central,Ostende,238,Bien desservi
Belgique,249,Anvers-Central,Ostende,238,Bien desservi
Belgique,249,Anvers-Central,Ostende,238,Bien desservi
Belgique,249,Anvers-Central,Ostende,238,Bien desservi
Belgique,249,Anvers-Central,Ostende,238,Bien desservi
Belgique,249,Anvers-Central,Ostende,238,Bien desservi
Belgique,249,Anvers-Central,Ostende,238,Bien desservi
Belgique,249,Anvers-Central,Ostende,238,Bien desservi
Belgique,249,Anvers-Central,Ostende,238,Bien desservi
Belgique,249,Anvers-Central,Ostende,238,Bien desservi
Belgique,249,Anvers-Central,Ostende,165,Bien desservi
Belgique,249,Anvers-Central,Ostende,238,Bien desservi
Belgique,249,Anvers-Central,Ostende,238,Bien desservi
Belgique,249,Anvers-Central,Ostende,170,Bien desservi
Belgique,249,Anvers-Central,Ostende,238,Bien desservi
Belgique,249,Anvers-Central,Ostende,238,Bien desservi
Belgique,249,Anvers-Central,Ostende,238,Bien desservi
Belgique,249,Anvers-Central,Ostende,238,Bien desservi
Belgique,249,Anvers-Central,Ostende,238,Bien desservi
Belgique,249,Anvers-Central,Ostende,238,Bien desservi
Belgique,249,Anvers-Central,Ostende,238,Bien desservi
Belgique,249,Anvers-Central,Ostende,238,Bien desservi
Belgique,249,Anvers-Central,Ostende,238,Bien desservi
Belgique,249,Anvers-Central,Ostende,238,Bien desservi
Belgique,249,Anvers-Central,Ostende,204,Bien desservi
Belgique,25,Deinze,Poperinge,72,Bien desservi
Belgique,25,Deinze,Poperinge,72,Bien desservi
Belgique,250,Louvain,Nivelles,1,Sous-desservi
Belgique,250,Louvain,Nivelles,1,Sous-desservi
Belgique,251,Charleroi-Central,Wavre,1,Sous-desservi
Belgique,251,Charleroi-Central,Wavre,1,Sous-desservi
Belgique,252,Bruges,Zeebrugge-Dorp,2,Sous-desservi
Belgique,253,Eeklo,Wondelgem,1,Sous-desservi
Belgique,254,Hamont,Neerpelt,1,Sous-desservi
Belgique,255,Anvers-Central,Gand-Saint-Pierre,1,Sous-desservi
Belgique,256,Anvers-Berchem,Ostende,1,Sous-desservi
Belgique,256,Anvers-Berchem,Ostende,2,Sous-desservi
Belgique,256,Anvers-Berchem,Ostende,1,Sous-desservi
Belgique,256,Anvers-Berchem,Ostende,4,Sous-desservi
Belgique,256,Anvers-Berchem,Ostende,5,Sous-desservi
Belgique,256,Anvers-Berchem,Ostende,5,Sous-desservi
Belgique,256,Anvers-Berchem,Ostende,5,Sous-desservi
Belgique,257,Mons,Tournai,8,Desserte Normale
Belgique,257,Mons,Tournai,17,Desserte Normale
Belgique,257,Mons,Tournai,20,Desserte Normale
Belgique,257,Mons,Tournai,20,Desserte Normale
Belgique,257,Mons,Tournai,17,Desserte Normale
Belgique,257,Mons,Tournai,15,Desserte Normale
Belgique,257,Mons,Tournai,16,Desserte Normale
Belgique,257,Mons,Tournai,20,Desserte Normale
Belgique,257,Mons,Tournai,16,Desserte Normale
Belgique,257,Mons,Tournai,20,Desserte Normale
Belgique,257,Mons,Tournai,20,Desserte Normale
Belgique,257,Mons,Tournai,20,Desserte Normale
Belgique,257,Mons,Tournai,20,Desserte Normale
Belgique,257,Mons,Tournai,20,Desserte Normale
Belgique,257,Mons,Tournai,20,Desserte Normale
Belgique,257,Mons,Tournai,20,Desserte Normale
Belgique,257,Mons,Tournai,16,Desserte Normale
Belgique,257,Mons,Tournai,20,Desserte Normale
Belgique,257,Mons,Tournai,20,Desserte Normale
Belgique,257,Mons,Tournai,20,Desserte Normale
Belgique,257,Mons,Tournai,20,Desserte Normale
Belgique,257,Mons,Tournai,20,Desserte Normale
Belgique,257,Mons,Tournai,20,Desserte Normale
Belgique,257,Mons,Tournai,20,Desserte Normale
Belgique,257,Mons,Tournai,20,Desserte Normale
Belgique,257,Mons,Tournai,20,Desserte Normale
Belgique,257,Mons,Tournai,20,Desserte Normale
Belgique,257,Mons,Tournai,20,Desserte Normale
Belgique,257,Mons,Tournai,20,Desserte Normale
Belgique,257,Mons,Tournai,20,Desserte Normale
Belgique,257,Mons,Tournai,20,Desserte Normale
Belgique,257,Mons,Tournai,20,Desserte Normale
Belgique,257,Mons,Tournai,16,Desserte Normale
Belgique,257,Mons,Tournai,20,Desserte Normale
Belgique,257,Mons,Tournai,20,Desserte Normale
Belgique,257,Mons,Tournai,20,Desserte Normale
Belgique,257,Mons,Tournai,20,Desserte Normale
Belgique,258,Bruges,Termonde,4,Sous-desservi
Belgique,258,Bruges,Termonde,7,Desserte Normale
Belgique,258,Bruges,Termonde,4,Sous-desservi
Belgique,258,Bruges,Termonde,4,Sous-desservi
Belgique,258,Bruges,Termonde,7,Desserte Normale
Belgique,258,Bruges,Termonde,4,Sous-desservi
Belgique,258,Bruges,Termonde,6,Sous-desservi
Belgique,258,Bruges,Termonde,4,Sous-desservi
Belgique,258,Bruges,Termonde,20,Desserte Normale
Belgique,258,Bruges,Termonde,4,Sous-desservi
Belgique,258,Bruges,Termonde,4,Sous-desservi
Belgique,258,Bruges,Termonde,4,Sous-desservi
Belgique,258,Bruges,Termonde,4,Sous-desservi
Belgique,258,Bruges,Termonde,4,Sous-desservi
Belgique,258,Bruges,Termonde,4,Sous-desservi
Belgique,258,Bruges,Termonde,4,Sous-desservi
Belgique,258,Bruges,Termonde,6,Sous-desservi
Belgique,258,Bruges,Termonde,4,Sous-desservi
Belgique,258,Bruges,Termonde,4,Sous-desservi
Belgique,258,Bruges,Termonde,4,Sous-desservi
Belgique,258,Bruges,Termonde,4,Sous-desservi
Belgique,258,Bruges,Termonde,4,Sous-desservi
Belgique,258,Bruges,Termonde,4,Sous-desservi
Belgique,258,Bruges,Termonde,4,Sous-desservi
Belgique,258,Bruges,Termonde,4,Sous-desservi
Belgique,258,Bruges,Termonde,4,Sous-desservi
Belgique,258,Bruges,Termonde,4,Sous-desservi
Belgique,258,Bruges,Termonde,4,Sous-desservi
Belgique,258,Bruges,Termonde,4,Sous-desservi
Belgique,258,Bruges,Termonde,4,Sous-desservi
Belgique,258,Bruges,Termonde,6,Sous-desservi
Belgique,258,Bruges,Termonde,4,Sous-desservi
Belgique,258,Bruges,Termonde,4,Sous-desservi
Belgique,258,Bruges,Termonde,4,Sous-desservi
Belgique,258,Bruges,Termonde,2,Sous-desservi
Belgique,259,Anvers-Central,Saint-Nicolas,1,Sous-desservi
Belgique,26,Opwijk,Termonde,1,Sous-desservi
Belgique,26,Opwijk,Termonde,64,Bien desservi
Belgique,26,Opwijk,Termonde,64,Bien desservi
Belgique,260,Blankenberge,Gand-Saint-Pierre,3,Sous-desservi
Belgique,261,Bruxelles-Midi,Essen,8,Desserte Normale
Belgique,261,Bruxelles-Midi,Essen,16,Desserte Normale
Belgique,261,Bruxelles-Midi,Essen,20,Desserte Normale
Belgique,261,Bruxelles-Midi,Essen,20,Desserte Normale
Belgique,261,Bruxelles-Midi,Essen,17,Desserte Normale
Belgique,261,Bruxelles-Midi,Essen,180,Bien desservi
Belgique,261,Bruxelles-Midi,Essen,16,Desserte Normale
Belgique,261,Bruxelles-Midi,Essen,20,Desserte Normale
Belgique,261,Bruxelles-Midi,Essen,16,Desserte Normale
Belgique,261,Bruxelles-Midi,Essen,20,Desserte Normale
Belgique,261,Bruxelles-Midi,Essen,20,Desserte Normale
Belgique,261,Bruxelles-Midi,Essen,20,Desserte Normale
Belgique,261,Bruxelles-Midi,Essen,20,Desserte Normale
Belgique,261,Bruxelles-Midi,Essen,20,Desserte Normale
Belgique,261,Bruxelles-Midi,Essen,20,Desserte Normale
Belgique,261,Bruxelles-Midi,Essen,20,Desserte Normale
Belgique,261,Bruxelles-Midi,Essen,16,Desserte Normale
Belgique,261,Bruxelles-Midi,Essen,20,Desserte Normale
Belgique,261,Bruxelles-Midi,Essen,20,Desserte Normale
Belgique,261,Bruxelles-Midi,Essen,20,Desserte Normale
Belgique,261,Bruxelles-Midi,Essen,20,Desserte Normale
Belgique,261,Bruxelles-Midi,Essen,20,Desserte Normale
Belgique,261,Bruxelles-Midi,Essen,20,Desserte Normale
Belgique,261,Bruxelles-Midi,Essen,20,Desserte Normale
Belgique,261,Bruxelles-Midi,Essen,20,Desserte Normale
Belgique,261,Bruxelles-Midi,Essen,20,Desserte Normale
Belgique,261,Bruxelles-Midi,Essen,20,Desserte Normale
Belgique,261,Bruxelles-Midi,Essen,20,Desserte Normale
Belgique,261,Bruxelles-Midi,Essen,20,Desserte Normale
Belgique,261,Bruxelles-Midi,Essen,20,Desserte Normale
Belgique,261,Bruxelles-Midi,Essen,20,Desserte Normale
Belgique,261,Bruxelles-Midi,Essen,20,Desserte Normale
Belgique,261,Bruxelles-Midi,Essen,16,Desserte Normale
Belgique,261,Bruxelles-Midi,Essen,20,Desserte Normale
Belgique,261,Bruxelles-Midi,Essen,20,Desserte Normale
Belgique,261,Bruxelles-Midi,Essen,20,Desserte Normale
Belgique,261,Bruxelles-Midi,Essen,20,Desserte Normale
Belgique,262,Louvain-la-Neuve,Ottignies,1,Sous-desservi
Belgique,262,Louvain-la-Neuve,Ottignies,1,Sous-desservi
Belgique,262,Louvain-la-Neuve,Ottignies,1,Sous-desservi
Belgique,263,Anvers-Sud,Gand-Saint-Pierre,1,Sous-desservi
Belgique,264,Mons,Tamines,2,Sous-desservi
Belgique,264,Mons,Tamines,3,Sous-desservi
Belgique,264,Mons,Tamines,1,Sous-desservi
Belgique,265,Bruxelles-Midi,Louvain,1,Sous-desservi
Belgique,266,Herstal,Liège-Guillemins,1,Sous-desservi
Belgique,267,Gouvy,Liège-Guillemins,4,Sous-desservi
Belgique,267,Gouvy,Liège-Guillemins,8,Desserte Normale
Belgique,267,Gouvy,Liège-Guillemins,10,Desserte Normale
Belgique,267,Gouvy,Liège-Guillemins,11,Desserte Normale
Belgique,267,Gouvy,Liège-Guillemins,8,Desserte Normale
Belgique,267,Gouvy,Liège-Guillemins,11,Desserte Normale
Belgique,267,Gouvy,Liège-Guillemins,8,Desserte Normale
Belgique,267,Gouvy,Liège-Guillemins,10,Desserte Normale
Belgique,267,Gouvy,Liège-Guillemins,8,Desserte Normale
Belgique,267,Gouvy,Liège-Guillemins,10,Desserte Normale
Belgique,267,Gouvy,Liège-Guillemins,10,Desserte Normale
Belgique,267,Gouvy,Liège-Guillemins,10,Desserte Normale
Belgique,267,Gouvy,Liège-Guillemins,27,Desserte Normale
Belgique,267,Gouvy,Liège-Guillemins,10,Desserte Normale
Belgique,267,Gouvy,Liège-Guillemins,10,Desserte Normale
Belgique,267,Gouvy,Liège-Guillemins,10,Desserte Normale
Belgique,267,Gouvy,Liège-Guillemins,8,Desserte Normale
Belgique,267,Gouvy,Liège-Guillemins,10,Desserte Normale
Belgique,267,Gouvy,Liège-Guillemins,10,Desserte Normale
Belgique,267,Gouvy,Liège-Guillemins,10,Desserte Normale
Belgique,267,Gouvy,Liège-Guillemins,10,Desserte Normale
Belgique,267,Gouvy,Liège-Guillemins,179,Bien desservi
Belgique,267,Gouvy,Liège-Guillemins,179,Bien desservi
Belgique,267,Gouvy,Liège-Guillemins,10,Desserte Normale
Belgique,267,Gouvy,Liège-Guillemins,10,Desserte Normale
Belgique,267,Gouvy,Liège-Guillemins,10,Desserte Normale
Belgique,267,Gouvy,Liège-Guillemins,10,Desserte Normale
Belgique,267,Gouvy,Liège-Guillemins,10,Desserte Normale
Belgique,267,Gouvy,Liège-Guillemins,10,Desserte Normale
Belgique,267,Gouvy,Liège-Guillemins,10,Desserte Normale
Belgique,267,Gouvy,Liège-Guillemins,10,Desserte Normale
Belgique,267,Gouvy,Liège-Guillemins,10,Desserte Normale
Belgique,267,Gouvy,Liège-Guillemins,8,Desserte Normale
Belgique,267,Gouvy,Liège-Guillemins,10,Desserte Normale
Belgique,267,Gouvy,Liège-Guillemins,10,Desserte Normale
Belgique,267,Gouvy,Liège-Guillemins,10,Desserte Normale
Belgique,267,Gouvy,Liège-Guillemins,10,Desserte Normale
Belgique,268,Liège-Guillemins,Welkenraedt,1,Sous-desservi
Belgique,268,Liège-Guillemins,Welkenraedt,3,Sous-desservi
Belgique,269,Charleroi-Central,Namur,1,Sous-desservi
Belgique,27,Bruxelles-Midi,Opwijk,5,Sous-desservi
Belgique,270,Anvers-Central,Malines,1,Sous-desservi
Belgique,271,Ciney,Libramont,13,Desserte Normale
Belgique,272,Anvers-Central,Boom,1,Sous-desservi
Belgique,273,Dixmude,La Panne,5,Sous-desservi
Belgique,273,Dixmude,La Panne,1,Sous-desservi
Belgique,274,Namur,Tournai,14,Desserte Normale
Belgique,274,Namur,Tournai,26,Desserte Normale
Belgique,274,Namur,Tournai,32,Desserte Normale
Belgique,274,Namur,Tournai,32,Desserte Normale
Belgique,274,Namur,Tournai,24,Desserte Normale
Belgique,274,Namur,Tournai,48,Desserte Normale
Belgique,274,Namur,Tournai,26,Desserte Normale
Belgique,274,Namur,Tournai,33,Desserte Normale
Belgique,274,Namur,Tournai,26,Desserte Normale
Belgique,274,Namur,Tournai,32,Desserte Normale
Belgique,274,Namur,Tournai,32,Desserte Normale
Belgique,274,Namur,Tournai,32,Desserte Normale
Belgique,274,Namur,Tournai,32,Desserte Normale
Belgique,274,Namur,Tournai,27,Desserte Normale
Belgique,274,Namur,Tournai,35,Desserte Normale
Belgique,274,Namur,Tournai,55,Desserte Normale
Belgique,274,Namur,Tournai,26,Desserte Normale
Belgique,274,Namur,Tournai,32,Desserte Normale
Belgique,274,Namur,Tournai,30,Desserte Normale
Belgique,274,Namur,Tournai,32,Desserte Normale
Belgique,274,Namur,Tournai,32,Desserte Normale
Belgique,274,Namur,Tournai,27,Desserte Normale
Belgique,274,Namur,Tournai,32,Desserte Normale
Belgique,274,Namur,Tournai,32,Desserte Normale
Belgique,274,Namur,Tournai,32,Desserte Normale
Belgique,274,Namur,Tournai,32,Desserte Normale
Belgique,274,Namur,Tournai,32,Desserte Normale
Belgique,274,Namur,Tournai,32,Desserte Normale
Belgique,274,Namur,Tournai,32,Desserte Normale
Belgique,274,Namur,Tournai,32,Desserte Normale
Belgique,274,Namur,Tournai,32,Desserte Normale
Belgique,274,Namur,Tournai,32,Desserte Normale
Belgique,274,Namur,Tournai,26,Desserte Normale
Belgique,274,Namur,Tournai,32,Desserte Normale
Belgique,274,Namur,Tournai,32,Desserte Normale
Belgique,274,Namur,Tournai,32,Desserte Normale
Belgique,274,Namur,Tournai,32,Desserte Normale
Belgique,275,Anvers-Central,Bruxelles-Nord,1,Sous-desservi
Belgique,276,Anvers-Central,Bruxelles-Midi,86,Bien desservi
Belgique,276,Anvers-Central,Bruxelles-Midi,164,Bien desservi
Belgique,276,Anvers-Central,Bruxelles-Midi,199,Bien desservi
Belgique,276,Anvers-Central,Bruxelles-Midi,199,Bien desservi
Belgique,276,Anvers-Central,Bruxelles-Midi,366,Bien desservi
Belgique,276,Anvers-Central,Bruxelles-Midi,519,Bien desservi
Belgique,276,Anvers-Central,Bruxelles-Midi,168,Bien desservi
Belgique,276,Anvers-Central,Bruxelles-Midi,199,Bien desservi
Belgique,276,Anvers-Central,Bruxelles-Midi,305,Bien desservi
Belgique,276,Anvers-Central,Bruxelles-Midi,200,Bien desservi
Belgique,276,Anvers-Central,Bruxelles-Midi,200,Bien desservi
Belgique,276,Anvers-Central,Bruxelles-Midi,334,Bien desservi
Belgique,276,Anvers-Central,Bruxelles-Midi,199,Bien desservi
Belgique,276,Anvers-Central,Bruxelles-Midi,200,Bien desservi
Belgique,276,Anvers-Central,Bruxelles-Midi,200,Bien desservi
Belgique,276,Anvers-Central,Bruxelles-Midi,200,Bien desservi
Belgique,276,Anvers-Central,Bruxelles-Midi,166,Bien desservi
Belgique,276,Anvers-Central,Bruxelles-Midi,200,Bien desservi
Belgique,276,Anvers-Central,Bruxelles-Midi,204,Bien desservi
Belgique,276,Anvers-Central,Bruxelles-Midi,210,Bien desservi
Belgique,276,Anvers-Central,Bruxelles-Midi,209,Bien desservi
Belgique,276,Anvers-Central,Bruxelles-Midi,198,Bien desservi
Belgique,276,Anvers-Central,Bruxelles-Midi,200,Bien desservi
Belgique,276,Anvers-Central,Bruxelles-Midi,200,Bien desservi
Belgique,276,Anvers-Central,Bruxelles-Midi,192,Bien desservi
Belgique,276,Anvers-Central,Bruxelles-Midi,199,Bien desservi
Belgique,276,Anvers-Central,Bruxelles-Midi,200,Bien desservi
Belgique,276,Anvers-Central,Bruxelles-Midi,200,Bien desservi
Belgique,276,Anvers-Central,Bruxelles-Midi,198,Bien desservi
Belgique,276,Anvers-Central,Bruxelles-Midi,200,Bien desservi
Belgique,276,Anvers-Central,Bruxelles-Midi,200,Bien desservi
Belgique,276,Anvers-Central,Bruxelles-Midi,200,Bien desservi
Belgique,276,Anvers-Central,Bruxelles-Midi,167,Bien desservi
Belgique,276,Anvers-Central,Bruxelles-Midi,200,Bien desservi
Belgique,276,Anvers-Central,Bruxelles-Midi,200,Bien desservi
Belgique,276,Anvers-Central,Bruxelles-Midi,200,Bien desservi
Belgique,276,Anvers-Central,Bruxelles-Midi,195,Bien desservi
Belgique,277,Mons,Quiévrain,2,Sous-desservi
Belgique,278,Jambes,Namur,1,Sous-desservi
Belgique,278,Jambes,Namur,1,Sous-desservi
Belgique,279,Châtelet,Tamines,1,Sous-desservi
Belgique,28,Ostende,Zottegem,207,Bien desservi
Belgique,28,Ostende,Zottegem,150,Bien desservi
Belgique,28,Ostende,Zottegem,58,Bien desservi
Belgique,280,Braine-l'Alleud,Charleroi-Central,2,Sous-desservi
Belgique,280,Braine-l'Alleud,Charleroi-Central,6,Sous-desservi
Belgique,281,Bruxelles-Nord,Welkenraedt,1,Sous-desservi
Belgique,282,Liers,Mons,1,Sous-desservi
Belgique,282,Liers,Mons,3,Sous-desservi
Belgique,282,Liers,Mons,2,Sous-desservi
Belgique,282,Liers,Mons,2,Sous-desservi
Belgique,282,Liers,Mons,2,Sous-desservi
Belgique,282,Liers,Mons,3,Sous-desservi
Belgique,282,Liers,Mons,2,Sous-desservi
Belgique,282,Liers,Mons,1,Sous-desservi
Belgique,282,Liers,Mons,2,Sous-desservi
Belgique,282,Liers,Mons,2,Sous-desservi
Belgique,282,Liers,Mons,50,Desserte Normale
Belgique,282,Liers,Mons,2,Sous-desservi
Belgique,282,Liers,Mons,2,Sous-desservi
Belgique,282,Liers,Mons,2,Sous-desservi
Belgique,282,Liers,Mons,2,Sous-desservi
Belgique,282,Liers,Mons,2,Sous-desservi
Belgique,282,Liers,Mons,2,Sous-desservi
Belgique,282,Liers,Mons,2,Sous-desservi
Belgique,282,Liers,Mons,2,Sous-desservi
Belgique,282,Liers,Mons,2,Sous-desservi
Belgique,282,Liers,Mons,3,Sous-desservi
Belgique,282,Liers,Mons,2,Sous-desservi
Belgique,282,Liers,Mons,2,Sous-desservi
Belgique,282,Liers,Mons,2,Sous-desservi
Belgique,282,Liers,Mons,1,Sous-desservi
Belgique,283,Liège-Guillemins,Welkenraedt,5,Sous-desservi
Belgique,283,Liège-Guillemins,Welkenraedt,1,Sous-desservi
Belgique,284,Blankenberge,Bruges,1,Sous-desservi
Belgique,285,Liers,Tamines,64,Bien desservi
Belgique,285,Liers,Tamines,3,Sous-desservi
Belgique,286,Liège-Saint-Lambert,Welkenraedt,2,Sous-desservi
Belgique,286,Liège-Saint-Lambert,Welkenraedt,2,Sous-desservi
Belgique,286,Liège-Saint-Lambert,Welkenraedt,3,Sous-desservi
Belgique,287,Couvin,Mariembourg,1,Sous-desservi
Belgique,288,Bruxelles-Midi,Erquelinnes,1,Sous-desservi
Belgique,289,La Panne,Lichtervelde,1,Sous-desservi
Belgique,29,Bruges,Burst,58,Bien desservi
Belgique,290,Mons,Namur,4,Sous-desservi
Belgique,290,Mons,Namur,8,Desserte Normale
Belgique,290,Mons,Namur,27,Desserte Normale
Belgique,290,Mons,Namur,10,Desserte Normale
Belgique,290,Mons,Namur,8,Desserte Normale
Belgique,290,Mons,Namur,15,Desserte Normale
Belgique,290,Mons,Namur,8,Desserte Normale
Belgique,290,Mons,Namur,10,Desserte Normale
Belgique,290,Mons,Namur,8,Desserte Normale
Belgique,290,Mons,Namur,12,Desserte Normale
Belgique,290,Mons,Namur,10,Desserte Normale
Belgique,290,Mons,Namur,10,Desserte Normale
Belgique,290,Mons,Namur,10,Desserte Normale
Belgique,290,Mons,Namur,10,Desserte Normale
Belgique,290,Mons,Namur,10,Desserte Normale
Belgique,290,Mons,Namur,10,Desserte Normale
Belgique,290,Mons,Namur,8,Desserte Normale
Belgique,290,Mons,Namur,10,Desserte Normale
Belgique,290,Mons,Namur,10,Desserte Normale
Belgique,290,Mons,Namur,10,Desserte Normale
Belgique,290,Mons,Namur,10,Desserte Normale
Belgique,290,Mons,Namur,10,Desserte Normale
Belgique,290,Mons,Namur,13,Desserte Normale
Belgique,290,Mons,Namur,10,Desserte Normale
Belgique,290,Mons,Namur,10,Desserte Normale
Belgique,290,Mons,Namur,10,Desserte Normale
Belgique,290,Mons,Namur,10,Desserte Normale
Belgique,290,Mons,Namur,10,Desserte Normale
Belgique,290,Mons,Namur,10,Desserte Normale
Belgique,290,Mons,Namur,10,Desserte Normale
Belgique,290,Mons,Namur,10,Desserte Normale
Belgique,290,Mons,Namur,10,Desserte Normale
Belgique,290,Mons,Namur,8,Desserte Normale
Belgique,290,Mons,Namur,10,Desserte Normale
Belgique,290,Mons,Namur,10,Desserte Normale
Belgique,290,Mons,Namur,10,Desserte Normale
Belgique,290,Mons,Namur,10,Desserte Normale
Belgique,291,Ciney,Rochefort-Jemelle,4,Sous-desservi
Belgique,291,Ciney,Rochefort-Jemelle,5,Sous-desservi
Belgique,291,Ciney,Rochefort-Jemelle,6,Sous-desservi
Belgique,291,Ciney,Rochefort-Jemelle,5,Sous-desservi
Belgique,292,Namur,Rochefort-Jemelle,2,Sous-desservi
Belgique,293,Bruxelles-Midi,Gembloux,70,Bien desservi
Belgique,293,Bruxelles-Midi,Gembloux,82,Bien desservi
Belgique,294,Bissegem,Poperinge,1,Sous-desservi
Belgique,295,Huy,Mouscron,1,Sous-desservi
Belgique,296,Charleroi-Central,Maubeuge,1,Sous-desservi
Belgique,297,Charleroi-Central,Tamines,3,Sous-desservi
Belgique,297,Charleroi-Central,Tamines,1,Sous-desservi
Belgique,298,Bruxelles-Midi,Courtrai,8,Desserte Normale
Belgique,298,Bruxelles-Midi,Courtrai,20,Desserte Normale
Belgique,298,Bruxelles-Midi,Courtrai,16,Desserte Normale
Belgique,298,Bruxelles-Midi,Courtrai,20,Desserte Normale
Belgique,298,Bruxelles-Midi,Courtrai,32,Desserte Normale
Belgique,298,Bruxelles-Midi,Courtrai,41,Desserte Normale
Belgique,298,Bruxelles-Midi,Courtrai,35,Desserte Normale
Belgique,298,Bruxelles-Midi,Courtrai,40,Desserte Normale
Belgique,298,Bruxelles-Midi,Courtrai,40,Desserte Normale
Belgique,298,Bruxelles-Midi,Courtrai,40,Desserte Normale
Belgique,298,Bruxelles-Midi,Courtrai,40,Desserte Normale
Belgique,298,Bruxelles-Midi,Courtrai,45,Desserte Normale
Belgique,298,Bruxelles-Midi,Courtrai,40,Desserte Normale
Belgique,298,Bruxelles-Midi,Courtrai,40,Desserte Normale
Belgique,298,Bruxelles-Midi,Courtrai,40,Desserte Normale
Belgique,298,Bruxelles-Midi,Courtrai,40,Desserte Normale
Belgique,298,Bruxelles-Midi,Courtrai,40,Desserte Normale
Belgique,298,Bruxelles-Midi,Courtrai,40,Desserte Normale
Belgique,298,Bruxelles-Midi,Courtrai,40,Desserte Normale
Belgique,298,Bruxelles-Midi,Courtrai,40,Desserte Normale
Belgique,298,Bruxelles-Midi,Courtrai,40,Desserte Normale
Belgique,298,Bruxelles-Midi,Courtrai,32,Desserte Normale
Belgique,298,Bruxelles-Midi,Courtrai,40,Desserte Normale
Belgique,298,Bruxelles-Midi,Courtrai,40,Desserte Normale
Belgique,298,Bruxelles-Midi,Courtrai,40,Desserte Normale
Belgique,298,Bruxelles-Midi,Courtrai,40,Desserte Normale
Belgique,299,Ostende,Schaerbeek,3,Sous-desservi
Belgique,3,Schaerbeek,Tournai,76,Bien desservi
Belgique,3,Schaerbeek,Tournai,82,Bien desservi
Belgique,3,Schaerbeek,Tournai,10,Desserte Normale
Belgique,3,Schaerbeek,Tournai,72,Bien desservi
Belgique,30,Burst,Ostende,58,Bien desservi
Belgique,30,Burst,Ostende,87,Bien desservi
Belgique,300,Bruxelles-Midi,Knokke,1,Sous-desservi
Belgique,301,Châtelet,Mouscron,1,Sous-desservi
Belgique,302,Courtrai,Denderleeuw,1,Sous-desservi
Belgique,303,Bruxelles-Nord,Knokke,1,Sous-desservi
Belgique,304,Ath,Mons,1,Sous-desservi
Belgique,305,Saint-Ghislain,Tournai,1,Sous-desservi
Belgique,305,Saint-Ghislain,Tournai,5,Sous-desservi
Belgique,306,Mons,Mouscron,1,Sous-desservi
Belgique,307,Arlon,Marloie,11,Desserte Normale
Belgique,307,Arlon,Marloie,1,Sous-desservi
Belgique,307,Arlon,Marloie,2,Sous-desservi
Belgique,307,Arlon,Marloie,1,Sous-desservi
Belgique,308,Jambes,Ottignies,1,Sous-desservi
Belgique,309,Blaton,Tournai,1,Sous-desservi
Belgique,31,Bruges,Knokke,12,Desserte Normale
Belgique,31,Bruges,Knokke,21,Desserte Normale
Belgique,31,Bruges,Knokke,20,Desserte Normale
Belgique,31,Bruges,Knokke,22,Desserte Normale
Belgique,31,Bruges,Knokke,22,Desserte Normale
Belgique,31,Bruges,Knokke,77,Bien desservi
Belgique,31,Bruges,Knokke,20,Desserte Normale
Belgique,31,Bruges,Knokke,18,Desserte Normale
Belgique,31,Bruges,Knokke,23,Desserte Normale
Belgique,31,Bruges,Knokke,18,Desserte Normale
Belgique,31,Bruges,Knokke,18,Desserte Normale
Belgique,31,Bruges,Knokke,18,Desserte Normale
Belgique,31,Bruges,Knokke,18,Desserte Normale
Belgique,31,Bruges,Knokke,18,Desserte Normale
Belgique,31,Bruges,Knokke,18,Desserte Normale
Belgique,31,Bruges,Knokke,18,Desserte Normale
Belgique,31,Bruges,Knokke,20,Desserte Normale
Belgique,31,Bruges,Knokke,18,Desserte Normale
Belgique,31,Bruges,Knokke,18,Desserte Normale
Belgique,31,Bruges,Knokke,18,Desserte Normale
Belgique,31,Bruges,Knokke,18,Desserte Normale
Belgique,31,Bruges,Knokke,18,Desserte Normale
Belgique,31,Bruges,Knokke,78,Bien desservi
Belgique,31,Bruges,Knokke,18,Desserte Normale
Belgique,31,Bruges,Knokke,18,Desserte Normale
Belgique,31,Bruges,Knokke,78,Bien desservi
Belgique,31,Bruges,Knokke,18,Desserte Normale
Belgique,31,Bruges,Knokke,18,Desserte Normale
Belgique,31,Bruges,Knokke,18,Desserte Normale
Belgique,31,Bruges,Knokke,18,Desserte Normale
Belgique,31,Bruges,Knokke,18,Desserte Normale
Belgique,31,Bruges,Knokke,18,Desserte Normale
Belgique,31,Bruges,Knokke,20,Desserte Normale
Belgique,31,Bruges,Knokke,18,Desserte Normale
Belgique,31,Bruges,Knokke,18,Desserte Normale
Belgique,31,Bruges,Knokke,18,Desserte Normale
Belgique,31,Bruges,Knokke,14,Desserte Normale
Belgique,310,La Louvière-Sud,Mons,32,Desserte Normale
Belgique,310,La Louvière-Sud,Mons,48,Desserte Normale
Belgique,310,La Louvière-Sud,Mons,32,Desserte Normale
Belgique,310,La Louvière-Sud,Mons,32,Desserte Normale
Belgique,310,La Louvière-Sud,Mons,62,Bien desservi
Belgique,310,La Louvière-Sud,Mons,32,Desserte Normale
Belgique,310,La Louvière-Sud,Mons,48,Desserte Normale
Belgique,310,La Louvière-Sud,Mons,32,Desserte Normale
Belgique,310,La Louvière-Sud,Mons,48,Desserte Normale
Belgique,310,La Louvière-Sud,Mons,45,Desserte Normale
Belgique,310,La Louvière-Sud,Mons,32,Desserte Normale
Belgique,310,La Louvière-Sud,Mons,6,Sous-desservi
Belgique,310,La Louvière-Sud,Mons,45,Desserte Normale
Belgique,310,La Louvière-Sud,Mons,32,Desserte Normale
Belgique,310,La Louvière-Sud,Mons,48,Desserte Normale
Belgique,310,La Louvière-Sud,Mons,32,Desserte Normale
Belgique,310,La Louvière-Sud,Mons,45,Desserte Normale
Belgique,310,La Louvière-Sud,Mons,32,Desserte Normale
Belgique,310,La Louvière-Sud,Mons,32,Desserte Normale
Belgique,310,La Louvière-Sud,Mons,32,Desserte Normale
Belgique,310,La Louvière-Sud,Mons,45,Desserte Normale
Belgique,310,La Louvière-Sud,Mons,32,Desserte Normale
Belgique,310,La Louvière-Sud,Mons,32,Desserte Normale
Belgique,310,La Louvière-Sud,Mons,32,Desserte Normale
Belgique,310,La Louvière-Sud,Mons,32,Desserte Normale
Belgique,310,La Louvière-Sud,Mons,32,Desserte Normale
Belgique,310,La Louvière-Sud,Mons,32,Desserte Normale
Belgique,310,La Louvière-Sud,Mons,32,Desserte Normale
Belgique,310,La Louvière-Sud,Mons,32,Desserte Normale
Belgique,310,La Louvière-Sud,Mons,32,Desserte Normale
Belgique,310,La Louvière-Sud,Mons,48,Desserte Normale
Belgique,310,La Louvière-Sud,Mons,32,Desserte Normale
Belgique,310,La Louvière-Sud,Mons,32,Desserte Normale
Belgique,310,La Louvière-Sud,Mons,32,Desserte Normale
Belgique,310,La Louvière-Sud,Mons,16,Desserte Normale
Belgique,311,Ottignies,Tilly,3,Sous-desservi
Belgique,312,Eupen,Liège-Guillemins,5,Sous-desservi
Belgique,313,Landen,Liège-Guillemins,4,Sous-desservi
Belgique,314,Bruxelles-Midi,Zottegem,2,Sous-desservi
Belgique,315,Termonde,Zeebrugge-Strand,2,Sous-desservi
Belgique,315,Termonde,Zeebrugge-Strand,3,Sous-desservi
Belgique,315,Termonde,Zeebrugge-Strand,2,Sous-desservi
Belgique,315,Termonde,Zeebrugge-Strand,2,Sous-desservi
Belgique,315,Termonde,Zeebrugge-Strand,3,Sous-desservi
Belgique,315,Termonde,Zeebrugge-Strand,2,Sous-desservi
Belgique,315,Termonde,Zeebrugge-Strand,4,Sous-desservi
Belgique,315,Termonde,Zeebrugge-Strand,2,Sous-desservi
Belgique,315,Termonde,Zeebrugge-Strand,53,Desserte Normale
Belgique,315,Termonde,Zeebrugge-Strand,2,Sous-desservi
Belgique,315,Termonde,Zeebrugge-Strand,2,Sous-desservi
Belgique,315,Termonde,Zeebrugge-Strand,2,Sous-desservi
Belgique,315,Termonde,Zeebrugge-Strand,2,Sous-desservi
Belgique,315,Termonde,Zeebrugge-Strand,12,Desserte Normale
Belgique,315,Termonde,Zeebrugge-Strand,12,Desserte Normale
Belgique,315,Termonde,Zeebrugge-Strand,12,Desserte Normale
Belgique,315,Termonde,Zeebrugge-Strand,11,Desserte Normale
Belgique,315,Termonde,Zeebrugge-Strand,12,Desserte Normale
Belgique,315,Termonde,Zeebrugge-Strand,12,Desserte Normale
Belgique,315,Termonde,Zeebrugge-Strand,12,Desserte Normale
Belgique,315,Termonde,Zeebrugge-Strand,12,Desserte Normale
Belgique,315,Termonde,Zeebrugge-Strand,12,Desserte Normale
Belgique,315,Termonde,Zeebrugge-Strand,2,Sous-desservi
Belgique,315,Termonde,Zeebrugge-Strand,2,Sous-desservi
Belgique,315,Termonde,Zeebrugge-Strand,2,Sous-desservi
Belgique,315,Termonde,Zeebrugge-Strand,2,Sous-desservi
Belgique,315,Termonde,Zeebrugge-Strand,2,Sous-desservi
Belgique,315,Termonde,Zeebrugge-Strand,2,Sous-desservi
Belgique,315,Termonde,Zeebrugge-Strand,2,Sous-desservi
Belgique,315,Termonde,Zeebrugge-Strand,2,Sous-desservi
Belgique,315,Termonde,Zeebrugge-Strand,3,Sous-desservi
Belgique,315,Termonde,Zeebrugge-Strand,2,Sous-desservi
Belgique,315,Termonde,Zeebrugge-Strand,2,Sous-desservi
Belgique,315,Termonde,Zeebrugge-Strand,2,Sous-desservi
Belgique,315,Termonde,Zeebrugge-Strand,1,Sous-desservi
Belgique,316,Ath,Grammont,6,Sous-desservi
Belgique,316,Ath,Grammont,10,Desserte Normale
Belgique,316,Ath,Grammont,6,Sous-desservi
Belgique,316,Ath,Grammont,9,Desserte Normale
Belgique,316,Ath,Grammont,4,Sous-desservi
Belgique,316,Ath,Grammont,74,Bien desservi
Belgique,316,Ath,Grammont,10,Desserte Normale
Belgique,316,Ath,Grammont,9,Desserte Normale
Belgique,316,Ath,Grammont,10,Desserte Normale
Belgique,316,Ath,Grammont,9,Desserte Normale
Belgique,316,Ath,Grammont,9,Desserte Normale
Belgique,316,Ath,Grammont,9,Desserte Normale
Belgique,316,Ath,Grammont,9,Desserte Normale
Belgique,316,Ath,Grammont,9,Desserte Normale
Belgique,316,Ath,Grammont,9,Desserte Normale
Belgique,316,Ath,Grammont,9,Desserte Normale
Belgique,316,Ath,Grammont,10,Desserte Normale
Belgique,316,Ath,Grammont,9,Desserte Normale
Belgique,316,Ath,Grammont,9,Desserte Normale
Belgique,316,Ath,Grammont,9,Desserte Normale
Belgique,316,Ath,Grammont,9,Desserte Normale
Belgique,316,Ath,Grammont,9,Desserte Normale
Belgique,316,Ath,Grammont,9,Desserte Normale
Belgique,316,Ath,Grammont,9,Desserte Normale
Belgique,316,Ath,Grammont,9,Desserte Normale
Belgique,316,Ath,Grammont,9,Desserte Normale
Belgique,316,Ath,Grammont,9,Desserte Normale
Belgique,316,Ath,Grammont,9,Desserte Normale
Belgique,316,Ath,Grammont,9,Desserte Normale
Belgique,316,Ath,Grammont,9,Desserte Normale
Belgique,316,Ath,Grammont,9,Desserte Normale
Belgique,316,Ath,Grammont,9,Desserte Normale
Belgique,316,Ath,Grammont,10,Desserte Normale
Belgique,316,Ath,Grammont,9,Desserte Normale
Belgique,316,Ath,Grammont,9,Desserte Normale
Belgique,316,Ath,Grammont,9,Desserte Normale
Belgique,316,Ath,Grammont,7,Desserte Normale
Belgique,317,Châtelet,Wavre,1,Sous-desservi
Belgique,318,Moustier,Namur,1,Sous-desservi
Belgique,319,Anvers-Central,Lokeren,66,Bien desservi
Belgique,32,Audenarde,Courtrai,10,Desserte Normale
Belgique,32,Audenarde,Courtrai,10,Desserte Normale
Belgique,32,Audenarde,Courtrai,8,Desserte Normale
Belgique,320,Saint-Ghislain,Tongres,6,Sous-desservi
Belgique,320,Saint-Ghislain,Tongres,12,Desserte Normale
Belgique,320,Saint-Ghislain,Tongres,5,Sous-desservi
Belgique,320,Saint-Ghislain,Tongres,12,Desserte Normale
Belgique,320,Saint-Ghislain,Tongres,15,Desserte Normale
Belgique,320,Saint-Ghislain,Tongres,12,Desserte Normale
Belgique,320,Saint-Ghislain,Tongres,15,Desserte Normale
Belgique,320,Saint-Ghislain,Tongres,15,Desserte Normale
Belgique,320,Saint-Ghislain,Tongres,15,Desserte Normale
Belgique,320,Saint-Ghislain,Tongres,15,Desserte Normale
Belgique,320,Saint-Ghislain,Tongres,15,Desserte Normale
Belgique,320,Saint-Ghislain,Tongres,15,Desserte Normale
Belgique,320,Saint-Ghislain,Tongres,15,Desserte Normale
Belgique,320,Saint-Ghislain,Tongres,12,Desserte Normale
Belgique,320,Saint-Ghislain,Tongres,15,Desserte Normale
Belgique,320,Saint-Ghislain,Tongres,15,Desserte Normale
Belgique,320,Saint-Ghislain,Tongres,15,Desserte Normale
Belgique,320,Saint-Ghislain,Tongres,15,Desserte Normale
Belgique,320,Saint-Ghislain,Tongres,15,Desserte Normale
Belgique,320,Saint-Ghislain,Tongres,15,Desserte Normale
Belgique,320,Saint-Ghislain,Tongres,15,Desserte Normale
Belgique,320,Saint-Ghislain,Tongres,15,Desserte Normale
Belgique,320,Saint-Ghislain,Tongres,15,Desserte Normale
Belgique,320,Saint-Ghislain,Tongres,15,Desserte Normale
Belgique,320,Saint-Ghislain,Tongres,15,Desserte Normale
Belgique,320,Saint-Ghislain,Tongres,15,Desserte Normale
Belgique,320,Saint-Ghislain,Tongres,15,Desserte Normale
Belgique,320,Saint-Ghislain,Tongres,12,Desserte Normale
Belgique,320,Saint-Ghislain,Tongres,15,Desserte Normale
Belgique,320,Saint-Ghislain,Tongres,15,Desserte Normale
Belgique,320,Saint-Ghislain,Tongres,15,Desserte Normale
Belgique,320,Saint-Ghislain,Tongres,15,Desserte Normale
Belgique,321,Diest,Saint-Ghislain,8,Desserte Normale
Belgique,321,Diest,Saint-Ghislain,15,Desserte Normale
Belgique,321,Diest,Saint-Ghislain,10,Desserte Normale
Belgique,322,Louvain,Saint-Ghislain,15,Desserte Normale
Belgique,322,Louvain,Saint-Ghislain,15,Desserte Normale
Belgique,323,Braine-le-Comte,Tongres,4,Sous-desservi
Belgique,324,Anvers-Central,Bruxelles-Midi,13,Desserte Normale
Belgique,324,Anvers-Central,Bruxelles-Midi,20,Desserte Normale
Belgique,324,Anvers-Central,Bruxelles-Midi,17,Desserte Normale
Belgique,324,Anvers-Central,Bruxelles-Midi,18,Desserte Normale
Belgique,324,Anvers-Central,Bruxelles-Midi,128,Bien desservi
Belgique,324,Anvers-Central,Bruxelles-Midi,296,Bien desservi
Belgique,324,Anvers-Central,Bruxelles-Midi,18,Desserte Normale
Belgique,324,Anvers-Central,Bruxelles-Midi,21,Desserte Normale
Belgique,324,Anvers-Central,Bruxelles-Midi,94,Bien desservi
Belgique,324,Anvers-Central,Bruxelles-Midi,18,Desserte Normale
Belgique,324,Anvers-Central,Bruxelles-Midi,18,Desserte Normale
Belgique,324,Anvers-Central,Bruxelles-Midi,18,Desserte Normale
Belgique,324,Anvers-Central,Bruxelles-Midi,18,Desserte Normale
Belgique,324,Anvers-Central,Bruxelles-Midi,18,Desserte Normale
Belgique,324,Anvers-Central,Bruxelles-Midi,22,Desserte Normale
Belgique,324,Anvers-Central,Bruxelles-Midi,22,Desserte Normale
Belgique,324,Anvers-Central,Bruxelles-Midi,21,Desserte Normale
Belgique,324,Anvers-Central,Bruxelles-Midi,22,Desserte Normale
Belgique,324,Anvers-Central,Bruxelles-Midi,22,Desserte Normale
Belgique,324,Anvers-Central,Bruxelles-Midi,21,Desserte Normale
Belgique,324,Anvers-Central,Bruxelles-Midi,18,Desserte Normale
Belgique,324,Anvers-Central,Bruxelles-Midi,19,Desserte Normale
Belgique,324,Anvers-Central,Bruxelles-Midi,22,Desserte Normale
Belgique,324,Anvers-Central,Bruxelles-Midi,22,Desserte Normale
Belgique,324,Anvers-Central,Bruxelles-Midi,17,Desserte Normale
Belgique,324,Anvers-Central,Bruxelles-Midi,22,Desserte Normale
Belgique,324,Anvers-Central,Bruxelles-Midi,22,Desserte Normale
Belgique,324,Anvers-Central,Bruxelles-Midi,22,Desserte Normale
Belgique,324,Anvers-Central,Bruxelles-Midi,21,Desserte Normale
Belgique,324,Anvers-Central,Bruxelles-Midi,22,Desserte Normale
Belgique,324,Anvers-Central,Bruxelles-Midi,22,Desserte Normale
Belgique,324,Anvers-Central,Bruxelles-Midi,22,Desserte Normale
Belgique,324,Anvers-Central,Bruxelles-Midi,17,Desserte Normale
Belgique,324,Anvers-Central,Bruxelles-Midi,22,Desserte Normale
Belgique,324,Anvers-Central,Bruxelles-Midi,22,Desserte Normale
Belgique,324,Anvers-Central,Bruxelles-Midi,22,Desserte Normale
Belgique,324,Anvers-Central,Bruxelles-Midi,19,Desserte Normale
Belgique,325,Anvers-Central,Nivelles,223,Bien desservi
Belgique,325,Anvers-Central,Nivelles,326,Bien desservi
Belgique,325,Anvers-Central,Nivelles,310,Bien desservi
Belgique,325,Anvers-Central,Nivelles,310,Bien desservi
Belgique,325,Anvers-Central,Nivelles,247,Bien desservi
Belgique,325,Anvers-Central,Nivelles,281,Bien desservi
Belgique,325,Anvers-Central,Nivelles,408,Bien desservi
Belgique,325,Anvers-Central,Nivelles,283,Bien desservi
Belgique,325,Anvers-Central,Nivelles,311,Bien desservi
Belgique,325,Anvers-Central,Nivelles,310,Bien desservi
Belgique,325,Anvers-Central,Nivelles,310,Bien desservi
Belgique,325,Anvers-Central,Nivelles,310,Bien desservi
Belgique,325,Anvers-Central,Nivelles,310,Bien desservi
Belgique,325,Anvers-Central,Nivelles,409,Bien desservi
Belgique,325,Anvers-Central,Nivelles,409,Bien desservi
Belgique,325,Anvers-Central,Nivelles,357,Bien desservi
Belgique,325,Anvers-Central,Nivelles,383,Bien desservi
Belgique,325,Anvers-Central,Nivelles,383,Bien desservi
Belgique,325,Anvers-Central,Nivelles,382,Bien desservi
Belgique,325,Anvers-Central,Nivelles,310,Bien desservi
Belgique,325,Anvers-Central,Nivelles,313,Bien desservi
Belgique,325,Anvers-Central,Nivelles,383,Bien desservi
Belgique,325,Anvers-Central,Nivelles,409,Bien desservi
Belgique,325,Anvers-Central,Nivelles,310,Bien desservi
Belgique,325,Anvers-Central,Nivelles,409,Bien desservi
Belgique,325,Anvers-Central,Nivelles,409,Bien desservi
Belgique,325,Anvers-Central,Nivelles,409,Bien desservi
Belgique,325,Anvers-Central,Nivelles,408,Bien desservi
Belgique,325,Anvers-Central,Nivelles,409,Bien desservi
Belgique,325,Anvers-Central,Nivelles,409,Bien desservi
Belgique,325,Anvers-Central,Nivelles,409,Bien desservi
Belgique,325,Anvers-Central,Nivelles,285,Bien desservi
Belgique,325,Anvers-Central,Nivelles,409,Bien desservi
Belgique,325,Anvers-Central,Nivelles,409,Bien desservi
Belgique,325,Anvers-Central,Nivelles,409,Bien desservi
Belgique,325,Anvers-Central,Nivelles,372,Bien desservi
Belgique,326,Anvers-Central,Schaerbeek,135,Bien desservi
Belgique,327,Nivelles,Vilvorde,98,Bien desservi
Belgique,327,Nivelles,Vilvorde,98,Bien desservi
Belgique,327,Nivelles,Vilvorde,72,Bien desservi
Belgique,327,Nivelles,Vilvorde,72,Bien desservi
Belgique,327,Nivelles,Vilvorde,99,Bien desservi
Belgique,327,Nivelles,Vilvorde,99,Bien desservi
Belgique,327,Nivelles,Vilvorde,99,Bien desservi
Belgique,327,Nivelles,Vilvorde,99,Bien desservi
Belgique,327,Nivelles,Vilvorde,72,Bien desservi
Belgique,328,Malines,Nivelles,26,Desserte Normale
Belgique,328,Malines,Nivelles,96,Bien desservi
Belgique,328,Malines,Nivelles,26,Desserte Normale
Belgique,329,Bruxelles-Midi,Nivelles,26,Desserte Normale
Belgique,329,Bruxelles-Midi,Nivelles,26,Desserte Normale
Belgique,329,Bruxelles-Midi,Nivelles,26,Desserte Normale
Belgique,329,Bruxelles-Midi,Nivelles,26,Desserte Normale
Belgique,329,Bruxelles-Midi,Nivelles,26,Desserte Normale
Belgique,329,Bruxelles-Midi,Nivelles,26,Desserte Normale
Belgique,329,Bruxelles-Midi,Nivelles,26,Desserte Normale
Belgique,33,Audenarde,Ostende,62,Bien desservi
Belgique,33,Audenarde,Ostende,62,Bien desservi
Belgique,33,Audenarde,Ostende,60,Bien desservi
Belgique,330,Rhode-Saint-Genèse,Waterloo,1,Sous-desservi
Belgique,331,Nivelles,Schaerbeek,2,Sous-desservi
Belgique,331,Nivelles,Schaerbeek,4,Sous-desservi
Belgique,331,Nivelles,Schaerbeek,6,Sous-desservi
Belgique,331,Nivelles,Schaerbeek,5,Sous-desservi
Belgique,331,Nivelles,Schaerbeek,4,Sous-desservi
Belgique,331,Nivelles,Schaerbeek,4,Sous-desservi
Belgique,331,Nivelles,Schaerbeek,5,Sous-desservi
Belgique,331,Nivelles,Schaerbeek,4,Sous-desservi
Belgique,331,Nivelles,Schaerbeek,5,Sous-desservi
Belgique,331,Nivelles,Schaerbeek,5,Sous-desservi
Belgique,331,Nivelles,Schaerbeek,5,Sous-desservi
Belgique,331,Nivelles,Schaerbeek,5,Sous-desservi
Belgique,331,Nivelles,Schaerbeek,5,Sous-desservi
Belgique,331,Nivelles,Schaerbeek,5,Sous-desservi
Belgique,331,Nivelles,Schaerbeek,5,Sous-desservi
Belgique,331,Nivelles,Schaerbeek,4,Sous-desservi
Belgique,331,Nivelles,Schaerbeek,5,Sous-desservi
Belgique,331,Nivelles,Schaerbeek,5,Sous-desservi
Belgique,331,Nivelles,Schaerbeek,5,Sous-desservi
Belgique,331,Nivelles,Schaerbeek,5,Sous-desservi
Belgique,331,Nivelles,Schaerbeek,5,Sous-desservi
Belgique,331,Nivelles,Schaerbeek,5,Sous-desservi
Belgique,331,Nivelles,Schaerbeek,5,Sous-desservi
Belgique,331,Nivelles,Schaerbeek,6,Sous-desservi
Belgique,331,Nivelles,Schaerbeek,5,Sous-desservi
Belgique,331,Nivelles,Schaerbeek,5,Sous-desservi
Belgique,331,Nivelles,Schaerbeek,5,Sous-desservi
Belgique,331,Nivelles,Schaerbeek,5,Sous-desservi
Belgique,331,Nivelles,Schaerbeek,5,Sous-desservi
Belgique,331,Nivelles,Schaerbeek,5,Sous-desservi
Belgique,331,Nivelles,Schaerbeek,5,Sous-desservi
Belgique,331,Nivelles,Schaerbeek,4,Sous-desservi
Belgique,331,Nivelles,Schaerbeek,5,Sous-desservi
Belgique,331,Nivelles,Schaerbeek,5,Sous-desservi
Belgique,331,Nivelles,Schaerbeek,5,Sous-desservi
Belgique,331,Nivelles,Schaerbeek,5,Sous-desservi
Belgique,332,Bruxelles-Luxembourg,Louvain,1,Sous-desservi
Belgique,333,Ottignies,Wavre,2,Sous-desservi
Belgique,333,Ottignies,Wavre,3,Sous-desservi
Belgique,333,Ottignies,Wavre,2,Sous-desservi
Belgique,333,Ottignies,Wavre,2,Sous-desservi
Belgique,333,Ottignies,Wavre,3,Sous-desservi
Belgique,333,Ottignies,Wavre,1,Sous-desservi
Belgique,333,Ottignies,Wavre,2,Sous-desservi
Belgique,333,Ottignies,Wavre,2,Sous-desservi
Belgique,333,Ottignies,Wavre,2,Sous-desservi
Belgique,333,Ottignies,Wavre,2,Sous-desservi
Belgique,333,Ottignies,Wavre,2,Sous-desservi
Belgique,333,Ottignies,Wavre,2,Sous-desservi
Belgique,333,Ottignies,Wavre,2,Sous-desservi
Belgique,333,Ottignies,Wavre,2,Sous-desservi
Belgique,333,Ottignies,Wavre,1,Sous-desservi
Belgique,333,Ottignies,Wavre,2,Sous-desservi
Belgique,333,Ottignies,Wavre,2,Sous-desservi
Belgique,333,Ottignies,Wavre,2,Sous-desservi
Belgique,333,Ottignies,Wavre,2,Sous-desservi
Belgique,333,Ottignies,Wavre,2,Sous-desservi
Belgique,333,Ottignies,Wavre,2,Sous-desservi
Belgique,333,Ottignies,Wavre,2,Sous-desservi
Belgique,333,Ottignies,Wavre,2,Sous-desservi
Belgique,333,Ottignies,Wavre,2,Sous-desservi
Belgique,333,Ottignies,Wavre,2,Sous-desservi
Belgique,333,Ottignies,Wavre,2,Sous-desservi
Belgique,333,Ottignies,Wavre,2,Sous-desservi
Belgique,333,Ottignies,Wavre,2,Sous-desservi
Belgique,333,Ottignies,Wavre,2,Sous-desservi
Belgique,333,Ottignies,Wavre,2,Sous-desservi
Belgique,334,Bruxelles-Midi,Ottignies,8,Desserte Normale
Belgique,334,Bruxelles-Midi,Ottignies,12,Desserte Normale
Belgique,334,Bruxelles-Midi,Ottignies,8,Desserte Normale
Belgique,334,Bruxelles-Midi,Ottignies,8,Desserte Normale
Belgique,334,Bruxelles-Midi,Ottignies,8,Desserte Normale
Belgique,334,Bruxelles-Midi,Ottignies,8,Desserte Normale
Belgique,334,Bruxelles-Midi,Ottignies,4,Sous-desservi
Belgique,334,Bruxelles-Midi,Ottignies,8,Desserte Normale
Belgique,334,Bruxelles-Midi,Ottignies,8,Desserte Normale
Belgique,334,Bruxelles-Midi,Ottignies,8,Desserte Normale
Belgique,334,Bruxelles-Midi,Ottignies,10,Desserte Normale
Belgique,334,Bruxelles-Midi,Ottignies,10,Desserte Normale
Belgique,334,Bruxelles-Midi,Ottignies,12,Desserte Normale
Belgique,334,Bruxelles-Midi,Ottignies,12,Desserte Normale
Belgique,334,Bruxelles-Midi,Ottignies,18,Desserte Normale
Belgique,334,Bruxelles-Midi,Ottignies,12,Desserte Normale
Belgique,334,Bruxelles-Midi,Ottignies,12,Desserte Normale
Belgique,334,Bruxelles-Midi,Ottignies,12,Desserte Normale
Belgique,334,Bruxelles-Midi,Ottignies,12,Desserte Normale
Belgique,334,Bruxelles-Midi,Ottignies,12,Desserte Normale
Belgique,334,Bruxelles-Midi,Ottignies,8,Desserte Normale
Belgique,334,Bruxelles-Midi,Ottignies,8,Desserte Normale
Belgique,334,Bruxelles-Midi,Ottignies,8,Desserte Normale
Belgique,334,Bruxelles-Midi,Ottignies,8,Desserte Normale
Belgique,334,Bruxelles-Midi,Ottignies,8,Desserte Normale
Belgique,334,Bruxelles-Midi,Ottignies,8,Desserte Normale
Belgique,334,Bruxelles-Midi,Ottignies,12,Desserte Normale
Belgique,334,Bruxelles-Midi,Ottignies,12,Desserte Normale
Belgique,334,Bruxelles-Midi,Ottignies,12,Desserte Normale
Belgique,334,Bruxelles-Midi,Ottignies,12,Desserte Normale
Belgique,335,Bruxelles-Midi,Wavre,12,Desserte Normale
Belgique,335,Bruxelles-Midi,Wavre,7,Desserte Normale
Belgique,336,Cambron-Casteau,Schaerbeek,12,Desserte Normale
Belgique,336,Cambron-Casteau,Schaerbeek,6,Sous-desservi
Belgique,336,Cambron-Casteau,Schaerbeek,12,Desserte Normale
Belgique,336,Cambron-Casteau,Schaerbeek,18,Desserte Normale
Belgique,336,Cambron-Casteau,Schaerbeek,18,Desserte Normale
Belgique,336,Cambron-Casteau,Schaerbeek,12,Desserte Normale
Belgique,336,Cambron-Casteau,Schaerbeek,12,Desserte Normale
Belgique,336,Cambron-Casteau,Schaerbeek,3,Sous-desservi
Belgique,336,Cambron-Casteau,Schaerbeek,12,Desserte Normale
Belgique,336,Cambron-Casteau,Schaerbeek,9,Desserte Normale
Belgique,336,Cambron-Casteau,Schaerbeek,12,Desserte Normale
Belgique,336,Cambron-Casteau,Schaerbeek,12,Desserte Normale
Belgique,336,Cambron-Casteau,Schaerbeek,12,Desserte Normale
Belgique,336,Cambron-Casteau,Schaerbeek,12,Desserte Normale
Belgique,336,Cambron-Casteau,Schaerbeek,12,Desserte Normale
Belgique,337,Jurbise,Schaerbeek,9,Desserte Normale
Belgique,338,Anvers-Central,Bruges,68,Bien desservi
Belgique,338,Anvers-Central,Bruges,96,Bien desservi
Belgique,338,Anvers-Central,Bruges,1,Sous-desservi
Belgique,338,Anvers-Central,Bruges,1,Sous-desservi
Belgique,339,Dinant,Houyet,18,Desserte Normale
Belgique,339,Dinant,Houyet,27,Desserte Normale
Belgique,339,Dinant,Houyet,9,Desserte Normale
Belgique,339,Dinant,Houyet,18,Desserte Normale
Belgique,339,Dinant,Houyet,27,Desserte Normale
Belgique,339,Dinant,Houyet,18,Desserte Normale
Belgique,339,Dinant,Houyet,18,Desserte Normale
Belgique,339,Dinant,Houyet,18,Desserte Normale
Belgique,339,Dinant,Houyet,18,Desserte Normale
Belgique,339,Dinant,Houyet,18,Desserte Normale
Belgique,339,Dinant,Houyet,18,Desserte Normale
Belgique,339,Dinant,Houyet,14,Desserte Normale
Belgique,339,Dinant,Houyet,27,Desserte Normale
Belgique,339,Dinant,Houyet,18,Desserte Normale
Belgique,339,Dinant,Houyet,18,Desserte Normale
Belgique,339,Dinant,Houyet,18,Desserte Normale
Belgique,339,Dinant,Houyet,18,Desserte Normale
Belgique,339,Dinant,Houyet,18,Desserte Normale
Belgique,339,Dinant,Houyet,18,Desserte Normale
Belgique,339,Dinant,Houyet,18,Desserte Normale
Belgique,34,Bruges,Courtrai,84,Bien desservi
Belgique,34,Bruges,Courtrai,156,Bien desservi
Belgique,34,Bruges,Courtrai,173,Bien desservi
Belgique,34,Bruges,Courtrai,162,Bien desservi
Belgique,34,Bruges,Courtrai,152,Bien desservi
Belgique,34,Bruges,Courtrai,162,Bien desservi
Belgique,34,Bruges,Courtrai,152,Bien desservi
Belgique,34,Bruges,Courtrai,130,Bien desservi
Belgique,34,Bruges,Courtrai,104,Bien desservi
Belgique,34,Bruges,Courtrai,130,Bien desservi
Belgique,34,Bruges,Courtrai,162,Bien desservi
Belgique,34,Bruges,Courtrai,162,Bien desservi
Belgique,34,Bruges,Courtrai,162,Bien desservi
Belgique,34,Bruges,Courtrai,167,Bien desservi
Belgique,34,Bruges,Courtrai,167,Bien desservi
Belgique,34,Bruges,Courtrai,167,Bien desservi
Belgique,34,Bruges,Courtrai,156,Bien desservi
Belgique,34,Bruges,Courtrai,167,Bien desservi
Belgique,34,Bruges,Courtrai,167,Bien desservi
Belgique,34,Bruges,Courtrai,167,Bien desservi
Belgique,34,Bruges,Courtrai,167,Bien desservi
Belgique,34,Bruges,Courtrai,167,Bien desservi
Belgique,34,Bruges,Courtrai,162,Bien desservi
Belgique,34,Bruges,Courtrai,162,Bien desservi
Belgique,34,Bruges,Courtrai,162,Bien desservi
Belgique,34,Bruges,Courtrai,162,Bien desservi
Belgique,34,Bruges,Courtrai,162,Bien desservi
Belgique,34,Bruges,Courtrai,162,Bien desservi
Belgique,34,Bruges,Courtrai,162,Bien desservi
Belgique,34,Bruges,Courtrai,162,Bien desservi
Belgique,34,Bruges,Courtrai,162,Bien desservi
Belgique,34,Bruges,Courtrai,162,Bien desservi
Belgique,34,Bruges,Courtrai,152,Bien desservi
Belgique,34,Bruges,Courtrai,162,Bien desservi
Belgique,34,Bruges,Courtrai,162,Bien desservi
Belgique,34,Bruges,Courtrai,162,Bien desservi
Belgique,34,Bruges,Courtrai,146,Bien desservi
Belgique,340,Liège-Guillemins,Rochefort-Jemelle,2,Sous-desservi
Belgique,340,Liège-Guillemins,Rochefort-Jemelle,2,Sous-desservi
Belgique,340,Liège-Guillemins,Rochefort-Jemelle,2,Sous-desservi
Belgique,340,Liège-Guillemins,Rochefort-Jemelle,2,Sous-desservi
Belgique,340,Liège-Guillemins,Rochefort-Jemelle,3,Sous-desservi
Belgique,340,Liège-Guillemins,Rochefort-Jemelle,2,Sous-desservi
Belgique,340,Liège-Guillemins,Rochefort-Jemelle,2,Sous-desservi
Belgique,340,Liège-Guillemins,Rochefort-Jemelle,2,Sous-desservi
Belgique,340,Liège-Guillemins,Rochefort-Jemelle,2,Sous-desservi
Belgique,341,Bruges,Knokke,12,Desserte Normale
Belgique,341,Bruges,Knokke,72,Bien desservi
Belgique,341,Bruges,Knokke,72,Bien desservi
Belgique,341,Bruges,Knokke,72,Bien desservi
Belgique,341,Bruges,Knokke,66,Bien desservi
Belgique,341,Bruges,Knokke,72,Bien desservi
Belgique,341,Bruges,Knokke,72,Bien desservi
Belgique,341,Bruges,Knokke,72,Bien desservi
Belgique,341,Bruges,Knokke,72,Bien desservi
Belgique,341,Bruges,Knokke,72,Bien desservi
Belgique,342,Blankenberge,Turnhout,4,Sous-desservi
Belgique,342,Blankenberge,Turnhout,4,Sous-desservi
Belgique,342,Blankenberge,Turnhout,4,Sous-desservi
Belgique,342,Blankenberge,Turnhout,4,Sous-desservi
Belgique,342,Blankenberge,Turnhout,6,Sous-desservi
Belgique,342,Blankenberge,Turnhout,4,Sous-desservi
Belgique,342,Blankenberge,Turnhout,4,Sous-desservi
Belgique,342,Blankenberge,Turnhout,4,Sous-desservi
Belgique,342,Blankenberge,Turnhout,4,Sous-desservi
Belgique,343,Blankenberge,Herentals,8,Desserte Normale
Belgique,343,Blankenberge,Herentals,4,Sous-desservi
Belgique,343,Blankenberge,Herentals,4,Sous-desservi
Belgique,344,Anvers-Central,Blankenberge,16,Desserte Normale
Belgique,344,Anvers-Central,Blankenberge,16,Desserte Normale
Belgique,344,Anvers-Central,Blankenberge,16,Desserte Normale
Belgique,344,Anvers-Central,Blankenberge,16,Desserte Normale
Belgique,344,Anvers-Central,Blankenberge,24,Desserte Normale
Belgique,344,Anvers-Central,Blankenberge,14,Desserte Normale
Belgique,344,Anvers-Central,Blankenberge,16,Desserte Normale
Belgique,344,Anvers-Central,Blankenberge,16,Desserte Normale
Belgique,344,Anvers-Central,Blankenberge,16,Desserte Normale
Belgique,344,Anvers-Central,Blankenberge,16,Desserte Normale
Belgique,345,Blankenberge,Charleroi-Central,10,Desserte Normale
Belgique,345,Blankenberge,Charleroi-Central,11,Desserte Normale
Belgique,345,Blankenberge,Charleroi-Central,14,Desserte Normale
Belgique,345,Blankenberge,Charleroi-Central,14,Desserte Normale
Belgique,345,Blankenberge,Charleroi-Central,14,Desserte Normale
Belgique,345,Blankenberge,Charleroi-Central,10,Desserte Normale
Belgique,345,Blankenberge,Charleroi-Central,14,Desserte Normale
Belgique,345,Blankenberge,Charleroi-Central,14,Desserte Normale
Belgique,345,Blankenberge,Charleroi-Central,14,Desserte Normale
Belgique,346,Blankenberge,Mons,4,Sous-desservi
Belgique,346,Blankenberge,Mons,4,Sous-desservi
Belgique,347,Blankenberge,Mouscron,3,Sous-desservi
Belgique,347,Blankenberge,Mouscron,4,Sous-desservi
Belgique,348,Blankenberge,Neerpelt,4,Sous-desservi
Belgique,348,Blankenberge,Neerpelt,14,Desserte Normale
Belgique,348,Blankenberge,Neerpelt,14,Desserte Normale
Belgique,348,Blankenberge,Neerpelt,14,Desserte Normale
Belgique,348,Blankenberge,Neerpelt,14,Desserte Normale
Belgique,348,Blankenberge,Neerpelt,14,Desserte Normale
Belgique,348,Blankenberge,Neerpelt,10,Desserte Normale
Belgique,348,Blankenberge,Neerpelt,10,Desserte Normale
Belgique,348,Blankenberge,Neerpelt,14,Desserte Normale
Belgique,348,Blankenberge,Neerpelt,10,Desserte Normale
Belgique,349,Ostende,Schaerbeek,10,Desserte Normale
Belgique,349,Ostende,Schaerbeek,10,Desserte Normale
Belgique,349,Ostende,Schaerbeek,10,Desserte Normale
Belgique,349,Ostende,Schaerbeek,8,Desserte Normale
Belgique,349,Ostende,Schaerbeek,10,Desserte Normale
Belgique,349,Ostende,Schaerbeek,10,Desserte Normale
Belgique,349,Ostende,Schaerbeek,10,Desserte Normale
Belgique,349,Ostende,Schaerbeek,10,Desserte Normale
Belgique,349,Ostende,Schaerbeek,10,Desserte Normale
Belgique,35,Courtrai,Deinze,2,Sous-desservi
Belgique,35,Courtrai,Deinze,2,Sous-desservi
Belgique,35,Courtrai,Deinze,2,Sous-desservi
Belgique,35,Courtrai,Deinze,2,Sous-desservi
Belgique,350,Hasselt,Ostende,8,Desserte Normale
Belgique,351,Ostende,Tongres,8,Desserte Normale
Belgique,351,Ostende,Tongres,10,Desserte Normale
Belgique,351,Ostende,Tongres,18,Desserte Normale
Belgique,351,Ostende,Tongres,18,Desserte Normale
Belgique,351,Ostende,Tongres,20,Desserte Normale
Belgique,351,Ostende,Tongres,18,Desserte Normale
Belgique,351,Ostende,Tongres,18,Desserte Normale
Belgique,351,Ostende,Tongres,18,Desserte Normale
Belgique,351,Ostende,Tongres,18,Desserte Normale
Belgique,351,Ostende,Tongres,18,Desserte Normale
Belgique,352,Ostende,Rochefort-Jemelle,1,Sous-desservi
Belgique,352,Ostende,Rochefort-Jemelle,1,Sous-desservi
Belgique,352,Ostende,Rochefort-Jemelle,1,Sous-desservi
Belgique,352,Ostende,Rochefort-Jemelle,1,Sous-desservi
Belgique,352,Ostende,Rochefort-Jemelle,1,Sous-desservi
Belgique,352,Ostende,Rochefort-Jemelle,1,Sous-desservi
Belgique,352,Ostende,Rochefort-Jemelle,1,Sous-desservi
Belgique,353,Bruxelles-Midi,Rochefort-Jemelle,1,Sous-desservi
Belgique,354,Arlon,Ostende,7,Desserte Normale
Belgique,354,Arlon,Ostende,7,Desserte Normale
Belgique,354,Arlon,Ostende,4,Sous-desservi
Belgique,354,Arlon,Ostende,8,Desserte Normale
Belgique,354,Arlon,Ostende,5,Sous-desservi
Belgique,354,Arlon,Ostende,5,Sous-desservi
Belgique,354,Arlon,Ostende,1,Sous-desservi
Belgique,354,Arlon,Ostende,4,Sous-desservi
Belgique,355,Arlon,Bruxelles-Midi,3,Sous-desservi
Belgique,356,Arlon,Marloie,6,Sous-desservi
Belgique,356,Arlon,Marloie,4,Sous-desservi
Belgique,357,Marloie,Rochefort-Jemelle,1,Sous-desservi
Belgique,358,Luxembourg,Ostende,3,Sous-desservi
Belgique,358,Luxembourg,Ostende,3,Sous-desservi
Belgique,358,Luxembourg,Ostende,2,Sous-desservi
Belgique,358,Luxembourg,Ostende,2,Sous-desservi
Belgique,358,Luxembourg,Ostende,1,Sous-desservi
Belgique,358,Luxembourg,Ostende,3,Sous-desservi
Belgique,359,Bruxelles-Midi,Ostende,4,Sous-desservi
Belgique,36,Bruges,Ostende,2,Sous-desservi
Belgique,36,Bruges,Ostende,2,Sous-desservi
Belgique,36,Bruges,Ostende,1,Sous-desservi
Belgique,36,Bruges,Ostende,1,Sous-desservi
Belgique,36,Bruges,Ostende,64,Bien desservi
Belgique,36,Bruges,Ostende,68,Bien desservi
Belgique,36,Bruges,Ostende,68,Bien desservi
Belgique,360,Luxembourg,Marloie,2,Sous-desservi
Belgique,360,Luxembourg,Marloie,1,Sous-desservi
Belgique,361,Ostende,Saint-Nicolas,1,Sous-desservi
Belgique,361,Ostende,Saint-Nicolas,1,Sous-desservi
Belgique,362,Gand-Saint-Pierre,Schaerbeek,12,Desserte Normale
Belgique,362,Gand-Saint-Pierre,Schaerbeek,12,Desserte Normale
Belgique,363,Gand-Saint-Pierre,La Panne,10,Desserte Normale
Belgique,363,Gand-Saint-Pierre,La Panne,10,Desserte Normale
Belgique,363,Gand-Saint-Pierre,La Panne,10,Desserte Normale
Belgique,363,Gand-Saint-Pierre,La Panne,8,Desserte Normale
Belgique,363,Gand-Saint-Pierre,La Panne,10,Desserte Normale
Belgique,363,Gand-Saint-Pierre,La Panne,10,Desserte Normale
Belgique,363,Gand-Saint-Pierre,La Panne,10,Desserte Normale
Belgique,363,Gand-Saint-Pierre,La Panne,10,Desserte Normale
Belgique,363,Gand-Saint-Pierre,La Panne,10,Desserte Normale
Belgique,364,La Panne,Schaerbeek,12,Desserte Normale
Belgique,364,La Panne,Schaerbeek,12,Desserte Normale
Belgique,364,La Panne,Schaerbeek,12,Desserte Normale
Belgique,364,La Panne,Schaerbeek,12,Desserte Normale
Belgique,364,La Panne,Schaerbeek,18,Desserte Normale
Belgique,364,La Panne,Schaerbeek,12,Desserte Normale
Belgique,364,La Panne,Schaerbeek,12,Desserte Normale
Belgique,364,La Panne,Schaerbeek,12,Desserte Normale
Belgique,365,Louvain,Ostende,16,Desserte Normale
Belgique,365,Louvain,Ostende,16,Desserte Normale
Belgique,365,Louvain,Ostende,32,Desserte Normale
Belgique,365,Louvain,Ostende,32,Desserte Normale
Belgique,365,Louvain,Ostende,32,Desserte Normale
Belgique,365,Louvain,Ostende,28,Desserte Normale
Belgique,365,Louvain,Ostende,33,Desserte Normale
Belgique,365,Louvain,Ostende,33,Desserte Normale
Belgique,365,Louvain,Ostende,33,Desserte Normale
Belgique,365,Louvain,Ostende,46,Desserte Normale
Belgique,365,Louvain,Ostende,33,Desserte Normale
Belgique,365,Louvain,Ostende,33,Desserte Normale
Belgique,365,Louvain,Ostende,33,Desserte Normale
Belgique,365,Louvain,Ostende,33,Desserte Normale
Belgique,365,Louvain,Ostende,33,Desserte Normale
Belgique,366,Ostende,Welkenraedt,1,Sous-desservi
Belgique,366,Ostende,Welkenraedt,1,Sous-desservi
Belgique,366,Ostende,Welkenraedt,2,Sous-desservi
Belgique,366,Ostende,Welkenraedt,4,Sous-desservi
Belgique,366,Ostende,Welkenraedt,4,Sous-desservi
Belgique,366,Ostende,Welkenraedt,3,Sous-desservi
Belgique,366,Ostende,Welkenraedt,4,Sous-desservi
Belgique,366,Ostende,Welkenraedt,4,Sous-desservi
Belgique,366,Ostende,Welkenraedt,4,Sous-desservi
Belgique,366,Ostende,Welkenraedt,4,Sous-desservi
Belgique,366,Ostende,Welkenraedt,6,Sous-desservi
Belgique,366,Ostende,Welkenraedt,4,Sous-desservi
Belgique,366,Ostende,Welkenraedt,4,Sous-desservi
Belgique,366,Ostende,Welkenraedt,4,Sous-desservi
Belgique,366,Ostende,Welkenraedt,4,Sous-desservi
Belgique,366,Ostende,Welkenraedt,4,Sous-desservi
Belgique,367,Ostende,Schaerbeek,15,Desserte Normale
Belgique,367,Ostende,Schaerbeek,15,Desserte Normale
Belgique,367,Ostende,Schaerbeek,15,Desserte Normale
Belgique,367,Ostende,Schaerbeek,12,Desserte Normale
Belgique,367,Ostende,Schaerbeek,15,Desserte Normale
Belgique,367,Ostende,Schaerbeek,15,Desserte Normale
Belgique,367,Ostende,Schaerbeek,15,Desserte Normale
Belgique,367,Ostende,Schaerbeek,15,Desserte Normale
Belgique,367,Ostende,Schaerbeek,15,Desserte Normale
Belgique,368,Blankenberge,Louvain,6,Sous-desservi
Belgique,368,Blankenberge,Louvain,26,Desserte Normale
Belgique,368,Blankenberge,Louvain,26,Desserte Normale
Belgique,368,Blankenberge,Louvain,26,Desserte Normale
Belgique,368,Blankenberge,Louvain,25,Desserte Normale
Belgique,368,Blankenberge,Louvain,26,Desserte Normale
Belgique,368,Blankenberge,Louvain,26,Desserte Normale
Belgique,368,Blankenberge,Louvain,26,Desserte Normale
Belgique,368,Blankenberge,Louvain,26,Desserte Normale
Belgique,368,Blankenberge,Louvain,26,Desserte Normale
Belgique,369,Anvers-Central,Blankenberge,4,Sous-desservi
Belgique,369,Anvers-Central,Blankenberge,4,Sous-desservi
Belgique,369,Anvers-Central,Blankenberge,8,Desserte Normale
Belgique,369,Anvers-Central,Blankenberge,8,Desserte Normale
Belgique,369,Anvers-Central,Blankenberge,8,Desserte Normale
Belgique,369,Anvers-Central,Blankenberge,8,Desserte Normale
Belgique,369,Anvers-Central,Blankenberge,8,Desserte Normale
Belgique,37,Bruxelles-Midi,Jette,70,Bien desservi
Belgique,37,Bruxelles-Midi,Jette,70,Bien desservi
Belgique,37,Bruxelles-Midi,Jette,68,Bien desservi
Belgique,370,Blankenberge,Charleroi-Central,2,Sous-desservi
Belgique,370,Blankenberge,Charleroi-Central,4,Sous-desservi
Belgique,370,Blankenberge,Charleroi-Central,4,Sous-desservi
Belgique,371,Blankenberge,Hasselt,2,Sous-desservi
Belgique,371,Blankenberge,Hasselt,4,Sous-desservi
Belgique,371,Blankenberge,Hasselt,4,Sous-desservi
Belgique,371,Blankenberge,Hasselt,4,Sous-desservi
Belgique,371,Blankenberge,Hasselt,4,Sous-desservi
Belgique,371,Blankenberge,Hasselt,4,Sous-desservi
Belgique,371,Blankenberge,Hasselt,2,Sous-desservi
Belgique,371,Blankenberge,Hasselt,2,Sous-desservi
Belgique,371,Blankenberge,Hasselt,2,Sous-desservi
Belgique,371,Blankenberge,Hasselt,2,Sous-desservi
Belgique,371,Blankenberge,Hasselt,3,Sous-desservi
Belgique,371,Blankenberge,Hasselt,2,Sous-desservi
Belgique,371,Blankenberge,Hasselt,2,Sous-desservi
Belgique,371,Blankenberge,Hasselt,2,Sous-desservi
Belgique,371,Blankenberge,Hasselt,2,Sous-desservi
Belgique,371,Blankenberge,Hasselt,2,Sous-desservi
Belgique,372,Blankenberge,Saint-Trond,2,Sous-desservi
Belgique,373,Anvers-Central,Saint-Nicolas,7,Desserte Normale
Belgique,373,Anvers-Central,Saint-Nicolas,7,Desserte Normale
Belgique,374,Herentals,Louvain,2,Sous-desservi
Belgique,374,Herentals,Louvain,2,Sous-desservi
Belgique,375,Louvain,Mol,2,Sous-desservi
Belgique,376,Bruxelles-Nord,Liège-Guillemins,2,Sous-desservi
Belgique,377,Anvers-Central,Bruxelles-Nord,1,Sous-desservi
Belgique,378,Bruxelles-Nord,Charleroi-Central,2,Sous-desservi
Belgique,379,Gand-Saint-Pierre,Grammont,151,Bien desservi
Belgique,379,Gand-Saint-Pierre,Grammont,262,Bien desservi
Belgique,379,Gand-Saint-Pierre,Grammont,276,Bien desservi
Belgique,379,Gand-Saint-Pierre,Grammont,286,Bien desservi
Belgique,379,Gand-Saint-Pierre,Grammont,274,Bien desservi
Belgique,379,Gand-Saint-Pierre,Grammont,286,Bien desservi
Belgique,379,Gand-Saint-Pierre,Grammont,272,Bien desservi
Belgique,379,Gand-Saint-Pierre,Grammont,220,Bien desservi
Belgique,379,Gand-Saint-Pierre,Grammont,208,Bien desservi
Belgique,379,Gand-Saint-Pierre,Grammont,286,Bien desservi
Belgique,379,Gand-Saint-Pierre,Grammont,220,Bien desservi
Belgique,379,Gand-Saint-Pierre,Grammont,286,Bien desservi
Belgique,379,Gand-Saint-Pierre,Grammont,286,Bien desservi
Belgique,379,Gand-Saint-Pierre,Grammont,276,Bien desservi
Belgique,379,Gand-Saint-Pierre,Grammont,276,Bien desservi
Belgique,379,Gand-Saint-Pierre,Grammont,276,Bien desservi
Belgique,379,Gand-Saint-Pierre,Grammont,266,Bien desservi
Belgique,379,Gand-Saint-Pierre,Grammont,271,Bien desservi
Belgique,379,Gand-Saint-Pierre,Grammont,276,Bien desservi
Belgique,379,Gand-Saint-Pierre,Grammont,274,Bien desservi
Belgique,379,Gand-Saint-Pierre,Grammont,276,Bien desservi
Belgique,379,Gand-Saint-Pierre,Grammont,276,Bien desservi
Belgique,379,Gand-Saint-Pierre,Grammont,286,Bien desservi
Belgique,379,Gand-Saint-Pierre,Grammont,281,Bien desservi
Belgique,379,Gand-Saint-Pierre,Grammont,219,Bien desservi
Belgique,379,Gand-Saint-Pierre,Grammont,286,Bien desservi
Belgique,379,Gand-Saint-Pierre,Grammont,286,Bien desservi
Belgique,379,Gand-Saint-Pierre,Grammont,286,Bien desservi
Belgique,379,Gand-Saint-Pierre,Grammont,286,Bien desservi
Belgique,379,Gand-Saint-Pierre,Grammont,286,Bien desservi
Belgique,379,Gand-Saint-Pierre,Grammont,286,Bien desservi
Belgique,379,Gand-Saint-Pierre,Grammont,286,Bien desservi
Belgique,379,Gand-Saint-Pierre,Grammont,274,Bien desservi
Belgique,379,Gand-Saint-Pierre,Grammont,286,Bien desservi
Belgique,379,Gand-Saint-Pierre,Grammont,286,Bien desservi
Belgique,379,Gand-Saint-Pierre,Grammont,286,Bien desservi
Belgique,379,Gand-Saint-Pierre,Grammont,254,Bien desservi
Belgique,38,Audenarde,Burst,1,Sous-desservi
Belgique,380,Grammont,Merelbeke,1,Sous-desservi
Belgique,380,Grammont,Merelbeke,8,Desserte Normale
Belgique,381,Gand-Saint-Pierre,Zottegem,4,Sous-desservi
Belgique,381,Gand-Saint-Pierre,Zottegem,66,Bien desservi
Belgique,381,Gand-Saint-Pierre,Zottegem,5,Sous-desservi
Belgique,381,Gand-Saint-Pierre,Zottegem,5,Sous-desservi
Belgique,381,Gand-Saint-Pierre,Zottegem,67,Bien desservi
Belgique,382,Eeklo,Grammont,56,Desserte Normale
Belgique,382,Eeklo,Grammont,66,Bien desservi
Belgique,383,Eeklo,Merelbeke,2,Sous-desservi
Belgique,384,Arlon,Luxembourg,1,Sous-desservi
Belgique,384,Arlon,Luxembourg,52,Desserte Normale
Belgique,384,Arlon,Luxembourg,45,Desserte Normale
Belgique,384,Arlon,Luxembourg,81,Bien desservi
Belgique,384,Arlon,Luxembourg,70,Bien desservi
Belgique,384,Arlon,Luxembourg,78,Bien desservi
Belgique,384,Arlon,Luxembourg,45,Desserte Normale
Belgique,384,Arlon,Luxembourg,67,Bien desservi
Belgique,384,Arlon,Luxembourg,66,Bien desservi
Belgique,384,Arlon,Luxembourg,66,Bien desservi
Belgique,384,Arlon,Luxembourg,61,Bien desservi
Belgique,384,Arlon,Luxembourg,45,Desserte Normale
Belgique,384,Arlon,Luxembourg,62,Bien desservi
Belgique,384,Arlon,Luxembourg,53,Desserte Normale
Belgique,384,Arlon,Luxembourg,54,Desserte Normale
Belgique,384,Arlon,Luxembourg,54,Desserte Normale
Belgique,384,Arlon,Luxembourg,63,Bien desservi
Belgique,384,Arlon,Luxembourg,62,Bien desservi
Belgique,384,Arlon,Luxembourg,62,Bien desservi
Belgique,384,Arlon,Luxembourg,66,Bien desservi
Belgique,384,Arlon,Luxembourg,66,Bien desservi
Belgique,384,Arlon,Luxembourg,66,Bien desservi
Belgique,384,Arlon,Luxembourg,66,Bien desservi
Belgique,384,Arlon,Luxembourg,66,Bien desservi
Belgique,384,Arlon,Luxembourg,66,Bien desservi
Belgique,384,Arlon,Luxembourg,66,Bien desservi
Belgique,384,Arlon,Luxembourg,66,Bien desservi
Belgique,384,Arlon,Luxembourg,66,Bien desservi
Belgique,384,Arlon,Luxembourg,66,Bien desservi
Belgique,384,Arlon,Luxembourg,72,Bien desservi
Belgique,384,Arlon,Luxembourg,66,Bien desservi
Belgique,384,Arlon,Luxembourg,66,Bien desservi
Belgique,384,Arlon,Luxembourg,66,Bien desservi
Belgique,384,Arlon,Luxembourg,51,Desserte Normale
Belgique,385,Essen,Roosendaal,3,Sous-desservi
Belgique,386,Anvers-Central,Roosendaal,1,Sous-desservi
Belgique,387,Essen,Roosendaal,2,Sous-desservi
Belgique,388,Aachen Hbf,Liège-Guillemins,136,Bien desservi
Belgique,388,Aachen Hbf,Liège-Guillemins,193,Bien desservi
Belgique,388,Aachen Hbf,Liège-Guillemins,239,Bien desservi
Belgique,388,Aachen Hbf,Liège-Guillemins,217,Bien desservi
Belgique,388,Aachen Hbf,Liège-Guillemins,237,Bien desservi
Belgique,388,Aachen Hbf,Liège-Guillemins,229,Bien desservi
Belgique,388,Aachen Hbf,Liège-Guillemins,228,Bien desservi
Belgique,388,Aachen Hbf,Liège-Guillemins,230,Bien desservi
Belgique,388,Aachen Hbf,Liège-Guillemins,158,Bien desservi
Belgique,388,Aachen Hbf,Liège-Guillemins,167,Bien desservi
Belgique,388,Aachen Hbf,Liège-Guillemins,173,Bien desservi
Belgique,388,Aachen Hbf,Liège-Guillemins,164,Bien desservi
Belgique,388,Aachen Hbf,Liège-Guillemins,158,Bien desservi
Belgique,388,Aachen Hbf,Liège-Guillemins,229,Bien desservi
Belgique,388,Aachen Hbf,Liège-Guillemins,241,Bien desservi
Belgique,388,Aachen Hbf,Liège-Guillemins,233,Bien desservi
Belgique,388,Aachen Hbf,Liège-Guillemins,238,Bien desservi
Belgique,388,Aachen Hbf,Liège-Guillemins,241,Bien desservi
Belgique,388,Aachen Hbf,Liège-Guillemins,241,Bien desservi
Belgique,388,Aachen Hbf,Liège-Guillemins,239,Bien desservi
Belgique,388,Aachen Hbf,Liège-Guillemins,241,Bien desservi
Belgique,388,Aachen Hbf,Liège-Guillemins,241,Bien desservi
Belgique,388,Aachen Hbf,Liège-Guillemins,241,Bien desservi
Belgique,388,Aachen Hbf,Liège-Guillemins,241,Bien desservi
Belgique,388,Aachen Hbf,Liège-Guillemins,241,Bien desservi
Belgique,388,Aachen Hbf,Liège-Guillemins,241,Bien desservi
Belgique,388,Aachen Hbf,Liège-Guillemins,241,Bien desservi
Belgique,388,Aachen Hbf,Liège-Guillemins,241,Bien desservi
Belgique,388,Aachen Hbf,Liège-Guillemins,241,Bien desservi
Belgique,388,Aachen Hbf,Liège-Guillemins,241,Bien desservi
Belgique,388,Aachen Hbf,Liège-Guillemins,241,Bien desservi
Belgique,388,Aachen Hbf,Liège-Guillemins,241,Bien desservi
Belgique,388,Aachen Hbf,Liège-Guillemins,238,Bien desservi
Belgique,388,Aachen Hbf,Liège-Guillemins,241,Bien desservi
Belgique,388,Aachen Hbf,Liège-Guillemins,241,Bien desservi
Belgique,388,Aachen Hbf,Liège-Guillemins,241,Bien desservi
Belgique,388,Aachen Hbf,Liège-Guillemins,209,Bien desservi
Belgique,389,Liège-Guillemins,Visé,2,Sous-desservi
Belgique,389,Liège-Guillemins,Visé,1,Sous-desservi
Belgique,389,Liège-Guillemins,Visé,24,Desserte Normale
Belgique,389,Liège-Guillemins,Visé,2,Sous-desservi
Belgique,389,Liège-Guillemins,Visé,2,Sous-desservi
Belgique,39,Deinze,La Panne,64,Bien desservi
Belgique,39,Deinze,La Panne,62,Bien desservi
Belgique,390,Heerlen,Liège-Guillemins,9,Desserte Normale
Belgique,390,Heerlen,Liège-Guillemins,12,Desserte Normale
Belgique,390,Heerlen,Liège-Guillemins,2,Sous-desservi
Belgique,390,Heerlen,Liège-Guillemins,11,Desserte Normale
Belgique,390,Heerlen,Liège-Guillemins,8,Desserte Normale
Belgique,390,Heerlen,Liège-Guillemins,11,Desserte Normale
Belgique,390,Heerlen,Liège-Guillemins,17,Desserte Normale
Belgique,390,Heerlen,Liège-Guillemins,12,Desserte Normale
Belgique,391,Bruxelles-Midi,Bruxelles-Nord,1,Sous-desservi
Belgique,391,Bruxelles-Midi,Bruxelles-Nord,1,Sous-desservi
Belgique,392,Brussels Airport-Zaventem,Schaerbeek,151,Bien desservi
Belgique,392,Brussels Airport-Zaventem,Schaerbeek,266,Bien desservi
Belgique,392,Brussels Airport-Zaventem,Schaerbeek,76,Bien desservi
Belgique,392,Brussels Airport-Zaventem,Schaerbeek,1,Sous-desservi
Belgique,393,Brussels Airport-Zaventem,Tournai,72,Bien desservi
Belgique,393,Brussels Airport-Zaventem,Tournai,216,Bien desservi
Belgique,393,Brussels Airport-Zaventem,Tournai,251,Bien desservi
Belgique,393,Brussels Airport-Zaventem,Tournai,252,Bien desservi
Belgique,393,Brussels Airport-Zaventem,Tournai,142,Bien desservi
Belgique,393,Brussels Airport-Zaventem,Tournai,252,Bien desservi
Belgique,393,Brussels Airport-Zaventem,Tournai,180,Bien desservi
Belgique,393,Brussels Airport-Zaventem,Tournai,180,Bien desservi
Belgique,393,Brussels Airport-Zaventem,Tournai,143,Bien desservi
Belgique,393,Brussels Airport-Zaventem,Tournai,252,Bien desservi
Belgique,393,Brussels Airport-Zaventem,Tournai,252,Bien desservi
Belgique,393,Brussels Airport-Zaventem,Tournai,179,Bien desservi
Belgique,393,Brussels Airport-Zaventem,Tournai,195,Bien desservi
Belgique,393,Brussels Airport-Zaventem,Tournai,252,Bien desservi
Belgique,393,Brussels Airport-Zaventem,Tournai,252,Bien desservi
Belgique,393,Brussels Airport-Zaventem,Tournai,252,Bien desservi
Belgique,393,Brussels Airport-Zaventem,Tournai,252,Bien desservi
Belgique,393,Brussels Airport-Zaventem,Tournai,247,Bien desservi
Belgique,393,Brussels Airport-Zaventem,Tournai,108,Bien desservi
Belgique,393,Brussels Airport-Zaventem,Tournai,180,Bien desservi
Belgique,393,Brussels Airport-Zaventem,Tournai,252,Bien desservi
Belgique,393,Brussels Airport-Zaventem,Tournai,252,Bien desservi
Belgique,393,Brussels Airport-Zaventem,Tournai,252,Bien desservi
Belgique,393,Brussels Airport-Zaventem,Tournai,252,Bien desservi
Belgique,393,Brussels Airport-Zaventem,Tournai,252,Bien desservi
Belgique,393,Brussels Airport-Zaventem,Tournai,180,Bien desservi
Belgique,393,Brussels Airport-Zaventem,Tournai,252,Bien desservi
Belgique,393,Brussels Airport-Zaventem,Tournai,180,Bien desservi
Belgique,393,Brussels Airport-Zaventem,Tournai,252,Bien desservi
Belgique,393,Brussels Airport-Zaventem,Tournai,252,Bien desservi
Belgique,393,Brussels Airport-Zaventem,Tournai,252,Bien desservi
Belgique,393,Brussels Airport-Zaventem,Tournai,252,Bien desservi
Belgique,393,Brussels Airport-Zaventem,Tournai,252,Bien desservi
Belgique,393,Brussels Airport-Zaventem,Tournai,216,Bien desservi
Belgique,394,Bruxelles-Nord,Tournai,1,Sous-desservi
Belgique,394,Bruxelles-Nord,Tournai,2,Sous-desservi
Belgique,394,Bruxelles-Nord,Tournai,1,Sous-desservi
Belgique,395,Brussels Airport-Zaventem,Enghien,72,Bien desservi
Belgique,395,Brussels Airport-Zaventem,Enghien,72,Bien desservi
Belgique,395,Brussels Airport-Zaventem,Enghien,72,Bien desservi
Belgique,395,Brussels Airport-Zaventem,Enghien,55,Desserte Normale
Belgique,395,Brussels Airport-Zaventem,Enghien,72,Bien desservi
Belgique,395,Brussels Airport-Zaventem,Enghien,252,Bien desservi
Belgique,395,Brussels Airport-Zaventem,Enghien,252,Bien desservi
Belgique,396,Brussels Airport-Zaventem,Hal,71,Bien desservi
Belgique,396,Brussels Airport-Zaventem,Hal,36,Desserte Normale
Belgique,397,Ath,Brussels Airport-Zaventem,73,Bien desservi
Belgique,397,Ath,Brussels Airport-Zaventem,57,Bien desservi
Belgique,397,Ath,Brussels Airport-Zaventem,5,Sous-desservi
Belgique,398,Bruxelles-Nord,Hal,1,Sous-desservi
Belgique,399,Gouvy,Troisvierges,1,Sous-desservi
Belgique,4,Braine-le-Comte,La Louvière-Sud,2,Sous-desservi
Belgique,4,Braine-le-Comte,La Louvière-Sud,1,Sous-desservi
Belgique,4,Braine-le-Comte,La Louvière-Sud,2,Sous-desservi
Belgique,4,Braine-le-Comte,La Louvière-Sud,1,Sous-desservi
Belgique,4,Braine-le-Comte,La Louvière-Sud,1,Sous-desservi
Belgique,4,Braine-le-Comte,La Louvière-Sud,1,Sous-desservi
Belgique,4,Braine-le-Comte,La Louvière-Sud,4,Sous-desservi
Belgique,4,Braine-le-Comte,La Louvière-Sud,10,Desserte Normale
Belgique,4,Braine-le-Comte,La Louvière-Sud,10,Desserte Normale
Belgique,40,Bruges,Zeebrugge-Strand,52,Desserte Normale
Belgique,40,Bruges,Zeebrugge-Strand,52,Desserte Normale
Belgique,400,Anvers-Central,Charleroi-Central,6,Sous-desservi
Belgique,400,Anvers-Central,Charleroi-Central,12,Desserte Normale
Belgique,400,Anvers-Central,Charleroi-Central,15,Desserte Normale
Belgique,400,Anvers-Central,Charleroi-Central,15,Desserte Normale
Belgique,400,Anvers-Central,Charleroi-Central,12,Desserte Normale
Belgique,400,Anvers-Central,Charleroi-Central,15,Desserte Normale
Belgique,400,Anvers-Central,Charleroi-Central,11,Desserte Normale
Belgique,400,Anvers-Central,Charleroi-Central,15,Desserte Normale
Belgique,400,Anvers-Central,Charleroi-Central,12,Desserte Normale
Belgique,400,Anvers-Central,Charleroi-Central,15,Desserte Normale
Belgique,400,Anvers-Central,Charleroi-Central,15,Desserte Normale
Belgique,400,Anvers-Central,Charleroi-Central,15,Desserte Normale
Belgique,400,Anvers-Central,Charleroi-Central,15,Desserte Normale
Belgique,400,Anvers-Central,Charleroi-Central,15,Desserte Normale
Belgique,400,Anvers-Central,Charleroi-Central,15,Desserte Normale
Belgique,400,Anvers-Central,Charleroi-Central,15,Desserte Normale
Belgique,400,Anvers-Central,Charleroi-Central,12,Desserte Normale
Belgique,400,Anvers-Central,Charleroi-Central,15,Desserte Normale
Belgique,400,Anvers-Central,Charleroi-Central,15,Desserte Normale
Belgique,400,Anvers-Central,Charleroi-Central,15,Desserte Normale
Belgique,400,Anvers-Central,Charleroi-Central,15,Desserte Normale
Belgique,400,Anvers-Central,Charleroi-Central,15,Desserte Normale
Belgique,400,Anvers-Central,Charleroi-Central,15,Desserte Normale
Belgique,400,Anvers-Central,Charleroi-Central,15,Desserte Normale
Belgique,400,Anvers-Central,Charleroi-Central,15,Desserte Normale
Belgique,400,Anvers-Central,Charleroi-Central,15,Desserte Normale
Belgique,400,Anvers-Central,Charleroi-Central,15,Desserte Normale
Belgique,400,Anvers-Central,Charleroi-Central,15,Desserte Normale
Belgique,400,Anvers-Central,Charleroi-Central,15,Desserte Normale
Belgique,400,Anvers-Central,Charleroi-Central,15,Desserte Normale
Belgique,400,Anvers-Central,Charleroi-Central,15,Desserte Normale
Belgique,400,Anvers-Central,Charleroi-Central,15,Desserte Normale
Belgique,400,Anvers-Central,Charleroi-Central,12,Desserte Normale
Belgique,400,Anvers-Central,Charleroi-Central,15,Desserte Normale
Belgique,400,Anvers-Central,Charleroi-Central,15,Desserte Normale
Belgique,400,Anvers-Central,Charleroi-Central,15,Desserte Normale
Belgique,400,Anvers-Central,Charleroi-Central,15,Desserte Normale
Belgique,401,Anvers-Berchem,Charleroi-Central,1,Sous-desservi
Belgique,402,Bruxelles-Midi,Vilvorde,3,Sous-desservi
Belgique,402,Bruxelles-Midi,Vilvorde,3,Sous-desservi
Belgique,402,Bruxelles-Midi,Vilvorde,3,Sous-desservi
Belgique,402,Bruxelles-Midi,Vilvorde,3,Sous-desservi
Belgique,402,Bruxelles-Midi,Vilvorde,3,Sous-desservi
Belgique,402,Bruxelles-Midi,Vilvorde,4,Sous-desservi
Belgique,402,Bruxelles-Midi,Vilvorde,3,Sous-desservi
Belgique,402,Bruxelles-Midi,Vilvorde,3,Sous-desservi
Belgique,402,Bruxelles-Midi,Vilvorde,3,Sous-desservi
Belgique,402,Bruxelles-Midi,Vilvorde,3,Sous-desservi
Belgique,403,Anvers-Berchem,Bruxelles-Midi,1,Sous-desservi
Belgique,403,Anvers-Berchem,Bruxelles-Midi,3,Sous-desservi
Belgique,404,Bruxelles-Midi,Malines,2,Sous-desservi
Belgique,405,Anvers-Berchem,Nivelles,31,Desserte Normale
Belgique,405,Anvers-Berchem,Nivelles,1,Sous-desservi
Belgique,405,Anvers-Berchem,Nivelles,72,Bien desservi
Belgique,406,Kontich-Lint,Nivelles,2,Sous-desservi
Belgique,406,Kontich-Lint,Nivelles,1,Sous-desservi
Belgique,406,Kontich-Lint,Nivelles,1,Sous-desservi
Belgique,407,Anvers-Central,Lille Flandres,57,Bien desservi
Belgique,407,Anvers-Central,Lille Flandres,171,Bien desservi
Belgique,407,Anvers-Central,Lille Flandres,199,Bien desservi
Belgique,407,Anvers-Central,Lille Flandres,221,Bien desservi
Belgique,407,Anvers-Central,Lille Flandres,154,Bien desservi
Belgique,407,Anvers-Central,Lille Flandres,132,Bien desservi
Belgique,407,Anvers-Central,Lille Flandres,131,Bien desservi
Belgique,407,Anvers-Central,Lille Flandres,256,Bien desservi
Belgique,407,Anvers-Central,Lille Flandres,250,Bien desservi
Belgique,407,Anvers-Central,Lille Flandres,200,Bien desservi
Belgique,407,Anvers-Central,Lille Flandres,134,Bien desservi
Belgique,407,Anvers-Central,Lille Flandres,139,Bien desservi
Belgique,407,Anvers-Central,Lille Flandres,200,Bien desservi
Belgique,407,Anvers-Central,Lille Flandres,200,Bien desservi
Belgique,407,Anvers-Central,Lille Flandres,200,Bien desservi
Belgique,407,Anvers-Central,Lille Flandres,187,Bien desservi
Belgique,407,Anvers-Central,Lille Flandres,187,Bien desservi
Belgique,407,Anvers-Central,Lille Flandres,144,Bien desservi
Belgique,407,Anvers-Central,Lille Flandres,144,Bien desservi
Belgique,407,Anvers-Central,Lille Flandres,144,Bien desservi
Belgique,407,Anvers-Central,Lille Flandres,144,Bien desservi
Belgique,407,Anvers-Central,Lille Flandres,200,Bien desservi
Belgique,407,Anvers-Central,Lille Flandres,190,Bien desservi
Belgique,407,Anvers-Central,Lille Flandres,144,Bien desservi
Belgique,407,Anvers-Central,Lille Flandres,109,Bien desservi
Belgique,407,Anvers-Central,Lille Flandres,109,Bien desservi
Belgique,407,Anvers-Central,Lille Flandres,252,Bien desservi
Belgique,407,Anvers-Central,Lille Flandres,200,Bien desservi
Belgique,407,Anvers-Central,Lille Flandres,200,Bien desservi
Belgique,407,Anvers-Central,Lille Flandres,200,Bien desservi
Belgique,407,Anvers-Central,Lille Flandres,165,Bien desservi
Belgique,407,Anvers-Central,Lille Flandres,165,Bien desservi
Belgique,407,Anvers-Central,Lille Flandres,187,Bien desservi
Belgique,407,Anvers-Central,Lille Flandres,200,Bien desservi
Belgique,407,Anvers-Central,Lille Flandres,200,Bien desservi
Belgique,407,Anvers-Central,Lille Flandres,163,Bien desservi
Belgique,407,Anvers-Central,Lille Flandres,136,Bien desservi
Belgique,408,Courtrai,Lille Flandres,3,Sous-desservi
Belgique,408,Courtrai,Lille Flandres,9,Desserte Normale
Belgique,408,Courtrai,Lille Flandres,10,Desserte Normale
Belgique,408,Courtrai,Lille Flandres,10,Desserte Normale
Belgique,408,Courtrai,Lille Flandres,20,Desserte Normale
Belgique,408,Courtrai,Lille Flandres,16,Desserte Normale
Belgique,408,Courtrai,Lille Flandres,17,Desserte Normale
Belgique,408,Courtrai,Lille Flandres,10,Desserte Normale
Belgique,408,Courtrai,Lille Flandres,21,Desserte Normale
Belgique,408,Courtrai,Lille Flandres,10,Desserte Normale
Belgique,408,Courtrai,Lille Flandres,66,Bien desservi
Belgique,408,Courtrai,Lille Flandres,10,Desserte Normale
Belgique,408,Courtrai,Lille Flandres,10,Desserte Normale
Belgique,408,Courtrai,Lille Flandres,10,Desserte Normale
Belgique,408,Courtrai,Lille Flandres,10,Desserte Normale
Belgique,408,Courtrai,Lille Flandres,21,Desserte Normale
Belgique,408,Courtrai,Lille Flandres,21,Desserte Normale
Belgique,408,Courtrai,Lille Flandres,66,Bien desservi
Belgique,408,Courtrai,Lille Flandres,6,Sous-desservi
Belgique,408,Courtrai,Lille Flandres,62,Bien desservi
Belgique,408,Courtrai,Lille Flandres,66,Bien desservi
Belgique,408,Courtrai,Lille Flandres,10,Desserte Normale
Belgique,408,Courtrai,Lille Flandres,10,Desserte Normale
Belgique,408,Courtrai,Lille Flandres,6,Sous-desservi
Belgique,408,Courtrai,Lille Flandres,6,Sous-desservi
Belgique,408,Courtrai,Lille Flandres,6,Sous-desservi
Belgique,408,Courtrai,Lille Flandres,10,Desserte Normale
Belgique,408,Courtrai,Lille Flandres,10,Desserte Normale
Belgique,408,Courtrai,Lille Flandres,10,Desserte Normale
Belgique,408,Courtrai,Lille Flandres,10,Desserte Normale
Belgique,408,Courtrai,Lille Flandres,10,Desserte Normale
Belgique,408,Courtrai,Lille Flandres,10,Desserte Normale
Belgique,408,Courtrai,Lille Flandres,21,Desserte Normale
Belgique,408,Courtrai,Lille Flandres,10,Desserte Normale
Belgique,408,Courtrai,Lille Flandres,10,Desserte Normale
Belgique,408,Courtrai,Lille Flandres,10,Desserte Normale
Belgique,408,Courtrai,Lille Flandres,10,Desserte Normale
Belgique,409,Lille Flandres,Mouscron,60,Bien desservi
Belgique,409,Lille Flandres,Mouscron,60,Bien desservi
Belgique,409,Lille Flandres,Mouscron,60,Bien desservi
Belgique,41,Eeklo,Merelbeke,2,Sous-desservi
Belgique,410,Mouscron,Saint-Nicolas,28,Desserte Normale
Belgique,410,Mouscron,Saint-Nicolas,16,Desserte Normale
Belgique,411,Anvers-Central,Mouscron,28,Desserte Normale
Belgique,411,Anvers-Central,Mouscron,35,Desserte Normale
Belgique,411,Anvers-Central,Mouscron,34,Desserte Normale
Belgique,411,Anvers-Central,Mouscron,51,Desserte Normale
Belgique,411,Anvers-Central,Mouscron,56,Desserte Normale
Belgique,411,Anvers-Central,Mouscron,35,Desserte Normale
Belgique,411,Anvers-Central,Mouscron,35,Desserte Normale
Belgique,411,Anvers-Central,Mouscron,35,Desserte Normale
Belgique,411,Anvers-Central,Mouscron,35,Desserte Normale
Belgique,411,Anvers-Central,Mouscron,37,Desserte Normale
Belgique,411,Anvers-Central,Mouscron,36,Desserte Normale
Belgique,412,Gand-Saint-Pierre,Lille Flandres,9,Desserte Normale
Belgique,413,Anvers-Berchem,Lille Flandres,1,Sous-desservi
Belgique,413,Anvers-Berchem,Lille Flandres,10,Desserte Normale
Belgique,413,Anvers-Berchem,Lille Flandres,10,Desserte Normale
Belgique,413,Anvers-Berchem,Lille Flandres,10,Desserte Normale
Belgique,414,Bruxelles-Nord,Nivelles,2,Sous-desservi
Belgique,414,Bruxelles-Nord,Nivelles,5,Sous-desservi
Belgique,414,Bruxelles-Nord,Nivelles,3,Sous-desservi
Belgique,414,Bruxelles-Nord,Nivelles,3,Sous-desservi
Belgique,414,Bruxelles-Nord,Nivelles,1,Sous-desservi
Belgique,414,Bruxelles-Nord,Nivelles,4,Sous-desservi
Belgique,414,Bruxelles-Nord,Nivelles,3,Sous-desservi
Belgique,414,Bruxelles-Nord,Nivelles,3,Sous-desservi
Belgique,414,Bruxelles-Nord,Nivelles,2,Sous-desservi
Belgique,414,Bruxelles-Nord,Nivelles,3,Sous-desservi
Belgique,414,Bruxelles-Nord,Nivelles,1,Sous-desservi
Belgique,414,Bruxelles-Nord,Nivelles,2,Sous-desservi
Belgique,414,Bruxelles-Nord,Nivelles,3,Sous-desservi
Belgique,414,Bruxelles-Nord,Nivelles,3,Sous-desservi
Belgique,414,Bruxelles-Nord,Nivelles,3,Sous-desservi
Belgique,414,Bruxelles-Nord,Nivelles,5,Sous-desservi
Belgique,414,Bruxelles-Nord,Nivelles,3,Sous-desservi
Belgique,414,Bruxelles-Nord,Nivelles,3,Sous-desservi
Belgique,414,Bruxelles-Nord,Nivelles,4,Sous-desservi
Belgique,414,Bruxelles-Nord,Nivelles,3,Sous-desservi
Belgique,414,Bruxelles-Nord,Nivelles,3,Sous-desservi
Belgique,414,Bruxelles-Nord,Nivelles,3,Sous-desservi
Belgique,414,Bruxelles-Nord,Nivelles,3,Sous-desservi
Belgique,414,Bruxelles-Nord,Nivelles,3,Sous-desservi
Belgique,414,Bruxelles-Nord,Nivelles,3,Sous-desservi
Belgique,414,Bruxelles-Nord,Nivelles,3,Sous-desservi
Belgique,414,Bruxelles-Nord,Nivelles,3,Sous-desservi
Belgique,414,Bruxelles-Nord,Nivelles,3,Sous-desservi
Belgique,414,Bruxelles-Nord,Nivelles,3,Sous-desservi
Belgique,414,Bruxelles-Nord,Nivelles,3,Sous-desservi
Belgique,414,Bruxelles-Nord,Nivelles,3,Sous-desservi
Belgique,414,Bruxelles-Nord,Nivelles,5,Sous-desservi
Belgique,414,Bruxelles-Nord,Nivelles,3,Sous-desservi
Belgique,414,Bruxelles-Nord,Nivelles,3,Sous-desservi
Belgique,414,Bruxelles-Nord,Nivelles,3,Sous-desservi
Belgique,414,Bruxelles-Nord,Nivelles,2,Sous-desservi
Belgique,415,Bruxelles-Midi,Lille Europe,1,Sous-desservi
Belgique,415,Bruxelles-Midi,Lille Europe,1,Sous-desservi
Belgique,416,Charleroi-Central,Erquelinnes,50,Desserte Normale
Belgique,416,Charleroi-Central,Erquelinnes,84,Bien desservi
Belgique,416,Charleroi-Central,Erquelinnes,105,Bien desservi
Belgique,416,Charleroi-Central,Erquelinnes,105,Bien desservi
Belgique,416,Charleroi-Central,Erquelinnes,76,Bien desservi
Belgique,416,Charleroi-Central,Erquelinnes,91,Bien desservi
Belgique,416,Charleroi-Central,Erquelinnes,84,Bien desservi
Belgique,416,Charleroi-Central,Erquelinnes,105,Bien desservi
Belgique,416,Charleroi-Central,Erquelinnes,84,Bien desservi
Belgique,416,Charleroi-Central,Erquelinnes,117,Bien desservi
Belgique,416,Charleroi-Central,Erquelinnes,105,Bien desservi
Belgique,416,Charleroi-Central,Erquelinnes,119,Bien desservi
Belgique,416,Charleroi-Central,Erquelinnes,105,Bien desservi
Belgique,416,Charleroi-Central,Erquelinnes,105,Bien desservi
Belgique,416,Charleroi-Central,Erquelinnes,75,Bien desservi
Belgique,416,Charleroi-Central,Erquelinnes,75,Bien desservi
Belgique,416,Charleroi-Central,Erquelinnes,60,Bien desservi
Belgique,416,Charleroi-Central,Erquelinnes,75,Bien desservi
Belgique,416,Charleroi-Central,Erquelinnes,75,Bien desservi
Belgique,416,Charleroi-Central,Erquelinnes,75,Bien desservi
Belgique,416,Charleroi-Central,Erquelinnes,75,Bien desservi
Belgique,416,Charleroi-Central,Erquelinnes,105,Bien desservi
Belgique,416,Charleroi-Central,Erquelinnes,105,Bien desservi
Belgique,416,Charleroi-Central,Erquelinnes,119,Bien desservi
Belgique,416,Charleroi-Central,Erquelinnes,105,Bien desservi
Belgique,416,Charleroi-Central,Erquelinnes,105,Bien desservi
Belgique,416,Charleroi-Central,Erquelinnes,119,Bien desservi
Belgique,416,Charleroi-Central,Erquelinnes,139,Bien desservi
Belgique,416,Charleroi-Central,Erquelinnes,125,Bien desservi
Belgique,416,Charleroi-Central,Erquelinnes,119,Bien desservi
Belgique,416,Charleroi-Central,Erquelinnes,105,Bien desservi
Belgique,416,Charleroi-Central,Erquelinnes,98,Bien desservi
Belgique,416,Charleroi-Central,Erquelinnes,119,Bien desservi
Belgique,416,Charleroi-Central,Erquelinnes,119,Bien desservi
Belgique,416,Charleroi-Central,Erquelinnes,119,Bien desservi
Belgique,416,Charleroi-Central,Erquelinnes,139,Bien desservi
Belgique,417,Charleroi-Central,Maubeuge,60,Bien desservi
Belgique,417,Charleroi-Central,Maubeuge,120,Bien desservi
Belgique,417,Charleroi-Central,Maubeuge,122,Bien desservi
Belgique,417,Charleroi-Central,Maubeuge,122,Bien desservi
Belgique,417,Charleroi-Central,Maubeuge,61,Bien desservi
Belgique,417,Charleroi-Central,Maubeuge,106,Bien desservi
Belgique,417,Charleroi-Central,Maubeuge,120,Bien desservi
Belgique,417,Charleroi-Central,Maubeuge,122,Bien desservi
Belgique,417,Charleroi-Central,Maubeuge,120,Bien desservi
Belgique,417,Charleroi-Central,Maubeuge,110,Bien desservi
Belgique,417,Charleroi-Central,Maubeuge,122,Bien desservi
Belgique,417,Charleroi-Central,Maubeuge,76,Bien desservi
Belgique,417,Charleroi-Central,Maubeuge,122,Bien desservi
Belgique,417,Charleroi-Central,Maubeuge,122,Bien desservi
Belgique,417,Charleroi-Central,Maubeuge,122,Bien desservi
Belgique,417,Charleroi-Central,Maubeuge,122,Bien desservi
Belgique,417,Charleroi-Central,Maubeuge,120,Bien desservi
Belgique,417,Charleroi-Central,Maubeuge,122,Bien desservi
Belgique,417,Charleroi-Central,Maubeuge,90,Bien desservi
Belgique,417,Charleroi-Central,Maubeuge,122,Bien desservi
Belgique,417,Charleroi-Central,Maubeuge,122,Bien desservi
Belgique,417,Charleroi-Central,Maubeuge,122,Bien desservi
Belgique,417,Charleroi-Central,Maubeuge,122,Bien desservi
Belgique,417,Charleroi-Central,Maubeuge,122,Bien desservi
Belgique,417,Charleroi-Central,Maubeuge,95,Bien desservi
Belgique,417,Charleroi-Central,Maubeuge,90,Bien desservi
Belgique,417,Charleroi-Central,Maubeuge,122,Bien desservi
Belgique,417,Charleroi-Central,Maubeuge,102,Bien desservi
Belgique,417,Charleroi-Central,Maubeuge,70,Bien desservi
Belgique,417,Charleroi-Central,Maubeuge,122,Bien desservi
Belgique,417,Charleroi-Central,Maubeuge,95,Bien desservi
Belgique,417,Charleroi-Central,Maubeuge,120,Bien desservi
Belgique,417,Charleroi-Central,Maubeuge,122,Bien desservi
Belgique,417,Charleroi-Central,Maubeuge,122,Bien desservi
Belgique,417,Charleroi-Central,Maubeuge,122,Bien desservi
Belgique,417,Charleroi-Central,Maubeuge,86,Bien desservi
Belgique,418,Bruxelles-Midi,Strasbourg,1,Sous-desservi
Belgique,418,Bruxelles-Midi,Strasbourg,1,Sous-desservi
Belgique,419,Anvers-Berchem,Anvers-Central,1,Sous-desservi
Belgique,42,Grammont,Merelbeke,2,Sous-desservi
Belgique,420,Lille Flandres,Tournai,84,Bien desservi
Belgique,420,Lille Flandres,Tournai,132,Bien desservi
Belgique,420,Lille Flandres,Tournai,117,Bien desservi
Belgique,420,Lille Flandres,Tournai,117,Bien desservi
Belgique,420,Lille Flandres,Tournai,132,Bien desservi
Belgique,420,Lille Flandres,Tournai,132,Bien desservi
Belgique,420,Lille Flandres,Tournai,134,Bien desservi
Belgique,420,Lille Flandres,Tournai,117,Bien desservi
Belgique,420,Lille Flandres,Tournai,134,Bien desservi
Belgique,420,Lille Flandres,Tournai,117,Bien desservi
Belgique,420,Lille Flandres,Tournai,117,Bien desservi
Belgique,420,Lille Flandres,Tournai,117,Bien desservi
Belgique,420,Lille Flandres,Tournai,117,Bien desservi
Belgique,420,Lille Flandres,Tournai,117,Bien desservi
Belgique,420,Lille Flandres,Tournai,68,Bien desservi
Belgique,420,Lille Flandres,Tournai,135,Bien desservi
Belgique,420,Lille Flandres,Tournai,134,Bien desservi
Belgique,420,Lille Flandres,Tournai,117,Bien desservi
Belgique,420,Lille Flandres,Tournai,117,Bien desservi
Belgique,420,Lille Flandres,Tournai,113,Bien desservi
Belgique,420,Lille Flandres,Tournai,117,Bien desservi
Belgique,420,Lille Flandres,Tournai,117,Bien desservi
Belgique,420,Lille Flandres,Tournai,117,Bien desservi
Belgique,420,Lille Flandres,Tournai,117,Bien desservi
Belgique,420,Lille Flandres,Tournai,117,Bien desservi
Belgique,420,Lille Flandres,Tournai,117,Bien desservi
Belgique,420,Lille Flandres,Tournai,117,Bien desservi
Belgique,420,Lille Flandres,Tournai,117,Bien desservi
Belgique,420,Lille Flandres,Tournai,117,Bien desservi
Belgique,420,Lille Flandres,Tournai,117,Bien desservi
Belgique,420,Lille Flandres,Tournai,113,Bien desservi
Belgique,420,Lille Flandres,Tournai,117,Bien desservi
Belgique,420,Lille Flandres,Tournai,134,Bien desservi
Belgique,420,Lille Flandres,Tournai,117,Bien desservi
Belgique,420,Lille Flandres,Tournai,117,Bien desservi
Belgique,420,Lille Flandres,Tournai,117,Bien desservi
Belgique,420,Lille Flandres,Tournai,89,Bien desservi
Belgique,421,Lille Flandres,Namur,88,Bien desservi
Belgique,421,Lille Flandres,Namur,180,Bien desservi
Belgique,421,Lille Flandres,Namur,224,Bien desservi
Belgique,421,Lille Flandres,Namur,226,Bien desservi
Belgique,421,Lille Flandres,Namur,183,Bien desservi
Belgique,421,Lille Flandres,Namur,184,Bien desservi
Belgique,421,Lille Flandres,Namur,180,Bien desservi
Belgique,421,Lille Flandres,Namur,222,Bien desservi
Belgique,421,Lille Flandres,Namur,178,Bien desservi
Belgique,421,Lille Flandres,Namur,225,Bien desservi
Belgique,421,Lille Flandres,Namur,226,Bien desservi
Belgique,421,Lille Flandres,Namur,226,Bien desservi
Belgique,421,Lille Flandres,Namur,226,Bien desservi
Belgique,421,Lille Flandres,Namur,226,Bien desservi
Belgique,421,Lille Flandres,Namur,226,Bien desservi
Belgique,421,Lille Flandres,Namur,180,Bien desservi
Belgique,421,Lille Flandres,Namur,180,Bien desservi
Belgique,421,Lille Flandres,Namur,226,Bien desservi
Belgique,421,Lille Flandres,Namur,226,Bien desservi
Belgique,421,Lille Flandres,Namur,226,Bien desservi
Belgique,421,Lille Flandres,Namur,226,Bien desservi
Belgique,421,Lille Flandres,Namur,226,Bien desservi
Belgique,421,Lille Flandres,Namur,226,Bien desservi
Belgique,421,Lille Flandres,Namur,226,Bien desservi
Belgique,421,Lille Flandres,Namur,226,Bien desservi
Belgique,421,Lille Flandres,Namur,226,Bien desservi
Belgique,421,Lille Flandres,Namur,226,Bien desservi
Belgique,421,Lille Flandres,Namur,226,Bien desservi
Belgique,421,Lille Flandres,Namur,226,Bien desservi
Belgique,421,Lille Flandres,Namur,226,Bien desservi
Belgique,421,Lille Flandres,Namur,226,Bien desservi
Belgique,421,Lille Flandres,Namur,226,Bien desservi
Belgique,421,Lille Flandres,Namur,180,Bien desservi
Belgique,421,Lille Flandres,Namur,226,Bien desservi
Belgique,421,Lille Flandres,Namur,226,Bien desservi
Belgique,421,Lille Flandres,Namur,226,Bien desservi
Belgique,421,Lille Flandres,Namur,226,Bien desservi
Belgique,422,Charleroi-Central,Lille Flandres,4,Sous-desservi
Belgique,423,Bruxelles-Midi,Schaerbeek,1,Sous-desservi
Belgique,423,Bruxelles-Midi,Schaerbeek,1,Sous-desservi
Belgique,424,Anvers-Central,Vilvorde,1,Sous-desservi
Belgique,424,Anvers-Central,Vilvorde,1,Sous-desservi
Belgique,425,Bruxelles-Midi,Kontich-Lint,1,Sous-desservi
Belgique,425,Bruxelles-Midi,Kontich-Lint,1,Sous-desservi
Belgique,426,Charleroi-Central,Essen,63,Bien desservi
Belgique,426,Charleroi-Central,Essen,127,Bien desservi
Belgique,426,Charleroi-Central,Essen,160,Bien desservi
Belgique,426,Charleroi-Central,Essen,160,Bien desservi
Belgique,426,Charleroi-Central,Essen,128,Bien desservi
Belgique,426,Charleroi-Central,Essen,128,Bien desservi
Belgique,426,Charleroi-Central,Essen,159,Bien desservi
Belgique,426,Charleroi-Central,Essen,128,Bien desservi
Belgique,426,Charleroi-Central,Essen,160,Bien desservi
Belgique,426,Charleroi-Central,Essen,160,Bien desservi
Belgique,426,Charleroi-Central,Essen,160,Bien desservi
Belgique,426,Charleroi-Central,Essen,160,Bien desservi
Belgique,426,Charleroi-Central,Essen,160,Bien desservi
Belgique,426,Charleroi-Central,Essen,160,Bien desservi
Belgique,426,Charleroi-Central,Essen,160,Bien desservi
Belgique,426,Charleroi-Central,Essen,128,Bien desservi
Belgique,426,Charleroi-Central,Essen,160,Bien desservi
Belgique,426,Charleroi-Central,Essen,160,Bien desservi
Belgique,426,Charleroi-Central,Essen,160,Bien desservi
Belgique,426,Charleroi-Central,Essen,160,Bien desservi
Belgique,426,Charleroi-Central,Essen,160,Bien desservi
Belgique,426,Charleroi-Central,Essen,160,Bien desservi
Belgique,426,Charleroi-Central,Essen,160,Bien desservi
Belgique,426,Charleroi-Central,Essen,160,Bien desservi
Belgique,426,Charleroi-Central,Essen,160,Bien desservi
Belgique,426,Charleroi-Central,Essen,160,Bien desservi
Belgique,426,Charleroi-Central,Essen,160,Bien desservi
Belgique,426,Charleroi-Central,Essen,160,Bien desservi
Belgique,426,Charleroi-Central,Essen,160,Bien desservi
Belgique,426,Charleroi-Central,Essen,160,Bien desservi
Belgique,426,Charleroi-Central,Essen,160,Bien desservi
Belgique,426,Charleroi-Central,Essen,128,Bien desservi
Belgique,426,Charleroi-Central,Essen,160,Bien desservi
Belgique,426,Charleroi-Central,Essen,160,Bien desservi
Belgique,426,Charleroi-Central,Essen,160,Bien desservi
Belgique,426,Charleroi-Central,Essen,160,Bien desservi
Belgique,427,Anvers-Central,Charleroi-Central,206,Bien desservi
Belgique,427,Anvers-Central,Charleroi-Central,318,Bien desservi
Belgique,427,Anvers-Central,Charleroi-Central,314,Bien desservi
Belgique,427,Anvers-Central,Charleroi-Central,314,Bien desservi
Belgique,427,Anvers-Central,Charleroi-Central,144,Bien desservi
Belgique,427,Anvers-Central,Charleroi-Central,345,Bien desservi
Belgique,427,Anvers-Central,Charleroi-Central,314,Bien desservi
Belgique,427,Anvers-Central,Charleroi-Central,207,Bien desservi
Belgique,427,Anvers-Central,Charleroi-Central,314,Bien desservi
Belgique,427,Anvers-Central,Charleroi-Central,314,Bien desservi
Belgique,427,Anvers-Central,Charleroi-Central,180,Bien desservi
Belgique,427,Anvers-Central,Charleroi-Central,314,Bien desservi
Belgique,427,Anvers-Central,Charleroi-Central,206,Bien desservi
Belgique,427,Anvers-Central,Charleroi-Central,314,Bien desservi
Belgique,427,Anvers-Central,Charleroi-Central,314,Bien desservi
Belgique,427,Anvers-Central,Charleroi-Central,345,Bien desservi
Belgique,427,Anvers-Central,Charleroi-Central,314,Bien desservi
Belgique,427,Anvers-Central,Charleroi-Central,309,Bien desservi
Belgique,427,Anvers-Central,Charleroi-Central,314,Bien desservi
Belgique,427,Anvers-Central,Charleroi-Central,314,Bien desservi
Belgique,427,Anvers-Central,Charleroi-Central,244,Bien desservi
Belgique,427,Anvers-Central,Charleroi-Central,314,Bien desservi
Belgique,427,Anvers-Central,Charleroi-Central,314,Bien desservi
Belgique,427,Anvers-Central,Charleroi-Central,254,Bien desservi
Belgique,427,Anvers-Central,Charleroi-Central,314,Bien desservi
Belgique,427,Anvers-Central,Charleroi-Central,314,Bien desservi
Belgique,427,Anvers-Central,Charleroi-Central,314,Bien desservi
Belgique,427,Anvers-Central,Charleroi-Central,244,Bien desservi
Belgique,427,Anvers-Central,Charleroi-Central,314,Bien desservi
Belgique,427,Anvers-Central,Charleroi-Central,314,Bien desservi
Belgique,427,Anvers-Central,Charleroi-Central,314,Bien desservi
Belgique,427,Anvers-Central,Charleroi-Central,345,Bien desservi
Belgique,427,Anvers-Central,Charleroi-Central,314,Bien desservi
Belgique,427,Anvers-Central,Charleroi-Central,314,Bien desservi
Belgique,427,Anvers-Central,Charleroi-Central,314,Bien desservi
Belgique,427,Anvers-Central,Charleroi-Central,247,Bien desservi
Belgique,428,Bruxelles-Nord,Charleroi-Central,6,Sous-desservi
Belgique,428,Bruxelles-Nord,Charleroi-Central,11,Desserte Normale
Belgique,428,Bruxelles-Nord,Charleroi-Central,12,Desserte Normale
Belgique,428,Bruxelles-Nord,Charleroi-Central,12,Desserte Normale
Belgique,428,Bruxelles-Nord,Charleroi-Central,8,Desserte Normale
Belgique,428,Bruxelles-Nord,Charleroi-Central,11,Desserte Normale
Belgique,428,Bruxelles-Nord,Charleroi-Central,12,Desserte Normale
Belgique,428,Bruxelles-Nord,Charleroi-Central,9,Desserte Normale
Belgique,428,Bruxelles-Nord,Charleroi-Central,12,Desserte Normale
Belgique,428,Bruxelles-Nord,Charleroi-Central,12,Desserte Normale
Belgique,428,Bruxelles-Nord,Charleroi-Central,10,Desserte Normale
Belgique,428,Bruxelles-Nord,Charleroi-Central,12,Desserte Normale
Belgique,428,Bruxelles-Nord,Charleroi-Central,10,Desserte Normale
Belgique,428,Bruxelles-Nord,Charleroi-Central,12,Desserte Normale
Belgique,428,Bruxelles-Nord,Charleroi-Central,12,Desserte Normale
Belgique,428,Bruxelles-Nord,Charleroi-Central,11,Desserte Normale
Belgique,428,Bruxelles-Nord,Charleroi-Central,12,Desserte Normale
Belgique,428,Bruxelles-Nord,Charleroi-Central,12,Desserte Normale
Belgique,428,Bruxelles-Nord,Charleroi-Central,12,Desserte Normale
Belgique,428,Bruxelles-Nord,Charleroi-Central,12,Desserte Normale
Belgique,428,Bruxelles-Nord,Charleroi-Central,12,Desserte Normale
Belgique,428,Bruxelles-Nord,Charleroi-Central,12,Desserte Normale
Belgique,428,Bruxelles-Nord,Charleroi-Central,12,Desserte Normale
Belgique,428,Bruxelles-Nord,Charleroi-Central,12,Desserte Normale
Belgique,428,Bruxelles-Nord,Charleroi-Central,12,Desserte Normale
Belgique,428,Bruxelles-Nord,Charleroi-Central,12,Desserte Normale
Belgique,428,Bruxelles-Nord,Charleroi-Central,12,Desserte Normale
Belgique,428,Bruxelles-Nord,Charleroi-Central,12,Desserte Normale
Belgique,428,Bruxelles-Nord,Charleroi-Central,12,Desserte Normale
Belgique,428,Bruxelles-Nord,Charleroi-Central,12,Desserte Normale
Belgique,428,Bruxelles-Nord,Charleroi-Central,12,Desserte Normale
Belgique,428,Bruxelles-Nord,Charleroi-Central,11,Desserte Normale
Belgique,428,Bruxelles-Nord,Charleroi-Central,12,Desserte Normale
Belgique,428,Bruxelles-Nord,Charleroi-Central,12,Desserte Normale
Belgique,428,Bruxelles-Nord,Charleroi-Central,12,Desserte Normale
Belgique,428,Bruxelles-Nord,Charleroi-Central,11,Desserte Normale
Belgique,429,Anvers-Central,Essen,1,Sous-desservi
Belgique,43,Hasselt,Landen,68,Bien desservi
Belgique,43,Hasselt,Landen,68,Bien desservi
Belgique,43,Hasselt,Landen,34,Desserte Normale
Belgique,430,Alost,Bruxelles-Midi,34,Desserte Normale
Belgique,430,Alost,Bruxelles-Midi,62,Bien desservi
Belgique,430,Alost,Bruxelles-Midi,61,Bien desservi
Belgique,430,Alost,Bruxelles-Midi,61,Bien desservi
Belgique,430,Alost,Bruxelles-Midi,62,Bien desservi
Belgique,430,Alost,Bruxelles-Midi,61,Bien desservi
Belgique,430,Alost,Bruxelles-Midi,62,Bien desservi
Belgique,430,Alost,Bruxelles-Midi,61,Bien desservi
Belgique,430,Alost,Bruxelles-Midi,62,Bien desservi
Belgique,430,Alost,Bruxelles-Midi,61,Bien desservi
Belgique,430,Alost,Bruxelles-Midi,61,Bien desservi
Belgique,430,Alost,Bruxelles-Midi,61,Bien desservi
Belgique,430,Alost,Bruxelles-Midi,56,Desserte Normale
Belgique,430,Alost,Bruxelles-Midi,56,Desserte Normale
Belgique,430,Alost,Bruxelles-Midi,61,Bien desservi
Belgique,430,Alost,Bruxelles-Midi,56,Desserte Normale
Belgique,430,Alost,Bruxelles-Midi,62,Bien desservi
Belgique,430,Alost,Bruxelles-Midi,61,Bien desservi
Belgique,430,Alost,Bruxelles-Midi,56,Desserte Normale
Belgique,430,Alost,Bruxelles-Midi,61,Bien desservi
Belgique,430,Alost,Bruxelles-Midi,61,Bien desservi
Belgique,430,Alost,Bruxelles-Midi,61,Bien desservi
Belgique,430,Alost,Bruxelles-Midi,61,Bien desservi
Belgique,430,Alost,Bruxelles-Midi,61,Bien desservi
Belgique,430,Alost,Bruxelles-Midi,61,Bien desservi
Belgique,430,Alost,Bruxelles-Midi,56,Desserte Normale
Belgique,430,Alost,Bruxelles-Midi,61,Bien desservi
Belgique,430,Alost,Bruxelles-Midi,61,Bien desservi
Belgique,430,Alost,Bruxelles-Midi,61,Bien desservi
Belgique,430,Alost,Bruxelles-Midi,61,Bien desservi
Belgique,430,Alost,Bruxelles-Midi,61,Bien desservi
Belgique,430,Alost,Bruxelles-Midi,61,Bien desservi
Belgique,430,Alost,Bruxelles-Midi,62,Bien desservi
Belgique,430,Alost,Bruxelles-Midi,61,Bien desservi
Belgique,430,Alost,Bruxelles-Midi,61,Bien desservi
Belgique,430,Alost,Bruxelles-Midi,61,Bien desservi
Belgique,430,Alost,Bruxelles-Midi,53,Desserte Normale
Belgique,431,Alost,Termonde,228,Bien desservi
Belgique,431,Alost,Termonde,393,Bien desservi
Belgique,431,Alost,Termonde,402,Bien desservi
Belgique,431,Alost,Termonde,402,Bien desservi
Belgique,431,Alost,Termonde,396,Bien desservi
Belgique,431,Alost,Termonde,402,Bien desservi
Belgique,431,Alost,Termonde,396,Bien desservi
Belgique,431,Alost,Termonde,401,Bien desservi
Belgique,431,Alost,Termonde,395,Bien desservi
Belgique,431,Alost,Termonde,402,Bien desservi
Belgique,431,Alost,Termonde,402,Bien desservi
Belgique,431,Alost,Termonde,402,Bien desservi
Belgique,431,Alost,Termonde,402,Bien desservi
Belgique,431,Alost,Termonde,402,Bien desservi
Belgique,431,Alost,Termonde,402,Bien desservi
Belgique,431,Alost,Termonde,402,Bien desservi
Belgique,431,Alost,Termonde,396,Bien desservi
Belgique,431,Alost,Termonde,402,Bien desservi
Belgique,431,Alost,Termonde,402,Bien desservi
Belgique,431,Alost,Termonde,402,Bien desservi
Belgique,431,Alost,Termonde,402,Bien desservi
Belgique,431,Alost,Termonde,402,Bien desservi
Belgique,431,Alost,Termonde,402,Bien desservi
Belgique,431,Alost,Termonde,290,Bien desservi
Belgique,431,Alost,Termonde,290,Bien desservi
Belgique,431,Alost,Termonde,290,Bien desservi
Belgique,431,Alost,Termonde,402,Bien desservi
Belgique,431,Alost,Termonde,402,Bien desservi
Belgique,431,Alost,Termonde,402,Bien desservi
Belgique,431,Alost,Termonde,402,Bien desservi
Belgique,431,Alost,Termonde,402,Bien desservi
Belgique,431,Alost,Termonde,402,Bien desservi
Belgique,431,Alost,Termonde,396,Bien desservi
Belgique,431,Alost,Termonde,402,Bien desservi
Belgique,431,Alost,Termonde,402,Bien desservi
Belgique,431,Alost,Termonde,402,Bien desservi
Belgique,431,Alost,Termonde,346,Bien desservi
Belgique,432,Alost,Jette,112,Bien desservi
Belgique,432,Alost,Jette,112,Bien desservi
Belgique,432,Alost,Jette,112,Bien desservi
Belgique,433,Bruxelles-Midi,Denderleeuw,5,Sous-desservi
Belgique,433,Bruxelles-Midi,Denderleeuw,5,Sous-desservi
Belgique,434,Alost,Bruxelles-Central,1,Sous-desservi
Belgique,435,Denderleeuw,Termonde,2,Sous-desservi
Belgique,436,Luxembourg,Namur,10,Desserte Normale
Belgique,436,Luxembourg,Namur,10,Desserte Normale
Belgique,436,Luxembourg,Namur,8,Desserte Normale
Belgique,436,Luxembourg,Namur,10,Desserte Normale
Belgique,436,Luxembourg,Namur,6,Sous-desservi
Belgique,436,Luxembourg,Namur,10,Desserte Normale
Belgique,436,Luxembourg,Namur,10,Desserte Normale
Belgique,436,Luxembourg,Namur,10,Desserte Normale
Belgique,436,Luxembourg,Namur,10,Desserte Normale
Belgique,436,Luxembourg,Namur,10,Desserte Normale
Belgique,436,Luxembourg,Namur,10,Desserte Normale
Belgique,436,Luxembourg,Namur,10,Desserte Normale
Belgique,436,Luxembourg,Namur,8,Desserte Normale
Belgique,436,Luxembourg,Namur,10,Desserte Normale
Belgique,436,Luxembourg,Namur,10,Desserte Normale
Belgique,436,Luxembourg,Namur,10,Desserte Normale
Belgique,436,Luxembourg,Namur,10,Desserte Normale
Belgique,436,Luxembourg,Namur,10,Desserte Normale
Belgique,436,Luxembourg,Namur,10,Desserte Normale
Belgique,436,Luxembourg,Namur,10,Desserte Normale
Belgique,436,Luxembourg,Namur,10,Desserte Normale
Belgique,436,Luxembourg,Namur,10,Desserte Normale
Belgique,436,Luxembourg,Namur,10,Desserte Normale
Belgique,436,Luxembourg,Namur,10,Desserte Normale
Belgique,436,Luxembourg,Namur,10,Desserte Normale
Belgique,436,Luxembourg,Namur,10,Desserte Normale
Belgique,436,Luxembourg,Namur,10,Desserte Normale
Belgique,436,Luxembourg,Namur,10,Desserte Normale
Belgique,436,Luxembourg,Namur,8,Desserte Normale
Belgique,436,Luxembourg,Namur,10,Desserte Normale
Belgique,436,Luxembourg,Namur,10,Desserte Normale
Belgique,436,Luxembourg,Namur,10,Desserte Normale
Belgique,436,Luxembourg,Namur,10,Desserte Normale
Belgique,437,Luxembourg,Marloie,73,Bien desservi
Belgique,437,Luxembourg,Marloie,52,Desserte Normale
Belgique,437,Luxembourg,Marloie,45,Desserte Normale
Belgique,438,Ciney,Luxembourg,72,Bien desservi
Belgique,438,Ciney,Luxembourg,51,Desserte Normale
Belgique,439,Arlon,Ciney,60,Bien desservi
Belgique,439,Arlon,Ciney,60,Bien desservi
Belgique,439,Arlon,Ciney,18,Desserte Normale
Belgique,439,Arlon,Ciney,9,Desserte Normale
Belgique,44,Bruxelles-Midi,Vilvorde,2,Sous-desservi
Belgique,44,Bruxelles-Midi,Vilvorde,1,Sous-desservi
Belgique,44,Bruxelles-Midi,Vilvorde,1,Sous-desservi
Belgique,44,Bruxelles-Midi,Vilvorde,1,Sous-desservi
Belgique,44,Bruxelles-Midi,Vilvorde,1,Sous-desservi
Belgique,44,Bruxelles-Midi,Vilvorde,1,Sous-desservi
Belgique,44,Bruxelles-Midi,Vilvorde,1,Sous-desservi
Belgique,44,Bruxelles-Midi,Vilvorde,1,Sous-desservi
Belgique,44,Bruxelles-Midi,Vilvorde,1,Sous-desservi
Belgique,440,Bruxelles-Central,Luxembourg,1,Sous-desservi
Belgique,441,Bruxelles-Nord,Luxembourg,2,Sous-desservi
Belgique,442,Arlon,Bruxelles-Nord,1,Sous-desservi
Belgique,443,Bruxelles-Midi,Rochefort-Jemelle,8,Desserte Normale
Belgique,443,Bruxelles-Midi,Rochefort-Jemelle,14,Desserte Normale
Belgique,443,Bruxelles-Midi,Rochefort-Jemelle,10,Desserte Normale
Belgique,443,Bruxelles-Midi,Rochefort-Jemelle,10,Desserte Normale
Belgique,443,Bruxelles-Midi,Rochefort-Jemelle,8,Desserte Normale
Belgique,443,Bruxelles-Midi,Rochefort-Jemelle,10,Desserte Normale
Belgique,443,Bruxelles-Midi,Rochefort-Jemelle,9,Desserte Normale
Belgique,443,Bruxelles-Midi,Rochefort-Jemelle,14,Desserte Normale
Belgique,443,Bruxelles-Midi,Rochefort-Jemelle,14,Desserte Normale
Belgique,443,Bruxelles-Midi,Rochefort-Jemelle,14,Desserte Normale
Belgique,443,Bruxelles-Midi,Rochefort-Jemelle,14,Desserte Normale
Belgique,443,Bruxelles-Midi,Rochefort-Jemelle,14,Desserte Normale
Belgique,443,Bruxelles-Midi,Rochefort-Jemelle,12,Desserte Normale
Belgique,443,Bruxelles-Midi,Rochefort-Jemelle,12,Desserte Normale
Belgique,443,Bruxelles-Midi,Rochefort-Jemelle,12,Desserte Normale
Belgique,443,Bruxelles-Midi,Rochefort-Jemelle,12,Desserte Normale
Belgique,443,Bruxelles-Midi,Rochefort-Jemelle,11,Desserte Normale
Belgique,443,Bruxelles-Midi,Rochefort-Jemelle,12,Desserte Normale
Belgique,443,Bruxelles-Midi,Rochefort-Jemelle,12,Desserte Normale
Belgique,443,Bruxelles-Midi,Rochefort-Jemelle,10,Desserte Normale
Belgique,443,Bruxelles-Midi,Rochefort-Jemelle,11,Desserte Normale
Belgique,443,Bruxelles-Midi,Rochefort-Jemelle,12,Desserte Normale
Belgique,443,Bruxelles-Midi,Rochefort-Jemelle,14,Desserte Normale
Belgique,443,Bruxelles-Midi,Rochefort-Jemelle,14,Desserte Normale
Belgique,443,Bruxelles-Midi,Rochefort-Jemelle,14,Desserte Normale
Belgique,443,Bruxelles-Midi,Rochefort-Jemelle,14,Desserte Normale
Belgique,443,Bruxelles-Midi,Rochefort-Jemelle,14,Desserte Normale
Belgique,443,Bruxelles-Midi,Rochefort-Jemelle,14,Desserte Normale
Belgique,443,Bruxelles-Midi,Rochefort-Jemelle,14,Desserte Normale
Belgique,443,Bruxelles-Midi,Rochefort-Jemelle,14,Desserte Normale
Belgique,443,Bruxelles-Midi,Rochefort-Jemelle,14,Desserte Normale
Belgique,443,Bruxelles-Midi,Rochefort-Jemelle,14,Desserte Normale
Belgique,443,Bruxelles-Midi,Rochefort-Jemelle,14,Desserte Normale
Belgique,443,Bruxelles-Midi,Rochefort-Jemelle,14,Desserte Normale
Belgique,443,Bruxelles-Midi,Rochefort-Jemelle,14,Desserte Normale
Belgique,443,Bruxelles-Midi,Rochefort-Jemelle,14,Desserte Normale
Belgique,443,Bruxelles-Midi,Rochefort-Jemelle,12,Desserte Normale
Belgique,444,Alost,Bruxelles-Luxembourg,128,Bien desservi
Belgique,444,Alost,Bruxelles-Luxembourg,224,Bien desservi
Belgique,444,Alost,Bruxelles-Luxembourg,223,Bien desservi
Belgique,444,Alost,Bruxelles-Luxembourg,224,Bien desservi
Belgique,444,Alost,Bruxelles-Luxembourg,224,Bien desservi
Belgique,444,Alost,Bruxelles-Luxembourg,224,Bien desservi
Belgique,444,Alost,Bruxelles-Luxembourg,224,Bien desservi
Belgique,444,Alost,Bruxelles-Luxembourg,224,Bien desservi
Belgique,444,Alost,Bruxelles-Luxembourg,224,Bien desservi
Belgique,444,Alost,Bruxelles-Luxembourg,224,Bien desservi
Belgique,444,Alost,Bruxelles-Luxembourg,224,Bien desservi
Belgique,444,Alost,Bruxelles-Luxembourg,224,Bien desservi
Belgique,444,Alost,Bruxelles-Luxembourg,224,Bien desservi
Belgique,444,Alost,Bruxelles-Luxembourg,224,Bien desservi
Belgique,444,Alost,Bruxelles-Luxembourg,224,Bien desservi
Belgique,444,Alost,Bruxelles-Luxembourg,224,Bien desservi
Belgique,444,Alost,Bruxelles-Luxembourg,224,Bien desservi
Belgique,444,Alost,Bruxelles-Luxembourg,224,Bien desservi
Belgique,444,Alost,Bruxelles-Luxembourg,160,Bien desservi
Belgique,444,Alost,Bruxelles-Luxembourg,160,Bien desservi
Belgique,444,Alost,Bruxelles-Luxembourg,160,Bien desservi
Belgique,444,Alost,Bruxelles-Luxembourg,224,Bien desservi
Belgique,444,Alost,Bruxelles-Luxembourg,224,Bien desservi
Belgique,444,Alost,Bruxelles-Luxembourg,224,Bien desservi
Belgique,444,Alost,Bruxelles-Luxembourg,224,Bien desservi
Belgique,444,Alost,Bruxelles-Luxembourg,224,Bien desservi
Belgique,444,Alost,Bruxelles-Luxembourg,224,Bien desservi
Belgique,444,Alost,Bruxelles-Luxembourg,224,Bien desservi
Belgique,444,Alost,Bruxelles-Luxembourg,224,Bien desservi
Belgique,444,Alost,Bruxelles-Luxembourg,224,Bien desservi
Belgique,444,Alost,Bruxelles-Luxembourg,224,Bien desservi
Belgique,444,Alost,Bruxelles-Luxembourg,224,Bien desservi
Belgique,444,Alost,Bruxelles-Luxembourg,224,Bien desservi
Belgique,444,Alost,Bruxelles-Luxembourg,224,Bien desservi
Belgique,444,Alost,Bruxelles-Luxembourg,224,Bien desservi
Belgique,444,Alost,Bruxelles-Luxembourg,224,Bien desservi
Belgique,444,Alost,Bruxelles-Luxembourg,192,Bien desservi
Belgique,445,Alost,Bruxelles-Nord,64,Bien desservi
Belgique,445,Alost,Bruxelles-Nord,64,Bien desservi
Belgique,445,Alost,Bruxelles-Nord,64,Bien desservi
Belgique,446,Bruxelles-Luxembourg,Denderleeuw,1,Sous-desservi
Belgique,447,Brussels Airport-Zaventem,Gand-Saint-Pierre,142,Bien desservi
Belgique,447,Brussels Airport-Zaventem,Gand-Saint-Pierre,249,Bien desservi
Belgique,447,Brussels Airport-Zaventem,Gand-Saint-Pierre,250,Bien desservi
Belgique,447,Brussels Airport-Zaventem,Gand-Saint-Pierre,250,Bien desservi
Belgique,447,Brussels Airport-Zaventem,Gand-Saint-Pierre,249,Bien desservi
Belgique,447,Brussels Airport-Zaventem,Gand-Saint-Pierre,250,Bien desservi
Belgique,447,Brussels Airport-Zaventem,Gand-Saint-Pierre,241,Bien desservi
Belgique,447,Brussels Airport-Zaventem,Gand-Saint-Pierre,182,Bien desservi
Belgique,447,Brussels Airport-Zaventem,Gand-Saint-Pierre,249,Bien desservi
Belgique,447,Brussels Airport-Zaventem,Gand-Saint-Pierre,250,Bien desservi
Belgique,447,Brussels Airport-Zaventem,Gand-Saint-Pierre,250,Bien desservi
Belgique,447,Brussels Airport-Zaventem,Gand-Saint-Pierre,250,Bien desservi
Belgique,447,Brussels Airport-Zaventem,Gand-Saint-Pierre,250,Bien desservi
Belgique,447,Brussels Airport-Zaventem,Gand-Saint-Pierre,250,Bien desservi
Belgique,447,Brussels Airport-Zaventem,Gand-Saint-Pierre,250,Bien desservi
Belgique,447,Brussels Airport-Zaventem,Gand-Saint-Pierre,250,Bien desservi
Belgique,447,Brussels Airport-Zaventem,Gand-Saint-Pierre,249,Bien desservi
Belgique,447,Brussels Airport-Zaventem,Gand-Saint-Pierre,250,Bien desservi
Belgique,447,Brussels Airport-Zaventem,Gand-Saint-Pierre,250,Bien desservi
Belgique,447,Brussels Airport-Zaventem,Gand-Saint-Pierre,250,Bien desservi
Belgique,447,Brussels Airport-Zaventem,Gand-Saint-Pierre,250,Bien desservi
Belgique,447,Brussels Airport-Zaventem,Gand-Saint-Pierre,250,Bien desservi
Belgique,447,Brussels Airport-Zaventem,Gand-Saint-Pierre,250,Bien desservi
Belgique,447,Brussels Airport-Zaventem,Gand-Saint-Pierre,250,Bien desservi
Belgique,447,Brussels Airport-Zaventem,Gand-Saint-Pierre,250,Bien desservi
Belgique,447,Brussels Airport-Zaventem,Gand-Saint-Pierre,250,Bien desservi
Belgique,447,Brussels Airport-Zaventem,Gand-Saint-Pierre,250,Bien desservi
Belgique,447,Brussels Airport-Zaventem,Gand-Saint-Pierre,250,Bien desservi
Belgique,447,Brussels Airport-Zaventem,Gand-Saint-Pierre,250,Bien desservi
Belgique,447,Brussels Airport-Zaventem,Gand-Saint-Pierre,250,Bien desservi
Belgique,447,Brussels Airport-Zaventem,Gand-Saint-Pierre,250,Bien desservi
Belgique,447,Brussels Airport-Zaventem,Gand-Saint-Pierre,250,Bien desservi
Belgique,447,Brussels Airport-Zaventem,Gand-Saint-Pierre,249,Bien desservi
Belgique,447,Brussels Airport-Zaventem,Gand-Saint-Pierre,250,Bien desservi
Belgique,447,Brussels Airport-Zaventem,Gand-Saint-Pierre,250,Bien desservi
Belgique,447,Brussels Airport-Zaventem,Gand-Saint-Pierre,250,Bien desservi
Belgique,447,Brussels Airport-Zaventem,Gand-Saint-Pierre,215,Bien desservi
Belgique,448,Brussels Airport-Zaventem,Merelbeke,68,Bien desservi
Belgique,449,Gand-Saint-Pierre,Schaerbeek,6,Sous-desservi
Belgique,449,Gand-Saint-Pierre,Schaerbeek,14,Desserte Normale
Belgique,449,Gand-Saint-Pierre,Schaerbeek,6,Sous-desservi
Belgique,449,Gand-Saint-Pierre,Schaerbeek,10,Desserte Normale
Belgique,45,Anvers-Central,Malines,72,Bien desservi
Belgique,450,Grammont,Termonde,8,Desserte Normale
Belgique,450,Grammont,Termonde,16,Desserte Normale
Belgique,450,Grammont,Termonde,20,Desserte Normale
Belgique,450,Grammont,Termonde,20,Desserte Normale
Belgique,450,Grammont,Termonde,16,Desserte Normale
Belgique,450,Grammont,Termonde,20,Desserte Normale
Belgique,450,Grammont,Termonde,16,Desserte Normale
Belgique,450,Grammont,Termonde,20,Desserte Normale
Belgique,450,Grammont,Termonde,16,Desserte Normale
Belgique,450,Grammont,Termonde,20,Desserte Normale
Belgique,450,Grammont,Termonde,20,Desserte Normale
Belgique,450,Grammont,Termonde,20,Desserte Normale
Belgique,450,Grammont,Termonde,20,Desserte Normale
Belgique,450,Grammont,Termonde,20,Desserte Normale
Belgique,450,Grammont,Termonde,20,Desserte Normale
Belgique,450,Grammont,Termonde,20,Desserte Normale
Belgique,450,Grammont,Termonde,16,Desserte Normale
Belgique,450,Grammont,Termonde,20,Desserte Normale
Belgique,450,Grammont,Termonde,12,Desserte Normale
Belgique,450,Grammont,Termonde,20,Desserte Normale
Belgique,450,Grammont,Termonde,20,Desserte Normale
Belgique,450,Grammont,Termonde,20,Desserte Normale
Belgique,450,Grammont,Termonde,20,Desserte Normale
Belgique,450,Grammont,Termonde,20,Desserte Normale
Belgique,450,Grammont,Termonde,20,Desserte Normale
Belgique,450,Grammont,Termonde,20,Desserte Normale
Belgique,450,Grammont,Termonde,20,Desserte Normale
Belgique,450,Grammont,Termonde,20,Desserte Normale
Belgique,450,Grammont,Termonde,20,Desserte Normale
Belgique,450,Grammont,Termonde,20,Desserte Normale
Belgique,450,Grammont,Termonde,16,Desserte Normale
Belgique,450,Grammont,Termonde,20,Desserte Normale
Belgique,450,Grammont,Termonde,20,Desserte Normale
Belgique,450,Grammont,Termonde,20,Desserte Normale
Belgique,450,Grammont,Termonde,20,Desserte Normale
Belgique,451,Bruxelles-Midi,Termonde,6,Sous-desservi
Belgique,451,Bruxelles-Midi,Termonde,16,Desserte Normale
Belgique,451,Bruxelles-Midi,Termonde,20,Desserte Normale
Belgique,451,Bruxelles-Midi,Termonde,20,Desserte Normale
Belgique,451,Bruxelles-Midi,Termonde,16,Desserte Normale
Belgique,451,Bruxelles-Midi,Termonde,20,Desserte Normale
Belgique,451,Bruxelles-Midi,Termonde,16,Desserte Normale
Belgique,451,Bruxelles-Midi,Termonde,15,Desserte Normale
Belgique,451,Bruxelles-Midi,Termonde,16,Desserte Normale
Belgique,451,Bruxelles-Midi,Termonde,20,Desserte Normale
Belgique,451,Bruxelles-Midi,Termonde,20,Desserte Normale
Belgique,451,Bruxelles-Midi,Termonde,20,Desserte Normale
Belgique,451,Bruxelles-Midi,Termonde,20,Desserte Normale
Belgique,451,Bruxelles-Midi,Termonde,15,Desserte Normale
Belgique,451,Bruxelles-Midi,Termonde,20,Desserte Normale
Belgique,451,Bruxelles-Midi,Termonde,15,Desserte Normale
Belgique,451,Bruxelles-Midi,Termonde,16,Desserte Normale
Belgique,451,Bruxelles-Midi,Termonde,20,Desserte Normale
Belgique,451,Bruxelles-Midi,Termonde,86,Bien desservi
Belgique,451,Bruxelles-Midi,Termonde,185,Bien desservi
Belgique,451,Bruxelles-Midi,Termonde,185,Bien desservi
Belgique,451,Bruxelles-Midi,Termonde,20,Desserte Normale
Belgique,451,Bruxelles-Midi,Termonde,20,Desserte Normale
Belgique,451,Bruxelles-Midi,Termonde,20,Desserte Normale
Belgique,451,Bruxelles-Midi,Termonde,20,Desserte Normale
Belgique,451,Bruxelles-Midi,Termonde,20,Desserte Normale
Belgique,451,Bruxelles-Midi,Termonde,20,Desserte Normale
Belgique,451,Bruxelles-Midi,Termonde,20,Desserte Normale
Belgique,451,Bruxelles-Midi,Termonde,20,Desserte Normale
Belgique,451,Bruxelles-Midi,Termonde,20,Desserte Normale
Belgique,451,Bruxelles-Midi,Termonde,20,Desserte Normale
Belgique,451,Bruxelles-Midi,Termonde,20,Desserte Normale
Belgique,451,Bruxelles-Midi,Termonde,16,Desserte Normale
Belgique,451,Bruxelles-Midi,Termonde,20,Desserte Normale
Belgique,451,Bruxelles-Midi,Termonde,20,Desserte Normale
Belgique,451,Bruxelles-Midi,Termonde,20,Desserte Normale
Belgique,451,Bruxelles-Midi,Termonde,20,Desserte Normale
Belgique,452,Denderleeuw,Hal,66,Bien desservi
Belgique,452,Denderleeuw,Hal,66,Bien desservi
Belgique,453,Denderleeuw,Enghien,66,Bien desservi
Belgique,453,Denderleeuw,Enghien,99,Bien desservi
Belgique,453,Denderleeuw,Enghien,66,Bien desservi
Belgique,453,Denderleeuw,Enghien,99,Bien desservi
Belgique,453,Denderleeuw,Enghien,67,Bien desservi
Belgique,453,Denderleeuw,Enghien,66,Bien desservi
Belgique,453,Denderleeuw,Enghien,89,Bien desservi
Belgique,453,Denderleeuw,Enghien,66,Bien desservi
Belgique,453,Denderleeuw,Enghien,66,Bien desservi
Belgique,454,Bruxelles-Nord,Denderleeuw,2,Sous-desservi
Belgique,454,Bruxelles-Nord,Denderleeuw,4,Sous-desservi
Belgique,454,Bruxelles-Nord,Denderleeuw,5,Sous-desservi
Belgique,454,Bruxelles-Nord,Denderleeuw,71,Bien desservi
Belgique,454,Bruxelles-Nord,Denderleeuw,4,Sous-desservi
Belgique,454,Bruxelles-Nord,Denderleeuw,71,Bien desservi
Belgique,454,Bruxelles-Nord,Denderleeuw,36,Desserte Normale
Belgique,454,Bruxelles-Nord,Denderleeuw,5,Sous-desservi
Belgique,454,Bruxelles-Nord,Denderleeuw,13,Desserte Normale
Belgique,454,Bruxelles-Nord,Denderleeuw,5,Sous-desservi
Belgique,454,Bruxelles-Nord,Denderleeuw,5,Sous-desservi
Belgique,454,Bruxelles-Nord,Denderleeuw,71,Bien desservi
Belgique,454,Bruxelles-Nord,Denderleeuw,71,Bien desservi
Belgique,454,Bruxelles-Nord,Denderleeuw,71,Bien desservi
Belgique,454,Bruxelles-Nord,Denderleeuw,71,Bien desservi
Belgique,454,Bruxelles-Nord,Denderleeuw,71,Bien desservi
Belgique,454,Bruxelles-Nord,Denderleeuw,103,Bien desservi
Belgique,454,Bruxelles-Nord,Denderleeuw,71,Bien desservi
Belgique,454,Bruxelles-Nord,Denderleeuw,3,Sous-desservi
Belgique,454,Bruxelles-Nord,Denderleeuw,71,Bien desservi
Belgique,454,Bruxelles-Nord,Denderleeuw,5,Sous-desservi
Belgique,454,Bruxelles-Nord,Denderleeuw,5,Sous-desservi
Belgique,454,Bruxelles-Nord,Denderleeuw,71,Bien desservi
Belgique,454,Bruxelles-Nord,Denderleeuw,71,Bien desservi
Belgique,454,Bruxelles-Nord,Denderleeuw,71,Bien desservi
Belgique,454,Bruxelles-Nord,Denderleeuw,71,Bien desservi
Belgique,454,Bruxelles-Nord,Denderleeuw,71,Bien desservi
Belgique,454,Bruxelles-Nord,Denderleeuw,71,Bien desservi
Belgique,454,Bruxelles-Nord,Denderleeuw,71,Bien desservi
Belgique,454,Bruxelles-Nord,Denderleeuw,71,Bien desservi
Belgique,454,Bruxelles-Nord,Denderleeuw,103,Bien desservi
Belgique,454,Bruxelles-Nord,Denderleeuw,71,Bien desservi
Belgique,454,Bruxelles-Nord,Denderleeuw,71,Bien desservi
Belgique,454,Bruxelles-Nord,Denderleeuw,71,Bien desservi
Belgique,454,Bruxelles-Nord,Denderleeuw,38,Desserte Normale
Belgique,455,Denderleeuw,Termonde,58,Bien desservi
Belgique,455,Denderleeuw,Termonde,115,Bien desservi
Belgique,455,Denderleeuw,Termonde,145,Bien desservi
Belgique,455,Denderleeuw,Termonde,144,Bien desservi
Belgique,455,Denderleeuw,Termonde,116,Bien desservi
Belgique,455,Denderleeuw,Termonde,145,Bien desservi
Belgique,455,Denderleeuw,Termonde,116,Bien desservi
Belgique,455,Denderleeuw,Termonde,144,Bien desservi
Belgique,455,Denderleeuw,Termonde,115,Bien desservi
Belgique,455,Denderleeuw,Termonde,145,Bien desservi
Belgique,455,Denderleeuw,Termonde,145,Bien desservi
Belgique,455,Denderleeuw,Termonde,145,Bien desservi
Belgique,455,Denderleeuw,Termonde,145,Bien desservi
Belgique,455,Denderleeuw,Termonde,145,Bien desservi
Belgique,455,Denderleeuw,Termonde,145,Bien desservi
Belgique,455,Denderleeuw,Termonde,145,Bien desservi
Belgique,455,Denderleeuw,Termonde,116,Bien desservi
Belgique,455,Denderleeuw,Termonde,145,Bien desservi
Belgique,455,Denderleeuw,Termonde,87,Bien desservi
Belgique,455,Denderleeuw,Termonde,145,Bien desservi
Belgique,455,Denderleeuw,Termonde,145,Bien desservi
Belgique,455,Denderleeuw,Termonde,145,Bien desservi
Belgique,455,Denderleeuw,Termonde,145,Bien desservi
Belgique,455,Denderleeuw,Termonde,145,Bien desservi
Belgique,455,Denderleeuw,Termonde,145,Bien desservi
Belgique,455,Denderleeuw,Termonde,145,Bien desservi
Belgique,455,Denderleeuw,Termonde,145,Bien desservi
Belgique,455,Denderleeuw,Termonde,145,Bien desservi
Belgique,455,Denderleeuw,Termonde,145,Bien desservi
Belgique,455,Denderleeuw,Termonde,145,Bien desservi
Belgique,455,Denderleeuw,Termonde,116,Bien desservi
Belgique,455,Denderleeuw,Termonde,145,Bien desservi
Belgique,455,Denderleeuw,Termonde,145,Bien desservi
Belgique,455,Denderleeuw,Termonde,145,Bien desservi
Belgique,455,Denderleeuw,Termonde,145,Bien desservi
Belgique,456,Denderleeuw,Iddergem,1,Sous-desservi
Belgique,457,Bruxelles-Midi,Jette,2,Sous-desservi
Belgique,457,Bruxelles-Midi,Jette,5,Sous-desservi
Belgique,457,Bruxelles-Midi,Jette,5,Sous-desservi
Belgique,457,Bruxelles-Midi,Jette,5,Sous-desservi
Belgique,458,Hal,Termonde,1,Sous-desservi
Belgique,459,Enghien,Termonde,1,Sous-desservi
Belgique,46,Anvers-Central,Noorderkempen,1,Sous-desservi
Belgique,46,Anvers-Central,Noorderkempen,67,Bien desservi
Belgique,46,Anvers-Central,Noorderkempen,6,Sous-desservi
Belgique,46,Anvers-Central,Noorderkempen,5,Sous-desservi
Belgique,46,Anvers-Central,Noorderkempen,4,Sous-desservi
Belgique,46,Anvers-Central,Noorderkempen,3,Sous-desservi
Belgique,46,Anvers-Central,Noorderkempen,2,Sous-desservi
Belgique,46,Anvers-Central,Noorderkempen,64,Bien desservi
Belgique,460,Sint-Gillis,Termonde,1,Sous-desservi
Belgique,461,Bruxelles-Nord,Grammont,2,Sous-desservi
Belgique,461,Bruxelles-Nord,Grammont,2,Sous-desservi
Belgique,461,Bruxelles-Nord,Grammont,1,Sous-desservi
Belgique,461,Bruxelles-Nord,Grammont,2,Sous-desservi
Belgique,461,Bruxelles-Nord,Grammont,2,Sous-desservi
Belgique,461,Bruxelles-Nord,Grammont,2,Sous-desservi
Belgique,461,Bruxelles-Nord,Grammont,2,Sous-desservi
Belgique,461,Bruxelles-Nord,Grammont,2,Sous-desservi
Belgique,461,Bruxelles-Nord,Grammont,2,Sous-desservi
Belgique,461,Bruxelles-Nord,Grammont,3,Sous-desservi
Belgique,461,Bruxelles-Nord,Grammont,2,Sous-desservi
Belgique,461,Bruxelles-Nord,Grammont,2,Sous-desservi
Belgique,461,Bruxelles-Nord,Grammont,2,Sous-desservi
Belgique,461,Bruxelles-Nord,Grammont,2,Sous-desservi
Belgique,461,Bruxelles-Nord,Grammont,2,Sous-desservi
Belgique,461,Bruxelles-Nord,Grammont,2,Sous-desservi
Belgique,461,Bruxelles-Nord,Grammont,2,Sous-desservi
Belgique,461,Bruxelles-Nord,Grammont,2,Sous-desservi
Belgique,461,Bruxelles-Nord,Grammont,2,Sous-desservi
Belgique,461,Bruxelles-Nord,Grammont,2,Sous-desservi
Belgique,461,Bruxelles-Nord,Grammont,3,Sous-desservi
Belgique,461,Bruxelles-Nord,Grammont,2,Sous-desservi
Belgique,461,Bruxelles-Nord,Grammont,2,Sous-desservi
Belgique,461,Bruxelles-Nord,Grammont,2,Sous-desservi
Belgique,461,Bruxelles-Nord,Grammont,1,Sous-desservi
Belgique,462,Grammont,Hal,2,Sous-desservi
Belgique,462,Grammont,Hal,2,Sous-desservi
Belgique,463,Enghien,Grammont,2,Sous-desservi
Belgique,463,Enghien,Grammont,11,Desserte Normale
Belgique,463,Enghien,Grammont,12,Desserte Normale
Belgique,463,Enghien,Grammont,3,Sous-desservi
Belgique,463,Enghien,Grammont,2,Sous-desservi
Belgique,463,Enghien,Grammont,2,Sous-desservi
Belgique,463,Enghien,Grammont,2,Sous-desservi
Belgique,463,Enghien,Grammont,2,Sous-desservi
Belgique,463,Enghien,Grammont,2,Sous-desservi
Belgique,463,Enghien,Grammont,10,Desserte Normale
Belgique,463,Enghien,Grammont,10,Desserte Normale
Belgique,463,Enghien,Grammont,5,Sous-desservi
Belgique,463,Enghien,Grammont,8,Desserte Normale
Belgique,463,Enghien,Grammont,10,Desserte Normale
Belgique,463,Enghien,Grammont,14,Desserte Normale
Belgique,463,Enghien,Grammont,20,Desserte Normale
Belgique,463,Enghien,Grammont,20,Desserte Normale
Belgique,463,Enghien,Grammont,10,Desserte Normale
Belgique,464,Brussels Airport-Zaventem,Courtrai,21,Desserte Normale
Belgique,464,Brussels Airport-Zaventem,Courtrai,30,Desserte Normale
Belgique,464,Brussels Airport-Zaventem,Courtrai,24,Desserte Normale
Belgique,464,Brussels Airport-Zaventem,Courtrai,40,Desserte Normale
Belgique,464,Brussels Airport-Zaventem,Courtrai,29,Desserte Normale
Belgique,464,Brussels Airport-Zaventem,Courtrai,98,Bien desservi
Belgique,464,Brussels Airport-Zaventem,Courtrai,126,Bien desservi
Belgique,464,Brussels Airport-Zaventem,Courtrai,40,Desserte Normale
Belgique,464,Brussels Airport-Zaventem,Courtrai,30,Desserte Normale
Belgique,464,Brussels Airport-Zaventem,Courtrai,40,Desserte Normale
Belgique,464,Brussels Airport-Zaventem,Courtrai,30,Desserte Normale
Belgique,464,Brussels Airport-Zaventem,Courtrai,40,Desserte Normale
Belgique,464,Brussels Airport-Zaventem,Courtrai,40,Desserte Normale
Belgique,464,Brussels Airport-Zaventem,Courtrai,40,Desserte Normale
Belgique,464,Brussels Airport-Zaventem,Courtrai,36,Desserte Normale
Belgique,464,Brussels Airport-Zaventem,Courtrai,35,Desserte Normale
Belgique,464,Brussels Airport-Zaventem,Courtrai,40,Desserte Normale
Belgique,464,Brussels Airport-Zaventem,Courtrai,40,Desserte Normale
Belgique,464,Brussels Airport-Zaventem,Courtrai,35,Desserte Normale
Belgique,464,Brussels Airport-Zaventem,Courtrai,40,Desserte Normale
Belgique,464,Brussels Airport-Zaventem,Courtrai,30,Desserte Normale
Belgique,464,Brussels Airport-Zaventem,Courtrai,30,Desserte Normale
Belgique,464,Brussels Airport-Zaventem,Courtrai,40,Desserte Normale
Belgique,464,Brussels Airport-Zaventem,Courtrai,35,Desserte Normale
Belgique,464,Brussels Airport-Zaventem,Courtrai,64,Bien desservi
Belgique,464,Brussels Airport-Zaventem,Courtrai,40,Desserte Normale
Belgique,464,Brussels Airport-Zaventem,Courtrai,40,Desserte Normale
Belgique,464,Brussels Airport-Zaventem,Courtrai,40,Desserte Normale
Belgique,464,Brussels Airport-Zaventem,Courtrai,40,Desserte Normale
Belgique,464,Brussels Airport-Zaventem,Courtrai,40,Desserte Normale
Belgique,464,Brussels Airport-Zaventem,Courtrai,39,Desserte Normale
Belgique,464,Brussels Airport-Zaventem,Courtrai,40,Desserte Normale
Belgique,464,Brussels Airport-Zaventem,Courtrai,40,Desserte Normale
Belgique,464,Brussels Airport-Zaventem,Courtrai,40,Desserte Normale
Belgique,464,Brussels Airport-Zaventem,Courtrai,35,Desserte Normale
Belgique,465,Brussels Airport-Zaventem,Denderleeuw,1,Sous-desservi
Belgique,465,Brussels Airport-Zaventem,Denderleeuw,102,Bien desservi
Belgique,465,Brussels Airport-Zaventem,Denderleeuw,68,Bien desservi
Belgique,465,Brussels Airport-Zaventem,Denderleeuw,68,Bien desservi
Belgique,465,Brussels Airport-Zaventem,Denderleeuw,102,Bien desservi
Belgique,465,Brussels Airport-Zaventem,Denderleeuw,68,Bien desservi
Belgique,466,Brussels Airport-Zaventem,Zottegem,68,Bien desservi
Belgique,466,Brussels Airport-Zaventem,Zottegem,68,Bien desservi
Belgique,466,Brussels Airport-Zaventem,Zottegem,68,Bien desservi
Belgique,467,Audenarde,Brussels Airport-Zaventem,68,Bien desservi
Belgique,467,Audenarde,Brussels Airport-Zaventem,3,Sous-desservi
Belgique,467,Audenarde,Brussels Airport-Zaventem,5,Sous-desservi
Belgique,467,Audenarde,Brussels Airport-Zaventem,5,Sous-desservi
Belgique,467,Audenarde,Brussels Airport-Zaventem,5,Sous-desservi
Belgique,468,Brussels Airport-Zaventem,Ostende,118,Bien desservi
Belgique,468,Brussels Airport-Zaventem,Ostende,150,Bien desservi
Belgique,468,Brussels Airport-Zaventem,Ostende,120,Bien desservi
Belgique,468,Brussels Airport-Zaventem,Ostende,208,Bien desservi
Belgique,468,Brussels Airport-Zaventem,Ostende,149,Bien desservi
Belgique,468,Brussels Airport-Zaventem,Ostende,150,Bien desservi
Belgique,468,Brussels Airport-Zaventem,Ostende,120,Bien desservi
Belgique,468,Brussels Airport-Zaventem,Ostende,150,Bien desservi
Belgique,468,Brussels Airport-Zaventem,Ostende,150,Bien desservi
Belgique,468,Brussels Airport-Zaventem,Ostende,208,Bien desservi
Belgique,468,Brussels Airport-Zaventem,Ostende,150,Bien desservi
Belgique,468,Brussels Airport-Zaventem,Ostende,208,Bien desservi
Belgique,468,Brussels Airport-Zaventem,Ostende,208,Bien desservi
Belgique,468,Brussels Airport-Zaventem,Ostende,208,Bien desservi
Belgique,468,Brussels Airport-Zaventem,Ostende,207,Bien desservi
Belgique,468,Brussels Airport-Zaventem,Ostende,208,Bien desservi
Belgique,468,Brussels Airport-Zaventem,Ostende,208,Bien desservi
Belgique,468,Brussels Airport-Zaventem,Ostende,208,Bien desservi
Belgique,468,Brussels Airport-Zaventem,Ostende,208,Bien desservi
Belgique,468,Brussels Airport-Zaventem,Ostende,208,Bien desservi
Belgique,468,Brussels Airport-Zaventem,Ostende,150,Bien desservi
Belgique,468,Brussels Airport-Zaventem,Ostende,150,Bien desservi
Belgique,468,Brussels Airport-Zaventem,Ostende,208,Bien desservi
Belgique,468,Brussels Airport-Zaventem,Ostende,208,Bien desservi
Belgique,468,Brussels Airport-Zaventem,Ostende,184,Bien desservi
Belgique,468,Brussels Airport-Zaventem,Ostende,208,Bien desservi
Belgique,468,Brussels Airport-Zaventem,Ostende,208,Bien desservi
Belgique,468,Brussels Airport-Zaventem,Ostende,208,Bien desservi
Belgique,468,Brussels Airport-Zaventem,Ostende,208,Bien desservi
Belgique,468,Brussels Airport-Zaventem,Ostende,208,Bien desservi
Belgique,468,Brussels Airport-Zaventem,Ostende,207,Bien desservi
Belgique,468,Brussels Airport-Zaventem,Ostende,208,Bien desservi
Belgique,468,Brussels Airport-Zaventem,Ostende,208,Bien desservi
Belgique,468,Brussels Airport-Zaventem,Ostende,208,Bien desservi
Belgique,468,Brussels Airport-Zaventem,Ostende,179,Bien desservi
Belgique,469,Brussels Airport-Zaventem,Lichtervelde,58,Bien desservi
Belgique,47,Anvers-Central,Essen,1,Sous-desservi
Belgique,47,Anvers-Central,Essen,2,Sous-desservi
Belgique,47,Anvers-Central,Essen,1,Sous-desservi
Belgique,47,Anvers-Central,Essen,3,Sous-desservi
Belgique,470,Courtrai,Lichtervelde,6,Sous-desservi
Belgique,471,Audenarde,Denderleeuw,2,Sous-desservi
Belgique,472,Anvers-Central,Essen,33,Desserte Normale
Belgique,472,Anvers-Central,Essen,40,Desserte Normale
Belgique,472,Anvers-Central,Essen,5,Sous-desservi
Belgique,472,Anvers-Central,Essen,6,Sous-desservi
Belgique,472,Anvers-Central,Essen,5,Sous-desservi
Belgique,472,Anvers-Central,Essen,6,Sous-desservi
Belgique,472,Anvers-Central,Essen,5,Sous-desservi
Belgique,472,Anvers-Central,Essen,6,Sous-desservi
Belgique,472,Anvers-Central,Essen,5,Sous-desservi
Belgique,472,Anvers-Central,Essen,6,Sous-desservi
Belgique,472,Anvers-Central,Essen,5,Sous-desservi
Belgique,472,Anvers-Central,Essen,5,Sous-desservi
Belgique,472,Anvers-Central,Essen,5,Sous-desservi
Belgique,472,Anvers-Central,Essen,7,Desserte Normale
Belgique,472,Anvers-Central,Essen,5,Sous-desservi
Belgique,472,Anvers-Central,Essen,5,Sous-desservi
Belgique,472,Anvers-Central,Essen,4,Sous-desservi
Belgique,472,Anvers-Central,Essen,5,Sous-desservi
Belgique,472,Anvers-Central,Essen,5,Sous-desservi
Belgique,472,Anvers-Central,Essen,5,Sous-desservi
Belgique,472,Anvers-Central,Essen,5,Sous-desservi
Belgique,472,Anvers-Central,Essen,5,Sous-desservi
Belgique,472,Anvers-Central,Essen,6,Sous-desservi
Belgique,472,Anvers-Central,Essen,5,Sous-desservi
Belgique,472,Anvers-Central,Essen,6,Sous-desservi
Belgique,472,Anvers-Central,Essen,6,Sous-desservi
Belgique,472,Anvers-Central,Essen,5,Sous-desservi
Belgique,472,Anvers-Central,Essen,6,Sous-desservi
Belgique,472,Anvers-Central,Essen,5,Sous-desservi
Belgique,472,Anvers-Central,Essen,6,Sous-desservi
Belgique,472,Anvers-Central,Essen,6,Sous-desservi
Belgique,472,Anvers-Central,Essen,5,Sous-desservi
Belgique,472,Anvers-Central,Essen,5,Sous-desservi
Belgique,472,Anvers-Central,Essen,6,Sous-desservi
Belgique,472,Anvers-Central,Essen,6,Sous-desservi
Belgique,472,Anvers-Central,Essen,6,Sous-desservi
Belgique,472,Anvers-Central,Essen,6,Sous-desservi
Belgique,473,Essen,Puurs,64,Bien desservi
Belgique,473,Essen,Puurs,128,Bien desservi
Belgique,473,Essen,Puurs,160,Bien desservi
Belgique,473,Essen,Puurs,192,Bien desservi
Belgique,473,Essen,Puurs,164,Bien desservi
Belgique,473,Essen,Puurs,193,Bien desservi
Belgique,473,Essen,Puurs,164,Bien desservi
Belgique,473,Essen,Puurs,193,Bien desservi
Belgique,473,Essen,Puurs,161,Bien desservi
Belgique,473,Essen,Puurs,191,Bien desservi
Belgique,473,Essen,Puurs,166,Bien desservi
Belgique,473,Essen,Puurs,166,Bien desservi
Belgique,473,Essen,Puurs,166,Bien desservi
Belgique,473,Essen,Puurs,160,Bien desservi
Belgique,473,Essen,Puurs,166,Bien desservi
Belgique,473,Essen,Puurs,166,Bien desservi
Belgique,473,Essen,Puurs,137,Bien desservi
Belgique,473,Essen,Puurs,160,Bien desservi
Belgique,473,Essen,Puurs,166,Bien desservi
Belgique,473,Essen,Puurs,166,Bien desservi
Belgique,473,Essen,Puurs,160,Bien desservi
Belgique,473,Essen,Puurs,193,Bien desservi
Belgique,473,Essen,Puurs,160,Bien desservi
Belgique,473,Essen,Puurs,193,Bien desservi
Belgique,473,Essen,Puurs,193,Bien desservi
Belgique,473,Essen,Puurs,166,Bien desservi
Belgique,473,Essen,Puurs,188,Bien desservi
Belgique,473,Essen,Puurs,166,Bien desservi
Belgique,473,Essen,Puurs,193,Bien desservi
Belgique,473,Essen,Puurs,193,Bien desservi
Belgique,473,Essen,Puurs,166,Bien desservi
Belgique,473,Essen,Puurs,164,Bien desservi
Belgique,473,Essen,Puurs,193,Bien desservi
Belgique,473,Essen,Puurs,193,Bien desservi
Belgique,473,Essen,Puurs,193,Bien desservi
Belgique,473,Essen,Puurs,190,Bien desservi
Belgique,474,Anvers-Central,Puurs,2,Sous-desservi
Belgique,474,Anvers-Central,Puurs,4,Sous-desservi
Belgique,474,Anvers-Central,Puurs,5,Sous-desservi
Belgique,474,Anvers-Central,Puurs,8,Desserte Normale
Belgique,474,Anvers-Central,Puurs,8,Desserte Normale
Belgique,474,Anvers-Central,Puurs,8,Desserte Normale
Belgique,474,Anvers-Central,Puurs,8,Desserte Normale
Belgique,474,Anvers-Central,Puurs,8,Desserte Normale
Belgique,474,Anvers-Central,Puurs,8,Desserte Normale
Belgique,474,Anvers-Central,Puurs,8,Desserte Normale
Belgique,474,Anvers-Central,Puurs,35,Desserte Normale
Belgique,474,Anvers-Central,Puurs,35,Desserte Normale
Belgique,474,Anvers-Central,Puurs,35,Desserte Normale
Belgique,474,Anvers-Central,Puurs,5,Sous-desservi
Belgique,474,Anvers-Central,Puurs,35,Desserte Normale
Belgique,474,Anvers-Central,Puurs,35,Desserte Normale
Belgique,474,Anvers-Central,Puurs,35,Desserte Normale
Belgique,474,Anvers-Central,Puurs,35,Desserte Normale
Belgique,474,Anvers-Central,Puurs,35,Desserte Normale
Belgique,474,Anvers-Central,Puurs,7,Desserte Normale
Belgique,474,Anvers-Central,Puurs,33,Desserte Normale
Belgique,474,Anvers-Central,Puurs,8,Desserte Normale
Belgique,474,Anvers-Central,Puurs,33,Desserte Normale
Belgique,474,Anvers-Central,Puurs,6,Sous-desservi
Belgique,474,Anvers-Central,Puurs,8,Desserte Normale
Belgique,474,Anvers-Central,Puurs,35,Desserte Normale
Belgique,474,Anvers-Central,Puurs,8,Desserte Normale
Belgique,474,Anvers-Central,Puurs,7,Desserte Normale
Belgique,474,Anvers-Central,Puurs,8,Desserte Normale
Belgique,474,Anvers-Central,Puurs,8,Desserte Normale
Belgique,474,Anvers-Central,Puurs,35,Desserte Normale
Belgique,474,Anvers-Central,Puurs,8,Desserte Normale
Belgique,474,Anvers-Central,Puurs,8,Desserte Normale
Belgique,474,Anvers-Central,Puurs,8,Desserte Normale
Belgique,474,Anvers-Central,Puurs,8,Desserte Normale
Belgique,474,Anvers-Central,Puurs,7,Desserte Normale
Belgique,475,Boom,Essen,1,Sous-desservi
Belgique,475,Boom,Essen,3,Sous-desservi
Belgique,475,Boom,Essen,1,Sous-desservi
Belgique,475,Boom,Essen,160,Bien desservi
Belgique,476,Anvers-Central,Boom,5,Sous-desservi
Belgique,477,Anvers-Noorderdokken,Puurs,1,Sous-desservi
Belgique,477,Anvers-Noorderdokken,Puurs,4,Sous-desservi
Belgique,478,Liège-Saint-Lambert,Namur,3,Sous-desservi
Belgique,478,Liège-Saint-Lambert,Namur,8,Desserte Normale
Belgique,478,Liège-Saint-Lambert,Namur,10,Desserte Normale
Belgique,478,Liège-Saint-Lambert,Namur,8,Desserte Normale
Belgique,478,Liège-Saint-Lambert,Namur,7,Desserte Normale
Belgique,478,Liège-Saint-Lambert,Namur,9,Desserte Normale
Belgique,478,Liège-Saint-Lambert,Namur,8,Desserte Normale
Belgique,478,Liège-Saint-Lambert,Namur,10,Desserte Normale
Belgique,478,Liège-Saint-Lambert,Namur,8,Desserte Normale
Belgique,478,Liège-Saint-Lambert,Namur,10,Desserte Normale
Belgique,478,Liège-Saint-Lambert,Namur,10,Desserte Normale
Belgique,478,Liège-Saint-Lambert,Namur,10,Desserte Normale
Belgique,478,Liège-Saint-Lambert,Namur,10,Desserte Normale
Belgique,478,Liège-Saint-Lambert,Namur,10,Desserte Normale
Belgique,478,Liège-Saint-Lambert,Namur,10,Desserte Normale
Belgique,478,Liège-Saint-Lambert,Namur,10,Desserte Normale
Belgique,478,Liège-Saint-Lambert,Namur,8,Desserte Normale
Belgique,478,Liège-Saint-Lambert,Namur,10,Desserte Normale
Belgique,478,Liège-Saint-Lambert,Namur,10,Desserte Normale
Belgique,478,Liège-Saint-Lambert,Namur,10,Desserte Normale
Belgique,478,Liège-Saint-Lambert,Namur,10,Desserte Normale
Belgique,478,Liège-Saint-Lambert,Namur,10,Desserte Normale
Belgique,478,Liège-Saint-Lambert,Namur,10,Desserte Normale
Belgique,478,Liège-Saint-Lambert,Namur,10,Desserte Normale
Belgique,478,Liège-Saint-Lambert,Namur,10,Desserte Normale
Belgique,478,Liège-Saint-Lambert,Namur,10,Desserte Normale
Belgique,478,Liège-Saint-Lambert,Namur,10,Desserte Normale
Belgique,478,Liège-Saint-Lambert,Namur,10,Desserte Normale
Belgique,478,Liège-Saint-Lambert,Namur,10,Desserte Normale
Belgique,478,Liège-Saint-Lambert,Namur,10,Desserte Normale
Belgique,478,Liège-Saint-Lambert,Namur,10,Desserte Normale
Belgique,478,Liège-Saint-Lambert,Namur,10,Desserte Normale
Belgique,478,Liège-Saint-Lambert,Namur,8,Desserte Normale
Belgique,478,Liège-Saint-Lambert,Namur,10,Desserte Normale
Belgique,478,Liège-Saint-Lambert,Namur,10,Desserte Normale
Belgique,478,Liège-Saint-Lambert,Namur,10,Desserte Normale
Belgique,478,Liège-Saint-Lambert,Namur,10,Desserte Normale
Belgique,479,Bruxelles-Midi,Liège-Saint-Lambert,57,Bien desservi
Belgique,479,Bruxelles-Midi,Liège-Saint-Lambert,118,Bien desservi
Belgique,479,Bruxelles-Midi,Liège-Saint-Lambert,150,Bien desservi
Belgique,479,Bruxelles-Midi,Liège-Saint-Lambert,148,Bien desservi
Belgique,479,Bruxelles-Midi,Liège-Saint-Lambert,128,Bien desservi
Belgique,479,Bruxelles-Midi,Liège-Saint-Lambert,149,Bien desservi
Belgique,479,Bruxelles-Midi,Liège-Saint-Lambert,117,Bien desservi
Belgique,479,Bruxelles-Midi,Liège-Saint-Lambert,150,Bien desservi
Belgique,479,Bruxelles-Midi,Liège-Saint-Lambert,120,Bien desservi
Belgique,479,Bruxelles-Midi,Liège-Saint-Lambert,150,Bien desservi
Belgique,479,Bruxelles-Midi,Liège-Saint-Lambert,150,Bien desservi
Belgique,479,Bruxelles-Midi,Liège-Saint-Lambert,150,Bien desservi
Belgique,479,Bruxelles-Midi,Liège-Saint-Lambert,150,Bien desservi
Belgique,479,Bruxelles-Midi,Liège-Saint-Lambert,140,Bien desservi
Belgique,479,Bruxelles-Midi,Liège-Saint-Lambert,150,Bien desservi
Belgique,479,Bruxelles-Midi,Liège-Saint-Lambert,150,Bien desservi
Belgique,479,Bruxelles-Midi,Liège-Saint-Lambert,120,Bien desservi
Belgique,479,Bruxelles-Midi,Liège-Saint-Lambert,145,Bien desservi
Belgique,479,Bruxelles-Midi,Liège-Saint-Lambert,149,Bien desservi
Belgique,479,Bruxelles-Midi,Liège-Saint-Lambert,160,Bien desservi
Belgique,479,Bruxelles-Midi,Liège-Saint-Lambert,160,Bien desservi
Belgique,479,Bruxelles-Midi,Liège-Saint-Lambert,150,Bien desservi
Belgique,479,Bruxelles-Midi,Liège-Saint-Lambert,150,Bien desservi
Belgique,479,Bruxelles-Midi,Liège-Saint-Lambert,150,Bien desservi
Belgique,479,Bruxelles-Midi,Liège-Saint-Lambert,150,Bien desservi
Belgique,479,Bruxelles-Midi,Liège-Saint-Lambert,150,Bien desservi
Belgique,479,Bruxelles-Midi,Liège-Saint-Lambert,150,Bien desservi
Belgique,479,Bruxelles-Midi,Liège-Saint-Lambert,150,Bien desservi
Belgique,479,Bruxelles-Midi,Liège-Saint-Lambert,150,Bien desservi
Belgique,479,Bruxelles-Midi,Liège-Saint-Lambert,170,Bien desservi
Belgique,479,Bruxelles-Midi,Liège-Saint-Lambert,170,Bien desservi
Belgique,479,Bruxelles-Midi,Liège-Saint-Lambert,150,Bien desservi
Belgique,479,Bruxelles-Midi,Liège-Saint-Lambert,120,Bien desservi
Belgique,479,Bruxelles-Midi,Liège-Saint-Lambert,150,Bien desservi
Belgique,479,Bruxelles-Midi,Liège-Saint-Lambert,150,Bien desservi
Belgique,479,Bruxelles-Midi,Liège-Saint-Lambert,150,Bien desservi
Belgique,479,Bruxelles-Midi,Liège-Saint-Lambert,150,Bien desservi
Belgique,48,Anvers-Central,Mol,8,Desserte Normale
Belgique,48,Anvers-Central,Mol,15,Desserte Normale
Belgique,48,Anvers-Central,Mol,18,Desserte Normale
Belgique,48,Anvers-Central,Mol,19,Desserte Normale
Belgique,48,Anvers-Central,Mol,106,Bien desservi
Belgique,48,Anvers-Central,Mol,18,Desserte Normale
Belgique,48,Anvers-Central,Mol,68,Bien desservi
Belgique,48,Anvers-Central,Mol,48,Desserte Normale
Belgique,48,Anvers-Central,Mol,31,Desserte Normale
Belgique,48,Anvers-Central,Mol,18,Desserte Normale
Belgique,48,Anvers-Central,Mol,18,Desserte Normale
Belgique,48,Anvers-Central,Mol,13,Desserte Normale
Belgique,48,Anvers-Central,Mol,12,Desserte Normale
Belgique,48,Anvers-Central,Mol,12,Desserte Normale
Belgique,48,Anvers-Central,Mol,13,Desserte Normale
Belgique,48,Anvers-Central,Mol,12,Desserte Normale
Belgique,48,Anvers-Central,Mol,11,Desserte Normale
Belgique,48,Anvers-Central,Mol,12,Desserte Normale
Belgique,48,Anvers-Central,Mol,10,Desserte Normale
Belgique,48,Anvers-Central,Mol,10,Desserte Normale
Belgique,48,Anvers-Central,Mol,7,Desserte Normale
Belgique,48,Anvers-Central,Mol,10,Desserte Normale
Belgique,48,Anvers-Central,Mol,10,Desserte Normale
Belgique,48,Anvers-Central,Mol,14,Desserte Normale
Belgique,48,Anvers-Central,Mol,14,Desserte Normale
Belgique,48,Anvers-Central,Mol,10,Desserte Normale
Belgique,48,Anvers-Central,Mol,10,Desserte Normale
Belgique,48,Anvers-Central,Mol,11,Desserte Normale
Belgique,48,Anvers-Central,Mol,11,Desserte Normale
Belgique,48,Anvers-Central,Mol,13,Desserte Normale
Belgique,48,Anvers-Central,Mol,13,Desserte Normale
Belgique,48,Anvers-Central,Mol,13,Desserte Normale
Belgique,48,Anvers-Central,Mol,12,Desserte Normale
Belgique,48,Anvers-Central,Mol,13,Desserte Normale
Belgique,48,Anvers-Central,Mol,13,Desserte Normale
Belgique,48,Anvers-Central,Mol,13,Desserte Normale
Belgique,48,Anvers-Central,Mol,11,Desserte Normale
Belgique,480,Liège-Saint-Lambert,Tournai,8,Desserte Normale
Belgique,480,Liège-Saint-Lambert,Tournai,15,Desserte Normale
Belgique,480,Liège-Saint-Lambert,Tournai,20,Desserte Normale
Belgique,480,Liège-Saint-Lambert,Tournai,10,Desserte Normale
Belgique,480,Liège-Saint-Lambert,Tournai,8,Desserte Normale
Belgique,480,Liège-Saint-Lambert,Tournai,20,Desserte Normale
Belgique,480,Liège-Saint-Lambert,Tournai,16,Desserte Normale
Belgique,480,Liège-Saint-Lambert,Tournai,20,Desserte Normale
Belgique,480,Liège-Saint-Lambert,Tournai,16,Desserte Normale
Belgique,480,Liège-Saint-Lambert,Tournai,20,Desserte Normale
Belgique,480,Liège-Saint-Lambert,Tournai,20,Desserte Normale
Belgique,480,Liège-Saint-Lambert,Tournai,20,Desserte Normale
Belgique,480,Liège-Saint-Lambert,Tournai,20,Desserte Normale
Belgique,480,Liège-Saint-Lambert,Tournai,10,Desserte Normale
Belgique,480,Liège-Saint-Lambert,Tournai,10,Desserte Normale
Belgique,480,Liège-Saint-Lambert,Tournai,10,Desserte Normale
Belgique,480,Liège-Saint-Lambert,Tournai,8,Desserte Normale
Belgique,480,Liège-Saint-Lambert,Tournai,10,Desserte Normale
Belgique,480,Liège-Saint-Lambert,Tournai,6,Sous-desservi
Belgique,480,Liège-Saint-Lambert,Tournai,10,Desserte Normale
Belgique,480,Liège-Saint-Lambert,Tournai,20,Desserte Normale
Belgique,480,Liège-Saint-Lambert,Tournai,20,Desserte Normale
Belgique,480,Liège-Saint-Lambert,Tournai,20,Desserte Normale
Belgique,480,Liège-Saint-Lambert,Tournai,20,Desserte Normale
Belgique,480,Liège-Saint-Lambert,Tournai,20,Desserte Normale
Belgique,480,Liège-Saint-Lambert,Tournai,20,Desserte Normale
Belgique,480,Liège-Saint-Lambert,Tournai,20,Desserte Normale
Belgique,480,Liège-Saint-Lambert,Tournai,20,Desserte Normale
Belgique,480,Liège-Saint-Lambert,Tournai,16,Desserte Normale
Belgique,480,Liège-Saint-Lambert,Tournai,20,Desserte Normale
Belgique,480,Liège-Saint-Lambert,Tournai,20,Desserte Normale
Belgique,480,Liège-Saint-Lambert,Tournai,20,Desserte Normale
Belgique,480,Liège-Saint-Lambert,Tournai,20,Desserte Normale
Belgique,481,Bruxelles-Midi,Liers,3,Sous-desservi
Belgique,481,Bruxelles-Midi,Liers,2,Sous-desservi
Belgique,481,Bruxelles-Midi,Liers,2,Sous-desservi
Belgique,481,Bruxelles-Midi,Liers,1,Sous-desservi
Belgique,482,Bruxelles-Midi,Herstal,2,Sous-desservi
Belgique,483,Liège-Saint-Lambert,Ostende,10,Desserte Normale
Belgique,483,Liège-Saint-Lambert,Ostende,10,Desserte Normale
Belgique,483,Liège-Saint-Lambert,Ostende,10,Desserte Normale
Belgique,483,Liège-Saint-Lambert,Ostende,8,Desserte Normale
Belgique,483,Liège-Saint-Lambert,Ostende,10,Desserte Normale
Belgique,483,Liège-Saint-Lambert,Ostende,10,Desserte Normale
Belgique,483,Liège-Saint-Lambert,Ostende,10,Desserte Normale
Belgique,483,Liège-Saint-Lambert,Ostende,10,Desserte Normale
Belgique,483,Liège-Saint-Lambert,Ostende,10,Desserte Normale
Belgique,484,Bruxelles-Midi,Liège-Guillemins,4,Sous-desservi
Belgique,484,Bruxelles-Midi,Liège-Guillemins,6,Sous-desservi
Belgique,484,Bruxelles-Midi,Liège-Guillemins,4,Sous-desservi
Belgique,484,Bruxelles-Midi,Liège-Guillemins,12,Desserte Normale
Belgique,484,Bruxelles-Midi,Liège-Guillemins,6,Sous-desservi
Belgique,484,Bruxelles-Midi,Liège-Guillemins,64,Bien desservi
Belgique,484,Bruxelles-Midi,Liège-Guillemins,6,Sous-desservi
Belgique,484,Bruxelles-Midi,Liège-Guillemins,4,Sous-desservi
Belgique,484,Bruxelles-Midi,Liège-Guillemins,3,Sous-desservi
Belgique,484,Bruxelles-Midi,Liège-Guillemins,4,Sous-desservi
Belgique,484,Bruxelles-Midi,Liège-Guillemins,4,Sous-desservi
Belgique,484,Bruxelles-Midi,Liège-Guillemins,4,Sous-desservi
Belgique,484,Bruxelles-Midi,Liège-Guillemins,4,Sous-desservi
Belgique,484,Bruxelles-Midi,Liège-Guillemins,14,Desserte Normale
Belgique,484,Bruxelles-Midi,Liège-Guillemins,4,Sous-desservi
Belgique,484,Bruxelles-Midi,Liège-Guillemins,4,Sous-desservi
Belgique,484,Bruxelles-Midi,Liège-Guillemins,6,Sous-desservi
Belgique,484,Bruxelles-Midi,Liège-Guillemins,4,Sous-desservi
Belgique,484,Bruxelles-Midi,Liège-Guillemins,4,Sous-desservi
Belgique,484,Bruxelles-Midi,Liège-Guillemins,4,Sous-desservi
Belgique,484,Bruxelles-Midi,Liège-Guillemins,4,Sous-desservi
Belgique,484,Bruxelles-Midi,Liège-Guillemins,4,Sous-desservi
Belgique,484,Bruxelles-Midi,Liège-Guillemins,4,Sous-desservi
Belgique,484,Bruxelles-Midi,Liège-Guillemins,4,Sous-desservi
Belgique,484,Bruxelles-Midi,Liège-Guillemins,4,Sous-desservi
Belgique,484,Bruxelles-Midi,Liège-Guillemins,4,Sous-desservi
Belgique,484,Bruxelles-Midi,Liège-Guillemins,4,Sous-desservi
Belgique,484,Bruxelles-Midi,Liège-Guillemins,4,Sous-desservi
Belgique,484,Bruxelles-Midi,Liège-Guillemins,4,Sous-desservi
Belgique,484,Bruxelles-Midi,Liège-Guillemins,4,Sous-desservi
Belgique,484,Bruxelles-Midi,Liège-Guillemins,4,Sous-desservi
Belgique,484,Bruxelles-Midi,Liège-Guillemins,4,Sous-desservi
Belgique,484,Bruxelles-Midi,Liège-Guillemins,6,Sous-desservi
Belgique,484,Bruxelles-Midi,Liège-Guillemins,4,Sous-desservi
Belgique,484,Bruxelles-Midi,Liège-Guillemins,4,Sous-desservi
Belgique,484,Bruxelles-Midi,Liège-Guillemins,4,Sous-desservi
Belgique,484,Bruxelles-Midi,Liège-Guillemins,2,Sous-desservi
Belgique,485,Bruxelles-Midi,Statte,3,Sous-desservi
Belgique,485,Bruxelles-Midi,Statte,5,Sous-desservi
Belgique,486,Herstal,Tournai,1,Sous-desservi
Belgique,487,Herstal,Namur,2,Sous-desservi
Belgique,487,Herstal,Namur,1,Sous-desservi
Belgique,488,Hasselt,Louvain,72,Bien desservi
Belgique,488,Hasselt,Louvain,144,Bien desservi
Belgique,488,Hasselt,Louvain,180,Bien desservi
Belgique,488,Hasselt,Louvain,144,Bien desservi
Belgique,488,Hasselt,Louvain,185,Bien desservi
Belgique,488,Hasselt,Louvain,147,Bien desservi
Belgique,488,Hasselt,Louvain,185,Bien desservi
Belgique,488,Hasselt,Louvain,185,Bien desservi
Belgique,488,Hasselt,Louvain,185,Bien desservi
Belgique,488,Hasselt,Louvain,185,Bien desservi
Belgique,488,Hasselt,Louvain,185,Bien desservi
Belgique,488,Hasselt,Louvain,185,Bien desservi
Belgique,488,Hasselt,Louvain,185,Bien desservi
Belgique,488,Hasselt,Louvain,148,Bien desservi
Belgique,488,Hasselt,Louvain,185,Bien desservi
Belgique,488,Hasselt,Louvain,185,Bien desservi
Belgique,488,Hasselt,Louvain,185,Bien desservi
Belgique,488,Hasselt,Louvain,185,Bien desservi
Belgique,488,Hasselt,Louvain,185,Bien desservi
Belgique,488,Hasselt,Louvain,184,Bien desservi
Belgique,488,Hasselt,Louvain,185,Bien desservi
Belgique,488,Hasselt,Louvain,185,Bien desservi
Belgique,488,Hasselt,Louvain,185,Bien desservi
Belgique,488,Hasselt,Louvain,185,Bien desservi
Belgique,488,Hasselt,Louvain,185,Bien desservi
Belgique,488,Hasselt,Louvain,185,Bien desservi
Belgique,488,Hasselt,Louvain,185,Bien desservi
Belgique,488,Hasselt,Louvain,148,Bien desservi
Belgique,488,Hasselt,Louvain,185,Bien desservi
Belgique,488,Hasselt,Louvain,185,Bien desservi
Belgique,488,Hasselt,Louvain,185,Bien desservi
Belgique,488,Hasselt,Louvain,185,Bien desservi
Belgique,489,Genk,Louvain,148,Bien desservi
Belgique,489,Genk,Louvain,185,Bien desservi
Belgique,489,Genk,Louvain,185,Bien desservi
Belgique,49,Genk,Landen,220,Bien desservi
Belgique,490,Hasselt,Louvain,1,Sous-desservi
Belgique,491,Diest,Louvain,4,Sous-desservi
Belgique,491,Diest,Louvain,1,Sous-desservi
Belgique,492,Louvain,Schulen,2,Sous-desservi
Belgique,492,Louvain,Schulen,4,Sous-desservi
Belgique,492,Louvain,Schulen,1,Sous-desservi
Belgique,492,Louvain,Schulen,4,Sous-desservi
Belgique,493,Bruxelles-Midi,Dinant,64,Bien desservi
Belgique,493,Bruxelles-Midi,Dinant,32,Desserte Normale
Belgique,493,Bruxelles-Midi,Dinant,64,Bien desservi
Belgique,493,Bruxelles-Midi,Dinant,64,Bien desservi
Belgique,493,Bruxelles-Midi,Dinant,96,Bien desservi
Belgique,493,Bruxelles-Midi,Dinant,12,Desserte Normale
Belgique,493,Bruxelles-Midi,Dinant,64,Bien desservi
Belgique,493,Bruxelles-Midi,Dinant,64,Bien desservi
Belgique,493,Bruxelles-Midi,Dinant,64,Bien desservi
Belgique,493,Bruxelles-Midi,Dinant,64,Bien desservi
Belgique,493,Bruxelles-Midi,Dinant,96,Bien desservi
Belgique,493,Bruxelles-Midi,Dinant,64,Bien desservi
Belgique,493,Bruxelles-Midi,Dinant,64,Bien desservi
Belgique,493,Bruxelles-Midi,Dinant,64,Bien desservi
Belgique,493,Bruxelles-Midi,Dinant,64,Bien desservi
Belgique,493,Bruxelles-Midi,Dinant,64,Bien desservi
Belgique,493,Bruxelles-Midi,Dinant,64,Bien desservi
Belgique,493,Bruxelles-Midi,Dinant,64,Bien desservi
Belgique,493,Bruxelles-Midi,Dinant,64,Bien desservi
Belgique,493,Bruxelles-Midi,Dinant,64,Bien desservi
Belgique,493,Bruxelles-Midi,Dinant,64,Bien desservi
Belgique,493,Bruxelles-Midi,Dinant,64,Bien desservi
Belgique,493,Bruxelles-Midi,Dinant,64,Bien desservi
Belgique,493,Bruxelles-Midi,Dinant,64,Bien desservi
Belgique,493,Bruxelles-Midi,Dinant,64,Bien desservi
Belgique,493,Bruxelles-Midi,Dinant,96,Bien desservi
Belgique,493,Bruxelles-Midi,Dinant,64,Bien desservi
Belgique,493,Bruxelles-Midi,Dinant,64,Bien desservi
Belgique,493,Bruxelles-Midi,Dinant,64,Bien desservi
Belgique,493,Bruxelles-Midi,Dinant,32,Desserte Normale
Belgique,494,Brussels Airport-Zaventem,Dinant,64,Bien desservi
Belgique,494,Brussels Airport-Zaventem,Dinant,128,Bien desservi
Belgique,494,Brussels Airport-Zaventem,Dinant,160,Bien desservi
Belgique,494,Brussels Airport-Zaventem,Dinant,160,Bien desservi
Belgique,494,Brussels Airport-Zaventem,Dinant,128,Bien desservi
Belgique,494,Brussels Airport-Zaventem,Dinant,160,Bien desservi
Belgique,494,Brussels Airport-Zaventem,Dinant,96,Bien desservi
Belgique,494,Brussels Airport-Zaventem,Dinant,160,Bien desservi
Belgique,494,Brussels Airport-Zaventem,Dinant,128,Bien desservi
Belgique,494,Brussels Airport-Zaventem,Dinant,160,Bien desservi
Belgique,494,Brussels Airport-Zaventem,Dinant,160,Bien desservi
Belgique,494,Brussels Airport-Zaventem,Dinant,160,Bien desservi
Belgique,494,Brussels Airport-Zaventem,Dinant,160,Bien desservi
Belgique,494,Brussels Airport-Zaventem,Dinant,160,Bien desservi
Belgique,494,Brussels Airport-Zaventem,Dinant,160,Bien desservi
Belgique,494,Brussels Airport-Zaventem,Dinant,160,Bien desservi
Belgique,494,Brussels Airport-Zaventem,Dinant,128,Bien desservi
Belgique,494,Brussels Airport-Zaventem,Dinant,160,Bien desservi
Belgique,494,Brussels Airport-Zaventem,Dinant,160,Bien desservi
Belgique,494,Brussels Airport-Zaventem,Dinant,160,Bien desservi
Belgique,494,Brussels Airport-Zaventem,Dinant,160,Bien desservi
Belgique,494,Brussels Airport-Zaventem,Dinant,160,Bien desservi
Belgique,494,Brussels Airport-Zaventem,Dinant,160,Bien desservi
Belgique,494,Brussels Airport-Zaventem,Dinant,160,Bien desservi
Belgique,494,Brussels Airport-Zaventem,Dinant,160,Bien desservi
Belgique,494,Brussels Airport-Zaventem,Dinant,160,Bien desservi
Belgique,494,Brussels Airport-Zaventem,Dinant,160,Bien desservi
Belgique,494,Brussels Airport-Zaventem,Dinant,160,Bien desservi
Belgique,494,Brussels Airport-Zaventem,Dinant,160,Bien desservi
Belgique,494,Brussels Airport-Zaventem,Dinant,160,Bien desservi
Belgique,494,Brussels Airport-Zaventem,Dinant,160,Bien desservi
Belgique,494,Brussels Airport-Zaventem,Dinant,128,Bien desservi
Belgique,494,Brussels Airport-Zaventem,Dinant,160,Bien desservi
Belgique,494,Brussels Airport-Zaventem,Dinant,160,Bien desservi
Belgique,494,Brussels Airport-Zaventem,Dinant,160,Bien desservi
Belgique,494,Brussels Airport-Zaventem,Dinant,160,Bien desservi
Belgique,495,Ottignies,Yvoir,64,Bien desservi
Belgique,496,Bruxelles-Midi,Ottignies,70,Bien desservi
Belgique,496,Bruxelles-Midi,Ottignies,70,Bien desservi
Belgique,497,Dinant,Ottignies,64,Bien desservi
Belgique,498,Bruxelles-Midi,Yvoir,32,Desserte Normale
Belgique,498,Bruxelles-Midi,Yvoir,64,Bien desservi
Belgique,498,Bruxelles-Midi,Yvoir,32,Desserte Normale
Belgique,499,Brussels Airport-Zaventem,Yvoir,24,Desserte Normale
Belgique,5,Mouscron,Tournai,102,Bien desservi
Belgique,5,Mouscron,Tournai,55,Desserte Normale
Belgique,5,Mouscron,Tournai,2,Sous-desservi
Belgique,5,Mouscron,Tournai,5,Sous-desservi
Belgique,5,Mouscron,Tournai,5,Sous-desservi
Belgique,50,Aarschot,Louvain,4,Sous-desservi
Belgique,50,Aarschot,Louvain,72,Bien desservi
Belgique,50,Aarschot,Louvain,2,Sous-desservi
Belgique,50,Aarschot,Louvain,71,Bien desservi
Belgique,50,Aarschot,Louvain,1,Sous-desservi
Belgique,500,Bruxelles-Luxembourg,Dinant,160,Bien desservi
Belgique,501,Bruxelles-Luxembourg,Yvoir,8,Desserte Normale
Belgique,502,Namur,Ottignies,4,Sous-desservi
Belgique,502,Namur,Ottignies,4,Sous-desservi
Belgique,503,Anvers-Central,Kapellen,4,Sous-desservi
Belgique,504,Boom,Roosendaal,2,Sous-desservi
Belgique,504,Boom,Roosendaal,4,Sous-desservi
Belgique,504,Boom,Roosendaal,5,Sous-desservi
Belgique,504,Boom,Roosendaal,5,Sous-desservi
Belgique,504,Boom,Roosendaal,4,Sous-desservi
Belgique,504,Boom,Roosendaal,7,Desserte Normale
Belgique,504,Boom,Roosendaal,4,Sous-desservi
Belgique,504,Boom,Roosendaal,4,Sous-desservi
Belgique,504,Boom,Roosendaal,5,Sous-desservi
Belgique,504,Boom,Roosendaal,5,Sous-desservi
Belgique,504,Boom,Roosendaal,5,Sous-desservi
Belgique,504,Boom,Roosendaal,5,Sous-desservi
Belgique,504,Boom,Roosendaal,5,Sous-desservi
Belgique,504,Boom,Roosendaal,5,Sous-desservi
Belgique,504,Boom,Roosendaal,5,Sous-desservi
Belgique,504,Boom,Roosendaal,5,Sous-desservi
Belgique,504,Boom,Roosendaal,4,Sous-desservi
Belgique,504,Boom,Roosendaal,5,Sous-desservi
Belgique,504,Boom,Roosendaal,5,Sous-desservi
Belgique,504,Boom,Roosendaal,5,Sous-desservi
Belgique,504,Boom,Roosendaal,165,Bien desservi
Belgique,504,Boom,Roosendaal,5,Sous-desservi
Belgique,504,Boom,Roosendaal,5,Sous-desservi
Belgique,504,Boom,Roosendaal,5,Sous-desservi
Belgique,504,Boom,Roosendaal,5,Sous-desservi
Belgique,504,Boom,Roosendaal,5,Sous-desservi
Belgique,504,Boom,Roosendaal,5,Sous-desservi
Belgique,504,Boom,Roosendaal,5,Sous-desservi
Belgique,504,Boom,Roosendaal,5,Sous-desservi
Belgique,504,Boom,Roosendaal,5,Sous-desservi
Belgique,504,Boom,Roosendaal,5,Sous-desservi
Belgique,504,Boom,Roosendaal,5,Sous-desservi
Belgique,504,Boom,Roosendaal,4,Sous-desservi
Belgique,504,Boom,Roosendaal,5,Sous-desservi
Belgique,504,Boom,Roosendaal,5,Sous-desservi
Belgique,504,Boom,Roosendaal,5,Sous-desservi
Belgique,504,Boom,Roosendaal,5,Sous-desservi
Belgique,505,Anvers-Central,Roosendaal,41,Desserte Normale
Belgique,505,Anvers-Central,Roosendaal,107,Bien desservi
Belgique,505,Anvers-Central,Roosendaal,16,Desserte Normale
Belgique,505,Anvers-Central,Roosendaal,16,Desserte Normale
Belgique,505,Anvers-Central,Roosendaal,17,Desserte Normale
Belgique,505,Anvers-Central,Roosendaal,16,Desserte Normale
Belgique,505,Anvers-Central,Roosendaal,17,Desserte Normale
Belgique,505,Anvers-Central,Roosendaal,17,Desserte Normale
Belgique,505,Anvers-Central,Roosendaal,17,Desserte Normale
Belgique,505,Anvers-Central,Roosendaal,16,Desserte Normale
Belgique,505,Anvers-Central,Roosendaal,16,Desserte Normale
Belgique,505,Anvers-Central,Roosendaal,16,Desserte Normale
Belgique,505,Anvers-Central,Roosendaal,16,Desserte Normale
Belgique,505,Anvers-Central,Roosendaal,80,Bien desservi
Belgique,505,Anvers-Central,Roosendaal,16,Desserte Normale
Belgique,505,Anvers-Central,Roosendaal,16,Desserte Normale
Belgique,505,Anvers-Central,Roosendaal,17,Desserte Normale
Belgique,505,Anvers-Central,Roosendaal,10,Desserte Normale
Belgique,505,Anvers-Central,Roosendaal,16,Desserte Normale
Belgique,505,Anvers-Central,Roosendaal,16,Desserte Normale
Belgique,505,Anvers-Central,Roosendaal,16,Desserte Normale
Belgique,505,Anvers-Central,Roosendaal,10,Desserte Normale
Belgique,505,Anvers-Central,Roosendaal,16,Desserte Normale
Belgique,505,Anvers-Central,Roosendaal,10,Desserte Normale
Belgique,505,Anvers-Central,Roosendaal,16,Desserte Normale
Belgique,505,Anvers-Central,Roosendaal,16,Desserte Normale
Belgique,505,Anvers-Central,Roosendaal,16,Desserte Normale
Belgique,505,Anvers-Central,Roosendaal,16,Desserte Normale
Belgique,505,Anvers-Central,Roosendaal,16,Desserte Normale
Belgique,505,Anvers-Central,Roosendaal,16,Desserte Normale
Belgique,505,Anvers-Central,Roosendaal,16,Desserte Normale
Belgique,505,Anvers-Central,Roosendaal,16,Desserte Normale
Belgique,505,Anvers-Central,Roosendaal,17,Desserte Normale
Belgique,505,Anvers-Central,Roosendaal,16,Desserte Normale
Belgique,505,Anvers-Central,Roosendaal,16,Desserte Normale
Belgique,505,Anvers-Central,Roosendaal,16,Desserte Normale
Belgique,505,Anvers-Central,Roosendaal,13,Desserte Normale
Belgique,506,Essen,Roosendaal,66,Bien desservi
Belgique,506,Essen,Roosendaal,66,Bien desservi
Belgique,507,Puurs,Roosendaal,64,Bien desservi
Belgique,507,Puurs,Roosendaal,128,Bien desservi
Belgique,507,Puurs,Roosendaal,160,Bien desservi
Belgique,507,Puurs,Roosendaal,220,Bien desservi
Belgique,507,Puurs,Roosendaal,218,Bien desservi
Belgique,507,Puurs,Roosendaal,218,Bien desservi
Belgique,507,Puurs,Roosendaal,218,Bien desservi
Belgique,507,Puurs,Roosendaal,220,Bien desservi
Belgique,507,Puurs,Roosendaal,217,Bien desservi
Belgique,507,Puurs,Roosendaal,219,Bien desservi
Belgique,507,Puurs,Roosendaal,220,Bien desservi
Belgique,507,Puurs,Roosendaal,220,Bien desservi
Belgique,507,Puurs,Roosendaal,220,Bien desservi
Belgique,507,Puurs,Roosendaal,160,Bien desservi
Belgique,507,Puurs,Roosendaal,220,Bien desservi
Belgique,507,Puurs,Roosendaal,220,Bien desservi
Belgique,507,Puurs,Roosendaal,218,Bien desservi
Belgique,507,Puurs,Roosendaal,160,Bien desservi
Belgique,507,Puurs,Roosendaal,220,Bien desservi
Belgique,507,Puurs,Roosendaal,220,Bien desservi
Belgique,507,Puurs,Roosendaal,160,Bien desservi
Belgique,507,Puurs,Roosendaal,220,Bien desservi
Belgique,507,Puurs,Roosendaal,160,Bien desservi
Belgique,507,Puurs,Roosendaal,220,Bien desservi
Belgique,507,Puurs,Roosendaal,220,Bien desservi
Belgique,507,Puurs,Roosendaal,220,Bien desservi
Belgique,507,Puurs,Roosendaal,220,Bien desservi
Belgique,507,Puurs,Roosendaal,220,Bien desservi
Belgique,507,Puurs,Roosendaal,220,Bien desservi
Belgique,507,Puurs,Roosendaal,220,Bien desservi
Belgique,507,Puurs,Roosendaal,220,Bien desservi
Belgique,507,Puurs,Roosendaal,218,Bien desservi
Belgique,507,Puurs,Roosendaal,220,Bien desservi
Belgique,507,Puurs,Roosendaal,220,Bien desservi
Belgique,507,Puurs,Roosendaal,220,Bien desservi
Belgique,507,Puurs,Roosendaal,190,Bien desservi
Belgique,508,Kapellen,Puurs,64,Bien desservi
Belgique,509,Anvers-Sud,Roosendaal,29,Desserte Normale
Belgique,509,Anvers-Sud,Roosendaal,60,Bien desservi
Belgique,509,Anvers-Sud,Roosendaal,60,Bien desservi
Belgique,51,Anvers-Central,Anvers-Noorderdokken,6,Sous-desservi
Belgique,51,Anvers-Central,Anvers-Noorderdokken,8,Desserte Normale
Belgique,510,Anvers-Luchtbal,Puurs,1,Sous-desservi
Belgique,511,Anvers-Sud,Essen,2,Sous-desservi
Belgique,511,Anvers-Sud,Essen,6,Sous-desservi
Belgique,511,Anvers-Sud,Essen,6,Sous-desservi
Belgique,512,Anvers-Berchem,Essen,5,Sous-desservi
Belgique,513,Anvers-Berchem,Puurs,2,Sous-desservi
Belgique,514,Anvers-Central,Anvers-Sud,1,Sous-desservi
Belgique,514,Anvers-Central,Anvers-Sud,2,Sous-desservi
Belgique,514,Anvers-Central,Anvers-Sud,2,Sous-desservi
Belgique,515,Anvers-Central,Anvers-Noorderdokken,2,Sous-desservi
Belgique,516,Anvers-Central,Genk,70,Bien desservi
Belgique,516,Anvers-Central,Genk,253,Bien desservi
Belgique,516,Anvers-Central,Genk,255,Bien desservi
Belgique,516,Anvers-Central,Genk,255,Bien desservi
Belgique,516,Anvers-Central,Genk,68,Bien desservi
Belgique,516,Anvers-Central,Genk,70,Bien desservi
Belgique,517,Anvers-Central,Brussels Airport-Zaventem,76,Bien desservi
Belgique,517,Anvers-Central,Brussels Airport-Zaventem,76,Bien desservi
Belgique,517,Anvers-Central,Brussels Airport-Zaventem,190,Bien desservi
Belgique,518,Aarschot,Anvers-Central,70,Bien desservi
Belgique,518,Aarschot,Anvers-Central,70,Bien desservi
Belgique,518,Aarschot,Anvers-Central,142,Bien desservi
Belgique,519,Brussels Airport-Zaventem,Hasselt,58,Bien desservi
Belgique,519,Brussels Airport-Zaventem,Hasselt,58,Bien desservi
Belgique,52,Aarschot,Louvain,4,Sous-desservi
Belgique,52,Aarschot,Louvain,102,Bien desservi
Belgique,52,Aarschot,Louvain,68,Bien desservi
Belgique,52,Aarschot,Louvain,34,Desserte Normale
Belgique,52,Aarschot,Louvain,374,Bien desservi
Belgique,52,Aarschot,Louvain,446,Bien desservi
Belgique,52,Aarschot,Louvain,72,Bien desservi
Belgique,52,Aarschot,Louvain,1,Sous-desservi
Belgique,520,Genk,Malines,1,Sous-desservi
Belgique,521,Anvers-Central,Tongres,8,Desserte Normale
Belgique,521,Anvers-Central,Tongres,16,Desserte Normale
Belgique,521,Anvers-Central,Tongres,20,Desserte Normale
Belgique,521,Anvers-Central,Tongres,16,Desserte Normale
Belgique,521,Anvers-Central,Tongres,20,Desserte Normale
Belgique,521,Anvers-Central,Tongres,16,Desserte Normale
Belgique,521,Anvers-Central,Tongres,20,Desserte Normale
Belgique,521,Anvers-Central,Tongres,20,Desserte Normale
Belgique,521,Anvers-Central,Tongres,20,Desserte Normale
Belgique,521,Anvers-Central,Tongres,20,Desserte Normale
Belgique,521,Anvers-Central,Tongres,20,Desserte Normale
Belgique,521,Anvers-Central,Tongres,20,Desserte Normale
Belgique,521,Anvers-Central,Tongres,20,Desserte Normale
Belgique,521,Anvers-Central,Tongres,16,Desserte Normale
Belgique,521,Anvers-Central,Tongres,20,Desserte Normale
Belgique,521,Anvers-Central,Tongres,20,Desserte Normale
Belgique,521,Anvers-Central,Tongres,20,Desserte Normale
Belgique,521,Anvers-Central,Tongres,20,Desserte Normale
Belgique,521,Anvers-Central,Tongres,20,Desserte Normale
Belgique,521,Anvers-Central,Tongres,20,Desserte Normale
Belgique,521,Anvers-Central,Tongres,165,Bien desservi
Belgique,521,Anvers-Central,Tongres,165,Bien desservi
Belgique,521,Anvers-Central,Tongres,20,Desserte Normale
Belgique,521,Anvers-Central,Tongres,20,Desserte Normale
Belgique,521,Anvers-Central,Tongres,20,Desserte Normale
Belgique,521,Anvers-Central,Tongres,20,Desserte Normale
Belgique,521,Anvers-Central,Tongres,20,Desserte Normale
Belgique,521,Anvers-Central,Tongres,20,Desserte Normale
Belgique,521,Anvers-Central,Tongres,16,Desserte Normale
Belgique,521,Anvers-Central,Tongres,20,Desserte Normale
Belgique,521,Anvers-Central,Tongres,20,Desserte Normale
Belgique,521,Anvers-Central,Tongres,20,Desserte Normale
Belgique,521,Anvers-Central,Tongres,20,Desserte Normale
Belgique,522,Anvers-Central,Schulen,4,Sous-desservi
Belgique,522,Anvers-Central,Schulen,5,Sous-desservi
Belgique,522,Anvers-Central,Schulen,5,Sous-desservi
Belgique,522,Anvers-Central,Schulen,1,Sous-desservi
Belgique,522,Anvers-Central,Schulen,1,Sous-desservi
Belgique,522,Anvers-Central,Schulen,1,Sous-desservi
Belgique,523,Anvers-Central,Diest,73,Bien desservi
Belgique,523,Anvers-Central,Diest,236,Bien desservi
Belgique,523,Anvers-Central,Diest,232,Bien desservi
Belgique,523,Anvers-Central,Diest,232,Bien desservi
Belgique,523,Anvers-Central,Diest,73,Bien desservi
Belgique,523,Anvers-Central,Diest,72,Bien desservi
Belgique,523,Anvers-Central,Diest,5,Sous-desservi
Belgique,524,Anvers-Central,Hasselt,2,Sous-desservi
Belgique,524,Anvers-Central,Hasselt,1,Sous-desservi
Belgique,524,Anvers-Central,Hasselt,1,Sous-desservi
Belgique,524,Anvers-Central,Hasselt,2,Sous-desservi
Belgique,524,Anvers-Central,Hasselt,1,Sous-desservi
Belgique,524,Anvers-Central,Hasselt,1,Sous-desservi
Belgique,525,Brussels Airport-Zaventem,Louvain,4,Sous-desservi
Belgique,525,Brussels Airport-Zaventem,Louvain,4,Sous-desservi
Belgique,526,Anvers-Berchem,Hasselt,1,Sous-desservi
Belgique,526,Anvers-Berchem,Hasselt,1,Sous-desservi
Belgique,527,Anvers-Central,Saint-Nicolas,25,Desserte Normale
Belgique,527,Anvers-Central,Saint-Nicolas,25,Desserte Normale
Belgique,527,Anvers-Central,Saint-Nicolas,25,Desserte Normale
Belgique,527,Anvers-Central,Saint-Nicolas,25,Desserte Normale
Belgique,527,Anvers-Central,Saint-Nicolas,25,Desserte Normale
Belgique,527,Anvers-Central,Saint-Nicolas,25,Desserte Normale
Belgique,527,Anvers-Central,Saint-Nicolas,25,Desserte Normale
Belgique,527,Anvers-Central,Saint-Nicolas,25,Desserte Normale
Belgique,527,Anvers-Central,Saint-Nicolas,25,Desserte Normale
Belgique,527,Anvers-Central,Saint-Nicolas,25,Desserte Normale
Belgique,527,Anvers-Central,Saint-Nicolas,25,Desserte Normale
Belgique,527,Anvers-Central,Saint-Nicolas,25,Desserte Normale
Belgique,527,Anvers-Central,Saint-Nicolas,20,Desserte Normale
Belgique,527,Anvers-Central,Saint-Nicolas,25,Desserte Normale
Belgique,527,Anvers-Central,Saint-Nicolas,25,Desserte Normale
Belgique,527,Anvers-Central,Saint-Nicolas,25,Desserte Normale
Belgique,527,Anvers-Central,Saint-Nicolas,25,Desserte Normale
Belgique,528,Anvers-Berchem,Saint-Nicolas,25,Desserte Normale
Belgique,528,Anvers-Berchem,Saint-Nicolas,20,Desserte Normale
Belgique,528,Anvers-Berchem,Saint-Nicolas,25,Desserte Normale
Belgique,528,Anvers-Berchem,Saint-Nicolas,20,Desserte Normale
Belgique,528,Anvers-Berchem,Saint-Nicolas,25,Desserte Normale
Belgique,528,Anvers-Berchem,Saint-Nicolas,25,Desserte Normale
Belgique,529,Louvain,Saint-Nicolas,70,Bien desservi
Belgique,529,Louvain,Saint-Nicolas,140,Bien desservi
Belgique,529,Louvain,Saint-Nicolas,175,Bien desservi
Belgique,529,Louvain,Saint-Nicolas,174,Bien desservi
Belgique,529,Louvain,Saint-Nicolas,140,Bien desservi
Belgique,529,Louvain,Saint-Nicolas,173,Bien desservi
Belgique,529,Louvain,Saint-Nicolas,140,Bien desservi
Belgique,529,Louvain,Saint-Nicolas,175,Bien desservi
Belgique,529,Louvain,Saint-Nicolas,140,Bien desservi
Belgique,529,Louvain,Saint-Nicolas,175,Bien desservi
Belgique,529,Louvain,Saint-Nicolas,175,Bien desservi
Belgique,529,Louvain,Saint-Nicolas,175,Bien desservi
Belgique,529,Louvain,Saint-Nicolas,175,Bien desservi
Belgique,529,Louvain,Saint-Nicolas,175,Bien desservi
Belgique,529,Louvain,Saint-Nicolas,175,Bien desservi
Belgique,529,Louvain,Saint-Nicolas,175,Bien desservi
Belgique,529,Louvain,Saint-Nicolas,140,Bien desservi
Belgique,529,Louvain,Saint-Nicolas,175,Bien desservi
Belgique,529,Louvain,Saint-Nicolas,175,Bien desservi
Belgique,529,Louvain,Saint-Nicolas,175,Bien desservi
Belgique,529,Louvain,Saint-Nicolas,175,Bien desservi
Belgique,529,Louvain,Saint-Nicolas,175,Bien desservi
Belgique,529,Louvain,Saint-Nicolas,175,Bien desservi
Belgique,529,Louvain,Saint-Nicolas,175,Bien desservi
Belgique,529,Louvain,Saint-Nicolas,175,Bien desservi
Belgique,529,Louvain,Saint-Nicolas,175,Bien desservi
Belgique,529,Louvain,Saint-Nicolas,175,Bien desservi
Belgique,529,Louvain,Saint-Nicolas,175,Bien desservi
Belgique,529,Louvain,Saint-Nicolas,175,Bien desservi
Belgique,529,Louvain,Saint-Nicolas,175,Bien desservi
Belgique,529,Louvain,Saint-Nicolas,175,Bien desservi
Belgique,529,Louvain,Saint-Nicolas,175,Bien desservi
Belgique,529,Louvain,Saint-Nicolas,140,Bien desservi
Belgique,529,Louvain,Saint-Nicolas,175,Bien desservi
Belgique,529,Louvain,Saint-Nicolas,175,Bien desservi
Belgique,529,Louvain,Saint-Nicolas,175,Bien desservi
Belgique,529,Louvain,Saint-Nicolas,175,Bien desservi
Belgique,53,Herentals,Mol,72,Bien desservi
Belgique,53,Herentals,Mol,72,Bien desservi
Belgique,530,Saint-Nicolas,Willebroek,68,Bien desservi
Belgique,530,Saint-Nicolas,Willebroek,68,Bien desservi
Belgique,531,Malines,Saint-Nicolas,68,Bien desservi
Belgique,531,Malines,Saint-Nicolas,102,Bien desservi
Belgique,531,Malines,Saint-Nicolas,68,Bien desservi
Belgique,531,Malines,Saint-Nicolas,69,Bien desservi
Belgique,531,Malines,Saint-Nicolas,102,Bien desservi
Belgique,531,Malines,Saint-Nicolas,68,Bien desservi
Belgique,531,Malines,Saint-Nicolas,101,Bien desservi
Belgique,531,Malines,Saint-Nicolas,68,Bien desservi
Belgique,531,Malines,Saint-Nicolas,68,Bien desservi
Belgique,531,Malines,Saint-Nicolas,102,Bien desservi
Belgique,531,Malines,Saint-Nicolas,68,Bien desservi
Belgique,531,Malines,Saint-Nicolas,68,Bien desservi
Belgique,531,Malines,Saint-Nicolas,68,Bien desservi
Belgique,531,Malines,Saint-Nicolas,68,Bien desservi
Belgique,531,Malines,Saint-Nicolas,68,Bien desservi
Belgique,531,Malines,Saint-Nicolas,68,Bien desservi
Belgique,531,Malines,Saint-Nicolas,68,Bien desservi
Belgique,531,Malines,Saint-Nicolas,68,Bien desservi
Belgique,531,Malines,Saint-Nicolas,68,Bien desservi
Belgique,531,Malines,Saint-Nicolas,68,Bien desservi
Belgique,531,Malines,Saint-Nicolas,68,Bien desservi
Belgique,531,Malines,Saint-Nicolas,68,Bien desservi
Belgique,531,Malines,Saint-Nicolas,102,Bien desservi
Belgique,531,Malines,Saint-Nicolas,68,Bien desservi
Belgique,531,Malines,Saint-Nicolas,68,Bien desservi
Belgique,531,Malines,Saint-Nicolas,68,Bien desservi
Belgique,531,Malines,Saint-Nicolas,34,Desserte Normale
Belgique,532,Malines,Puurs,1,Sous-desservi
Belgique,532,Malines,Puurs,68,Bien desservi
Belgique,532,Malines,Puurs,102,Bien desservi
Belgique,532,Malines,Puurs,68,Bien desservi
Belgique,532,Malines,Puurs,68,Bien desservi
Belgique,532,Malines,Puurs,68,Bien desservi
Belgique,533,Puurs,Saint-Nicolas,68,Bien desservi
Belgique,533,Puurs,Saint-Nicolas,68,Bien desservi
Belgique,533,Puurs,Saint-Nicolas,68,Bien desservi
Belgique,534,Louvain,Tamise,2,Sous-desservi
Belgique,535,Bruges,Liège-Guillemins,6,Sous-desservi
Belgique,535,Bruges,Liège-Guillemins,12,Desserte Normale
Belgique,535,Bruges,Liège-Guillemins,19,Desserte Normale
Belgique,535,Bruges,Liège-Guillemins,15,Desserte Normale
Belgique,535,Bruges,Liège-Guillemins,12,Desserte Normale
Belgique,535,Bruges,Liège-Guillemins,15,Desserte Normale
Belgique,535,Bruges,Liège-Guillemins,13,Desserte Normale
Belgique,535,Bruges,Liège-Guillemins,15,Desserte Normale
Belgique,535,Bruges,Liège-Guillemins,12,Desserte Normale
Belgique,535,Bruges,Liège-Guillemins,15,Desserte Normale
Belgique,535,Bruges,Liège-Guillemins,15,Desserte Normale
Belgique,535,Bruges,Liège-Guillemins,15,Desserte Normale
Belgique,535,Bruges,Liège-Guillemins,15,Desserte Normale
Belgique,535,Bruges,Liège-Guillemins,15,Desserte Normale
Belgique,535,Bruges,Liège-Guillemins,15,Desserte Normale
Belgique,535,Bruges,Liège-Guillemins,15,Desserte Normale
Belgique,535,Bruges,Liège-Guillemins,12,Desserte Normale
Belgique,535,Bruges,Liège-Guillemins,15,Desserte Normale
Belgique,535,Bruges,Liège-Guillemins,15,Desserte Normale
Belgique,535,Bruges,Liège-Guillemins,15,Desserte Normale
Belgique,535,Bruges,Liège-Guillemins,15,Desserte Normale
Belgique,535,Bruges,Liège-Guillemins,15,Desserte Normale
Belgique,535,Bruges,Liège-Guillemins,15,Desserte Normale
Belgique,535,Bruges,Liège-Guillemins,15,Desserte Normale
Belgique,535,Bruges,Liège-Guillemins,15,Desserte Normale
Belgique,535,Bruges,Liège-Guillemins,15,Desserte Normale
Belgique,535,Bruges,Liège-Guillemins,15,Desserte Normale
Belgique,535,Bruges,Liège-Guillemins,15,Desserte Normale
Belgique,535,Bruges,Liège-Guillemins,15,Desserte Normale
Belgique,535,Bruges,Liège-Guillemins,15,Desserte Normale
Belgique,535,Bruges,Liège-Guillemins,15,Desserte Normale
Belgique,535,Bruges,Liège-Guillemins,15,Desserte Normale
Belgique,535,Bruges,Liège-Guillemins,12,Desserte Normale
Belgique,535,Bruges,Liège-Guillemins,15,Desserte Normale
Belgique,535,Bruges,Liège-Guillemins,15,Desserte Normale
Belgique,535,Bruges,Liège-Guillemins,15,Desserte Normale
Belgique,535,Bruges,Liège-Guillemins,15,Desserte Normale
Belgique,536,Knokke,Liège-Guillemins,128,Bien desservi
Belgique,536,Knokke,Liège-Guillemins,226,Bien desservi
Belgique,536,Knokke,Liège-Guillemins,230,Bien desservi
Belgique,536,Knokke,Liège-Guillemins,230,Bien desservi
Belgique,536,Knokke,Liège-Guillemins,226,Bien desservi
Belgique,536,Knokke,Liège-Guillemins,170,Bien desservi
Belgique,536,Knokke,Liège-Guillemins,225,Bien desservi
Belgique,536,Knokke,Liège-Guillemins,230,Bien desservi
Belgique,536,Knokke,Liège-Guillemins,180,Bien desservi
Belgique,536,Knokke,Liège-Guillemins,230,Bien desservi
Belgique,536,Knokke,Liège-Guillemins,230,Bien desservi
Belgique,536,Knokke,Liège-Guillemins,230,Bien desservi
Belgique,536,Knokke,Liège-Guillemins,206,Bien desservi
Belgique,536,Knokke,Liège-Guillemins,146,Bien desservi
Belgique,536,Knokke,Liège-Guillemins,146,Bien desservi
Belgique,536,Knokke,Liège-Guillemins,146,Bien desservi
Belgique,536,Knokke,Liège-Guillemins,142,Bien desservi
Belgique,536,Knokke,Liège-Guillemins,146,Bien desservi
Belgique,536,Knokke,Liège-Guillemins,146,Bien desservi
Belgique,536,Knokke,Liège-Guillemins,146,Bien desservi
Belgique,536,Knokke,Liège-Guillemins,146,Bien desservi
Belgique,536,Knokke,Liège-Guillemins,146,Bien desservi
Belgique,536,Knokke,Liège-Guillemins,170,Bien desservi
Belgique,536,Knokke,Liège-Guillemins,230,Bien desservi
Belgique,536,Knokke,Liège-Guillemins,230,Bien desservi
Belgique,536,Knokke,Liège-Guillemins,170,Bien desservi
Belgique,536,Knokke,Liège-Guillemins,230,Bien desservi
Belgique,536,Knokke,Liège-Guillemins,230,Bien desservi
Belgique,536,Knokke,Liège-Guillemins,230,Bien desservi
Belgique,536,Knokke,Liège-Guillemins,230,Bien desservi
Belgique,536,Knokke,Liège-Guillemins,230,Bien desservi
Belgique,536,Knokke,Liège-Guillemins,230,Bien desservi
Belgique,536,Knokke,Liège-Guillemins,226,Bien desservi
Belgique,536,Knokke,Liège-Guillemins,230,Bien desservi
Belgique,536,Knokke,Liège-Guillemins,230,Bien desservi
Belgique,536,Knokke,Liège-Guillemins,230,Bien desservi
Belgique,536,Knokke,Liège-Guillemins,200,Bien desservi
Belgique,537,Ans,Bruxelles-Midi,3,Sous-desservi
Belgique,538,Ans,Knokke,45,Desserte Normale
Belgique,539,Blankenberge,Liège-Guillemins,60,Bien desservi
Belgique,539,Blankenberge,Liège-Guillemins,60,Bien desservi
Belgique,54,Anvers-Central,Bruxelles-Midi,74,Bien desservi
Belgique,54,Anvers-Central,Bruxelles-Midi,2,Sous-desservi
Belgique,54,Anvers-Central,Bruxelles-Midi,78,Bien desservi
Belgique,54,Anvers-Central,Bruxelles-Midi,76,Bien desservi
Belgique,54,Anvers-Central,Bruxelles-Midi,77,Bien desservi
Belgique,54,Anvers-Central,Bruxelles-Midi,77,Bien desservi
Belgique,54,Anvers-Central,Bruxelles-Midi,77,Bien desservi
Belgique,54,Anvers-Central,Bruxelles-Midi,77,Bien desservi
Belgique,54,Anvers-Central,Bruxelles-Midi,77,Bien desservi
Belgique,54,Anvers-Central,Bruxelles-Midi,1,Sous-desservi
Belgique,54,Anvers-Central,Bruxelles-Midi,76,Bien desservi
Belgique,540,Liège-Guillemins,Ostende,8,Desserte Normale
Belgique,540,Liège-Guillemins,Ostende,14,Desserte Normale
Belgique,540,Liège-Guillemins,Ostende,10,Desserte Normale
Belgique,540,Liège-Guillemins,Ostende,14,Desserte Normale
Belgique,540,Liège-Guillemins,Ostende,14,Desserte Normale
Belgique,540,Liège-Guillemins,Ostende,14,Desserte Normale
Belgique,540,Liège-Guillemins,Ostende,14,Desserte Normale
Belgique,540,Liège-Guillemins,Ostende,14,Desserte Normale
Belgique,540,Liège-Guillemins,Ostende,14,Desserte Normale
Belgique,540,Liège-Guillemins,Ostende,14,Desserte Normale
Belgique,540,Liège-Guillemins,Ostende,14,Desserte Normale
Belgique,540,Liège-Guillemins,Ostende,14,Desserte Normale
Belgique,540,Liège-Guillemins,Ostende,38,Desserte Normale
Belgique,540,Liège-Guillemins,Ostende,98,Bien desservi
Belgique,540,Liège-Guillemins,Ostende,98,Bien desservi
Belgique,540,Liège-Guillemins,Ostende,98,Bien desservi
Belgique,540,Liège-Guillemins,Ostende,98,Bien desservi
Belgique,540,Liège-Guillemins,Ostende,98,Bien desservi
Belgique,540,Liège-Guillemins,Ostende,98,Bien desservi
Belgique,540,Liège-Guillemins,Ostende,98,Bien desservi
Belgique,540,Liège-Guillemins,Ostende,98,Bien desservi
Belgique,540,Liège-Guillemins,Ostende,98,Bien desservi
Belgique,540,Liège-Guillemins,Ostende,14,Desserte Normale
Belgique,540,Liège-Guillemins,Ostende,14,Desserte Normale
Belgique,540,Liège-Guillemins,Ostende,14,Desserte Normale
Belgique,540,Liège-Guillemins,Ostende,14,Desserte Normale
Belgique,540,Liège-Guillemins,Ostende,14,Desserte Normale
Belgique,540,Liège-Guillemins,Ostende,14,Desserte Normale
Belgique,540,Liège-Guillemins,Ostende,14,Desserte Normale
Belgique,540,Liège-Guillemins,Ostende,14,Desserte Normale
Belgique,540,Liège-Guillemins,Ostende,14,Desserte Normale
Belgique,540,Liège-Guillemins,Ostende,14,Desserte Normale
Belgique,540,Liège-Guillemins,Ostende,14,Desserte Normale
Belgique,540,Liège-Guillemins,Ostende,14,Desserte Normale
Belgique,540,Liège-Guillemins,Ostende,14,Desserte Normale
Belgique,540,Liège-Guillemins,Ostende,14,Desserte Normale
Belgique,540,Liège-Guillemins,Ostende,12,Desserte Normale
Belgique,541,Knokke,Louvain,1,Sous-desservi
Belgique,541,Knokke,Louvain,1,Sous-desservi
Belgique,541,Knokke,Louvain,5,Sous-desservi
Belgique,541,Knokke,Louvain,4,Sous-desservi
Belgique,541,Knokke,Louvain,5,Sous-desservi
Belgique,541,Knokke,Louvain,5,Sous-desservi
Belgique,541,Knokke,Louvain,5,Sous-desservi
Belgique,542,Knokke,Landen,1,Sous-desservi
Belgique,542,Knokke,Landen,4,Sous-desservi
Belgique,542,Knokke,Landen,5,Sous-desservi
Belgique,542,Knokke,Landen,5,Sous-desservi
Belgique,542,Knokke,Landen,4,Sous-desservi
Belgique,542,Knokke,Landen,5,Sous-desservi
Belgique,542,Knokke,Landen,3,Sous-desservi
Belgique,542,Knokke,Landen,5,Sous-desservi
Belgique,542,Knokke,Landen,5,Sous-desservi
Belgique,542,Knokke,Landen,5,Sous-desservi
Belgique,542,Knokke,Landen,5,Sous-desservi
Belgique,542,Knokke,Landen,5,Sous-desservi
Belgique,542,Knokke,Landen,4,Sous-desservi
Belgique,542,Knokke,Landen,5,Sous-desservi
Belgique,542,Knokke,Landen,5,Sous-desservi
Belgique,542,Knokke,Landen,5,Sous-desservi
Belgique,542,Knokke,Landen,5,Sous-desservi
Belgique,542,Knokke,Landen,5,Sous-desservi
Belgique,542,Knokke,Landen,5,Sous-desservi
Belgique,542,Knokke,Landen,5,Sous-desservi
Belgique,542,Knokke,Landen,5,Sous-desservi
Belgique,542,Knokke,Landen,5,Sous-desservi
Belgique,542,Knokke,Landen,5,Sous-desservi
Belgique,542,Knokke,Landen,5,Sous-desservi
Belgique,542,Knokke,Landen,5,Sous-desservi
Belgique,542,Knokke,Landen,5,Sous-desservi
Belgique,542,Knokke,Landen,5,Sous-desservi
Belgique,542,Knokke,Landen,4,Sous-desservi
Belgique,542,Knokke,Landen,5,Sous-desservi
Belgique,542,Knokke,Landen,5,Sous-desservi
Belgique,542,Knokke,Landen,5,Sous-desservi
Belgique,542,Knokke,Landen,5,Sous-desservi
Belgique,543,Anvers-Central,Louvain,144,Bien desservi
Belgique,543,Anvers-Central,Louvain,222,Bien desservi
Belgique,543,Anvers-Central,Louvain,248,Bien desservi
Belgique,543,Anvers-Central,Louvain,258,Bien desservi
Belgique,543,Anvers-Central,Louvain,246,Bien desservi
Belgique,543,Anvers-Central,Louvain,258,Bien desservi
Belgique,543,Anvers-Central,Louvain,152,Bien desservi
Belgique,543,Anvers-Central,Louvain,190,Bien desservi
Belgique,543,Anvers-Central,Louvain,152,Bien desservi
Belgique,543,Anvers-Central,Louvain,258,Bien desservi
Belgique,543,Anvers-Central,Louvain,258,Bien desservi
Belgique,543,Anvers-Central,Louvain,258,Bien desservi
Belgique,543,Anvers-Central,Louvain,258,Bien desservi
Belgique,543,Anvers-Central,Louvain,258,Bien desservi
Belgique,543,Anvers-Central,Louvain,258,Bien desservi
Belgique,543,Anvers-Central,Louvain,258,Bien desservi
Belgique,543,Anvers-Central,Louvain,254,Bien desservi
Belgique,543,Anvers-Central,Louvain,258,Bien desservi
Belgique,543,Anvers-Central,Louvain,190,Bien desservi
Belgique,543,Anvers-Central,Louvain,190,Bien desservi
Belgique,543,Anvers-Central,Louvain,248,Bien desservi
Belgique,543,Anvers-Central,Louvain,190,Bien desservi
Belgique,543,Anvers-Central,Louvain,190,Bien desservi
Belgique,543,Anvers-Central,Louvain,190,Bien desservi
Belgique,543,Anvers-Central,Louvain,190,Bien desservi
Belgique,543,Anvers-Central,Louvain,190,Bien desservi
Belgique,543,Anvers-Central,Louvain,190,Bien desservi
Belgique,543,Anvers-Central,Louvain,190,Bien desservi
Belgique,543,Anvers-Central,Louvain,258,Bien desservi
Belgique,543,Anvers-Central,Louvain,258,Bien desservi
Belgique,543,Anvers-Central,Louvain,254,Bien desservi
Belgique,543,Anvers-Central,Louvain,258,Bien desservi
Belgique,543,Anvers-Central,Louvain,258,Bien desservi
Belgique,543,Anvers-Central,Louvain,258,Bien desservi
Belgique,543,Anvers-Central,Louvain,224,Bien desservi
Belgique,544,Anvers-Central,Hasselt,55,Desserte Normale
Belgique,544,Anvers-Central,Hasselt,127,Bien desservi
Belgique,544,Anvers-Central,Hasselt,145,Bien desservi
Belgique,544,Anvers-Central,Hasselt,124,Bien desservi
Belgique,544,Anvers-Central,Hasselt,177,Bien desservi
Belgique,544,Anvers-Central,Hasselt,163,Bien desservi
Belgique,544,Anvers-Central,Hasselt,179,Bien desservi
Belgique,544,Anvers-Central,Hasselt,177,Bien desservi
Belgique,544,Anvers-Central,Hasselt,179,Bien desservi
Belgique,544,Anvers-Central,Hasselt,179,Bien desservi
Belgique,544,Anvers-Central,Hasselt,179,Bien desservi
Belgique,544,Anvers-Central,Hasselt,179,Bien desservi
Belgique,544,Anvers-Central,Hasselt,179,Bien desservi
Belgique,544,Anvers-Central,Hasselt,164,Bien desservi
Belgique,544,Anvers-Central,Hasselt,179,Bien desservi
Belgique,544,Anvers-Central,Hasselt,212,Bien desservi
Belgique,544,Anvers-Central,Hasselt,212,Bien desservi
Belgique,544,Anvers-Central,Hasselt,179,Bien desservi
Belgique,544,Anvers-Central,Hasselt,212,Bien desservi
Belgique,544,Anvers-Central,Hasselt,212,Bien desservi
Belgique,544,Anvers-Central,Hasselt,382,Bien desservi
Belgique,544,Anvers-Central,Hasselt,311,Bien desservi
Belgique,544,Anvers-Central,Hasselt,212,Bien desservi
Belgique,544,Anvers-Central,Hasselt,212,Bien desservi
Belgique,544,Anvers-Central,Hasselt,212,Bien desservi
Belgique,544,Anvers-Central,Hasselt,212,Bien desservi
Belgique,544,Anvers-Central,Hasselt,251,Bien desservi
Belgique,544,Anvers-Central,Hasselt,179,Bien desservi
Belgique,544,Anvers-Central,Hasselt,179,Bien desservi
Belgique,544,Anvers-Central,Hasselt,176,Bien desservi
Belgique,544,Anvers-Central,Hasselt,179,Bien desservi
Belgique,544,Anvers-Central,Hasselt,179,Bien desservi
Belgique,544,Anvers-Central,Hasselt,179,Bien desservi
Belgique,544,Anvers-Central,Hasselt,166,Bien desservi
Belgique,545,Hasselt,Lierre,1,Sous-desservi
Belgique,545,Hasselt,Lierre,71,Bien desservi
Belgique,546,Lierre,Louvain,32,Desserte Normale
Belgique,547,Anvers-Central,Tongres,20,Desserte Normale
Belgique,547,Anvers-Central,Tongres,20,Desserte Normale
Belgique,548,Anvers-Central,Heist-op-den-Berg,4,Sous-desservi
Belgique,549,Anvers-Berchem,Louvain,32,Desserte Normale
Belgique,55,Anvers-Central,Herentals,8,Desserte Normale
Belgique,55,Anvers-Central,Herentals,140,Bien desservi
Belgique,55,Anvers-Central,Herentals,72,Bien desservi
Belgique,55,Anvers-Central,Herentals,72,Bien desservi
Belgique,55,Anvers-Central,Herentals,72,Bien desservi
Belgique,55,Anvers-Central,Herentals,140,Bien desservi
Belgique,55,Anvers-Central,Herentals,140,Bien desservi
Belgique,550,Anvers-Central,Mol,64,Bien desservi
Belgique,550,Anvers-Central,Mol,128,Bien desservi
Belgique,550,Anvers-Central,Mol,160,Bien desservi
Belgique,550,Anvers-Central,Mol,160,Bien desservi
Belgique,550,Anvers-Central,Mol,128,Bien desservi
Belgique,550,Anvers-Central,Mol,160,Bien desservi
Belgique,550,Anvers-Central,Mol,128,Bien desservi
Belgique,550,Anvers-Central,Mol,160,Bien desservi
Belgique,550,Anvers-Central,Mol,127,Bien desservi
Belgique,550,Anvers-Central,Mol,160,Bien desservi
Belgique,550,Anvers-Central,Mol,160,Bien desservi
Belgique,550,Anvers-Central,Mol,160,Bien desservi
Belgique,550,Anvers-Central,Mol,160,Bien desservi
Belgique,550,Anvers-Central,Mol,160,Bien desservi
Belgique,550,Anvers-Central,Mol,160,Bien desservi
Belgique,550,Anvers-Central,Mol,160,Bien desservi
Belgique,550,Anvers-Central,Mol,128,Bien desservi
Belgique,550,Anvers-Central,Mol,160,Bien desservi
Belgique,550,Anvers-Central,Mol,160,Bien desservi
Belgique,550,Anvers-Central,Mol,160,Bien desservi
Belgique,550,Anvers-Central,Mol,160,Bien desservi
Belgique,550,Anvers-Central,Mol,160,Bien desservi
Belgique,550,Anvers-Central,Mol,160,Bien desservi
Belgique,550,Anvers-Central,Mol,232,Bien desservi
Belgique,550,Anvers-Central,Mol,232,Bien desservi
Belgique,550,Anvers-Central,Mol,160,Bien desservi
Belgique,550,Anvers-Central,Mol,160,Bien desservi
Belgique,550,Anvers-Central,Mol,160,Bien desservi
Belgique,550,Anvers-Central,Mol,160,Bien desservi
Belgique,550,Anvers-Central,Mol,160,Bien desservi
Belgique,550,Anvers-Central,Mol,232,Bien desservi
Belgique,550,Anvers-Central,Mol,232,Bien desservi
Belgique,550,Anvers-Central,Mol,236,Bien desservi
Belgique,550,Anvers-Central,Mol,232,Bien desservi
Belgique,550,Anvers-Central,Mol,232,Bien desservi
Belgique,550,Anvers-Central,Mol,232,Bien desservi
Belgique,550,Anvers-Central,Mol,196,Bien desservi
Belgique,551,Anvers-Central,Herentals,1,Sous-desservi
Belgique,551,Anvers-Central,Herentals,72,Bien desservi
Belgique,551,Anvers-Central,Herentals,72,Bien desservi
Belgique,552,Anvers-Central,Lierre,72,Bien desservi
Belgique,552,Anvers-Central,Lierre,72,Bien desservi
Belgique,553,Lierre,Mol,72,Bien desservi
Belgique,554,Gand-Saint-Pierre,La Panne,8,Desserte Normale
Belgique,554,Gand-Saint-Pierre,La Panne,16,Desserte Normale
Belgique,554,Gand-Saint-Pierre,La Panne,20,Desserte Normale
Belgique,554,Gand-Saint-Pierre,La Panne,20,Desserte Normale
Belgique,554,Gand-Saint-Pierre,La Panne,16,Desserte Normale
Belgique,554,Gand-Saint-Pierre,La Panne,20,Desserte Normale
Belgique,554,Gand-Saint-Pierre,La Panne,16,Desserte Normale
Belgique,554,Gand-Saint-Pierre,La Panne,20,Desserte Normale
Belgique,554,Gand-Saint-Pierre,La Panne,17,Desserte Normale
Belgique,554,Gand-Saint-Pierre,La Panne,20,Desserte Normale
Belgique,554,Gand-Saint-Pierre,La Panne,20,Desserte Normale
Belgique,554,Gand-Saint-Pierre,La Panne,20,Desserte Normale
Belgique,554,Gand-Saint-Pierre,La Panne,20,Desserte Normale
Belgique,554,Gand-Saint-Pierre,La Panne,15,Desserte Normale
Belgique,554,Gand-Saint-Pierre,La Panne,15,Desserte Normale
Belgique,554,Gand-Saint-Pierre,La Panne,15,Desserte Normale
Belgique,554,Gand-Saint-Pierre,La Panne,12,Desserte Normale
Belgique,554,Gand-Saint-Pierre,La Panne,15,Desserte Normale
Belgique,554,Gand-Saint-Pierre,La Panne,15,Desserte Normale
Belgique,554,Gand-Saint-Pierre,La Panne,15,Desserte Normale
Belgique,554,Gand-Saint-Pierre,La Panne,15,Desserte Normale
Belgique,554,Gand-Saint-Pierre,La Panne,15,Desserte Normale
Belgique,554,Gand-Saint-Pierre,La Panne,20,Desserte Normale
Belgique,554,Gand-Saint-Pierre,La Panne,20,Desserte Normale
Belgique,554,Gand-Saint-Pierre,La Panne,20,Desserte Normale
Belgique,554,Gand-Saint-Pierre,La Panne,20,Desserte Normale
Belgique,554,Gand-Saint-Pierre,La Panne,20,Desserte Normale
Belgique,554,Gand-Saint-Pierre,La Panne,20,Desserte Normale
Belgique,554,Gand-Saint-Pierre,La Panne,20,Desserte Normale
Belgique,554,Gand-Saint-Pierre,La Panne,20,Desserte Normale
Belgique,554,Gand-Saint-Pierre,La Panne,20,Desserte Normale
Belgique,554,Gand-Saint-Pierre,La Panne,20,Desserte Normale
Belgique,554,Gand-Saint-Pierre,La Panne,16,Desserte Normale
Belgique,554,Gand-Saint-Pierre,La Panne,20,Desserte Normale
Belgique,554,Gand-Saint-Pierre,La Panne,20,Desserte Normale
Belgique,554,Gand-Saint-Pierre,La Panne,20,Desserte Normale
Belgique,554,Gand-Saint-Pierre,La Panne,20,Desserte Normale
Belgique,555,Anvers-Central,La Panne,60,Bien desservi
Belgique,555,Anvers-Central,La Panne,120,Bien desservi
Belgique,555,Anvers-Central,La Panne,150,Bien desservi
Belgique,555,Anvers-Central,La Panne,149,Bien desservi
Belgique,555,Anvers-Central,La Panne,119,Bien desservi
Belgique,555,Anvers-Central,La Panne,150,Bien desservi
Belgique,555,Anvers-Central,La Panne,120,Bien desservi
Belgique,555,Anvers-Central,La Panne,150,Bien desservi
Belgique,555,Anvers-Central,La Panne,119,Bien desservi
Belgique,555,Anvers-Central,La Panne,148,Bien desservi
Belgique,555,Anvers-Central,La Panne,150,Bien desservi
Belgique,555,Anvers-Central,La Panne,150,Bien desservi
Belgique,555,Anvers-Central,La Panne,150,Bien desservi
Belgique,555,Anvers-Central,La Panne,155,Bien desservi
Belgique,555,Anvers-Central,La Panne,155,Bien desservi
Belgique,555,Anvers-Central,La Panne,155,Bien desservi
Belgique,555,Anvers-Central,La Panne,124,Bien desservi
Belgique,555,Anvers-Central,La Panne,155,Bien desservi
Belgique,555,Anvers-Central,La Panne,155,Bien desservi
Belgique,555,Anvers-Central,La Panne,155,Bien desservi
Belgique,555,Anvers-Central,La Panne,155,Bien desservi
Belgique,555,Anvers-Central,La Panne,150,Bien desservi
Belgique,555,Anvers-Central,La Panne,145,Bien desservi
Belgique,555,Anvers-Central,La Panne,150,Bien desservi
Belgique,555,Anvers-Central,La Panne,150,Bien desservi
Belgique,555,Anvers-Central,La Panne,150,Bien desservi
Belgique,555,Anvers-Central,La Panne,150,Bien desservi
Belgique,555,Anvers-Central,La Panne,150,Bien desservi
Belgique,555,Anvers-Central,La Panne,150,Bien desservi
Belgique,555,Anvers-Central,La Panne,150,Bien desservi
Belgique,555,Anvers-Central,La Panne,150,Bien desservi
Belgique,555,Anvers-Central,La Panne,150,Bien desservi
Belgique,555,Anvers-Central,La Panne,120,Bien desservi
Belgique,555,Anvers-Central,La Panne,150,Bien desservi
Belgique,555,Anvers-Central,La Panne,150,Bien desservi
Belgique,555,Anvers-Central,La Panne,150,Bien desservi
Belgique,555,Anvers-Central,La Panne,150,Bien desservi
Belgique,556,Anvers-Berchem,La Panne,1,Sous-desservi
Belgique,557,Anvers-Central,Dixmude,5,Sous-desservi
Belgique,557,Anvers-Central,Dixmude,5,Sous-desservi
Belgique,558,Anvers-Central,Lichtervelde,1,Sous-desservi
Belgique,558,Anvers-Central,Lichtervelde,2,Sous-desservi
Belgique,559,Louvain,Ottignies,190,Bien desservi
Belgique,559,Louvain,Ottignies,347,Bien desservi
Belgique,559,Louvain,Ottignies,376,Bien desservi
Belgique,559,Louvain,Ottignies,376,Bien desservi
Belgique,559,Louvain,Ottignies,347,Bien desservi
Belgique,559,Louvain,Ottignies,376,Bien desservi
Belgique,559,Louvain,Ottignies,347,Bien desservi
Belgique,559,Louvain,Ottignies,375,Bien desservi
Belgique,559,Louvain,Ottignies,281,Bien desservi
Belgique,559,Louvain,Ottignies,376,Bien desservi
Belgique,559,Louvain,Ottignies,376,Bien desservi
Belgique,559,Louvain,Ottignies,376,Bien desservi
Belgique,559,Louvain,Ottignies,376,Bien desservi
Belgique,559,Louvain,Ottignies,376,Bien desservi
Belgique,559,Louvain,Ottignies,376,Bien desservi
Belgique,559,Louvain,Ottignies,376,Bien desservi
Belgique,559,Louvain,Ottignies,347,Bien desservi
Belgique,559,Louvain,Ottignies,376,Bien desservi
Belgique,559,Louvain,Ottignies,376,Bien desservi
Belgique,559,Louvain,Ottignies,376,Bien desservi
Belgique,559,Louvain,Ottignies,376,Bien desservi
Belgique,559,Louvain,Ottignies,376,Bien desservi
Belgique,559,Louvain,Ottignies,376,Bien desservi
Belgique,559,Louvain,Ottignies,376,Bien desservi
Belgique,559,Louvain,Ottignies,376,Bien desservi
Belgique,559,Louvain,Ottignies,376,Bien desservi
Belgique,559,Louvain,Ottignies,376,Bien desservi
Belgique,559,Louvain,Ottignies,376,Bien desservi
Belgique,559,Louvain,Ottignies,376,Bien desservi
Belgique,559,Louvain,Ottignies,376,Bien desservi
Belgique,559,Louvain,Ottignies,376,Bien desservi
Belgique,559,Louvain,Ottignies,376,Bien desservi
Belgique,559,Louvain,Ottignies,347,Bien desservi
Belgique,559,Louvain,Ottignies,376,Bien desservi
Belgique,559,Louvain,Ottignies,376,Bien desservi
Belgique,559,Louvain,Ottignies,376,Bien desservi
Belgique,559,Louvain,Ottignies,343,Bien desservi
Belgique,56,Diest,Hasselt,70,Bien desservi
Belgique,560,Louvain,Wavre,66,Bien desservi
Belgique,561,Ottignies,Pécrot,1,Sous-desservi
Belgique,562,Anvers-Berchem,Charleroi-Central,27,Desserte Normale
Belgique,562,Anvers-Berchem,Charleroi-Central,70,Bien desservi
Belgique,562,Anvers-Berchem,Charleroi-Central,60,Bien desservi
Belgique,562,Anvers-Berchem,Charleroi-Central,70,Bien desservi
Belgique,563,Anvers-Central,Nivelles,108,Bien desservi
Belgique,563,Anvers-Central,Nivelles,5,Sous-desservi
Belgique,564,Anvers-Central,Binche,4,Sous-desservi
Belgique,564,Anvers-Central,Binche,8,Desserte Normale
Belgique,564,Anvers-Central,Binche,10,Desserte Normale
Belgique,564,Anvers-Central,Binche,10,Desserte Normale
Belgique,564,Anvers-Central,Binche,8,Desserte Normale
Belgique,564,Anvers-Central,Binche,10,Desserte Normale
Belgique,564,Anvers-Central,Binche,8,Desserte Normale
Belgique,564,Anvers-Central,Binche,10,Desserte Normale
Belgique,564,Anvers-Central,Binche,8,Desserte Normale
Belgique,564,Anvers-Central,Binche,10,Desserte Normale
Belgique,564,Anvers-Central,Binche,10,Desserte Normale
Belgique,564,Anvers-Central,Binche,10,Desserte Normale
Belgique,564,Anvers-Central,Binche,10,Desserte Normale
Belgique,564,Anvers-Central,Binche,10,Desserte Normale
Belgique,564,Anvers-Central,Binche,10,Desserte Normale
Belgique,564,Anvers-Central,Binche,10,Desserte Normale
Belgique,564,Anvers-Central,Binche,8,Desserte Normale
Belgique,564,Anvers-Central,Binche,10,Desserte Normale
Belgique,564,Anvers-Central,Binche,6,Sous-desservi
Belgique,564,Anvers-Central,Binche,10,Desserte Normale
Belgique,564,Anvers-Central,Binche,10,Desserte Normale
Belgique,564,Anvers-Central,Binche,10,Desserte Normale
Belgique,564,Anvers-Central,Binche,10,Desserte Normale
Belgique,564,Anvers-Central,Binche,10,Desserte Normale
Belgique,564,Anvers-Central,Binche,10,Desserte Normale
Belgique,564,Anvers-Central,Binche,10,Desserte Normale
Belgique,564,Anvers-Central,Binche,10,Desserte Normale
Belgique,564,Anvers-Central,Binche,10,Desserte Normale
Belgique,564,Anvers-Central,Binche,10,Desserte Normale
Belgique,564,Anvers-Central,Binche,10,Desserte Normale
Belgique,564,Anvers-Central,Binche,8,Desserte Normale
Belgique,564,Anvers-Central,Binche,10,Desserte Normale
Belgique,564,Anvers-Central,Binche,10,Desserte Normale
Belgique,564,Anvers-Central,Binche,10,Desserte Normale
Belgique,564,Anvers-Central,Binche,10,Desserte Normale
Belgique,565,Anvers-Central,Köln Hbf,14,Desserte Normale
Belgique,565,Anvers-Central,Köln Hbf,14,Desserte Normale
Belgique,565,Anvers-Central,Köln Hbf,14,Desserte Normale
Belgique,565,Anvers-Central,Köln Hbf,14,Desserte Normale
Belgique,565,Anvers-Central,Köln Hbf,14,Desserte Normale
Belgique,565,Anvers-Central,Köln Hbf,14,Desserte Normale
Belgique,565,Anvers-Central,Köln Hbf,14,Desserte Normale
Belgique,565,Anvers-Central,Köln Hbf,14,Desserte Normale
Belgique,565,Anvers-Central,Köln Hbf,14,Desserte Normale
Belgique,565,Anvers-Central,Köln Hbf,14,Desserte Normale
Belgique,565,Anvers-Central,Köln Hbf,14,Desserte Normale
Belgique,565,Anvers-Central,Köln Hbf,14,Desserte Normale
Belgique,565,Anvers-Central,Köln Hbf,14,Desserte Normale
Belgique,565,Anvers-Central,Köln Hbf,10,Desserte Normale
Belgique,566,Anvers-Berchem,Bruxelles-Midi,3,Sous-desservi
Belgique,566,Anvers-Berchem,Bruxelles-Midi,1,Sous-desservi
Belgique,566,Anvers-Berchem,Bruxelles-Midi,1,Sous-desservi
Belgique,566,Anvers-Berchem,Bruxelles-Midi,1,Sous-desservi
Belgique,566,Anvers-Berchem,Bruxelles-Midi,1,Sous-desservi
Belgique,566,Anvers-Berchem,Bruxelles-Midi,1,Sous-desservi
Belgique,566,Anvers-Berchem,Bruxelles-Midi,1,Sous-desservi
Belgique,566,Anvers-Berchem,Bruxelles-Midi,1,Sous-desservi
Belgique,566,Anvers-Berchem,Bruxelles-Midi,2,Sous-desservi
Belgique,566,Anvers-Berchem,Bruxelles-Midi,8,Desserte Normale
Belgique,566,Anvers-Berchem,Bruxelles-Midi,1,Sous-desservi
Belgique,566,Anvers-Berchem,Bruxelles-Midi,2,Sous-desservi
Belgique,567,Bruxelles-Nord,Nivelles,2,Sous-desservi
Belgique,568,Hal,Malines,64,Bien desservi
Belgique,568,Hal,Malines,128,Bien desservi
Belgique,568,Hal,Malines,160,Bien desservi
Belgique,568,Hal,Malines,160,Bien desservi
Belgique,568,Hal,Malines,128,Bien desservi
Belgique,568,Hal,Malines,160,Bien desservi
Belgique,568,Hal,Malines,128,Bien desservi
Belgique,568,Hal,Malines,160,Bien desservi
Belgique,568,Hal,Malines,128,Bien desservi
Belgique,568,Hal,Malines,160,Bien desservi
Belgique,568,Hal,Malines,160,Bien desservi
Belgique,568,Hal,Malines,160,Bien desservi
Belgique,568,Hal,Malines,160,Bien desservi
Belgique,568,Hal,Malines,160,Bien desservi
Belgique,568,Hal,Malines,160,Bien desservi
Belgique,568,Hal,Malines,160,Bien desservi
Belgique,568,Hal,Malines,128,Bien desservi
Belgique,568,Hal,Malines,160,Bien desservi
Belgique,568,Hal,Malines,160,Bien desservi
Belgique,568,Hal,Malines,160,Bien desservi
Belgique,568,Hal,Malines,160,Bien desservi
Belgique,568,Hal,Malines,160,Bien desservi
Belgique,568,Hal,Malines,160,Bien desservi
Belgique,568,Hal,Malines,160,Bien desservi
Belgique,568,Hal,Malines,160,Bien desservi
Belgique,568,Hal,Malines,160,Bien desservi
Belgique,568,Hal,Malines,160,Bien desservi
Belgique,568,Hal,Malines,160,Bien desservi
Belgique,568,Hal,Malines,160,Bien desservi
Belgique,568,Hal,Malines,160,Bien desservi
Belgique,568,Hal,Malines,160,Bien desservi
Belgique,568,Hal,Malines,160,Bien desservi
Belgique,568,Hal,Malines,128,Bien desservi
Belgique,568,Hal,Malines,160,Bien desservi
Belgique,568,Hal,Malines,160,Bien desservi
Belgique,568,Hal,Malines,160,Bien desservi
Belgique,568,Hal,Malines,160,Bien desservi
Belgique,569,Termonde,Tournai,4,Sous-desservi
Belgique,569,Termonde,Tournai,8,Desserte Normale
Belgique,569,Termonde,Tournai,10,Desserte Normale
Belgique,569,Termonde,Tournai,10,Desserte Normale
Belgique,569,Termonde,Tournai,8,Desserte Normale
Belgique,569,Termonde,Tournai,10,Desserte Normale
Belgique,569,Termonde,Tournai,8,Desserte Normale
Belgique,569,Termonde,Tournai,11,Desserte Normale
Belgique,569,Termonde,Tournai,8,Desserte Normale
Belgique,569,Termonde,Tournai,5,Sous-desservi
Belgique,569,Termonde,Tournai,10,Desserte Normale
Belgique,569,Termonde,Tournai,9,Desserte Normale
Belgique,569,Termonde,Tournai,10,Desserte Normale
Belgique,569,Termonde,Tournai,10,Desserte Normale
Belgique,569,Termonde,Tournai,10,Desserte Normale
Belgique,569,Termonde,Tournai,10,Desserte Normale
Belgique,569,Termonde,Tournai,8,Desserte Normale
Belgique,569,Termonde,Tournai,5,Sous-desservi
Belgique,569,Termonde,Tournai,6,Sous-desservi
Belgique,569,Termonde,Tournai,10,Desserte Normale
Belgique,569,Termonde,Tournai,10,Desserte Normale
Belgique,569,Termonde,Tournai,10,Desserte Normale
Belgique,569,Termonde,Tournai,10,Desserte Normale
Belgique,569,Termonde,Tournai,10,Desserte Normale
Belgique,569,Termonde,Tournai,10,Desserte Normale
Belgique,569,Termonde,Tournai,10,Desserte Normale
Belgique,569,Termonde,Tournai,10,Desserte Normale
Belgique,569,Termonde,Tournai,10,Desserte Normale
Belgique,569,Termonde,Tournai,8,Desserte Normale
Belgique,569,Termonde,Tournai,10,Desserte Normale
Belgique,569,Termonde,Tournai,10,Desserte Normale
Belgique,569,Termonde,Tournai,10,Desserte Normale
Belgique,569,Termonde,Tournai,10,Desserte Normale
Belgique,57,Brussels Airport-Zaventem,Bruxelles-Midi,101,Bien desservi
Belgique,57,Brussels Airport-Zaventem,Bruxelles-Midi,303,Bien desservi
Belgique,57,Brussels Airport-Zaventem,Bruxelles-Midi,229,Bien desservi
Belgique,57,Brussels Airport-Zaventem,Bruxelles-Midi,49,Desserte Normale
Belgique,57,Brussels Airport-Zaventem,Bruxelles-Midi,159,Bien desservi
Belgique,57,Brussels Airport-Zaventem,Bruxelles-Midi,49,Desserte Normale
Belgique,57,Brussels Airport-Zaventem,Bruxelles-Midi,124,Bien desservi
Belgique,57,Brussels Airport-Zaventem,Bruxelles-Midi,121,Bien desservi
Belgique,57,Brussels Airport-Zaventem,Bruxelles-Midi,87,Bien desservi
Belgique,57,Brussels Airport-Zaventem,Bruxelles-Midi,48,Desserte Normale
Belgique,57,Brussels Airport-Zaventem,Bruxelles-Midi,48,Desserte Normale
Belgique,57,Brussels Airport-Zaventem,Bruxelles-Midi,48,Desserte Normale
Belgique,57,Brussels Airport-Zaventem,Bruxelles-Midi,48,Desserte Normale
Belgique,57,Brussels Airport-Zaventem,Bruxelles-Midi,48,Desserte Normale
Belgique,57,Brussels Airport-Zaventem,Bruxelles-Midi,48,Desserte Normale
Belgique,57,Brussels Airport-Zaventem,Bruxelles-Midi,48,Desserte Normale
Belgique,57,Brussels Airport-Zaventem,Bruxelles-Midi,51,Desserte Normale
Belgique,57,Brussels Airport-Zaventem,Bruxelles-Midi,48,Desserte Normale
Belgique,57,Brussels Airport-Zaventem,Bruxelles-Midi,40,Desserte Normale
Belgique,57,Brussels Airport-Zaventem,Bruxelles-Midi,34,Desserte Normale
Belgique,57,Brussels Airport-Zaventem,Bruxelles-Midi,44,Desserte Normale
Belgique,57,Brussels Airport-Zaventem,Bruxelles-Midi,48,Desserte Normale
Belgique,57,Brussels Airport-Zaventem,Bruxelles-Midi,48,Desserte Normale
Belgique,57,Brussels Airport-Zaventem,Bruxelles-Midi,48,Desserte Normale
Belgique,57,Brussels Airport-Zaventem,Bruxelles-Midi,48,Desserte Normale
Belgique,57,Brussels Airport-Zaventem,Bruxelles-Midi,48,Desserte Normale
Belgique,57,Brussels Airport-Zaventem,Bruxelles-Midi,42,Desserte Normale
Belgique,57,Brussels Airport-Zaventem,Bruxelles-Midi,48,Desserte Normale
Belgique,57,Brussels Airport-Zaventem,Bruxelles-Midi,48,Desserte Normale
Belgique,57,Brussels Airport-Zaventem,Bruxelles-Midi,48,Desserte Normale
Belgique,57,Brussels Airport-Zaventem,Bruxelles-Midi,48,Desserte Normale
Belgique,57,Brussels Airport-Zaventem,Bruxelles-Midi,48,Desserte Normale
Belgique,57,Brussels Airport-Zaventem,Bruxelles-Midi,51,Desserte Normale
Belgique,57,Brussels Airport-Zaventem,Bruxelles-Midi,48,Desserte Normale
Belgique,57,Brussels Airport-Zaventem,Bruxelles-Midi,48,Desserte Normale
Belgique,57,Brussels Airport-Zaventem,Bruxelles-Midi,48,Desserte Normale
Belgique,57,Brussels Airport-Zaventem,Bruxelles-Midi,39,Desserte Normale
Belgique,570,Bruxelles-Midi,Termonde,68,Bien desservi
Belgique,570,Bruxelles-Midi,Termonde,102,Bien desservi
Belgique,570,Bruxelles-Midi,Termonde,68,Bien desservi
Belgique,570,Bruxelles-Midi,Termonde,68,Bien desservi
Belgique,570,Bruxelles-Midi,Termonde,102,Bien desservi
Belgique,570,Bruxelles-Midi,Termonde,68,Bien desservi
Belgique,570,Bruxelles-Midi,Termonde,102,Bien desservi
Belgique,570,Bruxelles-Midi,Termonde,68,Bien desservi
Belgique,570,Bruxelles-Midi,Termonde,102,Bien desservi
Belgique,570,Bruxelles-Midi,Termonde,68,Bien desservi
Belgique,570,Bruxelles-Midi,Termonde,68,Bien desservi
Belgique,570,Bruxelles-Midi,Termonde,68,Bien desservi
Belgique,570,Bruxelles-Midi,Termonde,68,Bien desservi
Belgique,570,Bruxelles-Midi,Termonde,68,Bien desservi
Belgique,570,Bruxelles-Midi,Termonde,68,Bien desservi
Belgique,570,Bruxelles-Midi,Termonde,68,Bien desservi
Belgique,570,Bruxelles-Midi,Termonde,102,Bien desservi
Belgique,570,Bruxelles-Midi,Termonde,68,Bien desservi
Belgique,570,Bruxelles-Midi,Termonde,140,Bien desservi
Belgique,570,Bruxelles-Midi,Termonde,248,Bien desservi
Belgique,570,Bruxelles-Midi,Termonde,248,Bien desservi
Belgique,570,Bruxelles-Midi,Termonde,68,Bien desservi
Belgique,570,Bruxelles-Midi,Termonde,68,Bien desservi
Belgique,570,Bruxelles-Midi,Termonde,68,Bien desservi
Belgique,570,Bruxelles-Midi,Termonde,68,Bien desservi
Belgique,570,Bruxelles-Midi,Termonde,68,Bien desservi
Belgique,570,Bruxelles-Midi,Termonde,68,Bien desservi
Belgique,570,Bruxelles-Midi,Termonde,68,Bien desservi
Belgique,570,Bruxelles-Midi,Termonde,68,Bien desservi
Belgique,570,Bruxelles-Midi,Termonde,102,Bien desservi
Belgique,570,Bruxelles-Midi,Termonde,68,Bien desservi
Belgique,570,Bruxelles-Midi,Termonde,68,Bien desservi
Belgique,570,Bruxelles-Midi,Termonde,68,Bien desservi
Belgique,570,Bruxelles-Midi,Termonde,34,Desserte Normale
Belgique,571,Enghien,Termonde,1,Sous-desservi
Belgique,571,Enghien,Termonde,180,Bien desservi
Belgique,571,Enghien,Termonde,180,Bien desservi
Belgique,572,Mouscron,Termonde,2,Sous-desservi
Belgique,572,Mouscron,Termonde,4,Sous-desservi
Belgique,572,Mouscron,Termonde,5,Sous-desservi
Belgique,572,Mouscron,Termonde,5,Sous-desservi
Belgique,572,Mouscron,Termonde,4,Sous-desservi
Belgique,572,Mouscron,Termonde,5,Sous-desservi
Belgique,572,Mouscron,Termonde,4,Sous-desservi
Belgique,572,Mouscron,Termonde,5,Sous-desservi
Belgique,572,Mouscron,Termonde,4,Sous-desservi
Belgique,572,Mouscron,Termonde,6,Sous-desservi
Belgique,572,Mouscron,Termonde,5,Sous-desservi
Belgique,572,Mouscron,Termonde,5,Sous-desservi
Belgique,572,Mouscron,Termonde,5,Sous-desservi
Belgique,572,Mouscron,Termonde,5,Sous-desservi
Belgique,572,Mouscron,Termonde,5,Sous-desservi
Belgique,572,Mouscron,Termonde,5,Sous-desservi
Belgique,572,Mouscron,Termonde,4,Sous-desservi
Belgique,572,Mouscron,Termonde,5,Sous-desservi
Belgique,572,Mouscron,Termonde,3,Sous-desservi
Belgique,572,Mouscron,Termonde,5,Sous-desservi
Belgique,572,Mouscron,Termonde,5,Sous-desservi
Belgique,572,Mouscron,Termonde,5,Sous-desservi
Belgique,572,Mouscron,Termonde,5,Sous-desservi
Belgique,572,Mouscron,Termonde,5,Sous-desservi
Belgique,572,Mouscron,Termonde,5,Sous-desservi
Belgique,572,Mouscron,Termonde,5,Sous-desservi
Belgique,572,Mouscron,Termonde,5,Sous-desservi
Belgique,572,Mouscron,Termonde,5,Sous-desservi
Belgique,572,Mouscron,Termonde,4,Sous-desservi
Belgique,572,Mouscron,Termonde,5,Sous-desservi
Belgique,572,Mouscron,Termonde,5,Sous-desservi
Belgique,572,Mouscron,Termonde,5,Sous-desservi
Belgique,572,Mouscron,Termonde,5,Sous-desservi
Belgique,573,Courtrai,Termonde,60,Bien desservi
Belgique,573,Courtrai,Termonde,123,Bien desservi
Belgique,573,Courtrai,Termonde,155,Bien desservi
Belgique,573,Courtrai,Termonde,155,Bien desservi
Belgique,573,Courtrai,Termonde,124,Bien desservi
Belgique,573,Courtrai,Termonde,155,Bien desservi
Belgique,573,Courtrai,Termonde,124,Bien desservi
Belgique,573,Courtrai,Termonde,149,Bien desservi
Belgique,573,Courtrai,Termonde,124,Bien desservi
Belgique,573,Courtrai,Termonde,154,Bien desservi
Belgique,573,Courtrai,Termonde,155,Bien desservi
Belgique,573,Courtrai,Termonde,155,Bien desservi
Belgique,573,Courtrai,Termonde,155,Bien desservi
Belgique,573,Courtrai,Termonde,150,Bien desservi
Belgique,573,Courtrai,Termonde,155,Bien desservi
Belgique,573,Courtrai,Termonde,150,Bien desservi
Belgique,573,Courtrai,Termonde,124,Bien desservi
Belgique,573,Courtrai,Termonde,155,Bien desservi
Belgique,573,Courtrai,Termonde,93,Bien desservi
Belgique,573,Courtrai,Termonde,155,Bien desservi
Belgique,573,Courtrai,Termonde,150,Bien desservi
Belgique,573,Courtrai,Termonde,155,Bien desservi
Belgique,573,Courtrai,Termonde,155,Bien desservi
Belgique,573,Courtrai,Termonde,155,Bien desservi
Belgique,573,Courtrai,Termonde,155,Bien desservi
Belgique,573,Courtrai,Termonde,155,Bien desservi
Belgique,573,Courtrai,Termonde,155,Bien desservi
Belgique,573,Courtrai,Termonde,155,Bien desservi
Belgique,573,Courtrai,Termonde,124,Bien desservi
Belgique,573,Courtrai,Termonde,155,Bien desservi
Belgique,573,Courtrai,Termonde,155,Bien desservi
Belgique,573,Courtrai,Termonde,155,Bien desservi
Belgique,573,Courtrai,Termonde,155,Bien desservi
Belgique,574,Courtrai,Jette,2,Sous-desservi
Belgique,574,Courtrai,Jette,1,Sous-desservi
Belgique,574,Courtrai,Jette,5,Sous-desservi
Belgique,574,Courtrai,Jette,5,Sous-desservi
Belgique,574,Courtrai,Jette,5,Sous-desservi
Belgique,575,Ath,Courtrai,2,Sous-desservi
Belgique,575,Ath,Courtrai,4,Sous-desservi
Belgique,575,Ath,Courtrai,5,Sous-desservi
Belgique,575,Ath,Courtrai,5,Sous-desservi
Belgique,575,Ath,Courtrai,4,Sous-desservi
Belgique,575,Ath,Courtrai,5,Sous-desservi
Belgique,575,Ath,Courtrai,4,Sous-desservi
Belgique,575,Ath,Courtrai,5,Sous-desservi
Belgique,575,Ath,Courtrai,4,Sous-desservi
Belgique,575,Ath,Courtrai,5,Sous-desservi
Belgique,575,Ath,Courtrai,5,Sous-desservi
Belgique,575,Ath,Courtrai,5,Sous-desservi
Belgique,575,Ath,Courtrai,5,Sous-desservi
Belgique,575,Ath,Courtrai,5,Sous-desservi
Belgique,575,Ath,Courtrai,5,Sous-desservi
Belgique,575,Ath,Courtrai,5,Sous-desservi
Belgique,575,Ath,Courtrai,4,Sous-desservi
Belgique,575,Ath,Courtrai,5,Sous-desservi
Belgique,575,Ath,Courtrai,5,Sous-desservi
Belgique,575,Ath,Courtrai,5,Sous-desservi
Belgique,575,Ath,Courtrai,5,Sous-desservi
Belgique,575,Ath,Courtrai,5,Sous-desservi
Belgique,575,Ath,Courtrai,5,Sous-desservi
Belgique,575,Ath,Courtrai,5,Sous-desservi
Belgique,575,Ath,Courtrai,5,Sous-desservi
Belgique,575,Ath,Courtrai,5,Sous-desservi
Belgique,575,Ath,Courtrai,5,Sous-desservi
Belgique,575,Ath,Courtrai,5,Sous-desservi
Belgique,575,Ath,Courtrai,5,Sous-desservi
Belgique,575,Ath,Courtrai,5,Sous-desservi
Belgique,575,Ath,Courtrai,5,Sous-desservi
Belgique,575,Ath,Courtrai,5,Sous-desservi
Belgique,575,Ath,Courtrai,4,Sous-desservi
Belgique,575,Ath,Courtrai,5,Sous-desservi
Belgique,575,Ath,Courtrai,5,Sous-desservi
Belgique,575,Ath,Courtrai,5,Sous-desservi
Belgique,575,Ath,Courtrai,5,Sous-desservi
Belgique,576,Ath,Termonde,4,Sous-desservi
Belgique,576,Ath,Termonde,8,Desserte Normale
Belgique,576,Ath,Termonde,10,Desserte Normale
Belgique,576,Ath,Termonde,10,Desserte Normale
Belgique,576,Ath,Termonde,8,Desserte Normale
Belgique,576,Ath,Termonde,10,Desserte Normale
Belgique,576,Ath,Termonde,8,Desserte Normale
Belgique,576,Ath,Termonde,10,Desserte Normale
Belgique,576,Ath,Termonde,8,Desserte Normale
Belgique,576,Ath,Termonde,15,Desserte Normale
Belgique,576,Ath,Termonde,10,Desserte Normale
Belgique,576,Ath,Termonde,11,Desserte Normale
Belgique,576,Ath,Termonde,10,Desserte Normale
Belgique,576,Ath,Termonde,10,Desserte Normale
Belgique,576,Ath,Termonde,10,Desserte Normale
Belgique,576,Ath,Termonde,10,Desserte Normale
Belgique,576,Ath,Termonde,8,Desserte Normale
Belgique,576,Ath,Termonde,15,Desserte Normale
Belgique,576,Ath,Termonde,6,Sous-desservi
Belgique,576,Ath,Termonde,10,Desserte Normale
Belgique,576,Ath,Termonde,10,Desserte Normale
Belgique,576,Ath,Termonde,10,Desserte Normale
Belgique,576,Ath,Termonde,10,Desserte Normale
Belgique,576,Ath,Termonde,10,Desserte Normale
Belgique,576,Ath,Termonde,10,Desserte Normale
Belgique,576,Ath,Termonde,10,Desserte Normale
Belgique,576,Ath,Termonde,9,Desserte Normale
Belgique,576,Ath,Termonde,10,Desserte Normale
Belgique,576,Ath,Termonde,8,Desserte Normale
Belgique,576,Ath,Termonde,10,Desserte Normale
Belgique,576,Ath,Termonde,10,Desserte Normale
Belgique,576,Ath,Termonde,10,Desserte Normale
Belgique,576,Ath,Termonde,10,Desserte Normale
Belgique,577,Landen,Louvain,150,Bien desservi
Belgique,578,Landen,Nivelles,59,Bien desservi
Belgique,578,Landen,Nivelles,120,Bien desservi
Belgique,578,Landen,Nivelles,149,Bien desservi
Belgique,578,Landen,Nivelles,150,Bien desservi
Belgique,578,Landen,Nivelles,120,Bien desservi
Belgique,578,Landen,Nivelles,120,Bien desservi
Belgique,578,Landen,Nivelles,118,Bien desservi
Belgique,578,Landen,Nivelles,150,Bien desservi
Belgique,578,Landen,Nivelles,150,Bien desservi
Belgique,578,Landen,Nivelles,150,Bien desservi
Belgique,578,Landen,Nivelles,150,Bien desservi
Belgique,578,Landen,Nivelles,150,Bien desservi
Belgique,578,Landen,Nivelles,150,Bien desservi
Belgique,578,Landen,Nivelles,150,Bien desservi
Belgique,578,Landen,Nivelles,120,Bien desservi
Belgique,578,Landen,Nivelles,150,Bien desservi
Belgique,578,Landen,Nivelles,150,Bien desservi
Belgique,578,Landen,Nivelles,150,Bien desservi
Belgique,578,Landen,Nivelles,150,Bien desservi
Belgique,578,Landen,Nivelles,150,Bien desservi
Belgique,578,Landen,Nivelles,150,Bien desservi
Belgique,578,Landen,Nivelles,150,Bien desservi
Belgique,578,Landen,Nivelles,150,Bien desservi
Belgique,578,Landen,Nivelles,150,Bien desservi
Belgique,578,Landen,Nivelles,150,Bien desservi
Belgique,578,Landen,Nivelles,150,Bien desservi
Belgique,578,Landen,Nivelles,150,Bien desservi
Belgique,578,Landen,Nivelles,150,Bien desservi
Belgique,578,Landen,Nivelles,150,Bien desservi
Belgique,578,Landen,Nivelles,150,Bien desservi
Belgique,578,Landen,Nivelles,120,Bien desservi
Belgique,578,Landen,Nivelles,150,Bien desservi
Belgique,578,Landen,Nivelles,150,Bien desservi
Belgique,578,Landen,Nivelles,150,Bien desservi
Belgique,578,Landen,Nivelles,150,Bien desservi
Belgique,579,Louvain,Nivelles,5,Sous-desservi
Belgique,579,Louvain,Nivelles,8,Desserte Normale
Belgique,579,Louvain,Nivelles,10,Desserte Normale
Belgique,579,Louvain,Nivelles,10,Desserte Normale
Belgique,579,Louvain,Nivelles,8,Desserte Normale
Belgique,579,Louvain,Nivelles,8,Desserte Normale
Belgique,579,Louvain,Nivelles,160,Bien desservi
Belgique,579,Louvain,Nivelles,8,Desserte Normale
Belgique,579,Louvain,Nivelles,10,Desserte Normale
Belgique,579,Louvain,Nivelles,10,Desserte Normale
Belgique,579,Louvain,Nivelles,10,Desserte Normale
Belgique,579,Louvain,Nivelles,10,Desserte Normale
Belgique,579,Louvain,Nivelles,10,Desserte Normale
Belgique,579,Louvain,Nivelles,10,Desserte Normale
Belgique,579,Louvain,Nivelles,10,Desserte Normale
Belgique,579,Louvain,Nivelles,8,Desserte Normale
Belgique,579,Louvain,Nivelles,10,Desserte Normale
Belgique,579,Louvain,Nivelles,10,Desserte Normale
Belgique,579,Louvain,Nivelles,10,Desserte Normale
Belgique,579,Louvain,Nivelles,10,Desserte Normale
Belgique,579,Louvain,Nivelles,10,Desserte Normale
Belgique,579,Louvain,Nivelles,10,Desserte Normale
Belgique,579,Louvain,Nivelles,10,Desserte Normale
Belgique,579,Louvain,Nivelles,10,Desserte Normale
Belgique,579,Louvain,Nivelles,10,Desserte Normale
Belgique,579,Louvain,Nivelles,10,Desserte Normale
Belgique,579,Louvain,Nivelles,10,Desserte Normale
Belgique,579,Louvain,Nivelles,10,Desserte Normale
Belgique,579,Louvain,Nivelles,10,Desserte Normale
Belgique,579,Louvain,Nivelles,10,Desserte Normale
Belgique,579,Louvain,Nivelles,10,Desserte Normale
Belgique,579,Louvain,Nivelles,8,Desserte Normale
Belgique,579,Louvain,Nivelles,10,Desserte Normale
Belgique,579,Louvain,Nivelles,10,Desserte Normale
Belgique,579,Louvain,Nivelles,10,Desserte Normale
Belgique,579,Louvain,Nivelles,10,Desserte Normale
Belgique,58,Anvers-Central,Schaerbeek,76,Bien desservi
Belgique,580,Nivelles,Zaventem,2,Sous-desservi
Belgique,581,Ezemaal,Landen,1,Sous-desservi
Belgique,582,Hal,Malines,2,Sous-desservi
Belgique,582,Hal,Malines,199,Bien desservi
Belgique,582,Hal,Malines,235,Bien desservi
Belgique,582,Hal,Malines,1,Sous-desservi
Belgique,582,Hal,Malines,56,Desserte Normale
Belgique,582,Hal,Malines,28,Desserte Normale
Belgique,582,Hal,Malines,4,Sous-desservi
Belgique,582,Hal,Malines,56,Desserte Normale
Belgique,582,Hal,Malines,56,Desserte Normale
Belgique,582,Hal,Malines,56,Desserte Normale
Belgique,582,Hal,Malines,236,Bien desservi
Belgique,582,Hal,Malines,236,Bien desservi
Belgique,582,Hal,Malines,236,Bien desservi
Belgique,582,Hal,Malines,172,Bien desservi
Belgique,582,Hal,Malines,180,Bien desservi
Belgique,582,Hal,Malines,108,Bien desservi
Belgique,582,Hal,Malines,236,Bien desservi
Belgique,582,Hal,Malines,56,Desserte Normale
Belgique,582,Hal,Malines,56,Desserte Normale
Belgique,582,Hal,Malines,56,Desserte Normale
Belgique,582,Hal,Malines,56,Desserte Normale
Belgique,582,Hal,Malines,56,Desserte Normale
Belgique,582,Hal,Malines,56,Desserte Normale
Belgique,582,Hal,Malines,56,Desserte Normale
Belgique,582,Hal,Malines,56,Desserte Normale
Belgique,582,Hal,Malines,56,Desserte Normale
Belgique,582,Hal,Malines,84,Bien desservi
Belgique,582,Hal,Malines,56,Desserte Normale
Belgique,582,Hal,Malines,56,Desserte Normale
Belgique,582,Hal,Malines,56,Desserte Normale
Belgique,582,Hal,Malines,28,Desserte Normale
Belgique,583,Grammont,Malines,120,Bien desservi
Belgique,583,Grammont,Malines,304,Bien desservi
Belgique,583,Grammont,Malines,241,Bien desservi
Belgique,583,Grammont,Malines,305,Bien desservi
Belgique,583,Grammont,Malines,244,Bien desservi
Belgique,583,Grammont,Malines,305,Bien desservi
Belgique,583,Grammont,Malines,243,Bien desservi
Belgique,583,Grammont,Malines,305,Bien desservi
Belgique,583,Grammont,Malines,305,Bien desservi
Belgique,583,Grammont,Malines,305,Bien desservi
Belgique,583,Grammont,Malines,305,Bien desservi
Belgique,583,Grammont,Malines,72,Bien desservi
Belgique,583,Grammont,Malines,236,Bien desservi
Belgique,583,Grammont,Malines,236,Bien desservi
Belgique,583,Grammont,Malines,305,Bien desservi
Belgique,583,Grammont,Malines,305,Bien desservi
Belgique,583,Grammont,Malines,305,Bien desservi
Belgique,583,Grammont,Malines,305,Bien desservi
Belgique,583,Grammont,Malines,305,Bien desservi
Belgique,583,Grammont,Malines,305,Bien desservi
Belgique,583,Grammont,Malines,305,Bien desservi
Belgique,583,Grammont,Malines,305,Bien desservi
Belgique,583,Grammont,Malines,305,Bien desservi
Belgique,583,Grammont,Malines,305,Bien desservi
Belgique,583,Grammont,Malines,244,Bien desservi
Belgique,583,Grammont,Malines,305,Bien desservi
Belgique,583,Grammont,Malines,305,Bien desservi
Belgique,583,Grammont,Malines,305,Bien desservi
Belgique,583,Grammont,Malines,305,Bien desservi
Belgique,584,Bruxelles-Luxembourg,Hal,56,Desserte Normale
Belgique,584,Bruxelles-Luxembourg,Hal,56,Desserte Normale
Belgique,584,Bruxelles-Luxembourg,Hal,56,Desserte Normale
Belgique,584,Bruxelles-Luxembourg,Hal,56,Desserte Normale
Belgique,584,Bruxelles-Luxembourg,Hal,56,Desserte Normale
Belgique,585,Bruxelles-Luxembourg,Malines,55,Desserte Normale
Belgique,585,Bruxelles-Luxembourg,Malines,28,Desserte Normale
Belgique,585,Bruxelles-Luxembourg,Malines,56,Desserte Normale
Belgique,585,Bruxelles-Luxembourg,Malines,56,Desserte Normale
Belgique,585,Bruxelles-Luxembourg,Malines,28,Desserte Normale
Belgique,586,Huizingen,Malines,1,Sous-desservi
Belgique,587,Bruxelles-Luxembourg,Grammont,2,Sous-desservi
Belgique,587,Bruxelles-Luxembourg,Grammont,5,Sous-desservi
Belgique,587,Bruxelles-Luxembourg,Grammont,4,Sous-desservi
Belgique,587,Bruxelles-Luxembourg,Grammont,5,Sous-desservi
Belgique,587,Bruxelles-Luxembourg,Grammont,4,Sous-desservi
Belgique,587,Bruxelles-Luxembourg,Grammont,5,Sous-desservi
Belgique,587,Bruxelles-Luxembourg,Grammont,4,Sous-desservi
Belgique,587,Bruxelles-Luxembourg,Grammont,5,Sous-desservi
Belgique,587,Bruxelles-Luxembourg,Grammont,5,Sous-desservi
Belgique,587,Bruxelles-Luxembourg,Grammont,5,Sous-desservi
Belgique,587,Bruxelles-Luxembourg,Grammont,5,Sous-desservi
Belgique,587,Bruxelles-Luxembourg,Grammont,56,Desserte Normale
Belgique,587,Bruxelles-Luxembourg,Grammont,5,Sous-desservi
Belgique,587,Bruxelles-Luxembourg,Grammont,5,Sous-desservi
Belgique,587,Bruxelles-Luxembourg,Grammont,5,Sous-desservi
Belgique,587,Bruxelles-Luxembourg,Grammont,5,Sous-desservi
Belgique,587,Bruxelles-Luxembourg,Grammont,5,Sous-desservi
Belgique,587,Bruxelles-Luxembourg,Grammont,5,Sous-desservi
Belgique,587,Bruxelles-Luxembourg,Grammont,5,Sous-desservi
Belgique,587,Bruxelles-Luxembourg,Grammont,5,Sous-desservi
Belgique,587,Bruxelles-Luxembourg,Grammont,5,Sous-desservi
Belgique,587,Bruxelles-Luxembourg,Grammont,5,Sous-desservi
Belgique,587,Bruxelles-Luxembourg,Grammont,4,Sous-desservi
Belgique,587,Bruxelles-Luxembourg,Grammont,5,Sous-desservi
Belgique,587,Bruxelles-Luxembourg,Grammont,5,Sous-desservi
Belgique,587,Bruxelles-Luxembourg,Grammont,5,Sous-desservi
Belgique,587,Bruxelles-Luxembourg,Grammont,5,Sous-desservi
Belgique,588,Grammont,Vilvorde,1,Sous-desservi
Belgique,588,Grammont,Vilvorde,2,Sous-desservi
Belgique,589,Bruxelles-Luxembourg,Vilvorde,1,Sous-desservi
Belgique,59,Hasselt,Landen,140,Bien desservi
Belgique,590,Binche,Schaerbeek,70,Bien desservi
Belgique,590,Binche,Schaerbeek,105,Bien desservi
Belgique,590,Binche,Schaerbeek,70,Bien desservi
Belgique,590,Binche,Schaerbeek,105,Bien desservi
Belgique,590,Binche,Schaerbeek,70,Bien desservi
Belgique,590,Binche,Schaerbeek,14,Desserte Normale
Belgique,590,Binche,Schaerbeek,70,Bien desservi
Belgique,590,Binche,Schaerbeek,70,Bien desservi
Belgique,590,Binche,Schaerbeek,70,Bien desservi
Belgique,590,Binche,Schaerbeek,70,Bien desservi
Belgique,590,Binche,Schaerbeek,51,Desserte Normale
Belgique,590,Binche,Schaerbeek,70,Bien desservi
Belgique,590,Binche,Schaerbeek,14,Desserte Normale
Belgique,590,Binche,Schaerbeek,70,Bien desservi
Belgique,590,Binche,Schaerbeek,70,Bien desservi
Belgique,590,Binche,Schaerbeek,70,Bien desservi
Belgique,590,Binche,Schaerbeek,70,Bien desservi
Belgique,590,Binche,Schaerbeek,70,Bien desservi
Belgique,590,Binche,Schaerbeek,70,Bien desservi
Belgique,590,Binche,Schaerbeek,70,Bien desservi
Belgique,590,Binche,Schaerbeek,70,Bien desservi
Belgique,590,Binche,Schaerbeek,70,Bien desservi
Belgique,590,Binche,Schaerbeek,70,Bien desservi
Belgique,590,Binche,Schaerbeek,70,Bien desservi
Belgique,590,Binche,Schaerbeek,70,Bien desservi
Belgique,590,Binche,Schaerbeek,70,Bien desservi
Belgique,590,Binche,Schaerbeek,105,Bien desservi
Belgique,590,Binche,Schaerbeek,70,Bien desservi
Belgique,590,Binche,Schaerbeek,70,Bien desservi
Belgique,590,Binche,Schaerbeek,70,Bien desservi
Belgique,590,Binche,Schaerbeek,35,Desserte Normale
Belgique,591,Binche,Turnhout,64,Bien desservi
Belgique,591,Binche,Turnhout,128,Bien desservi
Belgique,591,Binche,Turnhout,160,Bien desservi
Belgique,591,Binche,Turnhout,160,Bien desservi
Belgique,591,Binche,Turnhout,128,Bien desservi
Belgique,591,Binche,Turnhout,160,Bien desservi
Belgique,591,Binche,Turnhout,127,Bien desservi
Belgique,591,Binche,Turnhout,160,Bien desservi
Belgique,591,Binche,Turnhout,128,Bien desservi
Belgique,591,Binche,Turnhout,159,Bien desservi
Belgique,591,Binche,Turnhout,160,Bien desservi
Belgique,591,Binche,Turnhout,160,Bien desservi
Belgique,591,Binche,Turnhout,160,Bien desservi
Belgique,591,Binche,Turnhout,160,Bien desservi
Belgique,591,Binche,Turnhout,160,Bien desservi
Belgique,591,Binche,Turnhout,160,Bien desservi
Belgique,591,Binche,Turnhout,128,Bien desservi
Belgique,591,Binche,Turnhout,160,Bien desservi
Belgique,591,Binche,Turnhout,96,Bien desservi
Belgique,591,Binche,Turnhout,160,Bien desservi
Belgique,591,Binche,Turnhout,160,Bien desservi
Belgique,591,Binche,Turnhout,160,Bien desservi
Belgique,591,Binche,Turnhout,160,Bien desservi
Belgique,591,Binche,Turnhout,160,Bien desservi
Belgique,591,Binche,Turnhout,155,Bien desservi
Belgique,591,Binche,Turnhout,160,Bien desservi
Belgique,591,Binche,Turnhout,160,Bien desservi
Belgique,591,Binche,Turnhout,160,Bien desservi
Belgique,591,Binche,Turnhout,160,Bien desservi
Belgique,591,Binche,Turnhout,160,Bien desservi
Belgique,591,Binche,Turnhout,128,Bien desservi
Belgique,591,Binche,Turnhout,160,Bien desservi
Belgique,591,Binche,Turnhout,160,Bien desservi
Belgique,591,Binche,Turnhout,160,Bien desservi
Belgique,591,Binche,Turnhout,160,Bien desservi
Belgique,592,Binche,Hal,70,Bien desservi
Belgique,592,Binche,Hal,70,Bien desservi
Belgique,593,La Louvière-Centre,Schaerbeek,57,Bien desservi
Belgique,594,Hal,Schaerbeek,72,Bien desservi
Belgique,594,Hal,Schaerbeek,72,Bien desservi
Belgique,594,Hal,Schaerbeek,55,Desserte Normale
Belgique,595,Tournai,Turnhout,68,Bien desservi
Belgique,595,Tournai,Turnhout,170,Bien desservi
Belgique,595,Tournai,Turnhout,165,Bien desservi
Belgique,596,Manage,Schaerbeek,57,Bien desservi
Belgique,597,Binche,Herentals,1,Sous-desservi
Belgique,598,Binche,Lierre,5,Sous-desservi
Belgique,599,Lierre,Tournai,5,Sous-desservi
Belgique,6,Courtrai,Tournai,2,Sous-desservi
Belgique,6,Courtrai,Tournai,4,Sous-desservi
Belgique,6,Courtrai,Tournai,5,Sous-desservi
Belgique,6,Courtrai,Tournai,5,Sous-desservi
Belgique,6,Courtrai,Tournai,4,Sous-desservi
Belgique,6,Courtrai,Tournai,5,Sous-desservi
Belgique,6,Courtrai,Tournai,4,Sous-desservi
Belgique,6,Courtrai,Tournai,5,Sous-desservi
Belgique,6,Courtrai,Tournai,4,Sous-desservi
Belgique,6,Courtrai,Tournai,5,Sous-desservi
Belgique,6,Courtrai,Tournai,5,Sous-desservi
Belgique,6,Courtrai,Tournai,5,Sous-desservi
Belgique,6,Courtrai,Tournai,5,Sous-desservi
Belgique,6,Courtrai,Tournai,5,Sous-desservi
Belgique,6,Courtrai,Tournai,5,Sous-desservi
Belgique,6,Courtrai,Tournai,5,Sous-desservi
Belgique,6,Courtrai,Tournai,4,Sous-desservi
Belgique,6,Courtrai,Tournai,5,Sous-desservi
Belgique,6,Courtrai,Tournai,67,Bien desservi
Belgique,6,Courtrai,Tournai,160,Bien desservi
Belgique,6,Courtrai,Tournai,160,Bien desservi
Belgique,6,Courtrai,Tournai,5,Sous-desservi
Belgique,6,Courtrai,Tournai,5,Sous-desservi
Belgique,6,Courtrai,Tournai,5,Sous-desservi
Belgique,6,Courtrai,Tournai,5,Sous-desservi
Belgique,6,Courtrai,Tournai,5,Sous-desservi
Belgique,6,Courtrai,Tournai,5,Sous-desservi
Belgique,6,Courtrai,Tournai,5,Sous-desservi
Belgique,6,Courtrai,Tournai,5,Sous-desservi
Belgique,6,Courtrai,Tournai,5,Sous-desservi
Belgique,6,Courtrai,Tournai,5,Sous-desservi
Belgique,6,Courtrai,Tournai,5,Sous-desservi
Belgique,6,Courtrai,Tournai,4,Sous-desservi
Belgique,6,Courtrai,Tournai,5,Sous-desservi
Belgique,6,Courtrai,Tournai,5,Sous-desservi
Belgique,6,Courtrai,Tournai,5,Sous-desservi
Belgique,6,Courtrai,Tournai,5,Sous-desservi
Belgique,60,Anvers-Central,Lierre,10,Desserte Normale
Belgique,60,Anvers-Central,Lierre,2,Sous-desservi
Belgique,60,Anvers-Central,Lierre,9,Desserte Normale
Belgique,600,Binche,Turnhout,1,Sous-desservi
Belgique,601,La Louvière-Sud,Turnhout,4,Sous-desservi
Belgique,601,La Louvière-Sud,Turnhout,8,Desserte Normale
Belgique,601,La Louvière-Sud,Turnhout,10,Desserte Normale
Belgique,601,La Louvière-Sud,Turnhout,10,Desserte Normale
Belgique,601,La Louvière-Sud,Turnhout,8,Desserte Normale
Belgique,601,La Louvière-Sud,Turnhout,10,Desserte Normale
Belgique,601,La Louvière-Sud,Turnhout,8,Desserte Normale
Belgique,601,La Louvière-Sud,Turnhout,5,Sous-desservi
Belgique,601,La Louvière-Sud,Turnhout,8,Desserte Normale
Belgique,601,La Louvière-Sud,Turnhout,10,Desserte Normale
Belgique,601,La Louvière-Sud,Turnhout,10,Desserte Normale
Belgique,601,La Louvière-Sud,Turnhout,10,Desserte Normale
Belgique,601,La Louvière-Sud,Turnhout,10,Desserte Normale
Belgique,601,La Louvière-Sud,Turnhout,10,Desserte Normale
Belgique,601,La Louvière-Sud,Turnhout,10,Desserte Normale
Belgique,601,La Louvière-Sud,Turnhout,10,Desserte Normale
Belgique,601,La Louvière-Sud,Turnhout,8,Desserte Normale
Belgique,601,La Louvière-Sud,Turnhout,10,Desserte Normale
Belgique,601,La Louvière-Sud,Turnhout,6,Sous-desservi
Belgique,601,La Louvière-Sud,Turnhout,10,Desserte Normale
Belgique,601,La Louvière-Sud,Turnhout,10,Desserte Normale
Belgique,601,La Louvière-Sud,Turnhout,10,Desserte Normale
Belgique,601,La Louvière-Sud,Turnhout,10,Desserte Normale
Belgique,601,La Louvière-Sud,Turnhout,10,Desserte Normale
Belgique,601,La Louvière-Sud,Turnhout,10,Desserte Normale
Belgique,601,La Louvière-Sud,Turnhout,10,Desserte Normale
Belgique,601,La Louvière-Sud,Turnhout,10,Desserte Normale
Belgique,601,La Louvière-Sud,Turnhout,10,Desserte Normale
Belgique,601,La Louvière-Sud,Turnhout,10,Desserte Normale
Belgique,601,La Louvière-Sud,Turnhout,10,Desserte Normale
Belgique,601,La Louvière-Sud,Turnhout,8,Desserte Normale
Belgique,601,La Louvière-Sud,Turnhout,10,Desserte Normale
Belgique,601,La Louvière-Sud,Turnhout,10,Desserte Normale
Belgique,601,La Louvière-Sud,Turnhout,10,Desserte Normale
Belgique,601,La Louvière-Sud,Turnhout,10,Desserte Normale
Belgique,602,La Louvière-Centre,Turnhout,5,Sous-desservi
Belgique,603,Hal,La Louvière-Sud,2,Sous-desservi
Belgique,603,Hal,La Louvière-Sud,2,Sous-desservi
Belgique,604,La Louvière-Sud,Schaerbeek,2,Sous-desservi
Belgique,604,La Louvière-Sud,Schaerbeek,3,Sous-desservi
Belgique,604,La Louvière-Sud,Schaerbeek,2,Sous-desservi
Belgique,604,La Louvière-Sud,Schaerbeek,3,Sous-desservi
Belgique,604,La Louvière-Sud,Schaerbeek,2,Sous-desservi
Belgique,604,La Louvière-Sud,Schaerbeek,1,Sous-desservi
Belgique,604,La Louvière-Sud,Schaerbeek,2,Sous-desservi
Belgique,604,La Louvière-Sud,Schaerbeek,2,Sous-desservi
Belgique,604,La Louvière-Sud,Schaerbeek,2,Sous-desservi
Belgique,604,La Louvière-Sud,Schaerbeek,2,Sous-desservi
Belgique,604,La Louvière-Sud,Schaerbeek,2,Sous-desservi
Belgique,604,La Louvière-Sud,Schaerbeek,2,Sous-desservi
Belgique,604,La Louvière-Sud,Schaerbeek,1,Sous-desservi
Belgique,604,La Louvière-Sud,Schaerbeek,2,Sous-desservi
Belgique,604,La Louvière-Sud,Schaerbeek,2,Sous-desservi
Belgique,604,La Louvière-Sud,Schaerbeek,2,Sous-desservi
Belgique,604,La Louvière-Sud,Schaerbeek,2,Sous-desservi
Belgique,604,La Louvière-Sud,Schaerbeek,2,Sous-desservi
Belgique,604,La Louvière-Sud,Schaerbeek,2,Sous-desservi
Belgique,604,La Louvière-Sud,Schaerbeek,2,Sous-desservi
Belgique,604,La Louvière-Sud,Schaerbeek,2,Sous-desservi
Belgique,604,La Louvière-Sud,Schaerbeek,2,Sous-desservi
Belgique,604,La Louvière-Sud,Schaerbeek,2,Sous-desservi
Belgique,604,La Louvière-Sud,Schaerbeek,2,Sous-desservi
Belgique,604,La Louvière-Sud,Schaerbeek,2,Sous-desservi
Belgique,604,La Louvière-Sud,Schaerbeek,2,Sous-desservi
Belgique,604,La Louvière-Sud,Schaerbeek,3,Sous-desservi
Belgique,604,La Louvière-Sud,Schaerbeek,2,Sous-desservi
Belgique,604,La Louvière-Sud,Schaerbeek,2,Sous-desservi
Belgique,604,La Louvière-Sud,Schaerbeek,2,Sous-desservi
Belgique,604,La Louvière-Sud,Schaerbeek,1,Sous-desservi
Belgique,605,Hal,Vilvorde,56,Desserte Normale
Belgique,605,Hal,Vilvorde,140,Bien desservi
Belgique,605,Hal,Vilvorde,112,Bien desservi
Belgique,605,Hal,Vilvorde,140,Bien desservi
Belgique,605,Hal,Vilvorde,112,Bien desservi
Belgique,605,Hal,Vilvorde,140,Bien desservi
Belgique,605,Hal,Vilvorde,112,Bien desservi
Belgique,605,Hal,Vilvorde,140,Bien desservi
Belgique,605,Hal,Vilvorde,140,Bien desservi
Belgique,605,Hal,Vilvorde,140,Bien desservi
Belgique,605,Hal,Vilvorde,140,Bien desservi
Belgique,605,Hal,Vilvorde,140,Bien desservi
Belgique,605,Hal,Vilvorde,140,Bien desservi
Belgique,605,Hal,Vilvorde,140,Bien desservi
Belgique,605,Hal,Vilvorde,140,Bien desservi
Belgique,605,Hal,Vilvorde,140,Bien desservi
Belgique,605,Hal,Vilvorde,140,Bien desservi
Belgique,605,Hal,Vilvorde,140,Bien desservi
Belgique,605,Hal,Vilvorde,140,Bien desservi
Belgique,605,Hal,Vilvorde,140,Bien desservi
Belgique,605,Hal,Vilvorde,140,Bien desservi
Belgique,605,Hal,Vilvorde,112,Bien desservi
Belgique,605,Hal,Vilvorde,140,Bien desservi
Belgique,605,Hal,Vilvorde,140,Bien desservi
Belgique,605,Hal,Vilvorde,140,Bien desservi
Belgique,605,Hal,Vilvorde,140,Bien desservi
Belgique,606,Enghien,Malines,6,Sous-desservi
Belgique,606,Enghien,Malines,15,Desserte Normale
Belgique,606,Enghien,Malines,12,Desserte Normale
Belgique,606,Enghien,Malines,15,Desserte Normale
Belgique,606,Enghien,Malines,12,Desserte Normale
Belgique,606,Enghien,Malines,15,Desserte Normale
Belgique,606,Enghien,Malines,9,Desserte Normale
Belgique,606,Enghien,Malines,15,Desserte Normale
Belgique,606,Enghien,Malines,15,Desserte Normale
Belgique,606,Enghien,Malines,15,Desserte Normale
Belgique,606,Enghien,Malines,15,Desserte Normale
Belgique,606,Enghien,Malines,15,Desserte Normale
Belgique,606,Enghien,Malines,15,Desserte Normale
Belgique,606,Enghien,Malines,15,Desserte Normale
Belgique,606,Enghien,Malines,15,Desserte Normale
Belgique,606,Enghien,Malines,15,Desserte Normale
Belgique,606,Enghien,Malines,15,Desserte Normale
Belgique,606,Enghien,Malines,15,Desserte Normale
Belgique,606,Enghien,Malines,15,Desserte Normale
Belgique,606,Enghien,Malines,15,Desserte Normale
Belgique,606,Enghien,Malines,15,Desserte Normale
Belgique,606,Enghien,Malines,12,Desserte Normale
Belgique,606,Enghien,Malines,15,Desserte Normale
Belgique,606,Enghien,Malines,15,Desserte Normale
Belgique,606,Enghien,Malines,15,Desserte Normale
Belgique,606,Enghien,Malines,15,Desserte Normale
Belgique,607,Gand-Saint-Pierre,Louvain,72,Bien desservi
Belgique,607,Gand-Saint-Pierre,Louvain,142,Bien desservi
Belgique,607,Gand-Saint-Pierre,Louvain,165,Bien desservi
Belgique,607,Gand-Saint-Pierre,Louvain,165,Bien desservi
Belgique,607,Gand-Saint-Pierre,Louvain,142,Bien desservi
Belgique,607,Gand-Saint-Pierre,Louvain,171,Bien desservi
Belgique,607,Gand-Saint-Pierre,Louvain,136,Bien desservi
Belgique,607,Gand-Saint-Pierre,Louvain,167,Bien desservi
Belgique,607,Gand-Saint-Pierre,Louvain,132,Bien desservi
Belgique,607,Gand-Saint-Pierre,Louvain,171,Bien desservi
Belgique,607,Gand-Saint-Pierre,Louvain,171,Bien desservi
Belgique,607,Gand-Saint-Pierre,Louvain,171,Bien desservi
Belgique,607,Gand-Saint-Pierre,Louvain,171,Bien desservi
Belgique,607,Gand-Saint-Pierre,Louvain,6,Sous-desservi
Belgique,607,Gand-Saint-Pierre,Louvain,171,Bien desservi
Belgique,607,Gand-Saint-Pierre,Louvain,171,Bien desservi
Belgique,607,Gand-Saint-Pierre,Louvain,142,Bien desservi
Belgique,607,Gand-Saint-Pierre,Louvain,233,Bien desservi
Belgique,607,Gand-Saint-Pierre,Louvain,171,Bien desservi
Belgique,607,Gand-Saint-Pierre,Louvain,233,Bien desservi
Belgique,607,Gand-Saint-Pierre,Louvain,171,Bien desservi
Belgique,607,Gand-Saint-Pierre,Louvain,171,Bien desservi
Belgique,607,Gand-Saint-Pierre,Louvain,171,Bien desservi
Belgique,607,Gand-Saint-Pierre,Louvain,171,Bien desservi
Belgique,607,Gand-Saint-Pierre,Louvain,171,Bien desservi
Belgique,607,Gand-Saint-Pierre,Louvain,171,Bien desservi
Belgique,607,Gand-Saint-Pierre,Louvain,171,Bien desservi
Belgique,607,Gand-Saint-Pierre,Louvain,171,Bien desservi
Belgique,607,Gand-Saint-Pierre,Louvain,171,Bien desservi
Belgique,607,Gand-Saint-Pierre,Louvain,171,Bien desservi
Belgique,607,Gand-Saint-Pierre,Louvain,171,Bien desservi
Belgique,607,Gand-Saint-Pierre,Louvain,171,Bien desservi
Belgique,607,Gand-Saint-Pierre,Louvain,142,Bien desservi
Belgique,607,Gand-Saint-Pierre,Louvain,171,Bien desservi
Belgique,607,Gand-Saint-Pierre,Louvain,171,Bien desservi
Belgique,607,Gand-Saint-Pierre,Louvain,171,Bien desservi
Belgique,607,Gand-Saint-Pierre,Louvain,167,Bien desservi
Belgique,608,Bruxelles-Midi,Genk,2,Sous-desservi
Belgique,608,Bruxelles-Midi,Genk,4,Sous-desservi
Belgique,608,Bruxelles-Midi,Genk,5,Sous-desservi
Belgique,608,Bruxelles-Midi,Genk,4,Sous-desservi
Belgique,608,Bruxelles-Midi,Genk,4,Sous-desservi
Belgique,608,Bruxelles-Midi,Genk,5,Sous-desservi
Belgique,608,Bruxelles-Midi,Genk,5,Sous-desservi
Belgique,608,Bruxelles-Midi,Genk,5,Sous-desservi
Belgique,608,Bruxelles-Midi,Genk,5,Sous-desservi
Belgique,608,Bruxelles-Midi,Genk,5,Sous-desservi
Belgique,608,Bruxelles-Midi,Genk,5,Sous-desservi
Belgique,608,Bruxelles-Midi,Genk,5,Sous-desservi
Belgique,608,Bruxelles-Midi,Genk,4,Sous-desservi
Belgique,608,Bruxelles-Midi,Genk,5,Sous-desservi
Belgique,608,Bruxelles-Midi,Genk,5,Sous-desservi
Belgique,608,Bruxelles-Midi,Genk,5,Sous-desservi
Belgique,608,Bruxelles-Midi,Genk,5,Sous-desservi
Belgique,608,Bruxelles-Midi,Genk,5,Sous-desservi
Belgique,608,Bruxelles-Midi,Genk,5,Sous-desservi
Belgique,608,Bruxelles-Midi,Genk,5,Sous-desservi
Belgique,608,Bruxelles-Midi,Genk,5,Sous-desservi
Belgique,608,Bruxelles-Midi,Genk,5,Sous-desservi
Belgique,608,Bruxelles-Midi,Genk,5,Sous-desservi
Belgique,608,Bruxelles-Midi,Genk,5,Sous-desservi
Belgique,608,Bruxelles-Midi,Genk,5,Sous-desservi
Belgique,608,Bruxelles-Midi,Genk,5,Sous-desservi
Belgique,608,Bruxelles-Midi,Genk,5,Sous-desservi
Belgique,608,Bruxelles-Midi,Genk,5,Sous-desservi
Belgique,608,Bruxelles-Midi,Genk,4,Sous-desservi
Belgique,608,Bruxelles-Midi,Genk,5,Sous-desservi
Belgique,608,Bruxelles-Midi,Genk,5,Sous-desservi
Belgique,608,Bruxelles-Midi,Genk,5,Sous-desservi
Belgique,608,Bruxelles-Midi,Genk,5,Sous-desservi
Belgique,609,Bruxelles-Midi,Gand-Saint-Pierre,2,Sous-desservi
Belgique,609,Bruxelles-Midi,Gand-Saint-Pierre,4,Sous-desservi
Belgique,609,Bruxelles-Midi,Gand-Saint-Pierre,5,Sous-desservi
Belgique,609,Bruxelles-Midi,Gand-Saint-Pierre,11,Desserte Normale
Belgique,609,Bruxelles-Midi,Gand-Saint-Pierre,4,Sous-desservi
Belgique,609,Bruxelles-Midi,Gand-Saint-Pierre,5,Sous-desservi
Belgique,609,Bruxelles-Midi,Gand-Saint-Pierre,4,Sous-desservi
Belgique,609,Bruxelles-Midi,Gand-Saint-Pierre,5,Sous-desservi
Belgique,609,Bruxelles-Midi,Gand-Saint-Pierre,4,Sous-desservi
Belgique,609,Bruxelles-Midi,Gand-Saint-Pierre,5,Sous-desservi
Belgique,609,Bruxelles-Midi,Gand-Saint-Pierre,5,Sous-desservi
Belgique,609,Bruxelles-Midi,Gand-Saint-Pierre,5,Sous-desservi
Belgique,609,Bruxelles-Midi,Gand-Saint-Pierre,5,Sous-desservi
Belgique,609,Bruxelles-Midi,Gand-Saint-Pierre,5,Sous-desservi
Belgique,609,Bruxelles-Midi,Gand-Saint-Pierre,5,Sous-desservi
Belgique,609,Bruxelles-Midi,Gand-Saint-Pierre,5,Sous-desservi
Belgique,609,Bruxelles-Midi,Gand-Saint-Pierre,4,Sous-desservi
Belgique,609,Bruxelles-Midi,Gand-Saint-Pierre,5,Sous-desservi
Belgique,609,Bruxelles-Midi,Gand-Saint-Pierre,5,Sous-desservi
Belgique,609,Bruxelles-Midi,Gand-Saint-Pierre,5,Sous-desservi
Belgique,609,Bruxelles-Midi,Gand-Saint-Pierre,5,Sous-desservi
Belgique,609,Bruxelles-Midi,Gand-Saint-Pierre,5,Sous-desservi
Belgique,609,Bruxelles-Midi,Gand-Saint-Pierre,5,Sous-desservi
Belgique,609,Bruxelles-Midi,Gand-Saint-Pierre,5,Sous-desservi
Belgique,609,Bruxelles-Midi,Gand-Saint-Pierre,5,Sous-desservi
Belgique,609,Bruxelles-Midi,Gand-Saint-Pierre,5,Sous-desservi
Belgique,609,Bruxelles-Midi,Gand-Saint-Pierre,5,Sous-desservi
Belgique,609,Bruxelles-Midi,Gand-Saint-Pierre,5,Sous-desservi
Belgique,609,Bruxelles-Midi,Gand-Saint-Pierre,5,Sous-desservi
Belgique,609,Bruxelles-Midi,Gand-Saint-Pierre,5,Sous-desservi
Belgique,609,Bruxelles-Midi,Gand-Saint-Pierre,5,Sous-desservi
Belgique,609,Bruxelles-Midi,Gand-Saint-Pierre,5,Sous-desservi
Belgique,609,Bruxelles-Midi,Gand-Saint-Pierre,4,Sous-desservi
Belgique,609,Bruxelles-Midi,Gand-Saint-Pierre,5,Sous-desservi
Belgique,609,Bruxelles-Midi,Gand-Saint-Pierre,5,Sous-desservi
Belgique,609,Bruxelles-Midi,Gand-Saint-Pierre,5,Sous-desservi
Belgique,609,Bruxelles-Midi,Gand-Saint-Pierre,5,Sous-desservi
Belgique,61,Anvers-Central,Heist-op-den-Berg,4,Sous-desservi
Belgique,610,Bruxelles-Midi,Tongres,8,Desserte Normale
Belgique,610,Bruxelles-Midi,Tongres,10,Desserte Normale
Belgique,610,Bruxelles-Midi,Tongres,10,Desserte Normale
Belgique,611,Bruxelles-Midi,Tirlemont,5,Sous-desservi
Belgique,612,Gand-Saint-Pierre,Tongres,132,Bien desservi
Belgique,612,Gand-Saint-Pierre,Tongres,165,Bien desservi
Belgique,612,Gand-Saint-Pierre,Tongres,164,Bien desservi
Belgique,613,Bruxelles-Midi,La Panne,62,Bien desservi
Belgique,614,La Panne,Schaerbeek,62,Bien desservi
Belgique,614,La Panne,Schaerbeek,58,Bien desservi
Belgique,614,La Panne,Schaerbeek,56,Desserte Normale
Belgique,614,La Panne,Schaerbeek,85,Bien desservi
Belgique,615,La Panne,Louvain,62,Bien desservi
Belgique,615,La Panne,Louvain,92,Bien desservi
Belgique,615,La Panne,Louvain,92,Bien desservi
Belgique,615,La Panne,Louvain,62,Bien desservi
Belgique,615,La Panne,Louvain,34,Desserte Normale
Belgique,615,La Panne,Louvain,6,Sous-desservi
Belgique,615,La Panne,Louvain,7,Desserte Normale
Belgique,615,La Panne,Louvain,62,Bien desservi
Belgique,615,La Panne,Louvain,61,Bien desservi
Belgique,615,La Panne,Louvain,62,Bien desservi
Belgique,615,La Panne,Louvain,62,Bien desservi
Belgique,615,La Panne,Louvain,62,Bien desservi
Belgique,615,La Panne,Louvain,62,Bien desservi
Belgique,615,La Panne,Louvain,62,Bien desservi
Belgique,615,La Panne,Louvain,92,Bien desservi
Belgique,615,La Panne,Louvain,62,Bien desservi
Belgique,615,La Panne,Louvain,62,Bien desservi
Belgique,615,La Panne,Louvain,62,Bien desservi
Belgique,615,La Panne,Louvain,62,Bien desservi
Belgique,615,La Panne,Louvain,62,Bien desservi
Belgique,615,La Panne,Louvain,62,Bien desservi
Belgique,615,La Panne,Louvain,62,Bien desservi
Belgique,615,La Panne,Louvain,62,Bien desservi
Belgique,615,La Panne,Louvain,62,Bien desservi
Belgique,615,La Panne,Louvain,62,Bien desservi
Belgique,615,La Panne,Louvain,62,Bien desservi
Belgique,615,La Panne,Louvain,62,Bien desservi
Belgique,615,La Panne,Louvain,62,Bien desservi
Belgique,615,La Panne,Louvain,92,Bien desservi
Belgique,615,La Panne,Louvain,62,Bien desservi
Belgique,615,La Panne,Louvain,62,Bien desservi
Belgique,615,La Panne,Louvain,62,Bien desservi
Belgique,615,La Panne,Louvain,32,Desserte Normale
Belgique,616,Gand-Saint-Pierre,Wetteren,1,Sous-desservi
Belgique,617,Gand-Saint-Pierre,Tirlemont,173,Bien desservi
Belgique,618,Lichtervelde,Louvain,1,Sous-desservi
Belgique,619,Alost,Gand-Saint-Pierre,2,Sous-desservi
Belgique,619,Alost,Gand-Saint-Pierre,4,Sous-desservi
Belgique,619,Alost,Gand-Saint-Pierre,5,Sous-desservi
Belgique,619,Alost,Gand-Saint-Pierre,5,Sous-desservi
Belgique,619,Alost,Gand-Saint-Pierre,4,Sous-desservi
Belgique,619,Alost,Gand-Saint-Pierre,5,Sous-desservi
Belgique,619,Alost,Gand-Saint-Pierre,4,Sous-desservi
Belgique,619,Alost,Gand-Saint-Pierre,5,Sous-desservi
Belgique,619,Alost,Gand-Saint-Pierre,4,Sous-desservi
Belgique,619,Alost,Gand-Saint-Pierre,5,Sous-desservi
Belgique,619,Alost,Gand-Saint-Pierre,5,Sous-desservi
Belgique,619,Alost,Gand-Saint-Pierre,5,Sous-desservi
Belgique,619,Alost,Gand-Saint-Pierre,5,Sous-desservi
Belgique,619,Alost,Gand-Saint-Pierre,5,Sous-desservi
Belgique,619,Alost,Gand-Saint-Pierre,5,Sous-desservi
Belgique,619,Alost,Gand-Saint-Pierre,5,Sous-desservi
Belgique,619,Alost,Gand-Saint-Pierre,4,Sous-desservi
Belgique,619,Alost,Gand-Saint-Pierre,5,Sous-desservi
Belgique,619,Alost,Gand-Saint-Pierre,5,Sous-desservi
Belgique,619,Alost,Gand-Saint-Pierre,5,Sous-desservi
Belgique,619,Alost,Gand-Saint-Pierre,5,Sous-desservi
Belgique,619,Alost,Gand-Saint-Pierre,5,Sous-desservi
Belgique,619,Alost,Gand-Saint-Pierre,5,Sous-desservi
Belgique,619,Alost,Gand-Saint-Pierre,5,Sous-desservi
Belgique,619,Alost,Gand-Saint-Pierre,5,Sous-desservi
Belgique,619,Alost,Gand-Saint-Pierre,5,Sous-desservi
Belgique,619,Alost,Gand-Saint-Pierre,5,Sous-desservi
Belgique,619,Alost,Gand-Saint-Pierre,5,Sous-desservi
Belgique,619,Alost,Gand-Saint-Pierre,5,Sous-desservi
Belgique,619,Alost,Gand-Saint-Pierre,5,Sous-desservi
Belgique,619,Alost,Gand-Saint-Pierre,5,Sous-desservi
Belgique,619,Alost,Gand-Saint-Pierre,5,Sous-desservi
Belgique,619,Alost,Gand-Saint-Pierre,4,Sous-desservi
Belgique,619,Alost,Gand-Saint-Pierre,5,Sous-desservi
Belgique,619,Alost,Gand-Saint-Pierre,5,Sous-desservi
Belgique,619,Alost,Gand-Saint-Pierre,5,Sous-desservi
Belgique,619,Alost,Gand-Saint-Pierre,5,Sous-desservi
Belgique,62,Anvers-Noorderdokken,Puurs,68,Bien desservi
Belgique,62,Anvers-Noorderdokken,Puurs,68,Bien desservi
Belgique,620,Braine-le-Comte,Louvain,202,Bien desservi
Belgique,620,Braine-le-Comte,Louvain,362,Bien desservi
Belgique,620,Braine-le-Comte,Louvain,325,Bien desservi
Belgique,620,Braine-le-Comte,Louvain,324,Bien desservi
Belgique,620,Braine-le-Comte,Louvain,256,Bien desservi
Belgique,620,Braine-le-Comte,Louvain,421,Bien desservi
Belgique,620,Braine-le-Comte,Louvain,388,Bien desservi
Belgique,620,Braine-le-Comte,Louvain,321,Bien desservi
Belgique,620,Braine-le-Comte,Louvain,354,Bien desservi
Belgique,620,Braine-le-Comte,Louvain,322,Bien desservi
Belgique,620,Braine-le-Comte,Louvain,322,Bien desservi
Belgique,620,Braine-le-Comte,Louvain,420,Bien desservi
Belgique,620,Braine-le-Comte,Louvain,419,Bien desservi
Belgique,620,Braine-le-Comte,Louvain,421,Bien desservi
Belgique,620,Braine-le-Comte,Louvain,421,Bien desservi
Belgique,620,Braine-le-Comte,Louvain,421,Bien desservi
Belgique,620,Braine-le-Comte,Louvain,307,Bien desservi
Belgique,620,Braine-le-Comte,Louvain,421,Bien desservi
Belgique,620,Braine-le-Comte,Louvain,318,Bien desservi
Belgique,620,Braine-le-Comte,Louvain,206,Bien desservi
Belgique,620,Braine-le-Comte,Louvain,210,Bien desservi
Belgique,620,Braine-le-Comte,Louvain,421,Bien desservi
Belgique,620,Braine-le-Comte,Louvain,394,Bien desservi
Belgique,620,Braine-le-Comte,Louvain,394,Bien desservi
Belgique,620,Braine-le-Comte,Louvain,421,Bien desservi
Belgique,620,Braine-le-Comte,Louvain,421,Bien desservi
Belgique,620,Braine-le-Comte,Louvain,421,Bien desservi
Belgique,620,Braine-le-Comte,Louvain,421,Bien desservi
Belgique,620,Braine-le-Comte,Louvain,421,Bien desservi
Belgique,620,Braine-le-Comte,Louvain,421,Bien desservi
Belgique,620,Braine-le-Comte,Louvain,421,Bien desservi
Belgique,620,Braine-le-Comte,Louvain,421,Bien desservi
Belgique,620,Braine-le-Comte,Louvain,390,Bien desservi
Belgique,620,Braine-le-Comte,Louvain,421,Bien desservi
Belgique,620,Braine-le-Comte,Louvain,421,Bien desservi
Belgique,620,Braine-le-Comte,Louvain,421,Bien desservi
Belgique,620,Braine-le-Comte,Louvain,387,Bien desservi
Belgique,621,Bruxelles-Midi,Louvain,30,Desserte Normale
Belgique,621,Bruxelles-Midi,Louvain,33,Desserte Normale
Belgique,621,Bruxelles-Midi,Louvain,3,Sous-desservi
Belgique,621,Bruxelles-Midi,Louvain,3,Sous-desservi
Belgique,621,Bruxelles-Midi,Louvain,8,Desserte Normale
Belgique,621,Bruxelles-Midi,Louvain,74,Bien desservi
Belgique,621,Bruxelles-Midi,Louvain,40,Desserte Normale
Belgique,621,Bruxelles-Midi,Louvain,3,Sous-desservi
Belgique,621,Bruxelles-Midi,Louvain,3,Sous-desservi
Belgique,621,Bruxelles-Midi,Louvain,3,Sous-desservi
Belgique,621,Bruxelles-Midi,Louvain,3,Sous-desservi
Belgique,621,Bruxelles-Midi,Louvain,3,Sous-desservi
Belgique,621,Bruxelles-Midi,Louvain,3,Sous-desservi
Belgique,621,Bruxelles-Midi,Louvain,3,Sous-desservi
Belgique,621,Bruxelles-Midi,Louvain,5,Sous-desservi
Belgique,621,Bruxelles-Midi,Louvain,3,Sous-desservi
Belgique,621,Bruxelles-Midi,Louvain,106,Bien desservi
Belgique,621,Bruxelles-Midi,Louvain,188,Bien desservi
Belgique,621,Bruxelles-Midi,Louvain,214,Bien desservi
Belgique,621,Bruxelles-Midi,Louvain,3,Sous-desservi
Belgique,621,Bruxelles-Midi,Louvain,3,Sous-desservi
Belgique,621,Bruxelles-Midi,Louvain,3,Sous-desservi
Belgique,621,Bruxelles-Midi,Louvain,3,Sous-desservi
Belgique,621,Bruxelles-Midi,Louvain,3,Sous-desservi
Belgique,621,Bruxelles-Midi,Louvain,3,Sous-desservi
Belgique,621,Bruxelles-Midi,Louvain,3,Sous-desservi
Belgique,621,Bruxelles-Midi,Louvain,3,Sous-desservi
Belgique,621,Bruxelles-Midi,Louvain,3,Sous-desservi
Belgique,621,Bruxelles-Midi,Louvain,3,Sous-desservi
Belgique,621,Bruxelles-Midi,Louvain,3,Sous-desservi
Belgique,621,Bruxelles-Midi,Louvain,5,Sous-desservi
Belgique,621,Bruxelles-Midi,Louvain,3,Sous-desservi
Belgique,621,Bruxelles-Midi,Louvain,3,Sous-desservi
Belgique,621,Bruxelles-Midi,Louvain,3,Sous-desservi
Belgique,621,Bruxelles-Midi,Louvain,1,Sous-desservi
Belgique,622,Bruxelles-Nord,Louvain,27,Desserte Normale
Belgique,622,Bruxelles-Nord,Louvain,27,Desserte Normale
Belgique,622,Bruxelles-Nord,Louvain,27,Desserte Normale
Belgique,622,Bruxelles-Nord,Louvain,27,Desserte Normale
Belgique,623,Braine-le-Comte,Schaerbeek,69,Bien desservi
Belgique,623,Braine-le-Comte,Schaerbeek,95,Bien desservi
Belgique,623,Braine-le-Comte,Schaerbeek,130,Bien desservi
Belgique,623,Braine-le-Comte,Schaerbeek,1,Sous-desservi
Belgique,623,Braine-le-Comte,Schaerbeek,1,Sous-desservi
Belgique,624,Hal,Louvain,1,Sous-desservi
Belgique,624,Hal,Louvain,1,Sous-desservi
Belgique,624,Hal,Louvain,1,Sous-desservi
Belgique,624,Hal,Louvain,1,Sous-desservi
Belgique,624,Hal,Louvain,1,Sous-desservi
Belgique,624,Hal,Louvain,1,Sous-desservi
Belgique,624,Hal,Louvain,73,Bien desservi
Belgique,624,Hal,Louvain,73,Bien desservi
Belgique,624,Hal,Louvain,2,Sous-desservi
Belgique,624,Hal,Louvain,3,Sous-desservi
Belgique,624,Hal,Louvain,1,Sous-desservi
Belgique,624,Hal,Louvain,1,Sous-desservi
Belgique,624,Hal,Louvain,1,Sous-desservi
Belgique,624,Hal,Louvain,84,Bien desservi
Belgique,624,Hal,Louvain,1,Sous-desservi
Belgique,624,Hal,Louvain,1,Sous-desservi
Belgique,624,Hal,Louvain,1,Sous-desservi
Belgique,624,Hal,Louvain,1,Sous-desservi
Belgique,624,Hal,Louvain,1,Sous-desservi
Belgique,624,Hal,Louvain,1,Sous-desservi
Belgique,624,Hal,Louvain,1,Sous-desservi
Belgique,624,Hal,Louvain,1,Sous-desservi
Belgique,624,Hal,Louvain,1,Sous-desservi
Belgique,624,Hal,Louvain,1,Sous-desservi
Belgique,624,Hal,Louvain,1,Sous-desservi
Belgique,624,Hal,Louvain,1,Sous-desservi
Belgique,624,Hal,Louvain,1,Sous-desservi
Belgique,624,Hal,Louvain,1,Sous-desservi
Belgique,624,Hal,Louvain,1,Sous-desservi
Belgique,624,Hal,Louvain,1,Sous-desservi
Belgique,624,Hal,Louvain,1,Sous-desservi
Belgique,624,Hal,Louvain,1,Sous-desservi
Belgique,625,Braine-le-Comte,Ruisbroek,1,Sous-desservi
Belgique,626,Bruxelles-Midi,Schaerbeek,2,Sous-desservi
Belgique,626,Bruxelles-Midi,Schaerbeek,3,Sous-desservi
Belgique,626,Bruxelles-Midi,Schaerbeek,5,Sous-desservi
Belgique,626,Bruxelles-Midi,Schaerbeek,1,Sous-desservi
Belgique,627,Brussels Airport-Zaventem,Mons,146,Bien desservi
Belgique,627,Brussels Airport-Zaventem,Mons,184,Bien desservi
Belgique,627,Brussels Airport-Zaventem,Mons,255,Bien desservi
Belgique,627,Brussels Airport-Zaventem,Mons,256,Bien desservi
Belgique,627,Brussels Airport-Zaventem,Mons,254,Bien desservi
Belgique,627,Brussels Airport-Zaventem,Mons,256,Bien desservi
Belgique,627,Brussels Airport-Zaventem,Mons,244,Bien desservi
Belgique,627,Brussels Airport-Zaventem,Mons,185,Bien desservi
Belgique,627,Brussels Airport-Zaventem,Mons,219,Bien desservi
Belgique,627,Brussels Airport-Zaventem,Mons,185,Bien desservi
Belgique,627,Brussels Airport-Zaventem,Mons,185,Bien desservi
Belgique,627,Brussels Airport-Zaventem,Mons,257,Bien desservi
Belgique,627,Brussels Airport-Zaventem,Mons,257,Bien desservi
Belgique,627,Brussels Airport-Zaventem,Mons,257,Bien desservi
Belgique,627,Brussels Airport-Zaventem,Mons,203,Bien desservi
Belgique,627,Brussels Airport-Zaventem,Mons,247,Bien desservi
Belgique,627,Brussels Airport-Zaventem,Mons,191,Bien desservi
Belgique,627,Brussels Airport-Zaventem,Mons,199,Bien desservi
Belgique,627,Brussels Airport-Zaventem,Mons,257,Bien desservi
Belgique,627,Brussels Airport-Zaventem,Mons,257,Bien desservi
Belgique,627,Brussels Airport-Zaventem,Mons,257,Bien desservi
Belgique,627,Brussels Airport-Zaventem,Mons,249,Bien desservi
Belgique,627,Brussels Airport-Zaventem,Mons,257,Bien desservi
Belgique,627,Brussels Airport-Zaventem,Mons,257,Bien desservi
Belgique,627,Brussels Airport-Zaventem,Mons,257,Bien desservi
Belgique,627,Brussels Airport-Zaventem,Mons,257,Bien desservi
Belgique,627,Brussels Airport-Zaventem,Mons,257,Bien desservi
Belgique,627,Brussels Airport-Zaventem,Mons,257,Bien desservi
Belgique,627,Brussels Airport-Zaventem,Mons,257,Bien desservi
Belgique,627,Brussels Airport-Zaventem,Mons,257,Bien desservi
Belgique,627,Brussels Airport-Zaventem,Mons,257,Bien desservi
Belgique,627,Brussels Airport-Zaventem,Mons,257,Bien desservi
Belgique,627,Brussels Airport-Zaventem,Mons,256,Bien desservi
Belgique,627,Brussels Airport-Zaventem,Mons,257,Bien desservi
Belgique,627,Brussels Airport-Zaventem,Mons,257,Bien desservi
Belgique,627,Brussels Airport-Zaventem,Mons,257,Bien desservi
Belgique,627,Brussels Airport-Zaventem,Mons,221,Bien desservi
Belgique,628,Brussels Airport-Zaventem,Soignies,58,Bien desservi
Belgique,629,Brussels Airport-Zaventem,Quévy,2,Sous-desservi
Belgique,629,Brussels Airport-Zaventem,Quévy,4,Sous-desservi
Belgique,629,Brussels Airport-Zaventem,Quévy,5,Sous-desservi
Belgique,629,Brussels Airport-Zaventem,Quévy,5,Sous-desservi
Belgique,629,Brussels Airport-Zaventem,Quévy,4,Sous-desservi
Belgique,629,Brussels Airport-Zaventem,Quévy,5,Sous-desservi
Belgique,629,Brussels Airport-Zaventem,Quévy,4,Sous-desservi
Belgique,629,Brussels Airport-Zaventem,Quévy,5,Sous-desservi
Belgique,629,Brussels Airport-Zaventem,Quévy,4,Sous-desservi
Belgique,629,Brussels Airport-Zaventem,Quévy,5,Sous-desservi
Belgique,629,Brussels Airport-Zaventem,Quévy,5,Sous-desservi
Belgique,629,Brussels Airport-Zaventem,Quévy,5,Sous-desservi
Belgique,629,Brussels Airport-Zaventem,Quévy,5,Sous-desservi
Belgique,629,Brussels Airport-Zaventem,Quévy,5,Sous-desservi
Belgique,629,Brussels Airport-Zaventem,Quévy,5,Sous-desservi
Belgique,629,Brussels Airport-Zaventem,Quévy,5,Sous-desservi
Belgique,629,Brussels Airport-Zaventem,Quévy,4,Sous-desservi
Belgique,629,Brussels Airport-Zaventem,Quévy,5,Sous-desservi
Belgique,629,Brussels Airport-Zaventem,Quévy,5,Sous-desservi
Belgique,629,Brussels Airport-Zaventem,Quévy,5,Sous-desservi
Belgique,629,Brussels Airport-Zaventem,Quévy,5,Sous-desservi
Belgique,629,Brussels Airport-Zaventem,Quévy,5,Sous-desservi
Belgique,629,Brussels Airport-Zaventem,Quévy,5,Sous-desservi
Belgique,629,Brussels Airport-Zaventem,Quévy,5,Sous-desservi
Belgique,629,Brussels Airport-Zaventem,Quévy,5,Sous-desservi
Belgique,629,Brussels Airport-Zaventem,Quévy,5,Sous-desservi
Belgique,629,Brussels Airport-Zaventem,Quévy,5,Sous-desservi
Belgique,629,Brussels Airport-Zaventem,Quévy,5,Sous-desservi
Belgique,629,Brussels Airport-Zaventem,Quévy,5,Sous-desservi
Belgique,629,Brussels Airport-Zaventem,Quévy,5,Sous-desservi
Belgique,629,Brussels Airport-Zaventem,Quévy,5,Sous-desservi
Belgique,629,Brussels Airport-Zaventem,Quévy,5,Sous-desservi
Belgique,629,Brussels Airport-Zaventem,Quévy,4,Sous-desservi
Belgique,629,Brussels Airport-Zaventem,Quévy,5,Sous-desservi
Belgique,629,Brussels Airport-Zaventem,Quévy,5,Sous-desservi
Belgique,629,Brussels Airport-Zaventem,Quévy,5,Sous-desservi
Belgique,629,Brussels Airport-Zaventem,Quévy,5,Sous-desservi
Belgique,63,Heist-op-den-Berg,Louvain,10,Desserte Normale
Belgique,63,Heist-op-den-Berg,Louvain,68,Bien desservi
Belgique,63,Heist-op-den-Berg,Louvain,10,Desserte Normale
Belgique,630,Braine-le-Comte,Brussels Airport-Zaventem,54,Desserte Normale
Belgique,630,Braine-le-Comte,Brussels Airport-Zaventem,8,Desserte Normale
Belgique,631,Brussels Airport-Zaventem,Bruxelles-Nord,1,Sous-desservi
Belgique,632,Brussels Airport-Zaventem,Saint-Ghislain,10,Desserte Normale
Belgique,632,Brussels Airport-Zaventem,Saint-Ghislain,10,Desserte Normale
Belgique,633,Bruxelles-Nord,Mons,1,Sous-desservi
Belgique,633,Bruxelles-Nord,Mons,2,Sous-desservi
Belgique,634,Mons,Schaerbeek,12,Desserte Normale
Belgique,635,Brussels Airport-Zaventem,Mons,1,Sous-desservi
Belgique,635,Brussels Airport-Zaventem,Mons,1,Sous-desservi
Belgique,636,Herstal,Mons,68,Bien desservi
Belgique,636,Herstal,Mons,136,Bien desservi
Belgique,636,Herstal,Mons,170,Bien desservi
Belgique,636,Herstal,Mons,166,Bien desservi
Belgique,636,Herstal,Mons,136,Bien desservi
Belgique,636,Herstal,Mons,170,Bien desservi
Belgique,636,Herstal,Mons,136,Bien desservi
Belgique,636,Herstal,Mons,165,Bien desservi
Belgique,636,Herstal,Mons,136,Bien desservi
Belgique,636,Herstal,Mons,170,Bien desservi
Belgique,636,Herstal,Mons,170,Bien desservi
Belgique,636,Herstal,Mons,170,Bien desservi
Belgique,636,Herstal,Mons,169,Bien desservi
Belgique,636,Herstal,Mons,162,Bien desservi
Belgique,636,Herstal,Mons,166,Bien desservi
Belgique,636,Herstal,Mons,170,Bien desservi
Belgique,636,Herstal,Mons,136,Bien desservi
Belgique,636,Herstal,Mons,170,Bien desservi
Belgique,636,Herstal,Mons,165,Bien desservi
Belgique,636,Herstal,Mons,170,Bien desservi
Belgique,636,Herstal,Mons,170,Bien desservi
Belgique,636,Herstal,Mons,170,Bien desservi
Belgique,636,Herstal,Mons,170,Bien desservi
Belgique,636,Herstal,Mons,170,Bien desservi
Belgique,636,Herstal,Mons,170,Bien desservi
Belgique,636,Herstal,Mons,170,Bien desservi
Belgique,636,Herstal,Mons,170,Bien desservi
Belgique,636,Herstal,Mons,170,Bien desservi
Belgique,636,Herstal,Mons,170,Bien desservi
Belgique,636,Herstal,Mons,170,Bien desservi
Belgique,636,Herstal,Mons,170,Bien desservi
Belgique,636,Herstal,Mons,170,Bien desservi
Belgique,636,Herstal,Mons,136,Bien desservi
Belgique,636,Herstal,Mons,170,Bien desservi
Belgique,636,Herstal,Mons,170,Bien desservi
Belgique,636,Herstal,Mons,170,Bien desservi
Belgique,636,Herstal,Mons,170,Bien desservi
Belgique,637,Namur,Statte,4,Sous-desservi
Belgique,637,Namur,Statte,6,Sous-desservi
Belgique,637,Namur,Statte,4,Sous-desservi
Belgique,637,Namur,Statte,4,Sous-desservi
Belgique,637,Namur,Statte,4,Sous-desservi
Belgique,638,Flémalle-Haute,Namur,4,Sous-desservi
Belgique,638,Flémalle-Haute,Namur,6,Sous-desservi
Belgique,639,Mons,Statte,2,Sous-desservi
Belgique,639,Mons,Statte,3,Sous-desservi
Belgique,639,Mons,Statte,2,Sous-desservi
Belgique,639,Mons,Statte,2,Sous-desservi
Belgique,639,Mons,Statte,2,Sous-desservi
Belgique,64,Louvain,Schaerbeek,1,Sous-desservi
Belgique,64,Louvain,Schaerbeek,72,Bien desservi
Belgique,64,Louvain,Schaerbeek,72,Bien desservi
Belgique,640,Flémalle-Haute,Mons,2,Sous-desservi
Belgique,640,Flémalle-Haute,Mons,3,Sous-desservi
Belgique,641,La Louvière-Sud,Liers,51,Desserte Normale
Belgique,641,La Louvière-Sud,Liers,62,Bien desservi
Belgique,641,La Louvière-Sud,Liers,62,Bien desservi
Belgique,642,Mouscron,Statte,60,Bien desservi
Belgique,642,Mouscron,Statte,90,Bien desservi
Belgique,642,Mouscron,Statte,60,Bien desservi
Belgique,642,Mouscron,Statte,60,Bien desservi
Belgique,642,Mouscron,Statte,60,Bien desservi
Belgique,643,Blaton,Flémalle-Haute,90,Bien desservi
Belgique,644,Flémalle-Haute,Mouscron,60,Bien desservi
Belgique,645,Mouscron,Tamines,64,Bien desservi
Belgique,645,Mouscron,Tamines,32,Desserte Normale
Belgique,645,Mouscron,Tamines,2,Sous-desservi
Belgique,646,Liers,Mouscron,30,Desserte Normale
Belgique,646,Liers,Mouscron,59,Bien desservi
Belgique,646,Liers,Mouscron,11,Desserte Normale
Belgique,646,Liers,Mouscron,11,Desserte Normale
Belgique,646,Liers,Mouscron,11,Desserte Normale
Belgique,646,Liers,Mouscron,60,Bien desservi
Belgique,646,Liers,Mouscron,90,Bien desservi
Belgique,646,Liers,Mouscron,60,Bien desservi
Belgique,646,Liers,Mouscron,58,Bien desservi
Belgique,646,Liers,Mouscron,60,Bien desservi
Belgique,646,Liers,Mouscron,12,Desserte Normale
Belgique,646,Liers,Mouscron,60,Bien desservi
Belgique,646,Liers,Mouscron,60,Bien desservi
Belgique,646,Liers,Mouscron,60,Bien desservi
Belgique,646,Liers,Mouscron,60,Bien desservi
Belgique,646,Liers,Mouscron,60,Bien desservi
Belgique,646,Liers,Mouscron,60,Bien desservi
Belgique,646,Liers,Mouscron,60,Bien desservi
Belgique,646,Liers,Mouscron,60,Bien desservi
Belgique,646,Liers,Mouscron,60,Bien desservi
Belgique,646,Liers,Mouscron,90,Bien desservi
Belgique,646,Liers,Mouscron,60,Bien desservi
Belgique,646,Liers,Mouscron,60,Bien desservi
Belgique,646,Liers,Mouscron,60,Bien desservi
Belgique,646,Liers,Mouscron,30,Desserte Normale
Belgique,647,Liers,Tournai,49,Desserte Normale
Belgique,647,Liers,Tournai,45,Desserte Normale
Belgique,648,Mouscron,Namur,6,Sous-desservi
Belgique,648,Mouscron,Namur,10,Desserte Normale
Belgique,648,Mouscron,Namur,9,Desserte Normale
Belgique,648,Mouscron,Namur,9,Desserte Normale
Belgique,648,Mouscron,Namur,4,Sous-desservi
Belgique,648,Mouscron,Namur,9,Desserte Normale
Belgique,648,Mouscron,Namur,6,Sous-desservi
Belgique,648,Mouscron,Namur,5,Sous-desservi
Belgique,648,Mouscron,Namur,8,Desserte Normale
Belgique,648,Mouscron,Namur,69,Bien desservi
Belgique,648,Mouscron,Namur,6,Sous-desservi
Belgique,648,Mouscron,Namur,6,Sous-desservi
Belgique,648,Mouscron,Namur,5,Sous-desservi
Belgique,648,Mouscron,Namur,5,Sous-desservi
Belgique,648,Mouscron,Namur,6,Sous-desservi
Belgique,648,Mouscron,Namur,9,Desserte Normale
Belgique,648,Mouscron,Namur,10,Desserte Normale
Belgique,648,Mouscron,Namur,9,Desserte Normale
Belgique,648,Mouscron,Namur,5,Sous-desservi
Belgique,648,Mouscron,Namur,9,Desserte Normale
Belgique,648,Mouscron,Namur,9,Desserte Normale
Belgique,648,Mouscron,Namur,9,Desserte Normale
Belgique,648,Mouscron,Namur,6,Sous-desservi
Belgique,648,Mouscron,Namur,9,Desserte Normale
Belgique,648,Mouscron,Namur,9,Desserte Normale
Belgique,648,Mouscron,Namur,9,Desserte Normale
Belgique,648,Mouscron,Namur,9,Desserte Normale
Belgique,648,Mouscron,Namur,9,Desserte Normale
Belgique,648,Mouscron,Namur,9,Desserte Normale
Belgique,648,Mouscron,Namur,9,Desserte Normale
Belgique,648,Mouscron,Namur,9,Desserte Normale
Belgique,648,Mouscron,Namur,9,Desserte Normale
Belgique,648,Mouscron,Namur,10,Desserte Normale
Belgique,648,Mouscron,Namur,9,Desserte Normale
Belgique,648,Mouscron,Namur,9,Desserte Normale
Belgique,648,Mouscron,Namur,9,Desserte Normale
Belgique,648,Mouscron,Namur,7,Desserte Normale
Belgique,649,Liers,Saint-Ghislain,49,Desserte Normale
Belgique,65,Hamont,Herentals,68,Bien desservi
Belgique,65,Hamont,Herentals,68,Bien desservi
Belgique,650,Tamines,Tournai,16,Desserte Normale
Belgique,651,Liers,Mouscron,1,Sous-desservi
Belgique,652,Liège-Guillemins,Mons,4,Sous-desservi
Belgique,652,Liège-Guillemins,Mons,5,Sous-desservi
Belgique,653,Blaton,Namur,6,Sous-desservi
Belgique,654,La Louvière-Sud,Namur,3,Sous-desservi
Belgique,654,La Louvière-Sud,Namur,4,Sous-desservi
Belgique,654,La Louvière-Sud,Namur,6,Sous-desservi
Belgique,654,La Louvière-Sud,Namur,5,Sous-desservi
Belgique,655,Namur,Saint-Ghislain,3,Sous-desservi
Belgique,655,Namur,Saint-Ghislain,3,Sous-desservi
Belgique,655,Namur,Saint-Ghislain,5,Sous-desservi
Belgique,656,Blaton,Mons,3,Sous-desservi
Belgique,657,Mons,Saint-Ghislain,1,Sous-desservi
Belgique,658,Mons,Tournai,2,Sous-desservi
Belgique,658,Mons,Tournai,2,Sous-desservi
Belgique,659,Charleroi-Central,La Louvière-Sud,5,Sous-desservi
Belgique,659,Charleroi-Central,La Louvière-Sud,2,Sous-desservi
Belgique,659,Charleroi-Central,La Louvière-Sud,2,Sous-desservi
Belgique,659,Charleroi-Central,La Louvière-Sud,4,Sous-desservi
Belgique,659,Charleroi-Central,La Louvière-Sud,4,Sous-desservi
Belgique,659,Charleroi-Central,La Louvière-Sud,5,Sous-desservi
Belgique,66,Liers,Liège-Guillemins,1,Sous-desservi
Belgique,66,Liers,Liège-Guillemins,3,Sous-desservi
Belgique,66,Liers,Liège-Guillemins,1,Sous-desservi
Belgique,66,Liers,Liège-Guillemins,1,Sous-desservi
Belgique,66,Liers,Liège-Guillemins,4,Sous-desservi
Belgique,66,Liers,Liège-Guillemins,2,Sous-desservi
Belgique,66,Liers,Liège-Guillemins,26,Desserte Normale
Belgique,66,Liers,Liège-Guillemins,10,Desserte Normale
Belgique,66,Liers,Liège-Guillemins,64,Bien desservi
Belgique,66,Liers,Liège-Guillemins,64,Bien desservi
Belgique,660,Blaton,Charleroi-Central,3,Sous-desservi
Belgique,661,Charleroi-Central,Saint-Ghislain,2,Sous-desservi
Belgique,662,Charleroi-Central,Tournai,2,Sous-desservi
Belgique,662,Charleroi-Central,Tournai,2,Sous-desservi
Belgique,663,Herstal,La Louvière-Sud,5,Sous-desservi
Belgique,663,Herstal,La Louvière-Sud,1,Sous-desservi
Belgique,663,Herstal,La Louvière-Sud,3,Sous-desservi
Belgique,663,Herstal,La Louvière-Sud,4,Sous-desservi
Belgique,663,Herstal,La Louvière-Sud,5,Sous-desservi
Belgique,664,Charleroi-Central,Herstal,2,Sous-desservi
Belgique,664,Charleroi-Central,Herstal,4,Sous-desservi
Belgique,664,Charleroi-Central,Herstal,5,Sous-desservi
Belgique,664,Charleroi-Central,Herstal,5,Sous-desservi
Belgique,664,Charleroi-Central,Herstal,4,Sous-desservi
Belgique,664,Charleroi-Central,Herstal,5,Sous-desservi
Belgique,664,Charleroi-Central,Herstal,5,Sous-desservi
Belgique,664,Charleroi-Central,Herstal,4,Sous-desservi
Belgique,664,Charleroi-Central,Herstal,5,Sous-desservi
Belgique,664,Charleroi-Central,Herstal,5,Sous-desservi
Belgique,664,Charleroi-Central,Herstal,5,Sous-desservi
Belgique,664,Charleroi-Central,Herstal,5,Sous-desservi
Belgique,664,Charleroi-Central,Herstal,5,Sous-desservi
Belgique,664,Charleroi-Central,Herstal,5,Sous-desservi
Belgique,664,Charleroi-Central,Herstal,5,Sous-desservi
Belgique,664,Charleroi-Central,Herstal,4,Sous-desservi
Belgique,664,Charleroi-Central,Herstal,5,Sous-desservi
Belgique,664,Charleroi-Central,Herstal,5,Sous-desservi
Belgique,664,Charleroi-Central,Herstal,1,Sous-desservi
Belgique,664,Charleroi-Central,Herstal,5,Sous-desservi
Belgique,664,Charleroi-Central,Herstal,5,Sous-desservi
Belgique,664,Charleroi-Central,Herstal,5,Sous-desservi
Belgique,664,Charleroi-Central,Herstal,5,Sous-desservi
Belgique,664,Charleroi-Central,Herstal,5,Sous-desservi
Belgique,664,Charleroi-Central,Herstal,5,Sous-desservi
Belgique,664,Charleroi-Central,Herstal,5,Sous-desservi
Belgique,664,Charleroi-Central,Herstal,5,Sous-desservi
Belgique,664,Charleroi-Central,Herstal,5,Sous-desservi
Belgique,664,Charleroi-Central,Herstal,5,Sous-desservi
Belgique,664,Charleroi-Central,Herstal,5,Sous-desservi
Belgique,664,Charleroi-Central,Herstal,5,Sous-desservi
Belgique,664,Charleroi-Central,Herstal,4,Sous-desservi
Belgique,664,Charleroi-Central,Herstal,5,Sous-desservi
Belgique,664,Charleroi-Central,Herstal,5,Sous-desservi
Belgique,664,Charleroi-Central,Herstal,5,Sous-desservi
Belgique,664,Charleroi-Central,Herstal,5,Sous-desservi
Belgique,665,Charleroi-Central,Statte,2,Sous-desservi
Belgique,665,Charleroi-Central,Statte,3,Sous-desservi
Belgique,665,Charleroi-Central,Statte,2,Sous-desservi
Belgique,665,Charleroi-Central,Statte,2,Sous-desservi
Belgique,665,Charleroi-Central,Statte,2,Sous-desservi
Belgique,666,Charleroi-Central,Flémalle-Haute,2,Sous-desservi
Belgique,666,Charleroi-Central,Flémalle-Haute,3,Sous-desservi
Belgique,667,Charleroi-Central,Liers,1,Sous-desservi
Belgique,667,Charleroi-Central,Liers,2,Sous-desservi
Belgique,667,Charleroi-Central,Liers,2,Sous-desservi
Belgique,667,Charleroi-Central,Liers,2,Sous-desservi
Belgique,667,Charleroi-Central,Liers,2,Sous-desservi
Belgique,667,Charleroi-Central,Liers,2,Sous-desservi
Belgique,667,Charleroi-Central,Liers,2,Sous-desservi
Belgique,667,Charleroi-Central,Liers,2,Sous-desservi
Belgique,667,Charleroi-Central,Liers,3,Sous-desservi
Belgique,667,Charleroi-Central,Liers,2,Sous-desservi
Belgique,667,Charleroi-Central,Liers,2,Sous-desservi
Belgique,667,Charleroi-Central,Liers,2,Sous-desservi
Belgique,667,Charleroi-Central,Liers,2,Sous-desservi
Belgique,667,Charleroi-Central,Liers,2,Sous-desservi
Belgique,667,Charleroi-Central,Liers,2,Sous-desservi
Belgique,667,Charleroi-Central,Liers,2,Sous-desservi
Belgique,667,Charleroi-Central,Liers,2,Sous-desservi
Belgique,667,Charleroi-Central,Liers,2,Sous-desservi
Belgique,667,Charleroi-Central,Liers,2,Sous-desservi
Belgique,667,Charleroi-Central,Liers,2,Sous-desservi
Belgique,667,Charleroi-Central,Liers,2,Sous-desservi
Belgique,667,Charleroi-Central,Liers,2,Sous-desservi
Belgique,667,Charleroi-Central,Liers,2,Sous-desservi
Belgique,667,Charleroi-Central,Liers,3,Sous-desservi
Belgique,667,Charleroi-Central,Liers,2,Sous-desservi
Belgique,667,Charleroi-Central,Liers,2,Sous-desservi
Belgique,667,Charleroi-Central,Liers,2,Sous-desservi
Belgique,667,Charleroi-Central,Liers,1,Sous-desservi
Belgique,668,Herstal,Tamines,4,Sous-desservi
Belgique,668,Herstal,Tamines,4,Sous-desservi
Belgique,669,Charleroi-Central,Namur,4,Sous-desservi
Belgique,669,Charleroi-Central,Namur,8,Desserte Normale
Belgique,669,Charleroi-Central,Namur,10,Desserte Normale
Belgique,669,Charleroi-Central,Namur,10,Desserte Normale
Belgique,669,Charleroi-Central,Namur,8,Desserte Normale
Belgique,669,Charleroi-Central,Namur,10,Desserte Normale
Belgique,669,Charleroi-Central,Namur,8,Desserte Normale
Belgique,669,Charleroi-Central,Namur,10,Desserte Normale
Belgique,669,Charleroi-Central,Namur,8,Desserte Normale
Belgique,669,Charleroi-Central,Namur,12,Desserte Normale
Belgique,669,Charleroi-Central,Namur,10,Desserte Normale
Belgique,669,Charleroi-Central,Namur,10,Desserte Normale
Belgique,669,Charleroi-Central,Namur,10,Desserte Normale
Belgique,669,Charleroi-Central,Namur,10,Desserte Normale
Belgique,669,Charleroi-Central,Namur,10,Desserte Normale
Belgique,669,Charleroi-Central,Namur,10,Desserte Normale
Belgique,669,Charleroi-Central,Namur,8,Desserte Normale
Belgique,669,Charleroi-Central,Namur,10,Desserte Normale
Belgique,669,Charleroi-Central,Namur,10,Desserte Normale
Belgique,669,Charleroi-Central,Namur,10,Desserte Normale
Belgique,669,Charleroi-Central,Namur,10,Desserte Normale
Belgique,669,Charleroi-Central,Namur,10,Desserte Normale
Belgique,669,Charleroi-Central,Namur,10,Desserte Normale
Belgique,669,Charleroi-Central,Namur,10,Desserte Normale
Belgique,669,Charleroi-Central,Namur,10,Desserte Normale
Belgique,669,Charleroi-Central,Namur,10,Desserte Normale
Belgique,669,Charleroi-Central,Namur,10,Desserte Normale
Belgique,669,Charleroi-Central,Namur,10,Desserte Normale
Belgique,669,Charleroi-Central,Namur,10,Desserte Normale
Belgique,669,Charleroi-Central,Namur,10,Desserte Normale
Belgique,669,Charleroi-Central,Namur,10,Desserte Normale
Belgique,669,Charleroi-Central,Namur,10,Desserte Normale
Belgique,669,Charleroi-Central,Namur,8,Desserte Normale
Belgique,669,Charleroi-Central,Namur,10,Desserte Normale
Belgique,669,Charleroi-Central,Namur,10,Desserte Normale
Belgique,669,Charleroi-Central,Namur,10,Desserte Normale
Belgique,669,Charleroi-Central,Namur,10,Desserte Normale
Belgique,67,Anvers-Central,Hasselt,131,Bien desservi
Belgique,67,Anvers-Central,Hasselt,346,Bien desservi
Belgique,67,Anvers-Central,Hasselt,329,Bien desservi
Belgique,67,Anvers-Central,Hasselt,555,Bien desservi
Belgique,67,Anvers-Central,Hasselt,510,Bien desservi
Belgique,67,Anvers-Central,Hasselt,419,Bien desservi
Belgique,67,Anvers-Central,Hasselt,415,Bien desservi
Belgique,67,Anvers-Central,Hasselt,473,Bien desservi
Belgique,67,Anvers-Central,Hasselt,473,Bien desservi
Belgique,67,Anvers-Central,Hasselt,472,Bien desservi
Belgique,67,Anvers-Central,Hasselt,472,Bien desservi
Belgique,67,Anvers-Central,Hasselt,472,Bien desservi
Belgique,67,Anvers-Central,Hasselt,472,Bien desservi
Belgique,67,Anvers-Central,Hasselt,477,Bien desservi
Belgique,67,Anvers-Central,Hasselt,472,Bien desservi
Belgique,67,Anvers-Central,Hasselt,402,Bien desservi
Belgique,67,Anvers-Central,Hasselt,402,Bien desservi
Belgique,67,Anvers-Central,Hasselt,472,Bien desservi
Belgique,67,Anvers-Central,Hasselt,402,Bien desservi
Belgique,67,Anvers-Central,Hasselt,402,Bien desservi
Belgique,67,Anvers-Central,Hasselt,252,Bien desservi
Belgique,67,Anvers-Central,Hasselt,252,Bien desservi
Belgique,67,Anvers-Central,Hasselt,402,Bien desservi
Belgique,67,Anvers-Central,Hasselt,402,Bien desservi
Belgique,67,Anvers-Central,Hasselt,232,Bien desservi
Belgique,67,Anvers-Central,Hasselt,402,Bien desservi
Belgique,67,Anvers-Central,Hasselt,331,Bien desservi
Belgique,67,Anvers-Central,Hasselt,331,Bien desservi
Belgique,67,Anvers-Central,Hasselt,473,Bien desservi
Belgique,67,Anvers-Central,Hasselt,422,Bien desservi
Belgique,67,Anvers-Central,Hasselt,473,Bien desservi
Belgique,67,Anvers-Central,Hasselt,473,Bien desservi
Belgique,67,Anvers-Central,Hasselt,473,Bien desservi
Belgique,67,Anvers-Central,Hasselt,401,Bien desservi
Belgique,670,Bruxelles-Midi,Termonde,8,Desserte Normale
Belgique,670,Bruxelles-Midi,Termonde,14,Desserte Normale
Belgique,670,Bruxelles-Midi,Termonde,8,Desserte Normale
Belgique,670,Bruxelles-Midi,Termonde,8,Desserte Normale
Belgique,670,Bruxelles-Midi,Termonde,14,Desserte Normale
Belgique,670,Bruxelles-Midi,Termonde,8,Desserte Normale
Belgique,670,Bruxelles-Midi,Termonde,14,Desserte Normale
Belgique,670,Bruxelles-Midi,Termonde,8,Desserte Normale
Belgique,670,Bruxelles-Midi,Termonde,14,Desserte Normale
Belgique,670,Bruxelles-Midi,Termonde,8,Desserte Normale
Belgique,670,Bruxelles-Midi,Termonde,8,Desserte Normale
Belgique,670,Bruxelles-Midi,Termonde,8,Desserte Normale
Belgique,670,Bruxelles-Midi,Termonde,8,Desserte Normale
Belgique,670,Bruxelles-Midi,Termonde,8,Desserte Normale
Belgique,670,Bruxelles-Midi,Termonde,8,Desserte Normale
Belgique,670,Bruxelles-Midi,Termonde,8,Desserte Normale
Belgique,670,Bruxelles-Midi,Termonde,14,Desserte Normale
Belgique,670,Bruxelles-Midi,Termonde,8,Desserte Normale
Belgique,670,Bruxelles-Midi,Termonde,8,Desserte Normale
Belgique,670,Bruxelles-Midi,Termonde,8,Desserte Normale
Belgique,670,Bruxelles-Midi,Termonde,8,Desserte Normale
Belgique,670,Bruxelles-Midi,Termonde,8,Desserte Normale
Belgique,670,Bruxelles-Midi,Termonde,8,Desserte Normale
Belgique,670,Bruxelles-Midi,Termonde,8,Desserte Normale
Belgique,670,Bruxelles-Midi,Termonde,8,Desserte Normale
Belgique,670,Bruxelles-Midi,Termonde,8,Desserte Normale
Belgique,670,Bruxelles-Midi,Termonde,8,Desserte Normale
Belgique,670,Bruxelles-Midi,Termonde,8,Desserte Normale
Belgique,670,Bruxelles-Midi,Termonde,8,Desserte Normale
Belgique,670,Bruxelles-Midi,Termonde,14,Desserte Normale
Belgique,670,Bruxelles-Midi,Termonde,8,Desserte Normale
Belgique,670,Bruxelles-Midi,Termonde,8,Desserte Normale
Belgique,670,Bruxelles-Midi,Termonde,8,Desserte Normale
Belgique,670,Bruxelles-Midi,Termonde,4,Sous-desservi
Belgique,671,Bruxelles-Midi,Jette,8,Desserte Normale
Belgique,671,Bruxelles-Midi,Jette,8,Desserte Normale
Belgique,671,Bruxelles-Midi,Jette,8,Desserte Normale
Belgique,672,Charleroi-Central,Couvin,94,Bien desservi
Belgique,672,Charleroi-Central,Couvin,172,Bien desservi
Belgique,672,Charleroi-Central,Couvin,177,Bien desservi
Belgique,672,Charleroi-Central,Couvin,187,Bien desservi
Belgique,672,Charleroi-Central,Couvin,129,Bien desservi
Belgique,672,Charleroi-Central,Couvin,187,Bien desservi
Belgique,672,Charleroi-Central,Couvin,172,Bien desservi
Belgique,672,Charleroi-Central,Couvin,177,Bien desservi
Belgique,672,Charleroi-Central,Couvin,172,Bien desservi
Belgique,672,Charleroi-Central,Couvin,187,Bien desservi
Belgique,672,Charleroi-Central,Couvin,187,Bien desservi
Belgique,672,Charleroi-Central,Couvin,154,Bien desservi
Belgique,672,Charleroi-Central,Couvin,154,Bien desservi
Belgique,672,Charleroi-Central,Couvin,187,Bien desservi
Belgique,672,Charleroi-Central,Couvin,187,Bien desservi
Belgique,672,Charleroi-Central,Couvin,187,Bien desservi
Belgique,672,Charleroi-Central,Couvin,172,Bien desservi
Belgique,672,Charleroi-Central,Couvin,155,Bien desservi
Belgique,672,Charleroi-Central,Couvin,187,Bien desservi
Belgique,672,Charleroi-Central,Couvin,179,Bien desservi
Belgique,672,Charleroi-Central,Couvin,187,Bien desservi
Belgique,672,Charleroi-Central,Couvin,187,Bien desservi
Belgique,672,Charleroi-Central,Couvin,187,Bien desservi
Belgique,672,Charleroi-Central,Couvin,187,Bien desservi
Belgique,672,Charleroi-Central,Couvin,160,Bien desservi
Belgique,672,Charleroi-Central,Couvin,187,Bien desservi
Belgique,672,Charleroi-Central,Couvin,187,Bien desservi
Belgique,672,Charleroi-Central,Couvin,155,Bien desservi
Belgique,672,Charleroi-Central,Couvin,155,Bien desservi
Belgique,672,Charleroi-Central,Couvin,172,Bien desservi
Belgique,672,Charleroi-Central,Couvin,187,Bien desservi
Belgique,672,Charleroi-Central,Couvin,187,Bien desservi
Belgique,672,Charleroi-Central,Couvin,187,Bien desservi
Belgique,672,Charleroi-Central,Couvin,171,Bien desservi
Belgique,673,Charleroi-Central,Mariembourg,5,Sous-desservi
Belgique,673,Charleroi-Central,Mariembourg,1,Sous-desservi
Belgique,673,Charleroi-Central,Mariembourg,5,Sous-desservi
Belgique,673,Charleroi-Central,Mariembourg,32,Desserte Normale
Belgique,673,Charleroi-Central,Mariembourg,4,Sous-desservi
Belgique,673,Charleroi-Central,Mariembourg,1,Sous-desservi
Belgique,674,Charleroi-Central,Walcourt,4,Sous-desservi
Belgique,675,Audenarde,Louvain-la-Neuve,6,Sous-desservi
Belgique,675,Audenarde,Louvain-la-Neuve,10,Desserte Normale
Belgique,675,Audenarde,Louvain-la-Neuve,12,Desserte Normale
Belgique,675,Audenarde,Louvain-la-Neuve,15,Desserte Normale
Belgique,675,Audenarde,Louvain-la-Neuve,12,Desserte Normale
Belgique,675,Audenarde,Louvain-la-Neuve,15,Desserte Normale
Belgique,675,Audenarde,Louvain-la-Neuve,12,Desserte Normale
Belgique,675,Audenarde,Louvain-la-Neuve,10,Desserte Normale
Belgique,675,Audenarde,Louvain-la-Neuve,6,Sous-desservi
Belgique,675,Audenarde,Louvain-la-Neuve,15,Desserte Normale
Belgique,675,Audenarde,Louvain-la-Neuve,15,Desserte Normale
Belgique,675,Audenarde,Louvain-la-Neuve,15,Desserte Normale
Belgique,675,Audenarde,Louvain-la-Neuve,6,Sous-desservi
Belgique,675,Audenarde,Louvain-la-Neuve,15,Desserte Normale
Belgique,675,Audenarde,Louvain-la-Neuve,12,Desserte Normale
Belgique,675,Audenarde,Louvain-la-Neuve,15,Desserte Normale
Belgique,675,Audenarde,Louvain-la-Neuve,15,Desserte Normale
Belgique,675,Audenarde,Louvain-la-Neuve,15,Desserte Normale
Belgique,675,Audenarde,Louvain-la-Neuve,15,Desserte Normale
Belgique,675,Audenarde,Louvain-la-Neuve,10,Desserte Normale
Belgique,675,Audenarde,Louvain-la-Neuve,6,Sous-desservi
Belgique,675,Audenarde,Louvain-la-Neuve,15,Desserte Normale
Belgique,675,Audenarde,Louvain-la-Neuve,15,Desserte Normale
Belgique,675,Audenarde,Louvain-la-Neuve,15,Desserte Normale
Belgique,675,Audenarde,Louvain-la-Neuve,15,Desserte Normale
Belgique,675,Audenarde,Louvain-la-Neuve,15,Desserte Normale
Belgique,675,Audenarde,Louvain-la-Neuve,15,Desserte Normale
Belgique,675,Audenarde,Louvain-la-Neuve,15,Desserte Normale
Belgique,675,Audenarde,Louvain-la-Neuve,15,Desserte Normale
Belgique,675,Audenarde,Louvain-la-Neuve,15,Desserte Normale
Belgique,675,Audenarde,Louvain-la-Neuve,12,Desserte Normale
Belgique,675,Audenarde,Louvain-la-Neuve,15,Desserte Normale
Belgique,675,Audenarde,Louvain-la-Neuve,15,Desserte Normale
Belgique,675,Audenarde,Louvain-la-Neuve,15,Desserte Normale
Belgique,675,Audenarde,Louvain-la-Neuve,15,Desserte Normale
Belgique,676,Denderleeuw,Louvain-la-Neuve,243,Bien desservi
Belgique,676,Denderleeuw,Louvain-la-Neuve,304,Bien desservi
Belgique,676,Denderleeuw,Louvain-la-Neuve,1,Sous-desservi
Belgique,676,Denderleeuw,Louvain-la-Neuve,5,Sous-desservi
Belgique,676,Denderleeuw,Louvain-la-Neuve,5,Sous-desservi
Belgique,677,Louvain-la-Neuve,Zottegem,118,Bien desservi
Belgique,677,Louvain-la-Neuve,Zottegem,290,Bien desservi
Belgique,677,Louvain-la-Neuve,Zottegem,235,Bien desservi
Belgique,677,Louvain-la-Neuve,Zottegem,295,Bien desservi
Belgique,677,Louvain-la-Neuve,Zottegem,235,Bien desservi
Belgique,677,Louvain-la-Neuve,Zottegem,295,Bien desservi
Belgique,677,Louvain-la-Neuve,Zottegem,232,Bien desservi
Belgique,677,Louvain-la-Neuve,Zottegem,295,Bien desservi
Belgique,677,Louvain-la-Neuve,Zottegem,304,Bien desservi
Belgique,677,Louvain-la-Neuve,Zottegem,295,Bien desservi
Belgique,677,Louvain-la-Neuve,Zottegem,290,Bien desservi
Belgique,677,Louvain-la-Neuve,Zottegem,295,Bien desservi
Belgique,677,Louvain-la-Neuve,Zottegem,304,Bien desservi
Belgique,677,Louvain-la-Neuve,Zottegem,295,Bien desservi
Belgique,677,Louvain-la-Neuve,Zottegem,236,Bien desservi
Belgique,677,Louvain-la-Neuve,Zottegem,295,Bien desservi
Belgique,677,Louvain-la-Neuve,Zottegem,295,Bien desservi
Belgique,677,Louvain-la-Neuve,Zottegem,290,Bien desservi
Belgique,677,Louvain-la-Neuve,Zottegem,295,Bien desservi
Belgique,677,Louvain-la-Neuve,Zottegem,295,Bien desservi
Belgique,677,Louvain-la-Neuve,Zottegem,304,Bien desservi
Belgique,677,Louvain-la-Neuve,Zottegem,295,Bien desservi
Belgique,677,Louvain-la-Neuve,Zottegem,295,Bien desservi
Belgique,677,Louvain-la-Neuve,Zottegem,295,Bien desservi
Belgique,677,Louvain-la-Neuve,Zottegem,295,Bien desservi
Belgique,677,Louvain-la-Neuve,Zottegem,295,Bien desservi
Belgique,677,Louvain-la-Neuve,Zottegem,295,Bien desservi
Belgique,677,Louvain-la-Neuve,Zottegem,295,Bien desservi
Belgique,677,Louvain-la-Neuve,Zottegem,295,Bien desservi
Belgique,677,Louvain-la-Neuve,Zottegem,295,Bien desservi
Belgique,677,Louvain-la-Neuve,Zottegem,236,Bien desservi
Belgique,677,Louvain-la-Neuve,Zottegem,295,Bien desservi
Belgique,677,Louvain-la-Neuve,Zottegem,295,Bien desservi
Belgique,677,Louvain-la-Neuve,Zottegem,295,Bien desservi
Belgique,677,Louvain-la-Neuve,Zottegem,295,Bien desservi
Belgique,678,Hillegem,Zottegem,1,Sous-desservi
Belgique,679,Bruxelles-Midi,Louvain-la-Neuve,10,Desserte Normale
Belgique,679,Bruxelles-Midi,Louvain-la-Neuve,21,Desserte Normale
Belgique,679,Bruxelles-Midi,Louvain-la-Neuve,26,Desserte Normale
Belgique,679,Bruxelles-Midi,Louvain-la-Neuve,25,Desserte Normale
Belgique,679,Bruxelles-Midi,Louvain-la-Neuve,20,Desserte Normale
Belgique,679,Bruxelles-Midi,Louvain-la-Neuve,25,Desserte Normale
Belgique,679,Bruxelles-Midi,Louvain-la-Neuve,20,Desserte Normale
Belgique,679,Bruxelles-Midi,Louvain-la-Neuve,25,Desserte Normale
Belgique,679,Bruxelles-Midi,Louvain-la-Neuve,20,Desserte Normale
Belgique,679,Bruxelles-Midi,Louvain-la-Neuve,25,Desserte Normale
Belgique,679,Bruxelles-Midi,Louvain-la-Neuve,25,Desserte Normale
Belgique,679,Bruxelles-Midi,Louvain-la-Neuve,25,Desserte Normale
Belgique,679,Bruxelles-Midi,Louvain-la-Neuve,25,Desserte Normale
Belgique,679,Bruxelles-Midi,Louvain-la-Neuve,25,Desserte Normale
Belgique,679,Bruxelles-Midi,Louvain-la-Neuve,25,Desserte Normale
Belgique,679,Bruxelles-Midi,Louvain-la-Neuve,25,Desserte Normale
Belgique,679,Bruxelles-Midi,Louvain-la-Neuve,20,Desserte Normale
Belgique,679,Bruxelles-Midi,Louvain-la-Neuve,25,Desserte Normale
Belgique,679,Bruxelles-Midi,Louvain-la-Neuve,25,Desserte Normale
Belgique,679,Bruxelles-Midi,Louvain-la-Neuve,25,Desserte Normale
Belgique,679,Bruxelles-Midi,Louvain-la-Neuve,25,Desserte Normale
Belgique,679,Bruxelles-Midi,Louvain-la-Neuve,25,Desserte Normale
Belgique,679,Bruxelles-Midi,Louvain-la-Neuve,25,Desserte Normale
Belgique,679,Bruxelles-Midi,Louvain-la-Neuve,25,Desserte Normale
Belgique,679,Bruxelles-Midi,Louvain-la-Neuve,25,Desserte Normale
Belgique,679,Bruxelles-Midi,Louvain-la-Neuve,25,Desserte Normale
Belgique,679,Bruxelles-Midi,Louvain-la-Neuve,25,Desserte Normale
Belgique,679,Bruxelles-Midi,Louvain-la-Neuve,25,Desserte Normale
Belgique,679,Bruxelles-Midi,Louvain-la-Neuve,25,Desserte Normale
Belgique,679,Bruxelles-Midi,Louvain-la-Neuve,25,Desserte Normale
Belgique,679,Bruxelles-Midi,Louvain-la-Neuve,25,Desserte Normale
Belgique,679,Bruxelles-Midi,Louvain-la-Neuve,25,Desserte Normale
Belgique,679,Bruxelles-Midi,Louvain-la-Neuve,20,Desserte Normale
Belgique,679,Bruxelles-Midi,Louvain-la-Neuve,25,Desserte Normale
Belgique,679,Bruxelles-Midi,Louvain-la-Neuve,25,Desserte Normale
Belgique,679,Bruxelles-Midi,Louvain-la-Neuve,25,Desserte Normale
Belgique,679,Bruxelles-Midi,Louvain-la-Neuve,25,Desserte Normale
Belgique,68,Anvers-Central,Lierre,1,Sous-desservi
Belgique,68,Anvers-Central,Lierre,2,Sous-desservi
Belgique,68,Anvers-Central,Lierre,1,Sous-desservi
Belgique,68,Anvers-Central,Lierre,5,Sous-desservi
Belgique,68,Anvers-Central,Lierre,71,Bien desservi
Belgique,68,Anvers-Central,Lierre,71,Bien desservi
Belgique,680,Namur,Zottegem,2,Sous-desservi
Belgique,680,Namur,Zottegem,5,Sous-desservi
Belgique,680,Namur,Zottegem,4,Sous-desservi
Belgique,680,Namur,Zottegem,5,Sous-desservi
Belgique,680,Namur,Zottegem,4,Sous-desservi
Belgique,680,Namur,Zottegem,5,Sous-desservi
Belgique,680,Namur,Zottegem,4,Sous-desservi
Belgique,680,Namur,Zottegem,5,Sous-desservi
Belgique,680,Namur,Zottegem,5,Sous-desservi
Belgique,680,Namur,Zottegem,5,Sous-desservi
Belgique,680,Namur,Zottegem,5,Sous-desservi
Belgique,680,Namur,Zottegem,5,Sous-desservi
Belgique,680,Namur,Zottegem,5,Sous-desservi
Belgique,680,Namur,Zottegem,5,Sous-desservi
Belgique,680,Namur,Zottegem,4,Sous-desservi
Belgique,680,Namur,Zottegem,5,Sous-desservi
Belgique,680,Namur,Zottegem,5,Sous-desservi
Belgique,680,Namur,Zottegem,5,Sous-desservi
Belgique,680,Namur,Zottegem,5,Sous-desservi
Belgique,680,Namur,Zottegem,5,Sous-desservi
Belgique,680,Namur,Zottegem,5,Sous-desservi
Belgique,680,Namur,Zottegem,5,Sous-desservi
Belgique,680,Namur,Zottegem,5,Sous-desservi
Belgique,680,Namur,Zottegem,5,Sous-desservi
Belgique,680,Namur,Zottegem,5,Sous-desservi
Belgique,680,Namur,Zottegem,5,Sous-desservi
Belgique,680,Namur,Zottegem,5,Sous-desservi
Belgique,680,Namur,Zottegem,5,Sous-desservi
Belgique,680,Namur,Zottegem,5,Sous-desservi
Belgique,680,Namur,Zottegem,5,Sous-desservi
Belgique,680,Namur,Zottegem,4,Sous-desservi
Belgique,680,Namur,Zottegem,5,Sous-desservi
Belgique,680,Namur,Zottegem,5,Sous-desservi
Belgique,680,Namur,Zottegem,5,Sous-desservi
Belgique,680,Namur,Zottegem,5,Sous-desservi
Belgique,681,Denderleeuw,Namur,4,Sous-desservi
Belgique,681,Denderleeuw,Namur,5,Sous-desservi
Belgique,682,Ottignies,Zottegem,68,Bien desservi
Belgique,682,Ottignies,Zottegem,9,Desserte Normale
Belgique,682,Ottignies,Zottegem,4,Sous-desservi
Belgique,682,Ottignies,Zottegem,73,Bien desservi
Belgique,682,Ottignies,Zottegem,39,Desserte Normale
Belgique,682,Ottignies,Zottegem,73,Bien desservi
Belgique,682,Ottignies,Zottegem,110,Bien desservi
Belgique,682,Ottignies,Zottegem,73,Bien desservi
Belgique,682,Ottignies,Zottegem,73,Bien desservi
Belgique,682,Ottignies,Zottegem,73,Bien desservi
Belgique,682,Ottignies,Zottegem,10,Desserte Normale
Belgique,682,Ottignies,Zottegem,73,Bien desservi
Belgique,682,Ottignies,Zottegem,73,Bien desservi
Belgique,682,Ottignies,Zottegem,73,Bien desservi
Belgique,682,Ottignies,Zottegem,106,Bien desservi
Belgique,682,Ottignies,Zottegem,73,Bien desservi
Belgique,682,Ottignies,Zottegem,73,Bien desservi
Belgique,682,Ottignies,Zottegem,78,Bien desservi
Belgique,682,Ottignies,Zottegem,41,Desserte Normale
Belgique,682,Ottignies,Zottegem,73,Bien desservi
Belgique,682,Ottignies,Zottegem,5,Sous-desservi
Belgique,682,Ottignies,Zottegem,73,Bien desservi
Belgique,682,Ottignies,Zottegem,73,Bien desservi
Belgique,682,Ottignies,Zottegem,73,Bien desservi
Belgique,682,Ottignies,Zottegem,73,Bien desservi
Belgique,682,Ottignies,Zottegem,73,Bien desservi
Belgique,682,Ottignies,Zottegem,73,Bien desservi
Belgique,682,Ottignies,Zottegem,73,Bien desservi
Belgique,682,Ottignies,Zottegem,73,Bien desservi
Belgique,682,Ottignies,Zottegem,73,Bien desservi
Belgique,682,Ottignies,Zottegem,106,Bien desservi
Belgique,682,Ottignies,Zottegem,73,Bien desservi
Belgique,682,Ottignies,Zottegem,73,Bien desservi
Belgique,682,Ottignies,Zottegem,73,Bien desservi
Belgique,682,Ottignies,Zottegem,39,Desserte Normale
Belgique,683,Louvain-la-Neuve,Ottignies,147,Bien desservi
Belgique,683,Louvain-la-Neuve,Ottignies,224,Bien desservi
Belgique,683,Louvain-la-Neuve,Ottignies,153,Bien desservi
Belgique,683,Louvain-la-Neuve,Ottignies,157,Bien desservi
Belgique,683,Louvain-la-Neuve,Ottignies,224,Bien desservi
Belgique,683,Louvain-la-Neuve,Ottignies,161,Bien desservi
Belgique,683,Louvain-la-Neuve,Ottignies,224,Bien desservi
Belgique,683,Louvain-la-Neuve,Ottignies,153,Bien desservi
Belgique,683,Louvain-la-Neuve,Ottignies,218,Bien desservi
Belgique,683,Louvain-la-Neuve,Ottignies,161,Bien desservi
Belgique,683,Louvain-la-Neuve,Ottignies,161,Bien desservi
Belgique,683,Louvain-la-Neuve,Ottignies,161,Bien desservi
Belgique,683,Louvain-la-Neuve,Ottignies,156,Bien desservi
Belgique,683,Louvain-la-Neuve,Ottignies,153,Bien desservi
Belgique,683,Louvain-la-Neuve,Ottignies,161,Bien desservi
Belgique,683,Louvain-la-Neuve,Ottignies,161,Bien desservi
Belgique,683,Louvain-la-Neuve,Ottignies,224,Bien desservi
Belgique,683,Louvain-la-Neuve,Ottignies,161,Bien desservi
Belgique,683,Louvain-la-Neuve,Ottignies,25,Desserte Normale
Belgique,683,Louvain-la-Neuve,Ottignies,156,Bien desservi
Belgique,683,Louvain-la-Neuve,Ottignies,161,Bien desservi
Belgique,683,Louvain-la-Neuve,Ottignies,161,Bien desservi
Belgique,683,Louvain-la-Neuve,Ottignies,161,Bien desservi
Belgique,683,Louvain-la-Neuve,Ottignies,161,Bien desservi
Belgique,683,Louvain-la-Neuve,Ottignies,161,Bien desservi
Belgique,683,Louvain-la-Neuve,Ottignies,161,Bien desservi
Belgique,683,Louvain-la-Neuve,Ottignies,161,Bien desservi
Belgique,683,Louvain-la-Neuve,Ottignies,161,Bien desservi
Belgique,683,Louvain-la-Neuve,Ottignies,161,Bien desservi
Belgique,683,Louvain-la-Neuve,Ottignies,161,Bien desservi
Belgique,683,Louvain-la-Neuve,Ottignies,161,Bien desservi
Belgique,683,Louvain-la-Neuve,Ottignies,161,Bien desservi
Belgique,683,Louvain-la-Neuve,Ottignies,224,Bien desservi
Belgique,683,Louvain-la-Neuve,Ottignies,161,Bien desservi
Belgique,683,Louvain-la-Neuve,Ottignies,161,Bien desservi
Belgique,683,Louvain-la-Neuve,Ottignies,161,Bien desservi
Belgique,683,Louvain-la-Neuve,Ottignies,93,Bien desservi
Belgique,684,Bruxelles-Luxembourg,Louvain,2,Sous-desservi
Belgique,684,Bruxelles-Luxembourg,Louvain,3,Sous-desservi
Belgique,684,Bruxelles-Luxembourg,Louvain,2,Sous-desservi
Belgique,684,Bruxelles-Luxembourg,Louvain,9,Desserte Normale
Belgique,684,Bruxelles-Luxembourg,Louvain,8,Desserte Normale
Belgique,684,Bruxelles-Luxembourg,Louvain,3,Sous-desservi
Belgique,684,Bruxelles-Luxembourg,Louvain,2,Sous-desservi
Belgique,684,Bruxelles-Luxembourg,Louvain,1,Sous-desservi
Belgique,684,Bruxelles-Luxembourg,Louvain,2,Sous-desservi
Belgique,684,Bruxelles-Luxembourg,Louvain,8,Desserte Normale
Belgique,684,Bruxelles-Luxembourg,Louvain,2,Sous-desservi
Belgique,684,Bruxelles-Luxembourg,Louvain,2,Sous-desservi
Belgique,684,Bruxelles-Luxembourg,Louvain,2,Sous-desservi
Belgique,684,Bruxelles-Luxembourg,Louvain,2,Sous-desservi
Belgique,684,Bruxelles-Luxembourg,Louvain,1,Sous-desservi
Belgique,684,Bruxelles-Luxembourg,Louvain,2,Sous-desservi
Belgique,684,Bruxelles-Luxembourg,Louvain,2,Sous-desservi
Belgique,684,Bruxelles-Luxembourg,Louvain,2,Sous-desservi
Belgique,684,Bruxelles-Luxembourg,Louvain,2,Sous-desservi
Belgique,684,Bruxelles-Luxembourg,Louvain,2,Sous-desservi
Belgique,684,Bruxelles-Luxembourg,Louvain,2,Sous-desservi
Belgique,684,Bruxelles-Luxembourg,Louvain,2,Sous-desservi
Belgique,684,Bruxelles-Luxembourg,Louvain,2,Sous-desservi
Belgique,684,Bruxelles-Luxembourg,Louvain,2,Sous-desservi
Belgique,684,Bruxelles-Luxembourg,Louvain,2,Sous-desservi
Belgique,684,Bruxelles-Luxembourg,Louvain,3,Sous-desservi
Belgique,684,Bruxelles-Luxembourg,Louvain,2,Sous-desservi
Belgique,684,Bruxelles-Luxembourg,Louvain,2,Sous-desservi
Belgique,684,Bruxelles-Luxembourg,Louvain,2,Sous-desservi
Belgique,684,Bruxelles-Luxembourg,Louvain,1,Sous-desservi
Belgique,685,Brussels Airport-Zaventem,Bruxelles-Luxembourg,170,Bien desservi
Belgique,685,Brussels Airport-Zaventem,Bruxelles-Luxembourg,2,Sous-desservi
Belgique,685,Brussels Airport-Zaventem,Bruxelles-Luxembourg,2,Sous-desservi
Belgique,686,Landen,Louvain,72,Bien desservi
Belgique,687,Landen,Nivelles,72,Bien desservi
Belgique,687,Landen,Nivelles,108,Bien desservi
Belgique,687,Landen,Nivelles,72,Bien desservi
Belgique,687,Landen,Nivelles,36,Desserte Normale
Belgique,687,Landen,Nivelles,72,Bien desservi
Belgique,687,Landen,Nivelles,72,Bien desservi
Belgique,687,Landen,Nivelles,72,Bien desservi
Belgique,687,Landen,Nivelles,72,Bien desservi
Belgique,687,Landen,Nivelles,72,Bien desservi
Belgique,687,Landen,Nivelles,36,Desserte Normale
Belgique,687,Landen,Nivelles,72,Bien desservi
Belgique,687,Landen,Nivelles,72,Bien desservi
Belgique,687,Landen,Nivelles,72,Bien desservi
Belgique,687,Landen,Nivelles,72,Bien desservi
Belgique,687,Landen,Nivelles,72,Bien desservi
Belgique,687,Landen,Nivelles,72,Bien desservi
Belgique,687,Landen,Nivelles,72,Bien desservi
Belgique,687,Landen,Nivelles,72,Bien desservi
Belgique,687,Landen,Nivelles,72,Bien desservi
Belgique,687,Landen,Nivelles,72,Bien desservi
Belgique,687,Landen,Nivelles,108,Bien desservi
Belgique,687,Landen,Nivelles,72,Bien desservi
Belgique,687,Landen,Nivelles,72,Bien desservi
Belgique,687,Landen,Nivelles,72,Bien desservi
Belgique,687,Landen,Nivelles,36,Desserte Normale
Belgique,688,Bruxelles-Luxembourg,Landen,111,Bien desservi
Belgique,688,Bruxelles-Luxembourg,Landen,72,Bien desservi
Belgique,688,Bruxelles-Luxembourg,Landen,72,Bien desservi
Belgique,689,Bruxelles-Luxembourg,Nivelles,78,Bien desservi
Belgique,689,Bruxelles-Luxembourg,Nivelles,78,Bien desservi
Belgique,689,Bruxelles-Luxembourg,Nivelles,78,Bien desservi
Belgique,689,Bruxelles-Luxembourg,Nivelles,78,Bien desservi
Belgique,689,Bruxelles-Luxembourg,Nivelles,78,Bien desservi
Belgique,69,Herentals,Neerpelt,2,Sous-desservi
Belgique,69,Herentals,Neerpelt,2,Sous-desservi
Belgique,690,Louvain,Nivelles,6,Sous-desservi
Belgique,690,Louvain,Nivelles,9,Desserte Normale
Belgique,690,Louvain,Nivelles,6,Sous-desservi
Belgique,690,Louvain,Nivelles,81,Bien desservi
Belgique,690,Louvain,Nivelles,78,Bien desservi
Belgique,690,Louvain,Nivelles,39,Desserte Normale
Belgique,690,Louvain,Nivelles,6,Sous-desservi
Belgique,690,Louvain,Nivelles,6,Sous-desservi
Belgique,690,Louvain,Nivelles,6,Sous-desservi
Belgique,690,Louvain,Nivelles,6,Sous-desservi
Belgique,690,Louvain,Nivelles,6,Sous-desservi
Belgique,690,Louvain,Nivelles,3,Sous-desservi
Belgique,690,Louvain,Nivelles,6,Sous-desservi
Belgique,690,Louvain,Nivelles,6,Sous-desservi
Belgique,690,Louvain,Nivelles,6,Sous-desservi
Belgique,690,Louvain,Nivelles,6,Sous-desservi
Belgique,690,Louvain,Nivelles,6,Sous-desservi
Belgique,690,Louvain,Nivelles,6,Sous-desservi
Belgique,690,Louvain,Nivelles,6,Sous-desservi
Belgique,690,Louvain,Nivelles,6,Sous-desservi
Belgique,690,Louvain,Nivelles,6,Sous-desservi
Belgique,690,Louvain,Nivelles,6,Sous-desservi
Belgique,690,Louvain,Nivelles,9,Desserte Normale
Belgique,690,Louvain,Nivelles,6,Sous-desservi
Belgique,690,Louvain,Nivelles,6,Sous-desservi
Belgique,690,Louvain,Nivelles,6,Sous-desservi
Belgique,690,Louvain,Nivelles,3,Sous-desservi
Belgique,691,Brussels Airport-Zaventem,Nivelles,170,Bien desservi
Belgique,691,Brussels Airport-Zaventem,Nivelles,136,Bien desservi
Belgique,691,Brussels Airport-Zaventem,Nivelles,76,Bien desservi
Belgique,691,Brussels Airport-Zaventem,Nivelles,76,Bien desservi
Belgique,692,Brussels Airport-Zaventem,Charleroi-Central,68,Bien desservi
Belgique,692,Brussels Airport-Zaventem,Charleroi-Central,136,Bien desservi
Belgique,692,Brussels Airport-Zaventem,Charleroi-Central,169,Bien desservi
Belgique,692,Brussels Airport-Zaventem,Charleroi-Central,170,Bien desservi
Belgique,692,Brussels Airport-Zaventem,Charleroi-Central,136,Bien desservi
Belgique,692,Brussels Airport-Zaventem,Charleroi-Central,127,Bien desservi
Belgique,692,Brussels Airport-Zaventem,Charleroi-Central,170,Bien desservi
Belgique,692,Brussels Airport-Zaventem,Charleroi-Central,136,Bien desservi
Belgique,692,Brussels Airport-Zaventem,Charleroi-Central,170,Bien desservi
Belgique,692,Brussels Airport-Zaventem,Charleroi-Central,170,Bien desservi
Belgique,692,Brussels Airport-Zaventem,Charleroi-Central,170,Bien desservi
Belgique,692,Brussels Airport-Zaventem,Charleroi-Central,170,Bien desservi
Belgique,692,Brussels Airport-Zaventem,Charleroi-Central,170,Bien desservi
Belgique,692,Brussels Airport-Zaventem,Charleroi-Central,170,Bien desservi
Belgique,692,Brussels Airport-Zaventem,Charleroi-Central,170,Bien desservi
Belgique,692,Brussels Airport-Zaventem,Charleroi-Central,136,Bien desservi
Belgique,692,Brussels Airport-Zaventem,Charleroi-Central,170,Bien desservi
Belgique,692,Brussels Airport-Zaventem,Charleroi-Central,34,Desserte Normale
Belgique,692,Brussels Airport-Zaventem,Charleroi-Central,170,Bien desservi
Belgique,692,Brussels Airport-Zaventem,Charleroi-Central,170,Bien desservi
Belgique,692,Brussels Airport-Zaventem,Charleroi-Central,170,Bien desservi
Belgique,692,Brussels Airport-Zaventem,Charleroi-Central,170,Bien desservi
Belgique,692,Brussels Airport-Zaventem,Charleroi-Central,170,Bien desservi
Belgique,692,Brussels Airport-Zaventem,Charleroi-Central,170,Bien desservi
Belgique,692,Brussels Airport-Zaventem,Charleroi-Central,170,Bien desservi
Belgique,692,Brussels Airport-Zaventem,Charleroi-Central,170,Bien desservi
Belgique,692,Brussels Airport-Zaventem,Charleroi-Central,170,Bien desservi
Belgique,692,Brussels Airport-Zaventem,Charleroi-Central,170,Bien desservi
Belgique,692,Brussels Airport-Zaventem,Charleroi-Central,170,Bien desservi
Belgique,692,Brussels Airport-Zaventem,Charleroi-Central,170,Bien desservi
Belgique,692,Brussels Airport-Zaventem,Charleroi-Central,136,Bien desservi
Belgique,692,Brussels Airport-Zaventem,Charleroi-Central,170,Bien desservi
Belgique,692,Brussels Airport-Zaventem,Charleroi-Central,170,Bien desservi
Belgique,692,Brussels Airport-Zaventem,Charleroi-Central,170,Bien desservi
Belgique,692,Brussels Airport-Zaventem,Charleroi-Central,170,Bien desservi
Belgique,693,Braine-l'Alleud,Charleroi-Central,1,Sous-desservi
Belgique,694,Bruxelles-Luxembourg,Charleroi-Central,9,Desserte Normale
Belgique,695,Courtrai,Louvain,18,Desserte Normale
Belgique,695,Courtrai,Louvain,36,Desserte Normale
Belgique,695,Courtrai,Louvain,45,Desserte Normale
Belgique,695,Courtrai,Louvain,45,Desserte Normale
Belgique,695,Courtrai,Louvain,36,Desserte Normale
Belgique,695,Courtrai,Louvain,45,Desserte Normale
Belgique,695,Courtrai,Louvain,36,Desserte Normale
Belgique,695,Courtrai,Louvain,45,Desserte Normale
Belgique,695,Courtrai,Louvain,36,Desserte Normale
Belgique,695,Courtrai,Louvain,45,Desserte Normale
Belgique,695,Courtrai,Louvain,45,Desserte Normale
Belgique,695,Courtrai,Louvain,45,Desserte Normale
Belgique,695,Courtrai,Louvain,45,Desserte Normale
Belgique,695,Courtrai,Louvain,45,Desserte Normale
Belgique,695,Courtrai,Louvain,45,Desserte Normale
Belgique,695,Courtrai,Louvain,45,Desserte Normale
Belgique,695,Courtrai,Louvain,99,Bien desservi
Belgique,695,Courtrai,Louvain,150,Bien desservi
Belgique,695,Courtrai,Louvain,108,Bien desservi
Belgique,695,Courtrai,Louvain,45,Desserte Normale
Belgique,695,Courtrai,Louvain,45,Desserte Normale
Belgique,695,Courtrai,Louvain,45,Desserte Normale
Belgique,695,Courtrai,Louvain,45,Desserte Normale
Belgique,695,Courtrai,Louvain,45,Desserte Normale
Belgique,695,Courtrai,Louvain,45,Desserte Normale
Belgique,695,Courtrai,Louvain,45,Desserte Normale
Belgique,695,Courtrai,Louvain,45,Desserte Normale
Belgique,695,Courtrai,Louvain,45,Desserte Normale
Belgique,695,Courtrai,Louvain,45,Desserte Normale
Belgique,695,Courtrai,Louvain,45,Desserte Normale
Belgique,695,Courtrai,Louvain,45,Desserte Normale
Belgique,695,Courtrai,Louvain,45,Desserte Normale
Belgique,695,Courtrai,Louvain,36,Desserte Normale
Belgique,695,Courtrai,Louvain,45,Desserte Normale
Belgique,695,Courtrai,Louvain,45,Desserte Normale
Belgique,695,Courtrai,Louvain,45,Desserte Normale
Belgique,695,Courtrai,Louvain,45,Desserte Normale
Belgique,696,Courtrai,Welkenraedt,42,Desserte Normale
Belgique,696,Courtrai,Welkenraedt,84,Bien desservi
Belgique,696,Courtrai,Welkenraedt,105,Bien desservi
Belgique,696,Courtrai,Welkenraedt,105,Bien desservi
Belgique,696,Courtrai,Welkenraedt,84,Bien desservi
Belgique,696,Courtrai,Welkenraedt,105,Bien desservi
Belgique,696,Courtrai,Welkenraedt,84,Bien desservi
Belgique,696,Courtrai,Welkenraedt,105,Bien desservi
Belgique,696,Courtrai,Welkenraedt,83,Bien desservi
Belgique,696,Courtrai,Welkenraedt,105,Bien desservi
Belgique,696,Courtrai,Welkenraedt,105,Bien desservi
Belgique,696,Courtrai,Welkenraedt,105,Bien desservi
Belgique,696,Courtrai,Welkenraedt,105,Bien desservi
Belgique,696,Courtrai,Welkenraedt,105,Bien desservi
Belgique,696,Courtrai,Welkenraedt,105,Bien desservi
Belgique,696,Courtrai,Welkenraedt,105,Bien desservi
Belgique,696,Courtrai,Welkenraedt,21,Desserte Normale
Belgique,696,Courtrai,Welkenraedt,105,Bien desservi
Belgique,696,Courtrai,Welkenraedt,105,Bien desservi
Belgique,696,Courtrai,Welkenraedt,105,Bien desservi
Belgique,696,Courtrai,Welkenraedt,105,Bien desservi
Belgique,696,Courtrai,Welkenraedt,105,Bien desservi
Belgique,696,Courtrai,Welkenraedt,105,Bien desservi
Belgique,696,Courtrai,Welkenraedt,105,Bien desservi
Belgique,696,Courtrai,Welkenraedt,105,Bien desservi
Belgique,696,Courtrai,Welkenraedt,105,Bien desservi
Belgique,696,Courtrai,Welkenraedt,105,Bien desservi
Belgique,696,Courtrai,Welkenraedt,105,Bien desservi
Belgique,696,Courtrai,Welkenraedt,84,Bien desservi
Belgique,696,Courtrai,Welkenraedt,105,Bien desservi
Belgique,696,Courtrai,Welkenraedt,105,Bien desservi
Belgique,696,Courtrai,Welkenraedt,105,Bien desservi
Belgique,696,Courtrai,Welkenraedt,105,Bien desservi
Belgique,697,Courtrai,Verviers-Central,42,Desserte Normale
Belgique,697,Courtrai,Verviers-Central,105,Bien desservi
Belgique,697,Courtrai,Verviers-Central,105,Bien desservi
Belgique,698,Braine-le-Comte,Mons,68,Bien desservi
Belgique,698,Braine-le-Comte,Mons,136,Bien desservi
Belgique,698,Braine-le-Comte,Mons,170,Bien desservi
Belgique,698,Braine-le-Comte,Mons,170,Bien desservi
Belgique,698,Braine-le-Comte,Mons,136,Bien desservi
Belgique,698,Braine-le-Comte,Mons,170,Bien desservi
Belgique,698,Braine-le-Comte,Mons,136,Bien desservi
Belgique,698,Braine-le-Comte,Mons,170,Bien desservi
Belgique,698,Braine-le-Comte,Mons,136,Bien desservi
Belgique,698,Braine-le-Comte,Mons,170,Bien desservi
Belgique,698,Braine-le-Comte,Mons,170,Bien desservi
Belgique,698,Braine-le-Comte,Mons,170,Bien desservi
Belgique,698,Braine-le-Comte,Mons,170,Bien desservi
Belgique,698,Braine-le-Comte,Mons,170,Bien desservi
Belgique,698,Braine-le-Comte,Mons,170,Bien desservi
Belgique,698,Braine-le-Comte,Mons,170,Bien desservi
Belgique,698,Braine-le-Comte,Mons,136,Bien desservi
Belgique,698,Braine-le-Comte,Mons,170,Bien desservi
Belgique,698,Braine-le-Comte,Mons,170,Bien desservi
Belgique,698,Braine-le-Comte,Mons,170,Bien desservi
Belgique,698,Braine-le-Comte,Mons,170,Bien desservi
Belgique,698,Braine-le-Comte,Mons,170,Bien desservi
Belgique,698,Braine-le-Comte,Mons,170,Bien desservi
Belgique,698,Braine-le-Comte,Mons,170,Bien desservi
Belgique,698,Braine-le-Comte,Mons,170,Bien desservi
Belgique,698,Braine-le-Comte,Mons,170,Bien desservi
Belgique,698,Braine-le-Comte,Mons,170,Bien desservi
Belgique,698,Braine-le-Comte,Mons,170,Bien desservi
Belgique,698,Braine-le-Comte,Mons,170,Bien desservi
Belgique,698,Braine-le-Comte,Mons,170,Bien desservi
Belgique,698,Braine-le-Comte,Mons,170,Bien desservi
Belgique,698,Braine-le-Comte,Mons,170,Bien desservi
Belgique,698,Braine-le-Comte,Mons,136,Bien desservi
Belgique,698,Braine-le-Comte,Mons,170,Bien desservi
Belgique,698,Braine-le-Comte,Mons,170,Bien desservi
Belgique,698,Braine-le-Comte,Mons,170,Bien desservi
Belgique,698,Braine-le-Comte,Mons,170,Bien desservi
Belgique,699,Louvain,Ostende,2,Sous-desservi
Belgique,699,Louvain,Ostende,4,Sous-desservi
Belgique,699,Louvain,Ostende,5,Sous-desservi
Belgique,699,Louvain,Ostende,5,Sous-desservi
Belgique,699,Louvain,Ostende,4,Sous-desservi
Belgique,699,Louvain,Ostende,5,Sous-desservi
Belgique,699,Louvain,Ostende,4,Sous-desservi
Belgique,699,Louvain,Ostende,5,Sous-desservi
Belgique,699,Louvain,Ostende,4,Sous-desservi
Belgique,699,Louvain,Ostende,5,Sous-desservi
Belgique,699,Louvain,Ostende,5,Sous-desservi
Belgique,699,Louvain,Ostende,5,Sous-desservi
Belgique,699,Louvain,Ostende,5,Sous-desservi
Belgique,699,Louvain,Ostende,5,Sous-desservi
Belgique,699,Louvain,Ostende,5,Sous-desservi
Belgique,699,Louvain,Ostende,5,Sous-desservi
Belgique,699,Louvain,Ostende,7,Desserte Normale
Belgique,699,Louvain,Ostende,10,Desserte Normale
Belgique,699,Louvain,Ostende,8,Desserte Normale
Belgique,699,Louvain,Ostende,5,Sous-desservi
Belgique,699,Louvain,Ostende,5,Sous-desservi
Belgique,699,Louvain,Ostende,5,Sous-desservi
Belgique,699,Louvain,Ostende,5,Sous-desservi
Belgique,699,Louvain,Ostende,5,Sous-desservi
Belgique,699,Louvain,Ostende,5,Sous-desservi
Belgique,699,Louvain,Ostende,5,Sous-desservi
Belgique,699,Louvain,Ostende,5,Sous-desservi
Belgique,699,Louvain,Ostende,5,Sous-desservi
Belgique,699,Louvain,Ostende,5,Sous-desservi
Belgique,699,Louvain,Ostende,5,Sous-desservi
Belgique,699,Louvain,Ostende,5,Sous-desservi
Belgique,699,Louvain,Ostende,5,Sous-desservi
Belgique,699,Louvain,Ostende,4,Sous-desservi
Belgique,699,Louvain,Ostende,5,Sous-desservi
Belgique,699,Louvain,Ostende,5,Sous-desservi
Belgique,699,Louvain,Ostende,5,Sous-desservi
Belgique,699,Louvain,Ostende,5,Sous-desservi
Belgique,7,Denderleeuw,Grammont,2,Sous-desservi
Belgique,7,Denderleeuw,Grammont,62,Bien desservi
Belgique,7,Denderleeuw,Grammont,155,Bien desservi
Belgique,7,Denderleeuw,Grammont,155,Bien desservi
Belgique,70,Brussels Airport-Zaventem,Nivelles,1,Sous-desservi
Belgique,70,Brussels Airport-Zaventem,Nivelles,1,Sous-desservi
Belgique,70,Brussels Airport-Zaventem,Nivelles,1,Sous-desservi
Belgique,70,Brussels Airport-Zaventem,Nivelles,1,Sous-desservi
Belgique,700,Londerzeel,Termonde,10,Desserte Normale
Belgique,701,Gand-Saint-Pierre,Londerzeel,165,Bien desservi
Belgique,702,Louvain,Malines,68,Bien desservi
Belgique,702,Louvain,Malines,34,Desserte Normale
Belgique,702,Louvain,Malines,102,Bien desservi
Belgique,702,Louvain,Malines,68,Bien desservi
Belgique,702,Louvain,Malines,102,Bien desservi
Belgique,702,Louvain,Malines,68,Bien desservi
Belgique,702,Louvain,Malines,68,Bien desservi
Belgique,702,Louvain,Malines,68,Bien desservi
Belgique,702,Louvain,Malines,68,Bien desservi
Belgique,702,Louvain,Malines,68,Bien desservi
Belgique,702,Louvain,Malines,68,Bien desservi
Belgique,702,Louvain,Malines,68,Bien desservi
Belgique,702,Louvain,Malines,102,Bien desservi
Belgique,702,Louvain,Malines,68,Bien desservi
Belgique,702,Louvain,Malines,68,Bien desservi
Belgique,702,Louvain,Malines,68,Bien desservi
Belgique,702,Louvain,Malines,68,Bien desservi
Belgique,702,Louvain,Malines,68,Bien desservi
Belgique,702,Louvain,Malines,68,Bien desservi
Belgique,702,Louvain,Malines,68,Bien desservi
Belgique,702,Louvain,Malines,68,Bien desservi
Belgique,702,Louvain,Malines,68,Bien desservi
Belgique,702,Louvain,Malines,68,Bien desservi
Belgique,702,Louvain,Malines,68,Bien desservi
Belgique,702,Louvain,Malines,68,Bien desservi
Belgique,702,Louvain,Malines,68,Bien desservi
Belgique,702,Louvain,Malines,68,Bien desservi
Belgique,702,Louvain,Malines,68,Bien desservi
Belgique,702,Louvain,Malines,102,Bien desservi
Belgique,702,Louvain,Malines,68,Bien desservi
Belgique,702,Louvain,Malines,68,Bien desservi
Belgique,702,Louvain,Malines,68,Bien desservi
Belgique,702,Louvain,Malines,34,Desserte Normale
Belgique,703,Bruges,Louvain,2,Sous-desservi
Belgique,703,Bruges,Louvain,4,Sous-desservi
Belgique,703,Bruges,Louvain,5,Sous-desservi
Belgique,703,Bruges,Louvain,5,Sous-desservi
Belgique,703,Bruges,Louvain,4,Sous-desservi
Belgique,703,Bruges,Louvain,5,Sous-desservi
Belgique,703,Bruges,Louvain,4,Sous-desservi
Belgique,703,Bruges,Louvain,4,Sous-desservi
Belgique,703,Bruges,Louvain,4,Sous-desservi
Belgique,703,Bruges,Louvain,5,Sous-desservi
Belgique,703,Bruges,Louvain,5,Sous-desservi
Belgique,703,Bruges,Louvain,5,Sous-desservi
Belgique,703,Bruges,Louvain,5,Sous-desservi
Belgique,703,Bruges,Louvain,5,Sous-desservi
Belgique,703,Bruges,Louvain,5,Sous-desservi
Belgique,703,Bruges,Louvain,4,Sous-desservi
Belgique,703,Bruges,Louvain,5,Sous-desservi
Belgique,703,Bruges,Louvain,5,Sous-desservi
Belgique,703,Bruges,Louvain,5,Sous-desservi
Belgique,703,Bruges,Louvain,5,Sous-desservi
Belgique,703,Bruges,Louvain,5,Sous-desservi
Belgique,703,Bruges,Louvain,5,Sous-desservi
Belgique,703,Bruges,Louvain,5,Sous-desservi
Belgique,703,Bruges,Louvain,5,Sous-desservi
Belgique,703,Bruges,Louvain,5,Sous-desservi
Belgique,703,Bruges,Louvain,5,Sous-desservi
Belgique,703,Bruges,Louvain,5,Sous-desservi
Belgique,703,Bruges,Louvain,5,Sous-desservi
Belgique,703,Bruges,Louvain,5,Sous-desservi
Belgique,703,Bruges,Louvain,5,Sous-desservi
Belgique,703,Bruges,Louvain,5,Sous-desservi
Belgique,703,Bruges,Louvain,4,Sous-desservi
Belgique,703,Bruges,Louvain,5,Sous-desservi
Belgique,703,Bruges,Louvain,5,Sous-desservi
Belgique,703,Bruges,Louvain,5,Sous-desservi
Belgique,703,Bruges,Louvain,5,Sous-desservi
Belgique,704,Bruges,Londerzeel,5,Sous-desservi
Belgique,705,Bruges,Malines,1,Sous-desservi
Belgique,706,Charleroi-Central,Jambes,56,Desserte Normale
Belgique,706,Charleroi-Central,Jambes,111,Bien desservi
Belgique,706,Charleroi-Central,Jambes,137,Bien desservi
Belgique,706,Charleroi-Central,Jambes,166,Bien desservi
Belgique,706,Charleroi-Central,Jambes,115,Bien desservi
Belgique,706,Charleroi-Central,Jambes,142,Bien desservi
Belgique,706,Charleroi-Central,Jambes,105,Bien desservi
Belgique,706,Charleroi-Central,Jambes,130,Bien desservi
Belgique,706,Charleroi-Central,Jambes,110,Bien desservi
Belgique,706,Charleroi-Central,Jambes,137,Bien desservi
Belgique,706,Charleroi-Central,Jambes,137,Bien desservi
Belgique,706,Charleroi-Central,Jambes,137,Bien desservi
Belgique,706,Charleroi-Central,Jambes,137,Bien desservi
Belgique,706,Charleroi-Central,Jambes,133,Bien desservi
Belgique,706,Charleroi-Central,Jambes,142,Bien desservi
Belgique,706,Charleroi-Central,Jambes,142,Bien desservi
Belgique,706,Charleroi-Central,Jambes,115,Bien desservi
Belgique,706,Charleroi-Central,Jambes,142,Bien desservi
Belgique,706,Charleroi-Central,Jambes,141,Bien desservi
Belgique,706,Charleroi-Central,Jambes,142,Bien desservi
Belgique,706,Charleroi-Central,Jambes,142,Bien desservi
Belgique,706,Charleroi-Central,Jambes,132,Bien desservi
Belgique,706,Charleroi-Central,Jambes,132,Bien desservi
Belgique,706,Charleroi-Central,Jambes,132,Bien desservi
Belgique,706,Charleroi-Central,Jambes,132,Bien desservi
Belgique,706,Charleroi-Central,Jambes,132,Bien desservi
Belgique,706,Charleroi-Central,Jambes,132,Bien desservi
Belgique,706,Charleroi-Central,Jambes,132,Bien desservi
Belgique,706,Charleroi-Central,Jambes,132,Bien desservi
Belgique,706,Charleroi-Central,Jambes,132,Bien desservi
Belgique,706,Charleroi-Central,Jambes,132,Bien desservi
Belgique,706,Charleroi-Central,Jambes,132,Bien desservi
Belgique,706,Charleroi-Central,Jambes,107,Bien desservi
Belgique,706,Charleroi-Central,Jambes,132,Bien desservi
Belgique,706,Charleroi-Central,Jambes,132,Bien desservi
Belgique,706,Charleroi-Central,Jambes,132,Bien desservi
Belgique,706,Charleroi-Central,Jambes,131,Bien desservi
Belgique,707,Jambes,Luttre,4,Sous-desservi
Belgique,707,Jambes,Luttre,5,Sous-desservi
Belgique,707,Jambes,Luttre,5,Sous-desservi
Belgique,707,Jambes,Luttre,5,Sous-desservi
Belgique,707,Jambes,Luttre,5,Sous-desservi
Belgique,707,Jambes,Luttre,5,Sous-desservi
Belgique,707,Jambes,Luttre,5,Sous-desservi
Belgique,707,Jambes,Luttre,5,Sous-desservi
Belgique,707,Jambes,Luttre,5,Sous-desservi
Belgique,707,Jambes,Luttre,5,Sous-desservi
Belgique,707,Jambes,Luttre,5,Sous-desservi
Belgique,707,Jambes,Luttre,5,Sous-desservi
Belgique,707,Jambes,Luttre,5,Sous-desservi
Belgique,707,Jambes,Luttre,5,Sous-desservi
Belgique,707,Jambes,Luttre,4,Sous-desservi
Belgique,707,Jambes,Luttre,5,Sous-desservi
Belgique,707,Jambes,Luttre,5,Sous-desservi
Belgique,707,Jambes,Luttre,5,Sous-desservi
Belgique,707,Jambes,Luttre,5,Sous-desservi
Belgique,708,Jambes,Ottignies,16,Desserte Normale
Belgique,708,Jambes,Ottignies,32,Desserte Normale
Belgique,708,Jambes,Ottignies,40,Desserte Normale
Belgique,708,Jambes,Ottignies,40,Desserte Normale
Belgique,708,Jambes,Ottignies,24,Desserte Normale
Belgique,708,Jambes,Ottignies,30,Desserte Normale
Belgique,708,Jambes,Ottignies,32,Desserte Normale
Belgique,708,Jambes,Ottignies,40,Desserte Normale
Belgique,708,Jambes,Ottignies,86,Bien desservi
Belgique,708,Jambes,Ottignies,40,Desserte Normale
Belgique,708,Jambes,Ottignies,40,Desserte Normale
Belgique,708,Jambes,Ottignies,40,Desserte Normale
Belgique,708,Jambes,Ottignies,40,Desserte Normale
Belgique,708,Jambes,Ottignies,58,Bien desservi
Belgique,708,Jambes,Ottignies,52,Desserte Normale
Belgique,708,Jambes,Ottignies,30,Desserte Normale
Belgique,708,Jambes,Ottignies,24,Desserte Normale
Belgique,708,Jambes,Ottignies,30,Desserte Normale
Belgique,708,Jambes,Ottignies,30,Desserte Normale
Belgique,708,Jambes,Ottignies,30,Desserte Normale
Belgique,708,Jambes,Ottignies,40,Desserte Normale
Belgique,708,Jambes,Ottignies,40,Desserte Normale
Belgique,708,Jambes,Ottignies,40,Desserte Normale
Belgique,708,Jambes,Ottignies,40,Desserte Normale
Belgique,708,Jambes,Ottignies,40,Desserte Normale
Belgique,708,Jambes,Ottignies,40,Desserte Normale
Belgique,708,Jambes,Ottignies,40,Desserte Normale
Belgique,708,Jambes,Ottignies,40,Desserte Normale
Belgique,708,Jambes,Ottignies,40,Desserte Normale
Belgique,708,Jambes,Ottignies,40,Desserte Normale
Belgique,708,Jambes,Ottignies,40,Desserte Normale
Belgique,708,Jambes,Ottignies,32,Desserte Normale
Belgique,708,Jambes,Ottignies,40,Desserte Normale
Belgique,708,Jambes,Ottignies,40,Desserte Normale
Belgique,708,Jambes,Ottignies,40,Desserte Normale
Belgique,708,Jambes,Ottignies,40,Desserte Normale
Belgique,709,Charleroi-Central,Tamines,2,Sous-desservi
Belgique,709,Charleroi-Central,Tamines,4,Sous-desservi
Belgique,709,Charleroi-Central,Tamines,5,Sous-desservi
Belgique,709,Charleroi-Central,Tamines,5,Sous-desservi
Belgique,709,Charleroi-Central,Tamines,4,Sous-desservi
Belgique,709,Charleroi-Central,Tamines,5,Sous-desservi
Belgique,709,Charleroi-Central,Tamines,4,Sous-desservi
Belgique,709,Charleroi-Central,Tamines,9,Desserte Normale
Belgique,709,Charleroi-Central,Tamines,6,Sous-desservi
Belgique,709,Charleroi-Central,Tamines,5,Sous-desservi
Belgique,709,Charleroi-Central,Tamines,5,Sous-desservi
Belgique,709,Charleroi-Central,Tamines,5,Sous-desservi
Belgique,709,Charleroi-Central,Tamines,5,Sous-desservi
Belgique,709,Charleroi-Central,Tamines,5,Sous-desservi
Belgique,709,Charleroi-Central,Tamines,5,Sous-desservi
Belgique,709,Charleroi-Central,Tamines,5,Sous-desservi
Belgique,709,Charleroi-Central,Tamines,4,Sous-desservi
Belgique,709,Charleroi-Central,Tamines,5,Sous-desservi
Belgique,709,Charleroi-Central,Tamines,6,Sous-desservi
Belgique,709,Charleroi-Central,Tamines,5,Sous-desservi
Belgique,709,Charleroi-Central,Tamines,5,Sous-desservi
Belgique,709,Charleroi-Central,Tamines,5,Sous-desservi
Belgique,709,Charleroi-Central,Tamines,5,Sous-desservi
Belgique,709,Charleroi-Central,Tamines,5,Sous-desservi
Belgique,709,Charleroi-Central,Tamines,5,Sous-desservi
Belgique,709,Charleroi-Central,Tamines,5,Sous-desservi
Belgique,709,Charleroi-Central,Tamines,5,Sous-desservi
Belgique,709,Charleroi-Central,Tamines,5,Sous-desservi
Belgique,709,Charleroi-Central,Tamines,5,Sous-desservi
Belgique,709,Charleroi-Central,Tamines,5,Sous-desservi
Belgique,709,Charleroi-Central,Tamines,5,Sous-desservi
Belgique,709,Charleroi-Central,Tamines,5,Sous-desservi
Belgique,709,Charleroi-Central,Tamines,4,Sous-desservi
Belgique,709,Charleroi-Central,Tamines,5,Sous-desservi
Belgique,709,Charleroi-Central,Tamines,5,Sous-desservi
Belgique,709,Charleroi-Central,Tamines,5,Sous-desservi
Belgique,709,Charleroi-Central,Tamines,5,Sous-desservi
Belgique,71,Hasselt,Louvain,165,Bien desservi
Belgique,710,Courtrai,Gand-Saint-Pierre,10,Desserte Normale
Belgique,710,Courtrai,Gand-Saint-Pierre,20,Desserte Normale
Belgique,710,Courtrai,Gand-Saint-Pierre,25,Desserte Normale
Belgique,710,Courtrai,Gand-Saint-Pierre,27,Desserte Normale
Belgique,710,Courtrai,Gand-Saint-Pierre,20,Desserte Normale
Belgique,710,Courtrai,Gand-Saint-Pierre,25,Desserte Normale
Belgique,710,Courtrai,Gand-Saint-Pierre,20,Desserte Normale
Belgique,710,Courtrai,Gand-Saint-Pierre,27,Desserte Normale
Belgique,710,Courtrai,Gand-Saint-Pierre,21,Desserte Normale
Belgique,710,Courtrai,Gand-Saint-Pierre,25,Desserte Normale
Belgique,710,Courtrai,Gand-Saint-Pierre,25,Desserte Normale
Belgique,710,Courtrai,Gand-Saint-Pierre,25,Desserte Normale
Belgique,710,Courtrai,Gand-Saint-Pierre,25,Desserte Normale
Belgique,710,Courtrai,Gand-Saint-Pierre,25,Desserte Normale
Belgique,710,Courtrai,Gand-Saint-Pierre,25,Desserte Normale
Belgique,710,Courtrai,Gand-Saint-Pierre,25,Desserte Normale
Belgique,710,Courtrai,Gand-Saint-Pierre,20,Desserte Normale
Belgique,710,Courtrai,Gand-Saint-Pierre,25,Desserte Normale
Belgique,710,Courtrai,Gand-Saint-Pierre,25,Desserte Normale
Belgique,710,Courtrai,Gand-Saint-Pierre,25,Desserte Normale
Belgique,710,Courtrai,Gand-Saint-Pierre,25,Desserte Normale
Belgique,710,Courtrai,Gand-Saint-Pierre,25,Desserte Normale
Belgique,710,Courtrai,Gand-Saint-Pierre,25,Desserte Normale
Belgique,710,Courtrai,Gand-Saint-Pierre,25,Desserte Normale
Belgique,710,Courtrai,Gand-Saint-Pierre,25,Desserte Normale
Belgique,710,Courtrai,Gand-Saint-Pierre,27,Desserte Normale
Belgique,710,Courtrai,Gand-Saint-Pierre,27,Desserte Normale
Belgique,710,Courtrai,Gand-Saint-Pierre,25,Desserte Normale
Belgique,710,Courtrai,Gand-Saint-Pierre,25,Desserte Normale
Belgique,710,Courtrai,Gand-Saint-Pierre,25,Desserte Normale
Belgique,710,Courtrai,Gand-Saint-Pierre,25,Desserte Normale
Belgique,710,Courtrai,Gand-Saint-Pierre,25,Desserte Normale
Belgique,710,Courtrai,Gand-Saint-Pierre,20,Desserte Normale
Belgique,710,Courtrai,Gand-Saint-Pierre,25,Desserte Normale
Belgique,710,Courtrai,Gand-Saint-Pierre,25,Desserte Normale
Belgique,710,Courtrai,Gand-Saint-Pierre,25,Desserte Normale
Belgique,710,Courtrai,Gand-Saint-Pierre,25,Desserte Normale
Belgique,711,Anvers-Central,Turnhout,134,Bien desservi
Belgique,711,Anvers-Central,Turnhout,234,Bien desservi
Belgique,711,Anvers-Central,Turnhout,233,Bien desservi
Belgique,711,Anvers-Central,Turnhout,233,Bien desservi
Belgique,711,Anvers-Central,Turnhout,233,Bien desservi
Belgique,711,Anvers-Central,Turnhout,233,Bien desservi
Belgique,711,Anvers-Central,Turnhout,234,Bien desservi
Belgique,711,Anvers-Central,Turnhout,233,Bien desservi
Belgique,711,Anvers-Central,Turnhout,234,Bien desservi
Belgique,711,Anvers-Central,Turnhout,231,Bien desservi
Belgique,711,Anvers-Central,Turnhout,233,Bien desservi
Belgique,711,Anvers-Central,Turnhout,233,Bien desservi
Belgique,711,Anvers-Central,Turnhout,233,Bien desservi
Belgique,711,Anvers-Central,Turnhout,233,Bien desservi
Belgique,711,Anvers-Central,Turnhout,233,Bien desservi
Belgique,711,Anvers-Central,Turnhout,233,Bien desservi
Belgique,711,Anvers-Central,Turnhout,234,Bien desservi
Belgique,711,Anvers-Central,Turnhout,233,Bien desservi
Belgique,711,Anvers-Central,Turnhout,165,Bien desservi
Belgique,711,Anvers-Central,Turnhout,233,Bien desservi
Belgique,711,Anvers-Central,Turnhout,233,Bien desservi
Belgique,711,Anvers-Central,Turnhout,233,Bien desservi
Belgique,711,Anvers-Central,Turnhout,233,Bien desservi
Belgique,711,Anvers-Central,Turnhout,233,Bien desservi
Belgique,711,Anvers-Central,Turnhout,233,Bien desservi
Belgique,711,Anvers-Central,Turnhout,165,Bien desservi
Belgique,711,Anvers-Central,Turnhout,165,Bien desservi
Belgique,711,Anvers-Central,Turnhout,165,Bien desservi
Belgique,711,Anvers-Central,Turnhout,165,Bien desservi
Belgique,711,Anvers-Central,Turnhout,233,Bien desservi
Belgique,711,Anvers-Central,Turnhout,233,Bien desservi
Belgique,711,Anvers-Central,Turnhout,233,Bien desservi
Belgique,711,Anvers-Central,Turnhout,234,Bien desservi
Belgique,711,Anvers-Central,Turnhout,233,Bien desservi
Belgique,711,Anvers-Central,Turnhout,233,Bien desservi
Belgique,711,Anvers-Central,Turnhout,233,Bien desservi
Belgique,711,Anvers-Central,Turnhout,199,Bien desservi
Belgique,712,Herentals,Turnhout,68,Bien desservi
Belgique,712,Herentals,Turnhout,68,Bien desservi
Belgique,713,Anvers-Berchem,Turnhout,1,Sous-desservi
Belgique,713,Anvers-Berchem,Turnhout,2,Sous-desservi
Belgique,714,La Louvière-Sud,Luttre,8,Desserte Normale
Belgique,714,La Louvière-Sud,Luttre,10,Desserte Normale
Belgique,714,La Louvière-Sud,Luttre,12,Desserte Normale
Belgique,714,La Louvière-Sud,Luttre,15,Desserte Normale
Belgique,714,La Louvière-Sud,Luttre,12,Desserte Normale
Belgique,714,La Louvière-Sud,Luttre,15,Desserte Normale
Belgique,714,La Louvière-Sud,Luttre,15,Desserte Normale
Belgique,714,La Louvière-Sud,Luttre,15,Desserte Normale
Belgique,714,La Louvière-Sud,Luttre,15,Desserte Normale
Belgique,714,La Louvière-Sud,Luttre,15,Desserte Normale
Belgique,714,La Louvière-Sud,Luttre,10,Desserte Normale
Belgique,714,La Louvière-Sud,Luttre,10,Desserte Normale
Belgique,714,La Louvière-Sud,Luttre,8,Desserte Normale
Belgique,714,La Louvière-Sud,Luttre,10,Desserte Normale
Belgique,714,La Louvière-Sud,Luttre,10,Desserte Normale
Belgique,714,La Louvière-Sud,Luttre,10,Desserte Normale
Belgique,714,La Louvière-Sud,Luttre,10,Desserte Normale
Belgique,714,La Louvière-Sud,Luttre,15,Desserte Normale
Belgique,714,La Louvière-Sud,Luttre,15,Desserte Normale
Belgique,714,La Louvière-Sud,Luttre,15,Desserte Normale
Belgique,714,La Louvière-Sud,Luttre,15,Desserte Normale
Belgique,714,La Louvière-Sud,Luttre,15,Desserte Normale
Belgique,714,La Louvière-Sud,Luttre,15,Desserte Normale
Belgique,714,La Louvière-Sud,Luttre,15,Desserte Normale
Belgique,714,La Louvière-Sud,Luttre,15,Desserte Normale
Belgique,714,La Louvière-Sud,Luttre,15,Desserte Normale
Belgique,714,La Louvière-Sud,Luttre,15,Desserte Normale
Belgique,714,La Louvière-Sud,Luttre,15,Desserte Normale
Belgique,714,La Louvière-Sud,Luttre,12,Desserte Normale
Belgique,714,La Louvière-Sud,Luttre,15,Desserte Normale
Belgique,714,La Louvière-Sud,Luttre,15,Desserte Normale
Belgique,714,La Louvière-Sud,Luttre,15,Desserte Normale
Belgique,714,La Louvière-Sud,Luttre,15,Desserte Normale
Belgique,715,La Louvière-Sud,Manage,6,Sous-desservi
Belgique,715,La Louvière-Sud,Manage,12,Desserte Normale
Belgique,715,La Louvière-Sud,Manage,15,Desserte Normale
Belgique,715,La Louvière-Sud,Manage,15,Desserte Normale
Belgique,716,Charleroi-Central,Luttre,120,Bien desservi
Belgique,716,Charleroi-Central,Luttre,150,Bien desservi
Belgique,716,Charleroi-Central,Luttre,64,Bien desservi
Belgique,716,Charleroi-Central,Luttre,79,Bien desservi
Belgique,716,Charleroi-Central,Luttre,120,Bien desservi
Belgique,716,Charleroi-Central,Luttre,150,Bien desservi
Belgique,716,Charleroi-Central,Luttre,150,Bien desservi
Belgique,716,Charleroi-Central,Luttre,150,Bien desservi
Belgique,716,Charleroi-Central,Luttre,150,Bien desservi
Belgique,716,Charleroi-Central,Luttre,150,Bien desservi
Belgique,716,Charleroi-Central,Luttre,150,Bien desservi
Belgique,716,Charleroi-Central,Luttre,150,Bien desservi
Belgique,716,Charleroi-Central,Luttre,120,Bien desservi
Belgique,716,Charleroi-Central,Luttre,202,Bien desservi
Belgique,716,Charleroi-Central,Luttre,150,Bien desservi
Belgique,716,Charleroi-Central,Luttre,150,Bien desservi
Belgique,716,Charleroi-Central,Luttre,150,Bien desservi
Belgique,716,Charleroi-Central,Luttre,150,Bien desservi
Belgique,716,Charleroi-Central,Luttre,150,Bien desservi
Belgique,716,Charleroi-Central,Luttre,150,Bien desservi
Belgique,716,Charleroi-Central,Luttre,150,Bien desservi
Belgique,716,Charleroi-Central,Luttre,150,Bien desservi
Belgique,716,Charleroi-Central,Luttre,150,Bien desservi
Belgique,716,Charleroi-Central,Luttre,150,Bien desservi
Belgique,716,Charleroi-Central,Luttre,150,Bien desservi
Belgique,716,Charleroi-Central,Luttre,150,Bien desservi
Belgique,716,Charleroi-Central,Luttre,150,Bien desservi
Belgique,716,Charleroi-Central,Luttre,150,Bien desservi
Belgique,716,Charleroi-Central,Luttre,120,Bien desservi
Belgique,716,Charleroi-Central,Luttre,150,Bien desservi
Belgique,716,Charleroi-Central,Luttre,150,Bien desservi
Belgique,716,Charleroi-Central,Luttre,150,Bien desservi
Belgique,716,Charleroi-Central,Luttre,150,Bien desservi
Belgique,717,Charleroi-Central,Manage,92,Bien desservi
Belgique,717,Charleroi-Central,Manage,168,Bien desservi
Belgique,717,Charleroi-Central,Manage,182,Bien desservi
Belgique,717,Charleroi-Central,Manage,182,Bien desservi
Belgique,717,Charleroi-Central,Manage,2,Sous-desservi
Belgique,717,Charleroi-Central,Manage,80,Bien desservi
Belgique,717,Charleroi-Central,Manage,70,Bien desservi
Belgique,717,Charleroi-Central,Manage,26,Desserte Normale
Belgique,718,Charleroi-Central,La Louvière-Centre,30,Desserte Normale
Belgique,718,Charleroi-Central,La Louvière-Centre,16,Desserte Normale
Belgique,718,Charleroi-Central,La Louvière-Centre,32,Desserte Normale
Belgique,718,Charleroi-Central,La Louvière-Centre,26,Desserte Normale
Belgique,718,Charleroi-Central,La Louvière-Centre,32,Desserte Normale
Belgique,718,Charleroi-Central,La Louvière-Centre,26,Desserte Normale
Belgique,718,Charleroi-Central,La Louvière-Centre,32,Desserte Normale
Belgique,719,Charleroi-Central,Charleroi-Central,64,Bien desservi
Belgique,719,Charleroi-Central,Charleroi-Central,62,Bien desservi
Belgique,719,Charleroi-Central,Charleroi-Central,32,Desserte Normale
Belgique,719,Charleroi-Central,Charleroi-Central,64,Bien desservi
Belgique,719,Charleroi-Central,Charleroi-Central,64,Bien desservi
Belgique,719,Charleroi-Central,Charleroi-Central,64,Bien desservi
Belgique,719,Charleroi-Central,Charleroi-Central,64,Bien desservi
Belgique,719,Charleroi-Central,Charleroi-Central,12,Desserte Normale
Belgique,719,Charleroi-Central,Charleroi-Central,64,Bien desservi
Belgique,719,Charleroi-Central,Charleroi-Central,64,Bien desservi
Belgique,719,Charleroi-Central,Charleroi-Central,64,Bien desservi
Belgique,719,Charleroi-Central,Charleroi-Central,64,Bien desservi
Belgique,719,Charleroi-Central,Charleroi-Central,64,Bien desservi
Belgique,719,Charleroi-Central,Charleroi-Central,12,Desserte Normale
Belgique,719,Charleroi-Central,Charleroi-Central,12,Desserte Normale
Belgique,719,Charleroi-Central,Charleroi-Central,64,Bien desservi
Belgique,719,Charleroi-Central,Charleroi-Central,64,Bien desservi
Belgique,719,Charleroi-Central,Charleroi-Central,64,Bien desservi
Belgique,719,Charleroi-Central,Charleroi-Central,64,Bien desservi
Belgique,719,Charleroi-Central,Charleroi-Central,92,Bien desservi
Belgique,719,Charleroi-Central,Charleroi-Central,92,Bien desservi
Belgique,719,Charleroi-Central,Charleroi-Central,92,Bien desservi
Belgique,719,Charleroi-Central,Charleroi-Central,92,Bien desservi
Belgique,719,Charleroi-Central,Charleroi-Central,92,Bien desservi
Belgique,719,Charleroi-Central,Charleroi-Central,92,Bien desservi
Belgique,719,Charleroi-Central,Charleroi-Central,92,Bien desservi
Belgique,719,Charleroi-Central,Charleroi-Central,92,Bien desservi
Belgique,719,Charleroi-Central,Charleroi-Central,92,Bien desservi
Belgique,719,Charleroi-Central,Charleroi-Central,92,Bien desservi
Belgique,719,Charleroi-Central,Charleroi-Central,92,Bien desservi
Belgique,719,Charleroi-Central,Charleroi-Central,92,Bien desservi
Belgique,719,Charleroi-Central,Charleroi-Central,92,Bien desservi
Belgique,719,Charleroi-Central,Charleroi-Central,60,Bien desservi
Belgique,72,Anvers-Berchem,Lierre,1,Sous-desservi
Belgique,720,Charleroi-Central,La Louvière-Sud,6,Sous-desservi
Belgique,720,Charleroi-Central,La Louvière-Sud,12,Desserte Normale
Belgique,720,Charleroi-Central,La Louvière-Sud,15,Desserte Normale
Belgique,720,Charleroi-Central,La Louvière-Sud,15,Desserte Normale
Belgique,720,Charleroi-Central,La Louvière-Sud,8,Desserte Normale
Belgique,720,Charleroi-Central,La Louvière-Sud,10,Desserte Normale
Belgique,720,Charleroi-Central,La Louvière-Sud,12,Desserte Normale
Belgique,720,Charleroi-Central,La Louvière-Sud,15,Desserte Normale
Belgique,720,Charleroi-Central,La Louvière-Sud,12,Desserte Normale
Belgique,720,Charleroi-Central,La Louvière-Sud,15,Desserte Normale
Belgique,720,Charleroi-Central,La Louvière-Sud,15,Desserte Normale
Belgique,720,Charleroi-Central,La Louvière-Sud,41,Desserte Normale
Belgique,720,Charleroi-Central,La Louvière-Sud,15,Desserte Normale
Belgique,720,Charleroi-Central,La Louvière-Sud,15,Desserte Normale
Belgique,720,Charleroi-Central,La Louvière-Sud,10,Desserte Normale
Belgique,720,Charleroi-Central,La Louvière-Sud,10,Desserte Normale
Belgique,720,Charleroi-Central,La Louvière-Sud,8,Desserte Normale
Belgique,720,Charleroi-Central,La Louvière-Sud,10,Desserte Normale
Belgique,720,Charleroi-Central,La Louvière-Sud,10,Desserte Normale
Belgique,720,Charleroi-Central,La Louvière-Sud,10,Desserte Normale
Belgique,720,Charleroi-Central,La Louvière-Sud,10,Desserte Normale
Belgique,720,Charleroi-Central,La Louvière-Sud,15,Desserte Normale
Belgique,720,Charleroi-Central,La Louvière-Sud,15,Desserte Normale
Belgique,720,Charleroi-Central,La Louvière-Sud,15,Desserte Normale
Belgique,720,Charleroi-Central,La Louvière-Sud,15,Desserte Normale
Belgique,720,Charleroi-Central,La Louvière-Sud,15,Desserte Normale
Belgique,720,Charleroi-Central,La Louvière-Sud,15,Desserte Normale
Belgique,720,Charleroi-Central,La Louvière-Sud,15,Desserte Normale
Belgique,720,Charleroi-Central,La Louvière-Sud,15,Desserte Normale
Belgique,720,Charleroi-Central,La Louvière-Sud,15,Desserte Normale
Belgique,720,Charleroi-Central,La Louvière-Sud,15,Desserte Normale
Belgique,720,Charleroi-Central,La Louvière-Sud,15,Desserte Normale
Belgique,720,Charleroi-Central,La Louvière-Sud,12,Desserte Normale
Belgique,720,Charleroi-Central,La Louvière-Sud,15,Desserte Normale
Belgique,720,Charleroi-Central,La Louvière-Sud,15,Desserte Normale
Belgique,720,Charleroi-Central,La Louvière-Sud,15,Desserte Normale
Belgique,720,Charleroi-Central,La Louvière-Sud,15,Desserte Normale
Belgique,721,Luttre,Pont-à-Celles,1,Sous-desservi
Belgique,722,Anvers-Central,Hamont,133,Bien desservi
Belgique,722,Anvers-Central,Hamont,234,Bien desservi
Belgique,722,Anvers-Central,Hamont,231,Bien desservi
Belgique,722,Anvers-Central,Hamont,231,Bien desservi
Belgique,722,Anvers-Central,Hamont,129,Bien desservi
Belgique,722,Anvers-Central,Hamont,231,Bien desservi
Belgique,722,Anvers-Central,Hamont,99,Bien desservi
Belgique,722,Anvers-Central,Hamont,165,Bien desservi
Belgique,722,Anvers-Central,Hamont,198,Bien desservi
Belgique,722,Anvers-Central,Hamont,231,Bien desservi
Belgique,722,Anvers-Central,Hamont,231,Bien desservi
Belgique,722,Anvers-Central,Hamont,231,Bien desservi
Belgique,722,Anvers-Central,Hamont,233,Bien desservi
Belgique,722,Anvers-Central,Hamont,233,Bien desservi
Belgique,722,Anvers-Central,Hamont,232,Bien desservi
Belgique,722,Anvers-Central,Hamont,233,Bien desservi
Belgique,722,Anvers-Central,Hamont,234,Bien desservi
Belgique,722,Anvers-Central,Hamont,233,Bien desservi
Belgique,722,Anvers-Central,Hamont,165,Bien desservi
Belgique,722,Anvers-Central,Hamont,165,Bien desservi
Belgique,722,Anvers-Central,Hamont,233,Bien desservi
Belgique,722,Anvers-Central,Hamont,165,Bien desservi
Belgique,722,Anvers-Central,Hamont,165,Bien desservi
Belgique,722,Anvers-Central,Hamont,231,Bien desservi
Belgique,722,Anvers-Central,Hamont,231,Bien desservi
Belgique,722,Anvers-Central,Hamont,165,Bien desservi
Belgique,722,Anvers-Central,Hamont,165,Bien desservi
Belgique,722,Anvers-Central,Hamont,165,Bien desservi
Belgique,722,Anvers-Central,Hamont,165,Bien desservi
Belgique,722,Anvers-Central,Hamont,231,Bien desservi
Belgique,722,Anvers-Central,Hamont,231,Bien desservi
Belgique,722,Anvers-Central,Hamont,231,Bien desservi
Belgique,722,Anvers-Central,Hamont,230,Bien desservi
Belgique,722,Anvers-Central,Hamont,231,Bien desservi
Belgique,722,Anvers-Central,Hamont,231,Bien desservi
Belgique,722,Anvers-Central,Hamont,231,Bien desservi
Belgique,722,Anvers-Central,Hamont,199,Bien desservi
Belgique,723,Anvers-Berchem,Hamont,2,Sous-desservi
Belgique,724,Anvers-Central,Zonhoven,1,Sous-desservi
Belgique,724,Anvers-Central,Zonhoven,1,Sous-desservi
Belgique,725,Hamont,Lierre,1,Sous-desservi
Belgique,726,Anvers-Central,Neerpelt,4,Sous-desservi
Belgique,726,Anvers-Central,Neerpelt,3,Sous-desservi
Belgique,726,Anvers-Central,Neerpelt,2,Sous-desservi
Belgique,726,Anvers-Central,Neerpelt,2,Sous-desservi
Belgique,726,Anvers-Central,Neerpelt,2,Sous-desservi
Belgique,726,Anvers-Central,Neerpelt,2,Sous-desservi
Belgique,726,Anvers-Central,Neerpelt,2,Sous-desservi
Belgique,726,Anvers-Central,Neerpelt,2,Sous-desservi
Belgique,726,Anvers-Central,Neerpelt,7,Desserte Normale
Belgique,726,Anvers-Central,Neerpelt,7,Desserte Normale
Belgique,726,Anvers-Central,Neerpelt,7,Desserte Normale
Belgique,726,Anvers-Central,Neerpelt,7,Desserte Normale
Belgique,726,Anvers-Central,Neerpelt,7,Desserte Normale
Belgique,726,Anvers-Central,Neerpelt,7,Desserte Normale
Belgique,726,Anvers-Central,Neerpelt,7,Desserte Normale
Belgique,726,Anvers-Central,Neerpelt,5,Sous-desservi
Belgique,726,Anvers-Central,Neerpelt,5,Sous-desservi
Belgique,726,Anvers-Central,Neerpelt,7,Desserte Normale
Belgique,726,Anvers-Central,Neerpelt,5,Sous-desservi
Belgique,726,Anvers-Central,Neerpelt,5,Sous-desservi
Belgique,726,Anvers-Central,Neerpelt,7,Desserte Normale
Belgique,726,Anvers-Central,Neerpelt,7,Desserte Normale
Belgique,726,Anvers-Central,Neerpelt,5,Sous-desservi
Belgique,726,Anvers-Central,Neerpelt,5,Sous-desservi
Belgique,726,Anvers-Central,Neerpelt,5,Sous-desservi
Belgique,726,Anvers-Central,Neerpelt,5,Sous-desservi
Belgique,726,Anvers-Central,Neerpelt,7,Desserte Normale
Belgique,726,Anvers-Central,Neerpelt,7,Desserte Normale
Belgique,726,Anvers-Central,Neerpelt,7,Desserte Normale
Belgique,726,Anvers-Central,Neerpelt,7,Desserte Normale
Belgique,726,Anvers-Central,Neerpelt,7,Desserte Normale
Belgique,726,Anvers-Central,Neerpelt,7,Desserte Normale
Belgique,726,Anvers-Central,Neerpelt,7,Desserte Normale
Belgique,726,Anvers-Central,Neerpelt,6,Sous-desservi
Belgique,727,Mol,Neerpelt,4,Sous-desservi
Belgique,727,Mol,Neerpelt,4,Sous-desservi
Belgique,727,Mol,Neerpelt,4,Sous-desservi
Belgique,727,Mol,Neerpelt,4,Sous-desservi
Belgique,727,Mol,Neerpelt,4,Sous-desservi
Belgique,727,Mol,Neerpelt,2,Sous-desservi
Belgique,728,Binche,Braine-le-Comte,4,Sous-desservi
Belgique,728,Binche,Braine-le-Comte,8,Desserte Normale
Belgique,728,Binche,Braine-le-Comte,10,Desserte Normale
Belgique,728,Binche,Braine-le-Comte,10,Desserte Normale
Belgique,728,Binche,Braine-le-Comte,8,Desserte Normale
Belgique,728,Binche,Braine-le-Comte,10,Desserte Normale
Belgique,728,Binche,Braine-le-Comte,8,Desserte Normale
Belgique,728,Binche,Braine-le-Comte,10,Desserte Normale
Belgique,728,Binche,Braine-le-Comte,8,Desserte Normale
Belgique,728,Binche,Braine-le-Comte,10,Desserte Normale
Belgique,728,Binche,Braine-le-Comte,10,Desserte Normale
Belgique,728,Binche,Braine-le-Comte,10,Desserte Normale
Belgique,728,Binche,Braine-le-Comte,10,Desserte Normale
Belgique,728,Binche,Braine-le-Comte,10,Desserte Normale
Belgique,728,Binche,Braine-le-Comte,10,Desserte Normale
Belgique,728,Binche,Braine-le-Comte,10,Desserte Normale
Belgique,728,Binche,Braine-le-Comte,8,Desserte Normale
Belgique,728,Binche,Braine-le-Comte,10,Desserte Normale
Belgique,728,Binche,Braine-le-Comte,10,Desserte Normale
Belgique,728,Binche,Braine-le-Comte,10,Desserte Normale
Belgique,728,Binche,Braine-le-Comte,10,Desserte Normale
Belgique,728,Binche,Braine-le-Comte,10,Desserte Normale
Belgique,728,Binche,Braine-le-Comte,10,Desserte Normale
Belgique,728,Binche,Braine-le-Comte,10,Desserte Normale
Belgique,728,Binche,Braine-le-Comte,10,Desserte Normale
Belgique,728,Binche,Braine-le-Comte,10,Desserte Normale
Belgique,728,Binche,Braine-le-Comte,10,Desserte Normale
Belgique,728,Binche,Braine-le-Comte,10,Desserte Normale
Belgique,728,Binche,Braine-le-Comte,10,Desserte Normale
Belgique,728,Binche,Braine-le-Comte,10,Desserte Normale
Belgique,728,Binche,Braine-le-Comte,10,Desserte Normale
Belgique,728,Binche,Braine-le-Comte,10,Desserte Normale
Belgique,728,Binche,Braine-le-Comte,8,Desserte Normale
Belgique,728,Binche,Braine-le-Comte,10,Desserte Normale
Belgique,728,Binche,Braine-le-Comte,10,Desserte Normale
Belgique,728,Binche,Braine-le-Comte,10,Desserte Normale
Belgique,728,Binche,Braine-le-Comte,10,Desserte Normale
Belgique,729,Braine-le-Comte,La Louvière-Sud,50,Desserte Normale
Belgique,729,Braine-le-Comte,La Louvière-Sud,100,Bien desservi
Belgique,729,Braine-le-Comte,La Louvière-Sud,125,Bien desservi
Belgique,729,Braine-le-Comte,La Louvière-Sud,125,Bien desservi
Belgique,729,Braine-le-Comte,La Louvière-Sud,100,Bien desservi
Belgique,729,Braine-le-Comte,La Louvière-Sud,125,Bien desservi
Belgique,729,Braine-le-Comte,La Louvière-Sud,100,Bien desservi
Belgique,729,Braine-le-Comte,La Louvière-Sud,125,Bien desservi
Belgique,729,Braine-le-Comte,La Louvière-Sud,100,Bien desservi
Belgique,729,Braine-le-Comte,La Louvière-Sud,125,Bien desservi
Belgique,729,Braine-le-Comte,La Louvière-Sud,125,Bien desservi
Belgique,729,Braine-le-Comte,La Louvière-Sud,125,Bien desservi
Belgique,729,Braine-le-Comte,La Louvière-Sud,125,Bien desservi
Belgique,729,Braine-le-Comte,La Louvière-Sud,125,Bien desservi
Belgique,729,Braine-le-Comte,La Louvière-Sud,125,Bien desservi
Belgique,729,Braine-le-Comte,La Louvière-Sud,125,Bien desservi
Belgique,729,Braine-le-Comte,La Louvière-Sud,100,Bien desservi
Belgique,729,Braine-le-Comte,La Louvière-Sud,125,Bien desservi
Belgique,729,Braine-le-Comte,La Louvière-Sud,125,Bien desservi
Belgique,729,Braine-le-Comte,La Louvière-Sud,125,Bien desservi
Belgique,729,Braine-le-Comte,La Louvière-Sud,125,Bien desservi
Belgique,729,Braine-le-Comte,La Louvière-Sud,125,Bien desservi
Belgique,729,Braine-le-Comte,La Louvière-Sud,125,Bien desservi
Belgique,729,Braine-le-Comte,La Louvière-Sud,125,Bien desservi
Belgique,729,Braine-le-Comte,La Louvière-Sud,125,Bien desservi
Belgique,729,Braine-le-Comte,La Louvière-Sud,125,Bien desservi
Belgique,729,Braine-le-Comte,La Louvière-Sud,125,Bien desservi
Belgique,729,Braine-le-Comte,La Louvière-Sud,125,Bien desservi
Belgique,729,Braine-le-Comte,La Louvière-Sud,125,Bien desservi
Belgique,729,Braine-le-Comte,La Louvière-Sud,125,Bien desservi
Belgique,729,Braine-le-Comte,La Louvière-Sud,125,Bien desservi
Belgique,729,Braine-le-Comte,La Louvière-Sud,125,Bien desservi
Belgique,729,Braine-le-Comte,La Louvière-Sud,100,Bien desservi
Belgique,729,Braine-le-Comte,La Louvière-Sud,125,Bien desservi
Belgique,729,Braine-le-Comte,La Louvière-Sud,125,Bien desservi
Belgique,729,Braine-le-Comte,La Louvière-Sud,125,Bien desservi
Belgique,729,Braine-le-Comte,La Louvière-Sud,125,Bien desservi
Belgique,73,Louvain,Malines,8,Desserte Normale
Belgique,73,Louvain,Malines,14,Desserte Normale
Belgique,73,Louvain,Malines,14,Desserte Normale
Belgique,73,Louvain,Malines,14,Desserte Normale
Belgique,73,Louvain,Malines,18,Desserte Normale
Belgique,73,Louvain,Malines,14,Desserte Normale
Belgique,73,Louvain,Malines,14,Desserte Normale
Belgique,73,Louvain,Malines,19,Desserte Normale
Belgique,73,Louvain,Malines,14,Desserte Normale
Belgique,73,Louvain,Malines,14,Desserte Normale
Belgique,73,Louvain,Malines,14,Desserte Normale
Belgique,73,Louvain,Malines,14,Desserte Normale
Belgique,73,Louvain,Malines,14,Desserte Normale
Belgique,73,Louvain,Malines,194,Bien desservi
Belgique,73,Louvain,Malines,14,Desserte Normale
Belgique,73,Louvain,Malines,14,Desserte Normale
Belgique,73,Louvain,Malines,14,Desserte Normale
Belgique,73,Louvain,Malines,14,Desserte Normale
Belgique,73,Louvain,Malines,14,Desserte Normale
Belgique,73,Louvain,Malines,14,Desserte Normale
Belgique,73,Louvain,Malines,14,Desserte Normale
Belgique,73,Louvain,Malines,14,Desserte Normale
Belgique,73,Louvain,Malines,14,Desserte Normale
Belgique,73,Louvain,Malines,14,Desserte Normale
Belgique,73,Louvain,Malines,14,Desserte Normale
Belgique,73,Louvain,Malines,14,Desserte Normale
Belgique,73,Louvain,Malines,14,Desserte Normale
Belgique,73,Louvain,Malines,14,Desserte Normale
Belgique,73,Louvain,Malines,14,Desserte Normale
Belgique,73,Louvain,Malines,14,Desserte Normale
Belgique,73,Louvain,Malines,14,Desserte Normale
Belgique,73,Louvain,Malines,14,Desserte Normale
Belgique,73,Louvain,Malines,14,Desserte Normale
Belgique,73,Louvain,Malines,14,Desserte Normale
Belgique,73,Louvain,Malines,14,Desserte Normale
Belgique,73,Louvain,Malines,14,Desserte Normale
Belgique,73,Louvain,Malines,12,Desserte Normale
Belgique,730,La Louvière-Centre,Manage,2,Sous-desservi
Belgique,731,Ostende,Welkenraedt,20,Desserte Normale
Belgique,731,Ostende,Welkenraedt,34,Desserte Normale
Belgique,731,Ostende,Welkenraedt,25,Desserte Normale
Belgique,731,Ostende,Welkenraedt,35,Desserte Normale
Belgique,731,Ostende,Welkenraedt,41,Desserte Normale
Belgique,731,Ostende,Welkenraedt,35,Desserte Normale
Belgique,731,Ostende,Welkenraedt,35,Desserte Normale
Belgique,731,Ostende,Welkenraedt,35,Desserte Normale
Belgique,731,Ostende,Welkenraedt,35,Desserte Normale
Belgique,731,Ostende,Welkenraedt,35,Desserte Normale
Belgique,731,Ostende,Welkenraedt,31,Desserte Normale
Belgique,731,Ostende,Welkenraedt,35,Desserte Normale
Belgique,731,Ostende,Welkenraedt,41,Desserte Normale
Belgique,731,Ostende,Welkenraedt,35,Desserte Normale
Belgique,731,Ostende,Welkenraedt,61,Bien desservi
Belgique,731,Ostende,Welkenraedt,35,Desserte Normale
Belgique,731,Ostende,Welkenraedt,32,Desserte Normale
Belgique,731,Ostende,Welkenraedt,92,Bien desservi
Belgique,731,Ostende,Welkenraedt,177,Bien desservi
Belgique,731,Ostende,Welkenraedt,180,Bien desservi
Belgique,731,Ostende,Welkenraedt,180,Bien desservi
Belgique,731,Ostende,Welkenraedt,35,Desserte Normale
Belgique,731,Ostende,Welkenraedt,35,Desserte Normale
Belgique,731,Ostende,Welkenraedt,35,Desserte Normale
Belgique,731,Ostende,Welkenraedt,35,Desserte Normale
Belgique,731,Ostende,Welkenraedt,35,Desserte Normale
Belgique,731,Ostende,Welkenraedt,35,Desserte Normale
Belgique,731,Ostende,Welkenraedt,35,Desserte Normale
Belgique,731,Ostende,Welkenraedt,35,Desserte Normale
Belgique,731,Ostende,Welkenraedt,35,Desserte Normale
Belgique,731,Ostende,Welkenraedt,35,Desserte Normale
Belgique,731,Ostende,Welkenraedt,35,Desserte Normale
Belgique,731,Ostende,Welkenraedt,35,Desserte Normale
Belgique,731,Ostende,Welkenraedt,35,Desserte Normale
Belgique,731,Ostende,Welkenraedt,35,Desserte Normale
Belgique,731,Ostende,Welkenraedt,35,Desserte Normale
Belgique,731,Ostende,Welkenraedt,30,Desserte Normale
Belgique,732,Ostende,Verviers-Central,4,Sous-desservi
Belgique,732,Ostende,Verviers-Central,4,Sous-desservi
Belgique,732,Ostende,Verviers-Central,2,Sous-desservi
Belgique,732,Ostende,Verviers-Central,5,Sous-desservi
Belgique,732,Ostende,Verviers-Central,5,Sous-desservi
Belgique,733,Mol,Zonhoven,7,Desserte Normale
Belgique,733,Mol,Zonhoven,37,Desserte Normale
Belgique,733,Mol,Zonhoven,42,Desserte Normale
Belgique,733,Mol,Zonhoven,35,Desserte Normale
Belgique,733,Mol,Zonhoven,7,Desserte Normale
Belgique,734,Hasselt,Mol,11,Desserte Normale
Belgique,734,Hasselt,Mol,22,Desserte Normale
Belgique,734,Hasselt,Mol,25,Desserte Normale
Belgique,734,Hasselt,Mol,27,Desserte Normale
Belgique,734,Hasselt,Mol,37,Desserte Normale
Belgique,734,Hasselt,Mol,34,Desserte Normale
Belgique,734,Hasselt,Mol,37,Desserte Normale
Belgique,734,Hasselt,Mol,39,Desserte Normale
Belgique,734,Hasselt,Mol,37,Desserte Normale
Belgique,734,Hasselt,Mol,37,Desserte Normale
Belgique,734,Hasselt,Mol,37,Desserte Normale
Belgique,734,Hasselt,Mol,37,Desserte Normale
Belgique,734,Hasselt,Mol,37,Desserte Normale
Belgique,734,Hasselt,Mol,34,Desserte Normale
Belgique,734,Hasselt,Mol,37,Desserte Normale
Belgique,734,Hasselt,Mol,76,Bien desservi
Belgique,734,Hasselt,Mol,62,Bien desservi
Belgique,734,Hasselt,Mol,37,Desserte Normale
Belgique,734,Hasselt,Mol,76,Bien desservi
Belgique,734,Hasselt,Mol,76,Bien desservi
Belgique,734,Hasselt,Mol,30,Desserte Normale
Belgique,734,Hasselt,Mol,30,Desserte Normale
Belgique,734,Hasselt,Mol,90,Bien desservi
Belgique,734,Hasselt,Mol,90,Bien desservi
Belgique,734,Hasselt,Mol,90,Bien desservi
Belgique,734,Hasselt,Mol,90,Bien desservi
Belgique,734,Hasselt,Mol,51,Desserte Normale
Belgique,734,Hasselt,Mol,51,Desserte Normale
Belgique,734,Hasselt,Mol,51,Desserte Normale
Belgique,734,Hasselt,Mol,50,Desserte Normale
Belgique,734,Hasselt,Mol,51,Desserte Normale
Belgique,734,Hasselt,Mol,51,Desserte Normale
Belgique,734,Hasselt,Mol,51,Desserte Normale
Belgique,734,Hasselt,Mol,34,Desserte Normale
Belgique,735,Anvers-Central,Zonhoven,39,Desserte Normale
Belgique,735,Anvers-Central,Zonhoven,169,Bien desservi
Belgique,735,Anvers-Central,Zonhoven,184,Bien desservi
Belgique,735,Anvers-Central,Zonhoven,145,Bien desservi
Belgique,735,Anvers-Central,Zonhoven,39,Desserte Normale
Belgique,736,Anvers-Berchem,Hasselt,1,Sous-desservi
Belgique,737,Hasselt,Mol,2,Sous-desservi
Belgique,738,La Louvière-Sud,Quévy,58,Bien desservi
Belgique,738,La Louvière-Sud,Quévy,120,Bien desservi
Belgique,738,La Louvière-Sud,Quévy,150,Bien desservi
Belgique,738,La Louvière-Sud,Quévy,145,Bien desservi
Belgique,738,La Louvière-Sud,Quévy,103,Bien desservi
Belgique,738,La Louvière-Sud,Quévy,145,Bien desservi
Belgique,738,La Louvière-Sud,Quévy,116,Bien desservi
Belgique,738,La Louvière-Sud,Quévy,145,Bien desservi
Belgique,738,La Louvière-Sud,Quévy,116,Bien desservi
Belgique,738,La Louvière-Sud,Quévy,132,Bien desservi
Belgique,738,La Louvière-Sud,Quévy,145,Bien desservi
Belgique,738,La Louvière-Sud,Quévy,145,Bien desservi
Belgique,738,La Louvière-Sud,Quévy,145,Bien desservi
Belgique,738,La Louvière-Sud,Quévy,150,Bien desservi
Belgique,738,La Louvière-Sud,Quévy,137,Bien desservi
Belgique,738,La Louvière-Sud,Quévy,150,Bien desservi
Belgique,738,La Louvière-Sud,Quévy,120,Bien desservi
Belgique,738,La Louvière-Sud,Quévy,150,Bien desservi
Belgique,738,La Louvière-Sud,Quévy,137,Bien desservi
Belgique,738,La Louvière-Sud,Quévy,150,Bien desservi
Belgique,738,La Louvière-Sud,Quévy,150,Bien desservi
Belgique,738,La Louvière-Sud,Quévy,150,Bien desservi
Belgique,738,La Louvière-Sud,Quévy,132,Bien desservi
Belgique,738,La Louvière-Sud,Quévy,145,Bien desservi
Belgique,738,La Louvière-Sud,Quévy,145,Bien desservi
Belgique,738,La Louvière-Sud,Quévy,145,Bien desservi
Belgique,738,La Louvière-Sud,Quévy,145,Bien desservi
Belgique,738,La Louvière-Sud,Quévy,145,Bien desservi
Belgique,738,La Louvière-Sud,Quévy,145,Bien desservi
Belgique,738,La Louvière-Sud,Quévy,145,Bien desservi
Belgique,738,La Louvière-Sud,Quévy,145,Bien desservi
Belgique,738,La Louvière-Sud,Quévy,145,Bien desservi
Belgique,738,La Louvière-Sud,Quévy,116,Bien desservi
Belgique,738,La Louvière-Sud,Quévy,145,Bien desservi
Belgique,738,La Louvière-Sud,Quévy,145,Bien desservi
Belgique,738,La Louvière-Sud,Quévy,145,Bien desservi
Belgique,738,La Louvière-Sud,Quévy,145,Bien desservi
Belgique,739,Charleroi-Central,Quévy,2,Sous-desservi
Belgique,739,Charleroi-Central,Quévy,5,Sous-desservi
Belgique,739,Charleroi-Central,Quévy,4,Sous-desservi
Belgique,739,Charleroi-Central,Quévy,5,Sous-desservi
Belgique,739,Charleroi-Central,Quévy,4,Sous-desservi
Belgique,739,Charleroi-Central,Quévy,5,Sous-desservi
Belgique,739,Charleroi-Central,Quévy,4,Sous-desservi
Belgique,739,Charleroi-Central,Quévy,5,Sous-desservi
Belgique,739,Charleroi-Central,Quévy,5,Sous-desservi
Belgique,739,Charleroi-Central,Quévy,5,Sous-desservi
Belgique,739,Charleroi-Central,Quévy,5,Sous-desservi
Belgique,739,Charleroi-Central,Quévy,5,Sous-desservi
Belgique,739,Charleroi-Central,Quévy,5,Sous-desservi
Belgique,739,Charleroi-Central,Quévy,5,Sous-desservi
Belgique,739,Charleroi-Central,Quévy,5,Sous-desservi
Belgique,739,Charleroi-Central,Quévy,5,Sous-desservi
Belgique,739,Charleroi-Central,Quévy,5,Sous-desservi
Belgique,739,Charleroi-Central,Quévy,5,Sous-desservi
Belgique,739,Charleroi-Central,Quévy,5,Sous-desservi
Belgique,739,Charleroi-Central,Quévy,5,Sous-desservi
Belgique,739,Charleroi-Central,Quévy,5,Sous-desservi
Belgique,739,Charleroi-Central,Quévy,4,Sous-desservi
Belgique,739,Charleroi-Central,Quévy,5,Sous-desservi
Belgique,739,Charleroi-Central,Quévy,5,Sous-desservi
Belgique,739,Charleroi-Central,Quévy,5,Sous-desservi
Belgique,739,Charleroi-Central,Quévy,5,Sous-desservi
Belgique,74,Louvain,Tongres,20,Desserte Normale
Belgique,740,Bruxelles-Midi,Wien HBF,3,Sous-desservi
Belgique,740,Bruxelles-Midi,Wien HBF,6,Sous-desservi
Belgique,740,Bruxelles-Midi,Wien HBF,6,Sous-desservi
Belgique,740,Bruxelles-Midi,Wien HBF,6,Sous-desservi
Belgique,740,Bruxelles-Midi,Wien HBF,6,Sous-desservi
Belgique,740,Bruxelles-Midi,Wien HBF,6,Sous-desservi
Belgique,740,Bruxelles-Midi,Wien HBF,6,Sous-desservi
Belgique,740,Bruxelles-Midi,Wien HBF,6,Sous-desservi
Belgique,740,Bruxelles-Midi,Wien HBF,6,Sous-desservi
Belgique,740,Bruxelles-Midi,Wien HBF,6,Sous-desservi
Belgique,740,Bruxelles-Midi,Wien HBF,6,Sous-desservi
Belgique,740,Bruxelles-Midi,Wien HBF,6,Sous-desservi
Belgique,740,Bruxelles-Midi,Wien HBF,6,Sous-desservi
Belgique,740,Bruxelles-Midi,Wien HBF,6,Sous-desservi
Belgique,740,Bruxelles-Midi,Wien HBF,6,Sous-desservi
Belgique,740,Bruxelles-Midi,Wien HBF,6,Sous-desservi
Belgique,740,Bruxelles-Midi,Wien HBF,6,Sous-desservi
Belgique,740,Bruxelles-Midi,Wien HBF,6,Sous-desservi
Belgique,740,Bruxelles-Midi,Wien HBF,6,Sous-desservi
Belgique,740,Bruxelles-Midi,Wien HBF,6,Sous-desservi
Belgique,740,Bruxelles-Midi,Wien HBF,6,Sous-desservi
Belgique,740,Bruxelles-Midi,Wien HBF,6,Sous-desservi
Belgique,740,Bruxelles-Midi,Wien HBF,6,Sous-desservi
Belgique,740,Bruxelles-Midi,Wien HBF,6,Sous-desservi
Belgique,740,Bruxelles-Midi,Wien HBF,6,Sous-desservi
Belgique,740,Bruxelles-Midi,Wien HBF,6,Sous-desservi
Belgique,740,Bruxelles-Midi,Wien HBF,6,Sous-desservi
Belgique,740,Bruxelles-Midi,Wien HBF,6,Sous-desservi
Belgique,740,Bruxelles-Midi,Wien HBF,6,Sous-desservi
Belgique,740,Bruxelles-Midi,Wien HBF,6,Sous-desservi
Belgique,740,Bruxelles-Midi,Wien HBF,6,Sous-desservi
Belgique,740,Bruxelles-Midi,Wien HBF,6,Sous-desservi
Belgique,740,Bruxelles-Midi,Wien HBF,6,Sous-desservi
Belgique,740,Bruxelles-Midi,Wien HBF,6,Sous-desservi
Belgique,740,Bruxelles-Midi,Wien HBF,6,Sous-desservi
Belgique,740,Bruxelles-Midi,Wien HBF,6,Sous-desservi
Belgique,740,Bruxelles-Midi,Wien HBF,5,Sous-desservi
Belgique,741,Fleurus,Jambes,54,Desserte Normale
Belgique,741,Fleurus,Jambes,54,Desserte Normale
Belgique,741,Fleurus,Jambes,36,Desserte Normale
Belgique,741,Fleurus,Jambes,54,Desserte Normale
Belgique,741,Fleurus,Jambes,194,Bien desservi
Belgique,742,Jambes,Wavre,98,Bien desservi
Belgique,742,Jambes,Wavre,169,Bien desservi
Belgique,742,Jambes,Wavre,160,Bien desservi
Belgique,742,Jambes,Wavre,117,Bien desservi
Belgique,742,Jambes,Wavre,169,Bien desservi
Belgique,742,Jambes,Wavre,164,Bien desservi
Belgique,742,Jambes,Wavre,115,Bien desservi
Belgique,742,Jambes,Wavre,110,Bien desservi
Belgique,742,Jambes,Wavre,88,Bien desservi
Belgique,742,Jambes,Wavre,164,Bien desservi
Belgique,742,Jambes,Wavre,164,Bien desservi
Belgique,742,Jambes,Wavre,160,Bien desservi
Belgique,742,Jambes,Wavre,164,Bien desservi
Belgique,742,Jambes,Wavre,90,Bien desservi
Belgique,742,Jambes,Wavre,88,Bien desservi
Belgique,742,Jambes,Wavre,110,Bien desservi
Belgique,742,Jambes,Wavre,165,Bien desservi
Belgique,742,Jambes,Wavre,164,Bien desservi
Belgique,742,Jambes,Wavre,149,Bien desservi
Belgique,742,Jambes,Wavre,110,Bien desservi
Belgique,742,Jambes,Wavre,164,Bien desservi
Belgique,742,Jambes,Wavre,164,Bien desservi
Belgique,742,Jambes,Wavre,164,Bien desservi
Belgique,742,Jambes,Wavre,164,Bien desservi
Belgique,742,Jambes,Wavre,164,Bien desservi
Belgique,742,Jambes,Wavre,164,Bien desservi
Belgique,742,Jambes,Wavre,164,Bien desservi
Belgique,742,Jambes,Wavre,164,Bien desservi
Belgique,742,Jambes,Wavre,164,Bien desservi
Belgique,742,Jambes,Wavre,164,Bien desservi
Belgique,742,Jambes,Wavre,164,Bien desservi
Belgique,742,Jambes,Wavre,169,Bien desservi
Belgique,742,Jambes,Wavre,164,Bien desservi
Belgique,742,Jambes,Wavre,164,Bien desservi
Belgique,742,Jambes,Wavre,164,Bien desservi
Belgique,742,Jambes,Wavre,137,Bien desservi
Belgique,743,Châtelet,Wavre,58,Bien desservi
Belgique,744,Tamines,Wavre,58,Bien desservi
Belgique,744,Tamines,Wavre,29,Desserte Normale
Belgique,744,Tamines,Wavre,16,Desserte Normale
Belgique,745,Charleroi-Central,Namur,4,Sous-desservi
Belgique,745,Charleroi-Central,Namur,7,Desserte Normale
Belgique,745,Charleroi-Central,Namur,7,Desserte Normale
Belgique,745,Charleroi-Central,Namur,29,Desserte Normale
Belgique,745,Charleroi-Central,Namur,7,Desserte Normale
Belgique,745,Charleroi-Central,Namur,7,Desserte Normale
Belgique,745,Charleroi-Central,Namur,5,Sous-desservi
Belgique,745,Charleroi-Central,Namur,5,Sous-desservi
Belgique,745,Charleroi-Central,Namur,6,Sous-desservi
Belgique,745,Charleroi-Central,Namur,7,Desserte Normale
Belgique,745,Charleroi-Central,Namur,7,Desserte Normale
Belgique,745,Charleroi-Central,Namur,7,Desserte Normale
Belgique,745,Charleroi-Central,Namur,7,Desserte Normale
Belgique,745,Charleroi-Central,Namur,7,Desserte Normale
Belgique,745,Charleroi-Central,Namur,7,Desserte Normale
Belgique,745,Charleroi-Central,Namur,7,Desserte Normale
Belgique,745,Charleroi-Central,Namur,7,Desserte Normale
Belgique,745,Charleroi-Central,Namur,7,Desserte Normale
Belgique,745,Charleroi-Central,Namur,7,Desserte Normale
Belgique,745,Charleroi-Central,Namur,7,Desserte Normale
Belgique,745,Charleroi-Central,Namur,7,Desserte Normale
Belgique,745,Charleroi-Central,Namur,7,Desserte Normale
Belgique,745,Charleroi-Central,Namur,7,Desserte Normale
Belgique,745,Charleroi-Central,Namur,7,Desserte Normale
Belgique,745,Charleroi-Central,Namur,7,Desserte Normale
Belgique,745,Charleroi-Central,Namur,7,Desserte Normale
Belgique,745,Charleroi-Central,Namur,7,Desserte Normale
Belgique,745,Charleroi-Central,Namur,7,Desserte Normale
Belgique,745,Charleroi-Central,Namur,7,Desserte Normale
Belgique,745,Charleroi-Central,Namur,7,Desserte Normale
Belgique,745,Charleroi-Central,Namur,7,Desserte Normale
Belgique,745,Charleroi-Central,Namur,7,Desserte Normale
Belgique,745,Charleroi-Central,Namur,7,Desserte Normale
Belgique,745,Charleroi-Central,Namur,7,Desserte Normale
Belgique,745,Charleroi-Central,Namur,7,Desserte Normale
Belgique,745,Charleroi-Central,Namur,7,Desserte Normale
Belgique,745,Charleroi-Central,Namur,6,Sous-desservi
Belgique,746,Fleurus,Namur,6,Sous-desservi
Belgique,746,Fleurus,Namur,6,Sous-desservi
Belgique,746,Fleurus,Namur,24,Desserte Normale
Belgique,746,Fleurus,Namur,6,Sous-desservi
Belgique,746,Fleurus,Namur,31,Desserte Normale
Belgique,747,Namur,Wavre,10,Desserte Normale
Belgique,747,Namur,Wavre,18,Desserte Normale
Belgique,747,Namur,Wavre,23,Desserte Normale
Belgique,747,Namur,Wavre,16,Desserte Normale
Belgique,747,Namur,Wavre,18,Desserte Normale
Belgique,747,Namur,Wavre,19,Desserte Normale
Belgique,747,Namur,Wavre,14,Desserte Normale
Belgique,747,Namur,Wavre,15,Desserte Normale
Belgique,747,Namur,Wavre,12,Desserte Normale
Belgique,747,Namur,Wavre,19,Desserte Normale
Belgique,747,Namur,Wavre,19,Desserte Normale
Belgique,747,Namur,Wavre,23,Desserte Normale
Belgique,747,Namur,Wavre,19,Desserte Normale
Belgique,747,Namur,Wavre,13,Desserte Normale
Belgique,747,Namur,Wavre,12,Desserte Normale
Belgique,747,Namur,Wavre,15,Desserte Normale
Belgique,747,Namur,Wavre,22,Desserte Normale
Belgique,747,Namur,Wavre,19,Desserte Normale
Belgique,747,Namur,Wavre,18,Desserte Normale
Belgique,747,Namur,Wavre,15,Desserte Normale
Belgique,747,Namur,Wavre,19,Desserte Normale
Belgique,747,Namur,Wavre,19,Desserte Normale
Belgique,747,Namur,Wavre,19,Desserte Normale
Belgique,747,Namur,Wavre,19,Desserte Normale
Belgique,747,Namur,Wavre,19,Desserte Normale
Belgique,747,Namur,Wavre,19,Desserte Normale
Belgique,747,Namur,Wavre,19,Desserte Normale
Belgique,747,Namur,Wavre,19,Desserte Normale
Belgique,747,Namur,Wavre,19,Desserte Normale
Belgique,747,Namur,Wavre,19,Desserte Normale
Belgique,747,Namur,Wavre,19,Desserte Normale
Belgique,747,Namur,Wavre,18,Desserte Normale
Belgique,747,Namur,Wavre,19,Desserte Normale
Belgique,747,Namur,Wavre,19,Desserte Normale
Belgique,747,Namur,Wavre,19,Desserte Normale
Belgique,747,Namur,Wavre,17,Desserte Normale
Belgique,748,Namur,Ottignies,6,Sous-desservi
Belgique,748,Namur,Ottignies,11,Desserte Normale
Belgique,748,Namur,Ottignies,12,Desserte Normale
Belgique,748,Namur,Ottignies,11,Desserte Normale
Belgique,748,Namur,Ottignies,11,Desserte Normale
Belgique,748,Namur,Ottignies,12,Desserte Normale
Belgique,748,Namur,Ottignies,9,Desserte Normale
Belgique,748,Namur,Ottignies,10,Desserte Normale
Belgique,748,Namur,Ottignies,14,Desserte Normale
Belgique,748,Namur,Ottignies,12,Desserte Normale
Belgique,748,Namur,Ottignies,12,Desserte Normale
Belgique,748,Namur,Ottignies,12,Desserte Normale
Belgique,748,Namur,Ottignies,12,Desserte Normale
Belgique,748,Namur,Ottignies,12,Desserte Normale
Belgique,748,Namur,Ottignies,13,Desserte Normale
Belgique,748,Namur,Ottignies,10,Desserte Normale
Belgique,748,Namur,Ottignies,11,Desserte Normale
Belgique,748,Namur,Ottignies,12,Desserte Normale
Belgique,748,Namur,Ottignies,12,Desserte Normale
Belgique,748,Namur,Ottignies,10,Desserte Normale
Belgique,748,Namur,Ottignies,12,Desserte Normale
Belgique,748,Namur,Ottignies,12,Desserte Normale
Belgique,748,Namur,Ottignies,12,Desserte Normale
Belgique,748,Namur,Ottignies,12,Desserte Normale
Belgique,748,Namur,Ottignies,12,Desserte Normale
Belgique,748,Namur,Ottignies,12,Desserte Normale
Belgique,748,Namur,Ottignies,12,Desserte Normale
Belgique,748,Namur,Ottignies,12,Desserte Normale
Belgique,748,Namur,Ottignies,12,Desserte Normale
Belgique,748,Namur,Ottignies,12,Desserte Normale
Belgique,748,Namur,Ottignies,12,Desserte Normale
Belgique,748,Namur,Ottignies,11,Desserte Normale
Belgique,748,Namur,Ottignies,12,Desserte Normale
Belgique,748,Namur,Ottignies,12,Desserte Normale
Belgique,748,Namur,Ottignies,12,Desserte Normale
Belgique,748,Namur,Ottignies,11,Desserte Normale
Belgique,749,Châtelet,Ottignies,2,Sous-desservi
Belgique,75,Anvers-Central,Puurs,3,Sous-desservi
Belgique,75,Anvers-Central,Puurs,1,Sous-desservi
Belgique,75,Anvers-Central,Puurs,1,Sous-desservi
Belgique,75,Anvers-Central,Puurs,2,Sous-desservi
Belgique,75,Anvers-Central,Puurs,2,Sous-desservi
Belgique,75,Anvers-Central,Puurs,1,Sous-desservi
Belgique,75,Anvers-Central,Puurs,1,Sous-desservi
Belgique,75,Anvers-Central,Puurs,1,Sous-desservi
Belgique,75,Anvers-Central,Puurs,2,Sous-desservi
Belgique,750,Ottignies,Tamines,2,Sous-desservi
Belgique,750,Ottignies,Tamines,1,Sous-desservi
Belgique,751,Charleroi-Central,Ottignies,14,Desserte Normale
Belgique,751,Charleroi-Central,Ottignies,27,Desserte Normale
Belgique,751,Charleroi-Central,Ottignies,32,Desserte Normale
Belgique,751,Charleroi-Central,Ottignies,31,Desserte Normale
Belgique,751,Charleroi-Central,Ottignies,11,Desserte Normale
Belgique,751,Charleroi-Central,Ottignies,12,Desserte Normale
Belgique,751,Charleroi-Central,Ottignies,27,Desserte Normale
Belgique,751,Charleroi-Central,Ottignies,32,Desserte Normale
Belgique,751,Charleroi-Central,Ottignies,29,Desserte Normale
Belgique,751,Charleroi-Central,Ottignies,32,Desserte Normale
Belgique,751,Charleroi-Central,Ottignies,32,Desserte Normale
Belgique,751,Charleroi-Central,Ottignies,32,Desserte Normale
Belgique,751,Charleroi-Central,Ottignies,32,Desserte Normale
Belgique,751,Charleroi-Central,Ottignies,28,Desserte Normale
Belgique,751,Charleroi-Central,Ottignies,10,Desserte Normale
Belgique,751,Charleroi-Central,Ottignies,10,Desserte Normale
Belgique,751,Charleroi-Central,Ottignies,11,Desserte Normale
Belgique,751,Charleroi-Central,Ottignies,12,Desserte Normale
Belgique,751,Charleroi-Central,Ottignies,12,Desserte Normale
Belgique,751,Charleroi-Central,Ottignies,10,Desserte Normale
Belgique,751,Charleroi-Central,Ottignies,32,Desserte Normale
Belgique,751,Charleroi-Central,Ottignies,32,Desserte Normale
Belgique,751,Charleroi-Central,Ottignies,32,Desserte Normale
Belgique,751,Charleroi-Central,Ottignies,32,Desserte Normale
Belgique,751,Charleroi-Central,Ottignies,32,Desserte Normale
Belgique,751,Charleroi-Central,Ottignies,32,Desserte Normale
Belgique,751,Charleroi-Central,Ottignies,32,Desserte Normale
Belgique,751,Charleroi-Central,Ottignies,32,Desserte Normale
Belgique,751,Charleroi-Central,Ottignies,32,Desserte Normale
Belgique,751,Charleroi-Central,Ottignies,32,Desserte Normale
Belgique,751,Charleroi-Central,Ottignies,32,Desserte Normale
Belgique,751,Charleroi-Central,Ottignies,27,Desserte Normale
Belgique,751,Charleroi-Central,Ottignies,32,Desserte Normale
Belgique,751,Charleroi-Central,Ottignies,32,Desserte Normale
Belgique,751,Charleroi-Central,Ottignies,32,Desserte Normale
Belgique,751,Charleroi-Central,Ottignies,31,Desserte Normale
Belgique,752,Charleroi-Central,Fleurus,4,Sous-desservi
Belgique,752,Charleroi-Central,Fleurus,4,Sous-desservi
Belgique,752,Charleroi-Central,Fleurus,4,Sous-desservi
Belgique,752,Charleroi-Central,Fleurus,4,Sous-desservi
Belgique,752,Charleroi-Central,Fleurus,19,Desserte Normale
Belgique,753,Ottignies,Wavre,2,Sous-desservi
Belgique,753,Ottignies,Wavre,3,Sous-desservi
Belgique,753,Ottignies,Wavre,2,Sous-desservi
Belgique,753,Ottignies,Wavre,2,Sous-desservi
Belgique,753,Ottignies,Wavre,3,Sous-desservi
Belgique,753,Ottignies,Wavre,2,Sous-desservi
Belgique,753,Ottignies,Wavre,3,Sous-desservi
Belgique,753,Ottignies,Wavre,2,Sous-desservi
Belgique,753,Ottignies,Wavre,1,Sous-desservi
Belgique,753,Ottignies,Wavre,2,Sous-desservi
Belgique,753,Ottignies,Wavre,2,Sous-desservi
Belgique,753,Ottignies,Wavre,2,Sous-desservi
Belgique,753,Ottignies,Wavre,2,Sous-desservi
Belgique,753,Ottignies,Wavre,2,Sous-desservi
Belgique,753,Ottignies,Wavre,2,Sous-desservi
Belgique,753,Ottignies,Wavre,2,Sous-desservi
Belgique,753,Ottignies,Wavre,3,Sous-desservi
Belgique,753,Ottignies,Wavre,2,Sous-desservi
Belgique,753,Ottignies,Wavre,2,Sous-desservi
Belgique,753,Ottignies,Wavre,2,Sous-desservi
Belgique,753,Ottignies,Wavre,2,Sous-desservi
Belgique,753,Ottignies,Wavre,2,Sous-desservi
Belgique,753,Ottignies,Wavre,2,Sous-desservi
Belgique,753,Ottignies,Wavre,2,Sous-desservi
Belgique,753,Ottignies,Wavre,2,Sous-desservi
Belgique,753,Ottignies,Wavre,2,Sous-desservi
Belgique,753,Ottignies,Wavre,2,Sous-desservi
Belgique,753,Ottignies,Wavre,2,Sous-desservi
Belgique,753,Ottignies,Wavre,2,Sous-desservi
Belgique,753,Ottignies,Wavre,2,Sous-desservi
Belgique,753,Ottignies,Wavre,2,Sous-desservi
Belgique,753,Ottignies,Wavre,2,Sous-desservi
Belgique,753,Ottignies,Wavre,3,Sous-desservi
Belgique,753,Ottignies,Wavre,2,Sous-desservi
Belgique,753,Ottignies,Wavre,2,Sous-desservi
Belgique,753,Ottignies,Wavre,2,Sous-desservi
Belgique,753,Ottignies,Wavre,1,Sous-desservi
Belgique,754,Charleroi-Central,Wavre,4,Sous-desservi
Belgique,754,Charleroi-Central,Wavre,7,Desserte Normale
Belgique,754,Charleroi-Central,Wavre,7,Desserte Normale
Belgique,754,Charleroi-Central,Wavre,5,Sous-desservi
Belgique,754,Charleroi-Central,Wavre,7,Desserte Normale
Belgique,754,Charleroi-Central,Wavre,7,Desserte Normale
Belgique,754,Charleroi-Central,Wavre,7,Desserte Normale
Belgique,754,Charleroi-Central,Wavre,7,Desserte Normale
Belgique,754,Charleroi-Central,Wavre,5,Sous-desservi
Belgique,754,Charleroi-Central,Wavre,7,Desserte Normale
Belgique,754,Charleroi-Central,Wavre,7,Desserte Normale
Belgique,754,Charleroi-Central,Wavre,7,Desserte Normale
Belgique,754,Charleroi-Central,Wavre,7,Desserte Normale
Belgique,754,Charleroi-Central,Wavre,5,Sous-desservi
Belgique,754,Charleroi-Central,Wavre,4,Sous-desservi
Belgique,754,Charleroi-Central,Wavre,5,Sous-desservi
Belgique,754,Charleroi-Central,Wavre,7,Desserte Normale
Belgique,754,Charleroi-Central,Wavre,7,Desserte Normale
Belgique,754,Charleroi-Central,Wavre,7,Desserte Normale
Belgique,754,Charleroi-Central,Wavre,5,Sous-desservi
Belgique,754,Charleroi-Central,Wavre,7,Desserte Normale
Belgique,754,Charleroi-Central,Wavre,7,Desserte Normale
Belgique,754,Charleroi-Central,Wavre,7,Desserte Normale
Belgique,754,Charleroi-Central,Wavre,7,Desserte Normale
Belgique,754,Charleroi-Central,Wavre,7,Desserte Normale
Belgique,754,Charleroi-Central,Wavre,7,Desserte Normale
Belgique,754,Charleroi-Central,Wavre,7,Desserte Normale
Belgique,754,Charleroi-Central,Wavre,7,Desserte Normale
Belgique,754,Charleroi-Central,Wavre,7,Desserte Normale
Belgique,754,Charleroi-Central,Wavre,7,Desserte Normale
Belgique,754,Charleroi-Central,Wavre,7,Desserte Normale
Belgique,754,Charleroi-Central,Wavre,7,Desserte Normale
Belgique,754,Charleroi-Central,Wavre,7,Desserte Normale
Belgique,754,Charleroi-Central,Wavre,7,Desserte Normale
Belgique,754,Charleroi-Central,Wavre,7,Desserte Normale
Belgique,754,Charleroi-Central,Wavre,6,Sous-desservi
Belgique,755,Mons,Saint-Ghislain,26,Desserte Normale
Belgique,756,Mons,Quiévrain,60,Bien desservi
Belgique,756,Mons,Quiévrain,90,Bien desservi
Belgique,756,Mons,Quiévrain,60,Bien desservi
Belgique,756,Mons,Quiévrain,60,Bien desservi
Belgique,756,Mons,Quiévrain,90,Bien desservi
Belgique,756,Mons,Quiévrain,60,Bien desservi
Belgique,756,Mons,Quiévrain,90,Bien desservi
Belgique,756,Mons,Quiévrain,60,Bien desservi
Belgique,756,Mons,Quiévrain,40,Desserte Normale
Belgique,756,Mons,Quiévrain,60,Bien desservi
Belgique,756,Mons,Quiévrain,60,Bien desservi
Belgique,756,Mons,Quiévrain,60,Bien desservi
Belgique,756,Mons,Quiévrain,60,Bien desservi
Belgique,756,Mons,Quiévrain,60,Bien desservi
Belgique,756,Mons,Quiévrain,60,Bien desservi
Belgique,756,Mons,Quiévrain,60,Bien desservi
Belgique,756,Mons,Quiévrain,90,Bien desservi
Belgique,756,Mons,Quiévrain,60,Bien desservi
Belgique,756,Mons,Quiévrain,60,Bien desservi
Belgique,756,Mons,Quiévrain,60,Bien desservi
Belgique,756,Mons,Quiévrain,60,Bien desservi
Belgique,756,Mons,Quiévrain,60,Bien desservi
Belgique,756,Mons,Quiévrain,11,Desserte Normale
Belgique,756,Mons,Quiévrain,60,Bien desservi
Belgique,756,Mons,Quiévrain,60,Bien desservi
Belgique,756,Mons,Quiévrain,60,Bien desservi
Belgique,756,Mons,Quiévrain,60,Bien desservi
Belgique,756,Mons,Quiévrain,60,Bien desservi
Belgique,756,Mons,Quiévrain,60,Bien desservi
Belgique,756,Mons,Quiévrain,60,Bien desservi
Belgique,756,Mons,Quiévrain,60,Bien desservi
Belgique,756,Mons,Quiévrain,60,Bien desservi
Belgique,756,Mons,Quiévrain,90,Bien desservi
Belgique,756,Mons,Quiévrain,60,Bien desservi
Belgique,756,Mons,Quiévrain,60,Bien desservi
Belgique,756,Mons,Quiévrain,60,Bien desservi
Belgique,756,Mons,Quiévrain,30,Desserte Normale
Belgique,757,Athus,Luxembourg,292,Bien desservi
Belgique,757,Athus,Luxembourg,507,Bien desservi
Belgique,757,Athus,Luxembourg,385,Bien desservi
Belgique,757,Athus,Luxembourg,385,Bien desservi
Belgique,757,Athus,Luxembourg,308,Bien desservi
Belgique,757,Athus,Luxembourg,507,Bien desservi
Belgique,757,Athus,Luxembourg,507,Bien desservi
Belgique,757,Athus,Luxembourg,523,Bien desservi
Belgique,757,Athus,Luxembourg,507,Bien desservi
Belgique,757,Athus,Luxembourg,523,Bien desservi
Belgique,757,Athus,Luxembourg,509,Bien desservi
Belgique,757,Athus,Luxembourg,523,Bien desservi
Belgique,757,Athus,Luxembourg,498,Bien desservi
Belgique,757,Athus,Luxembourg,523,Bien desservi
Belgique,757,Athus,Luxembourg,523,Bien desservi
Belgique,757,Athus,Luxembourg,523,Bien desservi
Belgique,757,Athus,Luxembourg,523,Bien desservi
Belgique,757,Athus,Luxembourg,523,Bien desservi
Belgique,757,Athus,Luxembourg,523,Bien desservi
Belgique,757,Athus,Luxembourg,507,Bien desservi
Belgique,757,Athus,Luxembourg,523,Bien desservi
Belgique,757,Athus,Luxembourg,523,Bien desservi
Belgique,757,Athus,Luxembourg,523,Bien desservi
Belgique,757,Athus,Luxembourg,523,Bien desservi
Belgique,757,Athus,Luxembourg,523,Bien desservi
Belgique,757,Athus,Luxembourg,523,Bien desservi
Belgique,757,Athus,Luxembourg,523,Bien desservi
Belgique,757,Athus,Luxembourg,523,Bien desservi
Belgique,757,Athus,Luxembourg,523,Bien desservi
Belgique,757,Athus,Luxembourg,523,Bien desservi
Belgique,757,Athus,Luxembourg,523,Bien desservi
Belgique,757,Athus,Luxembourg,523,Bien desservi
Belgique,757,Athus,Luxembourg,522,Bien desservi
Belgique,757,Athus,Luxembourg,522,Bien desservi
Belgique,757,Athus,Luxembourg,523,Bien desservi
Belgique,757,Athus,Luxembourg,523,Bien desservi
Belgique,757,Athus,Luxembourg,461,Bien desservi
Belgique,758,Athus,Hollerich,14,Desserte Normale
Belgique,759,Grammont,Mouscron,42,Desserte Normale
Belgique,759,Grammont,Mouscron,28,Desserte Normale
Belgique,759,Grammont,Mouscron,35,Desserte Normale
Belgique,759,Grammont,Mouscron,105,Bien desservi
Belgique,759,Grammont,Mouscron,80,Bien desservi
Belgique,759,Grammont,Mouscron,100,Bien desservi
Belgique,759,Grammont,Mouscron,84,Bien desservi
Belgique,759,Grammont,Mouscron,105,Bien desservi
Belgique,759,Grammont,Mouscron,84,Bien desservi
Belgique,759,Grammont,Mouscron,104,Bien desservi
Belgique,759,Grammont,Mouscron,105,Bien desservi
Belgique,759,Grammont,Mouscron,105,Bien desservi
Belgique,759,Grammont,Mouscron,105,Bien desservi
Belgique,759,Grammont,Mouscron,105,Bien desservi
Belgique,759,Grammont,Mouscron,30,Desserte Normale
Belgique,759,Grammont,Mouscron,30,Desserte Normale
Belgique,759,Grammont,Mouscron,24,Desserte Normale
Belgique,759,Grammont,Mouscron,30,Desserte Normale
Belgique,759,Grammont,Mouscron,30,Desserte Normale
Belgique,759,Grammont,Mouscron,30,Desserte Normale
Belgique,759,Grammont,Mouscron,30,Desserte Normale
Belgique,759,Grammont,Mouscron,105,Bien desservi
Belgique,759,Grammont,Mouscron,105,Bien desservi
Belgique,759,Grammont,Mouscron,105,Bien desservi
Belgique,759,Grammont,Mouscron,105,Bien desservi
Belgique,759,Grammont,Mouscron,105,Bien desservi
Belgique,759,Grammont,Mouscron,105,Bien desservi
Belgique,759,Grammont,Mouscron,105,Bien desservi
Belgique,759,Grammont,Mouscron,105,Bien desservi
Belgique,759,Grammont,Mouscron,105,Bien desservi
Belgique,759,Grammont,Mouscron,105,Bien desservi
Belgique,759,Grammont,Mouscron,105,Bien desservi
Belgique,759,Grammont,Mouscron,84,Bien desservi
Belgique,759,Grammont,Mouscron,105,Bien desservi
Belgique,759,Grammont,Mouscron,105,Bien desservi
Belgique,759,Grammont,Mouscron,105,Bien desservi
Belgique,759,Grammont,Mouscron,105,Bien desservi
Belgique,76,Anvers-Berchem,Bruxelles-Midi,1,Sous-desservi
Belgique,760,Grammont,Jurbise,52,Desserte Normale
Belgique,761,Grammont,Quévy,64,Bien desservi
Belgique,761,Grammont,Quévy,96,Bien desservi
Belgique,761,Grammont,Quévy,12,Desserte Normale
Belgique,761,Grammont,Quévy,64,Bien desservi
Belgique,761,Grammont,Quévy,96,Bien desservi
Belgique,761,Grammont,Quévy,64,Bien desservi
Belgique,761,Grammont,Quévy,96,Bien desservi
Belgique,761,Grammont,Quévy,64,Bien desservi
Belgique,761,Grammont,Quévy,64,Bien desservi
Belgique,761,Grammont,Quévy,64,Bien desservi
Belgique,761,Grammont,Quévy,64,Bien desservi
Belgique,761,Grammont,Quévy,64,Bien desservi
Belgique,761,Grammont,Quévy,64,Bien desservi
Belgique,761,Grammont,Quévy,64,Bien desservi
Belgique,761,Grammont,Quévy,96,Bien desservi
Belgique,761,Grammont,Quévy,12,Desserte Normale
Belgique,761,Grammont,Quévy,64,Bien desservi
Belgique,761,Grammont,Quévy,64,Bien desservi
Belgique,761,Grammont,Quévy,64,Bien desservi
Belgique,761,Grammont,Quévy,64,Bien desservi
Belgique,761,Grammont,Quévy,64,Bien desservi
Belgique,761,Grammont,Quévy,64,Bien desservi
Belgique,761,Grammont,Quévy,64,Bien desservi
Belgique,761,Grammont,Quévy,64,Bien desservi
Belgique,761,Grammont,Quévy,64,Bien desservi
Belgique,761,Grammont,Quévy,64,Bien desservi
Belgique,761,Grammont,Quévy,64,Bien desservi
Belgique,761,Grammont,Quévy,64,Bien desservi
Belgique,761,Grammont,Quévy,64,Bien desservi
Belgique,761,Grammont,Quévy,64,Bien desservi
Belgique,761,Grammont,Quévy,96,Bien desservi
Belgique,761,Grammont,Quévy,64,Bien desservi
Belgique,761,Grammont,Quévy,64,Bien desservi
Belgique,761,Grammont,Quévy,64,Bien desservi
Belgique,761,Grammont,Quévy,32,Desserte Normale
Belgique,762,Ath,Quévy,52,Desserte Normale
Belgique,762,Ath,Quévy,96,Bien desservi
Belgique,763,Ath,Mouscron,1,Sous-desservi
Belgique,764,Hasselt,Heist-op-den-Berg,72,Bien desservi
Belgique,765,Hasselt,Lierre,72,Bien desservi
Belgique,766,Anvers-Central,Begijnendijk,1,Sous-desservi
Belgique,767,Huy,Liège-Guillemins,6,Sous-desservi
Belgique,767,Huy,Liège-Guillemins,12,Desserte Normale
Belgique,767,Huy,Liège-Guillemins,15,Desserte Normale
Belgique,767,Huy,Liège-Guillemins,15,Desserte Normale
Belgique,767,Huy,Liège-Guillemins,12,Desserte Normale
Belgique,767,Huy,Liège-Guillemins,15,Desserte Normale
Belgique,767,Huy,Liège-Guillemins,12,Desserte Normale
Belgique,767,Huy,Liège-Guillemins,15,Desserte Normale
Belgique,767,Huy,Liège-Guillemins,12,Desserte Normale
Belgique,767,Huy,Liège-Guillemins,47,Desserte Normale
Belgique,767,Huy,Liège-Guillemins,15,Desserte Normale
Belgique,767,Huy,Liège-Guillemins,15,Desserte Normale
Belgique,767,Huy,Liège-Guillemins,15,Desserte Normale
Belgique,767,Huy,Liège-Guillemins,15,Desserte Normale
Belgique,767,Huy,Liège-Guillemins,15,Desserte Normale
Belgique,767,Huy,Liège-Guillemins,15,Desserte Normale
Belgique,767,Huy,Liège-Guillemins,12,Desserte Normale
Belgique,767,Huy,Liège-Guillemins,15,Desserte Normale
Belgique,767,Huy,Liège-Guillemins,15,Desserte Normale
Belgique,767,Huy,Liège-Guillemins,15,Desserte Normale
Belgique,767,Huy,Liège-Guillemins,15,Desserte Normale
Belgique,767,Huy,Liège-Guillemins,15,Desserte Normale
Belgique,767,Huy,Liège-Guillemins,15,Desserte Normale
Belgique,767,Huy,Liège-Guillemins,15,Desserte Normale
Belgique,767,Huy,Liège-Guillemins,15,Desserte Normale
Belgique,767,Huy,Liège-Guillemins,15,Desserte Normale
Belgique,767,Huy,Liège-Guillemins,15,Desserte Normale
Belgique,767,Huy,Liège-Guillemins,15,Desserte Normale
Belgique,767,Huy,Liège-Guillemins,15,Desserte Normale
Belgique,767,Huy,Liège-Guillemins,15,Desserte Normale
Belgique,767,Huy,Liège-Guillemins,15,Desserte Normale
Belgique,767,Huy,Liège-Guillemins,15,Desserte Normale
Belgique,767,Huy,Liège-Guillemins,12,Desserte Normale
Belgique,767,Huy,Liège-Guillemins,15,Desserte Normale
Belgique,767,Huy,Liège-Guillemins,15,Desserte Normale
Belgique,767,Huy,Liège-Guillemins,15,Desserte Normale
Belgique,767,Huy,Liège-Guillemins,15,Desserte Normale
Belgique,768,Liège-Guillemins,Namur,64,Bien desservi
Belgique,768,Liège-Guillemins,Namur,128,Bien desservi
Belgique,768,Liège-Guillemins,Namur,160,Bien desservi
Belgique,768,Liège-Guillemins,Namur,160,Bien desservi
Belgique,768,Liège-Guillemins,Namur,128,Bien desservi
Belgique,768,Liège-Guillemins,Namur,160,Bien desservi
Belgique,768,Liège-Guillemins,Namur,176,Bien desservi
Belgique,768,Liège-Guillemins,Namur,192,Bien desservi
Belgique,768,Liège-Guillemins,Namur,176,Bien desservi
Belgique,768,Liège-Guillemins,Namur,160,Bien desservi
Belgique,768,Liège-Guillemins,Namur,192,Bien desservi
Belgique,768,Liège-Guillemins,Namur,192,Bien desservi
Belgique,768,Liège-Guillemins,Namur,192,Bien desservi
Belgique,768,Liège-Guillemins,Namur,192,Bien desservi
Belgique,768,Liège-Guillemins,Namur,192,Bien desservi
Belgique,768,Liège-Guillemins,Namur,192,Bien desservi
Belgique,768,Liège-Guillemins,Namur,176,Bien desservi
Belgique,768,Liège-Guillemins,Namur,192,Bien desservi
Belgique,768,Liège-Guillemins,Namur,192,Bien desservi
Belgique,768,Liège-Guillemins,Namur,192,Bien desservi
Belgique,768,Liège-Guillemins,Namur,160,Bien desservi
Belgique,768,Liège-Guillemins,Namur,192,Bien desservi
Belgique,768,Liège-Guillemins,Namur,192,Bien desservi
Belgique,768,Liège-Guillemins,Namur,192,Bien desservi
Belgique,768,Liège-Guillemins,Namur,192,Bien desservi
Belgique,768,Liège-Guillemins,Namur,192,Bien desservi
Belgique,768,Liège-Guillemins,Namur,192,Bien desservi
Belgique,768,Liège-Guillemins,Namur,192,Bien desservi
Belgique,768,Liège-Guillemins,Namur,192,Bien desservi
Belgique,768,Liège-Guillemins,Namur,192,Bien desservi
Belgique,768,Liège-Guillemins,Namur,192,Bien desservi
Belgique,768,Liège-Guillemins,Namur,192,Bien desservi
Belgique,768,Liège-Guillemins,Namur,176,Bien desservi
Belgique,768,Liège-Guillemins,Namur,192,Bien desservi
Belgique,768,Liège-Guillemins,Namur,192,Bien desservi
Belgique,768,Liège-Guillemins,Namur,192,Bien desservi
Belgique,768,Liège-Guillemins,Namur,176,Bien desservi
Belgique,769,Namur,Statte,32,Desserte Normale
Belgique,769,Namur,Statte,48,Desserte Normale
Belgique,769,Namur,Statte,32,Desserte Normale
Belgique,769,Namur,Statte,32,Desserte Normale
Belgique,769,Namur,Statte,32,Desserte Normale
Belgique,77,Aachen Hbf,Welkenraedt,9,Desserte Normale
Belgique,770,Flémalle-Haute,Namur,32,Desserte Normale
Belgique,770,Flémalle-Haute,Namur,48,Desserte Normale
Belgique,771,Bruxelles-Midi,Paris Nord,20,Desserte Normale
Belgique,771,Bruxelles-Midi,Paris Nord,37,Desserte Normale
Belgique,771,Bruxelles-Midi,Paris Nord,38,Desserte Normale
Belgique,771,Bruxelles-Midi,Paris Nord,40,Desserte Normale
Belgique,771,Bruxelles-Midi,Paris Nord,42,Desserte Normale
Belgique,771,Bruxelles-Midi,Paris Nord,42,Desserte Normale
Belgique,771,Bruxelles-Midi,Paris Nord,38,Desserte Normale
Belgique,771,Bruxelles-Midi,Paris Nord,38,Desserte Normale
Belgique,771,Bruxelles-Midi,Paris Nord,40,Desserte Normale
Belgique,771,Bruxelles-Midi,Paris Nord,34,Desserte Normale
Belgique,771,Bruxelles-Midi,Paris Nord,42,Desserte Normale
Belgique,771,Bruxelles-Midi,Paris Nord,42,Desserte Normale
Belgique,771,Bruxelles-Midi,Paris Nord,42,Desserte Normale
Belgique,771,Bruxelles-Midi,Paris Nord,42,Desserte Normale
Belgique,771,Bruxelles-Midi,Paris Nord,41,Desserte Normale
Belgique,771,Bruxelles-Midi,Paris Nord,42,Desserte Normale
Belgique,771,Bruxelles-Midi,Paris Nord,42,Desserte Normale
Belgique,771,Bruxelles-Midi,Paris Nord,42,Desserte Normale
Belgique,771,Bruxelles-Midi,Paris Nord,42,Desserte Normale
Belgique,771,Bruxelles-Midi,Paris Nord,42,Desserte Normale
Belgique,771,Bruxelles-Midi,Paris Nord,42,Desserte Normale
Belgique,771,Bruxelles-Midi,Paris Nord,42,Desserte Normale
Belgique,771,Bruxelles-Midi,Paris Nord,41,Desserte Normale
Belgique,771,Bruxelles-Midi,Paris Nord,42,Desserte Normale
Belgique,771,Bruxelles-Midi,Paris Nord,42,Desserte Normale
Belgique,771,Bruxelles-Midi,Paris Nord,42,Desserte Normale
Belgique,771,Bruxelles-Midi,Paris Nord,42,Desserte Normale
Belgique,771,Bruxelles-Midi,Paris Nord,42,Desserte Normale
Belgique,771,Bruxelles-Midi,Paris Nord,42,Desserte Normale
Belgique,771,Bruxelles-Midi,Paris Nord,42,Desserte Normale
Belgique,771,Bruxelles-Midi,Paris Nord,42,Desserte Normale
Belgique,771,Bruxelles-Midi,Paris Nord,42,Desserte Normale
Belgique,771,Bruxelles-Midi,Paris Nord,42,Desserte Normale
Belgique,771,Bruxelles-Midi,Paris Nord,42,Desserte Normale
Belgique,771,Bruxelles-Midi,Paris Nord,42,Desserte Normale
Belgique,771,Bruxelles-Midi,Paris Nord,42,Desserte Normale
Belgique,771,Bruxelles-Midi,Paris Nord,33,Desserte Normale
Belgique,772,Bruxelles-Midi,Paris Nord,3,Sous-desservi
Belgique,773,Aachen Hbf,Welkenraedt,5,Sous-desservi
Belgique,773,Aachen Hbf,Welkenraedt,226,Bien desservi
Belgique,773,Aachen Hbf,Welkenraedt,238,Bien desservi
Belgique,773,Aachen Hbf,Welkenraedt,238,Bien desservi
Belgique,774,Aachen Hbf,Liège-Guillemins,8,Desserte Normale
Belgique,774,Aachen Hbf,Liège-Guillemins,14,Desserte Normale
Belgique,774,Aachen Hbf,Liège-Guillemins,11,Desserte Normale
Belgique,774,Aachen Hbf,Liège-Guillemins,25,Desserte Normale
Belgique,774,Aachen Hbf,Liège-Guillemins,15,Desserte Normale
Belgique,774,Aachen Hbf,Liège-Guillemins,9,Desserte Normale
Belgique,774,Aachen Hbf,Liège-Guillemins,11,Desserte Normale
Belgique,774,Aachen Hbf,Liège-Guillemins,14,Desserte Normale
Belgique,774,Aachen Hbf,Liège-Guillemins,34,Desserte Normale
Belgique,774,Aachen Hbf,Liège-Guillemins,15,Desserte Normale
Belgique,774,Aachen Hbf,Liège-Guillemins,11,Desserte Normale
Belgique,774,Aachen Hbf,Liège-Guillemins,14,Desserte Normale
Belgique,774,Aachen Hbf,Liège-Guillemins,38,Desserte Normale
Belgique,774,Aachen Hbf,Liège-Guillemins,15,Desserte Normale
Belgique,774,Aachen Hbf,Liège-Guillemins,12,Desserte Normale
Belgique,774,Aachen Hbf,Liège-Guillemins,20,Desserte Normale
Belgique,774,Aachen Hbf,Liège-Guillemins,14,Desserte Normale
Belgique,774,Aachen Hbf,Liège-Guillemins,10,Desserte Normale
Belgique,774,Aachen Hbf,Liège-Guillemins,14,Desserte Normale
Belgique,774,Aachen Hbf,Liège-Guillemins,11,Desserte Normale
Belgique,774,Aachen Hbf,Liège-Guillemins,14,Desserte Normale
Belgique,774,Aachen Hbf,Liège-Guillemins,14,Desserte Normale
Belgique,774,Aachen Hbf,Liège-Guillemins,14,Desserte Normale
Belgique,774,Aachen Hbf,Liège-Guillemins,14,Desserte Normale
Belgique,774,Aachen Hbf,Liège-Guillemins,14,Desserte Normale
Belgique,774,Aachen Hbf,Liège-Guillemins,14,Desserte Normale
Belgique,774,Aachen Hbf,Liège-Guillemins,14,Desserte Normale
Belgique,774,Aachen Hbf,Liège-Guillemins,14,Desserte Normale
Belgique,774,Aachen Hbf,Liège-Guillemins,14,Desserte Normale
Belgique,774,Aachen Hbf,Liège-Guillemins,14,Desserte Normale
Belgique,774,Aachen Hbf,Liège-Guillemins,14,Desserte Normale
Belgique,774,Aachen Hbf,Liège-Guillemins,14,Desserte Normale
Belgique,774,Aachen Hbf,Liège-Guillemins,14,Desserte Normale
Belgique,774,Aachen Hbf,Liège-Guillemins,12,Desserte Normale
Belgique,775,Liège-Guillemins,Welkenraedt,3,Sous-desservi
Belgique,775,Liège-Guillemins,Welkenraedt,4,Sous-desservi
Belgique,775,Liège-Guillemins,Welkenraedt,3,Sous-desservi
Belgique,775,Liège-Guillemins,Welkenraedt,3,Sous-desservi
Belgique,775,Liège-Guillemins,Welkenraedt,1,Sous-desservi
Belgique,775,Liège-Guillemins,Welkenraedt,4,Sous-desservi
Belgique,775,Liège-Guillemins,Welkenraedt,4,Sous-desservi
Belgique,775,Liège-Guillemins,Welkenraedt,3,Sous-desservi
Belgique,776,Aachen Hbf,Liège-Saint-Lambert,127,Bien desservi
Belgique,776,Aachen Hbf,Liège-Saint-Lambert,224,Bien desservi
Belgique,776,Aachen Hbf,Liège-Saint-Lambert,221,Bien desservi
Belgique,776,Aachen Hbf,Liège-Saint-Lambert,213,Bien desservi
Belgique,776,Aachen Hbf,Liège-Saint-Lambert,223,Bien desservi
Belgique,776,Aachen Hbf,Liège-Saint-Lambert,224,Bien desservi
Belgique,776,Aachen Hbf,Liège-Saint-Lambert,221,Bien desservi
Belgique,776,Aachen Hbf,Liège-Saint-Lambert,224,Bien desservi
Belgique,776,Aachen Hbf,Liège-Saint-Lambert,204,Bien desservi
Belgique,776,Aachen Hbf,Liège-Saint-Lambert,218,Bien desservi
Belgique,776,Aachen Hbf,Liège-Saint-Lambert,221,Bien desservi
Belgique,776,Aachen Hbf,Liège-Saint-Lambert,224,Bien desservi
Belgique,776,Aachen Hbf,Liège-Saint-Lambert,200,Bien desservi
Belgique,776,Aachen Hbf,Liège-Saint-Lambert,219,Bien desservi
Belgique,776,Aachen Hbf,Liège-Saint-Lambert,215,Bien desservi
Belgique,776,Aachen Hbf,Liège-Saint-Lambert,218,Bien desservi
Belgique,776,Aachen Hbf,Liège-Saint-Lambert,224,Bien desservi
Belgique,776,Aachen Hbf,Liège-Saint-Lambert,160,Bien desservi
Belgique,776,Aachen Hbf,Liège-Saint-Lambert,224,Bien desservi
Belgique,776,Aachen Hbf,Liège-Saint-Lambert,215,Bien desservi
Belgique,776,Aachen Hbf,Liège-Saint-Lambert,224,Bien desservi
Belgique,776,Aachen Hbf,Liège-Saint-Lambert,224,Bien desservi
Belgique,776,Aachen Hbf,Liège-Saint-Lambert,224,Bien desservi
Belgique,776,Aachen Hbf,Liège-Saint-Lambert,224,Bien desservi
Belgique,776,Aachen Hbf,Liège-Saint-Lambert,224,Bien desservi
Belgique,776,Aachen Hbf,Liège-Saint-Lambert,224,Bien desservi
Belgique,776,Aachen Hbf,Liège-Saint-Lambert,224,Bien desservi
Belgique,776,Aachen Hbf,Liège-Saint-Lambert,224,Bien desservi
Belgique,776,Aachen Hbf,Liège-Saint-Lambert,224,Bien desservi
Belgique,776,Aachen Hbf,Liège-Saint-Lambert,224,Bien desservi
Belgique,776,Aachen Hbf,Liège-Saint-Lambert,224,Bien desservi
Belgique,776,Aachen Hbf,Liège-Saint-Lambert,224,Bien desservi
Belgique,776,Aachen Hbf,Liège-Saint-Lambert,224,Bien desservi
Belgique,776,Aachen Hbf,Liège-Saint-Lambert,192,Bien desservi
Belgique,777,Liège-Saint-Lambert,Welkenraedt,17,Desserte Normale
Belgique,777,Liège-Saint-Lambert,Welkenraedt,28,Desserte Normale
Belgique,777,Liège-Saint-Lambert,Welkenraedt,31,Desserte Normale
Belgique,777,Liège-Saint-Lambert,Welkenraedt,24,Desserte Normale
Belgique,777,Liège-Saint-Lambert,Welkenraedt,28,Desserte Normale
Belgique,777,Liège-Saint-Lambert,Welkenraedt,23,Desserte Normale
Belgique,777,Liège-Saint-Lambert,Welkenraedt,31,Desserte Normale
Belgique,777,Liège-Saint-Lambert,Welkenraedt,28,Desserte Normale
Belgique,777,Liège-Saint-Lambert,Welkenraedt,28,Desserte Normale
Belgique,777,Liège-Saint-Lambert,Welkenraedt,23,Desserte Normale
Belgique,777,Liège-Saint-Lambert,Welkenraedt,27,Desserte Normale
Belgique,777,Liège-Saint-Lambert,Welkenraedt,28,Desserte Normale
Belgique,777,Liège-Saint-Lambert,Welkenraedt,28,Desserte Normale
Belgique,777,Liège-Saint-Lambert,Welkenraedt,23,Desserte Normale
Belgique,777,Liège-Saint-Lambert,Welkenraedt,31,Desserte Normale
Belgique,777,Liège-Saint-Lambert,Welkenraedt,28,Desserte Normale
Belgique,777,Liège-Saint-Lambert,Welkenraedt,28,Desserte Normale
Belgique,777,Liège-Saint-Lambert,Welkenraedt,92,Bien desservi
Belgique,777,Liège-Saint-Lambert,Welkenraedt,1,Sous-desservi
Belgique,777,Liège-Saint-Lambert,Welkenraedt,28,Desserte Normale
Belgique,777,Liège-Saint-Lambert,Welkenraedt,37,Desserte Normale
Belgique,777,Liège-Saint-Lambert,Welkenraedt,28,Desserte Normale
Belgique,777,Liège-Saint-Lambert,Welkenraedt,28,Desserte Normale
Belgique,777,Liège-Saint-Lambert,Welkenraedt,28,Desserte Normale
Belgique,777,Liège-Saint-Lambert,Welkenraedt,28,Desserte Normale
Belgique,777,Liège-Saint-Lambert,Welkenraedt,28,Desserte Normale
Belgique,777,Liège-Saint-Lambert,Welkenraedt,28,Desserte Normale
Belgique,777,Liège-Saint-Lambert,Welkenraedt,28,Desserte Normale
Belgique,777,Liège-Saint-Lambert,Welkenraedt,28,Desserte Normale
Belgique,777,Liège-Saint-Lambert,Welkenraedt,28,Desserte Normale
Belgique,777,Liège-Saint-Lambert,Welkenraedt,28,Desserte Normale
Belgique,777,Liège-Saint-Lambert,Welkenraedt,28,Desserte Normale
Belgique,777,Liège-Saint-Lambert,Welkenraedt,28,Desserte Normale
Belgique,777,Liège-Saint-Lambert,Welkenraedt,28,Desserte Normale
Belgique,777,Liège-Saint-Lambert,Welkenraedt,24,Desserte Normale
Belgique,778,Liège-Guillemins,Liège-Saint-Lambert,5,Sous-desservi
Belgique,778,Liège-Guillemins,Liège-Saint-Lambert,5,Sous-desservi
Belgique,779,Liège-Saint-Lambert,Verviers-Central,4,Sous-desservi
Belgique,779,Liège-Saint-Lambert,Verviers-Central,4,Sous-desservi
Belgique,78,Enghien,Tournai,72,Bien desservi
Belgique,78,Enghien,Tournai,36,Desserte Normale
Belgique,78,Enghien,Tournai,108,Bien desservi
Belgique,78,Enghien,Tournai,72,Bien desservi
Belgique,78,Enghien,Tournai,72,Bien desservi
Belgique,78,Enghien,Tournai,36,Desserte Normale
Belgique,780,Eupen,Ostende,126,Bien desservi
Belgique,780,Eupen,Ostende,220,Bien desservi
Belgique,780,Eupen,Ostende,150,Bien desservi
Belgique,780,Eupen,Ostende,214,Bien desservi
Belgique,780,Eupen,Ostende,215,Bien desservi
Belgique,780,Eupen,Ostende,222,Bien desservi
Belgique,780,Eupen,Ostende,221,Bien desservi
Belgique,780,Eupen,Ostende,222,Bien desservi
Belgique,780,Eupen,Ostende,212,Bien desservi
Belgique,780,Eupen,Ostende,212,Bien desservi
Belgique,780,Eupen,Ostende,222,Bien desservi
Belgique,780,Eupen,Ostende,222,Bien desservi
Belgique,780,Eupen,Ostende,216,Bien desservi
Belgique,780,Eupen,Ostende,222,Bien desservi
Belgique,780,Eupen,Ostende,191,Bien desservi
Belgique,780,Eupen,Ostende,222,Bien desservi
Belgique,780,Eupen,Ostende,221,Bien desservi
Belgique,780,Eupen,Ostende,160,Bien desservi
Belgique,780,Eupen,Ostende,75,Bien desservi
Belgique,780,Eupen,Ostende,72,Bien desservi
Belgique,780,Eupen,Ostende,72,Bien desservi
Belgique,780,Eupen,Ostende,222,Bien desservi
Belgique,780,Eupen,Ostende,222,Bien desservi
Belgique,780,Eupen,Ostende,222,Bien desservi
Belgique,780,Eupen,Ostende,215,Bien desservi
Belgique,780,Eupen,Ostende,212,Bien desservi
Belgique,780,Eupen,Ostende,222,Bien desservi
Belgique,780,Eupen,Ostende,222,Bien desservi
Belgique,780,Eupen,Ostende,222,Bien desservi
Belgique,780,Eupen,Ostende,222,Bien desservi
Belgique,780,Eupen,Ostende,222,Bien desservi
Belgique,780,Eupen,Ostende,222,Bien desservi
Belgique,780,Eupen,Ostende,221,Bien desservi
Belgique,780,Eupen,Ostende,222,Bien desservi
Belgique,780,Eupen,Ostende,222,Bien desservi
Belgique,780,Eupen,Ostende,222,Bien desservi
Belgique,780,Eupen,Ostende,191,Bien desservi
Belgique,781,Bruges,Eupen,72,Bien desservi
Belgique,781,Bruges,Eupen,8,Desserte Normale
Belgique,781,Bruges,Eupen,8,Desserte Normale
Belgique,781,Bruges,Eupen,10,Desserte Normale
Belgique,781,Bruges,Eupen,6,Sous-desservi
Belgique,781,Bruges,Eupen,10,Desserte Normale
Belgique,782,Aachen Hbf,Verviers-Central,5,Sous-desservi
Belgique,782,Aachen Hbf,Verviers-Central,4,Sous-desservi
Belgique,783,Courtrai,Schaerbeek,52,Desserte Normale
Belgique,783,Courtrai,Schaerbeek,130,Bien desservi
Belgique,783,Courtrai,Schaerbeek,104,Bien desservi
Belgique,783,Courtrai,Schaerbeek,130,Bien desservi
Belgique,783,Courtrai,Schaerbeek,104,Bien desservi
Belgique,783,Courtrai,Schaerbeek,130,Bien desservi
Belgique,783,Courtrai,Schaerbeek,104,Bien desservi
Belgique,783,Courtrai,Schaerbeek,130,Bien desservi
Belgique,783,Courtrai,Schaerbeek,130,Bien desservi
Belgique,783,Courtrai,Schaerbeek,130,Bien desservi
Belgique,783,Courtrai,Schaerbeek,130,Bien desservi
Belgique,783,Courtrai,Schaerbeek,20,Desserte Normale
Belgique,783,Courtrai,Schaerbeek,20,Desserte Normale
Belgique,783,Courtrai,Schaerbeek,20,Desserte Normale
Belgique,783,Courtrai,Schaerbeek,16,Desserte Normale
Belgique,783,Courtrai,Schaerbeek,20,Desserte Normale
Belgique,783,Courtrai,Schaerbeek,20,Desserte Normale
Belgique,783,Courtrai,Schaerbeek,20,Desserte Normale
Belgique,783,Courtrai,Schaerbeek,20,Desserte Normale
Belgique,783,Courtrai,Schaerbeek,20,Desserte Normale
Belgique,783,Courtrai,Schaerbeek,130,Bien desservi
Belgique,783,Courtrai,Schaerbeek,130,Bien desservi
Belgique,783,Courtrai,Schaerbeek,130,Bien desservi
Belgique,783,Courtrai,Schaerbeek,130,Bien desservi
Belgique,783,Courtrai,Schaerbeek,130,Bien desservi
Belgique,783,Courtrai,Schaerbeek,130,Bien desservi
Belgique,783,Courtrai,Schaerbeek,130,Bien desservi
Belgique,783,Courtrai,Schaerbeek,130,Bien desservi
Belgique,783,Courtrai,Schaerbeek,130,Bien desservi
Belgique,783,Courtrai,Schaerbeek,130,Bien desservi
Belgique,783,Courtrai,Schaerbeek,104,Bien desservi
Belgique,783,Courtrai,Schaerbeek,130,Bien desservi
Belgique,783,Courtrai,Schaerbeek,130,Bien desservi
Belgique,783,Courtrai,Schaerbeek,130,Bien desservi
Belgique,783,Courtrai,Schaerbeek,130,Bien desservi
Belgique,784,Landen,Visé,64,Bien desservi
Belgique,784,Landen,Visé,128,Bien desservi
Belgique,784,Landen,Visé,160,Bien desservi
Belgique,784,Landen,Visé,160,Bien desservi
Belgique,784,Landen,Visé,128,Bien desservi
Belgique,784,Landen,Visé,160,Bien desservi
Belgique,784,Landen,Visé,128,Bien desservi
Belgique,784,Landen,Visé,160,Bien desservi
Belgique,784,Landen,Visé,158,Bien desservi
Belgique,784,Landen,Visé,160,Bien desservi
Belgique,784,Landen,Visé,160,Bien desservi
Belgique,784,Landen,Visé,160,Bien desservi
Belgique,784,Landen,Visé,160,Bien desservi
Belgique,784,Landen,Visé,160,Bien desservi
Belgique,784,Landen,Visé,160,Bien desservi
Belgique,784,Landen,Visé,160,Bien desservi
Belgique,784,Landen,Visé,160,Bien desservi
Belgique,784,Landen,Visé,160,Bien desservi
Belgique,784,Landen,Visé,160,Bien desservi
Belgique,784,Landen,Visé,160,Bien desservi
Belgique,784,Landen,Visé,160,Bien desservi
Belgique,784,Landen,Visé,160,Bien desservi
Belgique,784,Landen,Visé,160,Bien desservi
Belgique,784,Landen,Visé,128,Bien desservi
Belgique,784,Landen,Visé,160,Bien desservi
Belgique,784,Landen,Visé,160,Bien desservi
Belgique,784,Landen,Visé,160,Bien desservi
Belgique,784,Landen,Visé,160,Bien desservi
Belgique,785,Liège-Guillemins,Waremme,2,Sous-desservi
Belgique,785,Liège-Guillemins,Waremme,5,Sous-desservi
Belgique,785,Liège-Guillemins,Waremme,6,Sous-desservi
Belgique,785,Liège-Guillemins,Waremme,6,Sous-desservi
Belgique,785,Liège-Guillemins,Waremme,2,Sous-desservi
Belgique,785,Liège-Guillemins,Waremme,5,Sous-desservi
Belgique,785,Liège-Guillemins,Waremme,6,Sous-desservi
Belgique,785,Liège-Guillemins,Waremme,5,Sous-desservi
Belgique,785,Liège-Guillemins,Waremme,6,Sous-desservi
Belgique,785,Liège-Guillemins,Waremme,6,Sous-desservi
Belgique,785,Liège-Guillemins,Waremme,6,Sous-desservi
Belgique,785,Liège-Guillemins,Waremme,6,Sous-desservi
Belgique,785,Liège-Guillemins,Waremme,6,Sous-desservi
Belgique,785,Liège-Guillemins,Waremme,2,Sous-desservi
Belgique,785,Liège-Guillemins,Waremme,204,Bien desservi
Belgique,785,Liège-Guillemins,Waremme,244,Bien desservi
Belgique,785,Liège-Guillemins,Waremme,108,Bien desservi
Belgique,785,Liège-Guillemins,Waremme,6,Sous-desservi
Belgique,785,Liège-Guillemins,Waremme,6,Sous-desservi
Belgique,785,Liège-Guillemins,Waremme,6,Sous-desservi
Belgique,785,Liège-Guillemins,Waremme,6,Sous-desservi
Belgique,785,Liège-Guillemins,Waremme,6,Sous-desservi
Belgique,785,Liège-Guillemins,Waremme,6,Sous-desservi
Belgique,785,Liège-Guillemins,Waremme,6,Sous-desservi
Belgique,785,Liège-Guillemins,Waremme,6,Sous-desservi
Belgique,785,Liège-Guillemins,Waremme,6,Sous-desservi
Belgique,785,Liège-Guillemins,Waremme,6,Sous-desservi
Belgique,785,Liège-Guillemins,Waremme,6,Sous-desservi
Belgique,785,Liège-Guillemins,Waremme,4,Sous-desservi
Belgique,785,Liège-Guillemins,Waremme,6,Sous-desservi
Belgique,785,Liège-Guillemins,Waremme,6,Sous-desservi
Belgique,785,Liège-Guillemins,Waremme,6,Sous-desservi
Belgique,785,Liège-Guillemins,Waremme,6,Sous-desservi
Belgique,786,Landen,Liège-Guillemins,76,Bien desservi
Belgique,786,Landen,Liège-Guillemins,120,Bien desservi
Belgique,786,Landen,Liège-Guillemins,94,Bien desservi
Belgique,786,Landen,Liège-Guillemins,94,Bien desservi
Belgique,786,Landen,Liège-Guillemins,238,Bien desservi
Belgique,786,Landen,Liège-Guillemins,244,Bien desservi
Belgique,786,Landen,Liège-Guillemins,120,Bien desservi
Belgique,786,Landen,Liège-Guillemins,94,Bien desservi
Belgique,786,Landen,Liège-Guillemins,114,Bien desservi
Belgique,786,Landen,Liège-Guillemins,86,Bien desservi
Belgique,786,Landen,Liège-Guillemins,84,Bien desservi
Belgique,786,Landen,Liège-Guillemins,94,Bien desservi
Belgique,786,Landen,Liège-Guillemins,86,Bien desservi
Belgique,786,Landen,Liège-Guillemins,94,Bien desservi
Belgique,786,Landen,Liège-Guillemins,244,Bien desservi
Belgique,786,Landen,Liège-Guillemins,232,Bien desservi
Belgique,786,Landen,Liège-Guillemins,36,Desserte Normale
Belgique,786,Landen,Liège-Guillemins,136,Bien desservi
Belgique,786,Landen,Liège-Guillemins,244,Bien desservi
Belgique,786,Landen,Liège-Guillemins,244,Bien desservi
Belgique,786,Landen,Liège-Guillemins,94,Bien desservi
Belgique,786,Landen,Liège-Guillemins,94,Bien desservi
Belgique,786,Landen,Liège-Guillemins,94,Bien desservi
Belgique,786,Landen,Liège-Guillemins,94,Bien desservi
Belgique,786,Landen,Liège-Guillemins,94,Bien desservi
Belgique,786,Landen,Liège-Guillemins,94,Bien desservi
Belgique,786,Landen,Liège-Guillemins,94,Bien desservi
Belgique,786,Landen,Liège-Guillemins,94,Bien desservi
Belgique,786,Landen,Liège-Guillemins,94,Bien desservi
Belgique,786,Landen,Liège-Guillemins,94,Bien desservi
Belgique,786,Landen,Liège-Guillemins,94,Bien desservi
Belgique,786,Landen,Liège-Guillemins,120,Bien desservi
Belgique,786,Landen,Liège-Guillemins,94,Bien desservi
Belgique,786,Landen,Liège-Guillemins,94,Bien desservi
Belgique,786,Landen,Liège-Guillemins,94,Bien desservi
Belgique,786,Landen,Liège-Guillemins,62,Bien desservi
Belgique,787,Visé,Waremme,2,Sous-desservi
Belgique,788,Bruges,Welkenraedt,10,Desserte Normale
Belgique,788,Bruges,Welkenraedt,1,Sous-desservi
Belgique,789,Flémalle-Haute,Liège-Guillemins,4,Sous-desservi
Belgique,789,Flémalle-Haute,Liège-Guillemins,8,Desserte Normale
Belgique,789,Flémalle-Haute,Liège-Guillemins,10,Desserte Normale
Belgique,789,Flémalle-Haute,Liège-Guillemins,14,Desserte Normale
Belgique,789,Flémalle-Haute,Liège-Guillemins,8,Desserte Normale
Belgique,789,Flémalle-Haute,Liège-Guillemins,10,Desserte Normale
Belgique,789,Flémalle-Haute,Liège-Guillemins,8,Desserte Normale
Belgique,789,Flémalle-Haute,Liège-Guillemins,10,Desserte Normale
Belgique,789,Flémalle-Haute,Liège-Guillemins,10,Desserte Normale
Belgique,789,Flémalle-Haute,Liège-Guillemins,10,Desserte Normale
Belgique,789,Flémalle-Haute,Liège-Guillemins,10,Desserte Normale
Belgique,789,Flémalle-Haute,Liège-Guillemins,15,Desserte Normale
Belgique,789,Flémalle-Haute,Liège-Guillemins,10,Desserte Normale
Belgique,789,Flémalle-Haute,Liège-Guillemins,10,Desserte Normale
Belgique,789,Flémalle-Haute,Liège-Guillemins,10,Desserte Normale
Belgique,789,Flémalle-Haute,Liège-Guillemins,10,Desserte Normale
Belgique,789,Flémalle-Haute,Liège-Guillemins,10,Desserte Normale
Belgique,789,Flémalle-Haute,Liège-Guillemins,10,Desserte Normale
Belgique,789,Flémalle-Haute,Liège-Guillemins,10,Desserte Normale
Belgique,789,Flémalle-Haute,Liège-Guillemins,10,Desserte Normale
Belgique,789,Flémalle-Haute,Liège-Guillemins,10,Desserte Normale
Belgique,789,Flémalle-Haute,Liège-Guillemins,10,Desserte Normale
Belgique,789,Flémalle-Haute,Liège-Guillemins,10,Desserte Normale
Belgique,789,Flémalle-Haute,Liège-Guillemins,8,Desserte Normale
Belgique,789,Flémalle-Haute,Liège-Guillemins,10,Desserte Normale
Belgique,789,Flémalle-Haute,Liège-Guillemins,10,Desserte Normale
Belgique,789,Flémalle-Haute,Liège-Guillemins,10,Desserte Normale
Belgique,789,Flémalle-Haute,Liège-Guillemins,10,Desserte Normale
Belgique,79,Hal,Mons,72,Bien desservi
Belgique,790,Flémalle-Haute,Liers,126,Bien desservi
Belgique,790,Flémalle-Haute,Liers,281,Bien desservi
Belgique,790,Flémalle-Haute,Liers,315,Bien desservi
Belgique,790,Flémalle-Haute,Liers,311,Bien desservi
Belgique,790,Flémalle-Haute,Liers,132,Bien desservi
Belgique,790,Flémalle-Haute,Liers,198,Bien desservi
Belgique,790,Flémalle-Haute,Liers,345,Bien desservi
Belgique,790,Flémalle-Haute,Liers,377,Bien desservi
Belgique,790,Flémalle-Haute,Liers,345,Bien desservi
Belgique,790,Flémalle-Haute,Liers,361,Bien desservi
Belgique,790,Flémalle-Haute,Liers,377,Bien desservi
Belgique,790,Flémalle-Haute,Liers,377,Bien desservi
Belgique,790,Flémalle-Haute,Liers,328,Bien desservi
Belgique,790,Flémalle-Haute,Liers,372,Bien desservi
Belgique,790,Flémalle-Haute,Liers,227,Bien desservi
Belgique,790,Flémalle-Haute,Liers,211,Bien desservi
Belgique,790,Flémalle-Haute,Liers,225,Bien desservi
Belgique,790,Flémalle-Haute,Liers,227,Bien desservi
Belgique,790,Flémalle-Haute,Liers,227,Bien desservi
Belgique,790,Flémalle-Haute,Liers,227,Bien desservi
Belgique,790,Flémalle-Haute,Liers,165,Bien desservi
Belgique,790,Flémalle-Haute,Liers,377,Bien desservi
Belgique,790,Flémalle-Haute,Liers,377,Bien desservi
Belgique,790,Flémalle-Haute,Liers,377,Bien desservi
Belgique,790,Flémalle-Haute,Liers,377,Bien desservi
Belgique,790,Flémalle-Haute,Liers,377,Bien desservi
Belgique,790,Flémalle-Haute,Liers,377,Bien desservi
Belgique,790,Flémalle-Haute,Liers,377,Bien desservi
Belgique,790,Flémalle-Haute,Liers,377,Bien desservi
Belgique,790,Flémalle-Haute,Liers,377,Bien desservi
Belgique,790,Flémalle-Haute,Liers,377,Bien desservi
Belgique,790,Flémalle-Haute,Liers,377,Bien desservi
Belgique,790,Flémalle-Haute,Liers,345,Bien desservi
Belgique,790,Flémalle-Haute,Liers,377,Bien desservi
Belgique,790,Flémalle-Haute,Liers,377,Bien desservi
Belgique,790,Flémalle-Haute,Liers,377,Bien desservi
Belgique,790,Flémalle-Haute,Liers,346,Bien desservi
Belgique,791,Gouvy,Luxembourg,10,Desserte Normale
Belgique,791,Gouvy,Luxembourg,10,Desserte Normale
Belgique,791,Gouvy,Luxembourg,8,Desserte Normale
Belgique,791,Gouvy,Luxembourg,10,Desserte Normale
Belgique,791,Gouvy,Luxembourg,8,Desserte Normale
Belgique,791,Gouvy,Luxembourg,10,Desserte Normale
Belgique,791,Gouvy,Luxembourg,10,Desserte Normale
Belgique,791,Gouvy,Luxembourg,35,Desserte Normale
Belgique,791,Gouvy,Luxembourg,10,Desserte Normale
Belgique,791,Gouvy,Luxembourg,8,Desserte Normale
Belgique,791,Gouvy,Luxembourg,10,Desserte Normale
Belgique,791,Gouvy,Luxembourg,10,Desserte Normale
Belgique,791,Gouvy,Luxembourg,10,Desserte Normale
Belgique,791,Gouvy,Luxembourg,9,Desserte Normale
Belgique,791,Gouvy,Luxembourg,10,Desserte Normale
Belgique,791,Gouvy,Luxembourg,10,Desserte Normale
Belgique,791,Gouvy,Luxembourg,10,Desserte Normale
Belgique,791,Gouvy,Luxembourg,10,Desserte Normale
Belgique,791,Gouvy,Luxembourg,10,Desserte Normale
Belgique,791,Gouvy,Luxembourg,10,Desserte Normale
Belgique,791,Gouvy,Luxembourg,10,Desserte Normale
Belgique,791,Gouvy,Luxembourg,10,Desserte Normale
Belgique,791,Gouvy,Luxembourg,10,Desserte Normale
Belgique,791,Gouvy,Luxembourg,10,Desserte Normale
Belgique,791,Gouvy,Luxembourg,10,Desserte Normale
Belgique,791,Gouvy,Luxembourg,10,Desserte Normale
Belgique,791,Gouvy,Luxembourg,10,Desserte Normale
Belgique,791,Gouvy,Luxembourg,8,Desserte Normale
Belgique,791,Gouvy,Luxembourg,10,Desserte Normale
Belgique,791,Gouvy,Luxembourg,10,Desserte Normale
Belgique,791,Gouvy,Luxembourg,10,Desserte Normale
Belgique,791,Gouvy,Luxembourg,10,Desserte Normale
Belgique,792,Ettelbruck,Gouvy,4,Sous-desservi
Belgique,792,Ettelbruck,Gouvy,8,Desserte Normale
Belgique,792,Ettelbruck,Gouvy,8,Desserte Normale
Belgique,793,Luxembourg,Rivage,4,Sous-desservi
Belgique,793,Luxembourg,Rivage,4,Sous-desservi
Belgique,793,Luxembourg,Rivage,4,Sous-desservi
Belgique,793,Luxembourg,Rivage,31,Desserte Normale
Belgique,794,Ettelbruck,Liège-Guillemins,70,Bien desservi
Belgique,794,Ettelbruck,Liège-Guillemins,138,Bien desservi
Belgique,794,Ettelbruck,Liège-Guillemins,4,Sous-desservi
Belgique,794,Ettelbruck,Liège-Guillemins,135,Bien desservi
Belgique,795,Liège-Guillemins,Luxembourg,165,Bien desservi
Belgique,795,Liège-Guillemins,Luxembourg,161,Bien desservi
Belgique,795,Liège-Guillemins,Luxembourg,132,Bien desservi
Belgique,795,Liège-Guillemins,Luxembourg,165,Bien desservi
Belgique,795,Liège-Guillemins,Luxembourg,138,Bien desservi
Belgique,795,Liège-Guillemins,Luxembourg,165,Bien desservi
Belgique,795,Liège-Guillemins,Luxembourg,169,Bien desservi
Belgique,795,Liège-Guillemins,Luxembourg,162,Bien desservi
Belgique,795,Liège-Guillemins,Luxembourg,162,Bien desservi
Belgique,795,Liège-Guillemins,Luxembourg,152,Bien desservi
Belgique,795,Liège-Guillemins,Luxembourg,165,Bien desservi
Belgique,795,Liège-Guillemins,Luxembourg,165,Bien desservi
Belgique,795,Liège-Guillemins,Luxembourg,169,Bien desservi
Belgique,795,Liège-Guillemins,Luxembourg,138,Bien desservi
Belgique,795,Liège-Guillemins,Luxembourg,169,Bien desservi
Belgique,795,Liège-Guillemins,Luxembourg,161,Bien desservi
Belgique,795,Liège-Guillemins,Luxembourg,169,Bien desservi
Belgique,795,Liège-Guillemins,Luxembourg,169,Bien desservi
Belgique,795,Liège-Guillemins,Luxembourg,169,Bien desservi
Belgique,795,Liège-Guillemins,Luxembourg,169,Bien desservi
Belgique,795,Liège-Guillemins,Luxembourg,169,Bien desservi
Belgique,795,Liège-Guillemins,Luxembourg,169,Bien desservi
Belgique,795,Liège-Guillemins,Luxembourg,169,Bien desservi
Belgique,795,Liège-Guillemins,Luxembourg,169,Bien desservi
Belgique,795,Liège-Guillemins,Luxembourg,169,Bien desservi
Belgique,795,Liège-Guillemins,Luxembourg,169,Bien desservi
Belgique,795,Liège-Guillemins,Luxembourg,169,Bien desservi
Belgique,795,Liège-Guillemins,Luxembourg,138,Bien desservi
Belgique,795,Liège-Guillemins,Luxembourg,169,Bien desservi
Belgique,795,Liège-Guillemins,Luxembourg,169,Bien desservi
Belgique,795,Liège-Guillemins,Luxembourg,169,Bien desservi
Belgique,795,Liège-Guillemins,Luxembourg,167,Bien desservi
Belgique,796,Liège-Guillemins,Troisvierges,4,Sous-desservi
Belgique,796,Liège-Guillemins,Troisvierges,4,Sous-desservi
Belgique,796,Liège-Guillemins,Troisvierges,6,Sous-desservi
Belgique,796,Liège-Guillemins,Troisvierges,4,Sous-desservi
Belgique,796,Liège-Guillemins,Troisvierges,4,Sous-desservi
Belgique,796,Liège-Guillemins,Troisvierges,4,Sous-desservi
Belgique,797,Luxembourg,Trois-Ponts,26,Desserte Normale
Belgique,798,Ettelbruck,Liers,28,Desserte Normale
Belgique,798,Ettelbruck,Liers,42,Desserte Normale
Belgique,798,Ettelbruck,Liers,28,Desserte Normale
Belgique,798,Ettelbruck,Liers,42,Desserte Normale
Belgique,799,Liers,Troisvierges,28,Desserte Normale
Belgique,799,Liers,Troisvierges,28,Desserte Normale
Belgique,799,Liers,Troisvierges,42,Desserte Normale
Belgique,799,Liers,Troisvierges,28,Desserte Normale
Belgique,799,Liers,Troisvierges,28,Desserte Normale
Belgique,799,Liers,Troisvierges,28,Desserte Normale
Belgique,8,Landen,Louvain,74,Bien desservi
Belgique,8,Landen,Louvain,146,Bien desservi
Belgique,8,Landen,Louvain,181,Bien desservi
Belgique,8,Landen,Louvain,252,Bien desservi
Belgique,8,Landen,Louvain,144,Bien desservi
Belgique,8,Landen,Louvain,180,Bien desservi
Belgique,8,Landen,Louvain,144,Bien desservi
Belgique,8,Landen,Louvain,213,Bien desservi
Belgique,8,Landen,Louvain,176,Bien desservi
Belgique,8,Landen,Louvain,175,Bien desservi
Belgique,8,Landen,Louvain,180,Bien desservi
Belgique,8,Landen,Louvain,180,Bien desservi
Belgique,8,Landen,Louvain,180,Bien desservi
Belgique,8,Landen,Louvain,180,Bien desservi
Belgique,8,Landen,Louvain,180,Bien desservi
Belgique,8,Landen,Louvain,129,Bien desservi
Belgique,8,Landen,Louvain,107,Bien desservi
Belgique,8,Landen,Louvain,165,Bien desservi
Belgique,8,Landen,Louvain,180,Bien desservi
Belgique,8,Landen,Louvain,180,Bien desservi
Belgique,8,Landen,Louvain,180,Bien desservi
Belgique,8,Landen,Louvain,252,Bien desservi
Belgique,8,Landen,Louvain,180,Bien desservi
Belgique,8,Landen,Louvain,252,Bien desservi
Belgique,8,Landen,Louvain,180,Bien desservi
Belgique,8,Landen,Louvain,252,Bien desservi
Belgique,8,Landen,Louvain,175,Bien desservi
Belgique,8,Landen,Louvain,180,Bien desservi
Belgique,8,Landen,Louvain,180,Bien desservi
Belgique,8,Landen,Louvain,180,Bien desservi
Belgique,8,Landen,Louvain,180,Bien desservi
Belgique,8,Landen,Louvain,144,Bien desservi
Belgique,8,Landen,Louvain,180,Bien desservi
Belgique,8,Landen,Louvain,180,Bien desservi
Belgique,8,Landen,Louvain,180,Bien desservi
Belgique,8,Landen,Louvain,180,Bien desservi
Belgique,80,Bruxelles-Midi,Ostende,1,Sous-desservi
Belgique,80,Bruxelles-Midi,Ostende,4,Sous-desservi
Belgique,800,Liers,Luxembourg,42,Desserte Normale
Belgique,800,Liers,Luxembourg,28,Desserte Normale
Belgique,800,Liers,Luxembourg,6,Sous-desservi
Belgique,800,Liers,Luxembourg,5,Sous-desservi
Belgique,800,Liers,Luxembourg,28,Desserte Normale
Belgique,800,Liers,Luxembourg,28,Desserte Normale
Belgique,800,Liers,Luxembourg,42,Desserte Normale
Belgique,800,Liers,Luxembourg,28,Desserte Normale
Belgique,800,Liers,Luxembourg,5,Sous-desservi
Belgique,800,Liers,Luxembourg,28,Desserte Normale
Belgique,800,Liers,Luxembourg,28,Desserte Normale
Belgique,800,Liers,Luxembourg,28,Desserte Normale
Belgique,800,Liers,Luxembourg,28,Desserte Normale
Belgique,800,Liers,Luxembourg,28,Desserte Normale
Belgique,800,Liers,Luxembourg,28,Desserte Normale
Belgique,800,Liers,Luxembourg,28,Desserte Normale
Belgique,800,Liers,Luxembourg,28,Desserte Normale
Belgique,800,Liers,Luxembourg,28,Desserte Normale
Belgique,800,Liers,Luxembourg,28,Desserte Normale
Belgique,800,Liers,Luxembourg,28,Desserte Normale
Belgique,800,Liers,Luxembourg,42,Desserte Normale
Belgique,800,Liers,Luxembourg,28,Desserte Normale
Belgique,800,Liers,Luxembourg,28,Desserte Normale
Belgique,800,Liers,Luxembourg,28,Desserte Normale
Belgique,800,Liers,Luxembourg,14,Desserte Normale
Belgique,801,Gouvy,Liers,4,Sous-desservi
Belgique,801,Gouvy,Liers,6,Sous-desservi
Belgique,801,Gouvy,Liers,4,Sous-desservi
Belgique,801,Gouvy,Liers,4,Sous-desservi
Belgique,801,Gouvy,Liers,6,Sous-desservi
Belgique,801,Gouvy,Liers,4,Sous-desservi
Belgique,801,Gouvy,Liers,6,Sous-desservi
Belgique,801,Gouvy,Liers,4,Sous-desservi
Belgique,801,Gouvy,Liers,6,Sous-desservi
Belgique,801,Gouvy,Liers,4,Sous-desservi
Belgique,801,Gouvy,Liers,1,Sous-desservi
Belgique,801,Gouvy,Liers,1,Sous-desservi
Belgique,801,Gouvy,Liers,4,Sous-desservi
Belgique,801,Gouvy,Liers,4,Sous-desservi
Belgique,801,Gouvy,Liers,4,Sous-desservi
Belgique,801,Gouvy,Liers,4,Sous-desservi
Belgique,801,Gouvy,Liers,6,Sous-desservi
Belgique,801,Gouvy,Liers,4,Sous-desservi
Belgique,801,Gouvy,Liers,1,Sous-desservi
Belgique,801,Gouvy,Liers,4,Sous-desservi
Belgique,801,Gouvy,Liers,4,Sous-desservi
Belgique,801,Gouvy,Liers,32,Desserte Normale
Belgique,801,Gouvy,Liers,32,Desserte Normale
Belgique,801,Gouvy,Liers,4,Sous-desservi
Belgique,801,Gouvy,Liers,4,Sous-desservi
Belgique,801,Gouvy,Liers,4,Sous-desservi
Belgique,801,Gouvy,Liers,4,Sous-desservi
Belgique,801,Gouvy,Liers,4,Sous-desservi
Belgique,801,Gouvy,Liers,4,Sous-desservi
Belgique,801,Gouvy,Liers,4,Sous-desservi
Belgique,801,Gouvy,Liers,4,Sous-desservi
Belgique,801,Gouvy,Liers,4,Sous-desservi
Belgique,801,Gouvy,Liers,6,Sous-desservi
Belgique,801,Gouvy,Liers,4,Sous-desservi
Belgique,801,Gouvy,Liers,4,Sous-desservi
Belgique,801,Gouvy,Liers,4,Sous-desservi
Belgique,801,Gouvy,Liers,2,Sous-desservi
Belgique,802,Gouvy,Rivage,3,Sous-desservi
Belgique,803,Gouvy,Trois-Ponts,3,Sous-desservi
Belgique,804,Ettelbruck,Rivage,3,Sous-desservi
Belgique,805,Liège-Guillemins,Verviers-Central,2,Sous-desservi
Belgique,805,Liège-Guillemins,Verviers-Central,4,Sous-desservi
Belgique,805,Liège-Guillemins,Verviers-Central,5,Sous-desservi
Belgique,805,Liège-Guillemins,Verviers-Central,5,Sous-desservi
Belgique,805,Liège-Guillemins,Verviers-Central,4,Sous-desservi
Belgique,805,Liège-Guillemins,Verviers-Central,5,Sous-desservi
Belgique,805,Liège-Guillemins,Verviers-Central,4,Sous-desservi
Belgique,805,Liège-Guillemins,Verviers-Central,5,Sous-desservi
Belgique,805,Liège-Guillemins,Verviers-Central,5,Sous-desservi
Belgique,805,Liège-Guillemins,Verviers-Central,5,Sous-desservi
Belgique,805,Liège-Guillemins,Verviers-Central,5,Sous-desservi
Belgique,805,Liège-Guillemins,Verviers-Central,5,Sous-desservi
Belgique,805,Liège-Guillemins,Verviers-Central,5,Sous-desservi
Belgique,805,Liège-Guillemins,Verviers-Central,5,Sous-desservi
Belgique,805,Liège-Guillemins,Verviers-Central,5,Sous-desservi
Belgique,805,Liège-Guillemins,Verviers-Central,5,Sous-desservi
Belgique,805,Liège-Guillemins,Verviers-Central,5,Sous-desservi
Belgique,805,Liège-Guillemins,Verviers-Central,5,Sous-desservi
Belgique,805,Liège-Guillemins,Verviers-Central,5,Sous-desservi
Belgique,805,Liège-Guillemins,Verviers-Central,5,Sous-desservi
Belgique,805,Liège-Guillemins,Verviers-Central,5,Sous-desservi
Belgique,805,Liège-Guillemins,Verviers-Central,5,Sous-desservi
Belgique,805,Liège-Guillemins,Verviers-Central,5,Sous-desservi
Belgique,805,Liège-Guillemins,Verviers-Central,4,Sous-desservi
Belgique,805,Liège-Guillemins,Verviers-Central,5,Sous-desservi
Belgique,805,Liège-Guillemins,Verviers-Central,5,Sous-desservi
Belgique,805,Liège-Guillemins,Verviers-Central,5,Sous-desservi
Belgique,805,Liège-Guillemins,Verviers-Central,5,Sous-desservi
Belgique,806,Hasselt,Verviers-Central,62,Bien desservi
Belgique,806,Hasselt,Verviers-Central,124,Bien desservi
Belgique,806,Hasselt,Verviers-Central,155,Bien desservi
Belgique,806,Hasselt,Verviers-Central,145,Bien desservi
Belgique,806,Hasselt,Verviers-Central,124,Bien desservi
Belgique,806,Hasselt,Verviers-Central,155,Bien desservi
Belgique,806,Hasselt,Verviers-Central,124,Bien desservi
Belgique,806,Hasselt,Verviers-Central,145,Bien desservi
Belgique,806,Hasselt,Verviers-Central,155,Bien desservi
Belgique,806,Hasselt,Verviers-Central,155,Bien desservi
Belgique,806,Hasselt,Verviers-Central,155,Bien desservi
Belgique,806,Hasselt,Verviers-Central,155,Bien desservi
Belgique,806,Hasselt,Verviers-Central,155,Bien desservi
Belgique,806,Hasselt,Verviers-Central,155,Bien desservi
Belgique,806,Hasselt,Verviers-Central,155,Bien desservi
Belgique,806,Hasselt,Verviers-Central,155,Bien desservi
Belgique,806,Hasselt,Verviers-Central,155,Bien desservi
Belgique,806,Hasselt,Verviers-Central,155,Bien desservi
Belgique,806,Hasselt,Verviers-Central,155,Bien desservi
Belgique,806,Hasselt,Verviers-Central,155,Bien desservi
Belgique,806,Hasselt,Verviers-Central,155,Bien desservi
Belgique,806,Hasselt,Verviers-Central,155,Bien desservi
Belgique,806,Hasselt,Verviers-Central,155,Bien desservi
Belgique,806,Hasselt,Verviers-Central,124,Bien desservi
Belgique,806,Hasselt,Verviers-Central,155,Bien desservi
Belgique,806,Hasselt,Verviers-Central,155,Bien desservi
Belgique,806,Hasselt,Verviers-Central,155,Bien desservi
Belgique,806,Hasselt,Verviers-Central,155,Bien desservi
Belgique,807,Hasselt,Liège-Guillemins,66,Bien desservi
Belgique,807,Hasselt,Liège-Guillemins,100,Bien desservi
Belgique,807,Hasselt,Liège-Guillemins,69,Bien desservi
Belgique,807,Hasselt,Liège-Guillemins,69,Bien desservi
Belgique,807,Hasselt,Liège-Guillemins,224,Bien desservi
Belgique,807,Hasselt,Liège-Guillemins,224,Bien desservi
Belgique,807,Hasselt,Liège-Guillemins,100,Bien desservi
Belgique,807,Hasselt,Liège-Guillemins,19,Desserte Normale
Belgique,807,Hasselt,Liège-Guillemins,100,Bien desservi
Belgique,807,Hasselt,Liège-Guillemins,69,Bien desservi
Belgique,807,Hasselt,Liège-Guillemins,69,Bien desservi
Belgique,807,Hasselt,Liège-Guillemins,69,Bien desservi
Belgique,807,Hasselt,Liège-Guillemins,69,Bien desservi
Belgique,807,Hasselt,Liège-Guillemins,6,Sous-desservi
Belgique,807,Hasselt,Liège-Guillemins,224,Bien desservi
Belgique,807,Hasselt,Liège-Guillemins,214,Bien desservi
Belgique,807,Hasselt,Liège-Guillemins,224,Bien desservi
Belgique,807,Hasselt,Liège-Guillemins,224,Bien desservi
Belgique,807,Hasselt,Liège-Guillemins,160,Bien desservi
Belgique,807,Hasselt,Liège-Guillemins,224,Bien desservi
Belgique,807,Hasselt,Liège-Guillemins,160,Bien desservi
Belgique,807,Hasselt,Liège-Guillemins,69,Bien desservi
Belgique,807,Hasselt,Liège-Guillemins,69,Bien desservi
Belgique,807,Hasselt,Liège-Guillemins,69,Bien desservi
Belgique,807,Hasselt,Liège-Guillemins,69,Bien desservi
Belgique,807,Hasselt,Liège-Guillemins,69,Bien desservi
Belgique,807,Hasselt,Liège-Guillemins,69,Bien desservi
Belgique,807,Hasselt,Liège-Guillemins,69,Bien desservi
Belgique,807,Hasselt,Liège-Guillemins,69,Bien desservi
Belgique,807,Hasselt,Liège-Guillemins,69,Bien desservi
Belgique,807,Hasselt,Liège-Guillemins,69,Bien desservi
Belgique,807,Hasselt,Liège-Guillemins,69,Bien desservi
Belgique,807,Hasselt,Liège-Guillemins,100,Bien desservi
Belgique,807,Hasselt,Liège-Guillemins,69,Bien desservi
Belgique,807,Hasselt,Liège-Guillemins,69,Bien desservi
Belgique,807,Hasselt,Liège-Guillemins,69,Bien desservi
Belgique,807,Hasselt,Liège-Guillemins,37,Desserte Normale
Belgique,808,Hasselt,Tongres,8,Desserte Normale
Belgique,808,Hasselt,Tongres,13,Desserte Normale
Belgique,808,Hasselt,Tongres,11,Desserte Normale
Belgique,808,Hasselt,Tongres,21,Desserte Normale
Belgique,808,Hasselt,Tongres,13,Desserte Normale
Belgique,808,Hasselt,Tongres,11,Desserte Normale
Belgique,808,Hasselt,Tongres,13,Desserte Normale
Belgique,808,Hasselt,Tongres,61,Bien desservi
Belgique,808,Hasselt,Tongres,13,Desserte Normale
Belgique,808,Hasselt,Tongres,21,Desserte Normale
Belgique,808,Hasselt,Tongres,11,Desserte Normale
Belgique,808,Hasselt,Tongres,11,Desserte Normale
Belgique,808,Hasselt,Tongres,11,Desserte Normale
Belgique,808,Hasselt,Tongres,5,Sous-desservi
Belgique,808,Hasselt,Tongres,11,Desserte Normale
Belgique,808,Hasselt,Tongres,21,Desserte Normale
Belgique,808,Hasselt,Tongres,13,Desserte Normale
Belgique,808,Hasselt,Tongres,11,Desserte Normale
Belgique,808,Hasselt,Tongres,75,Bien desservi
Belgique,808,Hasselt,Tongres,11,Desserte Normale
Belgique,808,Hasselt,Tongres,75,Bien desservi
Belgique,808,Hasselt,Tongres,11,Desserte Normale
Belgique,808,Hasselt,Tongres,11,Desserte Normale
Belgique,808,Hasselt,Tongres,11,Desserte Normale
Belgique,808,Hasselt,Tongres,11,Desserte Normale
Belgique,808,Hasselt,Tongres,11,Desserte Normale
Belgique,808,Hasselt,Tongres,11,Desserte Normale
Belgique,808,Hasselt,Tongres,11,Desserte Normale
Belgique,808,Hasselt,Tongres,11,Desserte Normale
Belgique,808,Hasselt,Tongres,11,Desserte Normale
Belgique,808,Hasselt,Tongres,11,Desserte Normale
Belgique,808,Hasselt,Tongres,11,Desserte Normale
Belgique,808,Hasselt,Tongres,13,Desserte Normale
Belgique,808,Hasselt,Tongres,11,Desserte Normale
Belgique,808,Hasselt,Tongres,11,Desserte Normale
Belgique,808,Hasselt,Tongres,11,Desserte Normale
Belgique,808,Hasselt,Tongres,8,Desserte Normale
Belgique,809,Liège-Guillemins,Tongres,63,Bien desservi
Belgique,81,Bruxelles-Midi,Luxembourg,125,Bien desservi
Belgique,81,Bruxelles-Midi,Luxembourg,125,Bien desservi
Belgique,81,Bruxelles-Midi,Luxembourg,98,Bien desservi
Belgique,81,Bruxelles-Midi,Luxembourg,125,Bien desservi
Belgique,81,Bruxelles-Midi,Luxembourg,103,Bien desservi
Belgique,81,Bruxelles-Midi,Luxembourg,125,Bien desservi
Belgique,81,Bruxelles-Midi,Luxembourg,176,Bien desservi
Belgique,81,Bruxelles-Midi,Luxembourg,176,Bien desservi
Belgique,81,Bruxelles-Midi,Luxembourg,176,Bien desservi
Belgique,81,Bruxelles-Midi,Luxembourg,181,Bien desservi
Belgique,81,Bruxelles-Midi,Luxembourg,125,Bien desservi
Belgique,81,Bruxelles-Midi,Luxembourg,178,Bien desservi
Belgique,81,Bruxelles-Midi,Luxembourg,168,Bien desservi
Belgique,81,Bruxelles-Midi,Luxembourg,166,Bien desservi
Belgique,81,Bruxelles-Midi,Luxembourg,166,Bien desservi
Belgique,81,Bruxelles-Midi,Luxembourg,125,Bien desservi
Belgique,81,Bruxelles-Midi,Luxembourg,133,Bien desservi
Belgique,81,Bruxelles-Midi,Luxembourg,178,Bien desservi
Belgique,81,Bruxelles-Midi,Luxembourg,176,Bien desservi
Belgique,81,Bruxelles-Midi,Luxembourg,176,Bien desservi
Belgique,81,Bruxelles-Midi,Luxembourg,176,Bien desservi
Belgique,81,Bruxelles-Midi,Luxembourg,176,Bien desservi
Belgique,81,Bruxelles-Midi,Luxembourg,176,Bien desservi
Belgique,81,Bruxelles-Midi,Luxembourg,176,Bien desservi
Belgique,81,Bruxelles-Midi,Luxembourg,176,Bien desservi
Belgique,81,Bruxelles-Midi,Luxembourg,176,Bien desservi
Belgique,81,Bruxelles-Midi,Luxembourg,176,Bien desservi
Belgique,81,Bruxelles-Midi,Luxembourg,176,Bien desservi
Belgique,81,Bruxelles-Midi,Luxembourg,172,Bien desservi
Belgique,81,Bruxelles-Midi,Luxembourg,176,Bien desservi
Belgique,81,Bruxelles-Midi,Luxembourg,176,Bien desservi
Belgique,81,Bruxelles-Midi,Luxembourg,176,Bien desservi
Belgique,81,Bruxelles-Midi,Luxembourg,155,Bien desservi
Belgique,810,Eupen,Gand-Saint-Pierre,1,Sous-desservi
Belgique,810,Eupen,Gand-Saint-Pierre,1,Sous-desservi
Belgique,811,Liers,Liège-Guillemins,62,Bien desservi
Belgique,811,Liers,Liège-Guillemins,64,Bien desservi
Belgique,811,Liers,Liège-Guillemins,62,Bien desservi
Belgique,811,Liers,Liège-Guillemins,46,Desserte Normale
Belgique,811,Liers,Liège-Guillemins,93,Bien desservi
Belgique,811,Liers,Liège-Guillemins,29,Desserte Normale
Belgique,811,Liers,Liège-Guillemins,49,Desserte Normale
Belgique,811,Liers,Liège-Guillemins,62,Bien desservi
Belgique,812,Herstal,Liège-Guillemins,16,Desserte Normale
Belgique,813,Flémalle-Haute,Herstal,16,Desserte Normale
Belgique,813,Flémalle-Haute,Herstal,16,Desserte Normale
Belgique,814,Gand-Saint-Pierre,Malines,8,Desserte Normale
Belgique,814,Gand-Saint-Pierre,Malines,7,Desserte Normale
Belgique,814,Gand-Saint-Pierre,Malines,7,Desserte Normale
Belgique,814,Gand-Saint-Pierre,Malines,7,Desserte Normale
Belgique,814,Gand-Saint-Pierre,Malines,7,Desserte Normale
Belgique,814,Gand-Saint-Pierre,Malines,12,Desserte Normale
Belgique,814,Gand-Saint-Pierre,Malines,7,Desserte Normale
Belgique,814,Gand-Saint-Pierre,Malines,7,Desserte Normale
Belgique,814,Gand-Saint-Pierre,Malines,5,Sous-desservi
Belgique,814,Gand-Saint-Pierre,Malines,7,Desserte Normale
Belgique,814,Gand-Saint-Pierre,Malines,7,Desserte Normale
Belgique,814,Gand-Saint-Pierre,Malines,5,Sous-desservi
Belgique,814,Gand-Saint-Pierre,Malines,5,Sous-desservi
Belgique,814,Gand-Saint-Pierre,Malines,5,Sous-desservi
Belgique,814,Gand-Saint-Pierre,Malines,7,Desserte Normale
Belgique,814,Gand-Saint-Pierre,Malines,7,Desserte Normale
Belgique,814,Gand-Saint-Pierre,Malines,7,Desserte Normale
Belgique,814,Gand-Saint-Pierre,Malines,7,Desserte Normale
Belgique,814,Gand-Saint-Pierre,Malines,7,Desserte Normale
Belgique,814,Gand-Saint-Pierre,Malines,7,Desserte Normale
Belgique,814,Gand-Saint-Pierre,Malines,15,Desserte Normale
Belgique,814,Gand-Saint-Pierre,Malines,81,Bien desservi
Belgique,814,Gand-Saint-Pierre,Malines,7,Desserte Normale
Belgique,814,Gand-Saint-Pierre,Malines,7,Desserte Normale
Belgique,814,Gand-Saint-Pierre,Malines,75,Bien desservi
Belgique,814,Gand-Saint-Pierre,Malines,7,Desserte Normale
Belgique,814,Gand-Saint-Pierre,Malines,7,Desserte Normale
Belgique,814,Gand-Saint-Pierre,Malines,7,Desserte Normale
Belgique,814,Gand-Saint-Pierre,Malines,7,Desserte Normale
Belgique,814,Gand-Saint-Pierre,Malines,7,Desserte Normale
Belgique,814,Gand-Saint-Pierre,Malines,7,Desserte Normale
Belgique,814,Gand-Saint-Pierre,Malines,7,Desserte Normale
Belgique,814,Gand-Saint-Pierre,Malines,7,Desserte Normale
Belgique,814,Gand-Saint-Pierre,Malines,7,Desserte Normale
Belgique,814,Gand-Saint-Pierre,Malines,7,Desserte Normale
Belgique,814,Gand-Saint-Pierre,Malines,6,Sous-desservi
Belgique,815,Gand-Saint-Pierre,Londerzeel,2,Sous-desservi
Belgique,815,Gand-Saint-Pierre,Londerzeel,2,Sous-desservi
Belgique,815,Gand-Saint-Pierre,Londerzeel,7,Desserte Normale
Belgique,815,Gand-Saint-Pierre,Londerzeel,2,Sous-desservi
Belgique,816,Bruges,Malines,26,Desserte Normale
Belgique,816,Bruges,Malines,49,Desserte Normale
Belgique,816,Bruges,Malines,54,Desserte Normale
Belgique,816,Bruges,Malines,54,Desserte Normale
Belgique,816,Bruges,Malines,53,Desserte Normale
Belgique,816,Bruges,Malines,49,Desserte Normale
Belgique,816,Bruges,Malines,53,Desserte Normale
Belgique,816,Bruges,Malines,54,Desserte Normale
Belgique,816,Bruges,Malines,39,Desserte Normale
Belgique,816,Bruges,Malines,54,Desserte Normale
Belgique,816,Bruges,Malines,54,Desserte Normale
Belgique,816,Bruges,Malines,40,Desserte Normale
Belgique,816,Bruges,Malines,40,Desserte Normale
Belgique,816,Bruges,Malines,40,Desserte Normale
Belgique,816,Bruges,Malines,54,Desserte Normale
Belgique,816,Bruges,Malines,53,Desserte Normale
Belgique,816,Bruges,Malines,54,Desserte Normale
Belgique,816,Bruges,Malines,54,Desserte Normale
Belgique,816,Bruges,Malines,54,Desserte Normale
Belgique,816,Bruges,Malines,54,Desserte Normale
Belgique,816,Bruges,Malines,46,Desserte Normale
Belgique,816,Bruges,Malines,30,Desserte Normale
Belgique,816,Bruges,Malines,54,Desserte Normale
Belgique,816,Bruges,Malines,54,Desserte Normale
Belgique,816,Bruges,Malines,36,Desserte Normale
Belgique,816,Bruges,Malines,54,Desserte Normale
Belgique,816,Bruges,Malines,54,Desserte Normale
Belgique,816,Bruges,Malines,54,Desserte Normale
Belgique,816,Bruges,Malines,54,Desserte Normale
Belgique,816,Bruges,Malines,54,Desserte Normale
Belgique,816,Bruges,Malines,54,Desserte Normale
Belgique,816,Bruges,Malines,53,Desserte Normale
Belgique,816,Bruges,Malines,54,Desserte Normale
Belgique,816,Bruges,Malines,54,Desserte Normale
Belgique,816,Bruges,Malines,54,Desserte Normale
Belgique,816,Bruges,Malines,47,Desserte Normale
Belgique,817,Bruges,Londerzeel,14,Desserte Normale
Belgique,817,Bruges,Londerzeel,14,Desserte Normale
Belgique,817,Bruges,Londerzeel,54,Desserte Normale
Belgique,817,Bruges,Londerzeel,14,Desserte Normale
Belgique,818,Londerzeel,Termonde,4,Sous-desservi
Belgique,818,Londerzeel,Termonde,5,Sous-desservi
Belgique,818,Londerzeel,Termonde,2,Sous-desservi
Belgique,818,Londerzeel,Termonde,2,Sous-desservi
Belgique,818,Londerzeel,Termonde,7,Desserte Normale
Belgique,818,Londerzeel,Termonde,2,Sous-desservi
Belgique,819,Gand-Saint-Pierre,Termonde,2,Sous-desservi
Belgique,819,Gand-Saint-Pierre,Termonde,6,Sous-desservi
Belgique,819,Gand-Saint-Pierre,Termonde,6,Sous-desservi
Belgique,82,Arlon,Bruxelles-Midi,126,Bien desservi
Belgique,82,Arlon,Bruxelles-Midi,222,Bien desservi
Belgique,82,Arlon,Bruxelles-Midi,41,Desserte Normale
Belgique,82,Arlon,Bruxelles-Midi,40,Desserte Normale
Belgique,82,Arlon,Bruxelles-Midi,32,Desserte Normale
Belgique,82,Arlon,Bruxelles-Midi,40,Desserte Normale
Belgique,82,Arlon,Bruxelles-Midi,35,Desserte Normale
Belgique,82,Arlon,Bruxelles-Midi,100,Bien desservi
Belgique,82,Arlon,Bruxelles-Midi,222,Bien desservi
Belgique,82,Arlon,Bruxelles-Midi,49,Desserte Normale
Belgique,82,Arlon,Bruxelles-Midi,49,Desserte Normale
Belgique,82,Arlon,Bruxelles-Midi,49,Desserte Normale
Belgique,82,Arlon,Bruxelles-Midi,42,Desserte Normale
Belgique,82,Arlon,Bruxelles-Midi,94,Bien desservi
Belgique,82,Arlon,Bruxelles-Midi,219,Bien desservi
Belgique,82,Arlon,Bruxelles-Midi,41,Desserte Normale
Belgique,82,Arlon,Bruxelles-Midi,45,Desserte Normale
Belgique,82,Arlon,Bruxelles-Midi,53,Desserte Normale
Belgique,82,Arlon,Bruxelles-Midi,53,Desserte Normale
Belgique,82,Arlon,Bruxelles-Midi,40,Desserte Normale
Belgique,82,Arlon,Bruxelles-Midi,40,Desserte Normale
Belgique,82,Arlon,Bruxelles-Midi,41,Desserte Normale
Belgique,82,Arlon,Bruxelles-Midi,49,Desserte Normale
Belgique,82,Arlon,Bruxelles-Midi,49,Desserte Normale
Belgique,82,Arlon,Bruxelles-Midi,49,Desserte Normale
Belgique,82,Arlon,Bruxelles-Midi,49,Desserte Normale
Belgique,82,Arlon,Bruxelles-Midi,49,Desserte Normale
Belgique,82,Arlon,Bruxelles-Midi,49,Desserte Normale
Belgique,82,Arlon,Bruxelles-Midi,49,Desserte Normale
Belgique,82,Arlon,Bruxelles-Midi,49,Desserte Normale
Belgique,82,Arlon,Bruxelles-Midi,49,Desserte Normale
Belgique,82,Arlon,Bruxelles-Midi,49,Desserte Normale
Belgique,82,Arlon,Bruxelles-Midi,50,Desserte Normale
Belgique,82,Arlon,Bruxelles-Midi,49,Desserte Normale
Belgique,82,Arlon,Bruxelles-Midi,49,Desserte Normale
Belgique,82,Arlon,Bruxelles-Midi,49,Desserte Normale
Belgique,82,Arlon,Bruxelles-Midi,40,Desserte Normale
Belgique,820,Liers,Marloie,86,Bien desservi
Belgique,820,Liers,Marloie,158,Bien desservi
Belgique,820,Liers,Marloie,173,Bien desservi
Belgique,820,Liers,Marloie,167,Bien desservi
Belgique,820,Liers,Marloie,158,Bien desservi
Belgique,820,Liers,Marloie,173,Bien desservi
Belgique,820,Liers,Marloie,158,Bien desservi
Belgique,820,Liers,Marloie,145,Bien desservi
Belgique,820,Liers,Marloie,128,Bien desservi
Belgique,820,Liers,Marloie,167,Bien desservi
Belgique,820,Liers,Marloie,173,Bien desservi
Belgique,820,Liers,Marloie,150,Bien desservi
Belgique,820,Liers,Marloie,173,Bien desservi
Belgique,820,Liers,Marloie,173,Bien desservi
Belgique,820,Liers,Marloie,173,Bien desservi
Belgique,820,Liers,Marloie,167,Bien desservi
Belgique,820,Liers,Marloie,158,Bien desservi
Belgique,820,Liers,Marloie,173,Bien desservi
Belgique,820,Liers,Marloie,150,Bien desservi
Belgique,820,Liers,Marloie,173,Bien desservi
Belgique,820,Liers,Marloie,173,Bien desservi
Belgique,820,Liers,Marloie,173,Bien desservi
Belgique,820,Liers,Marloie,173,Bien desservi
Belgique,820,Liers,Marloie,173,Bien desservi
Belgique,820,Liers,Marloie,173,Bien desservi
Belgique,820,Liers,Marloie,173,Bien desservi
Belgique,820,Liers,Marloie,173,Bien desservi
Belgique,820,Liers,Marloie,173,Bien desservi
Belgique,820,Liers,Marloie,173,Bien desservi
Belgique,820,Liers,Marloie,173,Bien desservi
Belgique,820,Liers,Marloie,173,Bien desservi
Belgique,820,Liers,Marloie,173,Bien desservi
Belgique,820,Liers,Marloie,158,Bien desservi
Belgique,820,Liers,Marloie,173,Bien desservi
Belgique,820,Liers,Marloie,173,Bien desservi
Belgique,820,Liers,Marloie,173,Bien desservi
Belgique,820,Liers,Marloie,159,Bien desservi
Belgique,821,Bomal,Liers,32,Desserte Normale
Belgique,821,Bomal,Liers,34,Desserte Normale
Belgique,822,Bomal,Marloie,23,Desserte Normale
Belgique,822,Bomal,Marloie,23,Desserte Normale
Belgique,823,Herstal,Marloie,6,Sous-desservi
Belgique,823,Herstal,Marloie,6,Sous-desservi
Belgique,823,Herstal,Marloie,6,Sous-desservi
Belgique,824,Liers,Rochefort-Jemelle,14,Desserte Normale
Belgique,824,Liers,Rochefort-Jemelle,26,Desserte Normale
Belgique,824,Liers,Rochefort-Jemelle,29,Desserte Normale
Belgique,824,Liers,Rochefort-Jemelle,27,Desserte Normale
Belgique,824,Liers,Rochefort-Jemelle,26,Desserte Normale
Belgique,824,Liers,Rochefort-Jemelle,29,Desserte Normale
Belgique,824,Liers,Rochefort-Jemelle,26,Desserte Normale
Belgique,824,Liers,Rochefort-Jemelle,25,Desserte Normale
Belgique,824,Liers,Rochefort-Jemelle,22,Desserte Normale
Belgique,824,Liers,Rochefort-Jemelle,27,Desserte Normale
Belgique,824,Liers,Rochefort-Jemelle,29,Desserte Normale
Belgique,824,Liers,Rochefort-Jemelle,26,Desserte Normale
Belgique,824,Liers,Rochefort-Jemelle,29,Desserte Normale
Belgique,824,Liers,Rochefort-Jemelle,29,Desserte Normale
Belgique,824,Liers,Rochefort-Jemelle,29,Desserte Normale
Belgique,824,Liers,Rochefort-Jemelle,27,Desserte Normale
Belgique,824,Liers,Rochefort-Jemelle,26,Desserte Normale
Belgique,824,Liers,Rochefort-Jemelle,29,Desserte Normale
Belgique,824,Liers,Rochefort-Jemelle,26,Desserte Normale
Belgique,824,Liers,Rochefort-Jemelle,29,Desserte Normale
Belgique,824,Liers,Rochefort-Jemelle,29,Desserte Normale
Belgique,824,Liers,Rochefort-Jemelle,29,Desserte Normale
Belgique,824,Liers,Rochefort-Jemelle,29,Desserte Normale
Belgique,824,Liers,Rochefort-Jemelle,29,Desserte Normale
Belgique,824,Liers,Rochefort-Jemelle,29,Desserte Normale
Belgique,824,Liers,Rochefort-Jemelle,29,Desserte Normale
Belgique,824,Liers,Rochefort-Jemelle,29,Desserte Normale
Belgique,824,Liers,Rochefort-Jemelle,29,Desserte Normale
Belgique,824,Liers,Rochefort-Jemelle,29,Desserte Normale
Belgique,824,Liers,Rochefort-Jemelle,29,Desserte Normale
Belgique,824,Liers,Rochefort-Jemelle,29,Desserte Normale
Belgique,824,Liers,Rochefort-Jemelle,29,Desserte Normale
Belgique,824,Liers,Rochefort-Jemelle,26,Desserte Normale
Belgique,824,Liers,Rochefort-Jemelle,29,Desserte Normale
Belgique,824,Liers,Rochefort-Jemelle,29,Desserte Normale
Belgique,824,Liers,Rochefort-Jemelle,29,Desserte Normale
Belgique,824,Liers,Rochefort-Jemelle,27,Desserte Normale
Belgique,825,Malines,Zeebrugge-Strand,50,Desserte Normale
Belgique,825,Malines,Zeebrugge-Strand,75,Bien desservi
Belgique,825,Malines,Zeebrugge-Strand,50,Desserte Normale
Belgique,825,Malines,Zeebrugge-Strand,50,Desserte Normale
Belgique,825,Malines,Zeebrugge-Strand,75,Bien desservi
Belgique,825,Malines,Zeebrugge-Strand,50,Desserte Normale
Belgique,825,Malines,Zeebrugge-Strand,75,Bien desservi
Belgique,825,Malines,Zeebrugge-Strand,50,Desserte Normale
Belgique,825,Malines,Zeebrugge-Strand,25,Desserte Normale
Belgique,825,Malines,Zeebrugge-Strand,50,Desserte Normale
Belgique,825,Malines,Zeebrugge-Strand,50,Desserte Normale
Belgique,825,Malines,Zeebrugge-Strand,130,Bien desservi
Belgique,825,Malines,Zeebrugge-Strand,180,Bien desservi
Belgique,825,Malines,Zeebrugge-Strand,179,Bien desservi
Belgique,825,Malines,Zeebrugge-Strand,180,Bien desservi
Belgique,825,Malines,Zeebrugge-Strand,180,Bien desservi
Belgique,825,Malines,Zeebrugge-Strand,180,Bien desservi
Belgique,825,Malines,Zeebrugge-Strand,180,Bien desservi
Belgique,825,Malines,Zeebrugge-Strand,180,Bien desservi
Belgique,825,Malines,Zeebrugge-Strand,50,Desserte Normale
Belgique,825,Malines,Zeebrugge-Strand,50,Desserte Normale
Belgique,825,Malines,Zeebrugge-Strand,50,Desserte Normale
Belgique,825,Malines,Zeebrugge-Strand,50,Desserte Normale
Belgique,825,Malines,Zeebrugge-Strand,50,Desserte Normale
Belgique,825,Malines,Zeebrugge-Strand,50,Desserte Normale
Belgique,825,Malines,Zeebrugge-Strand,50,Desserte Normale
Belgique,825,Malines,Zeebrugge-Strand,50,Desserte Normale
Belgique,825,Malines,Zeebrugge-Strand,75,Bien desservi
Belgique,825,Malines,Zeebrugge-Strand,50,Desserte Normale
Belgique,825,Malines,Zeebrugge-Strand,50,Desserte Normale
Belgique,825,Malines,Zeebrugge-Strand,50,Desserte Normale
Belgique,825,Malines,Zeebrugge-Strand,25,Desserte Normale
Belgique,826,Londerzeel,Zeebrugge-Strand,50,Desserte Normale
Belgique,826,Londerzeel,Zeebrugge-Strand,50,Desserte Normale
Belgique,826,Londerzeel,Zeebrugge-Strand,180,Bien desservi
Belgique,826,Londerzeel,Zeebrugge-Strand,50,Desserte Normale
Belgique,827,Bomal,Rochefort-Jemelle,3,Sous-desservi
Belgique,827,Bomal,Rochefort-Jemelle,3,Sous-desservi
Belgique,828,Herstal,Rochefort-Jemelle,2,Sous-desservi
Belgique,828,Herstal,Rochefort-Jemelle,2,Sous-desservi
Belgique,828,Herstal,Rochefort-Jemelle,2,Sous-desservi
Belgique,829,Charleroi-Central,Louvain,142,Bien desservi
Belgique,829,Charleroi-Central,Louvain,248,Bien desservi
Belgique,829,Charleroi-Central,Louvain,250,Bien desservi
Belgique,829,Charleroi-Central,Louvain,194,Bien desservi
Belgique,829,Charleroi-Central,Louvain,248,Bien desservi
Belgique,829,Charleroi-Central,Louvain,236,Bien desservi
Belgique,829,Charleroi-Central,Louvain,248,Bien desservi
Belgique,829,Charleroi-Central,Louvain,250,Bien desservi
Belgique,829,Charleroi-Central,Louvain,177,Bien desservi
Belgique,829,Charleroi-Central,Louvain,250,Bien desservi
Belgique,829,Charleroi-Central,Louvain,250,Bien desservi
Belgique,829,Charleroi-Central,Louvain,250,Bien desservi
Belgique,829,Charleroi-Central,Louvain,250,Bien desservi
Belgique,829,Charleroi-Central,Louvain,175,Bien desservi
Belgique,829,Charleroi-Central,Louvain,175,Bien desservi
Belgique,829,Charleroi-Central,Louvain,180,Bien desservi
Belgique,829,Charleroi-Central,Louvain,234,Bien desservi
Belgique,829,Charleroi-Central,Louvain,250,Bien desservi
Belgique,829,Charleroi-Central,Louvain,250,Bien desservi
Belgique,829,Charleroi-Central,Louvain,180,Bien desservi
Belgique,829,Charleroi-Central,Louvain,250,Bien desservi
Belgique,829,Charleroi-Central,Louvain,250,Bien desservi
Belgique,829,Charleroi-Central,Louvain,250,Bien desservi
Belgique,829,Charleroi-Central,Louvain,250,Bien desservi
Belgique,829,Charleroi-Central,Louvain,250,Bien desservi
Belgique,829,Charleroi-Central,Louvain,250,Bien desservi
Belgique,829,Charleroi-Central,Louvain,250,Bien desservi
Belgique,829,Charleroi-Central,Louvain,250,Bien desservi
Belgique,829,Charleroi-Central,Louvain,250,Bien desservi
Belgique,829,Charleroi-Central,Louvain,250,Bien desservi
Belgique,829,Charleroi-Central,Louvain,250,Bien desservi
Belgique,829,Charleroi-Central,Louvain,248,Bien desservi
Belgique,829,Charleroi-Central,Louvain,250,Bien desservi
Belgique,829,Charleroi-Central,Louvain,250,Bien desservi
Belgique,829,Charleroi-Central,Louvain,250,Bien desservi
Belgique,829,Charleroi-Central,Louvain,216,Bien desservi
Belgique,83,Braine-le-Comte,La Louvière-Centre,1,Sous-desservi
Belgique,83,Braine-le-Comte,La Louvière-Centre,1,Sous-desservi
Belgique,830,Louvain,Ottignies,70,Bien desservi
Belgique,830,Louvain,Ottignies,75,Bien desservi
Belgique,830,Louvain,Ottignies,70,Bien desservi
Belgique,830,Louvain,Ottignies,68,Bien desservi
Belgique,830,Louvain,Ottignies,250,Bien desservi
Belgique,831,Charleroi-Central,Ottignies,8,Desserte Normale
Belgique,831,Charleroi-Central,Ottignies,14,Desserte Normale
Belgique,831,Charleroi-Central,Ottignies,14,Desserte Normale
Belgique,831,Charleroi-Central,Ottignies,12,Desserte Normale
Belgique,831,Charleroi-Central,Ottignies,14,Desserte Normale
Belgique,831,Charleroi-Central,Ottignies,28,Desserte Normale
Belgique,831,Charleroi-Central,Ottignies,14,Desserte Normale
Belgique,831,Charleroi-Central,Ottignies,14,Desserte Normale
Belgique,831,Charleroi-Central,Ottignies,84,Bien desservi
Belgique,831,Charleroi-Central,Ottignies,14,Desserte Normale
Belgique,831,Charleroi-Central,Ottignies,14,Desserte Normale
Belgique,831,Charleroi-Central,Ottignies,14,Desserte Normale
Belgique,831,Charleroi-Central,Ottignies,14,Desserte Normale
Belgique,831,Charleroi-Central,Ottignies,6,Sous-desservi
Belgique,831,Charleroi-Central,Ottignies,6,Sous-desservi
Belgique,831,Charleroi-Central,Ottignies,11,Desserte Normale
Belgique,831,Charleroi-Central,Ottignies,14,Desserte Normale
Belgique,831,Charleroi-Central,Ottignies,14,Desserte Normale
Belgique,831,Charleroi-Central,Ottignies,14,Desserte Normale
Belgique,831,Charleroi-Central,Ottignies,9,Desserte Normale
Belgique,831,Charleroi-Central,Ottignies,14,Desserte Normale
Belgique,831,Charleroi-Central,Ottignies,14,Desserte Normale
Belgique,831,Charleroi-Central,Ottignies,14,Desserte Normale
Belgique,831,Charleroi-Central,Ottignies,14,Desserte Normale
Belgique,831,Charleroi-Central,Ottignies,14,Desserte Normale
Belgique,831,Charleroi-Central,Ottignies,14,Desserte Normale
Belgique,831,Charleroi-Central,Ottignies,14,Desserte Normale
Belgique,831,Charleroi-Central,Ottignies,14,Desserte Normale
Belgique,831,Charleroi-Central,Ottignies,14,Desserte Normale
Belgique,831,Charleroi-Central,Ottignies,14,Desserte Normale
Belgique,831,Charleroi-Central,Ottignies,14,Desserte Normale
Belgique,831,Charleroi-Central,Ottignies,14,Desserte Normale
Belgique,831,Charleroi-Central,Ottignies,14,Desserte Normale
Belgique,831,Charleroi-Central,Ottignies,14,Desserte Normale
Belgique,831,Charleroi-Central,Ottignies,14,Desserte Normale
Belgique,831,Charleroi-Central,Ottignies,12,Desserte Normale
Belgique,832,Fleurus,Louvain,56,Desserte Normale
Belgique,832,Fleurus,Louvain,5,Sous-desservi
Belgique,833,Charleroi-Central,Wavre,1,Sous-desservi
Belgique,833,Charleroi-Central,Wavre,14,Desserte Normale
Belgique,834,Bruges,Gand-Saint-Pierre,4,Sous-desservi
Belgique,834,Bruges,Gand-Saint-Pierre,11,Desserte Normale
Belgique,834,Bruges,Gand-Saint-Pierre,12,Desserte Normale
Belgique,834,Bruges,Gand-Saint-Pierre,12,Desserte Normale
Belgique,834,Bruges,Gand-Saint-Pierre,11,Desserte Normale
Belgique,834,Bruges,Gand-Saint-Pierre,12,Desserte Normale
Belgique,834,Bruges,Gand-Saint-Pierre,11,Desserte Normale
Belgique,834,Bruges,Gand-Saint-Pierre,12,Desserte Normale
Belgique,834,Bruges,Gand-Saint-Pierre,11,Desserte Normale
Belgique,834,Bruges,Gand-Saint-Pierre,12,Desserte Normale
Belgique,834,Bruges,Gand-Saint-Pierre,12,Desserte Normale
Belgique,834,Bruges,Gand-Saint-Pierre,12,Desserte Normale
Belgique,834,Bruges,Gand-Saint-Pierre,12,Desserte Normale
Belgique,834,Bruges,Gand-Saint-Pierre,12,Desserte Normale
Belgique,834,Bruges,Gand-Saint-Pierre,12,Desserte Normale
Belgique,834,Bruges,Gand-Saint-Pierre,12,Desserte Normale
Belgique,834,Bruges,Gand-Saint-Pierre,11,Desserte Normale
Belgique,834,Bruges,Gand-Saint-Pierre,12,Desserte Normale
Belgique,834,Bruges,Gand-Saint-Pierre,12,Desserte Normale
Belgique,834,Bruges,Gand-Saint-Pierre,12,Desserte Normale
Belgique,834,Bruges,Gand-Saint-Pierre,12,Desserte Normale
Belgique,834,Bruges,Gand-Saint-Pierre,12,Desserte Normale
Belgique,834,Bruges,Gand-Saint-Pierre,10,Desserte Normale
Belgique,834,Bruges,Gand-Saint-Pierre,12,Desserte Normale
Belgique,834,Bruges,Gand-Saint-Pierre,12,Desserte Normale
Belgique,834,Bruges,Gand-Saint-Pierre,10,Desserte Normale
Belgique,834,Bruges,Gand-Saint-Pierre,12,Desserte Normale
Belgique,834,Bruges,Gand-Saint-Pierre,12,Desserte Normale
Belgique,834,Bruges,Gand-Saint-Pierre,12,Desserte Normale
Belgique,834,Bruges,Gand-Saint-Pierre,12,Desserte Normale
Belgique,834,Bruges,Gand-Saint-Pierre,12,Desserte Normale
Belgique,834,Bruges,Gand-Saint-Pierre,12,Desserte Normale
Belgique,834,Bruges,Gand-Saint-Pierre,11,Desserte Normale
Belgique,834,Bruges,Gand-Saint-Pierre,12,Desserte Normale
Belgique,834,Bruges,Gand-Saint-Pierre,12,Desserte Normale
Belgique,834,Bruges,Gand-Saint-Pierre,12,Desserte Normale
Belgique,834,Bruges,Gand-Saint-Pierre,11,Desserte Normale
Belgique,835,Fleurus,Ottignies,2,Sous-desservi
Belgique,835,Fleurus,Ottignies,5,Sous-desservi
Belgique,836,Ciney,Namur,96,Bien desservi
Belgique,836,Ciney,Namur,176,Bien desservi
Belgique,836,Ciney,Namur,160,Bien desservi
Belgique,836,Ciney,Namur,160,Bien desservi
Belgique,836,Ciney,Namur,128,Bien desservi
Belgique,836,Ciney,Namur,160,Bien desservi
Belgique,836,Ciney,Namur,177,Bien desservi
Belgique,836,Ciney,Namur,192,Bien desservi
Belgique,836,Ciney,Namur,176,Bien desservi
Belgique,836,Ciney,Namur,192,Bien desservi
Belgique,836,Ciney,Namur,192,Bien desservi
Belgique,836,Ciney,Namur,192,Bien desservi
Belgique,836,Ciney,Namur,192,Bien desservi
Belgique,836,Ciney,Namur,192,Bien desservi
Belgique,836,Ciney,Namur,192,Bien desservi
Belgique,836,Ciney,Namur,192,Bien desservi
Belgique,836,Ciney,Namur,176,Bien desservi
Belgique,836,Ciney,Namur,192,Bien desservi
Belgique,836,Ciney,Namur,192,Bien desservi
Belgique,836,Ciney,Namur,192,Bien desservi
Belgique,836,Ciney,Namur,192,Bien desservi
Belgique,836,Ciney,Namur,192,Bien desservi
Belgique,836,Ciney,Namur,192,Bien desservi
Belgique,836,Ciney,Namur,192,Bien desservi
Belgique,836,Ciney,Namur,192,Bien desservi
Belgique,836,Ciney,Namur,192,Bien desservi
Belgique,836,Ciney,Namur,192,Bien desservi
Belgique,836,Ciney,Namur,192,Bien desservi
Belgique,836,Ciney,Namur,192,Bien desservi
Belgique,836,Ciney,Namur,192,Bien desservi
Belgique,836,Ciney,Namur,192,Bien desservi
Belgique,836,Ciney,Namur,192,Bien desservi
Belgique,836,Ciney,Namur,176,Bien desservi
Belgique,836,Ciney,Namur,192,Bien desservi
Belgique,836,Ciney,Namur,192,Bien desservi
Belgique,836,Ciney,Namur,192,Bien desservi
Belgique,836,Ciney,Namur,176,Bien desservi
Belgique,837,Libramont,Namur,90,Bien desservi
Belgique,837,Libramont,Namur,165,Bien desservi
Belgique,837,Libramont,Namur,180,Bien desservi
Belgique,837,Libramont,Namur,180,Bien desservi
Belgique,837,Libramont,Namur,165,Bien desservi
Belgique,837,Libramont,Namur,155,Bien desservi
Belgique,837,Libramont,Namur,90,Bien desservi
Belgique,837,Libramont,Namur,150,Bien desservi
Belgique,837,Libramont,Namur,120,Bien desservi
Belgique,837,Libramont,Namur,150,Bien desservi
Belgique,837,Libramont,Namur,164,Bien desservi
Belgique,837,Libramont,Namur,180,Bien desservi
Belgique,837,Libramont,Namur,150,Bien desservi
Belgique,837,Libramont,Namur,180,Bien desservi
Belgique,837,Libramont,Namur,180,Bien desservi
Belgique,837,Libramont,Namur,180,Bien desservi
Belgique,837,Libramont,Namur,165,Bien desservi
Belgique,837,Libramont,Namur,180,Bien desservi
Belgique,837,Libramont,Namur,180,Bien desservi
Belgique,837,Libramont,Namur,150,Bien desservi
Belgique,837,Libramont,Namur,150,Bien desservi
Belgique,837,Libramont,Namur,180,Bien desservi
Belgique,837,Libramont,Namur,180,Bien desservi
Belgique,837,Libramont,Namur,180,Bien desservi
Belgique,837,Libramont,Namur,180,Bien desservi
Belgique,837,Libramont,Namur,180,Bien desservi
Belgique,837,Libramont,Namur,180,Bien desservi
Belgique,837,Libramont,Namur,180,Bien desservi
Belgique,837,Libramont,Namur,180,Bien desservi
Belgique,837,Libramont,Namur,180,Bien desservi
Belgique,837,Libramont,Namur,180,Bien desservi
Belgique,837,Libramont,Namur,180,Bien desservi
Belgique,837,Libramont,Namur,165,Bien desservi
Belgique,837,Libramont,Namur,180,Bien desservi
Belgique,837,Libramont,Namur,180,Bien desservi
Belgique,837,Libramont,Namur,180,Bien desservi
Belgique,837,Libramont,Namur,165,Bien desservi
Belgique,838,Ciney,Courrière,32,Desserte Normale
Belgique,838,Ciney,Courrière,32,Desserte Normale
Belgique,838,Ciney,Courrière,32,Desserte Normale
Belgique,839,Libramont,Luxembourg,155,Bien desservi
Belgique,839,Libramont,Luxembourg,155,Bien desservi
Belgique,839,Libramont,Luxembourg,124,Bien desservi
Belgique,839,Libramont,Luxembourg,155,Bien desservi
Belgique,839,Libramont,Luxembourg,124,Bien desservi
Belgique,839,Libramont,Luxembourg,155,Bien desservi
Belgique,839,Libramont,Luxembourg,143,Bien desservi
Belgique,839,Libramont,Luxembourg,155,Bien desservi
Belgique,839,Libramont,Luxembourg,155,Bien desservi
Belgique,839,Libramont,Luxembourg,127,Bien desservi
Belgique,839,Libramont,Luxembourg,155,Bien desservi
Belgique,839,Libramont,Luxembourg,155,Bien desservi
Belgique,839,Libramont,Luxembourg,124,Bien desservi
Belgique,839,Libramont,Luxembourg,143,Bien desservi
Belgique,839,Libramont,Luxembourg,155,Bien desservi
Belgique,839,Libramont,Luxembourg,155,Bien desservi
Belgique,839,Libramont,Luxembourg,155,Bien desservi
Belgique,839,Libramont,Luxembourg,155,Bien desservi
Belgique,839,Libramont,Luxembourg,155,Bien desservi
Belgique,839,Libramont,Luxembourg,155,Bien desservi
Belgique,839,Libramont,Luxembourg,155,Bien desservi
Belgique,839,Libramont,Luxembourg,155,Bien desservi
Belgique,839,Libramont,Luxembourg,155,Bien desservi
Belgique,839,Libramont,Luxembourg,155,Bien desservi
Belgique,839,Libramont,Luxembourg,155,Bien desservi
Belgique,839,Libramont,Luxembourg,155,Bien desservi
Belgique,839,Libramont,Luxembourg,155,Bien desservi
Belgique,839,Libramont,Luxembourg,155,Bien desservi
Belgique,839,Libramont,Luxembourg,124,Bien desservi
Belgique,839,Libramont,Luxembourg,155,Bien desservi
Belgique,839,Libramont,Luxembourg,155,Bien desservi
Belgique,839,Libramont,Luxembourg,155,Bien desservi
Belgique,839,Libramont,Luxembourg,155,Bien desservi
Belgique,84,Braine-le-Comte,Mons,72,Bien desservi
Belgique,84,Braine-le-Comte,Mons,36,Desserte Normale
Belgique,84,Braine-le-Comte,Mons,72,Bien desservi
Belgique,84,Braine-le-Comte,Mons,74,Bien desservi
Belgique,84,Braine-le-Comte,Mons,57,Bien desservi
Belgique,840,Arlon,Rochefort-Jemelle,1,Sous-desservi
Belgique,841,Arlon,Ciney,24,Desserte Normale
Belgique,841,Arlon,Ciney,24,Desserte Normale
Belgique,841,Arlon,Ciney,24,Desserte Normale
Belgique,841,Arlon,Ciney,24,Desserte Normale
Belgique,841,Arlon,Ciney,24,Desserte Normale
Belgique,841,Arlon,Ciney,22,Desserte Normale
Belgique,841,Arlon,Ciney,2,Sous-desservi
Belgique,841,Arlon,Ciney,24,Desserte Normale
Belgique,841,Arlon,Ciney,24,Desserte Normale
Belgique,841,Arlon,Ciney,24,Desserte Normale
Belgique,841,Arlon,Ciney,24,Desserte Normale
Belgique,841,Arlon,Ciney,24,Desserte Normale
Belgique,841,Arlon,Ciney,24,Desserte Normale
Belgique,841,Arlon,Ciney,24,Desserte Normale
Belgique,841,Arlon,Ciney,24,Desserte Normale
Belgique,841,Arlon,Ciney,24,Desserte Normale
Belgique,841,Arlon,Ciney,24,Desserte Normale
Belgique,841,Arlon,Ciney,24,Desserte Normale
Belgique,841,Arlon,Ciney,24,Desserte Normale
Belgique,841,Arlon,Ciney,24,Desserte Normale
Belgique,841,Arlon,Ciney,24,Desserte Normale
Belgique,841,Arlon,Ciney,24,Desserte Normale
Belgique,841,Arlon,Ciney,24,Desserte Normale
Belgique,841,Arlon,Ciney,24,Desserte Normale
Belgique,841,Arlon,Ciney,24,Desserte Normale
Belgique,841,Arlon,Ciney,24,Desserte Normale
Belgique,841,Arlon,Ciney,24,Desserte Normale
Belgique,841,Arlon,Ciney,24,Desserte Normale
Belgique,841,Arlon,Ciney,24,Desserte Normale
Belgique,841,Arlon,Ciney,24,Desserte Normale
Belgique,841,Arlon,Ciney,24,Desserte Normale
Belgique,841,Arlon,Ciney,24,Desserte Normale
Belgique,841,Arlon,Ciney,24,Desserte Normale
Belgique,841,Arlon,Ciney,12,Desserte Normale
Belgique,842,Arlon,Luxembourg,170,Bien desservi
Belgique,842,Arlon,Luxembourg,170,Bien desservi
Belgique,842,Arlon,Luxembourg,138,Bien desservi
Belgique,842,Arlon,Luxembourg,172,Bien desservi
Belgique,842,Arlon,Luxembourg,139,Bien desservi
Belgique,842,Arlon,Luxembourg,171,Bien desservi
Belgique,842,Arlon,Luxembourg,183,Bien desservi
Belgique,842,Arlon,Luxembourg,172,Bien desservi
Belgique,842,Arlon,Luxembourg,172,Bien desservi
Belgique,842,Arlon,Luxembourg,141,Bien desservi
Belgique,842,Arlon,Luxembourg,171,Bien desservi
Belgique,842,Arlon,Luxembourg,171,Bien desservi
Belgique,842,Arlon,Luxembourg,101,Bien desservi
Belgique,842,Arlon,Luxembourg,97,Bien desservi
Belgique,842,Arlon,Luxembourg,85,Bien desservi
Belgique,842,Arlon,Luxembourg,171,Bien desservi
Belgique,842,Arlon,Luxembourg,172,Bien desservi
Belgique,842,Arlon,Luxembourg,172,Bien desservi
Belgique,842,Arlon,Luxembourg,172,Bien desservi
Belgique,842,Arlon,Luxembourg,172,Bien desservi
Belgique,842,Arlon,Luxembourg,172,Bien desservi
Belgique,842,Arlon,Luxembourg,172,Bien desservi
Belgique,842,Arlon,Luxembourg,172,Bien desservi
Belgique,842,Arlon,Luxembourg,172,Bien desservi
Belgique,842,Arlon,Luxembourg,172,Bien desservi
Belgique,842,Arlon,Luxembourg,172,Bien desservi
Belgique,842,Arlon,Luxembourg,172,Bien desservi
Belgique,842,Arlon,Luxembourg,172,Bien desservi
Belgique,842,Arlon,Luxembourg,171,Bien desservi
Belgique,842,Arlon,Luxembourg,172,Bien desservi
Belgique,842,Arlon,Luxembourg,172,Bien desservi
Belgique,842,Arlon,Luxembourg,172,Bien desservi
Belgique,842,Arlon,Luxembourg,171,Bien desservi
Belgique,843,Arlon,Ciney,2,Sous-desservi
Belgique,844,Arlon,Marloie,24,Desserte Normale
Belgique,844,Arlon,Marloie,24,Desserte Normale
Belgique,845,Arlon,Libramont,1,Sous-desservi
Belgique,846,Aalter,Malines,4,Sous-desservi
Belgique,847,Athus,Libramont,96,Bien desservi
Belgique,847,Athus,Libramont,176,Bien desservi
Belgique,847,Athus,Libramont,37,Desserte Normale
Belgique,847,Athus,Libramont,37,Desserte Normale
Belgique,847,Athus,Libramont,4,Sous-desservi
Belgique,847,Athus,Libramont,5,Sous-desservi
Belgique,847,Athus,Libramont,4,Sous-desservi
Belgique,847,Athus,Libramont,5,Sous-desservi
Belgique,847,Athus,Libramont,4,Sous-desservi
Belgique,847,Athus,Libramont,13,Desserte Normale
Belgique,847,Athus,Libramont,5,Sous-desservi
Belgique,847,Athus,Libramont,5,Sous-desservi
Belgique,847,Athus,Libramont,5,Sous-desservi
Belgique,847,Athus,Libramont,37,Desserte Normale
Belgique,847,Athus,Libramont,192,Bien desservi
Belgique,847,Athus,Libramont,5,Sous-desservi
Belgique,847,Athus,Libramont,7,Desserte Normale
Belgique,847,Athus,Libramont,15,Desserte Normale
Belgique,847,Athus,Libramont,7,Desserte Normale
Belgique,847,Athus,Libramont,5,Sous-desservi
Belgique,847,Athus,Libramont,5,Sous-desservi
Belgique,847,Athus,Libramont,5,Sous-desservi
Belgique,847,Athus,Libramont,5,Sous-desservi
Belgique,847,Athus,Libramont,5,Sous-desservi
Belgique,847,Athus,Libramont,5,Sous-desservi
Belgique,847,Athus,Libramont,5,Sous-desservi
Belgique,847,Athus,Libramont,5,Sous-desservi
Belgique,847,Athus,Libramont,5,Sous-desservi
Belgique,847,Athus,Libramont,5,Sous-desservi
Belgique,847,Athus,Libramont,5,Sous-desservi
Belgique,847,Athus,Libramont,5,Sous-desservi
Belgique,847,Athus,Libramont,5,Sous-desservi
Belgique,847,Athus,Libramont,4,Sous-desservi
Belgique,847,Athus,Libramont,5,Sous-desservi
Belgique,847,Athus,Libramont,5,Sous-desservi
Belgique,847,Athus,Libramont,5,Sous-desservi
Belgique,847,Athus,Libramont,5,Sous-desservi
Belgique,848,Arlon,Virton,32,Desserte Normale
Belgique,848,Arlon,Virton,32,Desserte Normale
Belgique,848,Arlon,Virton,32,Desserte Normale
Belgique,848,Arlon,Virton,32,Desserte Normale
Belgique,848,Arlon,Virton,32,Desserte Normale
Belgique,848,Arlon,Virton,32,Desserte Normale
Belgique,849,Libramont,Virton,32,Desserte Normale
Belgique,85,Verviers-Central,Welkenraedt,5,Sous-desservi
Belgique,85,Verviers-Central,Welkenraedt,4,Sous-desservi
Belgique,85,Verviers-Central,Welkenraedt,4,Sous-desservi
Belgique,850,Bruges,Ostende,154,Bien desservi
Belgique,850,Bruges,Ostende,8,Desserte Normale
Belgique,850,Bruges,Ostende,8,Desserte Normale
Belgique,850,Bruges,Ostende,10,Desserte Normale
Belgique,850,Bruges,Ostende,1,Sous-desservi
Belgique,851,Liège-Guillemins,Waremme,15,Desserte Normale
Belgique,851,Liège-Guillemins,Waremme,12,Desserte Normale
Belgique,851,Liège-Guillemins,Waremme,15,Desserte Normale
Belgique,851,Liège-Guillemins,Waremme,2,Sous-desservi
Belgique,851,Liège-Guillemins,Waremme,9,Desserte Normale
Belgique,851,Liège-Guillemins,Waremme,15,Desserte Normale
Belgique,851,Liège-Guillemins,Waremme,9,Desserte Normale
Belgique,851,Liège-Guillemins,Waremme,15,Desserte Normale
Belgique,851,Liège-Guillemins,Waremme,5,Sous-desservi
Belgique,852,Libramont,Yvoir,25,Desserte Normale
Belgique,853,Beauraing,Libramont,30,Desserte Normale
Belgique,854,Beauraing,Namur,32,Desserte Normale
Belgique,855,Houyet,Libramont,30,Desserte Normale
Belgique,856,Bertrix,Namur,4,Sous-desservi
Belgique,856,Bertrix,Namur,7,Desserte Normale
Belgique,856,Bertrix,Namur,7,Desserte Normale
Belgique,856,Bertrix,Namur,7,Desserte Normale
Belgique,856,Bertrix,Namur,7,Desserte Normale
Belgique,856,Bertrix,Namur,5,Sous-desservi
Belgique,856,Bertrix,Namur,3,Sous-desservi
Belgique,856,Bertrix,Namur,5,Sous-desservi
Belgique,856,Bertrix,Namur,4,Sous-desservi
Belgique,856,Bertrix,Namur,5,Sous-desservi
Belgique,856,Bertrix,Namur,23,Desserte Normale
Belgique,856,Bertrix,Namur,7,Desserte Normale
Belgique,856,Bertrix,Namur,5,Sous-desservi
Belgique,856,Bertrix,Namur,7,Desserte Normale
Belgique,856,Bertrix,Namur,7,Desserte Normale
Belgique,856,Bertrix,Namur,7,Desserte Normale
Belgique,856,Bertrix,Namur,7,Desserte Normale
Belgique,856,Bertrix,Namur,7,Desserte Normale
Belgique,856,Bertrix,Namur,7,Desserte Normale
Belgique,856,Bertrix,Namur,5,Sous-desservi
Belgique,856,Bertrix,Namur,5,Sous-desservi
Belgique,856,Bertrix,Namur,7,Desserte Normale
Belgique,856,Bertrix,Namur,7,Desserte Normale
Belgique,856,Bertrix,Namur,7,Desserte Normale
Belgique,856,Bertrix,Namur,7,Desserte Normale
Belgique,856,Bertrix,Namur,7,Desserte Normale
Belgique,856,Bertrix,Namur,7,Desserte Normale
Belgique,856,Bertrix,Namur,7,Desserte Normale
Belgique,856,Bertrix,Namur,7,Desserte Normale
Belgique,856,Bertrix,Namur,7,Desserte Normale
Belgique,856,Bertrix,Namur,7,Desserte Normale
Belgique,856,Bertrix,Namur,7,Desserte Normale
Belgique,856,Bertrix,Namur,7,Desserte Normale
Belgique,856,Bertrix,Namur,7,Desserte Normale
Belgique,856,Bertrix,Namur,7,Desserte Normale
Belgique,856,Bertrix,Namur,7,Desserte Normale
Belgique,856,Bertrix,Namur,6,Sous-desservi
Belgique,857,Courtrai,Zottegem,9,Desserte Normale
Belgique,857,Courtrai,Zottegem,4,Sous-desservi
Belgique,857,Courtrai,Zottegem,5,Sous-desservi
Belgique,857,Courtrai,Zottegem,5,Sous-desservi
Belgique,858,Bertrix,Yvoir,2,Sous-desservi
Belgique,859,Beauraing,Bertrix,2,Sous-desservi
Belgique,86,Flémalle-Haute,Liers,72,Bien desservi
Belgique,86,Flémalle-Haute,Liers,107,Bien desservi
Belgique,86,Flémalle-Haute,Liers,72,Bien desservi
Belgique,86,Flémalle-Haute,Liers,72,Bien desservi
Belgique,86,Flémalle-Haute,Liers,71,Bien desservi
Belgique,86,Flémalle-Haute,Liers,1,Sous-desservi
Belgique,860,Bertrix,Gendron-Celles,4,Sous-desservi
Belgique,860,Bertrix,Gendron-Celles,2,Sous-desservi
Belgique,860,Bertrix,Gendron-Celles,3,Sous-desservi
Belgique,860,Bertrix,Gendron-Celles,2,Sous-desservi
Belgique,861,Bertrix,Houyet,2,Sous-desservi
Belgique,862,Ciney,Libramont,48,Desserte Normale
Belgique,862,Ciney,Libramont,93,Bien desservi
Belgique,862,Ciney,Libramont,93,Bien desservi
Belgique,862,Ciney,Libramont,93,Bien desservi
Belgique,862,Ciney,Libramont,93,Bien desservi
Belgique,862,Ciney,Libramont,93,Bien desservi
Belgique,862,Ciney,Libramont,64,Bien desservi
Belgique,862,Ciney,Libramont,75,Bien desservi
Belgique,862,Ciney,Libramont,93,Bien desservi
Belgique,862,Ciney,Libramont,93,Bien desservi
Belgique,862,Ciney,Libramont,93,Bien desservi
Belgique,862,Ciney,Libramont,93,Bien desservi
Belgique,862,Ciney,Libramont,93,Bien desservi
Belgique,862,Ciney,Libramont,93,Bien desservi
Belgique,862,Ciney,Libramont,93,Bien desservi
Belgique,862,Ciney,Libramont,93,Bien desservi
Belgique,862,Ciney,Libramont,93,Bien desservi
Belgique,862,Ciney,Libramont,93,Bien desservi
Belgique,862,Ciney,Libramont,93,Bien desservi
Belgique,862,Ciney,Libramont,75,Bien desservi
Belgique,862,Ciney,Libramont,75,Bien desservi
Belgique,862,Ciney,Libramont,93,Bien desservi
Belgique,862,Ciney,Libramont,93,Bien desservi
Belgique,862,Ciney,Libramont,93,Bien desservi
Belgique,862,Ciney,Libramont,93,Bien desservi
Belgique,862,Ciney,Libramont,93,Bien desservi
Belgique,862,Ciney,Libramont,93,Bien desservi
Belgique,862,Ciney,Libramont,93,Bien desservi
Belgique,862,Ciney,Libramont,93,Bien desservi
Belgique,862,Ciney,Libramont,93,Bien desservi
Belgique,862,Ciney,Libramont,93,Bien desservi
Belgique,862,Ciney,Libramont,93,Bien desservi
Belgique,862,Ciney,Libramont,93,Bien desservi
Belgique,862,Ciney,Libramont,93,Bien desservi
Belgique,862,Ciney,Libramont,93,Bien desservi
Belgique,862,Ciney,Libramont,93,Bien desservi
Belgique,862,Ciney,Libramont,84,Bien desservi
Belgique,863,Libramont,Marloie,18,Desserte Normale
Belgique,863,Libramont,Marloie,18,Desserte Normale
Belgique,864,Ciney,Rochefort-Jemelle,4,Sous-desservi
Belgique,864,Ciney,Rochefort-Jemelle,7,Desserte Normale
Belgique,864,Ciney,Rochefort-Jemelle,7,Desserte Normale
Belgique,864,Ciney,Rochefort-Jemelle,7,Desserte Normale
Belgique,864,Ciney,Rochefort-Jemelle,7,Desserte Normale
Belgique,864,Ciney,Rochefort-Jemelle,7,Desserte Normale
Belgique,864,Ciney,Rochefort-Jemelle,5,Sous-desservi
Belgique,864,Ciney,Rochefort-Jemelle,5,Sous-desservi
Belgique,864,Ciney,Rochefort-Jemelle,7,Desserte Normale
Belgique,864,Ciney,Rochefort-Jemelle,7,Desserte Normale
Belgique,864,Ciney,Rochefort-Jemelle,7,Desserte Normale
Belgique,864,Ciney,Rochefort-Jemelle,7,Desserte Normale
Belgique,864,Ciney,Rochefort-Jemelle,7,Desserte Normale
Belgique,864,Ciney,Rochefort-Jemelle,7,Desserte Normale
Belgique,864,Ciney,Rochefort-Jemelle,7,Desserte Normale
Belgique,864,Ciney,Rochefort-Jemelle,7,Desserte Normale
Belgique,864,Ciney,Rochefort-Jemelle,7,Desserte Normale
Belgique,864,Ciney,Rochefort-Jemelle,7,Desserte Normale
Belgique,864,Ciney,Rochefort-Jemelle,7,Desserte Normale
Belgique,864,Ciney,Rochefort-Jemelle,5,Sous-desservi
Belgique,864,Ciney,Rochefort-Jemelle,5,Sous-desservi
Belgique,864,Ciney,Rochefort-Jemelle,7,Desserte Normale
Belgique,864,Ciney,Rochefort-Jemelle,7,Desserte Normale
Belgique,864,Ciney,Rochefort-Jemelle,7,Desserte Normale
Belgique,864,Ciney,Rochefort-Jemelle,7,Desserte Normale
Belgique,864,Ciney,Rochefort-Jemelle,7,Desserte Normale
Belgique,864,Ciney,Rochefort-Jemelle,7,Desserte Normale
Belgique,864,Ciney,Rochefort-Jemelle,7,Desserte Normale
Belgique,864,Ciney,Rochefort-Jemelle,7,Desserte Normale
Belgique,864,Ciney,Rochefort-Jemelle,7,Desserte Normale
Belgique,864,Ciney,Rochefort-Jemelle,7,Desserte Normale
Belgique,864,Ciney,Rochefort-Jemelle,7,Desserte Normale
Belgique,864,Ciney,Rochefort-Jemelle,7,Desserte Normale
Belgique,864,Ciney,Rochefort-Jemelle,7,Desserte Normale
Belgique,864,Ciney,Rochefort-Jemelle,7,Desserte Normale
Belgique,864,Ciney,Rochefort-Jemelle,7,Desserte Normale
Belgique,864,Ciney,Rochefort-Jemelle,6,Sous-desservi
Belgique,865,Marloie,Rochefort-Jemelle,2,Sous-desservi
Belgique,865,Marloie,Rochefort-Jemelle,2,Sous-desservi
Belgique,866,Namur,Ottignies,100,Bien desservi
Belgique,866,Namur,Ottignies,152,Bien desservi
Belgique,866,Namur,Ottignies,202,Bien desservi
Belgique,866,Namur,Ottignies,202,Bien desservi
Belgique,866,Namur,Ottignies,184,Bien desservi
Belgique,866,Namur,Ottignies,202,Bien desservi
Belgique,866,Namur,Ottignies,184,Bien desservi
Belgique,866,Namur,Ottignies,202,Bien desservi
Belgique,866,Namur,Ottignies,152,Bien desservi
Belgique,866,Namur,Ottignies,170,Bien desservi
Belgique,866,Namur,Ottignies,170,Bien desservi
Belgique,866,Namur,Ottignies,202,Bien desservi
Belgique,866,Namur,Ottignies,202,Bien desservi
Belgique,866,Namur,Ottignies,202,Bien desservi
Belgique,866,Namur,Ottignies,186,Bien desservi
Belgique,866,Namur,Ottignies,202,Bien desservi
Belgique,866,Namur,Ottignies,184,Bien desservi
Belgique,866,Namur,Ottignies,186,Bien desservi
Belgique,866,Namur,Ottignies,202,Bien desservi
Belgique,866,Namur,Ottignies,202,Bien desservi
Belgique,866,Namur,Ottignies,202,Bien desservi
Belgique,866,Namur,Ottignies,202,Bien desservi
Belgique,866,Namur,Ottignies,202,Bien desservi
Belgique,866,Namur,Ottignies,202,Bien desservi
Belgique,866,Namur,Ottignies,202,Bien desservi
Belgique,866,Namur,Ottignies,202,Bien desservi
Belgique,866,Namur,Ottignies,202,Bien desservi
Belgique,866,Namur,Ottignies,202,Bien desservi
Belgique,866,Namur,Ottignies,202,Bien desservi
Belgique,866,Namur,Ottignies,202,Bien desservi
Belgique,866,Namur,Ottignies,202,Bien desservi
Belgique,866,Namur,Ottignies,202,Bien desservi
Belgique,866,Namur,Ottignies,184,Bien desservi
Belgique,866,Namur,Ottignies,202,Bien desservi
Belgique,866,Namur,Ottignies,202,Bien desservi
Belgique,866,Namur,Ottignies,202,Bien desservi
Belgique,866,Namur,Ottignies,186,Bien desservi
Belgique,867,Gembloux,Ottignies,32,Desserte Normale
Belgique,867,Gembloux,Ottignies,32,Desserte Normale
Belgique,868,Gembloux,Namur,32,Desserte Normale
Belgique,868,Gembloux,Namur,32,Desserte Normale
Belgique,868,Gembloux,Namur,16,Desserte Normale
Belgique,869,Ottignies,Rhisnes,16,Desserte Normale
Belgique,87,Dinant,Namur,8,Desserte Normale
Belgique,87,Dinant,Namur,78,Bien desservi
Belgique,87,Dinant,Namur,15,Desserte Normale
Belgique,87,Dinant,Namur,14,Desserte Normale
Belgique,87,Dinant,Namur,14,Desserte Normale
Belgique,87,Dinant,Namur,11,Desserte Normale
Belgique,87,Dinant,Namur,7,Desserte Normale
Belgique,87,Dinant,Namur,10,Desserte Normale
Belgique,87,Dinant,Namur,8,Desserte Normale
Belgique,87,Dinant,Namur,10,Desserte Normale
Belgique,87,Dinant,Namur,14,Desserte Normale
Belgique,87,Dinant,Namur,14,Desserte Normale
Belgique,87,Dinant,Namur,14,Desserte Normale
Belgique,87,Dinant,Namur,14,Desserte Normale
Belgique,87,Dinant,Namur,14,Desserte Normale
Belgique,87,Dinant,Namur,14,Desserte Normale
Belgique,87,Dinant,Namur,14,Desserte Normale
Belgique,87,Dinant,Namur,14,Desserte Normale
Belgique,87,Dinant,Namur,14,Desserte Normale
Belgique,87,Dinant,Namur,14,Desserte Normale
Belgique,87,Dinant,Namur,10,Desserte Normale
Belgique,87,Dinant,Namur,14,Desserte Normale
Belgique,87,Dinant,Namur,14,Desserte Normale
Belgique,87,Dinant,Namur,14,Desserte Normale
Belgique,87,Dinant,Namur,14,Desserte Normale
Belgique,87,Dinant,Namur,14,Desserte Normale
Belgique,87,Dinant,Namur,14,Desserte Normale
Belgique,87,Dinant,Namur,14,Desserte Normale
Belgique,87,Dinant,Namur,14,Desserte Normale
Belgique,87,Dinant,Namur,14,Desserte Normale
Belgique,87,Dinant,Namur,14,Desserte Normale
Belgique,87,Dinant,Namur,14,Desserte Normale
Belgique,87,Dinant,Namur,14,Desserte Normale
Belgique,87,Dinant,Namur,14,Desserte Normale
Belgique,87,Dinant,Namur,14,Desserte Normale
Belgique,87,Dinant,Namur,14,Desserte Normale
Belgique,87,Dinant,Namur,12,Desserte Normale
Belgique,870,Alost,Louvain-la-Neuve,72,Bien desservi
Belgique,870,Alost,Louvain-la-Neuve,144,Bien desservi
Belgique,870,Alost,Louvain-la-Neuve,180,Bien desservi
Belgique,870,Alost,Louvain-la-Neuve,176,Bien desservi
Belgique,870,Alost,Louvain-la-Neuve,144,Bien desservi
Belgique,870,Alost,Louvain-la-Neuve,180,Bien desservi
Belgique,870,Alost,Louvain-la-Neuve,144,Bien desservi
Belgique,870,Alost,Louvain-la-Neuve,180,Bien desservi
Belgique,870,Alost,Louvain-la-Neuve,136,Bien desservi
Belgique,870,Alost,Louvain-la-Neuve,180,Bien desservi
Belgique,870,Alost,Louvain-la-Neuve,180,Bien desservi
Belgique,870,Alost,Louvain-la-Neuve,180,Bien desservi
Belgique,870,Alost,Louvain-la-Neuve,175,Bien desservi
Belgique,870,Alost,Louvain-la-Neuve,180,Bien desservi
Belgique,870,Alost,Louvain-la-Neuve,180,Bien desservi
Belgique,870,Alost,Louvain-la-Neuve,180,Bien desservi
Belgique,870,Alost,Louvain-la-Neuve,144,Bien desservi
Belgique,870,Alost,Louvain-la-Neuve,180,Bien desservi
Belgique,870,Alost,Louvain-la-Neuve,166,Bien desservi
Belgique,870,Alost,Louvain-la-Neuve,171,Bien desservi
Belgique,870,Alost,Louvain-la-Neuve,180,Bien desservi
Belgique,870,Alost,Louvain-la-Neuve,180,Bien desservi
Belgique,870,Alost,Louvain-la-Neuve,180,Bien desservi
Belgique,870,Alost,Louvain-la-Neuve,180,Bien desservi
Belgique,870,Alost,Louvain-la-Neuve,180,Bien desservi
Belgique,870,Alost,Louvain-la-Neuve,165,Bien desservi
Belgique,870,Alost,Louvain-la-Neuve,180,Bien desservi
Belgique,870,Alost,Louvain-la-Neuve,180,Bien desservi
Belgique,870,Alost,Louvain-la-Neuve,180,Bien desservi
Belgique,870,Alost,Louvain-la-Neuve,180,Bien desservi
Belgique,870,Alost,Louvain-la-Neuve,180,Bien desservi
Belgique,870,Alost,Louvain-la-Neuve,180,Bien desservi
Belgique,870,Alost,Louvain-la-Neuve,144,Bien desservi
Belgique,870,Alost,Louvain-la-Neuve,180,Bien desservi
Belgique,870,Alost,Louvain-la-Neuve,180,Bien desservi
Belgique,870,Alost,Louvain-la-Neuve,180,Bien desservi
Belgique,870,Alost,Louvain-la-Neuve,180,Bien desservi
Belgique,871,Denderleeuw,Louvain-la-Neuve,14,Desserte Normale
Belgique,871,Denderleeuw,Louvain-la-Neuve,15,Desserte Normale
Belgique,872,Alost,Ottignies,4,Sous-desservi
Belgique,872,Alost,Ottignies,8,Desserte Normale
Belgique,872,Alost,Ottignies,5,Sous-desservi
Belgique,872,Alost,Ottignies,9,Desserte Normale
Belgique,873,Ottignies,Wavre,6,Sous-desservi
Belgique,873,Ottignies,Wavre,12,Desserte Normale
Belgique,873,Ottignies,Wavre,15,Desserte Normale
Belgique,873,Ottignies,Wavre,15,Desserte Normale
Belgique,873,Ottignies,Wavre,12,Desserte Normale
Belgique,873,Ottignies,Wavre,15,Desserte Normale
Belgique,873,Ottignies,Wavre,12,Desserte Normale
Belgique,873,Ottignies,Wavre,15,Desserte Normale
Belgique,873,Ottignies,Wavre,12,Desserte Normale
Belgique,873,Ottignies,Wavre,15,Desserte Normale
Belgique,873,Ottignies,Wavre,15,Desserte Normale
Belgique,873,Ottignies,Wavre,15,Desserte Normale
Belgique,873,Ottignies,Wavre,15,Desserte Normale
Belgique,873,Ottignies,Wavre,15,Desserte Normale
Belgique,873,Ottignies,Wavre,15,Desserte Normale
Belgique,873,Ottignies,Wavre,15,Desserte Normale
Belgique,873,Ottignies,Wavre,12,Desserte Normale
Belgique,873,Ottignies,Wavre,15,Desserte Normale
Belgique,873,Ottignies,Wavre,15,Desserte Normale
Belgique,873,Ottignies,Wavre,15,Desserte Normale
Belgique,873,Ottignies,Wavre,15,Desserte Normale
Belgique,873,Ottignies,Wavre,15,Desserte Normale
Belgique,873,Ottignies,Wavre,15,Desserte Normale
Belgique,873,Ottignies,Wavre,15,Desserte Normale
Belgique,873,Ottignies,Wavre,15,Desserte Normale
Belgique,873,Ottignies,Wavre,15,Desserte Normale
Belgique,873,Ottignies,Wavre,15,Desserte Normale
Belgique,873,Ottignies,Wavre,15,Desserte Normale
Belgique,873,Ottignies,Wavre,15,Desserte Normale
Belgique,873,Ottignies,Wavre,15,Desserte Normale
Belgique,873,Ottignies,Wavre,15,Desserte Normale
Belgique,873,Ottignies,Wavre,15,Desserte Normale
Belgique,873,Ottignies,Wavre,12,Desserte Normale
Belgique,873,Ottignies,Wavre,15,Desserte Normale
Belgique,873,Ottignies,Wavre,15,Desserte Normale
Belgique,873,Ottignies,Wavre,15,Desserte Normale
Belgique,873,Ottignies,Wavre,15,Desserte Normale
Belgique,874,Gand-Saint-Pierre,Lokeren,70,Bien desservi
Belgique,874,Gand-Saint-Pierre,Lokeren,106,Bien desservi
Belgique,874,Gand-Saint-Pierre,Lokeren,79,Bien desservi
Belgique,874,Gand-Saint-Pierre,Lokeren,79,Bien desservi
Belgique,874,Gand-Saint-Pierre,Lokeren,106,Bien desservi
Belgique,874,Gand-Saint-Pierre,Lokeren,79,Bien desservi
Belgique,874,Gand-Saint-Pierre,Lokeren,106,Bien desservi
Belgique,874,Gand-Saint-Pierre,Lokeren,15,Desserte Normale
Belgique,874,Gand-Saint-Pierre,Lokeren,42,Desserte Normale
Belgique,874,Gand-Saint-Pierre,Lokeren,79,Bien desservi
Belgique,874,Gand-Saint-Pierre,Lokeren,79,Bien desservi
Belgique,874,Gand-Saint-Pierre,Lokeren,79,Bien desservi
Belgique,874,Gand-Saint-Pierre,Lokeren,79,Bien desservi
Belgique,874,Gand-Saint-Pierre,Lokeren,79,Bien desservi
Belgique,874,Gand-Saint-Pierre,Lokeren,79,Bien desservi
Belgique,874,Gand-Saint-Pierre,Lokeren,79,Bien desservi
Belgique,874,Gand-Saint-Pierre,Lokeren,106,Bien desservi
Belgique,874,Gand-Saint-Pierre,Lokeren,79,Bien desservi
Belgique,874,Gand-Saint-Pierre,Lokeren,79,Bien desservi
Belgique,874,Gand-Saint-Pierre,Lokeren,75,Bien desservi
Belgique,874,Gand-Saint-Pierre,Lokeren,79,Bien desservi
Belgique,874,Gand-Saint-Pierre,Lokeren,79,Bien desservi
Belgique,874,Gand-Saint-Pierre,Lokeren,79,Bien desservi
Belgique,874,Gand-Saint-Pierre,Lokeren,79,Bien desservi
Belgique,874,Gand-Saint-Pierre,Lokeren,79,Bien desservi
Belgique,874,Gand-Saint-Pierre,Lokeren,79,Bien desservi
Belgique,874,Gand-Saint-Pierre,Lokeren,79,Bien desservi
Belgique,874,Gand-Saint-Pierre,Lokeren,79,Bien desservi
Belgique,874,Gand-Saint-Pierre,Lokeren,79,Bien desservi
Belgique,874,Gand-Saint-Pierre,Lokeren,79,Bien desservi
Belgique,874,Gand-Saint-Pierre,Lokeren,79,Bien desservi
Belgique,874,Gand-Saint-Pierre,Lokeren,79,Bien desservi
Belgique,874,Gand-Saint-Pierre,Lokeren,106,Bien desservi
Belgique,874,Gand-Saint-Pierre,Lokeren,79,Bien desservi
Belgique,874,Gand-Saint-Pierre,Lokeren,79,Bien desservi
Belgique,874,Gand-Saint-Pierre,Lokeren,79,Bien desservi
Belgique,874,Gand-Saint-Pierre,Lokeren,49,Desserte Normale
Belgique,875,Bruxelles-Midi,Ottignies,2,Sous-desservi
Belgique,875,Bruxelles-Midi,Ottignies,102,Bien desservi
Belgique,875,Bruxelles-Midi,Ottignies,36,Desserte Normale
Belgique,875,Bruxelles-Midi,Ottignies,68,Bien desservi
Belgique,875,Bruxelles-Midi,Ottignies,102,Bien desservi
Belgique,876,Bruxelles-Luxembourg,Zottegem,68,Bien desservi
Belgique,876,Bruxelles-Luxembourg,Zottegem,68,Bien desservi
Belgique,877,Denderleeuw,Ottignies,4,Sous-desservi
Belgique,877,Denderleeuw,Ottignies,5,Sous-desservi
Belgique,877,Denderleeuw,Ottignies,68,Bien desservi
Belgique,878,Bruxelles-Midi,Zottegem,32,Desserte Normale
Belgique,879,Lokeren,Renaix,24,Desserte Normale
Belgique,879,Lokeren,Renaix,48,Desserte Normale
Belgique,879,Lokeren,Renaix,60,Bien desservi
Belgique,879,Lokeren,Renaix,60,Bien desservi
Belgique,879,Lokeren,Renaix,48,Desserte Normale
Belgique,879,Lokeren,Renaix,60,Bien desservi
Belgique,879,Lokeren,Renaix,48,Desserte Normale
Belgique,879,Lokeren,Renaix,60,Bien desservi
Belgique,879,Lokeren,Renaix,48,Desserte Normale
Belgique,879,Lokeren,Renaix,60,Bien desservi
Belgique,879,Lokeren,Renaix,60,Bien desservi
Belgique,879,Lokeren,Renaix,60,Bien desservi
Belgique,879,Lokeren,Renaix,58,Bien desservi
Belgique,879,Lokeren,Renaix,60,Bien desservi
Belgique,879,Lokeren,Renaix,60,Bien desservi
Belgique,879,Lokeren,Renaix,60,Bien desservi
Belgique,879,Lokeren,Renaix,48,Desserte Normale
Belgique,879,Lokeren,Renaix,60,Bien desservi
Belgique,879,Lokeren,Renaix,60,Bien desservi
Belgique,879,Lokeren,Renaix,60,Bien desservi
Belgique,879,Lokeren,Renaix,60,Bien desservi
Belgique,879,Lokeren,Renaix,60,Bien desservi
Belgique,879,Lokeren,Renaix,60,Bien desservi
Belgique,879,Lokeren,Renaix,58,Bien desservi
Belgique,879,Lokeren,Renaix,60,Bien desservi
Belgique,879,Lokeren,Renaix,60,Bien desservi
Belgique,879,Lokeren,Renaix,60,Bien desservi
Belgique,879,Lokeren,Renaix,60,Bien desservi
Belgique,879,Lokeren,Renaix,60,Bien desservi
Belgique,879,Lokeren,Renaix,60,Bien desservi
Belgique,879,Lokeren,Renaix,60,Bien desservi
Belgique,879,Lokeren,Renaix,60,Bien desservi
Belgique,879,Lokeren,Renaix,48,Desserte Normale
Belgique,879,Lokeren,Renaix,60,Bien desservi
Belgique,879,Lokeren,Renaix,60,Bien desservi
Belgique,879,Lokeren,Renaix,60,Bien desservi
Belgique,879,Lokeren,Renaix,60,Bien desservi
Belgique,88,Libramont,Rochefort-Jemelle,1,Sous-desservi
Belgique,88,Libramont,Rochefort-Jemelle,1,Sous-desservi
Belgique,88,Libramont,Rochefort-Jemelle,31,Desserte Normale
Belgique,88,Libramont,Rochefort-Jemelle,18,Desserte Normale
Belgique,88,Libramont,Rochefort-Jemelle,1,Sous-desservi
Belgique,88,Libramont,Rochefort-Jemelle,1,Sous-desservi
Belgique,88,Libramont,Rochefort-Jemelle,1,Sous-desservi
Belgique,880,Bruxelles-Nord,Zottegem,3,Sous-desservi
Belgique,880,Bruxelles-Nord,Zottegem,4,Sous-desservi
Belgique,880,Bruxelles-Nord,Zottegem,6,Sous-desservi
Belgique,880,Bruxelles-Nord,Zottegem,4,Sous-desservi
Belgique,880,Bruxelles-Nord,Zottegem,6,Sous-desservi
Belgique,880,Bruxelles-Nord,Zottegem,4,Sous-desservi
Belgique,880,Bruxelles-Nord,Zottegem,4,Sous-desservi
Belgique,880,Bruxelles-Nord,Zottegem,4,Sous-desservi
Belgique,880,Bruxelles-Nord,Zottegem,4,Sous-desservi
Belgique,880,Bruxelles-Nord,Zottegem,4,Sous-desservi
Belgique,880,Bruxelles-Nord,Zottegem,4,Sous-desservi
Belgique,880,Bruxelles-Nord,Zottegem,4,Sous-desservi
Belgique,880,Bruxelles-Nord,Zottegem,6,Sous-desservi
Belgique,880,Bruxelles-Nord,Zottegem,4,Sous-desservi
Belgique,880,Bruxelles-Nord,Zottegem,4,Sous-desservi
Belgique,880,Bruxelles-Nord,Zottegem,4,Sous-desservi
Belgique,880,Bruxelles-Nord,Zottegem,4,Sous-desservi
Belgique,880,Bruxelles-Nord,Zottegem,4,Sous-desservi
Belgique,880,Bruxelles-Nord,Zottegem,4,Sous-desservi
Belgique,880,Bruxelles-Nord,Zottegem,4,Sous-desservi
Belgique,880,Bruxelles-Nord,Zottegem,4,Sous-desservi
Belgique,880,Bruxelles-Nord,Zottegem,4,Sous-desservi
Belgique,880,Bruxelles-Nord,Zottegem,4,Sous-desservi
Belgique,880,Bruxelles-Nord,Zottegem,4,Sous-desservi
Belgique,880,Bruxelles-Nord,Zottegem,4,Sous-desservi
Belgique,880,Bruxelles-Nord,Zottegem,4,Sous-desservi
Belgique,880,Bruxelles-Nord,Zottegem,4,Sous-desservi
Belgique,880,Bruxelles-Nord,Zottegem,6,Sous-desservi
Belgique,880,Bruxelles-Nord,Zottegem,4,Sous-desservi
Belgique,880,Bruxelles-Nord,Zottegem,4,Sous-desservi
Belgique,880,Bruxelles-Nord,Zottegem,4,Sous-desservi
Belgique,880,Bruxelles-Nord,Zottegem,2,Sous-desservi
Belgique,881,Bruxelles-Midi,Bruxelles-Nord,1,Sous-desservi
Belgique,881,Bruxelles-Midi,Bruxelles-Nord,6,Sous-desservi
Belgique,881,Bruxelles-Midi,Bruxelles-Nord,4,Sous-desservi
Belgique,881,Bruxelles-Midi,Bruxelles-Nord,4,Sous-desservi
Belgique,881,Bruxelles-Midi,Bruxelles-Nord,6,Sous-desservi
Belgique,882,Bruxelles-Nord,Denderleeuw,4,Sous-desservi
Belgique,883,Audenarde,Lokeren,40,Desserte Normale
Belgique,883,Audenarde,Lokeren,80,Bien desservi
Belgique,883,Audenarde,Lokeren,100,Bien desservi
Belgique,883,Audenarde,Lokeren,100,Bien desservi
Belgique,883,Audenarde,Lokeren,80,Bien desservi
Belgique,883,Audenarde,Lokeren,100,Bien desservi
Belgique,883,Audenarde,Lokeren,80,Bien desservi
Belgique,883,Audenarde,Lokeren,100,Bien desservi
Belgique,883,Audenarde,Lokeren,79,Bien desservi
Belgique,883,Audenarde,Lokeren,100,Bien desservi
Belgique,883,Audenarde,Lokeren,100,Bien desservi
Belgique,883,Audenarde,Lokeren,100,Bien desservi
Belgique,883,Audenarde,Lokeren,102,Bien desservi
Belgique,883,Audenarde,Lokeren,100,Bien desservi
Belgique,883,Audenarde,Lokeren,100,Bien desservi
Belgique,883,Audenarde,Lokeren,100,Bien desservi
Belgique,883,Audenarde,Lokeren,80,Bien desservi
Belgique,883,Audenarde,Lokeren,100,Bien desservi
Belgique,883,Audenarde,Lokeren,100,Bien desservi
Belgique,883,Audenarde,Lokeren,100,Bien desservi
Belgique,883,Audenarde,Lokeren,100,Bien desservi
Belgique,883,Audenarde,Lokeren,100,Bien desservi
Belgique,883,Audenarde,Lokeren,100,Bien desservi
Belgique,883,Audenarde,Lokeren,102,Bien desservi
Belgique,883,Audenarde,Lokeren,100,Bien desservi
Belgique,883,Audenarde,Lokeren,100,Bien desservi
Belgique,883,Audenarde,Lokeren,100,Bien desservi
Belgique,883,Audenarde,Lokeren,100,Bien desservi
Belgique,883,Audenarde,Lokeren,100,Bien desservi
Belgique,883,Audenarde,Lokeren,100,Bien desservi
Belgique,883,Audenarde,Lokeren,100,Bien desservi
Belgique,883,Audenarde,Lokeren,100,Bien desservi
Belgique,883,Audenarde,Lokeren,80,Bien desservi
Belgique,883,Audenarde,Lokeren,100,Bien desservi
Belgique,883,Audenarde,Lokeren,100,Bien desservi
Belgique,883,Audenarde,Lokeren,100,Bien desservi
Belgique,883,Audenarde,Lokeren,100,Bien desservi
Belgique,884,Alost,Louvain-la-Neuve,4,Sous-desservi
Belgique,884,Alost,Louvain-la-Neuve,5,Sous-desservi
Belgique,885,Burst,Louvain-la-Neuve,5,Sous-desservi
Belgique,886,Eine,Lokeren,1,Sous-desservi
Belgique,887,Anvers-Central,Noorderkempen,76,Bien desservi
Belgique,887,Anvers-Central,Noorderkempen,152,Bien desservi
Belgique,887,Anvers-Central,Noorderkempen,190,Bien desservi
Belgique,887,Anvers-Central,Noorderkempen,190,Bien desservi
Belgique,887,Anvers-Central,Noorderkempen,152,Bien desservi
Belgique,887,Anvers-Central,Noorderkempen,189,Bien desservi
Belgique,887,Anvers-Central,Noorderkempen,152,Bien desservi
Belgique,887,Anvers-Central,Noorderkempen,190,Bien desservi
Belgique,887,Anvers-Central,Noorderkempen,152,Bien desservi
Belgique,887,Anvers-Central,Noorderkempen,190,Bien desservi
Belgique,887,Anvers-Central,Noorderkempen,190,Bien desservi
Belgique,887,Anvers-Central,Noorderkempen,190,Bien desservi
Belgique,887,Anvers-Central,Noorderkempen,190,Bien desservi
Belgique,887,Anvers-Central,Noorderkempen,190,Bien desservi
Belgique,887,Anvers-Central,Noorderkempen,190,Bien desservi
Belgique,887,Anvers-Central,Noorderkempen,190,Bien desservi
Belgique,887,Anvers-Central,Noorderkempen,152,Bien desservi
Belgique,887,Anvers-Central,Noorderkempen,190,Bien desservi
Belgique,887,Anvers-Central,Noorderkempen,190,Bien desservi
Belgique,887,Anvers-Central,Noorderkempen,190,Bien desservi
Belgique,887,Anvers-Central,Noorderkempen,190,Bien desservi
Belgique,887,Anvers-Central,Noorderkempen,190,Bien desservi
Belgique,887,Anvers-Central,Noorderkempen,190,Bien desservi
Belgique,887,Anvers-Central,Noorderkempen,190,Bien desservi
Belgique,887,Anvers-Central,Noorderkempen,190,Bien desservi
Belgique,887,Anvers-Central,Noorderkempen,190,Bien desservi
Belgique,887,Anvers-Central,Noorderkempen,189,Bien desservi
Belgique,887,Anvers-Central,Noorderkempen,185,Bien desservi
Belgique,887,Anvers-Central,Noorderkempen,185,Bien desservi
Belgique,887,Anvers-Central,Noorderkempen,185,Bien desservi
Belgique,887,Anvers-Central,Noorderkempen,185,Bien desservi
Belgique,887,Anvers-Central,Noorderkempen,185,Bien desservi
Belgique,887,Anvers-Central,Noorderkempen,148,Bien desservi
Belgique,887,Anvers-Central,Noorderkempen,185,Bien desservi
Belgique,887,Anvers-Central,Noorderkempen,185,Bien desservi
Belgique,887,Anvers-Central,Noorderkempen,185,Bien desservi
Belgique,887,Anvers-Central,Noorderkempen,185,Bien desservi
Belgique,888,Spa-Géronstère,Welkenraedt,8,Desserte Normale
Belgique,888,Spa-Géronstère,Welkenraedt,16,Desserte Normale
Belgique,888,Spa-Géronstère,Welkenraedt,20,Desserte Normale
Belgique,888,Spa-Géronstère,Welkenraedt,20,Desserte Normale
Belgique,888,Spa-Géronstère,Welkenraedt,16,Desserte Normale
Belgique,888,Spa-Géronstère,Welkenraedt,20,Desserte Normale
Belgique,888,Spa-Géronstère,Welkenraedt,12,Desserte Normale
Belgique,888,Spa-Géronstère,Welkenraedt,20,Desserte Normale
Belgique,888,Spa-Géronstère,Welkenraedt,16,Desserte Normale
Belgique,888,Spa-Géronstère,Welkenraedt,20,Desserte Normale
Belgique,888,Spa-Géronstère,Welkenraedt,20,Desserte Normale
Belgique,888,Spa-Géronstère,Welkenraedt,20,Desserte Normale
Belgique,888,Spa-Géronstère,Welkenraedt,20,Desserte Normale
Belgique,888,Spa-Géronstère,Welkenraedt,20,Desserte Normale
Belgique,888,Spa-Géronstère,Welkenraedt,20,Desserte Normale
Belgique,888,Spa-Géronstère,Welkenraedt,20,Desserte Normale
Belgique,888,Spa-Géronstère,Welkenraedt,190,Bien desservi
Belgique,888,Spa-Géronstère,Welkenraedt,217,Bien desservi
Belgique,888,Spa-Géronstère,Welkenraedt,20,Desserte Normale
Belgique,888,Spa-Géronstère,Welkenraedt,20,Desserte Normale
Belgique,888,Spa-Géronstère,Welkenraedt,20,Desserte Normale
Belgique,888,Spa-Géronstère,Welkenraedt,20,Desserte Normale
Belgique,888,Spa-Géronstère,Welkenraedt,20,Desserte Normale
Belgique,888,Spa-Géronstère,Welkenraedt,20,Desserte Normale
Belgique,888,Spa-Géronstère,Welkenraedt,20,Desserte Normale
Belgique,888,Spa-Géronstère,Welkenraedt,20,Desserte Normale
Belgique,888,Spa-Géronstère,Welkenraedt,20,Desserte Normale
Belgique,888,Spa-Géronstère,Welkenraedt,20,Desserte Normale
Belgique,888,Spa-Géronstère,Welkenraedt,20,Desserte Normale
Belgique,888,Spa-Géronstère,Welkenraedt,16,Desserte Normale
Belgique,888,Spa-Géronstère,Welkenraedt,20,Desserte Normale
Belgique,888,Spa-Géronstère,Welkenraedt,20,Desserte Normale
Belgique,888,Spa-Géronstère,Welkenraedt,20,Desserte Normale
Belgique,888,Spa-Géronstère,Welkenraedt,20,Desserte Normale
Belgique,889,Spa-Géronstère,Verviers-Central,116,Bien desservi
Belgique,889,Spa-Géronstère,Verviers-Central,201,Bien desservi
Belgique,889,Spa-Géronstère,Verviers-Central,197,Bien desservi
Belgique,889,Spa-Géronstère,Verviers-Central,197,Bien desservi
Belgique,889,Spa-Géronstère,Verviers-Central,201,Bien desservi
Belgique,889,Spa-Géronstère,Verviers-Central,197,Bien desservi
Belgique,889,Spa-Géronstère,Verviers-Central,81,Bien desservi
Belgique,889,Spa-Géronstère,Verviers-Central,197,Bien desservi
Belgique,889,Spa-Géronstère,Verviers-Central,201,Bien desservi
Belgique,889,Spa-Géronstère,Verviers-Central,197,Bien desservi
Belgique,889,Spa-Géronstère,Verviers-Central,197,Bien desservi
Belgique,889,Spa-Géronstère,Verviers-Central,197,Bien desservi
Belgique,889,Spa-Géronstère,Verviers-Central,197,Bien desservi
Belgique,889,Spa-Géronstère,Verviers-Central,197,Bien desservi
Belgique,889,Spa-Géronstère,Verviers-Central,197,Bien desservi
Belgique,889,Spa-Géronstère,Verviers-Central,197,Bien desservi
Belgique,889,Spa-Géronstère,Verviers-Central,27,Desserte Normale
Belgique,889,Spa-Géronstère,Verviers-Central,217,Bien desservi
Belgique,889,Spa-Géronstère,Verviers-Central,217,Bien desservi
Belgique,889,Spa-Géronstère,Verviers-Central,217,Bien desservi
Belgique,889,Spa-Géronstère,Verviers-Central,197,Bien desservi
Belgique,889,Spa-Géronstère,Verviers-Central,197,Bien desservi
Belgique,889,Spa-Géronstère,Verviers-Central,197,Bien desservi
Belgique,889,Spa-Géronstère,Verviers-Central,197,Bien desservi
Belgique,889,Spa-Géronstère,Verviers-Central,135,Bien desservi
Belgique,889,Spa-Géronstère,Verviers-Central,197,Bien desservi
Belgique,889,Spa-Géronstère,Verviers-Central,197,Bien desservi
Belgique,889,Spa-Géronstère,Verviers-Central,197,Bien desservi
Belgique,889,Spa-Géronstère,Verviers-Central,197,Bien desservi
Belgique,889,Spa-Géronstère,Verviers-Central,197,Bien desservi
Belgique,889,Spa-Géronstère,Verviers-Central,197,Bien desservi
Belgique,889,Spa-Géronstère,Verviers-Central,201,Bien desservi
Belgique,889,Spa-Géronstère,Verviers-Central,197,Bien desservi
Belgique,889,Spa-Géronstère,Verviers-Central,197,Bien desservi
Belgique,889,Spa-Géronstère,Verviers-Central,197,Bien desservi
Belgique,889,Spa-Géronstère,Verviers-Central,166,Bien desservi
Belgique,89,Louvain,Wavre,2,Sous-desservi
Belgique,890,Ostende,Schaerbeek,8,Desserte Normale
Belgique,890,Ostende,Schaerbeek,8,Desserte Normale
Belgique,890,Ostende,Schaerbeek,10,Desserte Normale
Belgique,890,Ostende,Schaerbeek,20,Desserte Normale
Belgique,890,Ostende,Schaerbeek,16,Desserte Normale
Belgique,890,Ostende,Schaerbeek,20,Desserte Normale
Belgique,890,Ostende,Schaerbeek,16,Desserte Normale
Belgique,890,Ostende,Schaerbeek,20,Desserte Normale
Belgique,890,Ostende,Schaerbeek,16,Desserte Normale
Belgique,890,Ostende,Schaerbeek,20,Desserte Normale
Belgique,890,Ostende,Schaerbeek,20,Desserte Normale
Belgique,890,Ostende,Schaerbeek,20,Desserte Normale
Belgique,890,Ostende,Schaerbeek,20,Desserte Normale
Belgique,890,Ostende,Schaerbeek,10,Desserte Normale
Belgique,890,Ostende,Schaerbeek,10,Desserte Normale
Belgique,890,Ostende,Schaerbeek,10,Desserte Normale
Belgique,890,Ostende,Schaerbeek,8,Desserte Normale
Belgique,890,Ostende,Schaerbeek,10,Desserte Normale
Belgique,890,Ostende,Schaerbeek,10,Desserte Normale
Belgique,890,Ostende,Schaerbeek,10,Desserte Normale
Belgique,890,Ostende,Schaerbeek,10,Desserte Normale
Belgique,890,Ostende,Schaerbeek,10,Desserte Normale
Belgique,890,Ostende,Schaerbeek,20,Desserte Normale
Belgique,890,Ostende,Schaerbeek,20,Desserte Normale
Belgique,890,Ostende,Schaerbeek,20,Desserte Normale
Belgique,890,Ostende,Schaerbeek,20,Desserte Normale
Belgique,890,Ostende,Schaerbeek,20,Desserte Normale
Belgique,890,Ostende,Schaerbeek,20,Desserte Normale
Belgique,890,Ostende,Schaerbeek,20,Desserte Normale
Belgique,890,Ostende,Schaerbeek,20,Desserte Normale
Belgique,890,Ostende,Schaerbeek,20,Desserte Normale
Belgique,890,Ostende,Schaerbeek,20,Desserte Normale
Belgique,890,Ostende,Schaerbeek,16,Desserte Normale
Belgique,890,Ostende,Schaerbeek,20,Desserte Normale
Belgique,890,Ostende,Schaerbeek,20,Desserte Normale
Belgique,890,Ostende,Schaerbeek,20,Desserte Normale
Belgique,890,Ostende,Schaerbeek,20,Desserte Normale
Belgique,891,Eupen,Welkenraedt,6,Sous-desservi
Belgique,891,Eupen,Welkenraedt,6,Sous-desservi
Belgique,891,Eupen,Welkenraedt,64,Bien desservi
Belgique,891,Eupen,Welkenraedt,6,Sous-desservi
Belgique,892,Liège-Guillemins,Verviers-Central,10,Desserte Normale
Belgique,892,Liège-Guillemins,Verviers-Central,8,Desserte Normale
Belgique,892,Liège-Guillemins,Verviers-Central,119,Bien desservi
Belgique,893,Liège-Guillemins,Welkenraedt,5,Sous-desservi
Belgique,893,Liège-Guillemins,Welkenraedt,20,Desserte Normale
Belgique,893,Liège-Guillemins,Welkenraedt,4,Sous-desservi
Belgique,893,Liège-Guillemins,Welkenraedt,6,Sous-desservi
Belgique,893,Liège-Guillemins,Welkenraedt,7,Desserte Normale
Belgique,893,Liège-Guillemins,Welkenraedt,7,Desserte Normale
Belgique,893,Liège-Guillemins,Welkenraedt,1,Sous-desservi
Belgique,894,Liège-Guillemins,Louvain,2,Sous-desservi
Belgique,894,Liège-Guillemins,Louvain,5,Sous-desservi
Belgique,894,Liège-Guillemins,Louvain,14,Desserte Normale
Belgique,894,Liège-Guillemins,Louvain,10,Desserte Normale
Belgique,894,Liège-Guillemins,Louvain,14,Desserte Normale
Belgique,894,Liège-Guillemins,Louvain,15,Desserte Normale
Belgique,894,Liège-Guillemins,Louvain,12,Desserte Normale
Belgique,894,Liège-Guillemins,Louvain,15,Desserte Normale
Belgique,895,Waremme,Welkenraedt,1,Sous-desservi
Belgique,896,Louvain,Waremme,4,Sous-desservi
Belgique,896,Louvain,Waremme,9,Desserte Normale
Belgique,896,Louvain,Waremme,6,Sous-desservi
Belgique,896,Louvain,Waremme,5,Sous-desservi
Belgique,896,Louvain,Waremme,5,Sous-desservi
Belgique,896,Louvain,Waremme,4,Sous-desservi
Belgique,896,Louvain,Waremme,5,Sous-desservi
Belgique,897,Tirlemont,Waremme,5,Sous-desservi
Belgique,898,Gand-Saint-Pierre,Ostende,1,Sous-desservi
Belgique,899,Londerzeel,Malines,4,Sous-desservi
Belgique,899,Londerzeel,Malines,5,Sous-desservi
Belgique,899,Londerzeel,Malines,68,Bien desservi
Belgique,899,Londerzeel,Malines,68,Bien desservi
Belgique,899,Londerzeel,Malines,428,Bien desservi
Belgique,899,Londerzeel,Malines,68,Bien desservi
Belgique,9,Bruxelles-Midi,Frankfurt Main,3,Sous-desservi
Belgique,9,Bruxelles-Midi,Frankfurt Main,2,Sous-desservi
Belgique,9,Bruxelles-Midi,Frankfurt Main,2,Sous-desservi
Belgique,9,Bruxelles-Midi,Frankfurt Main,3,Sous-desservi
Belgique,9,Bruxelles-Midi,Frankfurt Main,3,Sous-desservi
Belgique,9,Bruxelles-Midi,Frankfurt Main,3,Sous-desservi
Belgique,9,Bruxelles-Midi,Frankfurt Main,8,Desserte Normale
Belgique,90,Liège-Guillemins,Verviers-Central,1,Sous-desservi
Belgique,90,Liège-Guillemins,Verviers-Central,13,Desserte Normale
Belgique,90,Liège-Guillemins,Verviers-Central,14,Desserte Normale
Belgique,90,Liège-Guillemins,Verviers-Central,14,Desserte Normale
Belgique,90,Liège-Guillemins,Verviers-Central,1,Sous-desservi
Belgique,900,Malines,Termonde,5,Sous-desservi
Belgique,900,Malines,Termonde,70,Bien desservi
Belgique,900,Malines,Termonde,5,Sous-desservi
Belgique,900,Malines,Termonde,5,Sous-desservi
Belgique,901,Bruges,Gand-Saint-Pierre,8,Desserte Normale
Belgique,901,Bruges,Gand-Saint-Pierre,16,Desserte Normale
Belgique,901,Bruges,Gand-Saint-Pierre,15,Desserte Normale
Belgique,901,Bruges,Gand-Saint-Pierre,16,Desserte Normale
Belgique,901,Bruges,Gand-Saint-Pierre,160,Bien desservi
Belgique,902,Aalter,Bruges,4,Sous-desservi
Belgique,903,Gand-Saint-Pierre,Termonde,8,Desserte Normale
Belgique,903,Gand-Saint-Pierre,Termonde,10,Desserte Normale
Belgique,903,Gand-Saint-Pierre,Termonde,8,Desserte Normale
Belgique,904,La Panne,Schaerbeek,8,Desserte Normale
Belgique,904,La Panne,Schaerbeek,16,Desserte Normale
Belgique,904,La Panne,Schaerbeek,20,Desserte Normale
Belgique,904,La Panne,Schaerbeek,20,Desserte Normale
Belgique,904,La Panne,Schaerbeek,16,Desserte Normale
Belgique,904,La Panne,Schaerbeek,20,Desserte Normale
Belgique,904,La Panne,Schaerbeek,16,Desserte Normale
Belgique,904,La Panne,Schaerbeek,20,Desserte Normale
Belgique,904,La Panne,Schaerbeek,17,Desserte Normale
Belgique,904,La Panne,Schaerbeek,20,Desserte Normale
Belgique,904,La Panne,Schaerbeek,20,Desserte Normale
Belgique,904,La Panne,Schaerbeek,20,Desserte Normale
Belgique,904,La Panne,Schaerbeek,20,Desserte Normale
Belgique,904,La Panne,Schaerbeek,20,Desserte Normale
Belgique,904,La Panne,Schaerbeek,20,Desserte Normale
Belgique,904,La Panne,Schaerbeek,20,Desserte Normale
Belgique,904,La Panne,Schaerbeek,16,Desserte Normale
Belgique,904,La Panne,Schaerbeek,20,Desserte Normale
Belgique,904,La Panne,Schaerbeek,20,Desserte Normale
Belgique,904,La Panne,Schaerbeek,20,Desserte Normale
Belgique,904,La Panne,Schaerbeek,20,Desserte Normale
Belgique,904,La Panne,Schaerbeek,20,Desserte Normale
Belgique,904,La Panne,Schaerbeek,20,Desserte Normale
Belgique,904,La Panne,Schaerbeek,20,Desserte Normale
Belgique,904,La Panne,Schaerbeek,20,Desserte Normale
Belgique,904,La Panne,Schaerbeek,20,Desserte Normale
Belgique,904,La Panne,Schaerbeek,20,Desserte Normale
Belgique,904,La Panne,Schaerbeek,20,Desserte Normale
Belgique,904,La Panne,Schaerbeek,20,Desserte Normale
Belgique,904,La Panne,Schaerbeek,20,Desserte Normale
Belgique,904,La Panne,Schaerbeek,20,Desserte Normale
Belgique,904,La Panne,Schaerbeek,20,Desserte Normale
Belgique,904,La Panne,Schaerbeek,16,Desserte Normale
Belgique,904,La Panne,Schaerbeek,20,Desserte Normale
Belgique,904,La Panne,Schaerbeek,20,Desserte Normale
Belgique,904,La Panne,Schaerbeek,20,Desserte Normale
Belgique,904,La Panne,Schaerbeek,20,Desserte Normale
Belgique,905,Audenarde,Renaix,58,Bien desservi
Belgique,905,Audenarde,Renaix,12,Desserte Normale
Belgique,905,Audenarde,Renaix,12,Desserte Normale
Belgique,906,Deinze,Gand-Saint-Pierre,142,Bien desservi
Belgique,906,Deinze,Gand-Saint-Pierre,140,Bien desservi
Belgique,907,Courtrai,Deinze,76,Bien desservi
Belgique,907,Courtrai,Deinze,3,Sous-desservi
Belgique,907,Courtrai,Deinze,5,Sous-desservi
Belgique,907,Courtrai,Deinze,81,Bien desservi
Belgique,908,Courtrai,Poperinge,71,Bien desservi
Belgique,909,Courtrai,Menin,72,Bien desservi
Belgique,909,Courtrai,Menin,72,Bien desservi
Belgique,909,Courtrai,Menin,36,Desserte Normale
Belgique,91,Charleroi-Central,Fleurus,12,Desserte Normale
Belgique,91,Charleroi-Central,Fleurus,12,Desserte Normale
Belgique,91,Charleroi-Central,Fleurus,11,Desserte Normale
Belgique,91,Charleroi-Central,Fleurus,12,Desserte Normale
Belgique,91,Charleroi-Central,Fleurus,12,Desserte Normale
Belgique,910,Courtrai,Lille Flandres,2,Sous-desservi
Belgique,910,Courtrai,Lille Flandres,2,Sous-desservi
Belgique,911,Menin,Poperinge,15,Desserte Normale
Belgique,912,Courtrai,Gand-Saint-Pierre,1,Sous-desservi
Belgique,912,Courtrai,Gand-Saint-Pierre,1,Sous-desservi
Belgique,913,Anvers-Berchem,Gand-Saint-Pierre,4,Sous-desservi
Belgique,914,Anvers-Central,Gand-Saint-Pierre,4,Sous-desservi
Belgique,915,Eeklo,Wondelgem,60,Bien desservi
Belgique,915,Eeklo,Wondelgem,34,Desserte Normale
Belgique,916,Audenarde,Gand-Saint-Pierre,60,Bien desservi
Belgique,916,Audenarde,Gand-Saint-Pierre,60,Bien desservi
Belgique,916,Audenarde,Gand-Saint-Pierre,60,Bien desservi
Belgique,916,Audenarde,Gand-Saint-Pierre,60,Bien desservi
Belgique,917,Gand-Saint-Pierre,Renaix,2,Sous-desservi
Belgique,917,Gand-Saint-Pierre,Renaix,2,Sous-desservi
Belgique,917,Gand-Saint-Pierre,Renaix,2,Sous-desservi
Belgique,917,Gand-Saint-Pierre,Renaix,2,Sous-desservi
Belgique,918,Eeklo,Gand-Saint-Pierre,2,Sous-desservi
Belgique,918,Eeklo,Gand-Saint-Pierre,1,Sous-desservi
Belgique,919,Poperinge,Schaerbeek,8,Desserte Normale
Belgique,919,Poperinge,Schaerbeek,16,Desserte Normale
Belgique,919,Poperinge,Schaerbeek,20,Desserte Normale
Belgique,919,Poperinge,Schaerbeek,20,Desserte Normale
Belgique,919,Poperinge,Schaerbeek,16,Desserte Normale
Belgique,919,Poperinge,Schaerbeek,20,Desserte Normale
Belgique,919,Poperinge,Schaerbeek,16,Desserte Normale
Belgique,919,Poperinge,Schaerbeek,20,Desserte Normale
Belgique,919,Poperinge,Schaerbeek,16,Desserte Normale
Belgique,919,Poperinge,Schaerbeek,20,Desserte Normale
Belgique,919,Poperinge,Schaerbeek,20,Desserte Normale
Belgique,919,Poperinge,Schaerbeek,20,Desserte Normale
Belgique,919,Poperinge,Schaerbeek,20,Desserte Normale
Belgique,919,Poperinge,Schaerbeek,20,Desserte Normale
Belgique,919,Poperinge,Schaerbeek,20,Desserte Normale
Belgique,919,Poperinge,Schaerbeek,20,Desserte Normale
Belgique,919,Poperinge,Schaerbeek,16,Desserte Normale
Belgique,919,Poperinge,Schaerbeek,20,Desserte Normale
Belgique,919,Poperinge,Schaerbeek,20,Desserte Normale
Belgique,919,Poperinge,Schaerbeek,20,Desserte Normale
Belgique,919,Poperinge,Schaerbeek,20,Desserte Normale
Belgique,919,Poperinge,Schaerbeek,20,Desserte Normale
Belgique,919,Poperinge,Schaerbeek,20,Desserte Normale
Belgique,919,Poperinge,Schaerbeek,20,Desserte Normale
Belgique,919,Poperinge,Schaerbeek,20,Desserte Normale
Belgique,919,Poperinge,Schaerbeek,20,Desserte Normale
Belgique,919,Poperinge,Schaerbeek,20,Desserte Normale
Belgique,919,Poperinge,Schaerbeek,20,Desserte Normale
Belgique,919,Poperinge,Schaerbeek,20,Desserte Normale
Belgique,919,Poperinge,Schaerbeek,20,Desserte Normale
Belgique,919,Poperinge,Schaerbeek,20,Desserte Normale
Belgique,919,Poperinge,Schaerbeek,20,Desserte Normale
Belgique,919,Poperinge,Schaerbeek,16,Desserte Normale
Belgique,919,Poperinge,Schaerbeek,20,Desserte Normale
Belgique,919,Poperinge,Schaerbeek,20,Desserte Normale
Belgique,919,Poperinge,Schaerbeek,20,Desserte Normale
Belgique,919,Poperinge,Schaerbeek,20,Desserte Normale
Belgique,92,Ciney,Ostende,8,Desserte Normale
Belgique,92,Ciney,Ostende,2,Sous-desservi
Belgique,920,La Louvière-Centre,La Louvière-Sud,6,Sous-desservi
Belgique,920,La Louvière-Centre,La Louvière-Sud,5,Sous-desservi
Belgique,920,La Louvière-Centre,La Louvière-Sud,59,Bien desservi
Belgique,921,Mons,Saint-Ghislain,4,Sous-desservi
Belgique,921,Mons,Saint-Ghislain,5,Sous-desservi
Belgique,921,Mons,Saint-Ghislain,20,Desserte Normale
Belgique,921,Mons,Saint-Ghislain,110,Bien desservi
Belgique,921,Mons,Saint-Ghislain,12,Desserte Normale
Belgique,922,Saint-Ghislain,Tournai,59,Bien desservi
Belgique,922,Saint-Ghislain,Tournai,3,Sous-desservi
Belgique,922,Saint-Ghislain,Tournai,5,Sous-desservi
Belgique,923,La Louvière-Sud,Tournai,2,Sous-desservi
Belgique,924,Alost,Gand-Saint-Pierre,2,Sous-desservi
Belgique,924,Alost,Gand-Saint-Pierre,4,Sous-desservi
Belgique,924,Alost,Gand-Saint-Pierre,5,Sous-desservi
Belgique,924,Alost,Gand-Saint-Pierre,5,Sous-desservi
Belgique,924,Alost,Gand-Saint-Pierre,4,Sous-desservi
Belgique,924,Alost,Gand-Saint-Pierre,5,Sous-desservi
Belgique,924,Alost,Gand-Saint-Pierre,4,Sous-desservi
Belgique,924,Alost,Gand-Saint-Pierre,5,Sous-desservi
Belgique,924,Alost,Gand-Saint-Pierre,4,Sous-desservi
Belgique,924,Alost,Gand-Saint-Pierre,5,Sous-desservi
Belgique,924,Alost,Gand-Saint-Pierre,5,Sous-desservi
Belgique,924,Alost,Gand-Saint-Pierre,5,Sous-desservi
Belgique,924,Alost,Gand-Saint-Pierre,5,Sous-desservi
Belgique,924,Alost,Gand-Saint-Pierre,5,Sous-desservi
Belgique,924,Alost,Gand-Saint-Pierre,5,Sous-desservi
Belgique,924,Alost,Gand-Saint-Pierre,5,Sous-desservi
Belgique,924,Alost,Gand-Saint-Pierre,4,Sous-desservi
Belgique,924,Alost,Gand-Saint-Pierre,5,Sous-desservi
Belgique,924,Alost,Gand-Saint-Pierre,5,Sous-desservi
Belgique,924,Alost,Gand-Saint-Pierre,5,Sous-desservi
Belgique,924,Alost,Gand-Saint-Pierre,5,Sous-desservi
Belgique,924,Alost,Gand-Saint-Pierre,5,Sous-desservi
Belgique,924,Alost,Gand-Saint-Pierre,5,Sous-desservi
Belgique,924,Alost,Gand-Saint-Pierre,5,Sous-desservi
Belgique,924,Alost,Gand-Saint-Pierre,5,Sous-desservi
Belgique,924,Alost,Gand-Saint-Pierre,5,Sous-desservi
Belgique,924,Alost,Gand-Saint-Pierre,5,Sous-desservi
Belgique,924,Alost,Gand-Saint-Pierre,5,Sous-desservi
Belgique,924,Alost,Gand-Saint-Pierre,5,Sous-desservi
Belgique,924,Alost,Gand-Saint-Pierre,5,Sous-desservi
Belgique,924,Alost,Gand-Saint-Pierre,5,Sous-desservi
Belgique,924,Alost,Gand-Saint-Pierre,5,Sous-desservi
Belgique,924,Alost,Gand-Saint-Pierre,4,Sous-desservi
Belgique,924,Alost,Gand-Saint-Pierre,5,Sous-desservi
Belgique,924,Alost,Gand-Saint-Pierre,5,Sous-desservi
Belgique,924,Alost,Gand-Saint-Pierre,5,Sous-desservi
Belgique,924,Alost,Gand-Saint-Pierre,5,Sous-desservi
Belgique,925,Gand-Saint-Pierre,Schaerbeek,8,Desserte Normale
Belgique,925,Gand-Saint-Pierre,Schaerbeek,8,Desserte Normale
Belgique,925,Gand-Saint-Pierre,Schaerbeek,10,Desserte Normale
Belgique,925,Gand-Saint-Pierre,Schaerbeek,20,Desserte Normale
Belgique,925,Gand-Saint-Pierre,Schaerbeek,16,Desserte Normale
Belgique,925,Gand-Saint-Pierre,Schaerbeek,20,Desserte Normale
Belgique,925,Gand-Saint-Pierre,Schaerbeek,14,Desserte Normale
Belgique,925,Gand-Saint-Pierre,Schaerbeek,20,Desserte Normale
Belgique,925,Gand-Saint-Pierre,Schaerbeek,16,Desserte Normale
Belgique,925,Gand-Saint-Pierre,Schaerbeek,20,Desserte Normale
Belgique,925,Gand-Saint-Pierre,Schaerbeek,20,Desserte Normale
Belgique,925,Gand-Saint-Pierre,Schaerbeek,20,Desserte Normale
Belgique,925,Gand-Saint-Pierre,Schaerbeek,20,Desserte Normale
Belgique,925,Gand-Saint-Pierre,Schaerbeek,10,Desserte Normale
Belgique,925,Gand-Saint-Pierre,Schaerbeek,10,Desserte Normale
Belgique,925,Gand-Saint-Pierre,Schaerbeek,10,Desserte Normale
Belgique,925,Gand-Saint-Pierre,Schaerbeek,8,Desserte Normale
Belgique,925,Gand-Saint-Pierre,Schaerbeek,10,Desserte Normale
Belgique,925,Gand-Saint-Pierre,Schaerbeek,10,Desserte Normale
Belgique,925,Gand-Saint-Pierre,Schaerbeek,10,Desserte Normale
Belgique,925,Gand-Saint-Pierre,Schaerbeek,10,Desserte Normale
Belgique,925,Gand-Saint-Pierre,Schaerbeek,10,Desserte Normale
Belgique,925,Gand-Saint-Pierre,Schaerbeek,20,Desserte Normale
Belgique,925,Gand-Saint-Pierre,Schaerbeek,20,Desserte Normale
Belgique,925,Gand-Saint-Pierre,Schaerbeek,20,Desserte Normale
Belgique,925,Gand-Saint-Pierre,Schaerbeek,20,Desserte Normale
Belgique,925,Gand-Saint-Pierre,Schaerbeek,20,Desserte Normale
Belgique,925,Gand-Saint-Pierre,Schaerbeek,20,Desserte Normale
Belgique,925,Gand-Saint-Pierre,Schaerbeek,20,Desserte Normale
Belgique,925,Gand-Saint-Pierre,Schaerbeek,20,Desserte Normale
Belgique,925,Gand-Saint-Pierre,Schaerbeek,20,Desserte Normale
Belgique,925,Gand-Saint-Pierre,Schaerbeek,20,Desserte Normale
Belgique,925,Gand-Saint-Pierre,Schaerbeek,16,Desserte Normale
Belgique,925,Gand-Saint-Pierre,Schaerbeek,20,Desserte Normale
Belgique,925,Gand-Saint-Pierre,Schaerbeek,20,Desserte Normale
Belgique,925,Gand-Saint-Pierre,Schaerbeek,20,Desserte Normale
Belgique,925,Gand-Saint-Pierre,Schaerbeek,20,Desserte Normale
Belgique,926,Saint-Nicolas,Schaerbeek,4,Sous-desservi
Belgique,926,Saint-Nicolas,Schaerbeek,8,Desserte Normale
Belgique,926,Saint-Nicolas,Schaerbeek,10,Desserte Normale
Belgique,926,Saint-Nicolas,Schaerbeek,10,Desserte Normale
Belgique,926,Saint-Nicolas,Schaerbeek,8,Desserte Normale
Belgique,926,Saint-Nicolas,Schaerbeek,10,Desserte Normale
Belgique,926,Saint-Nicolas,Schaerbeek,8,Desserte Normale
Belgique,926,Saint-Nicolas,Schaerbeek,10,Desserte Normale
Belgique,926,Saint-Nicolas,Schaerbeek,8,Desserte Normale
Belgique,926,Saint-Nicolas,Schaerbeek,10,Desserte Normale
Belgique,926,Saint-Nicolas,Schaerbeek,10,Desserte Normale
Belgique,926,Saint-Nicolas,Schaerbeek,10,Desserte Normale
Belgique,926,Saint-Nicolas,Schaerbeek,10,Desserte Normale
Belgique,926,Saint-Nicolas,Schaerbeek,10,Desserte Normale
Belgique,926,Saint-Nicolas,Schaerbeek,10,Desserte Normale
Belgique,926,Saint-Nicolas,Schaerbeek,10,Desserte Normale
Belgique,926,Saint-Nicolas,Schaerbeek,8,Desserte Normale
Belgique,926,Saint-Nicolas,Schaerbeek,10,Desserte Normale
Belgique,926,Saint-Nicolas,Schaerbeek,10,Desserte Normale
Belgique,926,Saint-Nicolas,Schaerbeek,10,Desserte Normale
Belgique,926,Saint-Nicolas,Schaerbeek,10,Desserte Normale
Belgique,926,Saint-Nicolas,Schaerbeek,10,Desserte Normale
Belgique,926,Saint-Nicolas,Schaerbeek,10,Desserte Normale
Belgique,926,Saint-Nicolas,Schaerbeek,10,Desserte Normale
Belgique,926,Saint-Nicolas,Schaerbeek,10,Desserte Normale
Belgique,926,Saint-Nicolas,Schaerbeek,10,Desserte Normale
Belgique,926,Saint-Nicolas,Schaerbeek,10,Desserte Normale
Belgique,926,Saint-Nicolas,Schaerbeek,10,Desserte Normale
Belgique,926,Saint-Nicolas,Schaerbeek,10,Desserte Normale
Belgique,926,Saint-Nicolas,Schaerbeek,10,Desserte Normale
Belgique,926,Saint-Nicolas,Schaerbeek,10,Desserte Normale
Belgique,926,Saint-Nicolas,Schaerbeek,10,Desserte Normale
Belgique,926,Saint-Nicolas,Schaerbeek,8,Desserte Normale
Belgique,926,Saint-Nicolas,Schaerbeek,10,Desserte Normale
Belgique,926,Saint-Nicolas,Schaerbeek,10,Desserte Normale
Belgique,926,Saint-Nicolas,Schaerbeek,10,Desserte Normale
Belgique,926,Saint-Nicolas,Schaerbeek,10,Desserte Normale
Belgique,927,Lokeren,Termonde,68,Bien desservi
Belgique,927,Lokeren,Termonde,68,Bien desservi
Belgique,928,Landen,Louvain,143,Bien desservi
Belgique,928,Landen,Louvain,162,Bien desservi
Belgique,928,Landen,Louvain,75,Bien desservi
Belgique,928,Landen,Louvain,5,Sous-desservi
Belgique,928,Landen,Louvain,5,Sous-desservi
Belgique,929,Landen,Tirlemont,695,Bien desservi
Belgique,93,Flémalle-Haute,Liège-Guillemins,32,Desserte Normale
Belgique,93,Flémalle-Haute,Liège-Guillemins,48,Desserte Normale
Belgique,93,Flémalle-Haute,Liège-Guillemins,32,Desserte Normale
Belgique,93,Flémalle-Haute,Liège-Guillemins,15,Desserte Normale
Belgique,93,Flémalle-Haute,Liège-Guillemins,32,Desserte Normale
Belgique,930,Hasselt,Kiewit,76,Bien desservi
Belgique,930,Hasselt,Kiewit,414,Bien desservi
Belgique,930,Hasselt,Kiewit,451,Bien desservi
Belgique,930,Hasselt,Kiewit,451,Bien desservi
Belgique,930,Hasselt,Kiewit,136,Bien desservi
Belgique,930,Hasselt,Kiewit,136,Bien desservi
Belgique,931,Hasselt,Landen,72,Bien desservi
Belgique,931,Hasselt,Landen,72,Bien desservi
Belgique,932,Hasselt,Louvain,2,Sous-desservi
Belgique,932,Hasselt,Louvain,2,Sous-desservi
Belgique,932,Hasselt,Louvain,1,Sous-desservi
Belgique,932,Hasselt,Louvain,4,Sous-desservi
Belgique,932,Hasselt,Louvain,9,Desserte Normale
Belgique,932,Hasselt,Louvain,8,Desserte Normale
Belgique,933,Liège-Guillemins,Tirlemont,5,Sous-desservi
Belgique,934,Blankenberge,Bruges,6,Sous-desservi
Belgique,934,Blankenberge,Bruges,10,Desserte Normale
Belgique,934,Blankenberge,Bruges,6,Sous-desservi
Belgique,935,Ans,Tirlemont,10,Desserte Normale
Belgique,936,Denderleeuw,Grammont,4,Sous-desservi
Belgique,936,Denderleeuw,Grammont,5,Sous-desservi
Belgique,937,Audenarde,Zottegem,77,Bien desservi
Belgique,937,Audenarde,Zottegem,66,Bien desservi
Belgique,937,Audenarde,Zottegem,9,Desserte Normale
Belgique,937,Audenarde,Zottegem,9,Desserte Normale
Belgique,938,Diest,Hasselt,3,Sous-desservi
Belgique,938,Diest,Hasselt,3,Sous-desservi
Belgique,938,Diest,Hasselt,2,Sous-desservi
Belgique,938,Diest,Hasselt,2,Sous-desservi
Belgique,938,Diest,Hasselt,6,Sous-desservi
Belgique,938,Diest,Hasselt,7,Desserte Normale
Belgique,938,Diest,Hasselt,5,Sous-desservi
Belgique,938,Diest,Hasselt,2,Sous-desservi
Belgique,939,Aarschot,Diest,1,Sous-desservi
Belgique,939,Aarschot,Diest,4,Sous-desservi
Belgique,94,Liège-Saint-Lambert,Verviers-Central,259,Bien desservi
Belgique,94,Liège-Saint-Lambert,Verviers-Central,259,Bien desservi
Belgique,94,Liège-Saint-Lambert,Verviers-Central,259,Bien desservi
Belgique,940,Braine-le-Comte,Saint-Ghislain,4,Sous-desservi
Belgique,940,Braine-le-Comte,Saint-Ghislain,4,Sous-desservi
Belgique,940,Braine-le-Comte,Saint-Ghislain,5,Sous-desservi
Belgique,940,Braine-le-Comte,Saint-Ghislain,5,Sous-desservi
Belgique,941,Braine-le-Comte,Mons,16,Desserte Normale
Belgique,941,Braine-le-Comte,Mons,12,Desserte Normale
Belgique,941,Braine-le-Comte,Mons,13,Desserte Normale
Belgique,941,Braine-le-Comte,Mons,15,Desserte Normale
Belgique,941,Braine-le-Comte,Mons,12,Desserte Normale
Belgique,941,Braine-le-Comte,Mons,15,Desserte Normale
Belgique,942,Hal,Mons,12,Desserte Normale
Belgique,942,Hal,Mons,9,Desserte Normale
Belgique,943,Bruxelles-Midi,Nivelles,148,Bien desservi
Belgique,943,Bruxelles-Midi,Nivelles,448,Bien desservi
Belgique,943,Bruxelles-Midi,Nivelles,247,Bien desservi
Belgique,943,Bruxelles-Midi,Nivelles,248,Bien desservi
Belgique,943,Bruxelles-Midi,Nivelles,248,Bien desservi
Belgique,944,Anvers-Central,Saint-Nicolas,3,Sous-desservi
Belgique,945,Grammont,Zottegem,4,Sous-desservi
Belgique,945,Grammont,Zottegem,66,Bien desservi
Belgique,945,Grammont,Zottegem,5,Sous-desservi
Belgique,945,Grammont,Zottegem,3,Sous-desservi
Belgique,946,Enghien,Hal,105,Bien desservi
Belgique,946,Enghien,Hal,70,Bien desservi
Belgique,946,Enghien,Hal,70,Bien desservi
Belgique,946,Enghien,Hal,38,Desserte Normale
Belgique,947,Bruxelles-Midi,Enghien,74,Bien desservi
Belgique,947,Bruxelles-Midi,Enghien,37,Desserte Normale
Belgique,947,Bruxelles-Midi,Enghien,6,Sous-desservi
Belgique,947,Bruxelles-Midi,Enghien,4,Sous-desservi
Belgique,947,Bruxelles-Midi,Enghien,2,Sous-desservi
Belgique,947,Bruxelles-Midi,Enghien,1,Sous-desservi
Belgique,948,Ath,Enghien,76,Bien desservi
Belgique,949,Ath,Tournai,10,Desserte Normale
Belgique,949,Ath,Tournai,78,Bien desservi
Belgique,949,Ath,Tournai,57,Bien desservi
Belgique,949,Ath,Tournai,10,Desserte Normale
Belgique,95,Bruxelles-Midi,Ciney,2,Sous-desservi
Belgique,95,Bruxelles-Midi,Ciney,4,Sous-desservi
Belgique,95,Bruxelles-Midi,Ciney,91,Bien desservi
Belgique,95,Bruxelles-Midi,Ciney,2,Sous-desservi
Belgique,95,Bruxelles-Midi,Ciney,5,Sous-desservi
Belgique,95,Bruxelles-Midi,Ciney,5,Sous-desservi
Belgique,95,Bruxelles-Midi,Ciney,5,Sous-desservi
Belgique,95,Bruxelles-Midi,Ciney,5,Sous-desservi
Belgique,95,Bruxelles-Midi,Ciney,5,Sous-desservi
Belgique,95,Bruxelles-Midi,Ciney,5,Sous-desservi
Belgique,95,Bruxelles-Midi,Ciney,4,Sous-desservi
Belgique,95,Bruxelles-Midi,Ciney,5,Sous-desservi
Belgique,95,Bruxelles-Midi,Ciney,5,Sous-desservi
Belgique,95,Bruxelles-Midi,Ciney,63,Bien desservi
Belgique,95,Bruxelles-Midi,Ciney,53,Desserte Normale
Belgique,95,Bruxelles-Midi,Ciney,5,Sous-desservi
Belgique,95,Bruxelles-Midi,Ciney,5,Sous-desservi
Belgique,95,Bruxelles-Midi,Ciney,5,Sous-desservi
Belgique,95,Bruxelles-Midi,Ciney,5,Sous-desservi
Belgique,95,Bruxelles-Midi,Ciney,5,Sous-desservi
Belgique,95,Bruxelles-Midi,Ciney,5,Sous-desservi
Belgique,95,Bruxelles-Midi,Ciney,5,Sous-desservi
Belgique,95,Bruxelles-Midi,Ciney,5,Sous-desservi
Belgique,95,Bruxelles-Midi,Ciney,5,Sous-desservi
Belgique,95,Bruxelles-Midi,Ciney,5,Sous-desservi
Belgique,95,Bruxelles-Midi,Ciney,5,Sous-desservi
Belgique,95,Bruxelles-Midi,Ciney,4,Sous-desservi
Belgique,95,Bruxelles-Midi,Ciney,5,Sous-desservi
Belgique,95,Bruxelles-Midi,Ciney,5,Sous-desservi
Belgique,95,Bruxelles-Midi,Ciney,5,Sous-desservi
Belgique,95,Bruxelles-Midi,Ciney,5,Sous-desservi
Belgique,950,Ath,Bruxelles-Midi,2,Sous-desservi
Belgique,950,Ath,Bruxelles-Midi,1,Sous-desservi
Belgique,950,Ath,Bruxelles-Midi,5,Sous-desservi
Belgique,951,Enghien,Grammont,3,Sous-desservi
Belgique,951,Enghien,Grammont,2,Sous-desservi
Belgique,951,Enghien,Grammont,2,Sous-desservi
Belgique,951,Enghien,Grammont,1,Sous-desservi
Belgique,951,Enghien,Grammont,5,Sous-desservi
Belgique,952,Hal,Tournai,4,Sous-desservi
Belgique,952,Hal,Tournai,1,Sous-desservi
Belgique,952,Hal,Tournai,5,Sous-desservi
Belgique,953,Ath,Hal,2,Sous-desservi
Belgique,953,Ath,Hal,4,Sous-desservi
Belgique,953,Ath,Hal,5,Sous-desservi
Belgique,953,Ath,Hal,4,Sous-desservi
Belgique,953,Ath,Hal,4,Sous-desservi
Belgique,953,Ath,Hal,10,Desserte Normale
Belgique,954,Anvers-Central,Schaerbeek,1,Sous-desservi
Belgique,955,Anvers-Central,Kontich-Lint,2,Sous-desservi
Belgique,956,Anvers-Central,Bruxelles-Midi,1,Sous-desservi
Belgique,957,Bruxelles-Nord,Vilvorde,1,Sous-desservi
Belgique,958,Bruxelles-Midi,Luttre,216,Bien desservi
Belgique,958,Bruxelles-Midi,Luttre,503,Bien desservi
Belgique,958,Bruxelles-Midi,Luttre,1,Sous-desservi
Belgique,959,Alost,Jette,5,Sous-desservi
Belgique,959,Alost,Jette,5,Sous-desservi
Belgique,96,Eupen,Welkenraedt,4,Sous-desservi
Belgique,96,Eupen,Welkenraedt,7,Desserte Normale
Belgique,96,Eupen,Welkenraedt,7,Desserte Normale
Belgique,96,Eupen,Welkenraedt,7,Desserte Normale
Belgique,96,Eupen,Welkenraedt,7,Desserte Normale
Belgique,96,Eupen,Welkenraedt,7,Desserte Normale
Belgique,96,Eupen,Welkenraedt,7,Desserte Normale
Belgique,96,Eupen,Welkenraedt,7,Desserte Normale
Belgique,96,Eupen,Welkenraedt,7,Desserte Normale
Belgique,96,Eupen,Welkenraedt,7,Desserte Normale
Belgique,96,Eupen,Welkenraedt,7,Desserte Normale
Belgique,96,Eupen,Welkenraedt,7,Desserte Normale
Belgique,96,Eupen,Welkenraedt,7,Desserte Normale
Belgique,96,Eupen,Welkenraedt,7,Desserte Normale
Belgique,96,Eupen,Welkenraedt,38,Desserte Normale
Belgique,96,Eupen,Welkenraedt,7,Desserte Normale
Belgique,96,Eupen,Welkenraedt,7,Desserte Normale
Belgique,96,Eupen,Welkenraedt,5,Sous-desservi
Belgique,96,Eupen,Welkenraedt,157,Bien desservi
Belgique,96,Eupen,Welkenraedt,157,Bien desservi
Belgique,96,Eupen,Welkenraedt,157,Bien desservi
Belgique,96,Eupen,Welkenraedt,7,Desserte Normale
Belgique,96,Eupen,Welkenraedt,7,Desserte Normale
Belgique,96,Eupen,Welkenraedt,7,Desserte Normale
Belgique,96,Eupen,Welkenraedt,7,Desserte Normale
Belgique,96,Eupen,Welkenraedt,7,Desserte Normale
Belgique,96,Eupen,Welkenraedt,7,Desserte Normale
Belgique,96,Eupen,Welkenraedt,7,Desserte Normale
Belgique,96,Eupen,Welkenraedt,7,Desserte Normale
Belgique,96,Eupen,Welkenraedt,7,Desserte Normale
Belgique,96,Eupen,Welkenraedt,7,Desserte Normale
Belgique,96,Eupen,Welkenraedt,7,Desserte Normale
Belgique,96,Eupen,Welkenraedt,7,Desserte Normale
Belgique,96,Eupen,Welkenraedt,7,Desserte Normale
Belgique,96,Eupen,Welkenraedt,7,Desserte Normale
Belgique,96,Eupen,Welkenraedt,7,Desserte Normale
Belgique,96,Eupen,Welkenraedt,6,Sous-desservi
Belgique,960,Denderleeuw,Gand-Saint-Pierre,10,Desserte Normale
Belgique,961,Marloie,Namur,2,Sous-desservi
Belgique,962,Ciney,Marloie,87,Bien desservi
Belgique,962,Ciney,Marloie,62,Bien desservi
Belgique,962,Ciney,Marloie,53,Desserte Normale
Belgique,963,Ciney,Namur,71,Bien desservi
Belgique,963,Ciney,Namur,71,Bien desservi
Belgique,963,Ciney,Namur,151,Bien desservi
Belgique,963,Ciney,Namur,71,Bien desservi
Belgique,963,Ciney,Namur,5,Sous-desservi
Belgique,963,Ciney,Namur,4,Sous-desservi
Belgique,963,Ciney,Namur,5,Sous-desservi
Belgique,964,Gembloux,Ottignies,168,Bien desservi
Belgique,964,Gembloux,Ottignies,168,Bien desservi
Belgique,964,Gembloux,Ottignies,16,Desserte Normale
Belgique,965,Ciney,Luxembourg,2,Sous-desservi
Belgique,965,Ciney,Luxembourg,2,Sous-desservi
Belgique,965,Ciney,Luxembourg,1,Sous-desservi
Belgique,966,Ciney,Rochefort-Jemelle,55,Desserte Normale
Belgique,966,Ciney,Rochefort-Jemelle,32,Desserte Normale
Belgique,966,Ciney,Rochefort-Jemelle,36,Desserte Normale
Belgique,966,Ciney,Rochefort-Jemelle,35,Desserte Normale
Belgique,967,Namur,Rochefort-Jemelle,2,Sous-desservi
Belgique,967,Namur,Rochefort-Jemelle,2,Sous-desservi
Belgique,967,Namur,Rochefort-Jemelle,3,Sous-desservi
Belgique,967,Namur,Rochefort-Jemelle,2,Sous-desservi
Belgique,968,Namur,Ottignies,8,Desserte Normale
Belgique,968,Namur,Ottignies,8,Desserte Normale
Belgique,968,Namur,Ottignies,4,Sous-desservi
Belgique,968,Namur,Ottignies,4,Sous-desservi
Belgique,969,Audenarde,Courtrai,70,Bien desservi
Belgique,969,Audenarde,Courtrai,3,Sous-desservi
Belgique,969,Audenarde,Courtrai,5,Sous-desservi
Belgique,969,Audenarde,Courtrai,5,Sous-desservi
Belgique,97,Ciney,Namur,3,Sous-desservi
Belgique,970,Burst,Denderleeuw,243,Bien desservi
Belgique,970,Burst,Denderleeuw,68,Bien desservi
Belgique,970,Burst,Denderleeuw,105,Bien desservi
Belgique,971,Denderleeuw,Zottegem,1,Sous-desservi
Belgique,971,Denderleeuw,Zottegem,610,Bien desservi
Belgique,971,Denderleeuw,Zottegem,325,Bien desservi
Belgique,971,Denderleeuw,Zottegem,68,Bien desservi
Belgique,972,Audenarde,Denderleeuw,8,Desserte Normale
Belgique,972,Audenarde,Denderleeuw,10,Desserte Normale
Belgique,972,Audenarde,Denderleeuw,5,Sous-desservi
Belgique,972,Audenarde,Denderleeuw,2,Sous-desservi
Belgique,972,Audenarde,Denderleeuw,5,Sous-desservi
Belgique,973,Courtrai,Roulers,66,Bien desservi
Belgique,973,Courtrai,Roulers,99,Bien desservi
Belgique,974,Bruges,Lichtervelde,66,Bien desservi
Belgique,975,Bruxelles-Midi,Zottegem,4,Sous-desservi
Belgique,975,Bruxelles-Midi,Zottegem,5,Sous-desservi
Belgique,976,Boom,Puurs,325,Bien desservi
Belgique,977,Liège-Saint-Lambert,Statte,5,Sous-desservi
Belgique,978,Liège-Guillemins,Statte,17,Desserte Normale
Belgique,978,Liège-Guillemins,Statte,3,Sous-desservi
Belgique,978,Liège-Guillemins,Statte,5,Sous-desservi
Belgique,979,Huy,Namur,104,Bien desservi
Belgique,979,Huy,Namur,5,Sous-desservi
Belgique,98,Gedinne,Libramont,30,Desserte Normale
Belgique,980,Aarschot,Langdorp,222,Bien desservi
Belgique,981,Hasselt,Schulen,2,Sous-desservi
Belgique,981,Hasselt,Schulen,4,Sous-desservi
Belgique,981,Hasselt,Schulen,5,Sous-desservi
Belgique,981,Hasselt,Schulen,5,Sous-desservi
Belgique,981,Hasselt,Schulen,5,Sous-desservi
Belgique,981,Hasselt,Schulen,1,Sous-desservi
Belgique,981,Hasselt,Schulen,4,Sous-desservi
Belgique,982,Gendron-Celles,Yvoir,82,Bien desservi
Belgique,982,Gendron-Celles,Yvoir,32,Desserte Normale
Belgique,982,Gendron-Celles,Yvoir,48,Desserte Normale
Belgique,982,Gendron-Celles,Yvoir,32,Desserte Normale
Belgique,983,Dinant,Namur,57,Bien desservi
Belgique,983,Dinant,Namur,68,Bien desservi
Belgique,984,Dinant,Yvoir,91,Bien desservi
Belgique,984,Dinant,Yvoir,38,Desserte Normale
Belgique,984,Dinant,Yvoir,57,Bien desservi
Belgique,984,Dinant,Yvoir,38,Desserte Normale
Belgique,985,Gembloux,Namur,100,Bien desservi
Belgique,985,Gembloux,Namur,100,Bien desservi
Belgique,985,Gembloux,Namur,100,Bien desservi
Belgique,986,Anvers-Central,Roosendaal,2,Sous-desservi
Belgique,987,Anvers-Central,Essen,2,Sous-desservi
Belgique,988,Kapellen,Roosendaal,64,Bien desservi
Belgique,989,Anvers-Noorderdokken,Essen,4,Sous-desservi
Belgique,989,Anvers-Noorderdokken,Essen,74,Bien desservi
Belgique,99,Liers,Namur,1,Sous-desservi
Belgique,99,Liers,Namur,1,Sous-desservi
Belgique,99,Liers,Namur,6,Sous-desservi
Belgique,99,Liers,Namur,68,Bien desservi
Belgique,99,Liers,Namur,38,Desserte Normale
Belgique,99,Liers,Namur,4,Sous-desservi
Belgique,99,Liers,Namur,4,Sous-desservi
Belgique,99,Liers,Namur,4,Sous-desservi
Belgique,99,Liers,Namur,4,Sous-desservi
Belgique,99,Liers,Namur,4,Sous-desservi
Belgique,99,Liers,Namur,4,Sous-desservi
Belgique,99,Liers,Namur,6,Sous-desservi
Belgique,99,Liers,Namur,4,Sous-desservi
Belgique,99,Liers,Namur,20,Desserte Normale
Belgique,99,Liers,Namur,4,Sous-desservi
Belgique,99,Liers,Namur,4,Sous-desservi
Belgique,99,Liers,Namur,4,Sous-desservi
Belgique,99,Liers,Namur,4,Sous-desservi
Belgique,99,Liers,Namur,4,Sous-desservi
Belgique,99,Liers,Namur,4,Sous-desservi
Belgique,99,Liers,Namur,4,Sous-desservi
Belgique,99,Liers,Namur,4,Sous-desservi
Belgique,99,Liers,Namur,4,Sous-desservi
Belgique,99,Liers,Namur,4,Sous-desservi
Belgique,99,Liers,Namur,4,Sous-desservi
Belgique,99,Liers,Namur,4,Sous-desservi
Belgique,99,Liers,Namur,6,Sous-desservi
Belgique,99,Liers,Namur,4,Sous-desservi
Belgique,99,Liers,Namur,4,Sous-desservi
Belgique,99,Liers,Namur,4,Sous-desservi
Belgique,99,Liers,Namur,2,Sous-desservi
Belgique,990,Anvers-Berchem,Puurs,70,Bien desservi
Belgique,990,Anvers-Berchem,Puurs,105,Bien desservi
Belgique,990,Anvers-Berchem,Puurs,2,Sous-desservi
Belgique,990,Anvers-Berchem,Puurs,70,Bien desservi
Belgique,990,Anvers-Berchem,Puurs,2,Sous-desservi
Belgique,991,Anvers-Sud,Puurs,68,Bien desservi
Belgique,991,Anvers-Sud,Puurs,68,Bien desservi
Belgique,992,Anvers-Central,Puurs,2,Sous-desservi
Belgique,992,Anvers-Central,Puurs,3,Sous-desservi
Belgique,992,Anvers-Central,Puurs,2,Sous-desservi
Belgique,992,Anvers-Central,Puurs,2,Sous-desservi
Belgique,992,Anvers-Central,Puurs,2,Sous-desservi
Belgique,993,Essen,Kapellen,4,Sous-desservi
Belgique,994,Anvers-Noorderdokken,Roosendaal,2,Sous-desservi
Belgique,995,Aarschot,Begijnendijk,72,Bien desservi
Belgique,995,Aarschot,Begijnendijk,225,Bien desservi
Belgique,996,Aarschot,Hasselt,2,Sous-desservi
Belgique,997,Malines,Willebroek,68,Bien desservi
Belgique,998,Puurs,Saint-Nicolas,1,Sous-desservi
Belgique,998,Puurs,Saint-Nicolas,68,Bien desservi
Belgique,998,Puurs,Saint-Nicolas,102,Bien desservi
Belgique,998,Puurs,Saint-Nicolas,68,Bien desservi
Belgique,998,Puurs,Saint-Nicolas,68,Bien desservi
Belgique,998,Puurs,Saint-Nicolas,68,Bien desservi
Belgique,999,Malines,Puurs,68,Bien desservi
Belgique,999,Malines,Puurs,68,Bien desservi
Belgique,999,Malines,Puurs,68,Bien desservi
