service_id,monday,tuesday,wednesday,thursday,friday,saturday,sunday,start_date,end_date
000001,0,0,0,0,0,0,0,20260402,20261212
000002,0,0,0,0,0,0,0,20260402,20261212
000003,0,0,0,0,0,0,0,20260402,20261212
000004,0,0,0,0,0,0,0,20260402,20261212
000005,0,0,0,0,0,0,0,20260402,20261212
000006,0,0,0,0,0,0,0,20260402,20261212
000007,0,0,0,0,0,0,0,20260402,20261212
000008,0,0,0,0,0,0,0,20260402,20261212
000009,0,0,0,0,0,0,0,20260402,20261212
000010,0,0,0,0,0,0,0,20260402,20261212
000011,0,0,0,0,0,0,0,20260402,20261212
000012,0,0,0,0,0,0,0,20260402,20261212
000013,0,0,0,0,0,0,0,20260402,20261212
000014,0,0,0,0,0,0,0,20260402,20261212
000015,0,0,0,0,0,0,0,20260402,20261212
000016,0,0,0,0,0,0,0,20260402,20261212
000017,0,0,0,0,0,0,0,20260402,20261212
000018,0,0,0,0,0,0,0,20260402,20261212
000019,0,0,0,0,0,0,0,20260402,20261212
000020,0,0,0,0,0,0,0,20260402,20261212
000021,0,0,0,0,0,0,0,20260402,20261212
000022,0,0,0,0,0,0,0,20260402,20261212
000023,0,0,0,0,0,0,0,20260402,20261212
000024,0,0,0,0,0,0,0,20260402,20261212
000025,0,0,0,0,0,0,0,20260402,20261212
000026,0,0,0,0,0,0,0,20260402,20261212
000027,0,0,0,0,0,0,0,20260402,20261212
000028,0,0,0,0,0,0,0,20260402,20261212
000029,0,0,0,0,0,0,0,20260402,20261212
000030,0,0,0,0,0,0,0,20260402,20261212
000031,0,0,0,0,0,0,0,20260402,20261212
000032,0,0,0,0,0,0,0,20260402,20261212
000033,0,0,0,0,0,0,0,20260402,20261212
000034,0,0,0,0,0,0,0,20260402,20261212
000035,0,0,0,0,0,0,0,20260402,20261212
000036,0,0,0,0,0,0,0,20260402,20261212
000037,0,0,0,0,0,0,0,20260402,20261212
000038,0,0,0,0,0,0,0,20260402,20261212
000039,0,0,0,0,0,0,0,20260402,20261212
000040,0,0,0,0,0,0,0,20260402,20261212
000041,0,0,0,0,0,0,0,20260402,20261212
000042,0,0,0,0,0,0,0,20260402,20261212
000043,0,0,0,0,0,0,0,20260402,20261212
000044,0,0,0,0,0,0,0,20260402,20261212
000045,0,0,0,0,0,0,0,20260402,20261212
000046,0,0,0,0,0,0,0,20260402,20261212
000047,0,0,0,0,0,0,0,20260402,20261212
000048,0,0,0,0,0,0,0,20260402,20261212
000049,0,0,0,0,0,0,0,20260402,20261212
000050,0,0,0,0,0,0,0,20260402,20261212
000051,0,0,0,0,0,0,0,20260402,20261212
000052,0,0,0,0,0,0,0,20260402,20261212
000053,0,0,0,0,0,0,0,20260402,20261212
000054,0,0,0,0,0,0,0,20260402,20261212
000055,0,0,0,0,0,0,0,20260402,20261212
000056,0,0,0,0,0,0,0,20260402,20261212
000057,0,0,0,0,0,0,0,20260402,20261212
000058,0,0,0,0,0,0,0,20260402,20261212
000059,0,0,0,0,0,0,0,20260402,20261212
000060,0,0,0,0,0,0,0,20260402,20261212
000061,0,0,0,0,0,0,0,20260402,20261212
000062,0,0,0,0,0,0,0,20260402,20261212
000063,0,0,0,0,0,0,0,20260402,20261212
000064,0,0,0,0,0,0,0,20260402,20261212
000065,0,0,0,0,0,0,0,20260402,20261212
000066,0,0,0,0,0,0,0,20260402,20261212
000067,0,0,0,0,0,0,0,20260402,20261212
000068,0,0,0,0,0,0,0,20260402,20261212
000069,0,0,0,0,0,0,0,20260402,20261212
000070,0,0,0,0,0,0,0,20260402,20261212
000071,0,0,0,0,0,0,0,20260402,20261212
000072,0,0,0,0,0,0,0,20260402,20261212
000073,0,0,0,0,0,0,0,20260402,20261212
000074,0,0,0,0,0,0,0,20260402,20261212
000075,0,0,0,0,0,0,0,20260402,20261212
000076,0,0,0,0,0,0,0,20260402,20261212
000077,0,0,0,0,0,0,0,20260402,20261212
000078,0,0,0,0,0,0,0,20260402,20261212
000079,0,0,0,0,0,0,0,20260402,20261212
000080,0,0,0,0,0,0,0,20260402,20261212
000081,0,0,0,0,0,0,0,20260402,20261212
000082,0,0,0,0,0,0,0,20260402,20261212
000083,0,0,0,0,0,0,0,20260402,20261212
000084,0,0,0,0,0,0,0,20260402,20261212
000085,0,0,0,0,0,0,0,20260402,20261212
000086,0,0,0,0,0,0,0,20260402,20261212
000087,0,0,0,0,0,0,0,20260402,20261212
000088,0,0,0,0,0,0,0,20260402,20261212
000089,0,0,0,0,0,0,0,20260402,20261212
000090,0,0,0,0,0,0,0,20260402,20261212
000091,0,0,0,0,0,0,0,20260402,20261212
000092,0,0,0,0,0,0,0,20260402,20261212
000093,0,0,0,0,0,0,0,20260402,20261212
000094,0,0,0,0,0,0,0,20260402,20261212
000095,0,0,0,0,0,0,0,20260402,20261212
000096,0,0,0,0,0,0,0,20260402,20261212
000097,0,0,0,0,0,0,0,20260402,20261212
000098,0,0,0,0,0,0,0,20260402,20261212
000099,0,0,0,0,0,0,0,20260402,20261212
000100,0,0,0,0,0,0,0,20260402,20261212
000101,0,0,0,0,0,0,0,20260402,20261212
000102,0,0,0,0,0,0,0,20260402,20261212
000103,0,0,0,0,0,0,0,20260402,20261212
000104,0,0,0,0,0,0,0,20260402,20261212
000105,0,0,0,0,0,0,0,20260402,20261212
000106,0,0,0,0,0,0,0,20260402,20261212
000107,0,0,0,0,0,0,0,20260402,20261212
000108,0,0,0,0,0,0,0,20260402,20261212
000109,0,0,0,0,0,0,0,20260402,20261212
000110,0,0,0,0,0,0,0,20260402,20261212
000111,0,0,0,0,0,0,0,20260402,20261212
000112,0,0,0,0,0,0,0,20260402,20261212
000113,0,0,0,0,0,0,0,20260402,20261212
000114,0,0,0,0,0,0,0,20260402,20261212
000115,0,0,0,0,0,0,0,20260402,20261212
000116,0,0,0,0,0,0,0,20260402,20261212
000117,0,0,0,0,0,0,0,20260402,20261212
000118,0,0,0,0,0,0,0,20260402,20261212
000119,0,0,0,0,0,0,0,20260402,20261212
000120,0,0,0,0,0,0,0,20260402,20261212
000121,0,0,0,0,0,0,0,20260402,20261212
000122,0,0,0,0,0,0,0,20260402,20261212
000123,0,0,0,0,0,0,0,20260402,20261212
000124,0,0,0,0,0,0,0,20260402,20261212
000125,0,0,0,0,0,0,0,20260402,20261212
000126,0,0,0,0,0,0,0,20260402,20261212
000127,0,0,0,0,0,0,0,20260402,20261212
000128,0,0,0,0,0,0,0,20260402,20261212
000129,0,0,0,0,0,0,0,20260402,20261212
000130,0,0,0,0,0,0,0,20260402,20261212
000131,0,0,0,0,0,0,0,20260402,20261212
000132,0,0,0,0,0,0,0,20260402,20261212
000133,0,0,0,0,0,0,0,20260402,20261212
000134,0,0,0,0,0,0,0,20260402,20261212
000135,0,0,0,0,0,0,0,20260402,20261212
000136,0,0,0,0,0,0,0,20260402,20261212
000137,0,0,0,0,0,0,0,20260402,20261212
000138,0,0,0,0,0,0,0,20260402,20261212
000139,0,0,0,0,0,0,0,20260402,20261212
000140,0,0,0,0,0,0,0,20260402,20261212
000141,0,0,0,0,0,0,0,20260402,20261212
000142,0,0,0,0,0,0,0,20260402,20261212
000143,0,0,0,0,0,0,0,20260402,20261212
000144,0,0,0,0,0,0,0,20260402,20261212
000145,0,0,0,0,0,0,0,20260402,20261212
000146,0,0,0,0,0,0,0,20260402,20261212
000147,0,0,0,0,0,0,0,20260402,20261212
000148,0,0,0,0,0,0,0,20260402,20261212
000149,0,0,0,0,0,0,0,20260402,20261212
000150,0,0,0,0,0,0,0,20260402,20261212
000151,0,0,0,0,0,0,0,20260402,20261212
000152,0,0,0,0,0,0,0,20260402,20261212
000153,0,0,0,0,0,0,0,20260402,20261212
000154,0,0,0,0,0,0,0,20260402,20261212
000155,0,0,0,0,0,0,0,20260402,20261212
000156,0,0,0,0,0,0,0,20260402,20261212
000157,0,0,0,0,0,0,0,20260402,20261212
000158,0,0,0,0,0,0,0,20260402,20261212
000159,0,0,0,0,0,0,0,20260402,20261212
000160,0,0,0,0,0,0,0,20260402,20261212
000161,0,0,0,0,0,0,0,20260402,20261212
000162,0,0,0,0,0,0,0,20260402,20261212
000163,0,0,0,0,0,0,0,20260402,20261212
000164,0,0,0,0,0,0,0,20260402,20261212
000165,0,0,0,0,0,0,0,20260402,20261212
000166,0,0,0,0,0,0,0,20260402,20261212
000167,0,0,0,0,0,0,0,20260402,20261212
000168,0,0,0,0,0,0,0,20260402,20261212
000169,0,0,0,0,0,0,0,20260402,20261212
000170,0,0,0,0,0,0,0,20260402,20261212
000171,0,0,0,0,0,0,0,20260402,20261212
000172,0,0,0,0,0,0,0,20260402,20261212
000173,0,0,0,0,0,0,0,20260402,20261212
000174,0,0,0,0,0,0,0,20260402,20261212
000175,0,0,0,0,0,0,0,20260402,20261212
000176,0,0,0,0,0,0,0,20260402,20261212
000177,0,0,0,0,0,0,0,20260402,20261212
000178,0,0,0,0,0,0,0,20260402,20261212
000179,0,0,0,0,0,0,0,20260402,20261212
000180,0,0,0,0,0,0,0,20260402,20261212
000181,0,0,0,0,0,0,0,20260402,20261212
000182,0,0,0,0,0,0,0,20260402,20261212
000183,0,0,0,0,0,0,0,20260402,20261212
000184,0,0,0,0,0,0,0,20260402,20261212
000185,0,0,0,0,0,0,0,20260402,20261212
000186,0,0,0,0,0,0,0,20260402,20261212
000187,0,0,0,0,0,0,0,20260402,20261212
000188,0,0,0,0,0,0,0,20260402,20261212
000189,0,0,0,0,0,0,0,20260402,20261212
000190,0,0,0,0,0,0,0,20260402,20261212
000191,0,0,0,0,0,0,0,20260402,20261212
000192,0,0,0,0,0,0,0,20260402,20261212
000193,0,0,0,0,0,0,0,20260402,20261212
000194,0,0,0,0,0,0,0,20260402,20261212
000195,0,0,0,0,0,0,0,20260402,20261212
000196,0,0,0,0,0,0,0,20260402,20261212
000197,0,0,0,0,0,0,0,20260402,20261212
000198,0,0,0,0,0,0,0,20260402,20261212
000199,0,0,0,0,0,0,0,20260402,20261212
000200,0,0,0,0,0,0,0,20260402,20261212
000201,0,0,0,0,0,0,0,20260402,20261212
000202,0,0,0,0,0,0,0,20260402,20261212
000203,0,0,0,0,0,0,0,20260402,20261212
000204,0,0,0,0,0,0,0,20260402,20261212
000205,0,0,0,0,0,0,0,20260402,20261212
000206,0,0,0,0,0,0,0,20260402,20261212
000207,0,0,0,0,0,0,0,20260402,20261212
000208,0,0,0,0,0,0,0,20260402,20261212
000209,0,0,0,0,0,0,0,20260402,20261212
000210,0,0,0,0,0,0,0,20260402,20261212
000211,0,0,0,0,0,0,0,20260402,20261212
000212,0,0,0,0,0,0,0,20260402,20261212
000213,0,0,0,0,0,0,0,20260402,20261212
000214,0,0,0,0,0,0,0,20260402,20261212
000215,0,0,0,0,0,0,0,20260402,20261212
000216,0,0,0,0,0,0,0,20260402,20261212
000217,0,0,0,0,0,0,0,20260402,20261212
000218,0,0,0,0,0,0,0,20260402,20261212
000219,0,0,0,0,0,0,0,20260402,20261212
000220,0,0,0,0,0,0,0,20260402,20261212
000221,0,0,0,0,0,0,0,20260402,20261212
000222,0,0,0,0,0,0,0,20260402,20261212
000223,0,0,0,0,0,0,0,20260402,20261212
000224,0,0,0,0,0,0,0,20260402,20261212
000225,0,0,0,0,0,0,0,20260402,20261212
000226,0,0,0,0,0,0,0,20260402,20261212
000227,0,0,0,0,0,0,0,20260402,20261212
000228,0,0,0,0,0,0,0,20260402,20261212
000229,0,0,0,0,0,0,0,20260402,20261212
000230,0,0,0,0,0,0,0,20260402,20261212
000231,0,0,0,0,0,0,0,20260402,20261212
000232,0,0,0,0,0,0,0,20260402,20261212
000233,0,0,0,0,0,0,0,20260402,20261212
000234,0,0,0,0,0,0,0,20260402,20261212
000235,0,0,0,0,0,0,0,20260402,20261212
000236,0,0,0,0,0,0,0,20260402,20261212
000237,0,0,0,0,0,0,0,20260402,20261212
000238,0,0,0,0,0,0,0,20260402,20261212
000239,0,0,0,0,0,0,0,20260402,20261212
000240,0,0,0,0,0,0,0,20260402,20261212
000241,0,0,0,0,0,0,0,20260402,20261212
000242,0,0,0,0,0,0,0,20260402,20261212
000243,0,0,0,0,0,0,0,20260402,20261212
000244,0,0,0,0,0,0,0,20260402,20261212
000245,0,0,0,0,0,0,0,20260402,20261212
000246,0,0,0,0,0,0,0,20260402,20261212
000247,0,0,0,0,0,0,0,20260402,20261212
000248,0,0,0,0,0,0,0,20260402,20261212
000249,0,0,0,0,0,0,0,20260402,20261212
000250,0,0,0,0,0,0,0,20260402,20261212
000251,0,0,0,0,0,0,0,20260402,20261212
000252,0,0,0,0,0,0,0,20260402,20261212
000253,0,0,0,0,0,0,0,20260402,20261212
000254,0,0,0,0,0,0,0,20260402,20261212
000255,0,0,0,0,0,0,0,20260402,20261212
000256,0,0,0,0,0,0,0,20260402,20261212
000257,0,0,0,0,0,0,0,20260402,20261212
000258,0,0,0,0,0,0,0,20260402,20261212
000259,0,0,0,0,0,0,0,20260402,20261212
000260,0,0,0,0,0,0,0,20260402,20261212
000261,0,0,0,0,0,0,0,20260402,20261212
000262,0,0,0,0,0,0,0,20260402,20261212
000263,0,0,0,0,0,0,0,20260402,20261212
000264,0,0,0,0,0,0,0,20260402,20261212
000265,0,0,0,0,0,0,0,20260402,20261212
000266,0,0,0,0,0,0,0,20260402,20261212
000267,0,0,0,0,0,0,0,20260402,20261212
000268,0,0,0,0,0,0,0,20260402,20261212
000269,0,0,0,0,0,0,0,20260402,20261212
000270,0,0,0,0,0,0,0,20260402,20261212
000271,0,0,0,0,0,0,0,20260402,20261212
000272,0,0,0,0,0,0,0,20260402,20261212
000273,0,0,0,0,0,0,0,20260402,20261212
000274,0,0,0,0,0,0,0,20260402,20261212
000275,0,0,0,0,0,0,0,20260402,20261212
000276,0,0,0,0,0,0,0,20260402,20261212
000277,0,0,0,0,0,0,0,20260402,20261212
000278,0,0,0,0,0,0,0,20260402,20261212
000279,0,0,0,0,0,0,0,20260402,20261212
000280,0,0,0,0,0,0,0,20260402,20261212
000281,0,0,0,0,0,0,0,20260402,20261212
000282,0,0,0,0,0,0,0,20260402,20261212
000283,0,0,0,0,0,0,0,20260402,20261212
000284,0,0,0,0,0,0,0,20260402,20261212
000285,0,0,0,0,0,0,0,20260402,20261212
000286,0,0,0,0,0,0,0,20260402,20261212
000287,0,0,0,0,0,0,0,20260402,20261212
000288,0,0,0,0,0,0,0,20260402,20261212
000289,0,0,0,0,0,0,0,20260402,20261212
000290,0,0,0,0,0,0,0,20260402,20261212
000291,0,0,0,0,0,0,0,20260402,20261212
000292,0,0,0,0,0,0,0,20260402,20261212
000293,0,0,0,0,0,0,0,20260402,20261212
000294,0,0,0,0,0,0,0,20260402,20261212
000295,0,0,0,0,0,0,0,20260402,20261212
000296,0,0,0,0,0,0,0,20260402,20261212
000297,0,0,0,0,0,0,0,20260402,20261212
000298,0,0,0,0,0,0,0,20260402,20261212
000299,0,0,0,0,0,0,0,20260402,20261212
000300,0,0,0,0,0,0,0,20260402,20261212
000301,0,0,0,0,0,0,0,20260402,20261212
000302,0,0,0,0,0,0,0,20260402,20261212
000303,0,0,0,0,0,0,0,20260402,20261212
000304,0,0,0,0,0,0,0,20260402,20261212
000305,0,0,0,0,0,0,0,20260402,20261212
000306,0,0,0,0,0,0,0,20260402,20261212
000307,0,0,0,0,0,0,0,20260402,20261212
000308,0,0,0,0,0,0,0,20260402,20261212
000309,0,0,0,0,0,0,0,20260402,20261212
000310,0,0,0,0,0,0,0,20260402,20261212
000311,0,0,0,0,0,0,0,20260402,20261212
000312,0,0,0,0,0,0,0,20260402,20261212
000313,0,0,0,0,0,0,0,20260402,20261212
000314,0,0,0,0,0,0,0,20260402,20261212
000315,0,0,0,0,0,0,0,20260402,20261212
000316,0,0,0,0,0,0,0,20260402,20261212
000317,0,0,0,0,0,0,0,20260402,20261212
000318,0,0,0,0,0,0,0,20260402,20261212
000319,0,0,0,0,0,0,0,20260402,20261212
000320,0,0,0,0,0,0,0,20260402,20261212
000321,0,0,0,0,0,0,0,20260402,20261212
000322,0,0,0,0,0,0,0,20260402,20261212
000323,0,0,0,0,0,0,0,20260402,20261212
000324,0,0,0,0,0,0,0,20260402,20261212
000325,0,0,0,0,0,0,0,20260402,20261212
000326,0,0,0,0,0,0,0,20260402,20261212
000327,0,0,0,0,0,0,0,20260402,20261212
000328,0,0,0,0,0,0,0,20260402,20261212
000329,0,0,0,0,0,0,0,20260402,20261212
000330,0,0,0,0,0,0,0,20260402,20261212
000331,0,0,0,0,0,0,0,20260402,20261212
000332,0,0,0,0,0,0,0,20260402,20261212
000333,0,0,0,0,0,0,0,20260402,20261212
000334,0,0,0,0,0,0,0,20260402,20261212
000335,0,0,0,0,0,0,0,20260402,20261212
000336,0,0,0,0,0,0,0,20260402,20261212
000337,0,0,0,0,0,0,0,20260402,20261212
000338,0,0,0,0,0,0,0,20260402,20261212
000339,0,0,0,0,0,0,0,20260402,20261212
000340,0,0,0,0,0,0,0,20260402,20261212
000341,0,0,0,0,0,0,0,20260402,20261212
000342,0,0,0,0,0,0,0,20260402,20261212
000343,0,0,0,0,0,0,0,20260402,20261212
000344,0,0,0,0,0,0,0,20260402,20261212
000345,0,0,0,0,0,0,0,20260402,20261212
000346,0,0,0,0,0,0,0,20260402,20261212
000347,0,0,0,0,0,0,0,20260402,20261212
000348,0,0,0,0,0,0,0,20260402,20261212
000349,0,0,0,0,0,0,0,20260402,20261212
000350,0,0,0,0,0,0,0,20260402,20261212
000351,0,0,0,0,0,0,0,20260402,20261212
000352,0,0,0,0,0,0,0,20260402,20261212
000353,0,0,0,0,0,0,0,20260402,20261212
000354,0,0,0,0,0,0,0,20260402,20261212
000355,0,0,0,0,0,0,0,20260402,20261212
000356,0,0,0,0,0,0,0,20260402,20261212
000357,0,0,0,0,0,0,0,20260402,20261212
000358,0,0,0,0,0,0,0,20260402,20261212
000359,0,0,0,0,0,0,0,20260402,20261212
000360,0,0,0,0,0,0,0,20260402,20261212
000361,0,0,0,0,0,0,0,20260402,20261212
000362,0,0,0,0,0,0,0,20260402,20261212
000363,0,0,0,0,0,0,0,20260402,20261212
000364,0,0,0,0,0,0,0,20260402,20261212
000365,0,0,0,0,0,0,0,20260402,20261212
000366,0,0,0,0,0,0,0,20260402,20261212
000367,0,0,0,0,0,0,0,20260402,20261212
000368,0,0,0,0,0,0,0,20260402,20261212
000369,0,0,0,0,0,0,0,20260402,20261212
000370,0,0,0,0,0,0,0,20260402,20261212
000371,0,0,0,0,0,0,0,20260402,20261212
000372,0,0,0,0,0,0,0,20260402,20261212
000373,0,0,0,0,0,0,0,20260402,20261212
000374,0,0,0,0,0,0,0,20260402,20261212
000375,0,0,0,0,0,0,0,20260402,20261212
000376,0,0,0,0,0,0,0,20260402,20261212
000377,0,0,0,0,0,0,0,20260402,20261212
000378,0,0,0,0,0,0,0,20260402,20261212
000379,0,0,0,0,0,0,0,20260402,20261212
000380,0,0,0,0,0,0,0,20260402,20261212
000381,0,0,0,0,0,0,0,20260402,20261212
000382,0,0,0,0,0,0,0,20260402,20261212
000383,0,0,0,0,0,0,0,20260402,20261212
000384,0,0,0,0,0,0,0,20260402,20261212
000385,0,0,0,0,0,0,0,20260402,20261212
000386,0,0,0,0,0,0,0,20260402,20261212
000387,0,0,0,0,0,0,0,20260402,20261212
000388,0,0,0,0,0,0,0,20260402,20261212
000389,0,0,0,0,0,0,0,20260402,20261212
000390,0,0,0,0,0,0,0,20260402,20261212
000391,0,0,0,0,0,0,0,20260402,20261212
000392,0,0,0,0,0,0,0,20260402,20261212
000393,0,0,0,0,0,0,0,20260402,20261212
000394,0,0,0,0,0,0,0,20260402,20261212
000395,0,0,0,0,0,0,0,20260402,20261212
000396,0,0,0,0,0,0,0,20260402,20261212
000397,0,0,0,0,0,0,0,20260402,20261212
000398,0,0,0,0,0,0,0,20260402,20261212
000399,0,0,0,0,0,0,0,20260402,20261212
000400,0,0,0,0,0,0,0,20260402,20261212
000401,0,0,0,0,0,0,0,20260402,20261212
000402,0,0,0,0,0,0,0,20260402,20261212
000403,0,0,0,0,0,0,0,20260402,20261212
000404,0,0,0,0,0,0,0,20260402,20261212
000405,0,0,0,0,0,0,0,20260402,20261212
000406,0,0,0,0,0,0,0,20260402,20261212
000407,0,0,0,0,0,0,0,20260402,20261212
000408,0,0,0,0,0,0,0,20260402,20261212
000409,0,0,0,0,0,0,0,20260402,20261212
000410,0,0,0,0,0,0,0,20260402,20261212
000411,0,0,0,0,0,0,0,20260402,20261212
000412,0,0,0,0,0,0,0,20260402,20261212
000413,0,0,0,0,0,0,0,20260402,20261212
000414,0,0,0,0,0,0,0,20260402,20261212
000415,0,0,0,0,0,0,0,20260402,20261212
000416,0,0,0,0,0,0,0,20260402,20261212
000417,0,0,0,0,0,0,0,20260402,20261212
000418,0,0,0,0,0,0,0,20260402,20261212
000419,0,0,0,0,0,0,0,20260402,20261212
000420,0,0,0,0,0,0,0,20260402,20261212
000421,0,0,0,0,0,0,0,20260402,20261212
000422,0,0,0,0,0,0,0,20260402,20261212
000423,0,0,0,0,0,0,0,20260402,20261212
000424,0,0,0,0,0,0,0,20260402,20261212
000425,0,0,0,0,0,0,0,20260402,20261212
000426,0,0,0,0,0,0,0,20260402,20261212
000427,0,0,0,0,0,0,0,20260402,20261212
000428,0,0,0,0,0,0,0,20260402,20261212
000429,0,0,0,0,0,0,0,20260402,20261212
000430,0,0,0,0,0,0,0,20260402,20261212
000431,0,0,0,0,0,0,0,20260402,20261212
000432,0,0,0,0,0,0,0,20260402,20261212
000433,0,0,0,0,0,0,0,20260402,20261212
000434,0,0,0,0,0,0,0,20260402,20261212
000435,0,0,0,0,0,0,0,20260402,20261212
000436,0,0,0,0,0,0,0,20260402,20261212
000437,0,0,0,0,0,0,0,20260402,20261212
000438,0,0,0,0,0,0,0,20260402,20261212
000439,0,0,0,0,0,0,0,20260402,20261212
000440,0,0,0,0,0,0,0,20260402,20261212
000441,0,0,0,0,0,0,0,20260402,20261212
000442,0,0,0,0,0,0,0,20260402,20261212
000443,0,0,0,0,0,0,0,20260402,20261212
000444,0,0,0,0,0,0,0,20260402,20261212
000445,0,0,0,0,0,0,0,20260402,20261212
000446,0,0,0,0,0,0,0,20260402,20261212
000447,0,0,0,0,0,0,0,20260402,20261212
000448,0,0,0,0,0,0,0,20260402,20261212
000449,0,0,0,0,0,0,0,20260402,20261212
000450,0,0,0,0,0,0,0,20260402,20261212
000451,0,0,0,0,0,0,0,20260402,20261212
000452,0,0,0,0,0,0,0,20260402,20261212
000453,0,0,0,0,0,0,0,20260402,20261212
000454,0,0,0,0,0,0,0,20260402,20261212
000455,0,0,0,0,0,0,0,20260402,20261212
000456,0,0,0,0,0,0,0,20260402,20261212
000457,0,0,0,0,0,0,0,20260402,20261212
000458,0,0,0,0,0,0,0,20260402,20261212
000459,0,0,0,0,0,0,0,20260402,20261212
000460,0,0,0,0,0,0,0,20260402,20261212
000461,0,0,0,0,0,0,0,20260402,20261212
000462,0,0,0,0,0,0,0,20260402,20261212
000463,0,0,0,0,0,0,0,20260402,20261212
000464,0,0,0,0,0,0,0,20260402,20261212
000465,0,0,0,0,0,0,0,20260402,20261212
000466,0,0,0,0,0,0,0,20260402,20261212
000467,0,0,0,0,0,0,0,20260402,20261212
000468,0,0,0,0,0,0,0,20260402,20261212
000469,0,0,0,0,0,0,0,20260402,20261212
000470,0,0,0,0,0,0,0,20260402,20261212
000471,0,0,0,0,0,0,0,20260402,20261212
000472,0,0,0,0,0,0,0,20260402,20261212
000473,0,0,0,0,0,0,0,20260402,20261212
000474,0,0,0,0,0,0,0,20260402,20261212
000475,0,0,0,0,0,0,0,20260402,20261212
000476,0,0,0,0,0,0,0,20260402,20261212
000477,0,0,0,0,0,0,0,20260402,20261212
000478,0,0,0,0,0,0,0,20260402,20261212
000479,0,0,0,0,0,0,0,20260402,20261212
000480,0,0,0,0,0,0,0,20260402,20261212
000481,0,0,0,0,0,0,0,20260402,20261212
000482,0,0,0,0,0,0,0,20260402,20261212
000483,0,0,0,0,0,0,0,20260402,20261212
000484,0,0,0,0,0,0,0,20260402,20261212
000485,0,0,0,0,0,0,0,20260402,20261212
000486,0,0,0,0,0,0,0,20260402,20261212
000487,0,0,0,0,0,0,0,20260402,20261212
000488,0,0,0,0,0,0,0,20260402,20261212
000489,0,0,0,0,0,0,0,20260402,20261212
000490,0,0,0,0,0,0,0,20260402,20261212
000491,0,0,0,0,0,0,0,20260402,20261212
000492,0,0,0,0,0,0,0,20260402,20261212
000493,0,0,0,0,0,0,0,20260402,20261212
000494,0,0,0,0,0,0,0,20260402,20261212
000495,0,0,0,0,0,0,0,20260402,20261212
000496,0,0,0,0,0,0,0,20260402,20261212
000497,0,0,0,0,0,0,0,20260402,20261212
000498,0,0,0,0,0,0,0,20260402,20261212
000499,0,0,0,0,0,0,0,20260402,20261212
000500,0,0,0,0,0,0,0,20260402,20261212
000501,0,0,0,0,0,0,0,20260402,20261212
000502,0,0,0,0,0,0,0,20260402,20261212
000503,0,0,0,0,0,0,0,20260402,20261212
000504,0,0,0,0,0,0,0,20260402,20261212
000505,0,0,0,0,0,0,0,20260402,20261212
000506,0,0,0,0,0,0,0,20260402,20261212
000507,0,0,0,0,0,0,0,20260402,20261212
000508,0,0,0,0,0,0,0,20260402,20261212
000509,0,0,0,0,0,0,0,20260402,20261212
000510,0,0,0,0,0,0,0,20260402,20261212
000511,0,0,0,0,0,0,0,20260402,20261212
000512,0,0,0,0,0,0,0,20260402,20261212
000513,0,0,0,0,0,0,0,20260402,20261212
000514,0,0,0,0,0,0,0,20260402,20261212
000515,0,0,0,0,0,0,0,20260402,20261212
000516,0,0,0,0,0,0,0,20260402,20261212
000517,0,0,0,0,0,0,0,20260402,20261212
000518,0,0,0,0,0,0,0,20260402,20261212
000519,0,0,0,0,0,0,0,20260402,20261212
000520,0,0,0,0,0,0,0,20260402,20261212
000521,0,0,0,0,0,0,0,20260402,20261212
000522,0,0,0,0,0,0,0,20260402,20261212
000523,0,0,0,0,0,0,0,20260402,20261212
000524,0,0,0,0,0,0,0,20260402,20261212
000525,0,0,0,0,0,0,0,20260402,20261212
000526,0,0,0,0,0,0,0,20260402,20261212
000527,0,0,0,0,0,0,0,20260402,20261212
000528,0,0,0,0,0,0,0,20260402,20261212
000529,0,0,0,0,0,0,0,20260402,20261212
000530,0,0,0,0,0,0,0,20260402,20261212
000531,0,0,0,0,0,0,0,20260402,20261212
000532,0,0,0,0,0,0,0,20260402,20261212
000533,0,0,0,0,0,0,0,20260402,20261212
000534,0,0,0,0,0,0,0,20260402,20261212
000535,0,0,0,0,0,0,0,20260402,20261212
000536,0,0,0,0,0,0,0,20260402,20261212
000537,0,0,0,0,0,0,0,20260402,20261212
000538,0,0,0,0,0,0,0,20260402,20261212
000539,0,0,0,0,0,0,0,20260402,20261212
000540,0,0,0,0,0,0,0,20260402,20261212
000541,0,0,0,0,0,0,0,20260402,20261212
000542,0,0,0,0,0,0,0,20260402,20261212
000543,0,0,0,0,0,0,0,20260402,20261212
000544,0,0,0,0,0,0,0,20260402,20261212
000545,0,0,0,0,0,0,0,20260402,20261212
000546,0,0,0,0,0,0,0,20260402,20261212
000547,0,0,0,0,0,0,0,20260402,20261212
000548,0,0,0,0,0,0,0,20260402,20261212
000549,0,0,0,0,0,0,0,20260402,20261212
000550,0,0,0,0,0,0,0,20260402,20261212
000551,0,0,0,0,0,0,0,20260402,20261212
000552,0,0,0,0,0,0,0,20260402,20261212
000553,0,0,0,0,0,0,0,20260402,20261212
000554,0,0,0,0,0,0,0,20260402,20261212
000555,0,0,0,0,0,0,0,20260402,20261212
000556,0,0,0,0,0,0,0,20260402,20261212
000557,0,0,0,0,0,0,0,20260402,20261212
000558,0,0,0,0,0,0,0,20260402,20261212
000559,0,0,0,0,0,0,0,20260402,20261212
000560,0,0,0,0,0,0,0,20260402,20261212
000561,0,0,0,0,0,0,0,20260402,20261212
000562,0,0,0,0,0,0,0,20260402,20261212
000563,0,0,0,0,0,0,0,20260402,20261212
000564,0,0,0,0,0,0,0,20260402,20261212
000565,0,0,0,0,0,0,0,20260402,20261212
000566,0,0,0,0,0,0,0,20260402,20261212
000567,0,0,0,0,0,0,0,20260402,20261212
000568,0,0,0,0,0,0,0,20260402,20261212
000569,0,0,0,0,0,0,0,20260402,20261212
000570,0,0,0,0,0,0,0,20260402,20261212
000571,0,0,0,0,0,0,0,20260402,20261212
000572,0,0,0,0,0,0,0,20260402,20261212
000573,0,0,0,0,0,0,0,20260402,20261212
000574,0,0,0,0,0,0,0,20260402,20261212
000575,0,0,0,0,0,0,0,20260402,20261212
000576,0,0,0,0,0,0,0,20260402,20261212
000577,0,0,0,0,0,0,0,20260402,20261212
000578,0,0,0,0,0,0,0,20260402,20261212
000579,0,0,0,0,0,0,0,20260402,20261212
000580,0,0,0,0,0,0,0,20260402,20261212
000581,0,0,0,0,0,0,0,20260402,20261212
000582,0,0,0,0,0,0,0,20260402,20261212
000583,0,0,0,0,0,0,0,20260402,20261212
000584,0,0,0,0,0,0,0,20260402,20261212
000585,0,0,0,0,0,0,0,20260402,20261212
000586,0,0,0,0,0,0,0,20260402,20261212
000587,0,0,0,0,0,0,0,20260402,20261212
000588,0,0,0,0,0,0,0,20260402,20261212
000589,0,0,0,0,0,0,0,20260402,20261212
000590,0,0,0,0,0,0,0,20260402,20261212
000591,0,0,0,0,0,0,0,20260402,20261212
000592,0,0,0,0,0,0,0,20260402,20261212
000593,0,0,0,0,0,0,0,20260402,20261212
000594,0,0,0,0,0,0,0,20260402,20261212
000595,0,0,0,0,0,0,0,20260402,20261212
000596,0,0,0,0,0,0,0,20260402,20261212
000597,0,0,0,0,0,0,0,20260402,20261212
000598,0,0,0,0,0,0,0,20260402,20261212
000599,0,0,0,0,0,0,0,20260402,20261212
000600,0,0,0,0,0,0,0,20260402,20261212
000601,0,0,0,0,0,0,0,20260402,20261212
000602,0,0,0,0,0,0,0,20260402,20261212
000603,0,0,0,0,0,0,0,20260402,20261212
000604,0,0,0,0,0,0,0,20260402,20261212
000605,0,0,0,0,0,0,0,20260402,20261212
000606,0,0,0,0,0,0,0,20260402,20261212
000607,0,0,0,0,0,0,0,20260402,20261212
000608,0,0,0,0,0,0,0,20260402,20261212
000609,0,0,0,0,0,0,0,20260402,20261212
000610,0,0,0,0,0,0,0,20260402,20261212
000611,0,0,0,0,0,0,0,20260402,20261212
000612,0,0,0,0,0,0,0,20260402,20261212
000613,0,0,0,0,0,0,0,20260402,20261212
000614,0,0,0,0,0,0,0,20260402,20261212
000615,0,0,0,0,0,0,0,20260402,20261212
000616,0,0,0,0,0,0,0,20260402,20261212
000617,0,0,0,0,0,0,0,20260402,20261212
000618,0,0,0,0,0,0,0,20260402,20261212
000619,0,0,0,0,0,0,0,20260402,20261212
000620,0,0,0,0,0,0,0,20260402,20261212
000621,0,0,0,0,0,0,0,20260402,20261212
000622,0,0,0,0,0,0,0,20260402,20261212
000623,0,0,0,0,0,0,0,20260402,20261212
000624,0,0,0,0,0,0,0,20260402,20261212
000625,0,0,0,0,0,0,0,20260402,20261212
000626,0,0,0,0,0,0,0,20260402,20261212
000627,0,0,0,0,0,0,0,20260402,20261212
000628,0,0,0,0,0,0,0,20260402,20261212
000629,0,0,0,0,0,0,0,20260402,20261212
000630,0,0,0,0,0,0,0,20260402,20261212
000631,0,0,0,0,0,0,0,20260402,20261212
000632,0,0,0,0,0,0,0,20260402,20261212
000633,0,0,0,0,0,0,0,20260402,20261212
000634,0,0,0,0,0,0,0,20260402,20261212
000635,0,0,0,0,0,0,0,20260402,20261212
000636,0,0,0,0,0,0,0,20260402,20261212
000637,0,0,0,0,0,0,0,20260402,20261212
000638,0,0,0,0,0,0,0,20260402,20261212
000639,0,0,0,0,0,0,0,20260402,20261212
000640,0,0,0,0,0,0,0,20260402,20261212
000641,0,0,0,0,0,0,0,20260402,20261212
000642,0,0,0,0,0,0,0,20260402,20261212
000643,0,0,0,0,0,0,0,20260402,20261212
000644,0,0,0,0,0,0,0,20260402,20261212
000645,0,0,0,0,0,0,0,20260402,20261212
000646,0,0,0,0,0,0,0,20260402,20261212
000647,0,0,0,0,0,0,0,20260402,20261212
000648,0,0,0,0,0,0,0,20260402,20261212
000649,0,0,0,0,0,0,0,20260402,20261212
000650,0,0,0,0,0,0,0,20260402,20261212
000651,0,0,0,0,0,0,0,20260402,20261212
000652,0,0,0,0,0,0,0,20260402,20261212
000653,0,0,0,0,0,0,0,20260402,20261212
000654,0,0,0,0,0,0,0,20260402,20261212
000655,0,0,0,0,0,0,0,20260402,20261212
000656,0,0,0,0,0,0,0,20260402,20261212
000657,0,0,0,0,0,0,0,20260402,20261212
000658,0,0,0,0,0,0,0,20260402,20261212
000659,0,0,0,0,0,0,0,20260402,20261212
000660,0,0,0,0,0,0,0,20260402,20261212
000661,0,0,0,0,0,0,0,20260402,20261212
000662,0,0,0,0,0,0,0,20260402,20261212
000663,0,0,0,0,0,0,0,20260402,20261212
000664,0,0,0,0,0,0,0,20260402,20261212
000665,0,0,0,0,0,0,0,20260402,20261212
000666,0,0,0,0,0,0,0,20260402,20261212
000667,0,0,0,0,0,0,0,20260402,20261212
000668,0,0,0,0,0,0,0,20260402,20261212
000669,0,0,0,0,0,0,0,20260402,20261212
000670,0,0,0,0,0,0,0,20260402,20261212
000671,0,0,0,0,0,0,0,20260402,20261212
000672,0,0,0,0,0,0,0,20260402,20261212
000673,0,0,0,0,0,0,0,20260402,20261212
000674,0,0,0,0,0,0,0,20260402,20261212
000675,0,0,0,0,0,0,0,20260402,20261212
000676,0,0,0,0,0,0,0,20260402,20261212
000677,0,0,0,0,0,0,0,20260402,20261212
000678,0,0,0,0,0,0,0,20260402,20261212
000679,0,0,0,0,0,0,0,20260402,20261212
000680,0,0,0,0,0,0,0,20260402,20261212
000681,0,0,0,0,0,0,0,20260402,20261212
000682,0,0,0,0,0,0,0,20260402,20261212
000683,0,0,0,0,0,0,0,20260402,20261212
000684,0,0,0,0,0,0,0,20260402,20261212
000685,0,0,0,0,0,0,0,20260402,20261212
000686,0,0,0,0,0,0,0,20260402,20261212
000687,0,0,0,0,0,0,0,20260402,20261212
000688,0,0,0,0,0,0,0,20260402,20261212
000689,0,0,0,0,0,0,0,20260402,20261212
000690,0,0,0,0,0,0,0,20260402,20261212
000691,0,0,0,0,0,0,0,20260402,20261212
000692,0,0,0,0,0,0,0,20260402,20261212
000693,0,0,0,0,0,0,0,20260402,20261212
000694,0,0,0,0,0,0,0,20260402,20261212
000695,0,0,0,0,0,0,0,20260402,20261212
000696,0,0,0,0,0,0,0,20260402,20261212
000697,0,0,0,0,0,0,0,20260402,20261212
000698,0,0,0,0,0,0,0,20260402,20261212
000699,0,0,0,0,0,0,0,20260402,20261212
000700,0,0,0,0,0,0,0,20260402,20261212
000701,0,0,0,0,0,0,0,20260402,20261212
000702,0,0,0,0,0,0,0,20260402,20261212
000703,0,0,0,0,0,0,0,20260402,20261212
000704,0,0,0,0,0,0,0,20260402,20261212
000705,0,0,0,0,0,0,0,20260402,20261212
000706,0,0,0,0,0,0,0,20260402,20261212
000707,0,0,0,0,0,0,0,20260402,20261212
000708,0,0,0,0,0,0,0,20260402,20261212
000709,0,0,0,0,0,0,0,20260402,20261212
000710,0,0,0,0,0,0,0,20260402,20261212
000711,0,0,0,0,0,0,0,20260402,20261212
000712,0,0,0,0,0,0,0,20260402,20261212
000713,0,0,0,0,0,0,0,20260402,20261212
000714,0,0,0,0,0,0,0,20260402,20261212
000715,0,0,0,0,0,0,0,20260402,20261212
000716,0,0,0,0,0,0,0,20260402,20261212
000717,0,0,0,0,0,0,0,20260402,20261212
000718,0,0,0,0,0,0,0,20260402,20261212
000719,0,0,0,0,0,0,0,20260402,20261212
000720,0,0,0,0,0,0,0,20260402,20261212
000721,0,0,0,0,0,0,0,20260402,20261212
000722,0,0,0,0,0,0,0,20260402,20261212
000723,0,0,0,0,0,0,0,20260402,20261212
000724,0,0,0,0,0,0,0,20260402,20261212
000725,0,0,0,0,0,0,0,20260402,20261212
000726,0,0,0,0,0,0,0,20260402,20261212
000727,0,0,0,0,0,0,0,20260402,20261212
000728,0,0,0,0,0,0,0,20260402,20261212
000729,0,0,0,0,0,0,0,20260402,20261212
000730,0,0,0,0,0,0,0,20260402,20261212
000731,0,0,0,0,0,0,0,20260402,20261212
000732,0,0,0,0,0,0,0,20260402,20261212
000733,0,0,0,0,0,0,0,20260402,20261212
000734,0,0,0,0,0,0,0,20260402,20261212
000735,0,0,0,0,0,0,0,20260402,20261212
000736,0,0,0,0,0,0,0,20260402,20261212
000737,0,0,0,0,0,0,0,20260402,20261212
000738,0,0,0,0,0,0,0,20260402,20261212
000739,0,0,0,0,0,0,0,20260402,20261212
000740,0,0,0,0,0,0,0,20260402,20261212
000741,0,0,0,0,0,0,0,20260402,20261212
000742,0,0,0,0,0,0,0,20260402,20261212
000743,0,0,0,0,0,0,0,20260402,20261212
000744,0,0,0,0,0,0,0,20260402,20261212
000745,0,0,0,0,0,0,0,20260402,20261212
000746,0,0,0,0,0,0,0,20260402,20261212
000747,0,0,0,0,0,0,0,20260402,20261212
000748,0,0,0,0,0,0,0,20260402,20261212
000749,0,0,0,0,0,0,0,20260402,20261212
000750,0,0,0,0,0,0,0,20260402,20261212
000751,0,0,0,0,0,0,0,20260402,20261212
000752,0,0,0,0,0,0,0,20260402,20261212
000753,0,0,0,0,0,0,0,20260402,20261212
000754,0,0,0,0,0,0,0,20260402,20261212
000755,0,0,0,0,0,0,0,20260402,20261212
000756,0,0,0,0,0,0,0,20260402,20261212
000757,0,0,0,0,0,0,0,20260402,20261212
000758,0,0,0,0,0,0,0,20260402,20261212
000759,0,0,0,0,0,0,0,20260402,20261212
000760,0,0,0,0,0,0,0,20260402,20261212
000761,0,0,0,0,0,0,0,20260402,20261212
000762,0,0,0,0,0,0,0,20260402,20261212
000763,0,0,0,0,0,0,0,20260402,20261212
000764,0,0,0,0,0,0,0,20260402,20261212
000765,0,0,0,0,0,0,0,20260402,20261212
000766,0,0,0,0,0,0,0,20260402,20261212
000767,0,0,0,0,0,0,0,20260402,20261212
000768,0,0,0,0,0,0,0,20260402,20261212
000769,0,0,0,0,0,0,0,20260402,20261212
000770,0,0,0,0,0,0,0,20260402,20261212
000771,0,0,0,0,0,0,0,20260402,20261212
000772,0,0,0,0,0,0,0,20260402,20261212
000773,0,0,0,0,0,0,0,20260402,20261212
000774,0,0,0,0,0,0,0,20260402,20261212
000775,0,0,0,0,0,0,0,20260402,20261212
000776,0,0,0,0,0,0,0,20260402,20261212
000777,0,0,0,0,0,0,0,20260402,20261212
000778,0,0,0,0,0,0,0,20260402,20261212
000779,0,0,0,0,0,0,0,20260402,20261212
000780,0,0,0,0,0,0,0,20260402,20261212
000781,0,0,0,0,0,0,0,20260402,20261212
000782,0,0,0,0,0,0,0,20260402,20261212
000783,0,0,0,0,0,0,0,20260402,20261212
000784,0,0,0,0,0,0,0,20260402,20261212
000785,0,0,0,0,0,0,0,20260402,20261212
000786,0,0,0,0,0,0,0,20260402,20261212
000787,0,0,0,0,0,0,0,20260402,20261212
000788,0,0,0,0,0,0,0,20260402,20261212
000789,0,0,0,0,0,0,0,20260402,20261212
000790,0,0,0,0,0,0,0,20260402,20261212
000791,0,0,0,0,0,0,0,20260402,20261212
000792,0,0,0,0,0,0,0,20260402,20261212
000793,0,0,0,0,0,0,0,20260402,20261212
000794,0,0,0,0,0,0,0,20260402,20261212
000795,0,0,0,0,0,0,0,20260402,20261212
000796,0,0,0,0,0,0,0,20260402,20261212
000797,0,0,0,0,0,0,0,20260402,20261212
000798,0,0,0,0,0,0,0,20260402,20261212
000799,0,0,0,0,0,0,0,20260402,20261212
000800,0,0,0,0,0,0,0,20260402,20261212
000801,0,0,0,0,0,0,0,20260402,20261212
000802,0,0,0,0,0,0,0,20260402,20261212
000803,0,0,0,0,0,0,0,20260402,20261212
000804,0,0,0,0,0,0,0,20260402,20261212
000805,0,0,0,0,0,0,0,20260402,20261212
000806,0,0,0,0,0,0,0,20260402,20261212
000807,0,0,0,0,0,0,0,20260402,20261212
000808,0,0,0,0,0,0,0,20260402,20261212
000809,0,0,0,0,0,0,0,20260402,20261212
000810,0,0,0,0,0,0,0,20260402,20261212
000811,0,0,0,0,0,0,0,20260402,20261212
000812,0,0,0,0,0,0,0,20260402,20261212
000813,0,0,0,0,0,0,0,20260402,20261212
000814,0,0,0,0,0,0,0,20260402,20261212
000815,0,0,0,0,0,0,0,20260402,20261212
000816,0,0,0,0,0,0,0,20260402,20261212
000817,0,0,0,0,0,0,0,20260402,20261212
000818,0,0,0,0,0,0,0,20260402,20261212
000819,0,0,0,0,0,0,0,20260402,20261212
000820,0,0,0,0,0,0,0,20260402,20261212
000821,0,0,0,0,0,0,0,20260402,20261212
000822,0,0,0,0,0,0,0,20260402,20261212
000823,0,0,0,0,0,0,0,20260402,20261212
000824,0,0,0,0,0,0,0,20260402,20261212
000825,0,0,0,0,0,0,0,20260402,20261212
000826,0,0,0,0,0,0,0,20260402,20261212
000827,0,0,0,0,0,0,0,20260402,20261212
000828,0,0,0,0,0,0,0,20260402,20261212
000829,0,0,0,0,0,0,0,20260402,20261212
000830,0,0,0,0,0,0,0,20260402,20261212
000831,0,0,0,0,0,0,0,20260402,20261212
000832,0,0,0,0,0,0,0,20260402,20261212
000833,0,0,0,0,0,0,0,20260402,20261212
000834,0,0,0,0,0,0,0,20260402,20261212
000835,0,0,0,0,0,0,0,20260402,20261212
000836,0,0,0,0,0,0,0,20260402,20261212
000837,0,0,0,0,0,0,0,20260402,20261212
000838,0,0,0,0,0,0,0,20260402,20261212
000839,0,0,0,0,0,0,0,20260402,20261212
000840,0,0,0,0,0,0,0,20260402,20261212
000841,0,0,0,0,0,0,0,20260402,20261212
000842,0,0,0,0,0,0,0,20260402,20261212
000843,0,0,0,0,0,0,0,20260402,20261212
000844,0,0,0,0,0,0,0,20260402,20261212
000845,0,0,0,0,0,0,0,20260402,20261212
000846,0,0,0,0,0,0,0,20260402,20261212
000847,0,0,0,0,0,0,0,20260402,20261212
000848,0,0,0,0,0,0,0,20260402,20261212
000849,0,0,0,0,0,0,0,20260402,20261212
000850,0,0,0,0,0,0,0,20260402,20261212
000851,0,0,0,0,0,0,0,20260402,20261212
000852,0,0,0,0,0,0,0,20260402,20261212
000853,0,0,0,0,0,0,0,20260402,20261212
000854,0,0,0,0,0,0,0,20260402,20261212
000855,0,0,0,0,0,0,0,20260402,20261212
000856,0,0,0,0,0,0,0,20260402,20261212
000857,0,0,0,0,0,0,0,20260402,20261212
000858,0,0,0,0,0,0,0,20260402,20261212
000859,0,0,0,0,0,0,0,20260402,20261212
000860,0,0,0,0,0,0,0,20260402,20261212
000861,0,0,0,0,0,0,0,20260402,20261212
000862,0,0,0,0,0,0,0,20260402,20261212
000863,0,0,0,0,0,0,0,20260402,20261212
000864,0,0,0,0,0,0,0,20260402,20261212
000865,0,0,0,0,0,0,0,20260402,20261212
000866,0,0,0,0,0,0,0,20260402,20261212
000867,0,0,0,0,0,0,0,20260402,20261212
000868,0,0,0,0,0,0,0,20260402,20261212
000869,0,0,0,0,0,0,0,20260402,20261212
000870,0,0,0,0,0,0,0,20260402,20261212
000871,0,0,0,0,0,0,0,20260402,20261212
000872,0,0,0,0,0,0,0,20260402,20261212
000873,0,0,0,0,0,0,0,20260402,20261212
000874,0,0,0,0,0,0,0,20260402,20261212
000875,0,0,0,0,0,0,0,20260402,20261212
000876,0,0,0,0,0,0,0,20260402,20261212
000877,0,0,0,0,0,0,0,20260402,20261212
000878,0,0,0,0,0,0,0,20260402,20261212
000879,0,0,0,0,0,0,0,20260402,20261212
000880,0,0,0,0,0,0,0,20260402,20261212
000881,0,0,0,0,0,0,0,20260402,20261212
000882,0,0,0,0,0,0,0,20260402,20261212
000883,0,0,0,0,0,0,0,20260402,20261212
000884,0,0,0,0,0,0,0,20260402,20261212
000885,0,0,0,0,0,0,0,20260402,20261212
000886,0,0,0,0,0,0,0,20260402,20261212
000887,0,0,0,0,0,0,0,20260402,20261212
000888,0,0,0,0,0,0,0,20260402,20261212
000889,0,0,0,0,0,0,0,20260402,20261212
000890,0,0,0,0,0,0,0,20260402,20261212
000891,0,0,0,0,0,0,0,20260402,20261212
000892,0,0,0,0,0,0,0,20260402,20261212
000893,0,0,0,0,0,0,0,20260402,20261212
000894,0,0,0,0,0,0,0,20260402,20261212
000895,0,0,0,0,0,0,0,20260402,20261212
000896,0,0,0,0,0,0,0,20260402,20261212
000897,0,0,0,0,0,0,0,20260402,20261212
000898,0,0,0,0,0,0,0,20260402,20261212
000899,0,0,0,0,0,0,0,20260402,20261212
000900,0,0,0,0,0,0,0,20260402,20261212
000901,0,0,0,0,0,0,0,20260402,20261212
000902,0,0,0,0,0,0,0,20260402,20261212
000903,0,0,0,0,0,0,0,20260402,20261212
000904,0,0,0,0,0,0,0,20260402,20261212
000905,0,0,0,0,0,0,0,20260402,20261212
000906,0,0,0,0,0,0,0,20260402,20261212
000907,0,0,0,0,0,0,0,20260402,20261212
000908,0,0,0,0,0,0,0,20260402,20261212
000909,0,0,0,0,0,0,0,20260402,20261212
000910,0,0,0,0,0,0,0,20260402,20261212
000911,0,0,0,0,0,0,0,20260402,20261212
000912,0,0,0,0,0,0,0,20260402,20261212
000913,0,0,0,0,0,0,0,20260402,20261212
000914,0,0,0,0,0,0,0,20260402,20261212
000915,0,0,0,0,0,0,0,20260402,20261212
000916,0,0,0,0,0,0,0,20260402,20261212
000917,0,0,0,0,0,0,0,20260402,20261212
000918,0,0,0,0,0,0,0,20260402,20261212
000919,0,0,0,0,0,0,0,20260402,20261212
000920,0,0,0,0,0,0,0,20260402,20261212
000921,0,0,0,0,0,0,0,20260402,20261212
000922,0,0,0,0,0,0,0,20260402,20261212
000923,0,0,0,0,0,0,0,20260402,20261212
000924,0,0,0,0,0,0,0,20260402,20261212
000925,0,0,0,0,0,0,0,20260402,20261212
000926,0,0,0,0,0,0,0,20260402,20261212
000927,0,0,0,0,0,0,0,20260402,20261212
000928,0,0,0,0,0,0,0,20260402,20261212
000929,0,0,0,0,0,0,0,20260402,20261212
000930,0,0,0,0,0,0,0,20260402,20261212
000931,0,0,0,0,0,0,0,20260402,20261212
000932,0,0,0,0,0,0,0,20260402,20261212
000933,0,0,0,0,0,0,0,20260402,20261212
000934,0,0,0,0,0,0,0,20260402,20261212
000935,0,0,0,0,0,0,0,20260402,20261212
000936,0,0,0,0,0,0,0,20260402,20261212
000937,0,0,0,0,0,0,0,20260402,20261212
000938,0,0,0,0,0,0,0,20260402,20261212
000939,0,0,0,0,0,0,0,20260402,20261212
000940,0,0,0,0,0,0,0,20260402,20261212
000941,0,0,0,0,0,0,0,20260402,20261212
000942,0,0,0,0,0,0,0,20260402,20261212
000943,0,0,0,0,0,0,0,20260402,20261212
000944,0,0,0,0,0,0,0,20260402,20261212
000945,0,0,0,0,0,0,0,20260402,20261212
000946,0,0,0,0,0,0,0,20260402,20261212
000947,0,0,0,0,0,0,0,20260402,20261212
000948,0,0,0,0,0,0,0,20260402,20261212
000949,0,0,0,0,0,0,0,20260402,20261212
000950,0,0,0,0,0,0,0,20260402,20261212
000951,0,0,0,0,0,0,0,20260402,20261212
000952,0,0,0,0,0,0,0,20260402,20261212
000953,0,0,0,0,0,0,0,20260402,20261212
000954,0,0,0,0,0,0,0,20260402,20261212
000955,0,0,0,0,0,0,0,20260402,20261212
000956,0,0,0,0,0,0,0,20260402,20261212
000957,0,0,0,0,0,0,0,20260402,20261212
000958,0,0,0,0,0,0,0,20260402,20261212
000959,0,0,0,0,0,0,0,20260402,20261212
000960,0,0,0,0,0,0,0,20260402,20261212
000961,0,0,0,0,0,0,0,20260402,20261212
000962,0,0,0,0,0,0,0,20260402,20261212
000963,0,0,0,0,0,0,0,20260402,20261212
000964,0,0,0,0,0,0,0,20260402,20261212
000965,0,0,0,0,0,0,0,20260402,20261212
000966,0,0,0,0,0,0,0,20260402,20261212
000967,0,0,0,0,0,0,0,20260402,20261212
000968,0,0,0,0,0,0,0,20260402,20261212
000969,0,0,0,0,0,0,0,20260402,20261212
000970,0,0,0,0,0,0,0,20260402,20261212
000971,0,0,0,0,0,0,0,20260402,20261212
000972,0,0,0,0,0,0,0,20260402,20261212
000973,0,0,0,0,0,0,0,20260402,20261212
000974,0,0,0,0,0,0,0,20260402,20261212
000975,0,0,0,0,0,0,0,20260402,20261212
000976,0,0,0,0,0,0,0,20260402,20261212
000977,0,0,0,0,0,0,0,20260402,20261212
000978,0,0,0,0,0,0,0,20260402,20261212
000979,0,0,0,0,0,0,0,20260402,20261212
000980,0,0,0,0,0,0,0,20260402,20261212
000981,0,0,0,0,0,0,0,20260402,20261212
000982,0,0,0,0,0,0,0,20260402,20261212
000983,0,0,0,0,0,0,0,20260402,20261212
000984,0,0,0,0,0,0,0,20260402,20261212
000985,0,0,0,0,0,0,0,20260402,20261212
000986,0,0,0,0,0,0,0,20260402,20261212
000987,0,0,0,0,0,0,0,20260402,20261212
000988,0,0,0,0,0,0,0,20260402,20261212
000989,0,0,0,0,0,0,0,20260402,20261212
000990,0,0,0,0,0,0,0,20260402,20261212
000991,0,0,0,0,0,0,0,20260402,20261212
000992,0,0,0,0,0,0,0,20260402,20261212
000993,0,0,0,0,0,0,0,20260402,20261212
000994,0,0,0,0,0,0,0,20260402,20261212
000995,0,0,0,0,0,0,0,20260402,20261212
000996,0,0,0,0,0,0,0,20260402,20261212
000997,0,0,0,0,0,0,0,20260402,20261212
000998,0,0,0,0,0,0,0,20260402,20261212
000999,0,0,0,0,0,0,0,20260402,20261212
001000,0,0,0,0,0,0,0,20260402,20261212
001001,0,0,0,0,0,0,0,20260402,20261212
001002,0,0,0,0,0,0,0,20260402,20261212
001003,0,0,0,0,0,0,0,20260402,20261212
001004,0,0,0,0,0,0,0,20260402,20261212
001005,0,0,0,0,0,0,0,20260402,20261212
001006,0,0,0,0,0,0,0,20260402,20261212
001007,0,0,0,0,0,0,0,20260402,20261212
001008,0,0,0,0,0,0,0,20260402,20261212
001009,0,0,0,0,0,0,0,20260402,20261212
001010,0,0,0,0,0,0,0,20260402,20261212
001011,0,0,0,0,0,0,0,20260402,20261212
001012,0,0,0,0,0,0,0,20260402,20261212
001013,0,0,0,0,0,0,0,20260402,20261212
001014,0,0,0,0,0,0,0,20260402,20261212
001015,0,0,0,0,0,0,0,20260402,20261212
001016,0,0,0,0,0,0,0,20260402,20261212
001017,0,0,0,0,0,0,0,20260402,20261212
001018,0,0,0,0,0,0,0,20260402,20261212
001019,0,0,0,0,0,0,0,20260402,20261212
001020,0,0,0,0,0,0,0,20260402,20261212
001021,0,0,0,0,0,0,0,20260402,20261212
001022,0,0,0,0,0,0,0,20260402,20261212
001023,0,0,0,0,0,0,0,20260402,20261212
001024,0,0,0,0,0,0,0,20260402,20261212
001025,0,0,0,0,0,0,0,20260402,20261212
001026,0,0,0,0,0,0,0,20260402,20261212
001027,0,0,0,0,0,0,0,20260402,20261212
001028,0,0,0,0,0,0,0,20260402,20261212
001029,0,0,0,0,0,0,0,20260402,20261212
001030,0,0,0,0,0,0,0,20260402,20261212
001031,0,0,0,0,0,0,0,20260402,20261212
001032,0,0,0,0,0,0,0,20260402,20261212
001033,0,0,0,0,0,0,0,20260402,20261212
001034,0,0,0,0,0,0,0,20260402,20261212
001035,0,0,0,0,0,0,0,20260402,20261212
001036,0,0,0,0,0,0,0,20260402,20261212
001037,0,0,0,0,0,0,0,20260402,20261212
001038,0,0,0,0,0,0,0,20260402,20261212
001039,0,0,0,0,0,0,0,20260402,20261212
001040,0,0,0,0,0,0,0,20260402,20261212
001041,0,0,0,0,0,0,0,20260402,20261212
001042,0,0,0,0,0,0,0,20260402,20261212
001043,0,0,0,0,0,0,0,20260402,20261212
001044,0,0,0,0,0,0,0,20260402,20261212
001045,0,0,0,0,0,0,0,20260402,20261212
001046,0,0,0,0,0,0,0,20260402,20261212
001047,0,0,0,0,0,0,0,20260402,20261212
001048,0,0,0,0,0,0,0,20260402,20261212
001049,0,0,0,0,0,0,0,20260402,20261212
001050,0,0,0,0,0,0,0,20260402,20261212
001051,0,0,0,0,0,0,0,20260402,20261212
001052,0,0,0,0,0,0,0,20260402,20261212
001053,0,0,0,0,0,0,0,20260402,20261212
001054,0,0,0,0,0,0,0,20260402,20261212
001055,0,0,0,0,0,0,0,20260402,20261212
001056,0,0,0,0,0,0,0,20260402,20261212
001057,0,0,0,0,0,0,0,20260402,20261212
001058,0,0,0,0,0,0,0,20260402,20261212
001059,0,0,0,0,0,0,0,20260402,20261212
001060,0,0,0,0,0,0,0,20260402,20261212
001061,0,0,0,0,0,0,0,20260402,20261212
001062,0,0,0,0,0,0,0,20260402,20261212
001063,0,0,0,0,0,0,0,20260402,20261212
001064,0,0,0,0,0,0,0,20260402,20261212
001065,0,0,0,0,0,0,0,20260402,20261212
001066,0,0,0,0,0,0,0,20260402,20261212
001067,0,0,0,0,0,0,0,20260402,20261212
001068,0,0,0,0,0,0,0,20260402,20261212
001069,0,0,0,0,0,0,0,20260402,20261212
001070,0,0,0,0,0,0,0,20260402,20261212
001071,0,0,0,0,0,0,0,20260402,20261212
001072,0,0,0,0,0,0,0,20260402,20261212
001073,0,0,0,0,0,0,0,20260402,20261212
001074,0,0,0,0,0,0,0,20260402,20261212
001075,0,0,0,0,0,0,0,20260402,20261212
001076,0,0,0,0,0,0,0,20260402,20261212
001077,0,0,0,0,0,0,0,20260402,20261212
001078,0,0,0,0,0,0,0,20260402,20261212
001079,0,0,0,0,0,0,0,20260402,20261212
001080,0,0,0,0,0,0,0,20260402,20261212
001081,0,0,0,0,0,0,0,20260402,20261212
001082,0,0,0,0,0,0,0,20260402,20261212
001083,0,0,0,0,0,0,0,20260402,20261212
001084,0,0,0,0,0,0,0,20260402,20261212
001085,0,0,0,0,0,0,0,20260402,20261212
001086,0,0,0,0,0,0,0,20260402,20261212
001087,0,0,0,0,0,0,0,20260402,20261212
001088,0,0,0,0,0,0,0,20260402,20261212
001089,0,0,0,0,0,0,0,20260402,20261212
001090,0,0,0,0,0,0,0,20260402,20261212
001091,0,0,0,0,0,0,0,20260402,20261212
001092,0,0,0,0,0,0,0,20260402,20261212
001093,0,0,0,0,0,0,0,20260402,20261212
001094,0,0,0,0,0,0,0,20260402,20261212
001095,0,0,0,0,0,0,0,20260402,20261212
001096,0,0,0,0,0,0,0,20260402,20261212
001097,0,0,0,0,0,0,0,20260402,20261212
001098,0,0,0,0,0,0,0,20260402,20261212
001099,0,0,0,0,0,0,0,20260402,20261212
001100,0,0,0,0,0,0,0,20260402,20261212
001101,0,0,0,0,0,0,0,20260402,20261212
001102,0,0,0,0,0,0,0,20260402,20261212
001103,0,0,0,0,0,0,0,20260402,20261212
001104,0,0,0,0,0,0,0,20260402,20261212
001105,0,0,0,0,0,0,0,20260402,20261212
001106,0,0,0,0,0,0,0,20260402,20261212
001107,0,0,0,0,0,0,0,20260402,20261212
001108,0,0,0,0,0,0,0,20260402,20261212
001109,0,0,0,0,0,0,0,20260402,20261212
001110,0,0,0,0,0,0,0,20260402,20261212
001111,0,0,0,0,0,0,0,20260402,20261212
001112,0,0,0,0,0,0,0,20260402,20261212
001113,0,0,0,0,0,0,0,20260402,20261212
001114,0,0,0,0,0,0,0,20260402,20261212
001115,0,0,0,0,0,0,0,20260402,20261212
001116,0,0,0,0,0,0,0,20260402,20261212
001117,0,0,0,0,0,0,0,20260402,20261212
001118,0,0,0,0,0,0,0,20260402,20261212
001119,0,0,0,0,0,0,0,20260402,20261212
001120,0,0,0,0,0,0,0,20260402,20261212
001121,0,0,0,0,0,0,0,20260402,20261212
001122,0,0,0,0,0,0,0,20260402,20261212
001123,0,0,0,0,0,0,0,20260402,20261212
001124,0,0,0,0,0,0,0,20260402,20261212
001125,0,0,0,0,0,0,0,20260402,20261212
001126,0,0,0,0,0,0,0,20260402,20261212
001127,0,0,0,0,0,0,0,20260402,20261212
001128,0,0,0,0,0,0,0,20260402,20261212
001129,0,0,0,0,0,0,0,20260402,20261212
001130,0,0,0,0,0,0,0,20260402,20261212
001131,0,0,0,0,0,0,0,20260402,20261212
001132,0,0,0,0,0,0,0,20260402,20261212
001133,0,0,0,0,0,0,0,20260402,20261212
001134,0,0,0,0,0,0,0,20260402,20261212
001135,0,0,0,0,0,0,0,20260402,20261212
001136,0,0,0,0,0,0,0,20260402,20261212
001137,0,0,0,0,0,0,0,20260402,20261212
001138,0,0,0,0,0,0,0,20260402,20261212
001139,0,0,0,0,0,0,0,20260402,20261212
001140,0,0,0,0,0,0,0,20260402,20261212
001141,0,0,0,0,0,0,0,20260402,20261212
001142,0,0,0,0,0,0,0,20260402,20261212
001143,0,0,0,0,0,0,0,20260402,20261212
001144,0,0,0,0,0,0,0,20260402,20261212
001145,0,0,0,0,0,0,0,20260402,20261212
001146,0,0,0,0,0,0,0,20260402,20261212
001147,0,0,0,0,0,0,0,20260402,20261212
001148,0,0,0,0,0,0,0,20260402,20261212
001149,0,0,0,0,0,0,0,20260402,20261212
001150,0,0,0,0,0,0,0,20260402,20261212
001151,0,0,0,0,0,0,0,20260402,20261212
001152,0,0,0,0,0,0,0,20260402,20261212
001153,0,0,0,0,0,0,0,20260402,20261212
001154,0,0,0,0,0,0,0,20260402,20261212
001155,0,0,0,0,0,0,0,20260402,20261212
001156,0,0,0,0,0,0,0,20260402,20261212
001157,0,0,0,0,0,0,0,20260402,20261212
001158,0,0,0,0,0,0,0,20260402,20261212
001159,0,0,0,0,0,0,0,20260402,20261212
001160,0,0,0,0,0,0,0,20260402,20261212
001161,0,0,0,0,0,0,0,20260402,20261212
001162,0,0,0,0,0,0,0,20260402,20261212
001163,0,0,0,0,0,0,0,20260402,20261212
001164,0,0,0,0,0,0,0,20260402,20261212
001165,0,0,0,0,0,0,0,20260402,20261212
001166,0,0,0,0,0,0,0,20260402,20261212
001167,0,0,0,0,0,0,0,20260402,20261212
001168,0,0,0,0,0,0,0,20260402,20261212
001169,0,0,0,0,0,0,0,20260402,20261212
001170,0,0,0,0,0,0,0,20260402,20261212
001171,0,0,0,0,0,0,0,20260402,20261212
001172,0,0,0,0,0,0,0,20260402,20261212
001173,0,0,0,0,0,0,0,20260402,20261212
001174,0,0,0,0,0,0,0,20260402,20261212
001175,0,0,0,0,0,0,0,20260402,20261212
001176,0,0,0,0,0,0,0,20260402,20261212
001177,0,0,0,0,0,0,0,20260402,20261212
001178,0,0,0,0,0,0,0,20260402,20261212
001179,0,0,0,0,0,0,0,20260402,20261212
001180,0,0,0,0,0,0,0,20260402,20261212
001181,0,0,0,0,0,0,0,20260402,20261212
001182,0,0,0,0,0,0,0,20260402,20261212
001183,0,0,0,0,0,0,0,20260402,20261212
001184,0,0,0,0,0,0,0,20260402,20261212
001185,0,0,0,0,0,0,0,20260402,20261212
001186,0,0,0,0,0,0,0,20260402,20261212
001187,0,0,0,0,0,0,0,20260402,20261212
001188,0,0,0,0,0,0,0,20260402,20261212
001189,0,0,0,0,0,0,0,20260402,20261212
001190,0,0,0,0,0,0,0,20260402,20261212
001191,0,0,0,0,0,0,0,20260402,20261212
001192,0,0,0,0,0,0,0,20260402,20261212
001193,0,0,0,0,0,0,0,20260402,20261212
001194,0,0,0,0,0,0,0,20260402,20261212
001195,0,0,0,0,0,0,0,20260402,20261212
001196,0,0,0,0,0,0,0,20260402,20261212
001197,0,0,0,0,0,0,0,20260402,20261212
001198,0,0,0,0,0,0,0,20260402,20261212
001199,0,0,0,0,0,0,0,20260402,20261212
001200,0,0,0,0,0,0,0,20260402,20261212
001201,0,0,0,0,0,0,0,20260402,20261212
001202,0,0,0,0,0,0,0,20260402,20261212
001203,0,0,0,0,0,0,0,20260402,20261212
001204,0,0,0,0,0,0,0,20260402,20261212
001205,0,0,0,0,0,0,0,20260402,20261212
001206,0,0,0,0,0,0,0,20260402,20261212
001207,0,0,0,0,0,0,0,20260402,20261212
001208,0,0,0,0,0,0,0,20260402,20261212
001209,0,0,0,0,0,0,0,20260402,20261212
001210,0,0,0,0,0,0,0,20260402,20261212
001211,0,0,0,0,0,0,0,20260402,20261212
001212,0,0,0,0,0,0,0,20260402,20261212
001213,0,0,0,0,0,0,0,20260402,20261212
001214,0,0,0,0,0,0,0,20260402,20261212
001215,0,0,0,0,0,0,0,20260402,20261212
001216,0,0,0,0,0,0,0,20260402,20261212
001217,0,0,0,0,0,0,0,20260402,20261212
001218,0,0,0,0,0,0,0,20260402,20261212
001219,0,0,0,0,0,0,0,20260402,20261212
001220,0,0,0,0,0,0,0,20260402,20261212
001221,0,0,0,0,0,0,0,20260402,20261212
001222,0,0,0,0,0,0,0,20260402,20261212
001223,0,0,0,0,0,0,0,20260402,20261212
001224,0,0,0,0,0,0,0,20260402,20261212
001225,0,0,0,0,0,0,0,20260402,20261212
001226,0,0,0,0,0,0,0,20260402,20261212
001227,0,0,0,0,0,0,0,20260402,20261212
001228,0,0,0,0,0,0,0,20260402,20261212
001229,0,0,0,0,0,0,0,20260402,20261212
001230,0,0,0,0,0,0,0,20260402,20261212
001231,0,0,0,0,0,0,0,20260402,20261212
001232,0,0,0,0,0,0,0,20260402,20261212
001233,0,0,0,0,0,0,0,20260402,20261212
001234,0,0,0,0,0,0,0,20260402,20261212
001235,0,0,0,0,0,0,0,20260402,20261212
001236,0,0,0,0,0,0,0,20260402,20261212
001237,0,0,0,0,0,0,0,20260402,20261212
001238,0,0,0,0,0,0,0,20260402,20261212
001239,0,0,0,0,0,0,0,20260402,20261212
001240,0,0,0,0,0,0,0,20260402,20261212
001241,0,0,0,0,0,0,0,20260402,20261212
001242,0,0,0,0,0,0,0,20260402,20261212
001243,0,0,0,0,0,0,0,20260402,20261212
001244,0,0,0,0,0,0,0,20260402,20261212
001245,0,0,0,0,0,0,0,20260402,20261212
001246,0,0,0,0,0,0,0,20260402,20261212
001247,0,0,0,0,0,0,0,20260402,20261212
001248,0,0,0,0,0,0,0,20260402,20261212
001249,0,0,0,0,0,0,0,20260402,20261212
001250,0,0,0,0,0,0,0,20260402,20261212
001251,0,0,0,0,0,0,0,20260402,20261212
001252,0,0,0,0,0,0,0,20260402,20261212
001253,0,0,0,0,0,0,0,20260402,20261212
001254,0,0,0,0,0,0,0,20260402,20261212
001255,0,0,0,0,0,0,0,20260402,20261212
001256,0,0,0,0,0,0,0,20260402,20261212
001257,0,0,0,0,0,0,0,20260402,20261212
001258,0,0,0,0,0,0,0,20260402,20261212
001259,0,0,0,0,0,0,0,20260402,20261212
001260,0,0,0,0,0,0,0,20260402,20261212
001261,0,0,0,0,0,0,0,20260402,20261212
001262,0,0,0,0,0,0,0,20260402,20261212
001263,0,0,0,0,0,0,0,20260402,20261212
001264,0,0,0,0,0,0,0,20260402,20261212
001265,0,0,0,0,0,0,0,20260402,20261212
001266,0,0,0,0,0,0,0,20260402,20261212
001267,0,0,0,0,0,0,0,20260402,20261212
001268,0,0,0,0,0,0,0,20260402,20261212
001269,0,0,0,0,0,0,0,20260402,20261212
001270,0,0,0,0,0,0,0,20260402,20261212
001271,0,0,0,0,0,0,0,20260402,20261212
001272,0,0,0,0,0,0,0,20260402,20261212
001273,0,0,0,0,0,0,0,20260402,20261212
001274,0,0,0,0,0,0,0,20260402,20261212
001275,0,0,0,0,0,0,0,20260402,20261212
001276,0,0,0,0,0,0,0,20260402,20261212
001277,0,0,0,0,0,0,0,20260402,20261212
001278,0,0,0,0,0,0,0,20260402,20261212
001279,0,0,0,0,0,0,0,20260402,20261212
001280,0,0,0,0,0,0,0,20260402,20261212
001281,0,0,0,0,0,0,0,20260402,20261212
001282,0,0,0,0,0,0,0,20260402,20261212
001283,0,0,0,0,0,0,0,20260402,20261212
001284,0,0,0,0,0,0,0,20260402,20261212
001285,0,0,0,0,0,0,0,20260402,20261212
001286,0,0,0,0,0,0,0,20260402,20261212
001287,0,0,0,0,0,0,0,20260402,20261212
001288,0,0,0,0,0,0,0,20260402,20261212
001289,0,0,0,0,0,0,0,20260402,20261212
001290,0,0,0,0,0,0,0,20260402,20261212
001291,0,0,0,0,0,0,0,20260402,20261212
001292,0,0,0,0,0,0,0,20260402,20261212
001293,0,0,0,0,0,0,0,20260402,20261212
001294,0,0,0,0,0,0,0,20260402,20261212
001295,0,0,0,0,0,0,0,20260402,20261212
001296,0,0,0,0,0,0,0,20260402,20261212
001297,0,0,0,0,0,0,0,20260402,20261212
001298,0,0,0,0,0,0,0,20260402,20261212
001299,0,0,0,0,0,0,0,20260402,20261212
001300,0,0,0,0,0,0,0,20260402,20261212
001301,0,0,0,0,0,0,0,20260402,20261212
001302,0,0,0,0,0,0,0,20260402,20261212
001303,0,0,0,0,0,0,0,20260402,20261212
001304,0,0,0,0,0,0,0,20260402,20261212
001305,0,0,0,0,0,0,0,20260402,20261212
001306,0,0,0,0,0,0,0,20260402,20261212
001307,0,0,0,0,0,0,0,20260402,20261212
001308,0,0,0,0,0,0,0,20260402,20261212
001309,0,0,0,0,0,0,0,20260402,20261212
001310,0,0,0,0,0,0,0,20260402,20261212
001311,0,0,0,0,0,0,0,20260402,20261212
001312,0,0,0,0,0,0,0,20260402,20261212
001313,0,0,0,0,0,0,0,20260402,20261212
001314,0,0,0,0,0,0,0,20260402,20261212
001315,0,0,0,0,0,0,0,20260402,20261212
001316,0,0,0,0,0,0,0,20260402,20261212
001317,0,0,0,0,0,0,0,20260402,20261212
001318,0,0,0,0,0,0,0,20260402,20261212
001319,0,0,0,0,0,0,0,20260402,20261212
001320,0,0,0,0,0,0,0,20260402,20261212
001321,0,0,0,0,0,0,0,20260402,20261212
001322,0,0,0,0,0,0,0,20260402,20261212
001323,0,0,0,0,0,0,0,20260402,20261212
001324,0,0,0,0,0,0,0,20260402,20261212
001325,0,0,0,0,0,0,0,20260402,20261212
001326,0,0,0,0,0,0,0,20260402,20261212
001327,0,0,0,0,0,0,0,20260402,20261212
001328,0,0,0,0,0,0,0,20260402,20261212
001329,0,0,0,0,0,0,0,20260402,20261212
001330,0,0,0,0,0,0,0,20260402,20261212
001331,0,0,0,0,0,0,0,20260402,20261212
001332,0,0,0,0,0,0,0,20260402,20261212
001333,0,0,0,0,0,0,0,20260402,20261212
001334,0,0,0,0,0,0,0,20260402,20261212
001335,0,0,0,0,0,0,0,20260402,20261212
001336,0,0,0,0,0,0,0,20260402,20261212
001337,0,0,0,0,0,0,0,20260402,20261212
001338,0,0,0,0,0,0,0,20260402,20261212
001339,0,0,0,0,0,0,0,20260402,20261212
001340,0,0,0,0,0,0,0,20260402,20261212
001341,0,0,0,0,0,0,0,20260402,20261212
001342,0,0,0,0,0,0,0,20260402,20261212
001343,0,0,0,0,0,0,0,20260402,20261212
001344,0,0,0,0,0,0,0,20260402,20261212
001345,0,0,0,0,0,0,0,20260402,20261212
001346,0,0,0,0,0,0,0,20260402,20261212
001347,0,0,0,0,0,0,0,20260402,20261212
001348,0,0,0,0,0,0,0,20260402,20261212
001349,0,0,0,0,0,0,0,20260402,20261212
001350,0,0,0,0,0,0,0,20260402,20261212
001351,0,0,0,0,0,0,0,20260402,20261212
001352,0,0,0,0,0,0,0,20260402,20261212
001353,0,0,0,0,0,0,0,20260402,20261212
001354,0,0,0,0,0,0,0,20260402,20261212
001355,0,0,0,0,0,0,0,20260402,20261212
001356,0,0,0,0,0,0,0,20260402,20261212
001357,0,0,0,0,0,0,0,20260402,20261212
001358,0,0,0,0,0,0,0,20260402,20261212
001359,0,0,0,0,0,0,0,20260402,20261212
001360,0,0,0,0,0,0,0,20260402,20261212
001361,0,0,0,0,0,0,0,20260402,20261212
001362,0,0,0,0,0,0,0,20260402,20261212
001363,0,0,0,0,0,0,0,20260402,20261212
001364,0,0,0,0,0,0,0,20260402,20261212
001365,0,0,0,0,0,0,0,20260402,20261212
001366,0,0,0,0,0,0,0,20260402,20261212
001367,0,0,0,0,0,0,0,20260402,20261212
001368,0,0,0,0,0,0,0,20260402,20261212
001369,0,0,0,0,0,0,0,20260402,20261212
001370,0,0,0,0,0,0,0,20260402,20261212
001371,0,0,0,0,0,0,0,20260402,20261212
001372,0,0,0,0,0,0,0,20260402,20261212
001373,0,0,0,0,0,0,0,20260402,20261212
001374,0,0,0,0,0,0,0,20260402,20261212
001375,0,0,0,0,0,0,0,20260402,20261212
001376,0,0,0,0,0,0,0,20260402,20261212
001377,0,0,0,0,0,0,0,20260402,20261212
001378,0,0,0,0,0,0,0,20260402,20261212
001379,0,0,0,0,0,0,0,20260402,20261212
001380,0,0,0,0,0,0,0,20260402,20261212
001381,0,0,0,0,0,0,0,20260402,20261212
001382,0,0,0,0,0,0,0,20260402,20261212
001383,0,0,0,0,0,0,0,20260402,20261212
001384,0,0,0,0,0,0,0,20260402,20261212
001385,0,0,0,0,0,0,0,20260402,20261212
001386,0,0,0,0,0,0,0,20260402,20261212
001387,0,0,0,0,0,0,0,20260402,20261212
001388,0,0,0,0,0,0,0,20260402,20261212
001389,0,0,0,0,0,0,0,20260402,20261212
001390,0,0,0,0,0,0,0,20260402,20261212
001391,0,0,0,0,0,0,0,20260402,20261212
001392,0,0,0,0,0,0,0,20260402,20261212
001393,0,0,0,0,0,0,0,20260402,20261212
001394,0,0,0,0,0,0,0,20260402,20261212
001395,0,0,0,0,0,0,0,20260402,20261212
001396,0,0,0,0,0,0,0,20260402,20261212
001397,0,0,0,0,0,0,0,20260402,20261212
001398,0,0,0,0,0,0,0,20260402,20261212
001399,0,0,0,0,0,0,0,20260402,20261212
001400,0,0,0,0,0,0,0,20260402,20261212
001401,0,0,0,0,0,0,0,20260402,20261212
001402,0,0,0,0,0,0,0,20260402,20261212
001403,0,0,0,0,0,0,0,20260402,20261212
001404,0,0,0,0,0,0,0,20260402,20261212
001405,0,0,0,0,0,0,0,20260402,20261212
001406,0,0,0,0,0,0,0,20260402,20261212
001407,0,0,0,0,0,0,0,20260402,20261212
001408,0,0,0,0,0,0,0,20260402,20261212
001409,0,0,0,0,0,0,0,20260402,20261212
001410,0,0,0,0,0,0,0,20260402,20261212
001411,0,0,0,0,0,0,0,20260402,20261212
001412,0,0,0,0,0,0,0,20260402,20261212
001413,0,0,0,0,0,0,0,20260402,20261212
001414,0,0,0,0,0,0,0,20260402,20261212
001415,0,0,0,0,0,0,0,20260402,20261212
001416,0,0,0,0,0,0,0,20260402,20261212
001417,0,0,0,0,0,0,0,20260402,20261212
001418,0,0,0,0,0,0,0,20260402,20261212
001419,0,0,0,0,0,0,0,20260402,20261212
001420,0,0,0,0,0,0,0,20260402,20261212
001421,0,0,0,0,0,0,0,20260402,20261212
001422,0,0,0,0,0,0,0,20260402,20261212
001423,0,0,0,0,0,0,0,20260402,20261212
001424,0,0,0,0,0,0,0,20260402,20261212
001425,0,0,0,0,0,0,0,20260402,20261212
001426,0,0,0,0,0,0,0,20260402,20261212
001427,0,0,0,0,0,0,0,20260402,20261212
001428,0,0,0,0,0,0,0,20260402,20261212
001429,0,0,0,0,0,0,0,20260402,20261212
001430,0,0,0,0,0,0,0,20260402,20261212
001431,0,0,0,0,0,0,0,20260402,20261212
001432,0,0,0,0,0,0,0,20260402,20261212
001433,0,0,0,0,0,0,0,20260402,20261212
001434,0,0,0,0,0,0,0,20260402,20261212
001435,0,0,0,0,0,0,0,20260402,20261212
001436,0,0,0,0,0,0,0,20260402,20261212
001437,0,0,0,0,0,0,0,20260402,20261212
001438,0,0,0,0,0,0,0,20260402,20261212
001439,0,0,0,0,0,0,0,20260402,20261212
001440,0,0,0,0,0,0,0,20260402,20261212
001441,0,0,0,0,0,0,0,20260402,20261212
001442,0,0,0,0,0,0,0,20260402,20261212
001443,0,0,0,0,0,0,0,20260402,20261212
001444,0,0,0,0,0,0,0,20260402,20261212
001445,0,0,0,0,0,0,0,20260402,20261212
001446,0,0,0,0,0,0,0,20260402,20261212
001447,0,0,0,0,0,0,0,20260402,20261212
001448,0,0,0,0,0,0,0,20260402,20261212
001449,0,0,0,0,0,0,0,20260402,20261212
001450,0,0,0,0,0,0,0,20260402,20261212
001451,0,0,0,0,0,0,0,20260402,20261212
001452,0,0,0,0,0,0,0,20260402,20261212
001453,0,0,0,0,0,0,0,20260402,20261212
001454,0,0,0,0,0,0,0,20260402,20261212
001455,0,0,0,0,0,0,0,20260402,20261212
001456,0,0,0,0,0,0,0,20260402,20261212
001457,0,0,0,0,0,0,0,20260402,20261212
001458,0,0,0,0,0,0,0,20260402,20261212
001459,0,0,0,0,0,0,0,20260402,20261212
001460,0,0,0,0,0,0,0,20260402,20261212
001461,0,0,0,0,0,0,0,20260402,20261212
001462,0,0,0,0,0,0,0,20260402,20261212
001463,0,0,0,0,0,0,0,20260402,20261212
001464,0,0,0,0,0,0,0,20260402,20261212
001465,0,0,0,0,0,0,0,20260402,20261212
001466,0,0,0,0,0,0,0,20260402,20261212
001467,0,0,0,0,0,0,0,20260402,20261212
001468,0,0,0,0,0,0,0,20260402,20261212
001469,0,0,0,0,0,0,0,20260402,20261212
001470,0,0,0,0,0,0,0,20260402,20261212
001471,0,0,0,0,0,0,0,20260402,20261212
001472,0,0,0,0,0,0,0,20260402,20261212
001473,0,0,0,0,0,0,0,20260402,20261212
001474,0,0,0,0,0,0,0,20260402,20261212
001475,0,0,0,0,0,0,0,20260402,20261212
001476,0,0,0,0,0,0,0,20260402,20261212
001477,0,0,0,0,0,0,0,20260402,20261212
001478,0,0,0,0,0,0,0,20260402,20261212
001479,0,0,0,0,0,0,0,20260402,20261212
001480,0,0,0,0,0,0,0,20260402,20261212
001481,0,0,0,0,0,0,0,20260402,20261212
001482,0,0,0,0,0,0,0,20260402,20261212
001483,0,0,0,0,0,0,0,20260402,20261212
001484,0,0,0,0,0,0,0,20260402,20261212
001485,0,0,0,0,0,0,0,20260402,20261212
001486,0,0,0,0,0,0,0,20260402,20261212
001487,0,0,0,0,0,0,0,20260402,20261212
001488,0,0,0,0,0,0,0,20260402,20261212
001489,0,0,0,0,0,0,0,20260402,20261212
001490,0,0,0,0,0,0,0,20260402,20261212
001491,0,0,0,0,0,0,0,20260402,20261212
001492,0,0,0,0,0,0,0,20260402,20261212
001493,0,0,0,0,0,0,0,20260402,20261212
001494,0,0,0,0,0,0,0,20260402,20261212
001495,0,0,0,0,0,0,0,20260402,20261212
001496,0,0,0,0,0,0,0,20260402,20261212
001497,0,0,0,0,0,0,0,20260402,20261212
001498,0,0,0,0,0,0,0,20260402,20261212
001499,0,0,0,0,0,0,0,20260402,20261212
001500,0,0,0,0,0,0,0,20260402,20261212
001501,0,0,0,0,0,0,0,20260402,20261212
001502,0,0,0,0,0,0,0,20260402,20261212
001503,0,0,0,0,0,0,0,20260402,20261212
001504,0,0,0,0,0,0,0,20260402,20261212
001505,0,0,0,0,0,0,0,20260402,20261212
001506,0,0,0,0,0,0,0,20260402,20261212
001507,0,0,0,0,0,0,0,20260402,20261212
001508,0,0,0,0,0,0,0,20260402,20261212
001509,0,0,0,0,0,0,0,20260402,20261212
001510,0,0,0,0,0,0,0,20260402,20261212
001511,0,0,0,0,0,0,0,20260402,20261212
001512,0,0,0,0,0,0,0,20260402,20261212
001513,0,0,0,0,0,0,0,20260402,20261212
001514,0,0,0,0,0,0,0,20260402,20261212
001515,0,0,0,0,0,0,0,20260402,20261212
001516,0,0,0,0,0,0,0,20260402,20261212
001517,0,0,0,0,0,0,0,20260402,20261212
001518,0,0,0,0,0,0,0,20260402,20261212
001519,0,0,0,0,0,0,0,20260402,20261212
001520,0,0,0,0,0,0,0,20260402,20261212
001521,0,0,0,0,0,0,0,20260402,20261212
001522,0,0,0,0,0,0,0,20260402,20261212
001523,0,0,0,0,0,0,0,20260402,20261212
001524,0,0,0,0,0,0,0,20260402,20261212
001525,0,0,0,0,0,0,0,20260402,20261212
001526,0,0,0,0,0,0,0,20260402,20261212
001527,0,0,0,0,0,0,0,20260402,20261212
001528,0,0,0,0,0,0,0,20260402,20261212
001529,0,0,0,0,0,0,0,20260402,20261212
001530,0,0,0,0,0,0,0,20260402,20261212
001531,0,0,0,0,0,0,0,20260402,20261212
001532,0,0,0,0,0,0,0,20260402,20261212
001533,0,0,0,0,0,0,0,20260402,20261212
001534,0,0,0,0,0,0,0,20260402,20261212
001535,0,0,0,0,0,0,0,20260402,20261212
001536,0,0,0,0,0,0,0,20260402,20261212
001537,0,0,0,0,0,0,0,20260402,20261212
001538,0,0,0,0,0,0,0,20260402,20261212
001539,0,0,0,0,0,0,0,20260402,20261212
001540,0,0,0,0,0,0,0,20260402,20261212
001541,0,0,0,0,0,0,0,20260402,20261212
001542,0,0,0,0,0,0,0,20260402,20261212
001543,0,0,0,0,0,0,0,20260402,20261212
001544,0,0,0,0,0,0,0,20260402,20261212
001545,0,0,0,0,0,0,0,20260402,20261212
001546,0,0,0,0,0,0,0,20260402,20261212
001547,0,0,0,0,0,0,0,20260402,20261212
001548,0,0,0,0,0,0,0,20260402,20261212
001549,0,0,0,0,0,0,0,20260402,20261212
001550,0,0,0,0,0,0,0,20260402,20261212
001551,0,0,0,0,0,0,0,20260402,20261212
001552,0,0,0,0,0,0,0,20260402,20261212
001553,0,0,0,0,0,0,0,20260402,20261212
001554,0,0,0,0,0,0,0,20260402,20261212
001555,0,0,0,0,0,0,0,20260402,20261212
001556,0,0,0,0,0,0,0,20260402,20261212
001557,0,0,0,0,0,0,0,20260402,20261212
001558,0,0,0,0,0,0,0,20260402,20261212
001559,0,0,0,0,0,0,0,20260402,20261212
001560,0,0,0,0,0,0,0,20260402,20261212
001561,0,0,0,0,0,0,0,20260402,20261212
001562,0,0,0,0,0,0,0,20260402,20261212
001563,0,0,0,0,0,0,0,20260402,20261212
001564,0,0,0,0,0,0,0,20260402,20261212
001565,0,0,0,0,0,0,0,20260402,20261212
001566,0,0,0,0,0,0,0,20260402,20261212
001567,0,0,0,0,0,0,0,20260402,20261212
001568,0,0,0,0,0,0,0,20260402,20261212
001569,0,0,0,0,0,0,0,20260402,20261212
001570,0,0,0,0,0,0,0,20260402,20261212
001571,0,0,0,0,0,0,0,20260402,20261212
001572,0,0,0,0,0,0,0,20260402,20261212
001573,0,0,0,0,0,0,0,20260402,20261212
001574,0,0,0,0,0,0,0,20260402,20261212
001575,0,0,0,0,0,0,0,20260402,20261212
001576,0,0,0,0,0,0,0,20260402,20261212
001577,0,0,0,0,0,0,0,20260402,20261212
001578,0,0,0,0,0,0,0,20260402,20261212
001579,0,0,0,0,0,0,0,20260402,20261212
001580,0,0,0,0,0,0,0,20260402,20261212
001581,0,0,0,0,0,0,0,20260402,20261212
001582,0,0,0,0,0,0,0,20260402,20261212
001583,0,0,0,0,0,0,0,20260402,20261212
001584,0,0,0,0,0,0,0,20260402,20261212
001585,0,0,0,0,0,0,0,20260402,20261212
001586,0,0,0,0,0,0,0,20260402,20261212
001587,0,0,0,0,0,0,0,20260402,20261212
001588,0,0,0,0,0,0,0,20260402,20261212
001589,0,0,0,0,0,0,0,20260402,20261212
001590,0,0,0,0,0,0,0,20260402,20261212
001591,0,0,0,0,0,0,0,20260402,20261212
001592,0,0,0,0,0,0,0,20260402,20261212
001593,0,0,0,0,0,0,0,20260402,20261212
001594,0,0,0,0,0,0,0,20260402,20261212
001595,0,0,0,0,0,0,0,20260402,20261212
001596,0,0,0,0,0,0,0,20260402,20261212
001597,0,0,0,0,0,0,0,20260402,20261212
001598,0,0,0,0,0,0,0,20260402,20261212
001599,0,0,0,0,0,0,0,20260402,20261212
001600,0,0,0,0,0,0,0,20260402,20261212
001601,0,0,0,0,0,0,0,20260402,20261212
001602,0,0,0,0,0,0,0,20260402,20261212
001603,0,0,0,0,0,0,0,20260402,20261212
001604,0,0,0,0,0,0,0,20260402,20261212
001605,0,0,0,0,0,0,0,20260402,20261212
001606,0,0,0,0,0,0,0,20260402,20261212
001607,0,0,0,0,0,0,0,20260402,20261212
001608,0,0,0,0,0,0,0,20260402,20261212
001609,0,0,0,0,0,0,0,20260402,20261212
001610,0,0,0,0,0,0,0,20260402,20261212
001611,0,0,0,0,0,0,0,20260402,20261212
001612,0,0,0,0,0,0,0,20260402,20261212
001613,0,0,0,0,0,0,0,20260402,20261212
001614,0,0,0,0,0,0,0,20260402,20261212
001615,0,0,0,0,0,0,0,20260402,20261212
001616,0,0,0,0,0,0,0,20260402,20261212
001617,0,0,0,0,0,0,0,20260402,20261212
001618,0,0,0,0,0,0,0,20260402,20261212
001619,0,0,0,0,0,0,0,20260402,20261212
001620,0,0,0,0,0,0,0,20260402,20261212
001621,0,0,0,0,0,0,0,20260402,20261212
001622,0,0,0,0,0,0,0,20260402,20261212
001623,0,0,0,0,0,0,0,20260402,20261212
001624,0,0,0,0,0,0,0,20260402,20261212
001625,0,0,0,0,0,0,0,20260402,20261212
001626,0,0,0,0,0,0,0,20260402,20261212
001627,0,0,0,0,0,0,0,20260402,20261212
001628,0,0,0,0,0,0,0,20260402,20261212
001629,0,0,0,0,0,0,0,20260402,20261212
001630,0,0,0,0,0,0,0,20260402,20261212
001631,0,0,0,0,0,0,0,20260402,20261212
001632,0,0,0,0,0,0,0,20260402,20261212
001633,0,0,0,0,0,0,0,20260402,20261212
001634,0,0,0,0,0,0,0,20260402,20261212
001635,0,0,0,0,0,0,0,20260402,20261212
001636,0,0,0,0,0,0,0,20260402,20261212
001637,0,0,0,0,0,0,0,20260402,20261212
001638,0,0,0,0,0,0,0,20260402,20261212
001639,0,0,0,0,0,0,0,20260402,20261212
001640,0,0,0,0,0,0,0,20260402,20261212
001641,0,0,0,0,0,0,0,20260402,20261212
001642,0,0,0,0,0,0,0,20260402,20261212
001643,0,0,0,0,0,0,0,20260402,20261212
001644,0,0,0,0,0,0,0,20260402,20261212
001645,0,0,0,0,0,0,0,20260402,20261212
001646,0,0,0,0,0,0,0,20260402,20261212
001647,0,0,0,0,0,0,0,20260402,20261212
001648,0,0,0,0,0,0,0,20260402,20261212
001649,0,0,0,0,0,0,0,20260402,20261212
001650,0,0,0,0,0,0,0,20260402,20261212
001651,0,0,0,0,0,0,0,20260402,20261212
001652,0,0,0,0,0,0,0,20260402,20261212
001653,0,0,0,0,0,0,0,20260402,20261212
001654,0,0,0,0,0,0,0,20260402,20261212
001655,0,0,0,0,0,0,0,20260402,20261212
001656,0,0,0,0,0,0,0,20260402,20261212
001657,0,0,0,0,0,0,0,20260402,20261212
001658,0,0,0,0,0,0,0,20260402,20261212
001659,0,0,0,0,0,0,0,20260402,20261212
001660,0,0,0,0,0,0,0,20260402,20261212
001661,0,0,0,0,0,0,0,20260402,20261212
001662,0,0,0,0,0,0,0,20260402,20261212
001663,0,0,0,0,0,0,0,20260402,20261212
001664,0,0,0,0,0,0,0,20260402,20261212
001665,0,0,0,0,0,0,0,20260402,20261212
001666,0,0,0,0,0,0,0,20260402,20261212
001667,0,0,0,0,0,0,0,20260402,20261212
001668,0,0,0,0,0,0,0,20260402,20261212
001669,0,0,0,0,0,0,0,20260402,20261212
001670,0,0,0,0,0,0,0,20260402,20261212
001671,0,0,0,0,0,0,0,20260402,20261212
001672,0,0,0,0,0,0,0,20260402,20261212
001673,0,0,0,0,0,0,0,20260402,20261212
001674,0,0,0,0,0,0,0,20260402,20261212
001675,0,0,0,0,0,0,0,20260402,20261212
001676,0,0,0,0,0,0,0,20260402,20261212
001677,0,0,0,0,0,0,0,20260402,20261212
001678,0,0,0,0,0,0,0,20260402,20261212
001679,0,0,0,0,0,0,0,20260402,20261212
001680,0,0,0,0,0,0,0,20260402,20261212
001681,0,0,0,0,0,0,0,20260402,20261212
001682,0,0,0,0,0,0,0,20260402,20261212
001683,0,0,0,0,0,0,0,20260402,20261212
001684,0,0,0,0,0,0,0,20260402,20261212
001685,0,0,0,0,0,0,0,20260402,20261212
001686,0,0,0,0,0,0,0,20260402,20261212
001687,0,0,0,0,0,0,0,20260402,20261212
001688,0,0,0,0,0,0,0,20260402,20261212
001689,0,0,0,0,0,0,0,20260402,20261212
001690,0,0,0,0,0,0,0,20260402,20261212
001691,0,0,0,0,0,0,0,20260402,20261212
001692,0,0,0,0,0,0,0,20260402,20261212
001693,0,0,0,0,0,0,0,20260402,20261212
001694,0,0,0,0,0,0,0,20260402,20261212
001695,0,0,0,0,0,0,0,20260402,20261212
001696,0,0,0,0,0,0,0,20260402,20261212
001697,0,0,0,0,0,0,0,20260402,20261212
001698,0,0,0,0,0,0,0,20260402,20261212
001699,0,0,0,0,0,0,0,20260402,20261212
001700,0,0,0,0,0,0,0,20260402,20261212
001701,0,0,0,0,0,0,0,20260402,20261212
001702,0,0,0,0,0,0,0,20260402,20261212
001703,0,0,0,0,0,0,0,20260402,20261212
001704,0,0,0,0,0,0,0,20260402,20261212
001705,0,0,0,0,0,0,0,20260402,20261212
001706,0,0,0,0,0,0,0,20260402,20261212
001707,0,0,0,0,0,0,0,20260402,20261212
001708,0,0,0,0,0,0,0,20260402,20261212
001709,0,0,0,0,0,0,0,20260402,20261212
001710,0,0,0,0,0,0,0,20260402,20261212
001711,0,0,0,0,0,0,0,20260402,20261212
001712,0,0,0,0,0,0,0,20260402,20261212
001713,0,0,0,0,0,0,0,20260402,20261212
001714,0,0,0,0,0,0,0,20260402,20261212
001715,0,0,0,0,0,0,0,20260402,20261212
001716,0,0,0,0,0,0,0,20260402,20261212
001717,0,0,0,0,0,0,0,20260402,20261212
001718,0,0,0,0,0,0,0,20260402,20261212
001719,0,0,0,0,0,0,0,20260402,20261212
001720,0,0,0,0,0,0,0,20260402,20261212
001721,0,0,0,0,0,0,0,20260402,20261212
001722,0,0,0,0,0,0,0,20260402,20261212
001723,0,0,0,0,0,0,0,20260402,20261212
001724,0,0,0,0,0,0,0,20260402,20261212
001725,0,0,0,0,0,0,0,20260402,20261212
001726,0,0,0,0,0,0,0,20260402,20261212
001727,0,0,0,0,0,0,0,20260402,20261212
001728,0,0,0,0,0,0,0,20260402,20261212
001729,0,0,0,0,0,0,0,20260402,20261212
001730,0,0,0,0,0,0,0,20260402,20261212
001731,0,0,0,0,0,0,0,20260402,20261212
001732,0,0,0,0,0,0,0,20260402,20261212
001733,0,0,0,0,0,0,0,20260402,20261212
001734,0,0,0,0,0,0,0,20260402,20261212
001735,0,0,0,0,0,0,0,20260402,20261212
001736,0,0,0,0,0,0,0,20260402,20261212
001737,0,0,0,0,0,0,0,20260402,20261212
001738,0,0,0,0,0,0,0,20260402,20261212
001739,0,0,0,0,0,0,0,20260402,20261212
001740,0,0,0,0,0,0,0,20260402,20261212
001741,0,0,0,0,0,0,0,20260402,20261212
001742,0,0,0,0,0,0,0,20260402,20261212
001743,0,0,0,0,0,0,0,20260402,20261212
001744,0,0,0,0,0,0,0,20260402,20261212
001745,0,0,0,0,0,0,0,20260402,20261212
001746,0,0,0,0,0,0,0,20260402,20261212
001747,0,0,0,0,0,0,0,20260402,20261212
001748,0,0,0,0,0,0,0,20260402,20261212
001749,0,0,0,0,0,0,0,20260402,20261212
001750,0,0,0,0,0,0,0,20260402,20261212
001751,0,0,0,0,0,0,0,20260402,20261212
001752,0,0,0,0,0,0,0,20260402,20261212
001753,0,0,0,0,0,0,0,20260402,20261212
001754,0,0,0,0,0,0,0,20260402,20261212
001755,0,0,0,0,0,0,0,20260402,20261212
001756,0,0,0,0,0,0,0,20260402,20261212
001757,0,0,0,0,0,0,0,20260402,20261212
001758,0,0,0,0,0,0,0,20260402,20261212
001759,0,0,0,0,0,0,0,20260402,20261212
001760,0,0,0,0,0,0,0,20260402,20261212
001761,0,0,0,0,0,0,0,20260402,20261212
001762,0,0,0,0,0,0,0,20260402,20261212
001763,0,0,0,0,0,0,0,20260402,20261212
001764,0,0,0,0,0,0,0,20260402,20261212
001765,0,0,0,0,0,0,0,20260402,20261212
001766,0,0,0,0,0,0,0,20260402,20261212
001767,0,0,0,0,0,0,0,20260402,20261212
001768,0,0,0,0,0,0,0,20260402,20261212
001769,0,0,0,0,0,0,0,20260402,20261212
001770,0,0,0,0,0,0,0,20260402,20261212
001771,0,0,0,0,0,0,0,20260402,20261212
001772,0,0,0,0,0,0,0,20260402,20261212
001773,0,0,0,0,0,0,0,20260402,20261212
001774,0,0,0,0,0,0,0,20260402,20261212
001775,0,0,0,0,0,0,0,20260402,20261212
001776,0,0,0,0,0,0,0,20260402,20261212
001777,0,0,0,0,0,0,0,20260402,20261212
001778,0,0,0,0,0,0,0,20260402,20261212
001779,0,0,0,0,0,0,0,20260402,20261212
001780,0,0,0,0,0,0,0,20260402,20261212
001781,0,0,0,0,0,0,0,20260402,20261212
001782,0,0,0,0,0,0,0,20260402,20261212
001783,0,0,0,0,0,0,0,20260402,20261212
001784,0,0,0,0,0,0,0,20260402,20261212
001785,0,0,0,0,0,0,0,20260402,20261212
001786,0,0,0,0,0,0,0,20260402,20261212
001787,0,0,0,0,0,0,0,20260402,20261212
001788,0,0,0,0,0,0,0,20260402,20261212
001789,0,0,0,0,0,0,0,20260402,20261212
001790,0,0,0,0,0,0,0,20260402,20261212
001791,0,0,0,0,0,0,0,20260402,20261212
001792,0,0,0,0,0,0,0,20260402,20261212
001793,0,0,0,0,0,0,0,20260402,20261212
001794,0,0,0,0,0,0,0,20260402,20261212
001795,0,0,0,0,0,0,0,20260402,20261212
001796,0,0,0,0,0,0,0,20260402,20261212
001797,0,0,0,0,0,0,0,20260402,20261212
001798,0,0,0,0,0,0,0,20260402,20261212
001799,0,0,0,0,0,0,0,20260402,20261212
001800,0,0,0,0,0,0,0,20260402,20261212
001801,0,0,0,0,0,0,0,20260402,20261212
001802,0,0,0,0,0,0,0,20260402,20261212
001803,0,0,0,0,0,0,0,20260402,20261212
001804,0,0,0,0,0,0,0,20260402,20261212
001805,0,0,0,0,0,0,0,20260402,20261212
001806,0,0,0,0,0,0,0,20260402,20261212
001807,0,0,0,0,0,0,0,20260402,20261212
001808,0,0,0,0,0,0,0,20260402,20261212
001809,0,0,0,0,0,0,0,20260402,20261212
001810,0,0,0,0,0,0,0,20260402,20261212
001811,0,0,0,0,0,0,0,20260402,20261212
001812,0,0,0,0,0,0,0,20260402,20261212
001813,0,0,0,0,0,0,0,20260402,20261212
001814,0,0,0,0,0,0,0,20260402,20261212
001815,0,0,0,0,0,0,0,20260402,20261212
001816,0,0,0,0,0,0,0,20260402,20261212
001817,0,0,0,0,0,0,0,20260402,20261212
001818,0,0,0,0,0,0,0,20260402,20261212
001819,0,0,0,0,0,0,0,20260402,20261212
001820,0,0,0,0,0,0,0,20260402,20261212
001821,0,0,0,0,0,0,0,20260402,20261212
001822,0,0,0,0,0,0,0,20260402,20261212
001823,0,0,0,0,0,0,0,20260402,20261212
001824,0,0,0,0,0,0,0,20260402,20261212
001825,0,0,0,0,0,0,0,20260402,20261212
001826,0,0,0,0,0,0,0,20260402,20261212
001827,0,0,0,0,0,0,0,20260402,20261212
001828,0,0,0,0,0,0,0,20260402,20261212
001829,0,0,0,0,0,0,0,20260402,20261212
001830,0,0,0,0,0,0,0,20260402,20261212
001831,0,0,0,0,0,0,0,20260402,20261212
001832,0,0,0,0,0,0,0,20260402,20261212
001833,0,0,0,0,0,0,0,20260402,20261212
001834,0,0,0,0,0,0,0,20260402,20261212
001835,0,0,0,0,0,0,0,20260402,20261212
001836,0,0,0,0,0,0,0,20260402,20261212
001837,0,0,0,0,0,0,0,20260402,20261212
001838,0,0,0,0,0,0,0,20260402,20261212
001839,0,0,0,0,0,0,0,20260402,20261212
001840,0,0,0,0,0,0,0,20260402,20261212
001841,0,0,0,0,0,0,0,20260402,20261212
001842,0,0,0,0,0,0,0,20260402,20261212
001843,0,0,0,0,0,0,0,20260402,20261212
001844,0,0,0,0,0,0,0,20260402,20261212
001845,0,0,0,0,0,0,0,20260402,20261212
001846,0,0,0,0,0,0,0,20260402,20261212
001847,0,0,0,0,0,0,0,20260402,20261212
001848,0,0,0,0,0,0,0,20260402,20261212
001849,0,0,0,0,0,0,0,20260402,20261212
001850,0,0,0,0,0,0,0,20260402,20261212
001851,0,0,0,0,0,0,0,20260402,20261212
001852,0,0,0,0,0,0,0,20260402,20261212
001853,0,0,0,0,0,0,0,20260402,20261212
001854,0,0,0,0,0,0,0,20260402,20261212
001855,0,0,0,0,0,0,0,20260402,20261212
001856,0,0,0,0,0,0,0,20260402,20261212
001857,0,0,0,0,0,0,0,20260402,20261212
001858,0,0,0,0,0,0,0,20260402,20261212
001859,0,0,0,0,0,0,0,20260402,20261212
001860,0,0,0,0,0,0,0,20260402,20261212
001861,0,0,0,0,0,0,0,20260402,20261212
001862,0,0,0,0,0,0,0,20260402,20261212
001863,0,0,0,0,0,0,0,20260402,20261212
001864,0,0,0,0,0,0,0,20260402,20261212
001865,0,0,0,0,0,0,0,20260402,20261212
001866,0,0,0,0,0,0,0,20260402,20261212
001867,0,0,0,0,0,0,0,20260402,20261212
001868,0,0,0,0,0,0,0,20260402,20261212
001869,0,0,0,0,0,0,0,20260402,20261212
001870,0,0,0,0,0,0,0,20260402,20261212
001871,0,0,0,0,0,0,0,20260402,20261212
001872,0,0,0,0,0,0,0,20260402,20261212
001873,0,0,0,0,0,0,0,20260402,20261212
001874,0,0,0,0,0,0,0,20260402,20261212
001875,0,0,0,0,0,0,0,20260402,20261212
001876,0,0,0,0,0,0,0,20260402,20261212
001877,0,0,0,0,0,0,0,20260402,20261212
001878,0,0,0,0,0,0,0,20260402,20261212
001879,0,0,0,0,0,0,0,20260402,20261212
001880,0,0,0,0,0,0,0,20260402,20261212
001881,0,0,0,0,0,0,0,20260402,20261212
001882,0,0,0,0,0,0,0,20260402,20261212
001883,0,0,0,0,0,0,0,20260402,20261212
001884,0,0,0,0,0,0,0,20260402,20261212
001885,0,0,0,0,0,0,0,20260402,20261212
001886,0,0,0,0,0,0,0,20260402,20261212
001887,0,0,0,0,0,0,0,20260402,20261212
001888,0,0,0,0,0,0,0,20260402,20261212
001889,0,0,0,0,0,0,0,20260402,20261212
001890,0,0,0,0,0,0,0,20260402,20261212
001891,0,0,0,0,0,0,0,20260402,20261212
001892,0,0,0,0,0,0,0,20260402,20261212
001893,0,0,0,0,0,0,0,20260402,20261212
001894,0,0,0,0,0,0,0,20260402,20261212
001895,0,0,0,0,0,0,0,20260402,20261212
001896,0,0,0,0,0,0,0,20260402,20261212
001897,0,0,0,0,0,0,0,20260402,20261212
001898,0,0,0,0,0,0,0,20260402,20261212
001899,0,0,0,0,0,0,0,20260402,20261212
001900,0,0,0,0,0,0,0,20260402,20261212
001901,0,0,0,0,0,0,0,20260402,20261212
001902,0,0,0,0,0,0,0,20260402,20261212
001903,0,0,0,0,0,0,0,20260402,20261212
001904,0,0,0,0,0,0,0,20260402,20261212
001905,0,0,0,0,0,0,0,20260402,20261212
001906,0,0,0,0,0,0,0,20260402,20261212
001907,0,0,0,0,0,0,0,20260402,20261212
001908,0,0,0,0,0,0,0,20260402,20261212
001909,0,0,0,0,0,0,0,20260402,20261212
001910,0,0,0,0,0,0,0,20260402,20261212
001911,0,0,0,0,0,0,0,20260402,20261212
001912,0,0,0,0,0,0,0,20260402,20261212
001913,0,0,0,0,0,0,0,20260402,20261212
001914,0,0,0,0,0,0,0,20260402,20261212
001915,0,0,0,0,0,0,0,20260402,20261212
001916,0,0,0,0,0,0,0,20260402,20261212
001917,0,0,0,0,0,0,0,20260402,20261212
001918,0,0,0,0,0,0,0,20260402,20261212
001919,0,0,0,0,0,0,0,20260402,20261212
001920,0,0,0,0,0,0,0,20260402,20261212
001921,0,0,0,0,0,0,0,20260402,20261212
001922,0,0,0,0,0,0,0,20260402,20261212
001923,0,0,0,0,0,0,0,20260402,20261212
001924,0,0,0,0,0,0,0,20260402,20261212
001925,0,0,0,0,0,0,0,20260402,20261212
001926,0,0,0,0,0,0,0,20260402,20261212
001927,0,0,0,0,0,0,0,20260402,20261212
001928,0,0,0,0,0,0,0,20260402,20261212
001929,0,0,0,0,0,0,0,20260402,20261212
001930,0,0,0,0,0,0,0,20260402,20261212
001931,0,0,0,0,0,0,0,20260402,20261212
001932,0,0,0,0,0,0,0,20260402,20261212
001933,0,0,0,0,0,0,0,20260402,20261212
001934,0,0,0,0,0,0,0,20260402,20261212
001935,0,0,0,0,0,0,0,20260402,20261212
001936,0,0,0,0,0,0,0,20260402,20261212
001937,0,0,0,0,0,0,0,20260402,20261212
001938,0,0,0,0,0,0,0,20260402,20261212
001939,0,0,0,0,0,0,0,20260402,20261212
001940,0,0,0,0,0,0,0,20260402,20261212
001941,0,0,0,0,0,0,0,20260402,20261212
001942,0,0,0,0,0,0,0,20260402,20261212
001943,0,0,0,0,0,0,0,20260402,20261212
001944,0,0,0,0,0,0,0,20260402,20261212
001945,0,0,0,0,0,0,0,20260402,20261212
001946,0,0,0,0,0,0,0,20260402,20261212
001947,0,0,0,0,0,0,0,20260402,20261212
001948,0,0,0,0,0,0,0,20260402,20261212
001949,0,0,0,0,0,0,0,20260402,20261212
001950,0,0,0,0,0,0,0,20260402,20261212
001951,0,0,0,0,0,0,0,20260402,20261212
001952,0,0,0,0,0,0,0,20260402,20261212
001953,0,0,0,0,0,0,0,20260402,20261212
001954,0,0,0,0,0,0,0,20260402,20261212
001955,0,0,0,0,0,0,0,20260402,20261212
001956,0,0,0,0,0,0,0,20260402,20261212
001957,0,0,0,0,0,0,0,20260402,20261212
001958,0,0,0,0,0,0,0,20260402,20261212
001959,0,0,0,0,0,0,0,20260402,20261212
001960,0,0,0,0,0,0,0,20260402,20261212
001961,0,0,0,0,0,0,0,20260402,20261212
001962,0,0,0,0,0,0,0,20260402,20261212
001963,0,0,0,0,0,0,0,20260402,20261212
001964,0,0,0,0,0,0,0,20260402,20261212
001965,0,0,0,0,0,0,0,20260402,20261212
001966,0,0,0,0,0,0,0,20260402,20261212
001967,0,0,0,0,0,0,0,20260402,20261212
001968,0,0,0,0,0,0,0,20260402,20261212
001969,0,0,0,0,0,0,0,20260402,20261212
001970,0,0,0,0,0,0,0,20260402,20261212
001971,0,0,0,0,0,0,0,20260402,20261212
001972,0,0,0,0,0,0,0,20260402,20261212
001973,0,0,0,0,0,0,0,20260402,20261212
001974,0,0,0,0,0,0,0,20260402,20261212
001975,0,0,0,0,0,0,0,20260402,20261212
001976,0,0,0,0,0,0,0,20260402,20261212
001977,0,0,0,0,0,0,0,20260402,20261212
001978,0,0,0,0,0,0,0,20260402,20261212
001979,0,0,0,0,0,0,0,20260402,20261212
001980,0,0,0,0,0,0,0,20260402,20261212
001981,0,0,0,0,0,0,0,20260402,20261212
001982,0,0,0,0,0,0,0,20260402,20261212
001983,0,0,0,0,0,0,0,20260402,20261212
001984,0,0,0,0,0,0,0,20260402,20261212
001985,0,0,0,0,0,0,0,20260402,20261212
001986,0,0,0,0,0,0,0,20260402,20261212
001987,0,0,0,0,0,0,0,20260402,20261212
001988,0,0,0,0,0,0,0,20260402,20261212
001989,0,0,0,0,0,0,0,20260402,20261212
001990,0,0,0,0,0,0,0,20260402,20261212
001991,0,0,0,0,0,0,0,20260402,20261212
001992,0,0,0,0,0,0,0,20260402,20261212
001993,0,0,0,0,0,0,0,20260402,20261212
001994,0,0,0,0,0,0,0,20260402,20261212
001995,0,0,0,0,0,0,0,20260402,20261212
001996,0,0,0,0,0,0,0,20260402,20261212
001997,0,0,0,0,0,0,0,20260402,20261212
001998,0,0,0,0,0,0,0,20260402,20261212
001999,0,0,0,0,0,0,0,20260402,20261212
002000,0,0,0,0,0,0,0,20260402,20261212
002001,0,0,0,0,0,0,0,20260402,20261212
002002,0,0,0,0,0,0,0,20260402,20261212
002003,0,0,0,0,0,0,0,20260402,20261212
002004,0,0,0,0,0,0,0,20260402,20261212
002005,0,0,0,0,0,0,0,20260402,20261212
002006,0,0,0,0,0,0,0,20260402,20261212
002007,0,0,0,0,0,0,0,20260402,20261212
002008,0,0,0,0,0,0,0,20260402,20261212
002009,0,0,0,0,0,0,0,20260402,20261212
002010,0,0,0,0,0,0,0,20260402,20261212
002011,0,0,0,0,0,0,0,20260402,20261212
002012,0,0,0,0,0,0,0,20260402,20261212
002013,0,0,0,0,0,0,0,20260402,20261212
002014,0,0,0,0,0,0,0,20260402,20261212
002015,0,0,0,0,0,0,0,20260402,20261212
002016,0,0,0,0,0,0,0,20260402,20261212
002017,0,0,0,0,0,0,0,20260402,20261212
002018,0,0,0,0,0,0,0,20260402,20261212
002019,0,0,0,0,0,0,0,20260402,20261212
002020,0,0,0,0,0,0,0,20260402,20261212
002021,0,0,0,0,0,0,0,20260402,20261212
002022,0,0,0,0,0,0,0,20260402,20261212
002023,0,0,0,0,0,0,0,20260402,20261212
002024,0,0,0,0,0,0,0,20260402,20261212
002025,0,0,0,0,0,0,0,20260402,20261212
002026,0,0,0,0,0,0,0,20260402,20261212
002027,0,0,0,0,0,0,0,20260402,20261212
002028,0,0,0,0,0,0,0,20260402,20261212
002029,0,0,0,0,0,0,0,20260402,20261212
002030,0,0,0,0,0,0,0,20260402,20261212
002031,0,0,0,0,0,0,0,20260402,20261212
002032,0,0,0,0,0,0,0,20260402,20261212
002033,0,0,0,0,0,0,0,20260402,20261212
002034,0,0,0,0,0,0,0,20260402,20261212
002035,0,0,0,0,0,0,0,20260402,20261212
002036,0,0,0,0,0,0,0,20260402,20261212
002037,0,0,0,0,0,0,0,20260402,20261212
002038,0,0,0,0,0,0,0,20260402,20261212
002039,0,0,0,0,0,0,0,20260402,20261212
002040,0,0,0,0,0,0,0,20260402,20261212
002041,0,0,0,0,0,0,0,20260402,20261212
002042,0,0,0,0,0,0,0,20260402,20261212
002043,0,0,0,0,0,0,0,20260402,20261212
002044,0,0,0,0,0,0,0,20260402,20261212
002045,0,0,0,0,0,0,0,20260402,20261212
002046,0,0,0,0,0,0,0,20260402,20261212
002047,0,0,0,0,0,0,0,20260402,20261212
002048,0,0,0,0,0,0,0,20260402,20261212
002049,0,0,0,0,0,0,0,20260402,20261212
002050,0,0,0,0,0,0,0,20260402,20261212
002051,0,0,0,0,0,0,0,20260402,20261212
002052,0,0,0,0,0,0,0,20260402,20261212
002053,0,0,0,0,0,0,0,20260402,20261212
002054,0,0,0,0,0,0,0,20260402,20261212
002055,0,0,0,0,0,0,0,20260402,20261212
002056,0,0,0,0,0,0,0,20260402,20261212
002057,0,0,0,0,0,0,0,20260402,20261212
002058,0,0,0,0,0,0,0,20260402,20261212
002059,0,0,0,0,0,0,0,20260402,20261212
002060,0,0,0,0,0,0,0,20260402,20261212
002061,0,0,0,0,0,0,0,20260402,20261212
002062,0,0,0,0,0,0,0,20260402,20261212
002063,0,0,0,0,0,0,0,20260402,20261212
002064,0,0,0,0,0,0,0,20260402,20261212
002065,0,0,0,0,0,0,0,20260402,20261212
002066,0,0,0,0,0,0,0,20260402,20261212
002067,0,0,0,0,0,0,0,20260402,20261212
002068,0,0,0,0,0,0,0,20260402,20261212
002069,0,0,0,0,0,0,0,20260402,20261212
002070,0,0,0,0,0,0,0,20260402,20261212
002071,0,0,0,0,0,0,0,20260402,20261212
002072,0,0,0,0,0,0,0,20260402,20261212
002073,0,0,0,0,0,0,0,20260402,20261212
002074,0,0,0,0,0,0,0,20260402,20261212
002075,0,0,0,0,0,0,0,20260402,20261212
002076,0,0,0,0,0,0,0,20260402,20261212
002077,0,0,0,0,0,0,0,20260402,20261212
002078,0,0,0,0,0,0,0,20260402,20261212
002079,0,0,0,0,0,0,0,20260402,20261212
002080,0,0,0,0,0,0,0,20260402,20261212
002081,0,0,0,0,0,0,0,20260402,20261212
002082,0,0,0,0,0,0,0,20260402,20261212
002083,0,0,0,0,0,0,0,20260402,20261212
002084,0,0,0,0,0,0,0,20260402,20261212
002085,0,0,0,0,0,0,0,20260402,20261212
002086,0,0,0,0,0,0,0,20260402,20261212
002087,0,0,0,0,0,0,0,20260402,20261212
002088,0,0,0,0,0,0,0,20260402,20261212
002089,0,0,0,0,0,0,0,20260402,20261212
002090,0,0,0,0,0,0,0,20260402,20261212
002091,0,0,0,0,0,0,0,20260402,20261212
002092,0,0,0,0,0,0,0,20260402,20261212
002093,0,0,0,0,0,0,0,20260402,20261212
002094,0,0,0,0,0,0,0,20260402,20261212
002095,0,0,0,0,0,0,0,20260402,20261212
002096,0,0,0,0,0,0,0,20260402,20261212
002097,0,0,0,0,0,0,0,20260402,20261212
002098,0,0,0,0,0,0,0,20260402,20261212
002099,0,0,0,0,0,0,0,20260402,20261212
002100,0,0,0,0,0,0,0,20260402,20261212
002101,0,0,0,0,0,0,0,20260402,20261212
002102,0,0,0,0,0,0,0,20260402,20261212
002103,0,0,0,0,0,0,0,20260402,20261212
002104,0,0,0,0,0,0,0,20260402,20261212
002105,0,0,0,0,0,0,0,20260402,20261212
002106,0,0,0,0,0,0,0,20260402,20261212
002107,0,0,0,0,0,0,0,20260402,20261212
002108,0,0,0,0,0,0,0,20260402,20261212
002109,0,0,0,0,0,0,0,20260402,20261212
002110,0,0,0,0,0,0,0,20260402,20261212
002111,0,0,0,0,0,0,0,20260402,20261212
002112,0,0,0,0,0,0,0,20260402,20261212
002113,0,0,0,0,0,0,0,20260402,20261212
002114,0,0,0,0,0,0,0,20260402,20261212
002115,0,0,0,0,0,0,0,20260402,20261212
002116,0,0,0,0,0,0,0,20260402,20261212
002117,0,0,0,0,0,0,0,20260402,20261212
002118,0,0,0,0,0,0,0,20260402,20261212
002119,0,0,0,0,0,0,0,20260402,20261212
002120,0,0,0,0,0,0,0,20260402,20261212
002121,0,0,0,0,0,0,0,20260402,20261212
002122,0,0,0,0,0,0,0,20260402,20261212
002123,0,0,0,0,0,0,0,20260402,20261212
002124,0,0,0,0,0,0,0,20260402,20261212
002125,0,0,0,0,0,0,0,20260402,20261212
002126,0,0,0,0,0,0,0,20260402,20261212
002127,0,0,0,0,0,0,0,20260402,20261212
002128,0,0,0,0,0,0,0,20260402,20261212
002129,0,0,0,0,0,0,0,20260402,20261212
002130,0,0,0,0,0,0,0,20260402,20261212
002131,0,0,0,0,0,0,0,20260402,20261212
002132,0,0,0,0,0,0,0,20260402,20261212
002133,0,0,0,0,0,0,0,20260402,20261212
002134,0,0,0,0,0,0,0,20260402,20261212
002135,0,0,0,0,0,0,0,20260402,20261212
002136,0,0,0,0,0,0,0,20260402,20261212
002137,0,0,0,0,0,0,0,20260402,20261212
002138,0,0,0,0,0,0,0,20260402,20261212
002139,0,0,0,0,0,0,0,20260402,20261212
002140,0,0,0,0,0,0,0,20260402,20261212
002141,0,0,0,0,0,0,0,20260402,20261212
002142,0,0,0,0,0,0,0,20260402,20261212
002143,0,0,0,0,0,0,0,20260402,20261212
002144,0,0,0,0,0,0,0,20260402,20261212
002145,0,0,0,0,0,0,0,20260402,20261212
002146,0,0,0,0,0,0,0,20260402,20261212
002147,0,0,0,0,0,0,0,20260402,20261212
002148,0,0,0,0,0,0,0,20260402,20261212
002149,0,0,0,0,0,0,0,20260402,20261212
002150,0,0,0,0,0,0,0,20260402,20261212
002151,0,0,0,0,0,0,0,20260402,20261212
002152,0,0,0,0,0,0,0,20260402,20261212
002153,0,0,0,0,0,0,0,20260402,20261212
002154,0,0,0,0,0,0,0,20260402,20261212
002155,0,0,0,0,0,0,0,20260402,20261212
002156,0,0,0,0,0,0,0,20260402,20261212
002157,0,0,0,0,0,0,0,20260402,20261212
002158,0,0,0,0,0,0,0,20260402,20261212
002159,0,0,0,0,0,0,0,20260402,20261212
002160,0,0,0,0,0,0,0,20260402,20261212
002161,0,0,0,0,0,0,0,20260402,20261212
002162,0,0,0,0,0,0,0,20260402,20261212
002163,0,0,0,0,0,0,0,20260402,20261212
002164,0,0,0,0,0,0,0,20260402,20261212
002165,0,0,0,0,0,0,0,20260402,20261212
002166,0,0,0,0,0,0,0,20260402,20261212
002167,0,0,0,0,0,0,0,20260402,20261212
002168,0,0,0,0,0,0,0,20260402,20261212
002169,0,0,0,0,0,0,0,20260402,20261212
002170,0,0,0,0,0,0,0,20260402,20261212
002171,0,0,0,0,0,0,0,20260402,20261212
002172,0,0,0,0,0,0,0,20260402,20261212
002173,0,0,0,0,0,0,0,20260402,20261212
002174,0,0,0,0,0,0,0,20260402,20261212
002175,0,0,0,0,0,0,0,20260402,20261212
002176,0,0,0,0,0,0,0,20260402,20261212
002177,0,0,0,0,0,0,0,20260402,20261212
002178,0,0,0,0,0,0,0,20260402,20261212
002179,0,0,0,0,0,0,0,20260402,20261212
002180,0,0,0,0,0,0,0,20260402,20261212
002181,0,0,0,0,0,0,0,20260402,20261212
002182,0,0,0,0,0,0,0,20260402,20261212
002183,0,0,0,0,0,0,0,20260402,20261212
002184,0,0,0,0,0,0,0,20260402,20261212
002185,0,0,0,0,0,0,0,20260402,20261212
002186,0,0,0,0,0,0,0,20260402,20261212
002187,0,0,0,0,0,0,0,20260402,20261212
002188,0,0,0,0,0,0,0,20260402,20261212
002189,0,0,0,0,0,0,0,20260402,20261212
002190,0,0,0,0,0,0,0,20260402,20261212
002191,0,0,0,0,0,0,0,20260402,20261212
002192,0,0,0,0,0,0,0,20260402,20261212
002193,0,0,0,0,0,0,0,20260402,20261212
002194,0,0,0,0,0,0,0,20260402,20261212
002195,0,0,0,0,0,0,0,20260402,20261212
002196,0,0,0,0,0,0,0,20260402,20261212
002197,0,0,0,0,0,0,0,20260402,20261212
002198,0,0,0,0,0,0,0,20260402,20261212
002199,0,0,0,0,0,0,0,20260402,20261212
002200,0,0,0,0,0,0,0,20260402,20261212
002201,0,0,0,0,0,0,0,20260402,20261212
002202,0,0,0,0,0,0,0,20260402,20261212
002203,0,0,0,0,0,0,0,20260402,20261212
002204,0,0,0,0,0,0,0,20260402,20261212
002205,0,0,0,0,0,0,0,20260402,20261212
002206,0,0,0,0,0,0,0,20260402,20261212
002207,0,0,0,0,0,0,0,20260402,20261212
002208,0,0,0,0,0,0,0,20260402,20261212
002209,0,0,0,0,0,0,0,20260402,20261212
002210,0,0,0,0,0,0,0,20260402,20261212
002211,0,0,0,0,0,0,0,20260402,20261212
002212,0,0,0,0,0,0,0,20260402,20261212
002213,0,0,0,0,0,0,0,20260402,20261212
002214,0,0,0,0,0,0,0,20260402,20261212
002215,0,0,0,0,0,0,0,20260402,20261212
002216,0,0,0,0,0,0,0,20260402,20261212
002217,0,0,0,0,0,0,0,20260402,20261212
002218,0,0,0,0,0,0,0,20260402,20261212
002219,0,0,0,0,0,0,0,20260402,20261212
002220,0,0,0,0,0,0,0,20260402,20261212
002221,0,0,0,0,0,0,0,20260402,20261212
002222,0,0,0,0,0,0,0,20260402,20261212
002223,0,0,0,0,0,0,0,20260402,20261212
002224,0,0,0,0,0,0,0,20260402,20261212
002225,0,0,0,0,0,0,0,20260402,20261212
002226,0,0,0,0,0,0,0,20260402,20261212
002227,0,0,0,0,0,0,0,20260402,20261212
002228,0,0,0,0,0,0,0,20260402,20261212
002229,0,0,0,0,0,0,0,20260402,20261212
002230,0,0,0,0,0,0,0,20260402,20261212
002231,0,0,0,0,0,0,0,20260402,20261212
002232,0,0,0,0,0,0,0,20260402,20261212
002233,0,0,0,0,0,0,0,20260402,20261212
002234,0,0,0,0,0,0,0,20260402,20261212
002235,0,0,0,0,0,0,0,20260402,20261212
002236,0,0,0,0,0,0,0,20260402,20261212
002237,0,0,0,0,0,0,0,20260402,20261212
002238,0,0,0,0,0,0,0,20260402,20261212
002239,0,0,0,0,0,0,0,20260402,20261212
002240,0,0,0,0,0,0,0,20260402,20261212
002241,0,0,0,0,0,0,0,20260402,20261212
002242,0,0,0,0,0,0,0,20260402,20261212
002243,0,0,0,0,0,0,0,20260402,20261212
002244,0,0,0,0,0,0,0,20260402,20261212
002245,0,0,0,0,0,0,0,20260402,20261212
002246,0,0,0,0,0,0,0,20260402,20261212
002247,0,0,0,0,0,0,0,20260402,20261212
002248,0,0,0,0,0,0,0,20260402,20261212
002249,0,0,0,0,0,0,0,20260402,20261212
002250,0,0,0,0,0,0,0,20260402,20261212
002251,0,0,0,0,0,0,0,20260402,20261212
002252,0,0,0,0,0,0,0,20260402,20261212
002253,0,0,0,0,0,0,0,20260402,20261212
002254,0,0,0,0,0,0,0,20260402,20261212
002255,0,0,0,0,0,0,0,20260402,20261212
002256,0,0,0,0,0,0,0,20260402,20261212
002257,0,0,0,0,0,0,0,20260402,20261212
002258,0,0,0,0,0,0,0,20260402,20261212
002259,0,0,0,0,0,0,0,20260402,20261212
002260,0,0,0,0,0,0,0,20260402,20261212
002261,0,0,0,0,0,0,0,20260402,20261212
002262,0,0,0,0,0,0,0,20260402,20261212
002263,0,0,0,0,0,0,0,20260402,20261212
002264,0,0,0,0,0,0,0,20260402,20261212
002265,0,0,0,0,0,0,0,20260402,20261212
002266,0,0,0,0,0,0,0,20260402,20261212
002267,0,0,0,0,0,0,0,20260402,20261212
002268,0,0,0,0,0,0,0,20260402,20261212
002269,0,0,0,0,0,0,0,20260402,20261212
002270,0,0,0,0,0,0,0,20260402,20261212
002271,0,0,0,0,0,0,0,20260402,20261212
002272,0,0,0,0,0,0,0,20260402,20261212
002273,0,0,0,0,0,0,0,20260402,20261212
002274,0,0,0,0,0,0,0,20260402,20261212
002275,0,0,0,0,0,0,0,20260402,20261212
002276,0,0,0,0,0,0,0,20260402,20261212
002277,0,0,0,0,0,0,0,20260402,20261212
002278,0,0,0,0,0,0,0,20260402,20261212
002279,0,0,0,0,0,0,0,20260402,20261212
002280,0,0,0,0,0,0,0,20260402,20261212
002281,0,0,0,0,0,0,0,20260402,20261212
002282,0,0,0,0,0,0,0,20260402,20261212
002283,0,0,0,0,0,0,0,20260402,20261212
002284,0,0,0,0,0,0,0,20260402,20261212
002285,0,0,0,0,0,0,0,20260402,20261212
002286,0,0,0,0,0,0,0,20260402,20261212
002287,0,0,0,0,0,0,0,20260402,20261212
002288,0,0,0,0,0,0,0,20260402,20261212
002289,0,0,0,0,0,0,0,20260402,20261212
002290,0,0,0,0,0,0,0,20260402,20261212
002291,0,0,0,0,0,0,0,20260402,20261212
002292,0,0,0,0,0,0,0,20260402,20261212
002293,0,0,0,0,0,0,0,20260402,20261212
002294,0,0,0,0,0,0,0,20260402,20261212
002295,0,0,0,0,0,0,0,20260402,20261212
002296,0,0,0,0,0,0,0,20260402,20261212
002297,0,0,0,0,0,0,0,20260402,20261212
002298,0,0,0,0,0,0,0,20260402,20261212
002299,0,0,0,0,0,0,0,20260402,20261212
002300,0,0,0,0,0,0,0,20260402,20261212
002301,0,0,0,0,0,0,0,20260402,20261212
002302,0,0,0,0,0,0,0,20260402,20261212
002303,0,0,0,0,0,0,0,20260402,20261212
002304,0,0,0,0,0,0,0,20260402,20261212
002305,0,0,0,0,0,0,0,20260402,20261212
002306,0,0,0,0,0,0,0,20260402,20261212
002307,0,0,0,0,0,0,0,20260402,20261212
002308,0,0,0,0,0,0,0,20260402,20261212
002309,0,0,0,0,0,0,0,20260402,20261212
002310,0,0,0,0,0,0,0,20260402,20261212
002311,0,0,0,0,0,0,0,20260402,20261212
002312,0,0,0,0,0,0,0,20260402,20261212
002313,0,0,0,0,0,0,0,20260402,20261212
002314,0,0,0,0,0,0,0,20260402,20261212
002315,0,0,0,0,0,0,0,20260402,20261212
002316,0,0,0,0,0,0,0,20260402,20261212
002317,0,0,0,0,0,0,0,20260402,20261212
002318,0,0,0,0,0,0,0,20260402,20261212
002319,0,0,0,0,0,0,0,20260402,20261212
002320,0,0,0,0,0,0,0,20260402,20261212
002321,0,0,0,0,0,0,0,20260402,20261212
002322,0,0,0,0,0,0,0,20260402,20261212
002323,0,0,0,0,0,0,0,20260402,20261212
002324,0,0,0,0,0,0,0,20260402,20261212
002325,0,0,0,0,0,0,0,20260402,20261212
002326,0,0,0,0,0,0,0,20260402,20261212
002327,0,0,0,0,0,0,0,20260402,20261212
002328,0,0,0,0,0,0,0,20260402,20261212
002329,0,0,0,0,0,0,0,20260402,20261212
002330,0,0,0,0,0,0,0,20260402,20261212
002331,0,0,0,0,0,0,0,20260402,20261212
002332,0,0,0,0,0,0,0,20260402,20261212
002333,0,0,0,0,0,0,0,20260402,20261212
002334,0,0,0,0,0,0,0,20260402,20261212
002335,0,0,0,0,0,0,0,20260402,20261212
002336,0,0,0,0,0,0,0,20260402,20261212
002337,0,0,0,0,0,0,0,20260402,20261212
002338,0,0,0,0,0,0,0,20260402,20261212
002339,0,0,0,0,0,0,0,20260402,20261212
002340,0,0,0,0,0,0,0,20260402,20261212
002341,0,0,0,0,0,0,0,20260402,20261212
002342,0,0,0,0,0,0,0,20260402,20261212
002343,0,0,0,0,0,0,0,20260402,20261212
002344,0,0,0,0,0,0,0,20260402,20261212
002345,0,0,0,0,0,0,0,20260402,20261212
002346,0,0,0,0,0,0,0,20260402,20261212
002347,0,0,0,0,0,0,0,20260402,20261212
002348,0,0,0,0,0,0,0,20260402,20261212
002349,0,0,0,0,0,0,0,20260402,20261212
002350,0,0,0,0,0,0,0,20260402,20261212
002351,0,0,0,0,0,0,0,20260402,20261212
002352,0,0,0,0,0,0,0,20260402,20261212
002353,0,0,0,0,0,0,0,20260402,20261212
002354,0,0,0,0,0,0,0,20260402,20261212
002355,0,0,0,0,0,0,0,20260402,20261212
002356,0,0,0,0,0,0,0,20260402,20261212
002357,0,0,0,0,0,0,0,20260402,20261212
002358,0,0,0,0,0,0,0,20260402,20261212
002359,0,0,0,0,0,0,0,20260402,20261212
002360,0,0,0,0,0,0,0,20260402,20261212
002361,0,0,0,0,0,0,0,20260402,20261212
002362,0,0,0,0,0,0,0,20260402,20261212
002363,0,0,0,0,0,0,0,20260402,20261212
002364,0,0,0,0,0,0,0,20260402,20261212
002365,0,0,0,0,0,0,0,20260402,20261212
002366,0,0,0,0,0,0,0,20260402,20261212
002367,0,0,0,0,0,0,0,20260402,20261212
002368,0,0,0,0,0,0,0,20260402,20261212
002369,0,0,0,0,0,0,0,20260402,20261212
002370,0,0,0,0,0,0,0,20260402,20261212
002371,0,0,0,0,0,0,0,20260402,20261212
002372,0,0,0,0,0,0,0,20260402,20261212
002373,0,0,0,0,0,0,0,20260402,20261212
002374,0,0,0,0,0,0,0,20260402,20261212
002375,0,0,0,0,0,0,0,20260402,20261212
002376,0,0,0,0,0,0,0,20260402,20261212
002377,0,0,0,0,0,0,0,20260402,20261212
002378,0,0,0,0,0,0,0,20260402,20261212
002379,0,0,0,0,0,0,0,20260402,20261212
002380,0,0,0,0,0,0,0,20260402,20261212
002381,0,0,0,0,0,0,0,20260402,20261212
002382,0,0,0,0,0,0,0,20260402,20261212
002383,0,0,0,0,0,0,0,20260402,20261212
002384,0,0,0,0,0,0,0,20260402,20261212
002385,0,0,0,0,0,0,0,20260402,20261212
002386,0,0,0,0,0,0,0,20260402,20261212
002387,0,0,0,0,0,0,0,20260402,20261212
002388,0,0,0,0,0,0,0,20260402,20261212
002389,0,0,0,0,0,0,0,20260402,20261212
002390,0,0,0,0,0,0,0,20260402,20261212
002391,0,0,0,0,0,0,0,20260402,20261212
002392,0,0,0,0,0,0,0,20260402,20261212
002393,0,0,0,0,0,0,0,20260402,20261212
002394,0,0,0,0,0,0,0,20260402,20261212
002395,0,0,0,0,0,0,0,20260402,20261212
002396,0,0,0,0,0,0,0,20260402,20261212
002397,0,0,0,0,0,0,0,20260402,20261212
002398,0,0,0,0,0,0,0,20260402,20261212
002399,0,0,0,0,0,0,0,20260402,20261212
002400,0,0,0,0,0,0,0,20260402,20261212
002401,0,0,0,0,0,0,0,20260402,20261212
002402,0,0,0,0,0,0,0,20260402,20261212
002403,0,0,0,0,0,0,0,20260402,20261212
002404,0,0,0,0,0,0,0,20260402,20261212
002405,0,0,0,0,0,0,0,20260402,20261212
002406,0,0,0,0,0,0,0,20260402,20261212
002407,0,0,0,0,0,0,0,20260402,20261212
002408,0,0,0,0,0,0,0,20260402,20261212
002409,0,0,0,0,0,0,0,20260402,20261212
002410,0,0,0,0,0,0,0,20260402,20261212
002411,0,0,0,0,0,0,0,20260402,20261212
002412,0,0,0,0,0,0,0,20260402,20261212
002413,0,0,0,0,0,0,0,20260402,20261212
002414,0,0,0,0,0,0,0,20260402,20261212
002415,0,0,0,0,0,0,0,20260402,20261212
002416,0,0,0,0,0,0,0,20260402,20261212
002417,0,0,0,0,0,0,0,20260402,20261212
002418,0,0,0,0,0,0,0,20260402,20261212
002419,0,0,0,0,0,0,0,20260402,20261212
002420,0,0,0,0,0,0,0,20260402,20261212
002421,0,0,0,0,0,0,0,20260402,20261212
002422,0,0,0,0,0,0,0,20260402,20261212
002423,0,0,0,0,0,0,0,20260402,20261212
002424,0,0,0,0,0,0,0,20260402,20261212
002425,0,0,0,0,0,0,0,20260402,20261212
002426,0,0,0,0,0,0,0,20260402,20261212
002427,0,0,0,0,0,0,0,20260402,20261212
002428,0,0,0,0,0,0,0,20260402,20261212
002429,0,0,0,0,0,0,0,20260402,20261212
002430,0,0,0,0,0,0,0,20260402,20261212
002431,0,0,0,0,0,0,0,20260402,20261212
002432,0,0,0,0,0,0,0,20260402,20261212
002433,0,0,0,0,0,0,0,20260402,20261212
002434,0,0,0,0,0,0,0,20260402,20261212
002435,0,0,0,0,0,0,0,20260402,20261212
002436,0,0,0,0,0,0,0,20260402,20261212
002437,0,0,0,0,0,0,0,20260402,20261212
002438,0,0,0,0,0,0,0,20260402,20261212
002439,0,0,0,0,0,0,0,20260402,20261212
002440,0,0,0,0,0,0,0,20260402,20261212
002441,0,0,0,0,0,0,0,20260402,20261212
002442,0,0,0,0,0,0,0,20260402,20261212
002443,0,0,0,0,0,0,0,20260402,20261212
002444,0,0,0,0,0,0,0,20260402,20261212
002445,0,0,0,0,0,0,0,20260402,20261212
002446,0,0,0,0,0,0,0,20260402,20261212
002447,0,0,0,0,0,0,0,20260402,20261212
002448,0,0,0,0,0,0,0,20260402,20261212
002449,0,0,0,0,0,0,0,20260402,20261212
002450,0,0,0,0,0,0,0,20260402,20261212
002451,0,0,0,0,0,0,0,20260402,20261212
002452,0,0,0,0,0,0,0,20260402,20261212
002453,0,0,0,0,0,0,0,20260402,20261212
002454,0,0,0,0,0,0,0,20260402,20261212
002455,0,0,0,0,0,0,0,20260402,20261212
002456,0,0,0,0,0,0,0,20260402,20261212
002457,0,0,0,0,0,0,0,20260402,20261212
002458,0,0,0,0,0,0,0,20260402,20261212
002459,0,0,0,0,0,0,0,20260402,20261212
002460,0,0,0,0,0,0,0,20260402,20261212
002461,0,0,0,0,0,0,0,20260402,20261212
002462,0,0,0,0,0,0,0,20260402,20261212
002463,0,0,0,0,0,0,0,20260402,20261212
002464,0,0,0,0,0,0,0,20260402,20261212
002465,0,0,0,0,0,0,0,20260402,20261212
002466,0,0,0,0,0,0,0,20260402,20261212
002467,0,0,0,0,0,0,0,20260402,20261212
002468,0,0,0,0,0,0,0,20260402,20261212
002469,0,0,0,0,0,0,0,20260402,20261212
002470,0,0,0,0,0,0,0,20260402,20261212
002471,0,0,0,0,0,0,0,20260402,20261212
002472,0,0,0,0,0,0,0,20260402,20261212
002473,0,0,0,0,0,0,0,20260402,20261212
002474,0,0,0,0,0,0,0,20260402,20261212
002475,0,0,0,0,0,0,0,20260402,20261212
002476,0,0,0,0,0,0,0,20260402,20261212
002477,0,0,0,0,0,0,0,20260402,20261212
002478,0,0,0,0,0,0,0,20260402,20261212
002479,0,0,0,0,0,0,0,20260402,20261212
002480,0,0,0,0,0,0,0,20260402,20261212
002481,0,0,0,0,0,0,0,20260402,20261212
002482,0,0,0,0,0,0,0,20260402,20261212
002483,0,0,0,0,0,0,0,20260402,20261212
002484,0,0,0,0,0,0,0,20260402,20261212
002485,0,0,0,0,0,0,0,20260402,20261212
002486,0,0,0,0,0,0,0,20260402,20261212
002487,0,0,0,0,0,0,0,20260402,20261212
002488,0,0,0,0,0,0,0,20260402,20261212
002489,0,0,0,0,0,0,0,20260402,20261212
002490,0,0,0,0,0,0,0,20260402,20261212
002491,0,0,0,0,0,0,0,20260402,20261212
002492,0,0,0,0,0,0,0,20260402,20261212
002493,0,0,0,0,0,0,0,20260402,20261212
002494,0,0,0,0,0,0,0,20260402,20261212
002495,0,0,0,0,0,0,0,20260402,20261212
002496,0,0,0,0,0,0,0,20260402,20261212
002497,0,0,0,0,0,0,0,20260402,20261212
002498,0,0,0,0,0,0,0,20260402,20261212
002499,0,0,0,0,0,0,0,20260402,20261212
002500,0,0,0,0,0,0,0,20260402,20261212
002501,0,0,0,0,0,0,0,20260402,20261212
002502,0,0,0,0,0,0,0,20260402,20261212
002503,0,0,0,0,0,0,0,20260402,20261212
002504,0,0,0,0,0,0,0,20260402,20261212
002505,0,0,0,0,0,0,0,20260402,20261212
002506,0,0,0,0,0,0,0,20260402,20261212
002507,0,0,0,0,0,0,0,20260402,20261212
002508,0,0,0,0,0,0,0,20260402,20261212
002509,0,0,0,0,0,0,0,20260402,20261212
002510,0,0,0,0,0,0,0,20260402,20261212
002511,0,0,0,0,0,0,0,20260402,20261212
002512,0,0,0,0,0,0,0,20260402,20261212
002513,0,0,0,0,0,0,0,20260402,20261212
002514,0,0,0,0,0,0,0,20260402,20261212
002515,0,0,0,0,0,0,0,20260402,20261212
002516,0,0,0,0,0,0,0,20260402,20261212
002517,0,0,0,0,0,0,0,20260402,20261212
002518,0,0,0,0,0,0,0,20260402,20261212
002519,0,0,0,0,0,0,0,20260402,20261212
002520,0,0,0,0,0,0,0,20260402,20261212
002521,0,0,0,0,0,0,0,20260402,20261212
002522,0,0,0,0,0,0,0,20260402,20261212
002523,0,0,0,0,0,0,0,20260402,20261212
002524,0,0,0,0,0,0,0,20260402,20261212
002525,0,0,0,0,0,0,0,20260402,20261212
002526,0,0,0,0,0,0,0,20260402,20261212
002527,0,0,0,0,0,0,0,20260402,20261212
002528,0,0,0,0,0,0,0,20260402,20261212
002529,0,0,0,0,0,0,0,20260402,20261212
002530,0,0,0,0,0,0,0,20260402,20261212
002531,0,0,0,0,0,0,0,20260402,20261212
002532,0,0,0,0,0,0,0,20260402,20261212
002533,0,0,0,0,0,0,0,20260402,20261212
002534,0,0,0,0,0,0,0,20260402,20261212
002535,0,0,0,0,0,0,0,20260402,20261212
002536,0,0,0,0,0,0,0,20260402,20261212
002537,0,0,0,0,0,0,0,20260402,20261212
002538,0,0,0,0,0,0,0,20260402,20261212
002539,0,0,0,0,0,0,0,20260402,20261212
002540,0,0,0,0,0,0,0,20260402,20261212
002541,0,0,0,0,0,0,0,20260402,20261212
002542,0,0,0,0,0,0,0,20260402,20261212
002543,0,0,0,0,0,0,0,20260402,20261212
002544,0,0,0,0,0,0,0,20260402,20261212
002545,0,0,0,0,0,0,0,20260402,20261212
002546,0,0,0,0,0,0,0,20260402,20261212
002547,0,0,0,0,0,0,0,20260402,20261212
002548,0,0,0,0,0,0,0,20260402,20261212
002549,0,0,0,0,0,0,0,20260402,20261212
002550,0,0,0,0,0,0,0,20260402,20261212
002551,0,0,0,0,0,0,0,20260402,20261212
002552,0,0,0,0,0,0,0,20260402,20261212
002553,0,0,0,0,0,0,0,20260402,20261212
002554,0,0,0,0,0,0,0,20260402,20261212
002555,0,0,0,0,0,0,0,20260402,20261212
002556,0,0,0,0,0,0,0,20260402,20261212
002557,0,0,0,0,0,0,0,20260402,20261212
002558,0,0,0,0,0,0,0,20260402,20261212
002559,0,0,0,0,0,0,0,20260402,20261212
002560,0,0,0,0,0,0,0,20260402,20261212
002561,0,0,0,0,0,0,0,20260402,20261212
002562,0,0,0,0,0,0,0,20260402,20261212
002563,0,0,0,0,0,0,0,20260402,20261212
002564,0,0,0,0,0,0,0,20260402,20261212
002565,0,0,0,0,0,0,0,20260402,20261212
002566,0,0,0,0,0,0,0,20260402,20261212
002567,0,0,0,0,0,0,0,20260402,20261212
002568,0,0,0,0,0,0,0,20260402,20261212
002569,0,0,0,0,0,0,0,20260402,20261212
002570,0,0,0,0,0,0,0,20260402,20261212
002571,0,0,0,0,0,0,0,20260402,20261212
002572,0,0,0,0,0,0,0,20260402,20261212
002573,0,0,0,0,0,0,0,20260402,20261212
002574,0,0,0,0,0,0,0,20260402,20261212
002575,0,0,0,0,0,0,0,20260402,20261212
002576,0,0,0,0,0,0,0,20260402,20261212
002577,0,0,0,0,0,0,0,20260402,20261212
002578,0,0,0,0,0,0,0,20260402,20261212
002579,0,0,0,0,0,0,0,20260402,20261212
002580,0,0,0,0,0,0,0,20260402,20261212
002581,0,0,0,0,0,0,0,20260402,20261212
002582,0,0,0,0,0,0,0,20260402,20261212
002583,0,0,0,0,0,0,0,20260402,20261212
002584,0,0,0,0,0,0,0,20260402,20261212
002585,0,0,0,0,0,0,0,20260402,20261212
002586,0,0,0,0,0,0,0,20260402,20261212
002587,0,0,0,0,0,0,0,20260402,20261212
002588,0,0,0,0,0,0,0,20260402,20261212
002589,0,0,0,0,0,0,0,20260402,20261212
002590,0,0,0,0,0,0,0,20260402,20261212
002591,0,0,0,0,0,0,0,20260402,20261212
002592,0,0,0,0,0,0,0,20260402,20261212
002593,0,0,0,0,0,0,0,20260402,20261212
002594,0,0,0,0,0,0,0,20260402,20261212
002595,0,0,0,0,0,0,0,20260402,20261212
002596,0,0,0,0,0,0,0,20260402,20261212
002597,0,0,0,0,0,0,0,20260402,20261212
002598,0,0,0,0,0,0,0,20260402,20261212
002599,0,0,0,0,0,0,0,20260402,20261212
002600,0,0,0,0,0,0,0,20260402,20261212
002601,0,0,0,0,0,0,0,20260402,20261212
002602,0,0,0,0,0,0,0,20260402,20261212
002603,0,0,0,0,0,0,0,20260402,20261212
002604,0,0,0,0,0,0,0,20260402,20261212
002605,0,0,0,0,0,0,0,20260402,20261212
002606,0,0,0,0,0,0,0,20260402,20261212
002607,0,0,0,0,0,0,0,20260402,20261212
002608,0,0,0,0,0,0,0,20260402,20261212
002609,0,0,0,0,0,0,0,20260402,20261212
002610,0,0,0,0,0,0,0,20260402,20261212
002611,0,0,0,0,0,0,0,20260402,20261212
002612,0,0,0,0,0,0,0,20260402,20261212
002613,0,0,0,0,0,0,0,20260402,20261212
002614,0,0,0,0,0,0,0,20260402,20261212
002615,0,0,0,0,0,0,0,20260402,20261212
002616,0,0,0,0,0,0,0,20260402,20261212
002617,0,0,0,0,0,0,0,20260402,20261212
002618,0,0,0,0,0,0,0,20260402,20261212
002619,0,0,0,0,0,0,0,20260402,20261212
002620,0,0,0,0,0,0,0,20260402,20261212
002621,0,0,0,0,0,0,0,20260402,20261212
002622,0,0,0,0,0,0,0,20260402,20261212
002623,0,0,0,0,0,0,0,20260402,20261212
002624,0,0,0,0,0,0,0,20260402,20261212
002625,0,0,0,0,0,0,0,20260402,20261212
002626,0,0,0,0,0,0,0,20260402,20261212
002627,0,0,0,0,0,0,0,20260402,20261212
002628,0,0,0,0,0,0,0,20260402,20261212
002629,0,0,0,0,0,0,0,20260402,20261212
002630,0,0,0,0,0,0,0,20260402,20261212
002631,0,0,0,0,0,0,0,20260402,20261212
002632,0,0,0,0,0,0,0,20260402,20261212
002633,0,0,0,0,0,0,0,20260402,20261212
002634,0,0,0,0,0,0,0,20260402,20261212
002635,0,0,0,0,0,0,0,20260402,20261212
002636,0,0,0,0,0,0,0,20260402,20261212
002637,0,0,0,0,0,0,0,20260402,20261212
002638,0,0,0,0,0,0,0,20260402,20261212
002639,0,0,0,0,0,0,0,20260402,20261212
002640,0,0,0,0,0,0,0,20260402,20261212
002641,0,0,0,0,0,0,0,20260402,20261212
002642,0,0,0,0,0,0,0,20260402,20261212
002643,0,0,0,0,0,0,0,20260402,20261212
002644,0,0,0,0,0,0,0,20260402,20261212
002645,0,0,0,0,0,0,0,20260402,20261212
002646,0,0,0,0,0,0,0,20260402,20261212
002647,0,0,0,0,0,0,0,20260402,20261212
002648,0,0,0,0,0,0,0,20260402,20261212
002649,0,0,0,0,0,0,0,20260402,20261212
002650,0,0,0,0,0,0,0,20260402,20261212
002651,0,0,0,0,0,0,0,20260402,20261212
002652,0,0,0,0,0,0,0,20260402,20261212
002653,0,0,0,0,0,0,0,20260402,20261212
002654,0,0,0,0,0,0,0,20260402,20261212
002655,0,0,0,0,0,0,0,20260402,20261212
002656,0,0,0,0,0,0,0,20260402,20261212
002657,0,0,0,0,0,0,0,20260402,20261212
002658,0,0,0,0,0,0,0,20260402,20261212
002659,0,0,0,0,0,0,0,20260402,20261212
002660,0,0,0,0,0,0,0,20260402,20261212
002661,0,0,0,0,0,0,0,20260402,20261212
002662,0,0,0,0,0,0,0,20260402,20261212
002663,0,0,0,0,0,0,0,20260402,20261212
002664,0,0,0,0,0,0,0,20260402,20261212
002665,0,0,0,0,0,0,0,20260402,20261212
002666,0,0,0,0,0,0,0,20260402,20261212
002667,0,0,0,0,0,0,0,20260402,20261212
002668,0,0,0,0,0,0,0,20260402,20261212
002669,0,0,0,0,0,0,0,20260402,20261212
002670,0,0,0,0,0,0,0,20260402,20261212
002671,0,0,0,0,0,0,0,20260402,20261212
002672,0,0,0,0,0,0,0,20260402,20261212
002673,0,0,0,0,0,0,0,20260402,20261212
002674,0,0,0,0,0,0,0,20260402,20261212
002675,0,0,0,0,0,0,0,20260402,20261212
002676,0,0,0,0,0,0,0,20260402,20261212
002677,0,0,0,0,0,0,0,20260402,20261212
002678,0,0,0,0,0,0,0,20260402,20261212
002679,0,0,0,0,0,0,0,20260402,20261212
002680,0,0,0,0,0,0,0,20260402,20261212
002681,0,0,0,0,0,0,0,20260402,20261212
002682,0,0,0,0,0,0,0,20260402,20261212
002683,0,0,0,0,0,0,0,20260402,20261212
002684,0,0,0,0,0,0,0,20260402,20261212
002685,0,0,0,0,0,0,0,20260402,20261212
002686,0,0,0,0,0,0,0,20260402,20261212
002687,0,0,0,0,0,0,0,20260402,20261212
002688,0,0,0,0,0,0,0,20260402,20261212
002689,0,0,0,0,0,0,0,20260402,20261212
002690,0,0,0,0,0,0,0,20260402,20261212
002691,0,0,0,0,0,0,0,20260402,20261212
002692,0,0,0,0,0,0,0,20260402,20261212
002693,0,0,0,0,0,0,0,20260402,20261212
002694,0,0,0,0,0,0,0,20260402,20261212
002695,0,0,0,0,0,0,0,20260402,20261212
002696,0,0,0,0,0,0,0,20260402,20261212
002697,0,0,0,0,0,0,0,20260402,20261212
002698,0,0,0,0,0,0,0,20260402,20261212
002699,0,0,0,0,0,0,0,20260402,20261212
002700,0,0,0,0,0,0,0,20260402,20261212
002701,0,0,0,0,0,0,0,20260402,20261212
002702,0,0,0,0,0,0,0,20260402,20261212
002703,0,0,0,0,0,0,0,20260402,20261212
002704,0,0,0,0,0,0,0,20260402,20261212
002705,0,0,0,0,0,0,0,20260402,20261212
002706,0,0,0,0,0,0,0,20260402,20261212
002707,0,0,0,0,0,0,0,20260402,20261212
002708,0,0,0,0,0,0,0,20260402,20261212
002709,0,0,0,0,0,0,0,20260402,20261212
002710,0,0,0,0,0,0,0,20260402,20261212
002711,0,0,0,0,0,0,0,20260402,20261212
002712,0,0,0,0,0,0,0,20260402,20261212
002713,0,0,0,0,0,0,0,20260402,20261212
002714,0,0,0,0,0,0,0,20260402,20261212
002715,0,0,0,0,0,0,0,20260402,20261212
002716,0,0,0,0,0,0,0,20260402,20261212
002717,0,0,0,0,0,0,0,20260402,20261212
002718,0,0,0,0,0,0,0,20260402,20261212
002719,0,0,0,0,0,0,0,20260402,20261212
002720,0,0,0,0,0,0,0,20260402,20261212
002721,0,0,0,0,0,0,0,20260402,20261212
002722,0,0,0,0,0,0,0,20260402,20261212
002723,0,0,0,0,0,0,0,20260402,20261212
002724,0,0,0,0,0,0,0,20260402,20261212
002725,0,0,0,0,0,0,0,20260402,20261212
002726,0,0,0,0,0,0,0,20260402,20261212
002727,0,0,0,0,0,0,0,20260402,20261212
002728,0,0,0,0,0,0,0,20260402,20261212
002729,0,0,0,0,0,0,0,20260402,20261212
002730,0,0,0,0,0,0,0,20260402,20261212
002731,0,0,0,0,0,0,0,20260402,20261212
002732,0,0,0,0,0,0,0,20260402,20261212
002733,0,0,0,0,0,0,0,20260402,20261212
002734,0,0,0,0,0,0,0,20260402,20261212
002735,0,0,0,0,0,0,0,20260402,20261212
002736,0,0,0,0,0,0,0,20260402,20261212
002737,0,0,0,0,0,0,0,20260402,20261212
002738,0,0,0,0,0,0,0,20260402,20261212
002739,0,0,0,0,0,0,0,20260402,20261212
002740,0,0,0,0,0,0,0,20260402,20261212
002741,0,0,0,0,0,0,0,20260402,20261212
002742,0,0,0,0,0,0,0,20260402,20261212
002743,0,0,0,0,0,0,0,20260402,20261212
002744,0,0,0,0,0,0,0,20260402,20261212
002745,0,0,0,0,0,0,0,20260402,20261212
002746,0,0,0,0,0,0,0,20260402,20261212
002747,0,0,0,0,0,0,0,20260402,20261212
002748,0,0,0,0,0,0,0,20260402,20261212
002749,0,0,0,0,0,0,0,20260402,20261212
002750,0,0,0,0,0,0,0,20260402,20261212
002751,0,0,0,0,0,0,0,20260402,20261212
002752,0,0,0,0,0,0,0,20260402,20261212
002753,0,0,0,0,0,0,0,20260402,20261212
002754,0,0,0,0,0,0,0,20260402,20261212
002755,0,0,0,0,0,0,0,20260402,20261212
002756,0,0,0,0,0,0,0,20260402,20261212
002757,0,0,0,0,0,0,0,20260402,20261212
002758,0,0,0,0,0,0,0,20260402,20261212
002759,0,0,0,0,0,0,0,20260402,20261212
002760,0,0,0,0,0,0,0,20260402,20261212
002761,0,0,0,0,0,0,0,20260402,20261212
002762,0,0,0,0,0,0,0,20260402,20261212
002763,0,0,0,0,0,0,0,20260402,20261212
002764,0,0,0,0,0,0,0,20260402,20261212
002765,0,0,0,0,0,0,0,20260402,20261212
002766,0,0,0,0,0,0,0,20260402,20261212
002767,0,0,0,0,0,0,0,20260402,20261212
002768,0,0,0,0,0,0,0,20260402,20261212
002769,0,0,0,0,0,0,0,20260402,20261212
002770,0,0,0,0,0,0,0,20260402,20261212
002771,0,0,0,0,0,0,0,20260402,20261212
002772,0,0,0,0,0,0,0,20260402,20261212
002773,0,0,0,0,0,0,0,20260402,20261212
002774,0,0,0,0,0,0,0,20260402,20261212
002775,0,0,0,0,0,0,0,20260402,20261212
002776,0,0,0,0,0,0,0,20260402,20261212
002777,0,0,0,0,0,0,0,20260402,20261212
002778,0,0,0,0,0,0,0,20260402,20261212
002779,0,0,0,0,0,0,0,20260402,20261212
002780,0,0,0,0,0,0,0,20260402,20261212
002781,0,0,0,0,0,0,0,20260402,20261212
002782,0,0,0,0,0,0,0,20260402,20261212
002783,0,0,0,0,0,0,0,20260402,20261212
002784,0,0,0,0,0,0,0,20260402,20261212
002785,0,0,0,0,0,0,0,20260402,20261212
002786,0,0,0,0,0,0,0,20260402,20261212
002787,0,0,0,0,0,0,0,20260402,20261212
002788,0,0,0,0,0,0,0,20260402,20261212
002789,0,0,0,0,0,0,0,20260402,20261212
002790,0,0,0,0,0,0,0,20260402,20261212
002791,0,0,0,0,0,0,0,20260402,20261212
002792,0,0,0,0,0,0,0,20260402,20261212
002793,0,0,0,0,0,0,0,20260402,20261212
002794,0,0,0,0,0,0,0,20260402,20261212
002795,0,0,0,0,0,0,0,20260402,20261212
002796,0,0,0,0,0,0,0,20260402,20261212
002797,0,0,0,0,0,0,0,20260402,20261212
002798,0,0,0,0,0,0,0,20260402,20261212
002799,0,0,0,0,0,0,0,20260402,20261212
002800,0,0,0,0,0,0,0,20260402,20261212
002801,0,0,0,0,0,0,0,20260402,20261212
002802,0,0,0,0,0,0,0,20260402,20261212
002803,0,0,0,0,0,0,0,20260402,20261212
002804,0,0,0,0,0,0,0,20260402,20261212
002805,0,0,0,0,0,0,0,20260402,20261212
002806,0,0,0,0,0,0,0,20260402,20261212
002807,0,0,0,0,0,0,0,20260402,20261212
002808,0,0,0,0,0,0,0,20260402,20261212
002809,0,0,0,0,0,0,0,20260402,20261212
002810,0,0,0,0,0,0,0,20260402,20261212
002811,0,0,0,0,0,0,0,20260402,20261212
002812,0,0,0,0,0,0,0,20260402,20261212
002813,0,0,0,0,0,0,0,20260402,20261212
002814,0,0,0,0,0,0,0,20260402,20261212
002815,0,0,0,0,0,0,0,20260402,20261212
002816,0,0,0,0,0,0,0,20260402,20261212
002817,0,0,0,0,0,0,0,20260402,20261212
002818,0,0,0,0,0,0,0,20260402,20261212
002819,0,0,0,0,0,0,0,20260402,20261212
002820,0,0,0,0,0,0,0,20260402,20261212
002821,0,0,0,0,0,0,0,20260402,20261212
002822,0,0,0,0,0,0,0,20260402,20261212
002823,0,0,0,0,0,0,0,20260402,20261212
002824,0,0,0,0,0,0,0,20260402,20261212
002825,0,0,0,0,0,0,0,20260402,20261212
002826,0,0,0,0,0,0,0,20260402,20261212
002827,0,0,0,0,0,0,0,20260402,20261212
002828,0,0,0,0,0,0,0,20260402,20261212
002829,0,0,0,0,0,0,0,20260402,20261212
002830,0,0,0,0,0,0,0,20260402,20261212
002831,0,0,0,0,0,0,0,20260402,20261212
002832,0,0,0,0,0,0,0,20260402,20261212
002833,0,0,0,0,0,0,0,20260402,20261212
002834,0,0,0,0,0,0,0,20260402,20261212
002835,0,0,0,0,0,0,0,20260402,20261212
002836,0,0,0,0,0,0,0,20260402,20261212
002837,0,0,0,0,0,0,0,20260402,20261212
002838,0,0,0,0,0,0,0,20260402,20261212
002839,0,0,0,0,0,0,0,20260402,20261212
002840,0,0,0,0,0,0,0,20260402,20261212
002841,0,0,0,0,0,0,0,20260402,20261212
002842,0,0,0,0,0,0,0,20260402,20261212
002843,0,0,0,0,0,0,0,20260402,20261212
002844,0,0,0,0,0,0,0,20260402,20261212
002845,0,0,0,0,0,0,0,20260402,20261212
002846,0,0,0,0,0,0,0,20260402,20261212
002847,0,0,0,0,0,0,0,20260402,20261212
002848,0,0,0,0,0,0,0,20260402,20261212
002849,0,0,0,0,0,0,0,20260402,20261212
002850,0,0,0,0,0,0,0,20260402,20261212
002851,0,0,0,0,0,0,0,20260402,20261212
002852,0,0,0,0,0,0,0,20260402,20261212
002853,0,0,0,0,0,0,0,20260402,20261212
002854,0,0,0,0,0,0,0,20260402,20261212
002855,0,0,0,0,0,0,0,20260402,20261212
002856,0,0,0,0,0,0,0,20260402,20261212
002857,0,0,0,0,0,0,0,20260402,20261212
002858,0,0,0,0,0,0,0,20260402,20261212
002859,0,0,0,0,0,0,0,20260402,20261212
002860,0,0,0,0,0,0,0,20260402,20261212
002861,0,0,0,0,0,0,0,20260402,20261212
002862,0,0,0,0,0,0,0,20260402,20261212
002863,0,0,0,0,0,0,0,20260402,20261212
002864,0,0,0,0,0,0,0,20260402,20261212
002865,0,0,0,0,0,0,0,20260402,20261212
002866,0,0,0,0,0,0,0,20260402,20261212
002867,0,0,0,0,0,0,0,20260402,20261212
002868,0,0,0,0,0,0,0,20260402,20261212
002869,0,0,0,0,0,0,0,20260402,20261212
002870,0,0,0,0,0,0,0,20260402,20261212
002871,0,0,0,0,0,0,0,20260402,20261212
002872,0,0,0,0,0,0,0,20260402,20261212
002873,0,0,0,0,0,0,0,20260402,20261212
002874,0,0,0,0,0,0,0,20260402,20261212
002875,0,0,0,0,0,0,0,20260402,20261212
002876,0,0,0,0,0,0,0,20260402,20261212
002877,0,0,0,0,0,0,0,20260402,20261212
002878,0,0,0,0,0,0,0,20260402,20261212
002879,0,0,0,0,0,0,0,20260402,20261212
002880,0,0,0,0,0,0,0,20260402,20261212
002881,0,0,0,0,0,0,0,20260402,20261212
002882,0,0,0,0,0,0,0,20260402,20261212
002883,0,0,0,0,0,0,0,20260402,20261212
002884,0,0,0,0,0,0,0,20260402,20261212
002885,0,0,0,0,0,0,0,20260402,20261212
002886,0,0,0,0,0,0,0,20260402,20261212
002887,0,0,0,0,0,0,0,20260402,20261212
002888,0,0,0,0,0,0,0,20260402,20261212
002889,0,0,0,0,0,0,0,20260402,20261212
002890,0,0,0,0,0,0,0,20260402,20261212
002891,0,0,0,0,0,0,0,20260402,20261212
002892,0,0,0,0,0,0,0,20260402,20261212
002893,0,0,0,0,0,0,0,20260402,20261212
002894,0,0,0,0,0,0,0,20260402,20261212
002895,0,0,0,0,0,0,0,20260402,20261212
002896,0,0,0,0,0,0,0,20260402,20261212
002897,0,0,0,0,0,0,0,20260402,20261212
002898,0,0,0,0,0,0,0,20260402,20261212
002899,0,0,0,0,0,0,0,20260402,20261212
002900,0,0,0,0,0,0,0,20260402,20261212
002901,0,0,0,0,0,0,0,20260402,20261212
002902,0,0,0,0,0,0,0,20260402,20261212
002903,0,0,0,0,0,0,0,20260402,20261212
002904,0,0,0,0,0,0,0,20260402,20261212
002905,0,0,0,0,0,0,0,20260402,20261212
002906,0,0,0,0,0,0,0,20260402,20261212
002907,0,0,0,0,0,0,0,20260402,20261212
002908,0,0,0,0,0,0,0,20260402,20261212
002909,0,0,0,0,0,0,0,20260402,20261212
002910,0,0,0,0,0,0,0,20260402,20261212
002911,0,0,0,0,0,0,0,20260402,20261212
002912,0,0,0,0,0,0,0,20260402,20261212
002913,0,0,0,0,0,0,0,20260402,20261212
002914,0,0,0,0,0,0,0,20260402,20261212
002915,0,0,0,0,0,0,0,20260402,20261212
002916,0,0,0,0,0,0,0,20260402,20261212
002917,0,0,0,0,0,0,0,20260402,20261212
002918,0,0,0,0,0,0,0,20260402,20261212
002919,0,0,0,0,0,0,0,20260402,20261212
002920,0,0,0,0,0,0,0,20260402,20261212
002921,0,0,0,0,0,0,0,20260402,20261212
002922,0,0,0,0,0,0,0,20260402,20261212
002923,0,0,0,0,0,0,0,20260402,20261212
002924,0,0,0,0,0,0,0,20260402,20261212
002925,0,0,0,0,0,0,0,20260402,20261212
002926,0,0,0,0,0,0,0,20260402,20261212
002927,0,0,0,0,0,0,0,20260402,20261212
002928,0,0,0,0,0,0,0,20260402,20261212
002930,0,0,0,0,0,0,0,20260402,20261212
002931,0,0,0,0,0,0,0,20260402,20261212
002932,0,0,0,0,0,0,0,20260402,20261212
002933,0,0,0,0,0,0,0,20260402,20261212
002934,0,0,0,0,0,0,0,20260402,20261212
002935,0,0,0,0,0,0,0,20260402,20261212
002936,0,0,0,0,0,0,0,20260402,20261212
002937,0,0,0,0,0,0,0,20260402,20261212
002938,0,0,0,0,0,0,0,20260402,20261212
002939,0,0,0,0,0,0,0,20260402,20261212
002940,0,0,0,0,0,0,0,20260402,20261212
002941,0,0,0,0,0,0,0,20260402,20261212
002942,0,0,0,0,0,0,0,20260402,20261212
002943,0,0,0,0,0,0,0,20260402,20261212
002944,0,0,0,0,0,0,0,20260402,20261212
002945,0,0,0,0,0,0,0,20260402,20261212
002946,0,0,0,0,0,0,0,20260402,20261212
002947,0,0,0,0,0,0,0,20260402,20261212
002948,0,0,0,0,0,0,0,20260402,20261212
002949,0,0,0,0,0,0,0,20260402,20261212
002950,0,0,0,0,0,0,0,20260402,20261212
002951,0,0,0,0,0,0,0,20260402,20261212
002952,0,0,0,0,0,0,0,20260402,20261212
002953,0,0,0,0,0,0,0,20260402,20261212
002954,0,0,0,0,0,0,0,20260402,20261212
002955,0,0,0,0,0,0,0,20260402,20261212
002956,0,0,0,0,0,0,0,20260402,20261212
002957,0,0,0,0,0,0,0,20260402,20261212
002958,0,0,0,0,0,0,0,20260402,20261212
002959,0,0,0,0,0,0,0,20260402,20261212
002960,0,0,0,0,0,0,0,20260402,20261212
002961,0,0,0,0,0,0,0,20260402,20261212
002962,0,0,0,0,0,0,0,20260402,20261212
002963,0,0,0,0,0,0,0,20260402,20261212
002964,0,0,0,0,0,0,0,20260402,20261212
002965,0,0,0,0,0,0,0,20260402,20261212
002966,0,0,0,0,0,0,0,20260402,20261212
002967,0,0,0,0,0,0,0,20260402,20261212
002968,0,0,0,0,0,0,0,20260402,20261212
002969,0,0,0,0,0,0,0,20260402,20261212
002970,0,0,0,0,0,0,0,20260402,20261212
002971,0,0,0,0,0,0,0,20260402,20261212
002972,0,0,0,0,0,0,0,20260402,20261212
002973,0,0,0,0,0,0,0,20260402,20261212
002974,0,0,0,0,0,0,0,20260402,20261212
002975,0,0,0,0,0,0,0,20260402,20261212
002976,0,0,0,0,0,0,0,20260402,20261212
002977,0,0,0,0,0,0,0,20260402,20261212
002978,0,0,0,0,0,0,0,20260402,20261212
002979,0,0,0,0,0,0,0,20260402,20261212
002980,0,0,0,0,0,0,0,20260402,20261212
002981,0,0,0,0,0,0,0,20260402,20261212
002982,0,0,0,0,0,0,0,20260402,20261212
002983,0,0,0,0,0,0,0,20260402,20261212
002984,0,0,0,0,0,0,0,20260402,20261212
002985,0,0,0,0,0,0,0,20260402,20261212
002986,0,0,0,0,0,0,0,20260402,20261212
002987,0,0,0,0,0,0,0,20260402,20261212
002988,0,0,0,0,0,0,0,20260402,20261212
002989,0,0,0,0,0,0,0,20260402,20261212
002990,0,0,0,0,0,0,0,20260402,20261212
002991,0,0,0,0,0,0,0,20260402,20261212
002992,0,0,0,0,0,0,0,20260402,20261212
002993,0,0,0,0,0,0,0,20260402,20261212
002994,0,0,0,0,0,0,0,20260402,20261212
002995,0,0,0,0,0,0,0,20260402,20261212
002996,0,0,0,0,0,0,0,20260402,20261212
002997,0,0,0,0,0,0,0,20260402,20261212
002998,0,0,0,0,0,0,0,20260402,20261212
002999,0,0,0,0,0,0,0,20260402,20261212
003000,0,0,0,0,0,0,0,20260402,20261212
003001,0,0,0,0,0,0,0,20260402,20261212
003002,0,0,0,0,0,0,0,20260402,20261212
003003,0,0,0,0,0,0,0,20260402,20261212
003004,0,0,0,0,0,0,0,20260402,20261212
003005,0,0,0,0,0,0,0,20260402,20261212
003006,0,0,0,0,0,0,0,20260402,20261212
003007,0,0,0,0,0,0,0,20260402,20261212
003008,0,0,0,0,0,0,0,20260402,20261212
003009,0,0,0,0,0,0,0,20260402,20261212
003010,0,0,0,0,0,0,0,20260402,20261212
003011,0,0,0,0,0,0,0,20260402,20261212
003012,0,0,0,0,0,0,0,20260402,20261212
003013,0,0,0,0,0,0,0,20260402,20261212
003014,0,0,0,0,0,0,0,20260402,20261212
003015,0,0,0,0,0,0,0,20260402,20261212
003016,0,0,0,0,0,0,0,20260402,20261212
003017,0,0,0,0,0,0,0,20260402,20261212
003018,0,0,0,0,0,0,0,20260402,20261212
003019,0,0,0,0,0,0,0,20260402,20261212
003020,0,0,0,0,0,0,0,20260402,20261212
003021,0,0,0,0,0,0,0,20260402,20261212
003022,0,0,0,0,0,0,0,20260402,20261212
003023,0,0,0,0,0,0,0,20260402,20261212
003024,0,0,0,0,0,0,0,20260402,20261212
003025,0,0,0,0,0,0,0,20260402,20261212
003026,0,0,0,0,0,0,0,20260402,20261212
003027,0,0,0,0,0,0,0,20260402,20261212
003028,0,0,0,0,0,0,0,20260402,20261212
003029,0,0,0,0,0,0,0,20260402,20261212
003030,0,0,0,0,0,0,0,20260402,20261212
003031,0,0,0,0,0,0,0,20260402,20261212
003032,0,0,0,0,0,0,0,20260402,20261212
003033,0,0,0,0,0,0,0,20260402,20261212
003034,0,0,0,0,0,0,0,20260402,20261212
003035,0,0,0,0,0,0,0,20260402,20261212
003036,0,0,0,0,0,0,0,20260402,20261212
003037,0,0,0,0,0,0,0,20260402,20261212
003038,0,0,0,0,0,0,0,20260402,20261212
003039,0,0,0,0,0,0,0,20260402,20261212
003040,0,0,0,0,0,0,0,20260402,20261212
003041,0,0,0,0,0,0,0,20260402,20261212
003042,0,0,0,0,0,0,0,20260402,20261212
003043,0,0,0,0,0,0,0,20260402,20261212
003044,0,0,0,0,0,0,0,20260402,20261212
003045,0,0,0,0,0,0,0,20260402,20261212
003046,0,0,0,0,0,0,0,20260402,20261212
003047,0,0,0,0,0,0,0,20260402,20261212
003048,0,0,0,0,0,0,0,20260402,20261212
003049,0,0,0,0,0,0,0,20260402,20261212
003050,0,0,0,0,0,0,0,20260402,20261212
003051,0,0,0,0,0,0,0,20260402,20261212
003052,0,0,0,0,0,0,0,20260402,20261212
003053,0,0,0,0,0,0,0,20260402,20261212
003054,0,0,0,0,0,0,0,20260402,20261212
003055,0,0,0,0,0,0,0,20260402,20261212
003056,0,0,0,0,0,0,0,20260402,20261212
003057,0,0,0,0,0,0,0,20260402,20261212
003058,0,0,0,0,0,0,0,20260402,20261212
003059,0,0,0,0,0,0,0,20260402,20261212
003060,0,0,0,0,0,0,0,20260402,20261212
003061,0,0,0,0,0,0,0,20260402,20261212
003062,0,0,0,0,0,0,0,20260402,20261212
003063,0,0,0,0,0,0,0,20260402,20261212
003064,0,0,0,0,0,0,0,20260402,20261212
003065,0,0,0,0,0,0,0,20260402,20261212
003066,0,0,0,0,0,0,0,20260402,20261212
003067,0,0,0,0,0,0,0,20260402,20261212
003068,0,0,0,0,0,0,0,20260402,20261212
003069,0,0,0,0,0,0,0,20260402,20261212
003070,0,0,0,0,0,0,0,20260402,20261212
003071,0,0,0,0,0,0,0,20260402,20261212
003072,0,0,0,0,0,0,0,20260402,20261212
003073,0,0,0,0,0,0,0,20260402,20261212
003074,0,0,0,0,0,0,0,20260402,20261212
003075,0,0,0,0,0,0,0,20260402,20261212
003076,0,0,0,0,0,0,0,20260402,20261212
003079,0,0,0,0,0,0,0,20260402,20261212
003080,0,0,0,0,0,0,0,20260402,20261212
003081,0,0,0,0,0,0,0,20260402,20261212
003083,0,0,0,0,0,0,0,20260402,20261212
003085,0,0,0,0,0,0,0,20260402,20261212
003088,0,0,0,0,0,0,0,20260402,20261212
003089,0,0,0,0,0,0,0,20260402,20261212
003090,0,0,0,0,0,0,0,20260402,20261212
003091,0,0,0,0,0,0,0,20260402,20261212
003092,0,0,0,0,0,0,0,20260402,20261212
003093,0,0,0,0,0,0,0,20260402,20261212
003094,0,0,0,0,0,0,0,20260402,20261212
003095,0,0,0,0,0,0,0,20260402,20261212
003096,0,0,0,0,0,0,0,20260402,20261212
003097,0,0,0,0,0,0,0,20260402,20261212
003098,0,0,0,0,0,0,0,20260402,20261212
003099,0,0,0,0,0,0,0,20260402,20261212
003100,0,0,0,0,0,0,0,20260402,20261212
003101,0,0,0,0,0,0,0,20260402,20261212
003102,0,0,0,0,0,0,0,20260402,20261212
003103,0,0,0,0,0,0,0,20260402,20261212
003104,0,0,0,0,0,0,0,20260402,20261212
003105,0,0,0,0,0,0,0,20260402,20261212
003106,0,0,0,0,0,0,0,20260402,20261212
003107,0,0,0,0,0,0,0,20260402,20261212
003108,0,0,0,0,0,0,0,20260402,20261212
003109,0,0,0,0,0,0,0,20260402,20261212
003110,0,0,0,0,0,0,0,20260402,20261212
003111,0,0,0,0,0,0,0,20260402,20261212
003112,0,0,0,0,0,0,0,20260402,20261212
003113,0,0,0,0,0,0,0,20260402,20261212
003114,0,0,0,0,0,0,0,20260402,20261212
003115,0,0,0,0,0,0,0,20260402,20261212
003117,0,0,0,0,0,0,0,20260402,20261212
003119,0,0,0,0,0,0,0,20260402,20261212
003120,0,0,0,0,0,0,0,20260402,20261212
003121,0,0,0,0,0,0,0,20260402,20261212
003122,0,0,0,0,0,0,0,20260402,20261212
003123,0,0,0,0,0,0,0,20260402,20261212
003124,0,0,0,0,0,0,0,20260402,20261212
003125,0,0,0,0,0,0,0,20260402,20261212
003126,0,0,0,0,0,0,0,20260402,20261212
003127,0,0,0,0,0,0,0,20260402,20261212
003128,0,0,0,0,0,0,0,20260402,20261212
003129,0,0,0,0,0,0,0,20260402,20261212
003130,0,0,0,0,0,0,0,20260402,20261212
003131,0,0,0,0,0,0,0,20260402,20261212
003132,0,0,0,0,0,0,0,20260402,20261212
003133,0,0,0,0,0,0,0,20260402,20261212
003135,0,0,0,0,0,0,0,20260402,20261212
003136,0,0,0,0,0,0,0,20260402,20261212
003137,0,0,0,0,0,0,0,20260402,20261212
003138,0,0,0,0,0,0,0,20260402,20261212
003139,0,0,0,0,0,0,0,20260402,20261212
003140,0,0,0,0,0,0,0,20260402,20261212
003141,0,0,0,0,0,0,0,20260402,20261212
003142,0,0,0,0,0,0,0,20260402,20261212
003143,0,0,0,0,0,0,0,20260402,20261212
003144,0,0,0,0,0,0,0,20260402,20261212
003145,0,0,0,0,0,0,0,20260402,20261212
003146,0,0,0,0,0,0,0,20260402,20261212
003147,0,0,0,0,0,0,0,20260402,20261212
003148,0,0,0,0,0,0,0,20260402,20261212
003149,0,0,0,0,0,0,0,20260402,20261212
003150,0,0,0,0,0,0,0,20260402,20261212
003151,0,0,0,0,0,0,0,20260402,20261212
003152,0,0,0,0,0,0,0,20260402,20261212
003153,0,0,0,0,0,0,0,20260402,20261212
003154,0,0,0,0,0,0,0,20260402,20261212
003155,0,0,0,0,0,0,0,20260402,20261212
003156,0,0,0,0,0,0,0,20260402,20261212
003157,0,0,0,0,0,0,0,20260402,20261212
003158,0,0,0,0,0,0,0,20260402,20261212
003159,0,0,0,0,0,0,0,20260402,20261212
003160,0,0,0,0,0,0,0,20260402,20261212
003161,0,0,0,0,0,0,0,20260402,20261212
003162,0,0,0,0,0,0,0,20260402,20261212
003163,0,0,0,0,0,0,0,20260402,20261212
003164,0,0,0,0,0,0,0,20260402,20261212
003165,0,0,0,0,0,0,0,20260402,20261212
003166,0,0,0,0,0,0,0,20260402,20261212
003167,0,0,0,0,0,0,0,20260402,20261212
003168,0,0,0,0,0,0,0,20260402,20261212
003169,0,0,0,0,0,0,0,20260402,20261212
003170,0,0,0,0,0,0,0,20260402,20261212
003171,0,0,0,0,0,0,0,20260402,20261212
003172,0,0,0,0,0,0,0,20260402,20261212
003173,0,0,0,0,0,0,0,20260402,20261212
003174,0,0,0,0,0,0,0,20260402,20261212
003175,0,0,0,0,0,0,0,20260402,20261212
003176,0,0,0,0,0,0,0,20260402,20261212
003177,0,0,0,0,0,0,0,20260402,20261212
003180,0,0,0,0,0,0,0,20260402,20261212
003181,0,0,0,0,0,0,0,20260402,20261212
003182,0,0,0,0,0,0,0,20260402,20261212
003183,0,0,0,0,0,0,0,20260402,20261212
003184,0,0,0,0,0,0,0,20260402,20261212
003185,0,0,0,0,0,0,0,20260402,20261212
003186,0,0,0,0,0,0,0,20260402,20261212
003187,0,0,0,0,0,0,0,20260402,20261212
003188,0,0,0,0,0,0,0,20260402,20261212
003189,0,0,0,0,0,0,0,20260402,20261212
003190,0,0,0,0,0,0,0,20260402,20261212
003191,0,0,0,0,0,0,0,20260402,20261212
003192,0,0,0,0,0,0,0,20260402,20261212
003193,0,0,0,0,0,0,0,20260402,20261212
003194,0,0,0,0,0,0,0,20260402,20261212
003195,0,0,0,0,0,0,0,20260402,20261212
003196,0,0,0,0,0,0,0,20260402,20261212
003197,0,0,0,0,0,0,0,20260402,20261212
003198,0,0,0,0,0,0,0,20260402,20261212
003199,0,0,0,0,0,0,0,20260402,20261212
003200,0,0,0,0,0,0,0,20260402,20261212
003201,0,0,0,0,0,0,0,20260402,20261212
003202,0,0,0,0,0,0,0,20260402,20261212
003203,0,0,0,0,0,0,0,20260402,20261212
003204,0,0,0,0,0,0,0,20260402,20261212
003205,0,0,0,0,0,0,0,20260402,20261212
003206,0,0,0,0,0,0,0,20260402,20261212
003207,0,0,0,0,0,0,0,20260402,20261212
003208,0,0,0,0,0,0,0,20260402,20261212
003209,0,0,0,0,0,0,0,20260402,20261212
003210,0,0,0,0,0,0,0,20260402,20261212
003211,0,0,0,0,0,0,0,20260402,20261212
003212,0,0,0,0,0,0,0,20260402,20261212
003213,0,0,0,0,0,0,0,20260402,20261212
003214,0,0,0,0,0,0,0,20260402,20261212
003215,0,0,0,0,0,0,0,20260402,20261212
003216,0,0,0,0,0,0,0,20260402,20261212
003217,0,0,0,0,0,0,0,20260402,20261212
003218,0,0,0,0,0,0,0,20260402,20261212
003219,0,0,0,0,0,0,0,20260402,20261212
003220,0,0,0,0,0,0,0,20260402,20261212
003221,0,0,0,0,0,0,0,20260402,20261212
003222,0,0,0,0,0,0,0,20260402,20261212
003223,0,0,0,0,0,0,0,20260402,20261212
003224,0,0,0,0,0,0,0,20260402,20261212
003225,0,0,0,0,0,0,0,20260402,20261212
003226,0,0,0,0,0,0,0,20260402,20261212
003227,0,0,0,0,0,0,0,20260402,20261212
003228,0,0,0,0,0,0,0,20260402,20261212
003229,0,0,0,0,0,0,0,20260402,20261212
003230,0,0,0,0,0,0,0,20260402,20261212
003231,0,0,0,0,0,0,0,20260402,20261212
003232,0,0,0,0,0,0,0,20260402,20261212
003233,0,0,0,0,0,0,0,20260402,20261212
003234,0,0,0,0,0,0,0,20260402,20261212
003235,0,0,0,0,0,0,0,20260402,20261212
003236,0,0,0,0,0,0,0,20260402,20261212
003237,0,0,0,0,0,0,0,20260402,20261212
003238,0,0,0,0,0,0,0,20260402,20261212
003239,0,0,0,0,0,0,0,20260402,20261212
003240,0,0,0,0,0,0,0,20260402,20261212
003241,0,0,0,0,0,0,0,20260402,20261212
003242,0,0,0,0,0,0,0,20260402,20261212
003243,0,0,0,0,0,0,0,20260402,20261212
003244,0,0,0,0,0,0,0,20260402,20261212
003245,0,0,0,0,0,0,0,20260402,20261212
003246,0,0,0,0,0,0,0,20260402,20261212
003247,0,0,0,0,0,0,0,20260402,20261212
003248,0,0,0,0,0,0,0,20260402,20261212
003249,0,0,0,0,0,0,0,20260402,20261212
003250,0,0,0,0,0,0,0,20260402,20261212
003251,0,0,0,0,0,0,0,20260402,20261212
003252,0,0,0,0,0,0,0,20260402,20261212
003253,0,0,0,0,0,0,0,20260402,20261212
003254,0,0,0,0,0,0,0,20260402,20261212
003255,0,0,0,0,0,0,0,20260402,20261212
003256,0,0,0,0,0,0,0,20260402,20261212
003257,0,0,0,0,0,0,0,20260402,20261212
003258,0,0,0,0,0,0,0,20260402,20261212
003259,0,0,0,0,0,0,0,20260402,20261212
003260,0,0,0,0,0,0,0,20260402,20261212
003261,0,0,0,0,0,0,0,20260402,20261212
003262,0,0,0,0,0,0,0,20260402,20261212
003263,0,0,0,0,0,0,0,20260402,20261212
003264,0,0,0,0,0,0,0,20260402,20261212
003265,0,0,0,0,0,0,0,20260402,20261212
003266,0,0,0,0,0,0,0,20260402,20261212
003267,0,0,0,0,0,0,0,20260402,20261212
003268,0,0,0,0,0,0,0,20260402,20261212
003269,0,0,0,0,0,0,0,20260402,20261212
003270,0,0,0,0,0,0,0,20260402,20261212
003271,0,0,0,0,0,0,0,20260402,20261212
003272,0,0,0,0,0,0,0,20260402,20261212
003273,0,0,0,0,0,0,0,20260402,20261212
003274,0,0,0,0,0,0,0,20260402,20261212
003275,0,0,0,0,0,0,0,20260402,20261212
003276,0,0,0,0,0,0,0,20260402,20261212
003277,0,0,0,0,0,0,0,20260402,20261212
003278,0,0,0,0,0,0,0,20260402,20261212
003279,0,0,0,0,0,0,0,20260402,20261212
003280,0,0,0,0,0,0,0,20260402,20261212
003281,0,0,0,0,0,0,0,20260402,20261212
003282,0,0,0,0,0,0,0,20260402,20261212
003283,0,0,0,0,0,0,0,20260402,20261212
003284,0,0,0,0,0,0,0,20260402,20261212
003285,0,0,0,0,0,0,0,20260402,20261212
003286,0,0,0,0,0,0,0,20260402,20261212
003287,0,0,0,0,0,0,0,20260402,20261212
003288,0,0,0,0,0,0,0,20260402,20261212
003289,0,0,0,0,0,0,0,20260402,20261212
003290,0,0,0,0,0,0,0,20260402,20261212
003291,0,0,0,0,0,0,0,20260402,20261212
003292,0,0,0,0,0,0,0,20260402,20261212
003293,0,0,0,0,0,0,0,20260402,20261212
003294,0,0,0,0,0,0,0,20260402,20261212
003295,0,0,0,0,0,0,0,20260402,20261212
003296,0,0,0,0,0,0,0,20260402,20261212
003297,0,0,0,0,0,0,0,20260402,20261212
003298,0,0,0,0,0,0,0,20260402,20261212
003299,0,0,0,0,0,0,0,20260402,20261212
003300,0,0,0,0,0,0,0,20260402,20261212
003301,0,0,0,0,0,0,0,20260402,20261212
003302,0,0,0,0,0,0,0,20260402,20261212
003303,0,0,0,0,0,0,0,20260402,20261212
003304,0,0,0,0,0,0,0,20260402,20261212
003305,0,0,0,0,0,0,0,20260402,20261212
003306,0,0,0,0,0,0,0,20260402,20261212
003307,0,0,0,0,0,0,0,20260402,20261212
003308,0,0,0,0,0,0,0,20260402,20261212
003309,0,0,0,0,0,0,0,20260402,20261212
003310,0,0,0,0,0,0,0,20260402,20261212
003311,0,0,0,0,0,0,0,20260402,20261212
003312,0,0,0,0,0,0,0,20260402,20261212
003313,0,0,0,0,0,0,0,20260402,20261212
003314,0,0,0,0,0,0,0,20260402,20261212
003315,0,0,0,0,0,0,0,20260402,20261212
003316,0,0,0,0,0,0,0,20260402,20261212
003317,0,0,0,0,0,0,0,20260402,20261212
003318,0,0,0,0,0,0,0,20260402,20261212
003319,0,0,0,0,0,0,0,20260402,20261212
003320,0,0,0,0,0,0,0,20260402,20261212
003321,0,0,0,0,0,0,0,20260402,20261212
003322,0,0,0,0,0,0,0,20260402,20261212
003323,0,0,0,0,0,0,0,20260402,20261212
003324,0,0,0,0,0,0,0,20260402,20261212
003325,0,0,0,0,0,0,0,20260402,20261212
003326,0,0,0,0,0,0,0,20260402,20261212
003327,0,0,0,0,0,0,0,20260402,20261212
003328,0,0,0,0,0,0,0,20260402,20261212
003329,0,0,0,0,0,0,0,20260402,20261212
003330,0,0,0,0,0,0,0,20260402,20261212
003331,0,0,0,0,0,0,0,20260402,20261212
003332,0,0,0,0,0,0,0,20260402,20261212
003333,0,0,0,0,0,0,0,20260402,20261212
003334,0,0,0,0,0,0,0,20260402,20261212
003335,0,0,0,0,0,0,0,20260402,20261212
003336,0,0,0,0,0,0,0,20260402,20261212
003337,0,0,0,0,0,0,0,20260402,20261212
003338,0,0,0,0,0,0,0,20260402,20261212
003339,0,0,0,0,0,0,0,20260402,20261212
003340,0,0,0,0,0,0,0,20260402,20261212
003341,0,0,0,0,0,0,0,20260402,20261212
003342,0,0,0,0,0,0,0,20260402,20261212
003343,0,0,0,0,0,0,0,20260402,20261212
003344,0,0,0,0,0,0,0,20260402,20261212
003345,0,0,0,0,0,0,0,20260402,20261212
003346,0,0,0,0,0,0,0,20260402,20261212
003347,0,0,0,0,0,0,0,20260402,20261212
003348,0,0,0,0,0,0,0,20260402,20261212
003349,0,0,0,0,0,0,0,20260402,20261212
003350,0,0,0,0,0,0,0,20260402,20261212
003351,0,0,0,0,0,0,0,20260402,20261212
003352,0,0,0,0,0,0,0,20260402,20261212
003353,0,0,0,0,0,0,0,20260402,20261212
003354,0,0,0,0,0,0,0,20260402,20261212
003355,0,0,0,0,0,0,0,20260402,20261212
003356,0,0,0,0,0,0,0,20260402,20261212
003357,0,0,0,0,0,0,0,20260402,20261212
003358,0,0,0,0,0,0,0,20260402,20261212
003359,0,0,0,0,0,0,0,20260402,20261212
003360,0,0,0,0,0,0,0,20260402,20261212
003361,0,0,0,0,0,0,0,20260402,20261212
003362,0,0,0,0,0,0,0,20260402,20261212
003363,0,0,0,0,0,0,0,20260402,20261212
003364,0,0,0,0,0,0,0,20260402,20261212
003365,0,0,0,0,0,0,0,20260402,20261212
003368,0,0,0,0,0,0,0,20260402,20261212
003369,0,0,0,0,0,0,0,20260402,20261212
003370,0,0,0,0,0,0,0,20260402,20261212
003371,0,0,0,0,0,0,0,20260402,20261212
003372,0,0,0,0,0,0,0,20260402,20261212
003373,0,0,0,0,0,0,0,20260402,20261212
003374,0,0,0,0,0,0,0,20260402,20261212
003375,0,0,0,0,0,0,0,20260402,20261212
003376,0,0,0,0,0,0,0,20260402,20261212
003377,0,0,0,0,0,0,0,20260402,20261212
003378,0,0,0,0,0,0,0,20260402,20261212
003379,0,0,0,0,0,0,0,20260402,20261212
003380,0,0,0,0,0,0,0,20260402,20261212
003381,0,0,0,0,0,0,0,20260402,20261212
003382,0,0,0,0,0,0,0,20260402,20261212
003383,0,0,0,0,0,0,0,20260402,20261212
003384,0,0,0,0,0,0,0,20260402,20261212
003385,0,0,0,0,0,0,0,20260402,20261212
003386,0,0,0,0,0,0,0,20260402,20261212
003387,0,0,0,0,0,0,0,20260402,20261212
003388,0,0,0,0,0,0,0,20260402,20261212
003389,0,0,0,0,0,0,0,20260402,20261212
003390,0,0,0,0,0,0,0,20260402,20261212
003391,0,0,0,0,0,0,0,20260402,20261212
003392,0,0,0,0,0,0,0,20260402,20261212
003393,0,0,0,0,0,0,0,20260402,20261212
003394,0,0,0,0,0,0,0,20260402,20261212
003395,0,0,0,0,0,0,0,20260402,20261212
003396,0,0,0,0,0,0,0,20260402,20261212
003397,0,0,0,0,0,0,0,20260402,20261212
003398,0,0,0,0,0,0,0,20260402,20261212
003399,0,0,0,0,0,0,0,20260402,20261212
003400,0,0,0,0,0,0,0,20260402,20261212
003401,0,0,0,0,0,0,0,20260402,20261212
003402,0,0,0,0,0,0,0,20260402,20261212
003403,0,0,0,0,0,0,0,20260402,20261212
003404,0,0,0,0,0,0,0,20260402,20261212
003405,0,0,0,0,0,0,0,20260402,20261212
003406,0,0,0,0,0,0,0,20260402,20261212
003407,0,0,0,0,0,0,0,20260402,20261212
003408,0,0,0,0,0,0,0,20260402,20261212
003409,0,0,0,0,0,0,0,20260402,20261212
003410,0,0,0,0,0,0,0,20260402,20261212
003411,0,0,0,0,0,0,0,20260402,20261212
003412,0,0,0,0,0,0,0,20260402,20261212
003413,0,0,0,0,0,0,0,20260402,20261212
003414,0,0,0,0,0,0,0,20260402,20261212
003415,0,0,0,0,0,0,0,20260402,20261212
003416,0,0,0,0,0,0,0,20260402,20261212
003417,0,0,0,0,0,0,0,20260402,20261212
003418,0,0,0,0,0,0,0,20260402,20261212
003419,0,0,0,0,0,0,0,20260402,20261212
003420,0,0,0,0,0,0,0,20260402,20261212
003421,0,0,0,0,0,0,0,20260402,20261212
003422,0,0,0,0,0,0,0,20260402,20261212
003423,0,0,0,0,0,0,0,20260402,20261212
003424,0,0,0,0,0,0,0,20260402,20261212
003425,0,0,0,0,0,0,0,20260402,20261212
003426,0,0,0,0,0,0,0,20260402,20261212
003427,0,0,0,0,0,0,0,20260402,20261212
003428,0,0,0,0,0,0,0,20260402,20261212
003429,0,0,0,0,0,0,0,20260402,20261212
003430,0,0,0,0,0,0,0,20260402,20261212
003431,0,0,0,0,0,0,0,20260402,20261212
003432,0,0,0,0,0,0,0,20260402,20261212
003433,0,0,0,0,0,0,0,20260402,20261212
003434,0,0,0,0,0,0,0,20260402,20261212
003435,0,0,0,0,0,0,0,20260402,20261212
003436,0,0,0,0,0,0,0,20260402,20261212
003437,0,0,0,0,0,0,0,20260402,20261212
003438,0,0,0,0,0,0,0,20260402,20261212
003439,0,0,0,0,0,0,0,20260402,20261212
003440,0,0,0,0,0,0,0,20260402,20261212
003441,0,0,0,0,0,0,0,20260402,20261212
003442,0,0,0,0,0,0,0,20260402,20261212
003443,0,0,0,0,0,0,0,20260402,20261212
003444,0,0,0,0,0,0,0,20260402,20261212
003445,0,0,0,0,0,0,0,20260402,20261212
003446,0,0,0,0,0,0,0,20260402,20261212
003447,0,0,0,0,0,0,0,20260402,20261212
003448,0,0,0,0,0,0,0,20260402,20261212
003449,0,0,0,0,0,0,0,20260402,20261212
003450,0,0,0,0,0,0,0,20260402,20261212
003451,0,0,0,0,0,0,0,20260402,20261212
003452,0,0,0,0,0,0,0,20260402,20261212
003453,0,0,0,0,0,0,0,20260402,20261212
003454,0,0,0,0,0,0,0,20260402,20261212
003455,0,0,0,0,0,0,0,20260402,20261212
003456,0,0,0,0,0,0,0,20260402,20261212
003457,0,0,0,0,0,0,0,20260402,20261212
003458,0,0,0,0,0,0,0,20260402,20261212
003459,0,0,0,0,0,0,0,20260402,20261212
003460,0,0,0,0,0,0,0,20260402,20261212
003461,0,0,0,0,0,0,0,20260402,20261212
003462,0,0,0,0,0,0,0,20260402,20261212
003463,0,0,0,0,0,0,0,20260402,20261212
003464,0,0,0,0,0,0,0,20260402,20261212
003465,0,0,0,0,0,0,0,20260402,20261212
003466,0,0,0,0,0,0,0,20260402,20261212
003467,0,0,0,0,0,0,0,20260402,20261212
003468,0,0,0,0,0,0,0,20260402,20261212
003469,0,0,0,0,0,0,0,20260402,20261212
003470,0,0,0,0,0,0,0,20260402,20261212
003471,0,0,0,0,0,0,0,20260402,20261212
003472,0,0,0,0,0,0,0,20260402,20261212
003473,0,0,0,0,0,0,0,20260402,20261212
003474,0,0,0,0,0,0,0,20260402,20261212
003475,0,0,0,0,0,0,0,20260402,20261212
003476,0,0,0,0,0,0,0,20260402,20261212
003477,0,0,0,0,0,0,0,20260402,20261212
003478,0,0,0,0,0,0,0,20260402,20261212
003479,0,0,0,0,0,0,0,20260402,20261212
003480,0,0,0,0,0,0,0,20260402,20261212
003481,0,0,0,0,0,0,0,20260402,20261212
003482,0,0,0,0,0,0,0,20260402,20261212
003483,0,0,0,0,0,0,0,20260402,20261212
003484,0,0,0,0,0,0,0,20260402,20261212
003485,0,0,0,0,0,0,0,20260402,20261212
003486,0,0,0,0,0,0,0,20260402,20261212
003487,0,0,0,0,0,0,0,20260402,20261212
003488,0,0,0,0,0,0,0,20260402,20261212
003489,0,0,0,0,0,0,0,20260402,20261212
003490,0,0,0,0,0,0,0,20260402,20261212
003491,0,0,0,0,0,0,0,20260402,20261212
003492,0,0,0,0,0,0,0,20260402,20261212
003493,0,0,0,0,0,0,0,20260402,20261212
003494,0,0,0,0,0,0,0,20260402,20261212
003495,0,0,0,0,0,0,0,20260402,20261212
003496,0,0,0,0,0,0,0,20260402,20261212
003497,0,0,0,0,0,0,0,20260402,20261212
003498,0,0,0,0,0,0,0,20260402,20261212
003499,0,0,0,0,0,0,0,20260402,20261212
003500,0,0,0,0,0,0,0,20260402,20261212
003501,0,0,0,0,0,0,0,20260402,20261212
003502,0,0,0,0,0,0,0,20260402,20261212
003503,0,0,0,0,0,0,0,20260402,20261212
003504,0,0,0,0,0,0,0,20260402,20261212
003505,0,0,0,0,0,0,0,20260402,20261212
003506,0,0,0,0,0,0,0,20260402,20261212
003507,0,0,0,0,0,0,0,20260402,20261212
003508,0,0,0,0,0,0,0,20260402,20261212
003509,0,0,0,0,0,0,0,20260402,20261212
003510,0,0,0,0,0,0,0,20260402,20261212
003511,0,0,0,0,0,0,0,20260402,20261212
003512,0,0,0,0,0,0,0,20260402,20261212
003513,0,0,0,0,0,0,0,20260402,20261212
003514,0,0,0,0,0,0,0,20260402,20261212
003515,0,0,0,0,0,0,0,20260402,20261212
003516,0,0,0,0,0,0,0,20260402,20261212
003517,0,0,0,0,0,0,0,20260402,20261212
003518,0,0,0,0,0,0,0,20260402,20261212
003519,0,0,0,0,0,0,0,20260402,20261212
003520,0,0,0,0,0,0,0,20260402,20261212
003521,0,0,0,0,0,0,0,20260402,20261212
003522,0,0,0,0,0,0,0,20260402,20261212
003523,0,0,0,0,0,0,0,20260402,20261212
003524,0,0,0,0,0,0,0,20260402,20261212
003525,0,0,0,0,0,0,0,20260402,20261212
003526,0,0,0,0,0,0,0,20260402,20261212
003527,0,0,0,0,0,0,0,20260402,20261212
003528,0,0,0,0,0,0,0,20260402,20261212
003529,0,0,0,0,0,0,0,20260402,20261212
003530,0,0,0,0,0,0,0,20260402,20261212
003531,0,0,0,0,0,0,0,20260402,20261212
003532,0,0,0,0,0,0,0,20260402,20261212
003533,0,0,0,0,0,0,0,20260402,20261212
003534,0,0,0,0,0,0,0,20260402,20261212
003535,0,0,0,0,0,0,0,20260402,20261212
003536,0,0,0,0,0,0,0,20260402,20261212
003537,0,0,0,0,0,0,0,20260402,20261212
003538,0,0,0,0,0,0,0,20260402,20261212
003539,0,0,0,0,0,0,0,20260402,20261212
003540,0,0,0,0,0,0,0,20260402,20261212
003541,0,0,0,0,0,0,0,20260402,20261212
003542,0,0,0,0,0,0,0,20260402,20261212
003543,0,0,0,0,0,0,0,20260402,20261212
003544,0,0,0,0,0,0,0,20260402,20261212
003545,0,0,0,0,0,0,0,20260402,20261212
003546,0,0,0,0,0,0,0,20260402,20261212
003547,0,0,0,0,0,0,0,20260402,20261212
003548,0,0,0,0,0,0,0,20260402,20261212
003549,0,0,0,0,0,0,0,20260402,20261212
003550,0,0,0,0,0,0,0,20260402,20261212
003551,0,0,0,0,0,0,0,20260402,20261212
003552,0,0,0,0,0,0,0,20260402,20261212
003553,0,0,0,0,0,0,0,20260402,20261212
003554,0,0,0,0,0,0,0,20260402,20261212
003555,0,0,0,0,0,0,0,20260402,20261212
003556,0,0,0,0,0,0,0,20260402,20261212
003557,0,0,0,0,0,0,0,20260402,20261212
003558,0,0,0,0,0,0,0,20260402,20261212
003559,0,0,0,0,0,0,0,20260402,20261212
003560,0,0,0,0,0,0,0,20260402,20261212
003561,0,0,0,0,0,0,0,20260402,20261212
003562,0,0,0,0,0,0,0,20260402,20261212
003563,0,0,0,0,0,0,0,20260402,20261212
003564,0,0,0,0,0,0,0,20260402,20261212
003565,0,0,0,0,0,0,0,20260402,20261212
003566,0,0,0,0,0,0,0,20260402,20261212
003567,0,0,0,0,0,0,0,20260402,20261212
003568,0,0,0,0,0,0,0,20260402,20261212
003569,0,0,0,0,0,0,0,20260402,20261212
003570,0,0,0,0,0,0,0,20260402,20261212
003571,0,0,0,0,0,0,0,20260402,20261212
003572,0,0,0,0,0,0,0,20260402,20261212
003573,0,0,0,0,0,0,0,20260402,20261212
003574,0,0,0,0,0,0,0,20260402,20261212
003575,0,0,0,0,0,0,0,20260402,20261212
003576,0,0,0,0,0,0,0,20260402,20261212
003577,0,0,0,0,0,0,0,20260402,20261212
003578,0,0,0,0,0,0,0,20260402,20261212
003579,0,0,0,0,0,0,0,20260402,20261212
003580,0,0,0,0,0,0,0,20260402,20261212
003581,0,0,0,0,0,0,0,20260402,20261212
003582,0,0,0,0,0,0,0,20260402,20261212
003583,0,0,0,0,0,0,0,20260402,20261212
003584,0,0,0,0,0,0,0,20260402,20261212
003585,0,0,0,0,0,0,0,20260402,20261212
003586,0,0,0,0,0,0,0,20260402,20261212
003587,0,0,0,0,0,0,0,20260402,20261212
003588,0,0,0,0,0,0,0,20260402,20261212
003589,0,0,0,0,0,0,0,20260402,20261212
003590,0,0,0,0,0,0,0,20260402,20261212
003591,0,0,0,0,0,0,0,20260402,20261212
003592,0,0,0,0,0,0,0,20260402,20261212
003593,0,0,0,0,0,0,0,20260402,20261212
003594,0,0,0,0,0,0,0,20260402,20261212
003595,0,0,0,0,0,0,0,20260402,20261212
003596,0,0,0,0,0,0,0,20260402,20261212
003597,0,0,0,0,0,0,0,20260402,20261212
003598,0,0,0,0,0,0,0,20260402,20261212
003599,0,0,0,0,0,0,0,20260402,20261212
003600,0,0,0,0,0,0,0,20260402,20261212
003601,0,0,0,0,0,0,0,20260402,20261212
003602,0,0,0,0,0,0,0,20260402,20261212
003603,0,0,0,0,0,0,0,20260402,20261212
003604,0,0,0,0,0,0,0,20260402,20261212
003605,0,0,0,0,0,0,0,20260402,20261212
003606,0,0,0,0,0,0,0,20260402,20261212
003607,0,0,0,0,0,0,0,20260402,20261212
003608,0,0,0,0,0,0,0,20260402,20261212
003609,0,0,0,0,0,0,0,20260402,20261212
003610,0,0,0,0,0,0,0,20260402,20261212
003611,0,0,0,0,0,0,0,20260402,20261212
003612,0,0,0,0,0,0,0,20260402,20261212
003613,0,0,0,0,0,0,0,20260402,20261212
003614,0,0,0,0,0,0,0,20260402,20261212
003615,0,0,0,0,0,0,0,20260402,20261212
003616,0,0,0,0,0,0,0,20260402,20261212
003617,0,0,0,0,0,0,0,20260402,20261212
003618,0,0,0,0,0,0,0,20260402,20261212
003619,0,0,0,0,0,0,0,20260402,20261212
003620,0,0,0,0,0,0,0,20260402,20261212
003621,0,0,0,0,0,0,0,20260402,20261212
003622,0,0,0,0,0,0,0,20260402,20261212
003623,0,0,0,0,0,0,0,20260402,20261212
003624,0,0,0,0,0,0,0,20260402,20261212
003625,0,0,0,0,0,0,0,20260402,20261212
003626,0,0,0,0,0,0,0,20260402,20261212
003627,0,0,0,0,0,0,0,20260402,20261212
003628,0,0,0,0,0,0,0,20260402,20261212
003629,0,0,0,0,0,0,0,20260402,20261212
003630,0,0,0,0,0,0,0,20260402,20261212
003631,0,0,0,0,0,0,0,20260402,20261212
003632,0,0,0,0,0,0,0,20260402,20261212
003633,0,0,0,0,0,0,0,20260402,20261212
003634,0,0,0,0,0,0,0,20260402,20261212
003635,0,0,0,0,0,0,0,20260402,20261212
003636,0,0,0,0,0,0,0,20260402,20261212
003637,0,0,0,0,0,0,0,20260402,20261212
003638,0,0,0,0,0,0,0,20260402,20261212
003639,0,0,0,0,0,0,0,20260402,20261212
003640,0,0,0,0,0,0,0,20260402,20261212
003641,0,0,0,0,0,0,0,20260402,20261212
003642,0,0,0,0,0,0,0,20260402,20261212
003643,0,0,0,0,0,0,0,20260402,20261212
003644,0,0,0,0,0,0,0,20260402,20261212
003645,0,0,0,0,0,0,0,20260402,20261212
003646,0,0,0,0,0,0,0,20260402,20261212
003647,0,0,0,0,0,0,0,20260402,20261212
003648,0,0,0,0,0,0,0,20260402,20261212
003649,0,0,0,0,0,0,0,20260402,20261212
003650,0,0,0,0,0,0,0,20260402,20261212
003651,0,0,0,0,0,0,0,20260402,20261212
003652,0,0,0,0,0,0,0,20260402,20261212
003653,0,0,0,0,0,0,0,20260402,20261212
003654,0,0,0,0,0,0,0,20260402,20261212
003655,0,0,0,0,0,0,0,20260402,20261212
003656,0,0,0,0,0,0,0,20260402,20261212
003657,0,0,0,0,0,0,0,20260402,20261212
003658,0,0,0,0,0,0,0,20260402,20261212
003659,0,0,0,0,0,0,0,20260402,20261212
003660,0,0,0,0,0,0,0,20260402,20261212
003661,0,0,0,0,0,0,0,20260402,20261212
003662,0,0,0,0,0,0,0,20260402,20261212
003663,0,0,0,0,0,0,0,20260402,20261212
003664,0,0,0,0,0,0,0,20260402,20261212
003665,0,0,0,0,0,0,0,20260402,20261212
003666,0,0,0,0,0,0,0,20260402,20261212
003667,0,0,0,0,0,0,0,20260402,20261212
003668,0,0,0,0,0,0,0,20260402,20261212
003669,0,0,0,0,0,0,0,20260402,20261212
003670,0,0,0,0,0,0,0,20260402,20261212
003671,0,0,0,0,0,0,0,20260402,20261212
003672,0,0,0,0,0,0,0,20260402,20261212
003673,0,0,0,0,0,0,0,20260402,20261212
003674,0,0,0,0,0,0,0,20260402,20261212
003675,0,0,0,0,0,0,0,20260402,20261212
003676,0,0,0,0,0,0,0,20260402,20261212
003677,0,0,0,0,0,0,0,20260402,20261212
003678,0,0,0,0,0,0,0,20260402,20261212
003679,0,0,0,0,0,0,0,20260402,20261212
003680,0,0,0,0,0,0,0,20260402,20261212
003681,0,0,0,0,0,0,0,20260402,20261212
003682,0,0,0,0,0,0,0,20260402,20261212
003683,0,0,0,0,0,0,0,20260402,20261212
003684,0,0,0,0,0,0,0,20260402,20261212
003685,0,0,0,0,0,0,0,20260402,20261212
003686,0,0,0,0,0,0,0,20260402,20261212
003687,0,0,0,0,0,0,0,20260402,20261212
003688,0,0,0,0,0,0,0,20260402,20261212
003689,0,0,0,0,0,0,0,20260402,20261212
003690,0,0,0,0,0,0,0,20260402,20261212
003691,0,0,0,0,0,0,0,20260402,20261212
003692,0,0,0,0,0,0,0,20260402,20261212
003693,0,0,0,0,0,0,0,20260402,20261212
003694,0,0,0,0,0,0,0,20260402,20261212
003695,0,0,0,0,0,0,0,20260402,20261212
003696,0,0,0,0,0,0,0,20260402,20261212
003697,0,0,0,0,0,0,0,20260402,20261212
003698,0,0,0,0,0,0,0,20260402,20261212
003699,0,0,0,0,0,0,0,20260402,20261212
003700,0,0,0,0,0,0,0,20260402,20261212
003701,0,0,0,0,0,0,0,20260402,20261212
003702,0,0,0,0,0,0,0,20260402,20261212
003703,0,0,0,0,0,0,0,20260402,20261212
003704,0,0,0,0,0,0,0,20260402,20261212
003705,0,0,0,0,0,0,0,20260402,20261212
003706,0,0,0,0,0,0,0,20260402,20261212
003707,0,0,0,0,0,0,0,20260402,20261212
003708,0,0,0,0,0,0,0,20260402,20261212
003709,0,0,0,0,0,0,0,20260402,20261212
003710,0,0,0,0,0,0,0,20260402,20261212
003711,0,0,0,0,0,0,0,20260402,20261212
003712,0,0,0,0,0,0,0,20260402,20261212
003713,0,0,0,0,0,0,0,20260402,20261212
003714,0,0,0,0,0,0,0,20260402,20261212
003715,0,0,0,0,0,0,0,20260402,20261212
003716,0,0,0,0,0,0,0,20260402,20261212
003717,0,0,0,0,0,0,0,20260402,20261212
003718,0,0,0,0,0,0,0,20260402,20261212
003719,0,0,0,0,0,0,0,20260402,20261212
003720,0,0,0,0,0,0,0,20260402,20261212
003721,0,0,0,0,0,0,0,20260402,20261212
003722,0,0,0,0,0,0,0,20260402,20261212
003723,0,0,0,0,0,0,0,20260402,20261212
003724,0,0,0,0,0,0,0,20260402,20261212
003725,0,0,0,0,0,0,0,20260402,20261212
003726,0,0,0,0,0,0,0,20260402,20261212
003727,0,0,0,0,0,0,0,20260402,20261212
003728,0,0,0,0,0,0,0,20260402,20261212
003729,0,0,0,0,0,0,0,20260402,20261212
003730,0,0,0,0,0,0,0,20260402,20261212
003731,0,0,0,0,0,0,0,20260402,20261212
003732,0,0,0,0,0,0,0,20260402,20261212
003733,0,0,0,0,0,0,0,20260402,20261212
003734,0,0,0,0,0,0,0,20260402,20261212
003735,0,0,0,0,0,0,0,20260402,20261212
003736,0,0,0,0,0,0,0,20260402,20261212
003737,0,0,0,0,0,0,0,20260402,20261212
003738,0,0,0,0,0,0,0,20260402,20261212
003739,0,0,0,0,0,0,0,20260402,20261212
003740,0,0,0,0,0,0,0,20260402,20261212
003741,0,0,0,0,0,0,0,20260402,20261212
003742,0,0,0,0,0,0,0,20260402,20261212
003743,0,0,0,0,0,0,0,20260402,20261212
003744,0,0,0,0,0,0,0,20260402,20261212
003745,0,0,0,0,0,0,0,20260402,20261212
003746,0,0,0,0,0,0,0,20260402,20261212
003747,0,0,0,0,0,0,0,20260402,20261212
003748,0,0,0,0,0,0,0,20260402,20261212
003749,0,0,0,0,0,0,0,20260402,20261212
003750,0,0,0,0,0,0,0,20260402,20261212
003751,0,0,0,0,0,0,0,20260402,20261212
003752,0,0,0,0,0,0,0,20260402,20261212
003753,0,0,0,0,0,0,0,20260402,20261212
003754,0,0,0,0,0,0,0,20260402,20261212
003755,0,0,0,0,0,0,0,20260402,20261212
003756,0,0,0,0,0,0,0,20260402,20261212
003757,0,0,0,0,0,0,0,20260402,20261212
003758,0,0,0,0,0,0,0,20260402,20261212
003759,0,0,0,0,0,0,0,20260402,20261212
003760,0,0,0,0,0,0,0,20260402,20261212
003761,0,0,0,0,0,0,0,20260402,20261212
003762,0,0,0,0,0,0,0,20260402,20261212
003763,0,0,0,0,0,0,0,20260402,20261212
003764,0,0,0,0,0,0,0,20260402,20261212
003765,0,0,0,0,0,0,0,20260402,20261212
003766,0,0,0,0,0,0,0,20260402,20261212
003767,0,0,0,0,0,0,0,20260402,20261212
003768,0,0,0,0,0,0,0,20260402,20261212
003769,0,0,0,0,0,0,0,20260402,20261212
003770,0,0,0,0,0,0,0,20260402,20261212
003771,0,0,0,0,0,0,0,20260402,20261212
003772,0,0,0,0,0,0,0,20260402,20261212
003773,0,0,0,0,0,0,0,20260402,20261212
003774,0,0,0,0,0,0,0,20260402,20261212
003775,0,0,0,0,0,0,0,20260402,20261212
003776,0,0,0,0,0,0,0,20260402,20261212
003777,0,0,0,0,0,0,0,20260402,20261212
003778,0,0,0,0,0,0,0,20260402,20261212
003779,0,0,0,0,0,0,0,20260402,20261212
003780,0,0,0,0,0,0,0,20260402,20261212
003781,0,0,0,0,0,0,0,20260402,20261212
003782,0,0,0,0,0,0,0,20260402,20261212
003783,0,0,0,0,0,0,0,20260402,20261212
003784,0,0,0,0,0,0,0,20260402,20261212
003785,0,0,0,0,0,0,0,20260402,20261212
003786,0,0,0,0,0,0,0,20260402,20261212
003787,0,0,0,0,0,0,0,20260402,20261212
003788,0,0,0,0,0,0,0,20260402,20261212
003789,0,0,0,0,0,0,0,20260402,20261212
003790,0,0,0,0,0,0,0,20260402,20261212
003791,0,0,0,0,0,0,0,20260402,20261212
003792,0,0,0,0,0,0,0,20260402,20261212
003793,0,0,0,0,0,0,0,20260402,20261212
003794,0,0,0,0,0,0,0,20260402,20261212
003795,0,0,0,0,0,0,0,20260402,20261212
003796,0,0,0,0,0,0,0,20260402,20261212
003797,0,0,0,0,0,0,0,20260402,20261212
003798,0,0,0,0,0,0,0,20260402,20261212
003799,0,0,0,0,0,0,0,20260402,20261212
003800,0,0,0,0,0,0,0,20260402,20261212
003801,0,0,0,0,0,0,0,20260402,20261212
003802,0,0,0,0,0,0,0,20260402,20261212
003803,0,0,0,0,0,0,0,20260402,20261212
003804,0,0,0,0,0,0,0,20260402,20261212
003805,0,0,0,0,0,0,0,20260402,20261212
003806,0,0,0,0,0,0,0,20260402,20261212
003807,0,0,0,0,0,0,0,20260402,20261212
003808,0,0,0,0,0,0,0,20260402,20261212
003809,0,0,0,0,0,0,0,20260402,20261212
003810,0,0,0,0,0,0,0,20260402,20261212
003811,0,0,0,0,0,0,0,20260402,20261212
003812,0,0,0,0,0,0,0,20260402,20261212
003813,0,0,0,0,0,0,0,20260402,20261212
003814,0,0,0,0,0,0,0,20260402,20261212
003815,0,0,0,0,0,0,0,20260402,20261212
003816,0,0,0,0,0,0,0,20260402,20261212
003817,0,0,0,0,0,0,0,20260402,20261212
003818,0,0,0,0,0,0,0,20260402,20261212
003819,0,0,0,0,0,0,0,20260402,20261212
003820,0,0,0,0,0,0,0,20260402,20261212
003821,0,0,0,0,0,0,0,20260402,20261212
003822,0,0,0,0,0,0,0,20260402,20261212
003823,0,0,0,0,0,0,0,20260402,20261212
003824,0,0,0,0,0,0,0,20260402,20261212
003825,0,0,0,0,0,0,0,20260402,20261212
003826,0,0,0,0,0,0,0,20260402,20261212
003827,0,0,0,0,0,0,0,20260402,20261212
003828,0,0,0,0,0,0,0,20260402,20261212
003829,0,0,0,0,0,0,0,20260402,20261212
003830,0,0,0,0,0,0,0,20260402,20261212
003831,0,0,0,0,0,0,0,20260402,20261212
003832,0,0,0,0,0,0,0,20260402,20261212
003833,0,0,0,0,0,0,0,20260402,20261212
003834,0,0,0,0,0,0,0,20260402,20261212
003835,0,0,0,0,0,0,0,20260402,20261212
003836,0,0,0,0,0,0,0,20260402,20261212
003837,0,0,0,0,0,0,0,20260402,20261212
003838,0,0,0,0,0,0,0,20260402,20261212
003839,0,0,0,0,0,0,0,20260402,20261212
003840,0,0,0,0,0,0,0,20260402,20261212
003841,0,0,0,0,0,0,0,20260402,20261212
003842,0,0,0,0,0,0,0,20260402,20261212
003843,0,0,0,0,0,0,0,20260402,20261212
003844,0,0,0,0,0,0,0,20260402,20261212
003845,0,0,0,0,0,0,0,20260402,20261212
003846,0,0,0,0,0,0,0,20260402,20261212
003847,0,0,0,0,0,0,0,20260402,20261212
003848,0,0,0,0,0,0,0,20260402,20261212
003849,0,0,0,0,0,0,0,20260402,20261212
003850,0,0,0,0,0,0,0,20260402,20261212
003851,0,0,0,0,0,0,0,20260402,20261212
003852,0,0,0,0,0,0,0,20260402,20261212
003853,0,0,0,0,0,0,0,20260402,20261212
003854,0,0,0,0,0,0,0,20260402,20261212
003855,0,0,0,0,0,0,0,20260402,20261212
003856,0,0,0,0,0,0,0,20260402,20261212
003857,0,0,0,0,0,0,0,20260402,20261212
003858,0,0,0,0,0,0,0,20260402,20261212
003859,0,0,0,0,0,0,0,20260402,20261212
003860,0,0,0,0,0,0,0,20260402,20261212
003861,0,0,0,0,0,0,0,20260402,20261212
003862,0,0,0,0,0,0,0,20260402,20261212
003863,0,0,0,0,0,0,0,20260402,20261212
003864,0,0,0,0,0,0,0,20260402,20261212
003865,0,0,0,0,0,0,0,20260402,20261212
003866,0,0,0,0,0,0,0,20260402,20261212
003867,0,0,0,0,0,0,0,20260402,20261212
003868,0,0,0,0,0,0,0,20260402,20261212
003869,0,0,0,0,0,0,0,20260402,20261212
003870,0,0,0,0,0,0,0,20260402,20261212
003871,0,0,0,0,0,0,0,20260402,20261212
003872,0,0,0,0,0,0,0,20260402,20261212
003873,0,0,0,0,0,0,0,20260402,20261212
003874,0,0,0,0,0,0,0,20260402,20261212
003875,0,0,0,0,0,0,0,20260402,20261212
003876,0,0,0,0,0,0,0,20260402,20261212
003877,0,0,0,0,0,0,0,20260402,20261212
003878,0,0,0,0,0,0,0,20260402,20261212
003879,0,0,0,0,0,0,0,20260402,20261212
003880,0,0,0,0,0,0,0,20260402,20261212
003881,0,0,0,0,0,0,0,20260402,20261212
003882,0,0,0,0,0,0,0,20260402,20261212
003883,0,0,0,0,0,0,0,20260402,20261212
003884,0,0,0,0,0,0,0,20260402,20261212
003885,0,0,0,0,0,0,0,20260402,20261212
003886,0,0,0,0,0,0,0,20260402,20261212
003887,0,0,0,0,0,0,0,20260402,20261212
003888,0,0,0,0,0,0,0,20260402,20261212
003889,0,0,0,0,0,0,0,20260402,20261212
003890,0,0,0,0,0,0,0,20260402,20261212
003891,0,0,0,0,0,0,0,20260402,20261212
003892,0,0,0,0,0,0,0,20260402,20261212
003893,0,0,0,0,0,0,0,20260402,20261212
003894,0,0,0,0,0,0,0,20260402,20261212
003895,0,0,0,0,0,0,0,20260402,20261212
003896,0,0,0,0,0,0,0,20260402,20261212
003897,0,0,0,0,0,0,0,20260402,20261212
003898,0,0,0,0,0,0,0,20260402,20261212
003899,0,0,0,0,0,0,0,20260402,20261212
003900,0,0,0,0,0,0,0,20260402,20261212
003901,0,0,0,0,0,0,0,20260402,20261212
003902,0,0,0,0,0,0,0,20260402,20261212
003905,0,0,0,0,0,0,0,20260402,20261212
003906,0,0,0,0,0,0,0,20260402,20261212
003907,0,0,0,0,0,0,0,20260402,20261212
003908,0,0,0,0,0,0,0,20260402,20261212
003909,0,0,0,0,0,0,0,20260402,20261212
003910,0,0,0,0,0,0,0,20260402,20261212
003911,0,0,0,0,0,0,0,20260402,20261212
003912,0,0,0,0,0,0,0,20260402,20261212
003913,0,0,0,0,0,0,0,20260402,20261212
003914,0,0,0,0,0,0,0,20260402,20261212
003915,0,0,0,0,0,0,0,20260402,20261212
003916,0,0,0,0,0,0,0,20260402,20261212
003917,0,0,0,0,0,0,0,20260402,20261212
003918,0,0,0,0,0,0,0,20260402,20261212
003919,0,0,0,0,0,0,0,20260402,20261212
003920,0,0,0,0,0,0,0,20260402,20261212
003921,0,0,0,0,0,0,0,20260402,20261212
003922,0,0,0,0,0,0,0,20260402,20261212
003923,0,0,0,0,0,0,0,20260402,20261212
003924,0,0,0,0,0,0,0,20260402,20261212
003925,0,0,0,0,0,0,0,20260402,20261212
003926,0,0,0,0,0,0,0,20260402,20261212
003927,0,0,0,0,0,0,0,20260402,20261212
003928,0,0,0,0,0,0,0,20260402,20261212
003929,0,0,0,0,0,0,0,20260402,20261212
003930,0,0,0,0,0,0,0,20260402,20261212
003931,0,0,0,0,0,0,0,20260402,20261212
003932,0,0,0,0,0,0,0,20260402,20261212
003933,0,0,0,0,0,0,0,20260402,20261212
003934,0,0,0,0,0,0,0,20260402,20261212
003935,0,0,0,0,0,0,0,20260402,20261212
003936,0,0,0,0,0,0,0,20260402,20261212
003937,0,0,0,0,0,0,0,20260402,20261212
003938,0,0,0,0,0,0,0,20260402,20261212
003939,0,0,0,0,0,0,0,20260402,20261212
003940,0,0,0,0,0,0,0,20260402,20261212
003941,0,0,0,0,0,0,0,20260402,20261212
003942,0,0,0,0,0,0,0,20260402,20261212
003943,0,0,0,0,0,0,0,20260402,20261212
003944,0,0,0,0,0,0,0,20260402,20261212
003945,0,0,0,0,0,0,0,20260402,20261212
003946,0,0,0,0,0,0,0,20260402,20261212
003947,0,0,0,0,0,0,0,20260402,20261212
003948,0,0,0,0,0,0,0,20260402,20261212
003949,0,0,0,0,0,0,0,20260402,20261212
003950,0,0,0,0,0,0,0,20260402,20261212
003951,0,0,0,0,0,0,0,20260402,20261212
003952,0,0,0,0,0,0,0,20260402,20261212
003953,0,0,0,0,0,0,0,20260402,20261212
003954,0,0,0,0,0,0,0,20260402,20261212
003955,0,0,0,0,0,0,0,20260402,20261212
003956,0,0,0,0,0,0,0,20260402,20261212
003957,0,0,0,0,0,0,0,20260402,20261212
003958,0,0,0,0,0,0,0,20260402,20261212
003959,0,0,0,0,0,0,0,20260402,20261212
003960,0,0,0,0,0,0,0,20260402,20261212
003961,0,0,0,0,0,0,0,20260402,20261212
003962,0,0,0,0,0,0,0,20260402,20261212
003963,0,0,0,0,0,0,0,20260402,20261212
003964,0,0,0,0,0,0,0,20260402,20261212
003965,0,0,0,0,0,0,0,20260402,20261212
003966,0,0,0,0,0,0,0,20260402,20261212
003967,0,0,0,0,0,0,0,20260402,20261212
003968,0,0,0,0,0,0,0,20260402,20261212
003969,0,0,0,0,0,0,0,20260402,20261212
003970,0,0,0,0,0,0,0,20260402,20261212
003971,0,0,0,0,0,0,0,20260402,20261212
003972,0,0,0,0,0,0,0,20260402,20261212
003973,0,0,0,0,0,0,0,20260402,20261212
003974,0,0,0,0,0,0,0,20260402,20261212
003975,0,0,0,0,0,0,0,20260402,20261212
003976,0,0,0,0,0,0,0,20260402,20261212
003977,0,0,0,0,0,0,0,20260402,20261212
003978,0,0,0,0,0,0,0,20260402,20261212
003979,0,0,0,0,0,0,0,20260402,20261212
003980,0,0,0,0,0,0,0,20260402,20261212
003981,0,0,0,0,0,0,0,20260402,20261212
003982,0,0,0,0,0,0,0,20260402,20261212
003983,0,0,0,0,0,0,0,20260402,20261212
003984,0,0,0,0,0,0,0,20260402,20261212
003985,0,0,0,0,0,0,0,20260402,20261212
003986,0,0,0,0,0,0,0,20260402,20261212
003987,0,0,0,0,0,0,0,20260402,20261212
003988,0,0,0,0,0,0,0,20260402,20261212
003989,0,0,0,0,0,0,0,20260402,20261212
003990,0,0,0,0,0,0,0,20260402,20261212
003991,0,0,0,0,0,0,0,20260402,20261212
003992,0,0,0,0,0,0,0,20260402,20261212
003993,0,0,0,0,0,0,0,20260402,20261212
003994,0,0,0,0,0,0,0,20260402,20261212
003995,0,0,0,0,0,0,0,20260402,20261212
003996,0,0,0,0,0,0,0,20260402,20261212
003997,0,0,0,0,0,0,0,20260402,20261212
003998,0,0,0,0,0,0,0,20260402,20261212
003999,0,0,0,0,0,0,0,20260402,20261212
004000,0,0,0,0,0,0,0,20260402,20261212
004001,0,0,0,0,0,0,0,20260402,20261212
004002,0,0,0,0,0,0,0,20260402,20261212
004003,0,0,0,0,0,0,0,20260402,20261212
004004,0,0,0,0,0,0,0,20260402,20261212
004005,0,0,0,0,0,0,0,20260402,20261212
004006,0,0,0,0,0,0,0,20260402,20261212
004007,0,0,0,0,0,0,0,20260402,20261212
004008,0,0,0,0,0,0,0,20260402,20261212
004009,0,0,0,0,0,0,0,20260402,20261212
004010,0,0,0,0,0,0,0,20260402,20261212
004011,0,0,0,0,0,0,0,20260402,20261212
004012,0,0,0,0,0,0,0,20260402,20261212
004013,0,0,0,0,0,0,0,20260402,20261212
004014,0,0,0,0,0,0,0,20260402,20261212
004015,0,0,0,0,0,0,0,20260402,20261212
004016,0,0,0,0,0,0,0,20260402,20261212
004017,0,0,0,0,0,0,0,20260402,20261212
004018,0,0,0,0,0,0,0,20260402,20261212
004019,0,0,0,0,0,0,0,20260402,20261212
004020,0,0,0,0,0,0,0,20260402,20261212
004021,0,0,0,0,0,0,0,20260402,20261212
004022,0,0,0,0,0,0,0,20260402,20261212
004023,0,0,0,0,0,0,0,20260402,20261212
004024,0,0,0,0,0,0,0,20260402,20261212
004025,0,0,0,0,0,0,0,20260402,20261212
004026,0,0,0,0,0,0,0,20260402,20261212
004027,0,0,0,0,0,0,0,20260402,20261212
004028,0,0,0,0,0,0,0,20260402,20261212
004029,0,0,0,0,0,0,0,20260402,20261212
004030,0,0,0,0,0,0,0,20260402,20261212
004031,0,0,0,0,0,0,0,20260402,20261212
004032,0,0,0,0,0,0,0,20260402,20261212
004033,0,0,0,0,0,0,0,20260402,20261212
004034,0,0,0,0,0,0,0,20260402,20261212
004035,0,0,0,0,0,0,0,20260402,20261212
004036,0,0,0,0,0,0,0,20260402,20261212
004037,0,0,0,0,0,0,0,20260402,20261212
004038,0,0,0,0,0,0,0,20260402,20261212
004039,0,0,0,0,0,0,0,20260402,20261212
004040,0,0,0,0,0,0,0,20260402,20261212
004041,0,0,0,0,0,0,0,20260402,20261212
004042,0,0,0,0,0,0,0,20260402,20261212
004043,0,0,0,0,0,0,0,20260402,20261212
004044,0,0,0,0,0,0,0,20260402,20261212
004045,0,0,0,0,0,0,0,20260402,20261212
004046,0,0,0,0,0,0,0,20260402,20261212
004047,0,0,0,0,0,0,0,20260402,20261212
004048,0,0,0,0,0,0,0,20260402,20261212
004049,0,0,0,0,0,0,0,20260402,20261212
004050,0,0,0,0,0,0,0,20260402,20261212
004051,0,0,0,0,0,0,0,20260402,20261212
004052,0,0,0,0,0,0,0,20260402,20261212
004053,0,0,0,0,0,0,0,20260402,20261212
004054,0,0,0,0,0,0,0,20260402,20261212
004055,0,0,0,0,0,0,0,20260402,20261212
004056,0,0,0,0,0,0,0,20260402,20261212
004057,0,0,0,0,0,0,0,20260402,20261212
004058,0,0,0,0,0,0,0,20260402,20261212
004059,0,0,0,0,0,0,0,20260402,20261212
004060,0,0,0,0,0,0,0,20260402,20261212
004061,0,0,0,0,0,0,0,20260402,20261212
004062,0,0,0,0,0,0,0,20260402,20261212
004063,0,0,0,0,0,0,0,20260402,20261212
004064,0,0,0,0,0,0,0,20260402,20261212
004065,0,0,0,0,0,0,0,20260402,20261212
004066,0,0,0,0,0,0,0,20260402,20261212
004067,0,0,0,0,0,0,0,20260402,20261212
004068,0,0,0,0,0,0,0,20260402,20261212
004069,0,0,0,0,0,0,0,20260402,20261212
004070,0,0,0,0,0,0,0,20260402,20261212
004071,0,0,0,0,0,0,0,20260402,20261212
004072,0,0,0,0,0,0,0,20260402,20261212
004073,0,0,0,0,0,0,0,20260402,20261212
004074,0,0,0,0,0,0,0,20260402,20261212
004075,0,0,0,0,0,0,0,20260402,20261212
004076,0,0,0,0,0,0,0,20260402,20261212
004077,0,0,0,0,0,0,0,20260402,20261212
004078,0,0,0,0,0,0,0,20260402,20261212
004079,0,0,0,0,0,0,0,20260402,20261212
004080,0,0,0,0,0,0,0,20260402,20261212
004081,0,0,0,0,0,0,0,20260402,20261212
004082,0,0,0,0,0,0,0,20260402,20261212
004083,0,0,0,0,0,0,0,20260402,20261212
004084,0,0,0,0,0,0,0,20260402,20261212
004085,0,0,0,0,0,0,0,20260402,20261212
004086,0,0,0,0,0,0,0,20260402,20261212
004087,0,0,0,0,0,0,0,20260402,20261212
004088,0,0,0,0,0,0,0,20260402,20261212
004089,0,0,0,0,0,0,0,20260402,20261212
004090,0,0,0,0,0,0,0,20260402,20261212
004091,0,0,0,0,0,0,0,20260402,20261212
004092,0,0,0,0,0,0,0,20260402,20261212
004093,0,0,0,0,0,0,0,20260402,20261212
004094,0,0,0,0,0,0,0,20260402,20261212
004095,0,0,0,0,0,0,0,20260402,20261212
004096,0,0,0,0,0,0,0,20260402,20261212
004097,0,0,0,0,0,0,0,20260402,20261212
004098,0,0,0,0,0,0,0,20260402,20261212
004099,0,0,0,0,0,0,0,20260402,20261212
004100,0,0,0,0,0,0,0,20260402,20261212
004101,0,0,0,0,0,0,0,20260402,20261212
004102,0,0,0,0,0,0,0,20260402,20261212
004103,0,0,0,0,0,0,0,20260402,20261212
004104,0,0,0,0,0,0,0,20260402,20261212
004105,0,0,0,0,0,0,0,20260402,20261212
004106,0,0,0,0,0,0,0,20260402,20261212
004107,0,0,0,0,0,0,0,20260402,20261212
004108,0,0,0,0,0,0,0,20260402,20261212
004109,0,0,0,0,0,0,0,20260402,20261212
004110,0,0,0,0,0,0,0,20260402,20261212
004111,0,0,0,0,0,0,0,20260402,20261212
004112,0,0,0,0,0,0,0,20260402,20261212
004113,0,0,0,0,0,0,0,20260402,20261212
004114,0,0,0,0,0,0,0,20260402,20261212
004115,0,0,0,0,0,0,0,20260402,20261212
004116,0,0,0,0,0,0,0,20260402,20261212
004117,0,0,0,0,0,0,0,20260402,20261212
004118,0,0,0,0,0,0,0,20260402,20261212
004119,0,0,0,0,0,0,0,20260402,20261212
004120,0,0,0,0,0,0,0,20260402,20261212
004121,0,0,0,0,0,0,0,20260402,20261212
004122,0,0,0,0,0,0,0,20260402,20261212
004123,0,0,0,0,0,0,0,20260402,20261212
004124,0,0,0,0,0,0,0,20260402,20261212
004125,0,0,0,0,0,0,0,20260402,20261212
004126,0,0,0,0,0,0,0,20260402,20261212
004127,0,0,0,0,0,0,0,20260402,20261212
004128,0,0,0,0,0,0,0,20260402,20261212
004129,0,0,0,0,0,0,0,20260402,20261212
004130,0,0,0,0,0,0,0,20260402,20261212
004131,0,0,0,0,0,0,0,20260402,20261212
004132,0,0,0,0,0,0,0,20260402,20261212
004133,0,0,0,0,0,0,0,20260402,20261212
004134,0,0,0,0,0,0,0,20260402,20261212
004135,0,0,0,0,0,0,0,20260402,20261212
004136,0,0,0,0,0,0,0,20260402,20261212
004137,0,0,0,0,0,0,0,20260402,20261212
004138,0,0,0,0,0,0,0,20260402,20261212
004139,0,0,0,0,0,0,0,20260402,20261212
004140,0,0,0,0,0,0,0,20260402,20261212
004141,0,0,0,0,0,0,0,20260402,20261212
004142,0,0,0,0,0,0,0,20260402,20261212
004143,0,0,0,0,0,0,0,20260402,20261212
004144,0,0,0,0,0,0,0,20260402,20261212
004145,0,0,0,0,0,0,0,20260402,20261212
004146,0,0,0,0,0,0,0,20260402,20261212
004147,0,0,0,0,0,0,0,20260402,20261212
004148,0,0,0,0,0,0,0,20260402,20261212
004149,0,0,0,0,0,0,0,20260402,20261212
004150,0,0,0,0,0,0,0,20260402,20261212
004151,0,0,0,0,0,0,0,20260402,20261212
004152,0,0,0,0,0,0,0,20260402,20261212
004153,0,0,0,0,0,0,0,20260402,20261212
004154,0,0,0,0,0,0,0,20260402,20261212
004155,0,0,0,0,0,0,0,20260402,20261212
004156,0,0,0,0,0,0,0,20260402,20261212
004157,0,0,0,0,0,0,0,20260402,20261212
004158,0,0,0,0,0,0,0,20260402,20261212
004159,0,0,0,0,0,0,0,20260402,20261212
004160,0,0,0,0,0,0,0,20260402,20261212
004161,0,0,0,0,0,0,0,20260402,20261212
004162,0,0,0,0,0,0,0,20260402,20261212
004163,0,0,0,0,0,0,0,20260402,20261212
004164,0,0,0,0,0,0,0,20260402,20261212
004165,0,0,0,0,0,0,0,20260402,20261212
004166,0,0,0,0,0,0,0,20260402,20261212
004167,0,0,0,0,0,0,0,20260402,20261212
004168,0,0,0,0,0,0,0,20260402,20261212
004169,0,0,0,0,0,0,0,20260402,20261212
004170,0,0,0,0,0,0,0,20260402,20261212
004171,0,0,0,0,0,0,0,20260402,20261212
004172,0,0,0,0,0,0,0,20260402,20261212
004173,0,0,0,0,0,0,0,20260402,20261212
004174,0,0,0,0,0,0,0,20260402,20261212
004175,0,0,0,0,0,0,0,20260402,20261212
004176,0,0,0,0,0,0,0,20260402,20261212
004177,0,0,0,0,0,0,0,20260402,20261212
004178,0,0,0,0,0,0,0,20260402,20261212
004179,0,0,0,0,0,0,0,20260402,20261212
004180,0,0,0,0,0,0,0,20260402,20261212
004181,0,0,0,0,0,0,0,20260402,20261212
004182,0,0,0,0,0,0,0,20260402,20261212
004183,0,0,0,0,0,0,0,20260402,20261212
004184,0,0,0,0,0,0,0,20260402,20261212
004185,0,0,0,0,0,0,0,20260402,20261212
004186,0,0,0,0,0,0,0,20260402,20261212
004187,0,0,0,0,0,0,0,20260402,20261212
004188,0,0,0,0,0,0,0,20260402,20261212
004189,0,0,0,0,0,0,0,20260402,20261212
004190,0,0,0,0,0,0,0,20260402,20261212
004191,0,0,0,0,0,0,0,20260402,20261212
004192,0,0,0,0,0,0,0,20260402,20261212
004193,0,0,0,0,0,0,0,20260402,20261212
004194,0,0,0,0,0,0,0,20260402,20261212
004195,0,0,0,0,0,0,0,20260402,20261212
004196,0,0,0,0,0,0,0,20260402,20261212
004197,0,0,0,0,0,0,0,20260402,20261212
004198,0,0,0,0,0,0,0,20260402,20261212
004199,0,0,0,0,0,0,0,20260402,20261212
004200,0,0,0,0,0,0,0,20260402,20261212
004201,0,0,0,0,0,0,0,20260402,20261212
004202,0,0,0,0,0,0,0,20260402,20261212
004203,0,0,0,0,0,0,0,20260402,20261212
004204,0,0,0,0,0,0,0,20260402,20261212
004205,0,0,0,0,0,0,0,20260402,20261212
004206,0,0,0,0,0,0,0,20260402,20261212
004207,0,0,0,0,0,0,0,20260402,20261212
004208,0,0,0,0,0,0,0,20260402,20261212
004209,0,0,0,0,0,0,0,20260402,20261212
004210,0,0,0,0,0,0,0,20260402,20261212
004211,0,0,0,0,0,0,0,20260402,20261212
004212,0,0,0,0,0,0,0,20260402,20261212
004213,0,0,0,0,0,0,0,20260402,20261212
004214,0,0,0,0,0,0,0,20260402,20261212
004215,0,0,0,0,0,0,0,20260402,20261212
004216,0,0,0,0,0,0,0,20260402,20261212
004217,0,0,0,0,0,0,0,20260402,20261212
004218,0,0,0,0,0,0,0,20260402,20261212
004219,0,0,0,0,0,0,0,20260402,20261212
004220,0,0,0,0,0,0,0,20260402,20261212
004221,0,0,0,0,0,0,0,20260402,20261212
004222,0,0,0,0,0,0,0,20260402,20261212
004223,0,0,0,0,0,0,0,20260402,20261212
004224,0,0,0,0,0,0,0,20260402,20261212
004225,0,0,0,0,0,0,0,20260402,20261212
004226,0,0,0,0,0,0,0,20260402,20261212
004227,0,0,0,0,0,0,0,20260402,20261212
004228,0,0,0,0,0,0,0,20260402,20261212
004229,0,0,0,0,0,0,0,20260402,20261212
004230,0,0,0,0,0,0,0,20260402,20261212
004231,0,0,0,0,0,0,0,20260402,20261212
004232,0,0,0,0,0,0,0,20260402,20261212
004233,0,0,0,0,0,0,0,20260402,20261212
004234,0,0,0,0,0,0,0,20260402,20261212
004235,0,0,0,0,0,0,0,20260402,20261212
004236,0,0,0,0,0,0,0,20260402,20261212
004237,0,0,0,0,0,0,0,20260402,20261212
004238,0,0,0,0,0,0,0,20260402,20261212
004239,0,0,0,0,0,0,0,20260402,20261212
004240,0,0,0,0,0,0,0,20260402,20261212
004241,0,0,0,0,0,0,0,20260402,20261212
004242,0,0,0,0,0,0,0,20260402,20261212
004243,0,0,0,0,0,0,0,20260402,20261212
004244,0,0,0,0,0,0,0,20260402,20261212
004245,0,0,0,0,0,0,0,20260402,20261212
004246,0,0,0,0,0,0,0,20260402,20261212
004247,0,0,0,0,0,0,0,20260402,20261212
004248,0,0,0,0,0,0,0,20260402,20261212
004249,0,0,0,0,0,0,0,20260402,20261212
004250,0,0,0,0,0,0,0,20260402,20261212
004251,0,0,0,0,0,0,0,20260402,20261212
004252,0,0,0,0,0,0,0,20260402,20261212
004253,0,0,0,0,0,0,0,20260402,20261212
004254,0,0,0,0,0,0,0,20260402,20261212
004255,0,0,0,0,0,0,0,20260402,20261212
004256,0,0,0,0,0,0,0,20260402,20261212
004257,0,0,0,0,0,0,0,20260402,20261212
004258,0,0,0,0,0,0,0,20260402,20261212
004259,0,0,0,0,0,0,0,20260402,20261212
004260,0,0,0,0,0,0,0,20260402,20261212
004261,0,0,0,0,0,0,0,20260402,20261212
004262,0,0,0,0,0,0,0,20260402,20261212
004263,0,0,0,0,0,0,0,20260402,20261212
004264,0,0,0,0,0,0,0,20260402,20261212
004265,0,0,0,0,0,0,0,20260402,20261212
004266,0,0,0,0,0,0,0,20260402,20261212
004267,0,0,0,0,0,0,0,20260402,20261212
004268,0,0,0,0,0,0,0,20260402,20261212
004269,0,0,0,0,0,0,0,20260402,20261212
004270,0,0,0,0,0,0,0,20260402,20261212
004271,0,0,0,0,0,0,0,20260402,20261212
004272,0,0,0,0,0,0,0,20260402,20261212
004273,0,0,0,0,0,0,0,20260402,20261212
004274,0,0,0,0,0,0,0,20260402,20261212
004275,0,0,0,0,0,0,0,20260402,20261212
004276,0,0,0,0,0,0,0,20260402,20261212
004277,0,0,0,0,0,0,0,20260402,20261212
004278,0,0,0,0,0,0,0,20260402,20261212
004279,0,0,0,0,0,0,0,20260402,20261212
004280,0,0,0,0,0,0,0,20260402,20261212
004281,0,0,0,0,0,0,0,20260402,20261212
004282,0,0,0,0,0,0,0,20260402,20261212
004283,0,0,0,0,0,0,0,20260402,20261212
004284,0,0,0,0,0,0,0,20260402,20261212
004285,0,0,0,0,0,0,0,20260402,20261212
004286,0,0,0,0,0,0,0,20260402,20261212
004287,0,0,0,0,0,0,0,20260402,20261212
004288,0,0,0,0,0,0,0,20260402,20261212
004289,0,0,0,0,0,0,0,20260402,20261212
004290,0,0,0,0,0,0,0,20260402,20261212
004291,0,0,0,0,0,0,0,20260402,20261212
004292,0,0,0,0,0,0,0,20260402,20261212
004293,0,0,0,0,0,0,0,20260402,20261212
004294,0,0,0,0,0,0,0,20260402,20261212
004295,0,0,0,0,0,0,0,20260402,20261212
004296,0,0,0,0,0,0,0,20260402,20261212
004297,0,0,0,0,0,0,0,20260402,20261212
004298,0,0,0,0,0,0,0,20260402,20261212
004299,0,0,0,0,0,0,0,20260402,20261212
004300,0,0,0,0,0,0,0,20260402,20261212
004301,0,0,0,0,0,0,0,20260402,20261212
004302,0,0,0,0,0,0,0,20260402,20261212
004303,0,0,0,0,0,0,0,20260402,20261212
004304,0,0,0,0,0,0,0,20260402,20261212
004305,0,0,0,0,0,0,0,20260402,20261212
004306,0,0,0,0,0,0,0,20260402,20261212
004307,0,0,0,0,0,0,0,20260402,20261212
004308,0,0,0,0,0,0,0,20260402,20261212
004309,0,0,0,0,0,0,0,20260402,20261212
004310,0,0,0,0,0,0,0,20260402,20261212
004311,0,0,0,0,0,0,0,20260402,20261212
004312,0,0,0,0,0,0,0,20260402,20261212
004313,0,0,0,0,0,0,0,20260402,20261212
004314,0,0,0,0,0,0,0,20260402,20261212
004315,0,0,0,0,0,0,0,20260402,20261212
004316,0,0,0,0,0,0,0,20260402,20261212
004317,0,0,0,0,0,0,0,20260402,20261212
004318,0,0,0,0,0,0,0,20260402,20261212
004319,0,0,0,0,0,0,0,20260402,20261212
004320,0,0,0,0,0,0,0,20260402,20261212
004321,0,0,0,0,0,0,0,20260402,20261212
004322,0,0,0,0,0,0,0,20260402,20261212
004323,0,0,0,0,0,0,0,20260402,20261212
004324,0,0,0,0,0,0,0,20260402,20261212
004325,0,0,0,0,0,0,0,20260402,20261212
004326,0,0,0,0,0,0,0,20260402,20261212
004327,0,0,0,0,0,0,0,20260402,20261212
004328,0,0,0,0,0,0,0,20260402,20261212
004329,0,0,0,0,0,0,0,20260402,20261212
004330,0,0,0,0,0,0,0,20260402,20261212
004331,0,0,0,0,0,0,0,20260402,20261212
004332,0,0,0,0,0,0,0,20260402,20261212
004333,0,0,0,0,0,0,0,20260402,20261212
004334,0,0,0,0,0,0,0,20260402,20261212
004335,0,0,0,0,0,0,0,20260402,20261212
004336,0,0,0,0,0,0,0,20260402,20261212
004337,0,0,0,0,0,0,0,20260402,20261212
004338,0,0,0,0,0,0,0,20260402,20261212
004339,0,0,0,0,0,0,0,20260402,20261212
004340,0,0,0,0,0,0,0,20260402,20261212
004341,0,0,0,0,0,0,0,20260402,20261212
004342,0,0,0,0,0,0,0,20260402,20261212
004343,0,0,0,0,0,0,0,20260402,20261212
004344,0,0,0,0,0,0,0,20260402,20261212
004345,0,0,0,0,0,0,0,20260402,20261212
004346,0,0,0,0,0,0,0,20260402,20261212
004347,0,0,0,0,0,0,0,20260402,20261212
004348,0,0,0,0,0,0,0,20260402,20261212
004349,0,0,0,0,0,0,0,20260402,20261212
004350,0,0,0,0,0,0,0,20260402,20261212
004351,0,0,0,0,0,0,0,20260402,20261212
004352,0,0,0,0,0,0,0,20260402,20261212
004353,0,0,0,0,0,0,0,20260402,20261212
004354,0,0,0,0,0,0,0,20260402,20261212
004355,0,0,0,0,0,0,0,20260402,20261212
004356,0,0,0,0,0,0,0,20260402,20261212
004357,0,0,0,0,0,0,0,20260402,20261212
004358,0,0,0,0,0,0,0,20260402,20261212
004359,0,0,0,0,0,0,0,20260402,20261212
004360,0,0,0,0,0,0,0,20260402,20261212
004361,0,0,0,0,0,0,0,20260402,20261212
004362,0,0,0,0,0,0,0,20260402,20261212
004363,0,0,0,0,0,0,0,20260402,20261212
004364,0,0,0,0,0,0,0,20260402,20261212
004365,0,0,0,0,0,0,0,20260402,20261212
004366,0,0,0,0,0,0,0,20260402,20261212
004367,0,0,0,0,0,0,0,20260402,20261212
004368,0,0,0,0,0,0,0,20260402,20261212
004369,0,0,0,0,0,0,0,20260402,20261212
004370,0,0,0,0,0,0,0,20260402,20261212
004371,0,0,0,0,0,0,0,20260402,20261212
004372,0,0,0,0,0,0,0,20260402,20261212
004373,0,0,0,0,0,0,0,20260402,20261212
004374,0,0,0,0,0,0,0,20260402,20261212
004375,0,0,0,0,0,0,0,20260402,20261212
004376,0,0,0,0,0,0,0,20260402,20261212
004377,0,0,0,0,0,0,0,20260402,20261212
004378,0,0,0,0,0,0,0,20260402,20261212
004379,0,0,0,0,0,0,0,20260402,20261212
004380,0,0,0,0,0,0,0,20260402,20261212
004381,0,0,0,0,0,0,0,20260402,20261212
004382,0,0,0,0,0,0,0,20260402,20261212
004383,0,0,0,0,0,0,0,20260402,20261212
004384,0,0,0,0,0,0,0,20260402,20261212
004385,0,0,0,0,0,0,0,20260402,20261212
004386,0,0,0,0,0,0,0,20260402,20261212
004387,0,0,0,0,0,0,0,20260402,20261212
004388,0,0,0,0,0,0,0,20260402,20261212
004389,0,0,0,0,0,0,0,20260402,20261212
004390,0,0,0,0,0,0,0,20260402,20261212
004391,0,0,0,0,0,0,0,20260402,20261212
004392,0,0,0,0,0,0,0,20260402,20261212
004393,0,0,0,0,0,0,0,20260402,20261212
004394,0,0,0,0,0,0,0,20260402,20261212
004395,0,0,0,0,0,0,0,20260402,20261212
004396,0,0,0,0,0,0,0,20260402,20261212
004397,0,0,0,0,0,0,0,20260402,20261212
004398,0,0,0,0,0,0,0,20260402,20261212
004399,0,0,0,0,0,0,0,20260402,20261212
004400,0,0,0,0,0,0,0,20260402,20261212
004401,0,0,0,0,0,0,0,20260402,20261212
004402,0,0,0,0,0,0,0,20260402,20261212
004403,0,0,0,0,0,0,0,20260402,20261212
004404,0,0,0,0,0,0,0,20260402,20261212
004405,0,0,0,0,0,0,0,20260402,20261212
004406,0,0,0,0,0,0,0,20260402,20261212
004407,0,0,0,0,0,0,0,20260402,20261212
004408,0,0,0,0,0,0,0,20260402,20261212
004409,0,0,0,0,0,0,0,20260402,20261212
004410,0,0,0,0,0,0,0,20260402,20261212
004411,0,0,0,0,0,0,0,20260402,20261212
004412,0,0,0,0,0,0,0,20260402,20261212
004413,0,0,0,0,0,0,0,20260402,20261212
004414,0,0,0,0,0,0,0,20260402,20261212
004415,0,0,0,0,0,0,0,20260402,20261212
004416,0,0,0,0,0,0,0,20260402,20261212
004417,0,0,0,0,0,0,0,20260402,20261212
004418,0,0,0,0,0,0,0,20260402,20261212
004419,0,0,0,0,0,0,0,20260402,20261212
004420,0,0,0,0,0,0,0,20260402,20261212
004421,0,0,0,0,0,0,0,20260402,20261212
004422,0,0,0,0,0,0,0,20260402,20261212
004423,0,0,0,0,0,0,0,20260402,20261212
004424,0,0,0,0,0,0,0,20260402,20261212
004425,0,0,0,0,0,0,0,20260402,20261212
004426,0,0,0,0,0,0,0,20260402,20261212
004427,0,0,0,0,0,0,0,20260402,20261212
004428,0,0,0,0,0,0,0,20260402,20261212
004429,0,0,0,0,0,0,0,20260402,20261212
004430,0,0,0,0,0,0,0,20260402,20261212
004431,0,0,0,0,0,0,0,20260402,20261212
004432,0,0,0,0,0,0,0,20260402,20261212
004433,0,0,0,0,0,0,0,20260402,20261212
004434,0,0,0,0,0,0,0,20260402,20261212
004435,0,0,0,0,0,0,0,20260402,20261212
004436,0,0,0,0,0,0,0,20260402,20261212
004437,0,0,0,0,0,0,0,20260402,20261212
004438,0,0,0,0,0,0,0,20260402,20261212
004439,0,0,0,0,0,0,0,20260402,20261212
004440,0,0,0,0,0,0,0,20260402,20261212
004441,0,0,0,0,0,0,0,20260402,20261212
004442,0,0,0,0,0,0,0,20260402,20261212
004443,0,0,0,0,0,0,0,20260402,20261212
004444,0,0,0,0,0,0,0,20260402,20261212
004445,0,0,0,0,0,0,0,20260402,20261212
004446,0,0,0,0,0,0,0,20260402,20261212
004447,0,0,0,0,0,0,0,20260402,20261212
004448,0,0,0,0,0,0,0,20260402,20261212
004449,0,0,0,0,0,0,0,20260402,20261212
004450,0,0,0,0,0,0,0,20260402,20261212
004451,0,0,0,0,0,0,0,20260402,20261212
004452,0,0,0,0,0,0,0,20260402,20261212
004453,0,0,0,0,0,0,0,20260402,20261212
004454,0,0,0,0,0,0,0,20260402,20261212
004455,0,0,0,0,0,0,0,20260402,20261212
004456,0,0,0,0,0,0,0,20260402,20261212
004457,0,0,0,0,0,0,0,20260402,20261212
004458,0,0,0,0,0,0,0,20260402,20261212
004459,0,0,0,0,0,0,0,20260402,20261212
004460,0,0,0,0,0,0,0,20260402,20261212
004461,0,0,0,0,0,0,0,20260402,20261212
004462,0,0,0,0,0,0,0,20260402,20261212
004463,0,0,0,0,0,0,0,20260402,20261212
004464,0,0,0,0,0,0,0,20260402,20261212
004465,0,0,0,0,0,0,0,20260402,20261212
004466,0,0,0,0,0,0,0,20260402,20261212
004467,0,0,0,0,0,0,0,20260402,20261212
004468,0,0,0,0,0,0,0,20260402,20261212
004469,0,0,0,0,0,0,0,20260402,20261212
004470,0,0,0,0,0,0,0,20260402,20261212
004471,0,0,0,0,0,0,0,20260402,20261212
004472,0,0,0,0,0,0,0,20260402,20261212
004473,0,0,0,0,0,0,0,20260402,20261212
004474,0,0,0,0,0,0,0,20260402,20261212
004475,0,0,0,0,0,0,0,20260402,20261212
004476,0,0,0,0,0,0,0,20260402,20261212
004477,0,0,0,0,0,0,0,20260402,20261212
004478,0,0,0,0,0,0,0,20260402,20261212
004479,0,0,0,0,0,0,0,20260402,20261212
004480,0,0,0,0,0,0,0,20260402,20261212
004481,0,0,0,0,0,0,0,20260402,20261212
004482,0,0,0,0,0,0,0,20260402,20261212
004483,0,0,0,0,0,0,0,20260402,20261212
004484,0,0,0,0,0,0,0,20260402,20261212
004485,0,0,0,0,0,0,0,20260402,20261212
004486,0,0,0,0,0,0,0,20260402,20261212
004487,0,0,0,0,0,0,0,20260402,20261212
004488,0,0,0,0,0,0,0,20260402,20261212
004489,0,0,0,0,0,0,0,20260402,20261212
004490,0,0,0,0,0,0,0,20260402,20261212
004491,0,0,0,0,0,0,0,20260402,20261212
004492,0,0,0,0,0,0,0,20260402,20261212
004493,0,0,0,0,0,0,0,20260402,20261212
004494,0,0,0,0,0,0,0,20260402,20261212
004495,0,0,0,0,0,0,0,20260402,20261212
004496,0,0,0,0,0,0,0,20260402,20261212
004497,0,0,0,0,0,0,0,20260402,20261212
004498,0,0,0,0,0,0,0,20260402,20261212
004499,0,0,0,0,0,0,0,20260402,20261212
004500,0,0,0,0,0,0,0,20260402,20261212
004501,0,0,0,0,0,0,0,20260402,20261212
004502,0,0,0,0,0,0,0,20260402,20261212
004503,0,0,0,0,0,0,0,20260402,20261212
004504,0,0,0,0,0,0,0,20260402,20261212
004505,0,0,0,0,0,0,0,20260402,20261212
004506,0,0,0,0,0,0,0,20260402,20261212
004507,0,0,0,0,0,0,0,20260402,20261212
004508,0,0,0,0,0,0,0,20260402,20261212
004509,0,0,0,0,0,0,0,20260402,20261212
004510,0,0,0,0,0,0,0,20260402,20261212
004511,0,0,0,0,0,0,0,20260402,20261212
004512,0,0,0,0,0,0,0,20260402,20261212
004513,0,0,0,0,0,0,0,20260402,20261212
004514,0,0,0,0,0,0,0,20260402,20261212
004515,0,0,0,0,0,0,0,20260402,20261212
004516,0,0,0,0,0,0,0,20260402,20261212
004517,0,0,0,0,0,0,0,20260402,20261212
004518,0,0,0,0,0,0,0,20260402,20261212
004519,0,0,0,0,0,0,0,20260402,20261212
004520,0,0,0,0,0,0,0,20260402,20261212
004521,0,0,0,0,0,0,0,20260402,20261212
004522,0,0,0,0,0,0,0,20260402,20261212
004523,0,0,0,0,0,0,0,20260402,20261212
004524,0,0,0,0,0,0,0,20260402,20261212
004525,0,0,0,0,0,0,0,20260402,20261212
004526,0,0,0,0,0,0,0,20260402,20261212
004527,0,0,0,0,0,0,0,20260402,20261212
004528,0,0,0,0,0,0,0,20260402,20261212
004529,0,0,0,0,0,0,0,20260402,20261212
004530,0,0,0,0,0,0,0,20260402,20261212
004531,0,0,0,0,0,0,0,20260402,20261212
004532,0,0,0,0,0,0,0,20260402,20261212
004533,0,0,0,0,0,0,0,20260402,20261212
004534,0,0,0,0,0,0,0,20260402,20261212
004535,0,0,0,0,0,0,0,20260402,20261212
004536,0,0,0,0,0,0,0,20260402,20261212
004537,0,0,0,0,0,0,0,20260402,20261212
004538,0,0,0,0,0,0,0,20260402,20261212
004539,0,0,0,0,0,0,0,20260402,20261212
004540,0,0,0,0,0,0,0,20260402,20261212
004541,0,0,0,0,0,0,0,20260402,20261212
004542,0,0,0,0,0,0,0,20260402,20261212
004543,0,0,0,0,0,0,0,20260402,20261212
004544,0,0,0,0,0,0,0,20260402,20261212
004545,0,0,0,0,0,0,0,20260402,20261212
004546,0,0,0,0,0,0,0,20260402,20261212
004547,0,0,0,0,0,0,0,20260402,20261212
004548,0,0,0,0,0,0,0,20260402,20261212
004549,0,0,0,0,0,0,0,20260402,20261212
004550,0,0,0,0,0,0,0,20260402,20261212
004551,0,0,0,0,0,0,0,20260402,20261212
004552,0,0,0,0,0,0,0,20260402,20261212
004553,0,0,0,0,0,0,0,20260402,20261212
004554,0,0,0,0,0,0,0,20260402,20261212
004555,0,0,0,0,0,0,0,20260402,20261212
004556,0,0,0,0,0,0,0,20260402,20261212
004557,0,0,0,0,0,0,0,20260402,20261212
004558,0,0,0,0,0,0,0,20260402,20261212
004559,0,0,0,0,0,0,0,20260402,20261212
004560,0,0,0,0,0,0,0,20260402,20261212
004561,0,0,0,0,0,0,0,20260402,20261212
004562,0,0,0,0,0,0,0,20260402,20261212
004563,0,0,0,0,0,0,0,20260402,20261212
004564,0,0,0,0,0,0,0,20260402,20261212
004565,0,0,0,0,0,0,0,20260402,20261212
004566,0,0,0,0,0,0,0,20260402,20261212
004567,0,0,0,0,0,0,0,20260402,20261212
004568,0,0,0,0,0,0,0,20260402,20261212
004569,0,0,0,0,0,0,0,20260402,20261212
004570,0,0,0,0,0,0,0,20260402,20261212
004571,0,0,0,0,0,0,0,20260402,20261212
004572,0,0,0,0,0,0,0,20260402,20261212
004573,0,0,0,0,0,0,0,20260402,20261212
004574,0,0,0,0,0,0,0,20260402,20261212
004575,0,0,0,0,0,0,0,20260402,20261212
004576,0,0,0,0,0,0,0,20260402,20261212
004577,0,0,0,0,0,0,0,20260402,20261212
004578,0,0,0,0,0,0,0,20260402,20261212
004579,0,0,0,0,0,0,0,20260402,20261212
004580,0,0,0,0,0,0,0,20260402,20261212
004581,0,0,0,0,0,0,0,20260402,20261212
004582,0,0,0,0,0,0,0,20260402,20261212
004583,0,0,0,0,0,0,0,20260402,20261212
004584,0,0,0,0,0,0,0,20260402,20261212
004585,0,0,0,0,0,0,0,20260402,20261212
004586,0,0,0,0,0,0,0,20260402,20261212
004587,0,0,0,0,0,0,0,20260402,20261212
004588,0,0,0,0,0,0,0,20260402,20261212
004589,0,0,0,0,0,0,0,20260402,20261212
004590,0,0,0,0,0,0,0,20260402,20261212
004591,0,0,0,0,0,0,0,20260402,20261212
004592,0,0,0,0,0,0,0,20260402,20261212
004593,0,0,0,0,0,0,0,20260402,20261212
004594,0,0,0,0,0,0,0,20260402,20261212
004595,0,0,0,0,0,0,0,20260402,20261212
004596,0,0,0,0,0,0,0,20260402,20261212
004597,0,0,0,0,0,0,0,20260402,20261212
004598,0,0,0,0,0,0,0,20260402,20261212
004599,0,0,0,0,0,0,0,20260402,20261212
004600,0,0,0,0,0,0,0,20260402,20261212
004601,0,0,0,0,0,0,0,20260402,20261212
004602,0,0,0,0,0,0,0,20260402,20261212
004603,0,0,0,0,0,0,0,20260402,20261212
004604,0,0,0,0,0,0,0,20260402,20261212
004605,0,0,0,0,0,0,0,20260402,20261212
004606,0,0,0,0,0,0,0,20260402,20261212
004607,0,0,0,0,0,0,0,20260402,20261212
004608,0,0,0,0,0,0,0,20260402,20261212
004609,0,0,0,0,0,0,0,20260402,20261212
004610,0,0,0,0,0,0,0,20260402,20261212
004611,0,0,0,0,0,0,0,20260402,20261212
004612,0,0,0,0,0,0,0,20260402,20261212
004613,0,0,0,0,0,0,0,20260402,20261212
004614,0,0,0,0,0,0,0,20260402,20261212
004615,0,0,0,0,0,0,0,20260402,20261212
004616,0,0,0,0,0,0,0,20260402,20261212
004617,0,0,0,0,0,0,0,20260402,20261212
004618,0,0,0,0,0,0,0,20260402,20261212
004619,0,0,0,0,0,0,0,20260402,20261212
004620,0,0,0,0,0,0,0,20260402,20261212
004621,0,0,0,0,0,0,0,20260402,20261212
004622,0,0,0,0,0,0,0,20260402,20261212
004623,0,0,0,0,0,0,0,20260402,20261212
004624,0,0,0,0,0,0,0,20260402,20261212
004625,0,0,0,0,0,0,0,20260402,20261212
004626,0,0,0,0,0,0,0,20260402,20261212
004627,0,0,0,0,0,0,0,20260402,20261212
004628,0,0,0,0,0,0,0,20260402,20261212
004629,0,0,0,0,0,0,0,20260402,20261212
004630,0,0,0,0,0,0,0,20260402,20261212
004631,0,0,0,0,0,0,0,20260402,20261212
004632,0,0,0,0,0,0,0,20260402,20261212
004633,0,0,0,0,0,0,0,20260402,20261212
004634,0,0,0,0,0,0,0,20260402,20261212
004635,0,0,0,0,0,0,0,20260402,20261212
004636,0,0,0,0,0,0,0,20260402,20261212
004637,0,0,0,0,0,0,0,20260402,20261212
004638,0,0,0,0,0,0,0,20260402,20261212
004639,0,0,0,0,0,0,0,20260402,20261212
004640,0,0,0,0,0,0,0,20260402,20261212
004641,0,0,0,0,0,0,0,20260402,20261212
004642,0,0,0,0,0,0,0,20260402,20261212
004643,0,0,0,0,0,0,0,20260402,20261212
004644,0,0,0,0,0,0,0,20260402,20261212
004645,0,0,0,0,0,0,0,20260402,20261212
004646,0,0,0,0,0,0,0,20260402,20261212
004647,0,0,0,0,0,0,0,20260402,20261212
004648,0,0,0,0,0,0,0,20260402,20261212
004649,0,0,0,0,0,0,0,20260402,20261212
004650,0,0,0,0,0,0,0,20260402,20261212
004651,0,0,0,0,0,0,0,20260402,20261212
004652,0,0,0,0,0,0,0,20260402,20261212
004653,0,0,0,0,0,0,0,20260402,20261212
004654,0,0,0,0,0,0,0,20260402,20261212
004655,0,0,0,0,0,0,0,20260402,20261212
004656,0,0,0,0,0,0,0,20260402,20261212
004657,0,0,0,0,0,0,0,20260402,20261212
004658,0,0,0,0,0,0,0,20260402,20261212
004659,0,0,0,0,0,0,0,20260402,20261212
004660,0,0,0,0,0,0,0,20260402,20261212
004661,0,0,0,0,0,0,0,20260402,20261212
004662,0,0,0,0,0,0,0,20260402,20261212
004663,0,0,0,0,0,0,0,20260402,20261212
004664,0,0,0,0,0,0,0,20260402,20261212
004665,0,0,0,0,0,0,0,20260402,20261212
004666,0,0,0,0,0,0,0,20260402,20261212
004667,0,0,0,0,0,0,0,20260402,20261212
004668,0,0,0,0,0,0,0,20260402,20261212
004669,0,0,0,0,0,0,0,20260402,20261212
004670,0,0,0,0,0,0,0,20260402,20261212
004671,0,0,0,0,0,0,0,20260402,20261212
004672,0,0,0,0,0,0,0,20260402,20261212
004673,0,0,0,0,0,0,0,20260402,20261212
004674,0,0,0,0,0,0,0,20260402,20261212
004675,0,0,0,0,0,0,0,20260402,20261212
004676,0,0,0,0,0,0,0,20260402,20261212
004677,0,0,0,0,0,0,0,20260402,20261212
004678,0,0,0,0,0,0,0,20260402,20261212
004679,0,0,0,0,0,0,0,20260402,20261212
004680,0,0,0,0,0,0,0,20260402,20261212
004681,0,0,0,0,0,0,0,20260402,20261212
004682,0,0,0,0,0,0,0,20260402,20261212
004683,0,0,0,0,0,0,0,20260402,20261212
004684,0,0,0,0,0,0,0,20260402,20261212
004685,0,0,0,0,0,0,0,20260402,20261212
004686,0,0,0,0,0,0,0,20260402,20261212
004687,0,0,0,0,0,0,0,20260402,20261212
004688,0,0,0,0,0,0,0,20260402,20261212
004689,0,0,0,0,0,0,0,20260402,20261212
004690,0,0,0,0,0,0,0,20260402,20261212
004691,0,0,0,0,0,0,0,20260402,20261212
004692,0,0,0,0,0,0,0,20260402,20261212
004693,0,0,0,0,0,0,0,20260402,20261212
004694,0,0,0,0,0,0,0,20260402,20261212
004695,0,0,0,0,0,0,0,20260402,20261212
004696,0,0,0,0,0,0,0,20260402,20261212
004697,0,0,0,0,0,0,0,20260402,20261212
004698,0,0,0,0,0,0,0,20260402,20261212
004699,0,0,0,0,0,0,0,20260402,20261212
004700,0,0,0,0,0,0,0,20260402,20261212
004701,0,0,0,0,0,0,0,20260402,20261212
004702,0,0,0,0,0,0,0,20260402,20261212
004703,0,0,0,0,0,0,0,20260402,20261212
004704,0,0,0,0,0,0,0,20260402,20261212
004705,0,0,0,0,0,0,0,20260402,20261212
004706,0,0,0,0,0,0,0,20260402,20261212
004707,0,0,0,0,0,0,0,20260402,20261212
004708,0,0,0,0,0,0,0,20260402,20261212
004709,0,0,0,0,0,0,0,20260402,20261212
004710,0,0,0,0,0,0,0,20260402,20261212
004711,0,0,0,0,0,0,0,20260402,20261212
004712,0,0,0,0,0,0,0,20260402,20261212
004713,0,0,0,0,0,0,0,20260402,20261212
004714,0,0,0,0,0,0,0,20260402,20261212
004715,0,0,0,0,0,0,0,20260402,20261212
004716,0,0,0,0,0,0,0,20260402,20261212
004717,0,0,0,0,0,0,0,20260402,20261212
004718,0,0,0,0,0,0,0,20260402,20261212
004719,0,0,0,0,0,0,0,20260402,20261212
004720,0,0,0,0,0,0,0,20260402,20261212
004721,0,0,0,0,0,0,0,20260402,20261212
004722,0,0,0,0,0,0,0,20260402,20261212
004723,0,0,0,0,0,0,0,20260402,20261212
004724,0,0,0,0,0,0,0,20260402,20261212
004725,0,0,0,0,0,0,0,20260402,20261212
004726,0,0,0,0,0,0,0,20260402,20261212
004727,0,0,0,0,0,0,0,20260402,20261212
004728,0,0,0,0,0,0,0,20260402,20261212
004729,0,0,0,0,0,0,0,20260402,20261212
004730,0,0,0,0,0,0,0,20260402,20261212
004731,0,0,0,0,0,0,0,20260402,20261212
004732,0,0,0,0,0,0,0,20260402,20261212
004733,0,0,0,0,0,0,0,20260402,20261212
004734,0,0,0,0,0,0,0,20260402,20261212
004735,0,0,0,0,0,0,0,20260402,20261212
004736,0,0,0,0,0,0,0,20260402,20261212
004737,0,0,0,0,0,0,0,20260402,20261212
004738,0,0,0,0,0,0,0,20260402,20261212
004739,0,0,0,0,0,0,0,20260402,20261212
004740,0,0,0,0,0,0,0,20260402,20261212
004741,0,0,0,0,0,0,0,20260402,20261212
004742,0,0,0,0,0,0,0,20260402,20261212
004743,0,0,0,0,0,0,0,20260402,20261212
004744,0,0,0,0,0,0,0,20260402,20261212
004745,0,0,0,0,0,0,0,20260402,20261212
004746,0,0,0,0,0,0,0,20260402,20261212
004747,0,0,0,0,0,0,0,20260402,20261212
004748,0,0,0,0,0,0,0,20260402,20261212
004749,0,0,0,0,0,0,0,20260402,20261212
004750,0,0,0,0,0,0,0,20260402,20261212
004751,0,0,0,0,0,0,0,20260402,20261212
004752,0,0,0,0,0,0,0,20260402,20261212
004753,0,0,0,0,0,0,0,20260402,20261212
004754,0,0,0,0,0,0,0,20260402,20261212
004755,0,0,0,0,0,0,0,20260402,20261212
004756,0,0,0,0,0,0,0,20260402,20261212
004757,0,0,0,0,0,0,0,20260402,20261212
004758,0,0,0,0,0,0,0,20260402,20261212
004759,0,0,0,0,0,0,0,20260402,20261212
004760,0,0,0,0,0,0,0,20260402,20261212
004761,0,0,0,0,0,0,0,20260402,20261212
004762,0,0,0,0,0,0,0,20260402,20261212
004763,0,0,0,0,0,0,0,20260402,20261212
004764,0,0,0,0,0,0,0,20260402,20261212
004765,0,0,0,0,0,0,0,20260402,20261212
004766,0,0,0,0,0,0,0,20260402,20261212
004767,0,0,0,0,0,0,0,20260402,20261212
004768,0,0,0,0,0,0,0,20260402,20261212
004769,0,0,0,0,0,0,0,20260402,20261212
004770,0,0,0,0,0,0,0,20260402,20261212
004771,0,0,0,0,0,0,0,20260402,20261212
004772,0,0,0,0,0,0,0,20260402,20261212
004773,0,0,0,0,0,0,0,20260402,20261212
004774,0,0,0,0,0,0,0,20260402,20261212
004775,0,0,0,0,0,0,0,20260402,20261212
004776,0,0,0,0,0,0,0,20260402,20261212
004777,0,0,0,0,0,0,0,20260402,20261212
004778,0,0,0,0,0,0,0,20260402,20261212
004779,0,0,0,0,0,0,0,20260402,20261212
004780,0,0,0,0,0,0,0,20260402,20261212
004781,0,0,0,0,0,0,0,20260402,20261212
004782,0,0,0,0,0,0,0,20260402,20261212
004783,0,0,0,0,0,0,0,20260402,20261212
004784,0,0,0,0,0,0,0,20260402,20261212
004785,0,0,0,0,0,0,0,20260402,20261212
004786,0,0,0,0,0,0,0,20260402,20261212
004787,0,0,0,0,0,0,0,20260402,20261212
004788,0,0,0,0,0,0,0,20260402,20261212
004789,0,0,0,0,0,0,0,20260402,20261212
004790,0,0,0,0,0,0,0,20260402,20261212
004791,0,0,0,0,0,0,0,20260402,20261212
004792,0,0,0,0,0,0,0,20260402,20261212
004793,0,0,0,0,0,0,0,20260402,20261212
004794,0,0,0,0,0,0,0,20260402,20261212
004795,0,0,0,0,0,0,0,20260402,20261212
004796,0,0,0,0,0,0,0,20260402,20261212
004797,0,0,0,0,0,0,0,20260402,20261212
004798,0,0,0,0,0,0,0,20260402,20261212
004799,0,0,0,0,0,0,0,20260402,20261212
004800,0,0,0,0,0,0,0,20260402,20261212
004801,0,0,0,0,0,0,0,20260402,20261212
004802,0,0,0,0,0,0,0,20260402,20261212
004803,0,0,0,0,0,0,0,20260402,20261212
004804,0,0,0,0,0,0,0,20260402,20261212
004805,0,0,0,0,0,0,0,20260402,20261212
004806,0,0,0,0,0,0,0,20260402,20261212
004807,0,0,0,0,0,0,0,20260402,20261212
004808,0,0,0,0,0,0,0,20260402,20261212
004809,0,0,0,0,0,0,0,20260402,20261212
004810,0,0,0,0,0,0,0,20260402,20261212
004811,0,0,0,0,0,0,0,20260402,20261212
004812,0,0,0,0,0,0,0,20260402,20261212
004813,0,0,0,0,0,0,0,20260402,20261212
004814,0,0,0,0,0,0,0,20260402,20261212
004815,0,0,0,0,0,0,0,20260402,20261212
004816,0,0,0,0,0,0,0,20260402,20261212
004817,0,0,0,0,0,0,0,20260402,20261212
004818,0,0,0,0,0,0,0,20260402,20261212
004819,0,0,0,0,0,0,0,20260402,20261212
004820,0,0,0,0,0,0,0,20260402,20261212
004821,0,0,0,0,0,0,0,20260402,20261212
004822,0,0,0,0,0,0,0,20260402,20261212
004823,0,0,0,0,0,0,0,20260402,20261212
004824,0,0,0,0,0,0,0,20260402,20261212
004825,0,0,0,0,0,0,0,20260402,20261212
004826,0,0,0,0,0,0,0,20260402,20261212
004827,0,0,0,0,0,0,0,20260402,20261212
004828,0,0,0,0,0,0,0,20260402,20261212
004829,0,0,0,0,0,0,0,20260402,20261212
004830,0,0,0,0,0,0,0,20260402,20261212
004831,0,0,0,0,0,0,0,20260402,20261212
004832,0,0,0,0,0,0,0,20260402,20261212
004833,0,0,0,0,0,0,0,20260402,20261212
004834,0,0,0,0,0,0,0,20260402,20261212
004835,0,0,0,0,0,0,0,20260402,20261212
004836,0,0,0,0,0,0,0,20260402,20261212
004837,0,0,0,0,0,0,0,20260402,20261212
004838,0,0,0,0,0,0,0,20260402,20261212
004839,0,0,0,0,0,0,0,20260402,20261212
004840,0,0,0,0,0,0,0,20260402,20261212
004841,0,0,0,0,0,0,0,20260402,20261212
004842,0,0,0,0,0,0,0,20260402,20261212
004843,0,0,0,0,0,0,0,20260402,20261212
004844,0,0,0,0,0,0,0,20260402,20261212
004845,0,0,0,0,0,0,0,20260402,20261212
004846,0,0,0,0,0,0,0,20260402,20261212
004847,0,0,0,0,0,0,0,20260402,20261212
004848,0,0,0,0,0,0,0,20260402,20261212
004849,0,0,0,0,0,0,0,20260402,20261212
004850,0,0,0,0,0,0,0,20260402,20261212
004851,0,0,0,0,0,0,0,20260402,20261212
004852,0,0,0,0,0,0,0,20260402,20261212
004853,0,0,0,0,0,0,0,20260402,20261212
004854,0,0,0,0,0,0,0,20260402,20261212
004855,0,0,0,0,0,0,0,20260402,20261212
004856,0,0,0,0,0,0,0,20260402,20261212
004857,0,0,0,0,0,0,0,20260402,20261212
004858,0,0,0,0,0,0,0,20260402,20261212
004859,0,0,0,0,0,0,0,20260402,20261212
004860,0,0,0,0,0,0,0,20260402,20261212
004861,0,0,0,0,0,0,0,20260402,20261212
004862,0,0,0,0,0,0,0,20260402,20261212
004863,0,0,0,0,0,0,0,20260402,20261212
004864,0,0,0,0,0,0,0,20260402,20261212
004865,0,0,0,0,0,0,0,20260402,20261212
004866,0,0,0,0,0,0,0,20260402,20261212
004867,0,0,0,0,0,0,0,20260402,20261212
004868,0,0,0,0,0,0,0,20260402,20261212
004869,0,0,0,0,0,0,0,20260402,20261212
004870,0,0,0,0,0,0,0,20260402,20261212
004871,0,0,0,0,0,0,0,20260402,20261212
004872,0,0,0,0,0,0,0,20260402,20261212
004873,0,0,0,0,0,0,0,20260402,20261212
004874,0,0,0,0,0,0,0,20260402,20261212
004875,0,0,0,0,0,0,0,20260402,20261212
004876,0,0,0,0,0,0,0,20260402,20261212
004877,0,0,0,0,0,0,0,20260402,20261212
004878,0,0,0,0,0,0,0,20260402,20261212
004879,0,0,0,0,0,0,0,20260402,20261212
004880,0,0,0,0,0,0,0,20260402,20261212
004881,0,0,0,0,0,0,0,20260402,20261212
004882,0,0,0,0,0,0,0,20260402,20261212
004883,0,0,0,0,0,0,0,20260402,20261212
004884,0,0,0,0,0,0,0,20260402,20261212
004885,0,0,0,0,0,0,0,20260402,20261212
004886,0,0,0,0,0,0,0,20260402,20261212
004887,0,0,0,0,0,0,0,20260402,20261212
004888,0,0,0,0,0,0,0,20260402,20261212
004889,0,0,0,0,0,0,0,20260402,20261212
004890,0,0,0,0,0,0,0,20260402,20261212
004891,0,0,0,0,0,0,0,20260402,20261212
004892,0,0,0,0,0,0,0,20260402,20261212
004893,0,0,0,0,0,0,0,20260402,20261212
004894,0,0,0,0,0,0,0,20260402,20261212
004895,0,0,0,0,0,0,0,20260402,20261212
004896,0,0,0,0,0,0,0,20260402,20261212
004897,0,0,0,0,0,0,0,20260402,20261212
004898,0,0,0,0,0,0,0,20260402,20261212
004899,0,0,0,0,0,0,0,20260402,20261212
004900,0,0,0,0,0,0,0,20260402,20261212
004901,0,0,0,0,0,0,0,20260402,20261212
004902,0,0,0,0,0,0,0,20260402,20261212
004903,0,0,0,0,0,0,0,20260402,20261212
004904,0,0,0,0,0,0,0,20260402,20261212
004905,0,0,0,0,0,0,0,20260402,20261212
004906,0,0,0,0,0,0,0,20260402,20261212
004907,0,0,0,0,0,0,0,20260402,20261212
004908,0,0,0,0,0,0,0,20260402,20261212
004909,0,0,0,0,0,0,0,20260402,20261212
004910,0,0,0,0,0,0,0,20260402,20261212
004911,0,0,0,0,0,0,0,20260402,20261212
004912,0,0,0,0,0,0,0,20260402,20261212
004913,0,0,0,0,0,0,0,20260402,20261212
004914,0,0,0,0,0,0,0,20260402,20261212
004915,0,0,0,0,0,0,0,20260402,20261212
004916,0,0,0,0,0,0,0,20260402,20261212
004917,0,0,0,0,0,0,0,20260402,20261212
004918,0,0,0,0,0,0,0,20260402,20261212
004919,0,0,0,0,0,0,0,20260402,20261212
004920,0,0,0,0,0,0,0,20260402,20261212
004921,0,0,0,0,0,0,0,20260402,20261212
004922,0,0,0,0,0,0,0,20260402,20261212
004923,0,0,0,0,0,0,0,20260402,20261212
004924,0,0,0,0,0,0,0,20260402,20261212
004925,0,0,0,0,0,0,0,20260402,20261212
004926,0,0,0,0,0,0,0,20260402,20261212
004927,0,0,0,0,0,0,0,20260402,20261212
004928,0,0,0,0,0,0,0,20260402,20261212
004929,0,0,0,0,0,0,0,20260402,20261212
004930,0,0,0,0,0,0,0,20260402,20261212
004931,0,0,0,0,0,0,0,20260402,20261212
004932,0,0,0,0,0,0,0,20260402,20261212
004933,0,0,0,0,0,0,0,20260402,20261212
004934,0,0,0,0,0,0,0,20260402,20261212
004935,0,0,0,0,0,0,0,20260402,20261212
004936,0,0,0,0,0,0,0,20260402,20261212
004937,0,0,0,0,0,0,0,20260402,20261212
004938,0,0,0,0,0,0,0,20260402,20261212
004939,0,0,0,0,0,0,0,20260402,20261212
004940,0,0,0,0,0,0,0,20260402,20261212
004941,0,0,0,0,0,0,0,20260402,20261212
004942,0,0,0,0,0,0,0,20260402,20261212
004943,0,0,0,0,0,0,0,20260402,20261212
004944,0,0,0,0,0,0,0,20260402,20261212
004945,0,0,0,0,0,0,0,20260402,20261212
004946,0,0,0,0,0,0,0,20260402,20261212
004947,0,0,0,0,0,0,0,20260402,20261212
004948,0,0,0,0,0,0,0,20260402,20261212
004949,0,0,0,0,0,0,0,20260402,20261212
004950,0,0,0,0,0,0,0,20260402,20261212
004951,0,0,0,0,0,0,0,20260402,20261212
004952,0,0,0,0,0,0,0,20260402,20261212
004953,0,0,0,0,0,0,0,20260402,20261212
004954,0,0,0,0,0,0,0,20260402,20261212
004955,0,0,0,0,0,0,0,20260402,20261212
004956,0,0,0,0,0,0,0,20260402,20261212
004957,0,0,0,0,0,0,0,20260402,20261212
004958,0,0,0,0,0,0,0,20260402,20261212
004959,0,0,0,0,0,0,0,20260402,20261212
004960,0,0,0,0,0,0,0,20260402,20261212
004961,0,0,0,0,0,0,0,20260402,20261212
004962,0,0,0,0,0,0,0,20260402,20261212
004963,0,0,0,0,0,0,0,20260402,20261212
004964,0,0,0,0,0,0,0,20260402,20261212
004965,0,0,0,0,0,0,0,20260402,20261212
004966,0,0,0,0,0,0,0,20260402,20261212
004967,0,0,0,0,0,0,0,20260402,20261212
004968,0,0,0,0,0,0,0,20260402,20261212
004969,0,0,0,0,0,0,0,20260402,20261212
004970,0,0,0,0,0,0,0,20260402,20261212
004971,0,0,0,0,0,0,0,20260402,20261212
004972,0,0,0,0,0,0,0,20260402,20261212
004973,0,0,0,0,0,0,0,20260402,20261212
004974,0,0,0,0,0,0,0,20260402,20261212
004975,0,0,0,0,0,0,0,20260402,20261212
004976,0,0,0,0,0,0,0,20260402,20261212
004977,0,0,0,0,0,0,0,20260402,20261212
004978,0,0,0,0,0,0,0,20260402,20261212
004979,0,0,0,0,0,0,0,20260402,20261212
004980,0,0,0,0,0,0,0,20260402,20261212
004981,0,0,0,0,0,0,0,20260402,20261212
004982,0,0,0,0,0,0,0,20260402,20261212
004983,0,0,0,0,0,0,0,20260402,20261212
004984,0,0,0,0,0,0,0,20260402,20261212
004985,0,0,0,0,0,0,0,20260402,20261212
004986,0,0,0,0,0,0,0,20260402,20261212
004987,0,0,0,0,0,0,0,20260402,20261212
004988,0,0,0,0,0,0,0,20260402,20261212
004989,0,0,0,0,0,0,0,20260402,20261212
004990,0,0,0,0,0,0,0,20260402,20261212
004991,0,0,0,0,0,0,0,20260402,20261212
004992,0,0,0,0,0,0,0,20260402,20261212
004993,0,0,0,0,0,0,0,20260402,20261212
004994,0,0,0,0,0,0,0,20260402,20261212
004995,0,0,0,0,0,0,0,20260402,20261212
004996,0,0,0,0,0,0,0,20260402,20261212
004997,0,0,0,0,0,0,0,20260402,20261212
004998,0,0,0,0,0,0,0,20260402,20261212
004999,0,0,0,0,0,0,0,20260402,20261212
005000,0,0,0,0,0,0,0,20260402,20261212
005001,0,0,0,0,0,0,0,20260402,20261212
005002,0,0,0,0,0,0,0,20260402,20261212
005003,0,0,0,0,0,0,0,20260402,20261212
005004,0,0,0,0,0,0,0,20260402,20261212
005005,0,0,0,0,0,0,0,20260402,20261212
005006,0,0,0,0,0,0,0,20260402,20261212
005007,0,0,0,0,0,0,0,20260402,20261212
005008,0,0,0,0,0,0,0,20260402,20261212
005009,0,0,0,0,0,0,0,20260402,20261212
005010,0,0,0,0,0,0,0,20260402,20261212
005011,0,0,0,0,0,0,0,20260402,20261212
005012,0,0,0,0,0,0,0,20260402,20261212
005013,0,0,0,0,0,0,0,20260402,20261212
005014,0,0,0,0,0,0,0,20260402,20261212
005015,0,0,0,0,0,0,0,20260402,20261212
005016,0,0,0,0,0,0,0,20260402,20261212
005017,0,0,0,0,0,0,0,20260402,20261212
005018,0,0,0,0,0,0,0,20260402,20261212
005019,0,0,0,0,0,0,0,20260402,20261212
005020,0,0,0,0,0,0,0,20260402,20261212
005021,0,0,0,0,0,0,0,20260402,20261212
005022,0,0,0,0,0,0,0,20260402,20261212
005023,0,0,0,0,0,0,0,20260402,20261212
005024,0,0,0,0,0,0,0,20260402,20261212
005025,0,0,0,0,0,0,0,20260402,20261212
005026,0,0,0,0,0,0,0,20260402,20261212
005027,0,0,0,0,0,0,0,20260402,20261212
005028,0,0,0,0,0,0,0,20260402,20261212
005029,0,0,0,0,0,0,0,20260402,20261212
005030,0,0,0,0,0,0,0,20260402,20261212
005031,0,0,0,0,0,0,0,20260402,20261212
005032,0,0,0,0,0,0,0,20260402,20261212
005033,0,0,0,0,0,0,0,20260402,20261212
005034,0,0,0,0,0,0,0,20260402,20261212
005035,0,0,0,0,0,0,0,20260402,20261212
005036,0,0,0,0,0,0,0,20260402,20261212
005037,0,0,0,0,0,0,0,20260402,20261212
005038,0,0,0,0,0,0,0,20260402,20261212
005039,0,0,0,0,0,0,0,20260402,20261212
005040,0,0,0,0,0,0,0,20260402,20261212
005041,0,0,0,0,0,0,0,20260402,20261212
005042,0,0,0,0,0,0,0,20260402,20261212
005043,0,0,0,0,0,0,0,20260402,20261212
005044,0,0,0,0,0,0,0,20260402,20261212
005045,0,0,0,0,0,0,0,20260402,20261212
005046,0,0,0,0,0,0,0,20260402,20261212
005047,0,0,0,0,0,0,0,20260402,20261212
005048,0,0,0,0,0,0,0,20260402,20261212
005049,0,0,0,0,0,0,0,20260402,20261212
005050,0,0,0,0,0,0,0,20260402,20261212
005051,0,0,0,0,0,0,0,20260402,20261212
005052,0,0,0,0,0,0,0,20260402,20261212
005053,0,0,0,0,0,0,0,20260402,20261212
005054,0,0,0,0,0,0,0,20260402,20261212
005055,0,0,0,0,0,0,0,20260402,20261212
005056,0,0,0,0,0,0,0,20260402,20261212
005057,0,0,0,0,0,0,0,20260402,20261212
005058,0,0,0,0,0,0,0,20260402,20261212
005059,0,0,0,0,0,0,0,20260402,20261212
005060,0,0,0,0,0,0,0,20260402,20261212
005061,0,0,0,0,0,0,0,20260402,20261212
005062,0,0,0,0,0,0,0,20260402,20261212
005063,0,0,0,0,0,0,0,20260402,20261212
005064,0,0,0,0,0,0,0,20260402,20261212
005065,0,0,0,0,0,0,0,20260402,20261212
005066,0,0,0,0,0,0,0,20260402,20261212
005067,0,0,0,0,0,0,0,20260402,20261212
005068,0,0,0,0,0,0,0,20260402,20261212
005069,0,0,0,0,0,0,0,20260402,20261212
005070,0,0,0,0,0,0,0,20260402,20261212
005071,0,0,0,0,0,0,0,20260402,20261212
005072,0,0,0,0,0,0,0,20260402,20261212
005073,0,0,0,0,0,0,0,20260402,20261212
005074,0,0,0,0,0,0,0,20260402,20261212
005075,0,0,0,0,0,0,0,20260402,20261212
005076,0,0,0,0,0,0,0,20260402,20261212
005077,0,0,0,0,0,0,0,20260402,20261212
005078,0,0,0,0,0,0,0,20260402,20261212
005079,0,0,0,0,0,0,0,20260402,20261212
005080,0,0,0,0,0,0,0,20260402,20261212
005081,0,0,0,0,0,0,0,20260402,20261212
005082,0,0,0,0,0,0,0,20260402,20261212
005083,0,0,0,0,0,0,0,20260402,20261212
005084,0,0,0,0,0,0,0,20260402,20261212
005085,0,0,0,0,0,0,0,20260402,20261212
005086,0,0,0,0,0,0,0,20260402,20261212
005087,0,0,0,0,0,0,0,20260402,20261212
005088,0,0,0,0,0,0,0,20260402,20261212
005089,0,0,0,0,0,0,0,20260402,20261212
005090,0,0,0,0,0,0,0,20260402,20261212
005091,0,0,0,0,0,0,0,20260402,20261212
005092,0,0,0,0,0,0,0,20260402,20261212
005093,0,0,0,0,0,0,0,20260402,20261212
005094,0,0,0,0,0,0,0,20260402,20261212
005095,0,0,0,0,0,0,0,20260402,20261212
005096,0,0,0,0,0,0,0,20260402,20261212
005097,0,0,0,0,0,0,0,20260402,20261212
005098,0,0,0,0,0,0,0,20260402,20261212
005099,0,0,0,0,0,0,0,20260402,20261212
005100,0,0,0,0,0,0,0,20260402,20261212
005101,0,0,0,0,0,0,0,20260402,20261212
005102,0,0,0,0,0,0,0,20260402,20261212
005103,0,0,0,0,0,0,0,20260402,20261212
005104,0,0,0,0,0,0,0,20260402,20261212
005105,0,0,0,0,0,0,0,20260402,20261212
005106,0,0,0,0,0,0,0,20260402,20261212
005107,0,0,0,0,0,0,0,20260402,20261212
005108,0,0,0,0,0,0,0,20260402,20261212
005109,0,0,0,0,0,0,0,20260402,20261212
005110,0,0,0,0,0,0,0,20260402,20261212
005111,0,0,0,0,0,0,0,20260402,20261212
005112,0,0,0,0,0,0,0,20260402,20261212
005113,0,0,0,0,0,0,0,20260402,20261212
005114,0,0,0,0,0,0,0,20260402,20261212
005115,0,0,0,0,0,0,0,20260402,20261212
005116,0,0,0,0,0,0,0,20260402,20261212
005117,0,0,0,0,0,0,0,20260402,20261212
005118,0,0,0,0,0,0,0,20260402,20261212
005119,0,0,0,0,0,0,0,20260402,20261212
005120,0,0,0,0,0,0,0,20260402,20261212
005121,0,0,0,0,0,0,0,20260402,20261212
005122,0,0,0,0,0,0,0,20260402,20261212
005123,0,0,0,0,0,0,0,20260402,20261212
005124,0,0,0,0,0,0,0,20260402,20261212
005125,0,0,0,0,0,0,0,20260402,20261212
005126,0,0,0,0,0,0,0,20260402,20261212
005127,0,0,0,0,0,0,0,20260402,20261212
005128,0,0,0,0,0,0,0,20260402,20261212
005129,0,0,0,0,0,0,0,20260402,20261212
005130,0,0,0,0,0,0,0,20260402,20261212
005131,0,0,0,0,0,0,0,20260402,20261212
005132,0,0,0,0,0,0,0,20260402,20261212
005133,0,0,0,0,0,0,0,20260402,20261212
005134,0,0,0,0,0,0,0,20260402,20261212
005135,0,0,0,0,0,0,0,20260402,20261212
005136,0,0,0,0,0,0,0,20260402,20261212
005137,0,0,0,0,0,0,0,20260402,20261212
005138,0,0,0,0,0,0,0,20260402,20261212
005139,0,0,0,0,0,0,0,20260402,20261212
005140,0,0,0,0,0,0,0,20260402,20261212
005141,0,0,0,0,0,0,0,20260402,20261212
005142,0,0,0,0,0,0,0,20260402,20261212
005143,0,0,0,0,0,0,0,20260402,20261212
005144,0,0,0,0,0,0,0,20260402,20261212
005145,0,0,0,0,0,0,0,20260402,20261212
005146,0,0,0,0,0,0,0,20260402,20261212
005147,0,0,0,0,0,0,0,20260402,20261212
005148,0,0,0,0,0,0,0,20260402,20261212
005149,0,0,0,0,0,0,0,20260402,20261212
005150,0,0,0,0,0,0,0,20260402,20261212
005151,0,0,0,0,0,0,0,20260402,20261212
005152,0,0,0,0,0,0,0,20260402,20261212
005153,0,0,0,0,0,0,0,20260402,20261212
005154,0,0,0,0,0,0,0,20260402,20261212
005155,0,0,0,0,0,0,0,20260402,20261212
005156,0,0,0,0,0,0,0,20260402,20261212
005157,0,0,0,0,0,0,0,20260402,20261212
005158,0,0,0,0,0,0,0,20260402,20261212
005159,0,0,0,0,0,0,0,20260402,20261212
005160,0,0,0,0,0,0,0,20260402,20261212
005161,0,0,0,0,0,0,0,20260402,20261212
005162,0,0,0,0,0,0,0,20260402,20261212
005163,0,0,0,0,0,0,0,20260402,20261212
005164,0,0,0,0,0,0,0,20260402,20261212
005165,0,0,0,0,0,0,0,20260402,20261212
005166,0,0,0,0,0,0,0,20260402,20261212
005167,0,0,0,0,0,0,0,20260402,20261212
005168,0,0,0,0,0,0,0,20260402,20261212
005169,0,0,0,0,0,0,0,20260402,20261212
005170,0,0,0,0,0,0,0,20260402,20261212
005171,0,0,0,0,0,0,0,20260402,20261212
005172,0,0,0,0,0,0,0,20260402,20261212
005173,0,0,0,0,0,0,0,20260402,20261212
005174,0,0,0,0,0,0,0,20260402,20261212
005175,0,0,0,0,0,0,0,20260402,20261212
005176,0,0,0,0,0,0,0,20260402,20261212
005177,0,0,0,0,0,0,0,20260402,20261212
005178,0,0,0,0,0,0,0,20260402,20261212
005179,0,0,0,0,0,0,0,20260402,20261212
005180,0,0,0,0,0,0,0,20260402,20261212
005181,0,0,0,0,0,0,0,20260402,20261212
005182,0,0,0,0,0,0,0,20260402,20261212
005183,0,0,0,0,0,0,0,20260402,20261212
005184,0,0,0,0,0,0,0,20260402,20261212
005185,0,0,0,0,0,0,0,20260402,20261212
005186,0,0,0,0,0,0,0,20260402,20261212
005187,0,0,0,0,0,0,0,20260402,20261212
005188,0,0,0,0,0,0,0,20260402,20261212
005189,0,0,0,0,0,0,0,20260402,20261212
005190,0,0,0,0,0,0,0,20260402,20261212
005191,0,0,0,0,0,0,0,20260402,20261212
005192,0,0,0,0,0,0,0,20260402,20261212
005193,0,0,0,0,0,0,0,20260402,20261212
005194,0,0,0,0,0,0,0,20260402,20261212
005195,0,0,0,0,0,0,0,20260402,20261212
005196,0,0,0,0,0,0,0,20260402,20261212
005197,0,0,0,0,0,0,0,20260402,20261212
005198,0,0,0,0,0,0,0,20260402,20261212
005199,0,0,0,0,0,0,0,20260402,20261212
005200,0,0,0,0,0,0,0,20260402,20261212
005201,0,0,0,0,0,0,0,20260402,20261212
005202,0,0,0,0,0,0,0,20260402,20261212
005203,0,0,0,0,0,0,0,20260402,20261212
005204,0,0,0,0,0,0,0,20260402,20261212
005205,0,0,0,0,0,0,0,20260402,20261212
005206,0,0,0,0,0,0,0,20260402,20261212
005207,0,0,0,0,0,0,0,20260402,20261212
005208,0,0,0,0,0,0,0,20260402,20261212
005209,0,0,0,0,0,0,0,20260402,20261212
005210,0,0,0,0,0,0,0,20260402,20261212
005211,0,0,0,0,0,0,0,20260402,20261212
005212,0,0,0,0,0,0,0,20260402,20261212
005213,0,0,0,0,0,0,0,20260402,20261212
005214,0,0,0,0,0,0,0,20260402,20261212
005215,0,0,0,0,0,0,0,20260402,20261212
005216,0,0,0,0,0,0,0,20260402,20261212
005217,0,0,0,0,0,0,0,20260402,20261212
005218,0,0,0,0,0,0,0,20260402,20261212
005219,0,0,0,0,0,0,0,20260402,20261212
005220,0,0,0,0,0,0,0,20260402,20261212
005221,0,0,0,0,0,0,0,20260402,20261212
005222,0,0,0,0,0,0,0,20260402,20261212
005223,0,0,0,0,0,0,0,20260402,20261212
005224,0,0,0,0,0,0,0,20260402,20261212
005225,0,0,0,0,0,0,0,20260402,20261212
005226,0,0,0,0,0,0,0,20260402,20261212
005227,0,0,0,0,0,0,0,20260402,20261212
005228,0,0,0,0,0,0,0,20260402,20261212
005229,0,0,0,0,0,0,0,20260402,20261212
005230,0,0,0,0,0,0,0,20260402,20261212
005231,0,0,0,0,0,0,0,20260402,20261212
005232,0,0,0,0,0,0,0,20260402,20261212
005233,0,0,0,0,0,0,0,20260402,20261212
005234,0,0,0,0,0,0,0,20260402,20261212
005235,0,0,0,0,0,0,0,20260402,20261212
005236,0,0,0,0,0,0,0,20260402,20261212
005237,0,0,0,0,0,0,0,20260402,20261212
005238,0,0,0,0,0,0,0,20260402,20261212
005239,0,0,0,0,0,0,0,20260402,20261212
005240,0,0,0,0,0,0,0,20260402,20261212
005241,0,0,0,0,0,0,0,20260402,20261212
005242,0,0,0,0,0,0,0,20260402,20261212
005243,0,0,0,0,0,0,0,20260402,20261212
005244,0,0,0,0,0,0,0,20260402,20261212
005245,0,0,0,0,0,0,0,20260402,20261212
005246,0,0,0,0,0,0,0,20260402,20261212
005247,0,0,0,0,0,0,0,20260402,20261212
005248,0,0,0,0,0,0,0,20260402,20261212
005249,0,0,0,0,0,0,0,20260402,20261212
005250,0,0,0,0,0,0,0,20260402,20261212
005251,0,0,0,0,0,0,0,20260402,20261212
005252,0,0,0,0,0,0,0,20260402,20261212
005253,0,0,0,0,0,0,0,20260402,20261212
005254,0,0,0,0,0,0,0,20260402,20261212
005255,0,0,0,0,0,0,0,20260402,20261212
005256,0,0,0,0,0,0,0,20260402,20261212
005257,0,0,0,0,0,0,0,20260402,20261212
005258,0,0,0,0,0,0,0,20260402,20261212
005259,0,0,0,0,0,0,0,20260402,20261212
005260,0,0,0,0,0,0,0,20260402,20261212
005261,0,0,0,0,0,0,0,20260402,20261212
005262,0,0,0,0,0,0,0,20260402,20261212
005263,0,0,0,0,0,0,0,20260402,20261212
005264,0,0,0,0,0,0,0,20260402,20261212
005265,0,0,0,0,0,0,0,20260402,20261212
005266,0,0,0,0,0,0,0,20260402,20261212
005267,0,0,0,0,0,0,0,20260402,20261212
005268,0,0,0,0,0,0,0,20260402,20261212
005269,0,0,0,0,0,0,0,20260402,20261212
005270,0,0,0,0,0,0,0,20260402,20261212
005271,0,0,0,0,0,0,0,20260402,20261212
005272,0,0,0,0,0,0,0,20260402,20261212
005273,0,0,0,0,0,0,0,20260402,20261212
005274,0,0,0,0,0,0,0,20260402,20261212
005275,0,0,0,0,0,0,0,20260402,20261212
005276,0,0,0,0,0,0,0,20260402,20261212
005277,0,0,0,0,0,0,0,20260402,20261212
005278,0,0,0,0,0,0,0,20260402,20261212
005279,0,0,0,0,0,0,0,20260402,20261212
005280,0,0,0,0,0,0,0,20260402,20261212
005281,0,0,0,0,0,0,0,20260402,20261212
005282,0,0,0,0,0,0,0,20260402,20261212
005283,0,0,0,0,0,0,0,20260402,20261212
005284,0,0,0,0,0,0,0,20260402,20261212
005285,0,0,0,0,0,0,0,20260402,20261212
005286,0,0,0,0,0,0,0,20260402,20261212
005287,0,0,0,0,0,0,0,20260402,20261212
005288,0,0,0,0,0,0,0,20260402,20261212
005289,0,0,0,0,0,0,0,20260402,20261212
005290,0,0,0,0,0,0,0,20260402,20261212
005291,0,0,0,0,0,0,0,20260402,20261212
005292,0,0,0,0,0,0,0,20260402,20261212
005293,0,0,0,0,0,0,0,20260402,20261212
005294,0,0,0,0,0,0,0,20260402,20261212
005295,0,0,0,0,0,0,0,20260402,20261212
005296,0,0,0,0,0,0,0,20260402,20261212
005297,0,0,0,0,0,0,0,20260402,20261212
005298,0,0,0,0,0,0,0,20260402,20261212
005299,0,0,0,0,0,0,0,20260402,20261212
005300,0,0,0,0,0,0,0,20260402,20261212
005301,0,0,0,0,0,0,0,20260402,20261212
005302,0,0,0,0,0,0,0,20260402,20261212
005303,0,0,0,0,0,0,0,20260402,20261212
005304,0,0,0,0,0,0,0,20260402,20261212
005305,0,0,0,0,0,0,0,20260402,20261212
005306,0,0,0,0,0,0,0,20260402,20261212
005307,0,0,0,0,0,0,0,20260402,20261212
005308,0,0,0,0,0,0,0,20260402,20261212
005309,0,0,0,0,0,0,0,20260402,20261212
005310,0,0,0,0,0,0,0,20260402,20261212
005311,0,0,0,0,0,0,0,20260402,20261212
005312,0,0,0,0,0,0,0,20260402,20261212
005313,0,0,0,0,0,0,0,20260402,20261212
005314,0,0,0,0,0,0,0,20260402,20261212
005315,0,0,0,0,0,0,0,20260402,20261212
005316,0,0,0,0,0,0,0,20260402,20261212
005317,0,0,0,0,0,0,0,20260402,20261212
005318,0,0,0,0,0,0,0,20260402,20261212
005319,0,0,0,0,0,0,0,20260402,20261212
005320,0,0,0,0,0,0,0,20260402,20261212
005321,0,0,0,0,0,0,0,20260402,20261212
005322,0,0,0,0,0,0,0,20260402,20261212
005323,0,0,0,0,0,0,0,20260402,20261212
005324,0,0,0,0,0,0,0,20260402,20261212
005325,0,0,0,0,0,0,0,20260402,20261212
005326,0,0,0,0,0,0,0,20260402,20261212
005327,0,0,0,0,0,0,0,20260402,20261212
005328,0,0,0,0,0,0,0,20260402,20261212
005329,0,0,0,0,0,0,0,20260402,20261212
005330,0,0,0,0,0,0,0,20260402,20261212
005331,0,0,0,0,0,0,0,20260402,20261212
005332,0,0,0,0,0,0,0,20260402,20261212
005333,0,0,0,0,0,0,0,20260402,20261212
005334,0,0,0,0,0,0,0,20260402,20261212
005335,0,0,0,0,0,0,0,20260402,20261212
005336,0,0,0,0,0,0,0,20260402,20261212
005337,0,0,0,0,0,0,0,20260402,20261212
005338,0,0,0,0,0,0,0,20260402,20261212
005339,0,0,0,0,0,0,0,20260402,20261212
005340,0,0,0,0,0,0,0,20260402,20261212
005341,0,0,0,0,0,0,0,20260402,20261212
005342,0,0,0,0,0,0,0,20260402,20261212
005343,0,0,0,0,0,0,0,20260402,20261212
005344,0,0,0,0,0,0,0,20260402,20261212
005345,0,0,0,0,0,0,0,20260402,20261212
005346,0,0,0,0,0,0,0,20260402,20261212
005347,0,0,0,0,0,0,0,20260402,20261212
005348,0,0,0,0,0,0,0,20260402,20261212
005349,0,0,0,0,0,0,0,20260402,20261212
005350,0,0,0,0,0,0,0,20260402,20261212
005351,0,0,0,0,0,0,0,20260402,20261212
005352,0,0,0,0,0,0,0,20260402,20261212
005353,0,0,0,0,0,0,0,20260402,20261212
005354,0,0,0,0,0,0,0,20260402,20261212
005355,0,0,0,0,0,0,0,20260402,20261212
005356,0,0,0,0,0,0,0,20260402,20261212
005357,0,0,0,0,0,0,0,20260402,20261212
005358,0,0,0,0,0,0,0,20260402,20261212
005359,0,0,0,0,0,0,0,20260402,20261212
005360,0,0,0,0,0,0,0,20260402,20261212
005361,0,0,0,0,0,0,0,20260402,20261212
005362,0,0,0,0,0,0,0,20260402,20261212
005363,0,0,0,0,0,0,0,20260402,20261212
005364,0,0,0,0,0,0,0,20260402,20261212
005365,0,0,0,0,0,0,0,20260402,20261212
005366,0,0,0,0,0,0,0,20260402,20261212
005367,0,0,0,0,0,0,0,20260402,20261212
005368,0,0,0,0,0,0,0,20260402,20261212
005369,0,0,0,0,0,0,0,20260402,20261212
005370,0,0,0,0,0,0,0,20260402,20261212
005371,0,0,0,0,0,0,0,20260402,20261212
005372,0,0,0,0,0,0,0,20260402,20261212
005373,0,0,0,0,0,0,0,20260402,20261212
005374,0,0,0,0,0,0,0,20260402,20261212
005375,0,0,0,0,0,0,0,20260402,20261212
005376,0,0,0,0,0,0,0,20260402,20261212
005377,0,0,0,0,0,0,0,20260402,20261212
005378,0,0,0,0,0,0,0,20260402,20261212
005379,0,0,0,0,0,0,0,20260402,20261212
005380,0,0,0,0,0,0,0,20260402,20261212
005381,0,0,0,0,0,0,0,20260402,20261212
005382,0,0,0,0,0,0,0,20260402,20261212
005383,0,0,0,0,0,0,0,20260402,20261212
005384,0,0,0,0,0,0,0,20260402,20261212
005385,0,0,0,0,0,0,0,20260402,20261212
005386,0,0,0,0,0,0,0,20260402,20261212
005387,0,0,0,0,0,0,0,20260402,20261212
005388,0,0,0,0,0,0,0,20260402,20261212
005389,0,0,0,0,0,0,0,20260402,20261212
005390,0,0,0,0,0,0,0,20260402,20261212
005391,0,0,0,0,0,0,0,20260402,20261212
005392,0,0,0,0,0,0,0,20260402,20261212
005393,0,0,0,0,0,0,0,20260402,20261212
005394,0,0,0,0,0,0,0,20260402,20261212
005395,0,0,0,0,0,0,0,20260402,20261212
005396,0,0,0,0,0,0,0,20260402,20261212
005397,0,0,0,0,0,0,0,20260402,20261212
005398,0,0,0,0,0,0,0,20260402,20261212
005399,0,0,0,0,0,0,0,20260402,20261212
005400,0,0,0,0,0,0,0,20260402,20261212
005401,0,0,0,0,0,0,0,20260402,20261212
005402,0,0,0,0,0,0,0,20260402,20261212
005403,0,0,0,0,0,0,0,20260402,20261212
005404,0,0,0,0,0,0,0,20260402,20261212
005405,0,0,0,0,0,0,0,20260402,20261212
005406,0,0,0,0,0,0,0,20260402,20261212
005407,0,0,0,0,0,0,0,20260402,20261212
005408,0,0,0,0,0,0,0,20260402,20261212
005409,0,0,0,0,0,0,0,20260402,20261212
005410,0,0,0,0,0,0,0,20260402,20261212
005411,0,0,0,0,0,0,0,20260402,20261212
005412,0,0,0,0,0,0,0,20260402,20261212
005413,0,0,0,0,0,0,0,20260402,20261212
005414,0,0,0,0,0,0,0,20260402,20261212
005415,0,0,0,0,0,0,0,20260402,20261212
005416,0,0,0,0,0,0,0,20260402,20261212
005417,0,0,0,0,0,0,0,20260402,20261212
005418,0,0,0,0,0,0,0,20260402,20261212
005419,0,0,0,0,0,0,0,20260402,20261212
005420,0,0,0,0,0,0,0,20260402,20261212
005421,0,0,0,0,0,0,0,20260402,20261212
005422,0,0,0,0,0,0,0,20260402,20261212
005423,0,0,0,0,0,0,0,20260402,20261212
005424,0,0,0,0,0,0,0,20260402,20261212
005425,0,0,0,0,0,0,0,20260402,20261212
005426,0,0,0,0,0,0,0,20260402,20261212
005427,0,0,0,0,0,0,0,20260402,20261212
005428,0,0,0,0,0,0,0,20260402,20261212
005429,0,0,0,0,0,0,0,20260402,20261212
005430,0,0,0,0,0,0,0,20260402,20261212
005431,0,0,0,0,0,0,0,20260402,20261212
005432,0,0,0,0,0,0,0,20260402,20261212
005433,0,0,0,0,0,0,0,20260402,20261212
005434,0,0,0,0,0,0,0,20260402,20261212
005435,0,0,0,0,0,0,0,20260402,20261212
005436,0,0,0,0,0,0,0,20260402,20261212
005437,0,0,0,0,0,0,0,20260402,20261212
005438,0,0,0,0,0,0,0,20260402,20261212
005439,0,0,0,0,0,0,0,20260402,20261212
005440,0,0,0,0,0,0,0,20260402,20261212
005441,0,0,0,0,0,0,0,20260402,20261212
005442,0,0,0,0,0,0,0,20260402,20261212
005443,0,0,0,0,0,0,0,20260402,20261212
005444,0,0,0,0,0,0,0,20260402,20261212
005445,0,0,0,0,0,0,0,20260402,20261212
005446,0,0,0,0,0,0,0,20260402,20261212
005447,0,0,0,0,0,0,0,20260402,20261212
005448,0,0,0,0,0,0,0,20260402,20261212
005449,0,0,0,0,0,0,0,20260402,20261212
005450,0,0,0,0,0,0,0,20260402,20261212
005451,0,0,0,0,0,0,0,20260402,20261212
005452,0,0,0,0,0,0,0,20260402,20261212
005453,0,0,0,0,0,0,0,20260402,20261212
005454,0,0,0,0,0,0,0,20260402,20261212
005455,0,0,0,0,0,0,0,20260402,20261212
005456,0,0,0,0,0,0,0,20260402,20261212
005457,0,0,0,0,0,0,0,20260402,20261212
005458,0,0,0,0,0,0,0,20260402,20261212
005459,0,0,0,0,0,0,0,20260402,20261212
005460,0,0,0,0,0,0,0,20260402,20261212
005461,0,0,0,0,0,0,0,20260402,20261212
005462,0,0,0,0,0,0,0,20260402,20261212
005463,0,0,0,0,0,0,0,20260402,20261212
005464,0,0,0,0,0,0,0,20260402,20261212
005465,0,0,0,0,0,0,0,20260402,20261212
005466,0,0,0,0,0,0,0,20260402,20261212
005467,0,0,0,0,0,0,0,20260402,20261212
005468,0,0,0,0,0,0,0,20260402,20261212
005469,0,0,0,0,0,0,0,20260402,20261212
005470,0,0,0,0,0,0,0,20260402,20261212
005471,0,0,0,0,0,0,0,20260402,20261212
005472,0,0,0,0,0,0,0,20260402,20261212
005473,0,0,0,0,0,0,0,20260402,20261212
005474,0,0,0,0,0,0,0,20260402,20261212
005475,0,0,0,0,0,0,0,20260402,20261212
005476,0,0,0,0,0,0,0,20260402,20261212
005477,0,0,0,0,0,0,0,20260402,20261212
005478,0,0,0,0,0,0,0,20260402,20261212
005479,0,0,0,0,0,0,0,20260402,20261212
005480,0,0,0,0,0,0,0,20260402,20261212
005481,0,0,0,0,0,0,0,20260402,20261212
005482,0,0,0,0,0,0,0,20260402,20261212
005483,0,0,0,0,0,0,0,20260402,20261212
005484,0,0,0,0,0,0,0,20260402,20261212
005485,0,0,0,0,0,0,0,20260402,20261212
005486,0,0,0,0,0,0,0,20260402,20261212
005487,0,0,0,0,0,0,0,20260402,20261212
005488,0,0,0,0,0,0,0,20260402,20261212
005489,0,0,0,0,0,0,0,20260402,20261212
005490,0,0,0,0,0,0,0,20260402,20261212
005491,0,0,0,0,0,0,0,20260402,20261212
005492,0,0,0,0,0,0,0,20260402,20261212
005493,0,0,0,0,0,0,0,20260402,20261212
005494,0,0,0,0,0,0,0,20260402,20261212
005495,0,0,0,0,0,0,0,20260402,20261212
005496,0,0,0,0,0,0,0,20260402,20261212
005497,0,0,0,0,0,0,0,20260402,20261212
005498,0,0,0,0,0,0,0,20260402,20261212
005499,0,0,0,0,0,0,0,20260402,20261212
005500,0,0,0,0,0,0,0,20260402,20261212
005501,0,0,0,0,0,0,0,20260402,20261212
005502,0,0,0,0,0,0,0,20260402,20261212
005503,0,0,0,0,0,0,0,20260402,20261212
005504,0,0,0,0,0,0,0,20260402,20261212
005505,0,0,0,0,0,0,0,20260402,20261212
005506,0,0,0,0,0,0,0,20260402,20261212
005507,0,0,0,0,0,0,0,20260402,20261212
005508,0,0,0,0,0,0,0,20260402,20261212
005509,0,0,0,0,0,0,0,20260402,20261212
005510,0,0,0,0,0,0,0,20260402,20261212
005511,0,0,0,0,0,0,0,20260402,20261212
005512,0,0,0,0,0,0,0,20260402,20261212
005513,0,0,0,0,0,0,0,20260402,20261212
005514,0,0,0,0,0,0,0,20260402,20261212
005515,0,0,0,0,0,0,0,20260402,20261212
005516,0,0,0,0,0,0,0,20260402,20261212
005517,0,0,0,0,0,0,0,20260402,20261212
005518,0,0,0,0,0,0,0,20260402,20261212
005519,0,0,0,0,0,0,0,20260402,20261212
005520,0,0,0,0,0,0,0,20260402,20261212
005521,0,0,0,0,0,0,0,20260402,20261212
005522,0,0,0,0,0,0,0,20260402,20261212
005523,0,0,0,0,0,0,0,20260402,20261212
005524,0,0,0,0,0,0,0,20260402,20261212
005525,0,0,0,0,0,0,0,20260402,20261212
005526,0,0,0,0,0,0,0,20260402,20261212
005527,0,0,0,0,0,0,0,20260402,20261212
005528,0,0,0,0,0,0,0,20260402,20261212
005529,0,0,0,0,0,0,0,20260402,20261212
005530,0,0,0,0,0,0,0,20260402,20261212
005531,0,0,0,0,0,0,0,20260402,20261212
005532,0,0,0,0,0,0,0,20260402,20261212
005533,0,0,0,0,0,0,0,20260402,20261212
005534,0,0,0,0,0,0,0,20260402,20261212
005535,0,0,0,0,0,0,0,20260402,20261212
005536,0,0,0,0,0,0,0,20260402,20261212
005537,0,0,0,0,0,0,0,20260402,20261212
005538,0,0,0,0,0,0,0,20260402,20261212
005539,0,0,0,0,0,0,0,20260402,20261212
005540,0,0,0,0,0,0,0,20260402,20261212
005541,0,0,0,0,0,0,0,20260402,20261212
005542,0,0,0,0,0,0,0,20260402,20261212
005543,0,0,0,0,0,0,0,20260402,20261212
005544,0,0,0,0,0,0,0,20260402,20261212
005545,0,0,0,0,0,0,0,20260402,20261212
005546,0,0,0,0,0,0,0,20260402,20261212
005547,0,0,0,0,0,0,0,20260402,20261212
005548,0,0,0,0,0,0,0,20260402,20261212
005549,0,0,0,0,0,0,0,20260402,20261212
005550,0,0,0,0,0,0,0,20260402,20261212
005551,0,0,0,0,0,0,0,20260402,20261212
005552,0,0,0,0,0,0,0,20260402,20261212
005553,0,0,0,0,0,0,0,20260402,20261212
005554,0,0,0,0,0,0,0,20260402,20261212
005555,0,0,0,0,0,0,0,20260402,20261212
005556,0,0,0,0,0,0,0,20260402,20261212
005557,0,0,0,0,0,0,0,20260402,20261212
005558,0,0,0,0,0,0,0,20260402,20261212
005559,0,0,0,0,0,0,0,20260402,20261212
005560,0,0,0,0,0,0,0,20260402,20261212
005561,0,0,0,0,0,0,0,20260402,20261212
005562,0,0,0,0,0,0,0,20260402,20261212
005563,0,0,0,0,0,0,0,20260402,20261212
005564,0,0,0,0,0,0,0,20260402,20261212
005565,0,0,0,0,0,0,0,20260402,20261212
005566,0,0,0,0,0,0,0,20260402,20261212
005567,0,0,0,0,0,0,0,20260402,20261212
005568,0,0,0,0,0,0,0,20260402,20261212
005569,0,0,0,0,0,0,0,20260402,20261212
005570,0,0,0,0,0,0,0,20260402,20261212
005571,0,0,0,0,0,0,0,20260402,20261212
005572,0,0,0,0,0,0,0,20260402,20261212
005573,0,0,0,0,0,0,0,20260402,20261212
005574,0,0,0,0,0,0,0,20260402,20261212
005575,0,0,0,0,0,0,0,20260402,20261212
005576,0,0,0,0,0,0,0,20260402,20261212
005577,0,0,0,0,0,0,0,20260402,20261212
005578,0,0,0,0,0,0,0,20260402,20261212
005579,0,0,0,0,0,0,0,20260402,20261212
005580,0,0,0,0,0,0,0,20260402,20261212
005581,0,0,0,0,0,0,0,20260402,20261212
005582,0,0,0,0,0,0,0,20260402,20261212
005583,0,0,0,0,0,0,0,20260402,20261212
005584,0,0,0,0,0,0,0,20260402,20261212
005585,0,0,0,0,0,0,0,20260402,20261212
005586,0,0,0,0,0,0,0,20260402,20261212
005587,0,0,0,0,0,0,0,20260402,20261212
005588,0,0,0,0,0,0,0,20260402,20261212
005589,0,0,0,0,0,0,0,20260402,20261212
005590,0,0,0,0,0,0,0,20260402,20261212
005591,0,0,0,0,0,0,0,20260402,20261212
005592,0,0,0,0,0,0,0,20260402,20261212
005593,0,0,0,0,0,0,0,20260402,20261212
005594,0,0,0,0,0,0,0,20260402,20261212
005595,0,0,0,0,0,0,0,20260402,20261212
005596,0,0,0,0,0,0,0,20260402,20261212
005597,0,0,0,0,0,0,0,20260402,20261212
005598,0,0,0,0,0,0,0,20260402,20261212
005599,0,0,0,0,0,0,0,20260402,20261212
005600,0,0,0,0,0,0,0,20260402,20261212
005601,0,0,0,0,0,0,0,20260402,20261212
005602,0,0,0,0,0,0,0,20260402,20261212
005603,0,0,0,0,0,0,0,20260402,20261212
005604,0,0,0,0,0,0,0,20260402,20261212
005605,0,0,0,0,0,0,0,20260402,20261212
005606,0,0,0,0,0,0,0,20260402,20261212
005607,0,0,0,0,0,0,0,20260402,20261212
005608,0,0,0,0,0,0,0,20260402,20261212
005609,0,0,0,0,0,0,0,20260402,20261212
005610,0,0,0,0,0,0,0,20260402,20261212
005611,0,0,0,0,0,0,0,20260402,20261212
005612,0,0,0,0,0,0,0,20260402,20261212
005613,0,0,0,0,0,0,0,20260402,20261212
005614,0,0,0,0,0,0,0,20260402,20261212
005615,0,0,0,0,0,0,0,20260402,20261212
005616,0,0,0,0,0,0,0,20260402,20261212
005617,0,0,0,0,0,0,0,20260402,20261212
005618,0,0,0,0,0,0,0,20260402,20261212
005619,0,0,0,0,0,0,0,20260402,20261212
005620,0,0,0,0,0,0,0,20260402,20261212
005621,0,0,0,0,0,0,0,20260402,20261212
005622,0,0,0,0,0,0,0,20260402,20261212
005623,0,0,0,0,0,0,0,20260402,20261212
005624,0,0,0,0,0,0,0,20260402,20261212
005625,0,0,0,0,0,0,0,20260402,20261212
005626,0,0,0,0,0,0,0,20260402,20261212
005627,0,0,0,0,0,0,0,20260402,20261212
005628,0,0,0,0,0,0,0,20260402,20261212
005629,0,0,0,0,0,0,0,20260402,20261212
005630,0,0,0,0,0,0,0,20260402,20261212
005631,0,0,0,0,0,0,0,20260402,20261212
005632,0,0,0,0,0,0,0,20260402,20261212
005633,0,0,0,0,0,0,0,20260402,20261212
005634,0,0,0,0,0,0,0,20260402,20261212
005635,0,0,0,0,0,0,0,20260402,20261212
005636,0,0,0,0,0,0,0,20260402,20261212
005637,0,0,0,0,0,0,0,20260402,20261212
005638,0,0,0,0,0,0,0,20260402,20261212
005639,0,0,0,0,0,0,0,20260402,20261212
005640,0,0,0,0,0,0,0,20260402,20261212
005641,0,0,0,0,0,0,0,20260402,20261212
005642,0,0,0,0,0,0,0,20260402,20261212
005643,0,0,0,0,0,0,0,20260402,20261212
005644,0,0,0,0,0,0,0,20260402,20261212
005645,0,0,0,0,0,0,0,20260402,20261212
005646,0,0,0,0,0,0,0,20260402,20261212
005647,0,0,0,0,0,0,0,20260402,20261212
005648,0,0,0,0,0,0,0,20260402,20261212
005649,0,0,0,0,0,0,0,20260402,20261212
005650,0,0,0,0,0,0,0,20260402,20261212
005651,0,0,0,0,0,0,0,20260402,20261212
005652,0,0,0,0,0,0,0,20260402,20261212
005653,0,0,0,0,0,0,0,20260402,20261212
005654,0,0,0,0,0,0,0,20260402,20261212
005655,0,0,0,0,0,0,0,20260402,20261212
005656,0,0,0,0,0,0,0,20260402,20261212
005657,0,0,0,0,0,0,0,20260402,20261212
005658,0,0,0,0,0,0,0,20260402,20261212
005659,0,0,0,0,0,0,0,20260402,20261212
005660,0,0,0,0,0,0,0,20260402,20261212
005661,0,0,0,0,0,0,0,20260402,20261212
005662,0,0,0,0,0,0,0,20260402,20261212
005663,0,0,0,0,0,0,0,20260402,20261212
005664,0,0,0,0,0,0,0,20260402,20261212
005665,0,0,0,0,0,0,0,20260402,20261212
005666,0,0,0,0,0,0,0,20260402,20261212
005667,0,0,0,0,0,0,0,20260402,20261212
005668,0,0,0,0,0,0,0,20260402,20261212
005669,0,0,0,0,0,0,0,20260402,20261212
005670,0,0,0,0,0,0,0,20260402,20261212
005671,0,0,0,0,0,0,0,20260402,20261212
005672,0,0,0,0,0,0,0,20260402,20261212
005673,0,0,0,0,0,0,0,20260402,20261212
005674,0,0,0,0,0,0,0,20260402,20261212
005675,0,0,0,0,0,0,0,20260402,20261212
005676,0,0,0,0,0,0,0,20260402,20261212
005677,0,0,0,0,0,0,0,20260402,20261212
005678,0,0,0,0,0,0,0,20260402,20261212
005679,0,0,0,0,0,0,0,20260402,20261212
005680,0,0,0,0,0,0,0,20260402,20261212
005681,0,0,0,0,0,0,0,20260402,20261212
005682,0,0,0,0,0,0,0,20260402,20261212
005683,0,0,0,0,0,0,0,20260402,20261212
005684,0,0,0,0,0,0,0,20260402,20261212
005685,0,0,0,0,0,0,0,20260402,20261212
005686,0,0,0,0,0,0,0,20260402,20261212
005687,0,0,0,0,0,0,0,20260402,20261212
005688,0,0,0,0,0,0,0,20260402,20261212
005689,0,0,0,0,0,0,0,20260402,20261212
005690,0,0,0,0,0,0,0,20260402,20261212
005691,0,0,0,0,0,0,0,20260402,20261212
005692,0,0,0,0,0,0,0,20260402,20261212
005693,0,0,0,0,0,0,0,20260402,20261212
005694,0,0,0,0,0,0,0,20260402,20261212
005695,0,0,0,0,0,0,0,20260402,20261212
005696,0,0,0,0,0,0,0,20260402,20261212
005697,0,0,0,0,0,0,0,20260402,20261212
005698,0,0,0,0,0,0,0,20260402,20261212
005699,0,0,0,0,0,0,0,20260402,20261212
005700,0,0,0,0,0,0,0,20260402,20261212
005701,0,0,0,0,0,0,0,20260402,20261212
005702,0,0,0,0,0,0,0,20260402,20261212
005703,0,0,0,0,0,0,0,20260402,20261212
005704,0,0,0,0,0,0,0,20260402,20261212
005705,0,0,0,0,0,0,0,20260402,20261212
005706,0,0,0,0,0,0,0,20260402,20261212
005707,0,0,0,0,0,0,0,20260402,20261212
005708,0,0,0,0,0,0,0,20260402,20261212
005709,0,0,0,0,0,0,0,20260402,20261212
005710,0,0,0,0,0,0,0,20260402,20261212
005711,0,0,0,0,0,0,0,20260402,20261212
005712,0,0,0,0,0,0,0,20260402,20261212
005713,0,0,0,0,0,0,0,20260402,20261212
005714,0,0,0,0,0,0,0,20260402,20261212
005715,0,0,0,0,0,0,0,20260402,20261212
005716,0,0,0,0,0,0,0,20260402,20261212
005717,0,0,0,0,0,0,0,20260402,20261212
005718,0,0,0,0,0,0,0,20260402,20261212
005719,0,0,0,0,0,0,0,20260402,20261212
005720,0,0,0,0,0,0,0,20260402,20261212
005721,0,0,0,0,0,0,0,20260402,20261212
005722,0,0,0,0,0,0,0,20260402,20261212
005723,0,0,0,0,0,0,0,20260402,20261212
005724,0,0,0,0,0,0,0,20260402,20261212
005725,0,0,0,0,0,0,0,20260402,20261212
005726,0,0,0,0,0,0,0,20260402,20261212
005727,0,0,0,0,0,0,0,20260402,20261212
005728,0,0,0,0,0,0,0,20260402,20261212
005729,0,0,0,0,0,0,0,20260402,20261212
005730,0,0,0,0,0,0,0,20260402,20261212
005731,0,0,0,0,0,0,0,20260402,20261212
005732,0,0,0,0,0,0,0,20260402,20261212
005733,0,0,0,0,0,0,0,20260402,20261212
005734,0,0,0,0,0,0,0,20260402,20261212
005735,0,0,0,0,0,0,0,20260402,20261212
005736,0,0,0,0,0,0,0,20260402,20261212
005737,0,0,0,0,0,0,0,20260402,20261212
005738,0,0,0,0,0,0,0,20260402,20261212
005739,0,0,0,0,0,0,0,20260402,20261212
005740,0,0,0,0,0,0,0,20260402,20261212
005741,0,0,0,0,0,0,0,20260402,20261212
005742,0,0,0,0,0,0,0,20260402,20261212
005743,0,0,0,0,0,0,0,20260402,20261212
005744,0,0,0,0,0,0,0,20260402,20261212
005745,0,0,0,0,0,0,0,20260402,20261212
005746,0,0,0,0,0,0,0,20260402,20261212
005747,0,0,0,0,0,0,0,20260402,20261212
005748,0,0,0,0,0,0,0,20260402,20261212
005749,0,0,0,0,0,0,0,20260402,20261212
005750,0,0,0,0,0,0,0,20260402,20261212
005751,0,0,0,0,0,0,0,20260402,20261212
005752,0,0,0,0,0,0,0,20260402,20261212
005753,0,0,0,0,0,0,0,20260402,20261212
005754,0,0,0,0,0,0,0,20260402,20261212
005755,0,0,0,0,0,0,0,20260402,20261212
005756,0,0,0,0,0,0,0,20260402,20261212
005757,0,0,0,0,0,0,0,20260402,20261212
005758,0,0,0,0,0,0,0,20260402,20261212
005759,0,0,0,0,0,0,0,20260402,20261212
005760,0,0,0,0,0,0,0,20260402,20261212
005761,0,0,0,0,0,0,0,20260402,20261212
005762,0,0,0,0,0,0,0,20260402,20261212
005763,0,0,0,0,0,0,0,20260402,20261212
005764,0,0,0,0,0,0,0,20260402,20261212
005765,0,0,0,0,0,0,0,20260402,20261212
005766,0,0,0,0,0,0,0,20260402,20261212
005767,0,0,0,0,0,0,0,20260402,20261212
005768,0,0,0,0,0,0,0,20260402,20261212
005769,0,0,0,0,0,0,0,20260402,20261212
005770,0,0,0,0,0,0,0,20260402,20261212
005771,0,0,0,0,0,0,0,20260402,20261212
005772,0,0,0,0,0,0,0,20260402,20261212
005773,0,0,0,0,0,0,0,20260402,20261212
005774,0,0,0,0,0,0,0,20260402,20261212
005775,0,0,0,0,0,0,0,20260402,20261212
005776,0,0,0,0,0,0,0,20260402,20261212
005777,0,0,0,0,0,0,0,20260402,20261212
005778,0,0,0,0,0,0,0,20260402,20261212
005779,0,0,0,0,0,0,0,20260402,20261212
005780,0,0,0,0,0,0,0,20260402,20261212
005781,0,0,0,0,0,0,0,20260402,20261212
005782,0,0,0,0,0,0,0,20260402,20261212
005783,0,0,0,0,0,0,0,20260402,20261212
005784,0,0,0,0,0,0,0,20260402,20261212
005785,0,0,0,0,0,0,0,20260402,20261212
005786,0,0,0,0,0,0,0,20260402,20261212
005787,0,0,0,0,0,0,0,20260402,20261212
005788,0,0,0,0,0,0,0,20260402,20261212
005789,0,0,0,0,0,0,0,20260402,20261212
005790,0,0,0,0,0,0,0,20260402,20261212
005791,0,0,0,0,0,0,0,20260402,20261212
005792,0,0,0,0,0,0,0,20260402,20261212
005793,0,0,0,0,0,0,0,20260402,20261212
005794,0,0,0,0,0,0,0,20260402,20261212
005795,0,0,0,0,0,0,0,20260402,20261212
005796,0,0,0,0,0,0,0,20260402,20261212
005797,0,0,0,0,0,0,0,20260402,20261212
005798,0,0,0,0,0,0,0,20260402,20261212
005799,0,0,0,0,0,0,0,20260402,20261212
005800,0,0,0,0,0,0,0,20260402,20261212
005801,0,0,0,0,0,0,0,20260402,20261212
005802,0,0,0,0,0,0,0,20260402,20261212
005803,0,0,0,0,0,0,0,20260402,20261212
005804,0,0,0,0,0,0,0,20260402,20261212
005805,0,0,0,0,0,0,0,20260402,20261212
005806,0,0,0,0,0,0,0,20260402,20261212
005807,0,0,0,0,0,0,0,20260402,20261212
005808,0,0,0,0,0,0,0,20260402,20261212
005809,0,0,0,0,0,0,0,20260402,20261212
005810,0,0,0,0,0,0,0,20260402,20261212
005811,0,0,0,0,0,0,0,20260402,20261212
005812,0,0,0,0,0,0,0,20260402,20261212
005813,0,0,0,0,0,0,0,20260402,20261212
005814,0,0,0,0,0,0,0,20260402,20261212
005815,0,0,0,0,0,0,0,20260402,20261212
005816,0,0,0,0,0,0,0,20260402,20261212
005817,0,0,0,0,0,0,0,20260402,20261212
005818,0,0,0,0,0,0,0,20260402,20261212
005819,0,0,0,0,0,0,0,20260402,20261212
005820,0,0,0,0,0,0,0,20260402,20261212
005821,0,0,0,0,0,0,0,20260402,20261212
005822,0,0,0,0,0,0,0,20260402,20261212
005823,0,0,0,0,0,0,0,20260402,20261212
005824,0,0,0,0,0,0,0,20260402,20261212
005825,0,0,0,0,0,0,0,20260402,20261212
005826,0,0,0,0,0,0,0,20260402,20261212
005827,0,0,0,0,0,0,0,20260402,20261212
005828,0,0,0,0,0,0,0,20260402,20261212
005829,0,0,0,0,0,0,0,20260402,20261212
005830,0,0,0,0,0,0,0,20260402,20261212
005831,0,0,0,0,0,0,0,20260402,20261212
005832,0,0,0,0,0,0,0,20260402,20261212
005833,0,0,0,0,0,0,0,20260402,20261212
005834,0,0,0,0,0,0,0,20260402,20261212
005835,0,0,0,0,0,0,0,20260402,20261212
005836,0,0,0,0,0,0,0,20260402,20261212
005837,0,0,0,0,0,0,0,20260402,20261212
005838,0,0,0,0,0,0,0,20260402,20261212
005839,0,0,0,0,0,0,0,20260402,20261212
005840,0,0,0,0,0,0,0,20260402,20261212
005841,0,0,0,0,0,0,0,20260402,20261212
005842,0,0,0,0,0,0,0,20260402,20261212
005843,0,0,0,0,0,0,0,20260402,20261212
005844,0,0,0,0,0,0,0,20260402,20261212
005845,0,0,0,0,0,0,0,20260402,20261212
005846,0,0,0,0,0,0,0,20260402,20261212
005847,0,0,0,0,0,0,0,20260402,20261212
005848,0,0,0,0,0,0,0,20260402,20261212
005849,0,0,0,0,0,0,0,20260402,20261212
005850,0,0,0,0,0,0,0,20260402,20261212
005851,0,0,0,0,0,0,0,20260402,20261212
005852,0,0,0,0,0,0,0,20260402,20261212
005853,0,0,0,0,0,0,0,20260402,20261212
005854,0,0,0,0,0,0,0,20260402,20261212
005855,0,0,0,0,0,0,0,20260402,20261212
005856,0,0,0,0,0,0,0,20260402,20261212
005857,0,0,0,0,0,0,0,20260402,20261212
005858,0,0,0,0,0,0,0,20260402,20261212
005859,0,0,0,0,0,0,0,20260402,20261212
005860,0,0,0,0,0,0,0,20260402,20261212
005861,0,0,0,0,0,0,0,20260402,20261212
005862,0,0,0,0,0,0,0,20260402,20261212
005863,0,0,0,0,0,0,0,20260402,20261212
005864,0,0,0,0,0,0,0,20260402,20261212
005865,0,0,0,0,0,0,0,20260402,20261212
005866,0,0,0,0,0,0,0,20260402,20261212
005867,0,0,0,0,0,0,0,20260402,20261212
005868,0,0,0,0,0,0,0,20260402,20261212
005869,0,0,0,0,0,0,0,20260402,20261212
005870,0,0,0,0,0,0,0,20260402,20261212
005871,0,0,0,0,0,0,0,20260402,20261212
005872,0,0,0,0,0,0,0,20260402,20261212
005873,0,0,0,0,0,0,0,20260402,20261212
005874,0,0,0,0,0,0,0,20260402,20261212
005875,0,0,0,0,0,0,0,20260402,20261212
005876,0,0,0,0,0,0,0,20260402,20261212
005877,0,0,0,0,0,0,0,20260402,20261212
005878,0,0,0,0,0,0,0,20260402,20261212
005879,0,0,0,0,0,0,0,20260402,20261212
005880,0,0,0,0,0,0,0,20260402,20261212
005881,0,0,0,0,0,0,0,20260402,20261212
005882,0,0,0,0,0,0,0,20260402,20261212
005883,0,0,0,0,0,0,0,20260402,20261212
005884,0,0,0,0,0,0,0,20260402,20261212
005885,0,0,0,0,0,0,0,20260402,20261212
005886,0,0,0,0,0,0,0,20260402,20261212
005887,0,0,0,0,0,0,0,20260402,20261212
005888,0,0,0,0,0,0,0,20260402,20261212
005889,0,0,0,0,0,0,0,20260402,20261212
005890,0,0,0,0,0,0,0,20260402,20261212
005891,0,0,0,0,0,0,0,20260402,20261212
005892,0,0,0,0,0,0,0,20260402,20261212
005893,0,0,0,0,0,0,0,20260402,20261212
005894,0,0,0,0,0,0,0,20260402,20261212
005895,0,0,0,0,0,0,0,20260402,20261212
005896,0,0,0,0,0,0,0,20260402,20261212
005897,0,0,0,0,0,0,0,20260402,20261212
005898,0,0,0,0,0,0,0,20260402,20261212
005899,0,0,0,0,0,0,0,20260402,20261212
005900,0,0,0,0,0,0,0,20260402,20261212
005901,0,0,0,0,0,0,0,20260402,20261212
005902,0,0,0,0,0,0,0,20260402,20261212
005903,0,0,0,0,0,0,0,20260402,20261212
005904,0,0,0,0,0,0,0,20260402,20261212
005905,0,0,0,0,0,0,0,20260402,20261212
005906,0,0,0,0,0,0,0,20260402,20261212
005907,0,0,0,0,0,0,0,20260402,20261212
005908,0,0,0,0,0,0,0,20260402,20261212
005909,0,0,0,0,0,0,0,20260402,20261212
005910,0,0,0,0,0,0,0,20260402,20261212
005911,0,0,0,0,0,0,0,20260402,20261212
005912,0,0,0,0,0,0,0,20260402,20261212
005913,0,0,0,0,0,0,0,20260402,20261212
005914,0,0,0,0,0,0,0,20260402,20261212
005915,0,0,0,0,0,0,0,20260402,20261212
005916,0,0,0,0,0,0,0,20260402,20261212
005917,0,0,0,0,0,0,0,20260402,20261212
005918,0,0,0,0,0,0,0,20260402,20261212
005919,0,0,0,0,0,0,0,20260402,20261212
005920,0,0,0,0,0,0,0,20260402,20261212
005921,0,0,0,0,0,0,0,20260402,20261212
005922,0,0,0,0,0,0,0,20260402,20261212
005923,0,0,0,0,0,0,0,20260402,20261212
005924,0,0,0,0,0,0,0,20260402,20261212
005925,0,0,0,0,0,0,0,20260402,20261212
005926,0,0,0,0,0,0,0,20260402,20261212
005927,0,0,0,0,0,0,0,20260402,20261212
005928,0,0,0,0,0,0,0,20260402,20261212
005929,0,0,0,0,0,0,0,20260402,20261212
005930,0,0,0,0,0,0,0,20260402,20261212
005931,0,0,0,0,0,0,0,20260402,20261212
005932,0,0,0,0,0,0,0,20260402,20261212
005933,0,0,0,0,0,0,0,20260402,20261212
005934,0,0,0,0,0,0,0,20260402,20261212
005935,0,0,0,0,0,0,0,20260402,20261212
005936,0,0,0,0,0,0,0,20260402,20261212
005937,0,0,0,0,0,0,0,20260402,20261212
005938,0,0,0,0,0,0,0,20260402,20261212
005939,0,0,0,0,0,0,0,20260402,20261212
005940,0,0,0,0,0,0,0,20260402,20261212
005941,0,0,0,0,0,0,0,20260402,20261212
005942,0,0,0,0,0,0,0,20260402,20261212
005943,0,0,0,0,0,0,0,20260402,20261212
005944,0,0,0,0,0,0,0,20260402,20261212
005945,0,0,0,0,0,0,0,20260402,20261212
005946,0,0,0,0,0,0,0,20260402,20261212
005947,0,0,0,0,0,0,0,20260402,20261212
005948,0,0,0,0,0,0,0,20260402,20261212
005949,0,0,0,0,0,0,0,20260402,20261212
005950,0,0,0,0,0,0,0,20260402,20261212
005951,0,0,0,0,0,0,0,20260402,20261212
005952,0,0,0,0,0,0,0,20260402,20261212
005953,0,0,0,0,0,0,0,20260402,20261212
005954,0,0,0,0,0,0,0,20260402,20261212
005955,0,0,0,0,0,0,0,20260402,20261212
005956,0,0,0,0,0,0,0,20260402,20261212
005957,0,0,0,0,0,0,0,20260402,20261212
005958,0,0,0,0,0,0,0,20260402,20261212
005959,0,0,0,0,0,0,0,20260402,20261212
005960,0,0,0,0,0,0,0,20260402,20261212
005961,0,0,0,0,0,0,0,20260402,20261212
005962,0,0,0,0,0,0,0,20260402,20261212
005963,0,0,0,0,0,0,0,20260402,20261212
005964,0,0,0,0,0,0,0,20260402,20261212
005965,0,0,0,0,0,0,0,20260402,20261212
005966,0,0,0,0,0,0,0,20260402,20261212
005967,0,0,0,0,0,0,0,20260402,20261212
005968,0,0,0,0,0,0,0,20260402,20261212
005969,0,0,0,0,0,0,0,20260402,20261212
005970,0,0,0,0,0,0,0,20260402,20261212
005971,0,0,0,0,0,0,0,20260402,20261212
005972,0,0,0,0,0,0,0,20260402,20261212
005973,0,0,0,0,0,0,0,20260402,20261212
005974,0,0,0,0,0,0,0,20260402,20261212
005975,0,0,0,0,0,0,0,20260402,20261212
005976,0,0,0,0,0,0,0,20260402,20261212
005977,0,0,0,0,0,0,0,20260402,20261212
005978,0,0,0,0,0,0,0,20260402,20261212
005979,0,0,0,0,0,0,0,20260402,20261212
005980,0,0,0,0,0,0,0,20260402,20261212
005981,0,0,0,0,0,0,0,20260402,20261212
005982,0,0,0,0,0,0,0,20260402,20261212
005983,0,0,0,0,0,0,0,20260402,20261212
005984,0,0,0,0,0,0,0,20260402,20261212
005985,0,0,0,0,0,0,0,20260402,20261212
005986,0,0,0,0,0,0,0,20260402,20261212
005987,0,0,0,0,0,0,0,20260402,20261212
005988,0,0,0,0,0,0,0,20260402,20261212
005989,0,0,0,0,0,0,0,20260402,20261212
005990,0,0,0,0,0,0,0,20260402,20261212
005991,0,0,0,0,0,0,0,20260402,20261212
005992,0,0,0,0,0,0,0,20260402,20261212
005993,0,0,0,0,0,0,0,20260402,20261212
005994,0,0,0,0,0,0,0,20260402,20261212
005995,0,0,0,0,0,0,0,20260402,20261212
005996,0,0,0,0,0,0,0,20260402,20261212
005997,0,0,0,0,0,0,0,20260402,20261212
005998,0,0,0,0,0,0,0,20260402,20261212
005999,0,0,0,0,0,0,0,20260402,20261212
006000,0,0,0,0,0,0,0,20260402,20261212
006001,0,0,0,0,0,0,0,20260402,20261212
006002,0,0,0,0,0,0,0,20260402,20261212
006003,0,0,0,0,0,0,0,20260402,20261212
006004,0,0,0,0,0,0,0,20260402,20261212
006005,0,0,0,0,0,0,0,20260402,20261212
006006,0,0,0,0,0,0,0,20260402,20261212
006007,0,0,0,0,0,0,0,20260402,20261212
006008,0,0,0,0,0,0,0,20260402,20261212
006009,0,0,0,0,0,0,0,20260402,20261212
006010,0,0,0,0,0,0,0,20260402,20261212
006011,0,0,0,0,0,0,0,20260402,20261212
006012,0,0,0,0,0,0,0,20260402,20261212
006013,0,0,0,0,0,0,0,20260402,20261212
006014,0,0,0,0,0,0,0,20260402,20261212
006015,0,0,0,0,0,0,0,20260402,20261212
006016,0,0,0,0,0,0,0,20260402,20261212
006017,0,0,0,0,0,0,0,20260402,20261212
006018,0,0,0,0,0,0,0,20260402,20261212
006019,0,0,0,0,0,0,0,20260402,20261212
006020,0,0,0,0,0,0,0,20260402,20261212
006021,0,0,0,0,0,0,0,20260402,20261212
006022,0,0,0,0,0,0,0,20260402,20261212
006023,0,0,0,0,0,0,0,20260402,20261212
006024,0,0,0,0,0,0,0,20260402,20261212
006025,0,0,0,0,0,0,0,20260402,20261212
006026,0,0,0,0,0,0,0,20260402,20261212
006027,0,0,0,0,0,0,0,20260402,20261212
006028,0,0,0,0,0,0,0,20260402,20261212
006029,0,0,0,0,0,0,0,20260402,20261212
006030,0,0,0,0,0,0,0,20260402,20261212
006031,0,0,0,0,0,0,0,20260402,20261212
006032,0,0,0,0,0,0,0,20260402,20261212
006033,0,0,0,0,0,0,0,20260402,20261212
006034,0,0,0,0,0,0,0,20260402,20261212
006035,0,0,0,0,0,0,0,20260402,20261212
006036,0,0,0,0,0,0,0,20260402,20261212
006037,0,0,0,0,0,0,0,20260402,20261212
006038,0,0,0,0,0,0,0,20260402,20261212
006039,0,0,0,0,0,0,0,20260402,20261212
006040,0,0,0,0,0,0,0,20260402,20261212
006041,0,0,0,0,0,0,0,20260402,20261212
006042,0,0,0,0,0,0,0,20260402,20261212
006043,0,0,0,0,0,0,0,20260402,20261212
006044,0,0,0,0,0,0,0,20260402,20261212
006045,0,0,0,0,0,0,0,20260402,20261212
006046,0,0,0,0,0,0,0,20260402,20261212
006047,0,0,0,0,0,0,0,20260402,20261212
006048,0,0,0,0,0,0,0,20260402,20261212
006049,0,0,0,0,0,0,0,20260402,20261212
006050,0,0,0,0,0,0,0,20260402,20261212
006051,0,0,0,0,0,0,0,20260402,20261212
006052,0,0,0,0,0,0,0,20260402,20261212
006053,0,0,0,0,0,0,0,20260402,20261212
006054,0,0,0,0,0,0,0,20260402,20261212
006055,0,0,0,0,0,0,0,20260402,20261212
006056,0,0,0,0,0,0,0,20260402,20261212
006057,0,0,0,0,0,0,0,20260402,20261212
006058,0,0,0,0,0,0,0,20260402,20261212
006059,0,0,0,0,0,0,0,20260402,20261212
006060,0,0,0,0,0,0,0,20260402,20261212
006061,0,0,0,0,0,0,0,20260402,20261212
006062,0,0,0,0,0,0,0,20260402,20261212
006063,0,0,0,0,0,0,0,20260402,20261212
006064,0,0,0,0,0,0,0,20260402,20261212
006065,0,0,0,0,0,0,0,20260402,20261212
006066,0,0,0,0,0,0,0,20260402,20261212
006067,0,0,0,0,0,0,0,20260402,20261212
006068,0,0,0,0,0,0,0,20260402,20261212
006069,0,0,0,0,0,0,0,20260402,20261212
006070,0,0,0,0,0,0,0,20260402,20261212
006071,0,0,0,0,0,0,0,20260402,20261212
006072,0,0,0,0,0,0,0,20260402,20261212
006073,0,0,0,0,0,0,0,20260402,20261212
006074,0,0,0,0,0,0,0,20260402,20261212
006075,0,0,0,0,0,0,0,20260402,20261212
006076,0,0,0,0,0,0,0,20260402,20261212
006077,0,0,0,0,0,0,0,20260402,20261212
006078,0,0,0,0,0,0,0,20260402,20261212
006079,0,0,0,0,0,0,0,20260402,20261212
006080,0,0,0,0,0,0,0,20260402,20261212
006081,0,0,0,0,0,0,0,20260402,20261212
006082,0,0,0,0,0,0,0,20260402,20261212
006083,0,0,0,0,0,0,0,20260402,20261212
006084,0,0,0,0,0,0,0,20260402,20261212
006085,0,0,0,0,0,0,0,20260402,20261212
006086,0,0,0,0,0,0,0,20260402,20261212
006087,0,0,0,0,0,0,0,20260402,20261212
006088,0,0,0,0,0,0,0,20260402,20261212
006089,0,0,0,0,0,0,0,20260402,20261212
006090,0,0,0,0,0,0,0,20260402,20261212
006091,0,0,0,0,0,0,0,20260402,20261212
006092,0,0,0,0,0,0,0,20260402,20261212
006093,0,0,0,0,0,0,0,20260402,20261212
006094,0,0,0,0,0,0,0,20260402,20261212
006095,0,0,0,0,0,0,0,20260402,20261212
006096,0,0,0,0,0,0,0,20260402,20261212
006097,0,0,0,0,0,0,0,20260402,20261212
006098,0,0,0,0,0,0,0,20260402,20261212
006099,0,0,0,0,0,0,0,20260402,20261212
006100,0,0,0,0,0,0,0,20260402,20261212
006101,0,0,0,0,0,0,0,20260402,20261212
006102,0,0,0,0,0,0,0,20260402,20261212
006103,0,0,0,0,0,0,0,20260402,20261212
006104,0,0,0,0,0,0,0,20260402,20261212
006105,0,0,0,0,0,0,0,20260402,20261212
006106,0,0,0,0,0,0,0,20260402,20261212
006107,0,0,0,0,0,0,0,20260402,20261212
006108,0,0,0,0,0,0,0,20260402,20261212
006109,0,0,0,0,0,0,0,20260402,20261212
006110,0,0,0,0,0,0,0,20260402,20261212
006111,0,0,0,0,0,0,0,20260402,20261212
006112,0,0,0,0,0,0,0,20260402,20261212
006113,0,0,0,0,0,0,0,20260402,20261212
006114,0,0,0,0,0,0,0,20260402,20261212
006115,0,0,0,0,0,0,0,20260402,20261212
006116,0,0,0,0,0,0,0,20260402,20261212
006117,0,0,0,0,0,0,0,20260402,20261212
006118,0,0,0,0,0,0,0,20260402,20261212
006119,0,0,0,0,0,0,0,20260402,20261212
006120,0,0,0,0,0,0,0,20260402,20261212
006121,0,0,0,0,0,0,0,20260402,20261212
006122,0,0,0,0,0,0,0,20260402,20261212
006123,0,0,0,0,0,0,0,20260402,20261212
006124,0,0,0,0,0,0,0,20260402,20261212
006125,0,0,0,0,0,0,0,20260402,20261212
006126,0,0,0,0,0,0,0,20260402,20261212
006127,0,0,0,0,0,0,0,20260402,20261212
006128,0,0,0,0,0,0,0,20260402,20261212
006129,0,0,0,0,0,0,0,20260402,20261212
006130,0,0,0,0,0,0,0,20260402,20261212
006131,0,0,0,0,0,0,0,20260402,20261212
006132,0,0,0,0,0,0,0,20260402,20261212
006133,0,0,0,0,0,0,0,20260402,20261212
006134,0,0,0,0,0,0,0,20260402,20261212
006135,0,0,0,0,0,0,0,20260402,20261212
006136,0,0,0,0,0,0,0,20260402,20261212
006137,0,0,0,0,0,0,0,20260402,20261212
006138,0,0,0,0,0,0,0,20260402,20261212
006139,0,0,0,0,0,0,0,20260402,20261212
006140,0,0,0,0,0,0,0,20260402,20261212
006141,0,0,0,0,0,0,0,20260402,20261212
006142,0,0,0,0,0,0,0,20260402,20261212
006143,0,0,0,0,0,0,0,20260402,20261212
006144,0,0,0,0,0,0,0,20260402,20261212
006145,0,0,0,0,0,0,0,20260402,20261212
006146,0,0,0,0,0,0,0,20260402,20261212
006147,0,0,0,0,0,0,0,20260402,20261212
006148,0,0,0,0,0,0,0,20260402,20261212
006149,0,0,0,0,0,0,0,20260402,20261212
006150,0,0,0,0,0,0,0,20260402,20261212
006151,0,0,0,0,0,0,0,20260402,20261212
006152,0,0,0,0,0,0,0,20260402,20261212
006153,0,0,0,0,0,0,0,20260402,20261212
006154,0,0,0,0,0,0,0,20260402,20261212
006155,0,0,0,0,0,0,0,20260402,20261212
006156,0,0,0,0,0,0,0,20260402,20261212
006157,0,0,0,0,0,0,0,20260402,20261212
006158,0,0,0,0,0,0,0,20260402,20261212
006159,0,0,0,0,0,0,0,20260402,20261212
006160,0,0,0,0,0,0,0,20260402,20261212
006161,0,0,0,0,0,0,0,20260402,20261212
006162,0,0,0,0,0,0,0,20260402,20261212
006163,0,0,0,0,0,0,0,20260402,20261212
006164,0,0,0,0,0,0,0,20260402,20261212
006165,0,0,0,0,0,0,0,20260402,20261212
006166,0,0,0,0,0,0,0,20260402,20261212
006167,0,0,0,0,0,0,0,20260402,20261212
006168,0,0,0,0,0,0,0,20260402,20261212
006169,0,0,0,0,0,0,0,20260402,20261212
006170,0,0,0,0,0,0,0,20260402,20261212
006171,0,0,0,0,0,0,0,20260402,20261212
006172,0,0,0,0,0,0,0,20260402,20261212
006173,0,0,0,0,0,0,0,20260402,20261212
006174,0,0,0,0,0,0,0,20260402,20261212
006175,0,0,0,0,0,0,0,20260402,20261212
006176,0,0,0,0,0,0,0,20260402,20261212
006177,0,0,0,0,0,0,0,20260402,20261212
006178,0,0,0,0,0,0,0,20260402,20261212
006179,0,0,0,0,0,0,0,20260402,20261212
006180,0,0,0,0,0,0,0,20260402,20261212
006181,0,0,0,0,0,0,0,20260402,20261212
006182,0,0,0,0,0,0,0,20260402,20261212
006183,0,0,0,0,0,0,0,20260402,20261212
006184,0,0,0,0,0,0,0,20260402,20261212
006185,0,0,0,0,0,0,0,20260402,20261212
006186,0,0,0,0,0,0,0,20260402,20261212
006187,0,0,0,0,0,0,0,20260402,20261212
006188,0,0,0,0,0,0,0,20260402,20261212
006189,0,0,0,0,0,0,0,20260402,20261212
006190,0,0,0,0,0,0,0,20260402,20261212
006191,0,0,0,0,0,0,0,20260402,20261212
006192,0,0,0,0,0,0,0,20260402,20261212
006193,0,0,0,0,0,0,0,20260402,20261212
006194,0,0,0,0,0,0,0,20260402,20261212
006195,0,0,0,0,0,0,0,20260402,20261212
006196,0,0,0,0,0,0,0,20260402,20261212
006197,0,0,0,0,0,0,0,20260402,20261212
006198,0,0,0,0,0,0,0,20260402,20261212
006199,0,0,0,0,0,0,0,20260402,20261212
006200,0,0,0,0,0,0,0,20260402,20261212
006201,0,0,0,0,0,0,0,20260402,20261212
006202,0,0,0,0,0,0,0,20260402,20261212
006203,0,0,0,0,0,0,0,20260402,20261212
006204,0,0,0,0,0,0,0,20260402,20261212
006205,0,0,0,0,0,0,0,20260402,20261212
006206,0,0,0,0,0,0,0,20260402,20261212
006207,0,0,0,0,0,0,0,20260402,20261212
006208,0,0,0,0,0,0,0,20260402,20261212
006209,0,0,0,0,0,0,0,20260402,20261212
006210,0,0,0,0,0,0,0,20260402,20261212
006211,0,0,0,0,0,0,0,20260402,20261212
006212,0,0,0,0,0,0,0,20260402,20261212
006213,0,0,0,0,0,0,0,20260402,20261212
006214,0,0,0,0,0,0,0,20260402,20261212
006215,0,0,0,0,0,0,0,20260402,20261212
006216,0,0,0,0,0,0,0,20260402,20261212
006217,0,0,0,0,0,0,0,20260402,20261212
006218,0,0,0,0,0,0,0,20260402,20261212
006219,0,0,0,0,0,0,0,20260402,20261212
006220,0,0,0,0,0,0,0,20260402,20261212
006221,0,0,0,0,0,0,0,20260402,20261212
006222,0,0,0,0,0,0,0,20260402,20261212
006223,0,0,0,0,0,0,0,20260402,20261212
006224,0,0,0,0,0,0,0,20260402,20261212
006225,0,0,0,0,0,0,0,20260402,20261212
006226,0,0,0,0,0,0,0,20260402,20261212
006227,0,0,0,0,0,0,0,20260402,20261212
006228,0,0,0,0,0,0,0,20260402,20261212
006229,0,0,0,0,0,0,0,20260402,20261212
006230,0,0,0,0,0,0,0,20260402,20261212
006231,0,0,0,0,0,0,0,20260402,20261212
006232,0,0,0,0,0,0,0,20260402,20261212
006233,0,0,0,0,0,0,0,20260402,20261212
006234,0,0,0,0,0,0,0,20260402,20261212
006235,0,0,0,0,0,0,0,20260402,20261212
006236,0,0,0,0,0,0,0,20260402,20261212
006237,0,0,0,0,0,0,0,20260402,20261212
006238,0,0,0,0,0,0,0,20260402,20261212
006239,0,0,0,0,0,0,0,20260402,20261212
006240,0,0,0,0,0,0,0,20260402,20261212
006241,0,0,0,0,0,0,0,20260402,20261212
006242,0,0,0,0,0,0,0,20260402,20261212
006243,0,0,0,0,0,0,0,20260402,20261212
006244,0,0,0,0,0,0,0,20260402,20261212
006245,0,0,0,0,0,0,0,20260402,20261212
006246,0,0,0,0,0,0,0,20260402,20261212
006247,0,0,0,0,0,0,0,20260402,20261212
006248,0,0,0,0,0,0,0,20260402,20261212
006249,0,0,0,0,0,0,0,20260402,20261212
006250,0,0,0,0,0,0,0,20260402,20261212
006251,0,0,0,0,0,0,0,20260402,20261212
006252,0,0,0,0,0,0,0,20260402,20261212
006253,0,0,0,0,0,0,0,20260402,20261212
006254,0,0,0,0,0,0,0,20260402,20261212
006255,0,0,0,0,0,0,0,20260402,20261212
006256,0,0,0,0,0,0,0,20260402,20261212
006257,0,0,0,0,0,0,0,20260402,20261212
006258,0,0,0,0,0,0,0,20260402,20261212
006259,0,0,0,0,0,0,0,20260402,20261212
006260,0,0,0,0,0,0,0,20260402,20261212
006261,0,0,0,0,0,0,0,20260402,20261212
006262,0,0,0,0,0,0,0,20260402,20261212
006263,0,0,0,0,0,0,0,20260402,20261212
006264,0,0,0,0,0,0,0,20260402,20261212
006265,0,0,0,0,0,0,0,20260402,20261212
006266,0,0,0,0,0,0,0,20260402,20261212
006267,0,0,0,0,0,0,0,20260402,20261212
006268,0,0,0,0,0,0,0,20260402,20261212
006269,0,0,0,0,0,0,0,20260402,20261212
006270,0,0,0,0,0,0,0,20260402,20261212
006271,0,0,0,0,0,0,0,20260402,20261212
006272,0,0,0,0,0,0,0,20260402,20261212
006273,0,0,0,0,0,0,0,20260402,20261212
006274,0,0,0,0,0,0,0,20260402,20261212
006275,0,0,0,0,0,0,0,20260402,20261212
006276,0,0,0,0,0,0,0,20260402,20261212
006277,0,0,0,0,0,0,0,20260402,20261212
006278,0,0,0,0,0,0,0,20260402,20261212
006279,0,0,0,0,0,0,0,20260402,20261212
006280,0,0,0,0,0,0,0,20260402,20261212
006281,0,0,0,0,0,0,0,20260402,20261212
006282,0,0,0,0,0,0,0,20260402,20261212
006283,0,0,0,0,0,0,0,20260402,20261212
006284,0,0,0,0,0,0,0,20260402,20261212
006285,0,0,0,0,0,0,0,20260402,20261212
006286,0,0,0,0,0,0,0,20260402,20261212
006287,0,0,0,0,0,0,0,20260402,20261212
006288,0,0,0,0,0,0,0,20260402,20261212
006289,0,0,0,0,0,0,0,20260402,20261212
006290,0,0,0,0,0,0,0,20260402,20261212
006291,0,0,0,0,0,0,0,20260402,20261212
006292,0,0,0,0,0,0,0,20260402,20261212
006293,0,0,0,0,0,0,0,20260402,20261212
006294,0,0,0,0,0,0,0,20260402,20261212
006295,0,0,0,0,0,0,0,20260402,20261212
006296,0,0,0,0,0,0,0,20260402,20261212
006297,0,0,0,0,0,0,0,20260402,20261212
006298,0,0,0,0,0,0,0,20260402,20261212
006299,0,0,0,0,0,0,0,20260402,20261212
006300,0,0,0,0,0,0,0,20260402,20261212
006301,0,0,0,0,0,0,0,20260402,20261212
006302,0,0,0,0,0,0,0,20260402,20261212
006303,0,0,0,0,0,0,0,20260402,20261212
006304,0,0,0,0,0,0,0,20260402,20261212
006305,0,0,0,0,0,0,0,20260402,20261212
006306,0,0,0,0,0,0,0,20260402,20261212
006307,0,0,0,0,0,0,0,20260402,20261212
006308,0,0,0,0,0,0,0,20260402,20261212
006309,0,0,0,0,0,0,0,20260402,20261212
006310,0,0,0,0,0,0,0,20260402,20261212
006311,0,0,0,0,0,0,0,20260402,20261212
006312,0,0,0,0,0,0,0,20260402,20261212
006313,0,0,0,0,0,0,0,20260402,20261212
006314,0,0,0,0,0,0,0,20260402,20261212
006315,0,0,0,0,0,0,0,20260402,20261212
006316,0,0,0,0,0,0,0,20260402,20261212
006317,0,0,0,0,0,0,0,20260402,20261212
006318,0,0,0,0,0,0,0,20260402,20261212
006319,0,0,0,0,0,0,0,20260402,20261212
006320,0,0,0,0,0,0,0,20260402,20261212
006321,0,0,0,0,0,0,0,20260402,20261212
006322,0,0,0,0,0,0,0,20260402,20261212
006323,0,0,0,0,0,0,0,20260402,20261212
006324,0,0,0,0,0,0,0,20260402,20261212
006325,0,0,0,0,0,0,0,20260402,20261212
006326,0,0,0,0,0,0,0,20260402,20261212
006327,0,0,0,0,0,0,0,20260402,20261212
006328,0,0,0,0,0,0,0,20260402,20261212
006329,0,0,0,0,0,0,0,20260402,20261212
006330,0,0,0,0,0,0,0,20260402,20261212
006331,0,0,0,0,0,0,0,20260402,20261212
006332,0,0,0,0,0,0,0,20260402,20261212
006333,0,0,0,0,0,0,0,20260402,20261212
006334,0,0,0,0,0,0,0,20260402,20261212
006335,0,0,0,0,0,0,0,20260402,20261212
006336,0,0,0,0,0,0,0,20260402,20261212
006337,0,0,0,0,0,0,0,20260402,20261212
006338,0,0,0,0,0,0,0,20260402,20261212
006339,0,0,0,0,0,0,0,20260402,20261212
006340,0,0,0,0,0,0,0,20260402,20261212
006341,0,0,0,0,0,0,0,20260402,20261212
006342,0,0,0,0,0,0,0,20260402,20261212
006343,0,0,0,0,0,0,0,20260402,20261212
006344,0,0,0,0,0,0,0,20260402,20261212
006345,0,0,0,0,0,0,0,20260402,20261212
006346,0,0,0,0,0,0,0,20260402,20261212
006347,0,0,0,0,0,0,0,20260402,20261212
006348,0,0,0,0,0,0,0,20260402,20261212
006349,0,0,0,0,0,0,0,20260402,20261212
006350,0,0,0,0,0,0,0,20260402,20261212
006351,0,0,0,0,0,0,0,20260402,20261212
006352,0,0,0,0,0,0,0,20260402,20261212
006353,0,0,0,0,0,0,0,20260402,20261212
006354,0,0,0,0,0,0,0,20260402,20261212
006355,0,0,0,0,0,0,0,20260402,20261212
006356,0,0,0,0,0,0,0,20260402,20261212
006357,0,0,0,0,0,0,0,20260402,20261212
006358,0,0,0,0,0,0,0,20260402,20261212
006359,0,0,0,0,0,0,0,20260402,20261212
006360,0,0,0,0,0,0,0,20260402,20261212
006361,0,0,0,0,0,0,0,20260402,20261212
006362,0,0,0,0,0,0,0,20260402,20261212
006363,0,0,0,0,0,0,0,20260402,20261212
006364,0,0,0,0,0,0,0,20260402,20261212
006365,0,0,0,0,0,0,0,20260402,20261212
006366,0,0,0,0,0,0,0,20260402,20261212
006367,0,0,0,0,0,0,0,20260402,20261212
006368,0,0,0,0,0,0,0,20260402,20261212
006369,0,0,0,0,0,0,0,20260402,20261212
006370,0,0,0,0,0,0,0,20260402,20261212
006371,0,0,0,0,0,0,0,20260402,20261212
006372,0,0,0,0,0,0,0,20260402,20261212
006373,0,0,0,0,0,0,0,20260402,20261212
006374,0,0,0,0,0,0,0,20260402,20261212
006375,0,0,0,0,0,0,0,20260402,20261212
006376,0,0,0,0,0,0,0,20260402,20261212
006377,0,0,0,0,0,0,0,20260402,20261212
006378,0,0,0,0,0,0,0,20260402,20261212
006379,0,0,0,0,0,0,0,20260402,20261212
006380,0,0,0,0,0,0,0,20260402,20261212
006381,0,0,0,0,0,0,0,20260402,20261212
006382,0,0,0,0,0,0,0,20260402,20261212
006383,0,0,0,0,0,0,0,20260402,20261212
006384,0,0,0,0,0,0,0,20260402,20261212
006385,0,0,0,0,0,0,0,20260402,20261212
006386,0,0,0,0,0,0,0,20260402,20261212
006387,0,0,0,0,0,0,0,20260402,20261212
006388,0,0,0,0,0,0,0,20260402,20261212
006389,0,0,0,0,0,0,0,20260402,20261212
006390,0,0,0,0,0,0,0,20260402,20261212
006391,0,0,0,0,0,0,0,20260402,20261212
006392,0,0,0,0,0,0,0,20260402,20261212
006393,0,0,0,0,0,0,0,20260402,20261212
006394,0,0,0,0,0,0,0,20260402,20261212
006395,0,0,0,0,0,0,0,20260402,20261212
006396,0,0,0,0,0,0,0,20260402,20261212
006397,0,0,0,0,0,0,0,20260402,20261212
006398,0,0,0,0,0,0,0,20260402,20261212
006399,0,0,0,0,0,0,0,20260402,20261212
006400,0,0,0,0,0,0,0,20260402,20261212
006401,0,0,0,0,0,0,0,20260402,20261212
006402,0,0,0,0,0,0,0,20260402,20261212
006403,0,0,0,0,0,0,0,20260402,20261212
006404,0,0,0,0,0,0,0,20260402,20261212
006405,0,0,0,0,0,0,0,20260402,20261212
006406,0,0,0,0,0,0,0,20260402,20261212
006407,0,0,0,0,0,0,0,20260402,20261212
006408,0,0,0,0,0,0,0,20260402,20261212
006409,0,0,0,0,0,0,0,20260402,20261212
006410,0,0,0,0,0,0,0,20260402,20261212
006411,0,0,0,0,0,0,0,20260402,20261212
006412,0,0,0,0,0,0,0,20260402,20261212
006413,0,0,0,0,0,0,0,20260402,20261212
006414,0,0,0,0,0,0,0,20260402,20261212
006415,0,0,0,0,0,0,0,20260402,20261212
006416,0,0,0,0,0,0,0,20260402,20261212
006417,0,0,0,0,0,0,0,20260402,20261212
006418,0,0,0,0,0,0,0,20260402,20261212
006419,0,0,0,0,0,0,0,20260402,20261212
006420,0,0,0,0,0,0,0,20260402,20261212
006421,0,0,0,0,0,0,0,20260402,20261212
006422,0,0,0,0,0,0,0,20260402,20261212
006423,0,0,0,0,0,0,0,20260402,20261212
006424,0,0,0,0,0,0,0,20260402,20261212
006425,0,0,0,0,0,0,0,20260402,20261212
006426,0,0,0,0,0,0,0,20260402,20261212
006427,0,0,0,0,0,0,0,20260402,20261212
006428,0,0,0,0,0,0,0,20260402,20261212
006429,0,0,0,0,0,0,0,20260402,20261212
006430,0,0,0,0,0,0,0,20260402,20261212
006431,0,0,0,0,0,0,0,20260402,20261212
006432,0,0,0,0,0,0,0,20260402,20261212
006433,0,0,0,0,0,0,0,20260402,20261212
006434,0,0,0,0,0,0,0,20260402,20261212
006435,0,0,0,0,0,0,0,20260402,20261212
006436,0,0,0,0,0,0,0,20260402,20261212
006437,0,0,0,0,0,0,0,20260402,20261212
006438,0,0,0,0,0,0,0,20260402,20261212
006439,0,0,0,0,0,0,0,20260402,20261212
006440,0,0,0,0,0,0,0,20260402,20261212
006441,0,0,0,0,0,0,0,20260402,20261212
006442,0,0,0,0,0,0,0,20260402,20261212
006443,0,0,0,0,0,0,0,20260402,20261212
006444,0,0,0,0,0,0,0,20260402,20261212
006445,0,0,0,0,0,0,0,20260402,20261212
006446,0,0,0,0,0,0,0,20260402,20261212
006447,0,0,0,0,0,0,0,20260402,20261212
006448,0,0,0,0,0,0,0,20260402,20261212
006449,0,0,0,0,0,0,0,20260402,20261212
006450,0,0,0,0,0,0,0,20260402,20261212
006451,0,0,0,0,0,0,0,20260402,20261212
006452,0,0,0,0,0,0,0,20260402,20261212
006453,0,0,0,0,0,0,0,20260402,20261212
006454,0,0,0,0,0,0,0,20260402,20261212
006455,0,0,0,0,0,0,0,20260402,20261212
006456,0,0,0,0,0,0,0,20260402,20261212
006457,0,0,0,0,0,0,0,20260402,20261212
006458,0,0,0,0,0,0,0,20260402,20261212
006459,0,0,0,0,0,0,0,20260402,20261212
006460,0,0,0,0,0,0,0,20260402,20261212
006461,0,0,0,0,0,0,0,20260402,20261212
006462,0,0,0,0,0,0,0,20260402,20261212
006463,0,0,0,0,0,0,0,20260402,20261212
006464,0,0,0,0,0,0,0,20260402,20261212
006465,0,0,0,0,0,0,0,20260402,20261212
006466,0,0,0,0,0,0,0,20260402,20261212
006467,0,0,0,0,0,0,0,20260402,20261212
006468,0,0,0,0,0,0,0,20260402,20261212
006469,0,0,0,0,0,0,0,20260402,20261212
006470,0,0,0,0,0,0,0,20260402,20261212
006471,0,0,0,0,0,0,0,20260402,20261212
006472,0,0,0,0,0,0,0,20260402,20261212
006473,0,0,0,0,0,0,0,20260402,20261212
006474,0,0,0,0,0,0,0,20260402,20261212
006475,0,0,0,0,0,0,0,20260402,20261212
006476,0,0,0,0,0,0,0,20260402,20261212
006477,0,0,0,0,0,0,0,20260402,20261212
006478,0,0,0,0,0,0,0,20260402,20261212
006479,0,0,0,0,0,0,0,20260402,20261212
006480,0,0,0,0,0,0,0,20260402,20261212
006481,0,0,0,0,0,0,0,20260402,20261212
006482,0,0,0,0,0,0,0,20260402,20261212
006483,0,0,0,0,0,0,0,20260402,20261212
006484,0,0,0,0,0,0,0,20260402,20261212
006485,0,0,0,0,0,0,0,20260402,20261212
006486,0,0,0,0,0,0,0,20260402,20261212
006487,0,0,0,0,0,0,0,20260402,20261212
006488,0,0,0,0,0,0,0,20260402,20261212
006489,0,0,0,0,0,0,0,20260402,20261212
006490,0,0,0,0,0,0,0,20260402,20261212
006491,0,0,0,0,0,0,0,20260402,20261212
006492,0,0,0,0,0,0,0,20260402,20261212
006493,0,0,0,0,0,0,0,20260402,20261212
006494,0,0,0,0,0,0,0,20260402,20261212
006495,0,0,0,0,0,0,0,20260402,20261212
006496,0,0,0,0,0,0,0,20260402,20261212
006497,0,0,0,0,0,0,0,20260402,20261212
006498,0,0,0,0,0,0,0,20260402,20261212
006499,0,0,0,0,0,0,0,20260402,20261212
006500,0,0,0,0,0,0,0,20260402,20261212
006501,0,0,0,0,0,0,0,20260402,20261212
006502,0,0,0,0,0,0,0,20260402,20261212
006503,0,0,0,0,0,0,0,20260402,20261212
006504,0,0,0,0,0,0,0,20260402,20261212
006505,0,0,0,0,0,0,0,20260402,20261212
006506,0,0,0,0,0,0,0,20260402,20261212
006507,0,0,0,0,0,0,0,20260402,20261212
006508,0,0,0,0,0,0,0,20260402,20261212
006509,0,0,0,0,0,0,0,20260402,20261212
006510,0,0,0,0,0,0,0,20260402,20261212
006511,0,0,0,0,0,0,0,20260402,20261212
006512,0,0,0,0,0,0,0,20260402,20261212
006513,0,0,0,0,0,0,0,20260402,20261212
006514,0,0,0,0,0,0,0,20260402,20261212
006515,0,0,0,0,0,0,0,20260402,20261212
006516,0,0,0,0,0,0,0,20260402,20261212
006517,0,0,0,0,0,0,0,20260402,20261212
006518,0,0,0,0,0,0,0,20260402,20261212
006519,0,0,0,0,0,0,0,20260402,20261212
006520,0,0,0,0,0,0,0,20260402,20261212
006521,0,0,0,0,0,0,0,20260402,20261212
006522,0,0,0,0,0,0,0,20260402,20261212
006523,0,0,0,0,0,0,0,20260402,20261212
006524,0,0,0,0,0,0,0,20260402,20261212
006525,0,0,0,0,0,0,0,20260402,20261212
006526,0,0,0,0,0,0,0,20260402,20261212
006527,0,0,0,0,0,0,0,20260402,20261212
006528,0,0,0,0,0,0,0,20260402,20261212
006529,0,0,0,0,0,0,0,20260402,20261212
006530,0,0,0,0,0,0,0,20260402,20261212
006531,0,0,0,0,0,0,0,20260402,20261212
006532,0,0,0,0,0,0,0,20260402,20261212
006533,0,0,0,0,0,0,0,20260402,20261212
006534,0,0,0,0,0,0,0,20260402,20261212
006535,0,0,0,0,0,0,0,20260402,20261212
006536,0,0,0,0,0,0,0,20260402,20261212
006537,0,0,0,0,0,0,0,20260402,20261212
006538,0,0,0,0,0,0,0,20260402,20261212
006539,0,0,0,0,0,0,0,20260402,20261212
006540,0,0,0,0,0,0,0,20260402,20261212
006541,0,0,0,0,0,0,0,20260402,20261212
006542,0,0,0,0,0,0,0,20260402,20261212
006543,0,0,0,0,0,0,0,20260402,20261212
006544,0,0,0,0,0,0,0,20260402,20261212
006545,0,0,0,0,0,0,0,20260402,20261212
006546,0,0,0,0,0,0,0,20260402,20261212
006547,0,0,0,0,0,0,0,20260402,20261212
006548,0,0,0,0,0,0,0,20260402,20261212
006549,0,0,0,0,0,0,0,20260402,20261212
006550,0,0,0,0,0,0,0,20260402,20261212
006551,0,0,0,0,0,0,0,20260402,20261212
006552,0,0,0,0,0,0,0,20260402,20261212
006553,0,0,0,0,0,0,0,20260402,20261212
006554,0,0,0,0,0,0,0,20260402,20261212
006555,0,0,0,0,0,0,0,20260402,20261212
006556,0,0,0,0,0,0,0,20260402,20261212
006557,0,0,0,0,0,0,0,20260402,20261212
006558,0,0,0,0,0,0,0,20260402,20261212
006559,0,0,0,0,0,0,0,20260402,20261212
006560,0,0,0,0,0,0,0,20260402,20261212
006561,0,0,0,0,0,0,0,20260402,20261212
006562,0,0,0,0,0,0,0,20260402,20261212
006563,0,0,0,0,0,0,0,20260402,20261212
006564,0,0,0,0,0,0,0,20260402,20261212
006565,0,0,0,0,0,0,0,20260402,20261212
006566,0,0,0,0,0,0,0,20260402,20261212
006567,0,0,0,0,0,0,0,20260402,20261212
006568,0,0,0,0,0,0,0,20260402,20261212
006569,0,0,0,0,0,0,0,20260402,20261212
006570,0,0,0,0,0,0,0,20260402,20261212
006571,0,0,0,0,0,0,0,20260402,20261212
006572,0,0,0,0,0,0,0,20260402,20261212
006573,0,0,0,0,0,0,0,20260402,20261212
006574,0,0,0,0,0,0,0,20260402,20261212
006575,0,0,0,0,0,0,0,20260402,20261212
006576,0,0,0,0,0,0,0,20260402,20261212
006577,0,0,0,0,0,0,0,20260402,20261212
006578,0,0,0,0,0,0,0,20260402,20261212
006579,0,0,0,0,0,0,0,20260402,20261212
006580,0,0,0,0,0,0,0,20260402,20261212
006581,0,0,0,0,0,0,0,20260402,20261212
006582,0,0,0,0,0,0,0,20260402,20261212
006583,0,0,0,0,0,0,0,20260402,20261212
006584,0,0,0,0,0,0,0,20260402,20261212
006585,0,0,0,0,0,0,0,20260402,20261212
006586,0,0,0,0,0,0,0,20260402,20261212
006587,0,0,0,0,0,0,0,20260402,20261212
006588,0,0,0,0,0,0,0,20260402,20261212
006589,0,0,0,0,0,0,0,20260402,20261212
006590,0,0,0,0,0,0,0,20260402,20261212
006591,0,0,0,0,0,0,0,20260402,20261212
006592,0,0,0,0,0,0,0,20260402,20261212
006593,0,0,0,0,0,0,0,20260402,20261212
006594,0,0,0,0,0,0,0,20260402,20261212
006595,0,0,0,0,0,0,0,20260402,20261212
006596,0,0,0,0,0,0,0,20260402,20261212
006597,0,0,0,0,0,0,0,20260402,20261212
006598,0,0,0,0,0,0,0,20260402,20261212
006599,0,0,0,0,0,0,0,20260402,20261212
006600,0,0,0,0,0,0,0,20260402,20261212
006601,0,0,0,0,0,0,0,20260402,20261212
006602,0,0,0,0,0,0,0,20260402,20261212
006603,0,0,0,0,0,0,0,20260402,20261212
006604,0,0,0,0,0,0,0,20260402,20261212
006605,0,0,0,0,0,0,0,20260402,20261212
006606,0,0,0,0,0,0,0,20260402,20261212
006607,0,0,0,0,0,0,0,20260402,20261212
006608,0,0,0,0,0,0,0,20260402,20261212
006609,0,0,0,0,0,0,0,20260402,20261212
006610,0,0,0,0,0,0,0,20260402,20261212
006611,0,0,0,0,0,0,0,20260402,20261212
006612,0,0,0,0,0,0,0,20260402,20261212
006613,0,0,0,0,0,0,0,20260402,20261212
006614,0,0,0,0,0,0,0,20260402,20261212
006615,0,0,0,0,0,0,0,20260402,20261212
006616,0,0,0,0,0,0,0,20260402,20261212
006617,0,0,0,0,0,0,0,20260402,20261212
006618,0,0,0,0,0,0,0,20260402,20261212
006619,0,0,0,0,0,0,0,20260402,20261212
006620,0,0,0,0,0,0,0,20260402,20261212
006621,0,0,0,0,0,0,0,20260402,20261212
006622,0,0,0,0,0,0,0,20260402,20261212
006623,0,0,0,0,0,0,0,20260402,20261212
006624,0,0,0,0,0,0,0,20260402,20261212
006625,0,0,0,0,0,0,0,20260402,20261212
006626,0,0,0,0,0,0,0,20260402,20261212
006627,0,0,0,0,0,0,0,20260402,20261212
006628,0,0,0,0,0,0,0,20260402,20261212
006629,0,0,0,0,0,0,0,20260402,20261212
006630,0,0,0,0,0,0,0,20260402,20261212
006631,0,0,0,0,0,0,0,20260402,20261212
006632,0,0,0,0,0,0,0,20260402,20261212
006633,0,0,0,0,0,0,0,20260402,20261212
006634,0,0,0,0,0,0,0,20260402,20261212
006635,0,0,0,0,0,0,0,20260402,20261212
006636,0,0,0,0,0,0,0,20260402,20261212
006637,0,0,0,0,0,0,0,20260402,20261212
006638,0,0,0,0,0,0,0,20260402,20261212
006639,0,0,0,0,0,0,0,20260402,20261212
006640,0,0,0,0,0,0,0,20260402,20261212
006641,0,0,0,0,0,0,0,20260402,20261212
006642,0,0,0,0,0,0,0,20260402,20261212
006643,0,0,0,0,0,0,0,20260402,20261212
006644,0,0,0,0,0,0,0,20260402,20261212
006645,0,0,0,0,0,0,0,20260402,20261212
006646,0,0,0,0,0,0,0,20260402,20261212
006647,0,0,0,0,0,0,0,20260402,20261212
006648,0,0,0,0,0,0,0,20260402,20261212
006649,0,0,0,0,0,0,0,20260402,20261212
006650,0,0,0,0,0,0,0,20260402,20261212
006651,0,0,0,0,0,0,0,20260402,20261212
006652,0,0,0,0,0,0,0,20260402,20261212
006653,0,0,0,0,0,0,0,20260402,20261212
006654,0,0,0,0,0,0,0,20260402,20261212
006655,0,0,0,0,0,0,0,20260402,20261212
006656,0,0,0,0,0,0,0,20260402,20261212
006657,0,0,0,0,0,0,0,20260402,20261212
006658,0,0,0,0,0,0,0,20260402,20261212
006659,0,0,0,0,0,0,0,20260402,20261212
006660,0,0,0,0,0,0,0,20260402,20261212
006661,0,0,0,0,0,0,0,20260402,20261212
006662,0,0,0,0,0,0,0,20260402,20261212
006663,0,0,0,0,0,0,0,20260402,20261212
006664,0,0,0,0,0,0,0,20260402,20261212
006665,0,0,0,0,0,0,0,20260402,20261212
006666,0,0,0,0,0,0,0,20260402,20261212
006667,0,0,0,0,0,0,0,20260402,20261212
006668,0,0,0,0,0,0,0,20260402,20261212
006669,0,0,0,0,0,0,0,20260402,20261212
006670,0,0,0,0,0,0,0,20260402,20261212
006671,0,0,0,0,0,0,0,20260402,20261212
006672,0,0,0,0,0,0,0,20260402,20261212
006673,0,0,0,0,0,0,0,20260402,20261212
006674,0,0,0,0,0,0,0,20260402,20261212
006675,0,0,0,0,0,0,0,20260402,20261212
006676,0,0,0,0,0,0,0,20260402,20261212
006677,0,0,0,0,0,0,0,20260402,20261212
006678,0,0,0,0,0,0,0,20260402,20261212
006679,0,0,0,0,0,0,0,20260402,20261212
006680,0,0,0,0,0,0,0,20260402,20261212
006681,0,0,0,0,0,0,0,20260402,20261212
006682,0,0,0,0,0,0,0,20260402,20261212
006683,0,0,0,0,0,0,0,20260402,20261212
006684,0,0,0,0,0,0,0,20260402,20261212
006685,0,0,0,0,0,0,0,20260402,20261212
006686,0,0,0,0,0,0,0,20260402,20261212
006687,0,0,0,0,0,0,0,20260402,20261212
006688,0,0,0,0,0,0,0,20260402,20261212
006689,0,0,0,0,0,0,0,20260402,20261212
006690,0,0,0,0,0,0,0,20260402,20261212
006691,0,0,0,0,0,0,0,20260402,20261212
006692,0,0,0,0,0,0,0,20260402,20261212
006693,0,0,0,0,0,0,0,20260402,20261212
006694,0,0,0,0,0,0,0,20260402,20261212
006695,0,0,0,0,0,0,0,20260402,20261212
006696,0,0,0,0,0,0,0,20260402,20261212
006697,0,0,0,0,0,0,0,20260402,20261212
006698,0,0,0,0,0,0,0,20260402,20261212
006699,0,0,0,0,0,0,0,20260402,20261212
006700,0,0,0,0,0,0,0,20260402,20261212
006701,0,0,0,0,0,0,0,20260402,20261212
006702,0,0,0,0,0,0,0,20260402,20261212
006703,0,0,0,0,0,0,0,20260402,20261212
006704,0,0,0,0,0,0,0,20260402,20261212
006705,0,0,0,0,0,0,0,20260402,20261212
006706,0,0,0,0,0,0,0,20260402,20261212
006707,0,0,0,0,0,0,0,20260402,20261212
006708,0,0,0,0,0,0,0,20260402,20261212
006709,0,0,0,0,0,0,0,20260402,20261212
006710,0,0,0,0,0,0,0,20260402,20261212
006711,0,0,0,0,0,0,0,20260402,20261212
006712,0,0,0,0,0,0,0,20260402,20261212
006713,0,0,0,0,0,0,0,20260402,20261212
006714,0,0,0,0,0,0,0,20260402,20261212
006715,0,0,0,0,0,0,0,20260402,20261212
006716,0,0,0,0,0,0,0,20260402,20261212
006717,0,0,0,0,0,0,0,20260402,20261212
006718,0,0,0,0,0,0,0,20260402,20261212
006719,0,0,0,0,0,0,0,20260402,20261212
006720,0,0,0,0,0,0,0,20260402,20261212
006721,0,0,0,0,0,0,0,20260402,20261212
006722,0,0,0,0,0,0,0,20260402,20261212
006723,0,0,0,0,0,0,0,20260402,20261212
006724,0,0,0,0,0,0,0,20260402,20261212
006725,0,0,0,0,0,0,0,20260402,20261212
006726,0,0,0,0,0,0,0,20260402,20261212
006727,0,0,0,0,0,0,0,20260402,20261212
006728,0,0,0,0,0,0,0,20260402,20261212
006729,0,0,0,0,0,0,0,20260402,20261212
006730,0,0,0,0,0,0,0,20260402,20261212
006731,0,0,0,0,0,0,0,20260402,20261212
006732,0,0,0,0,0,0,0,20260402,20261212
006733,0,0,0,0,0,0,0,20260402,20261212
006734,0,0,0,0,0,0,0,20260402,20261212
006735,0,0,0,0,0,0,0,20260402,20261212
006736,0,0,0,0,0,0,0,20260402,20261212
006737,0,0,0,0,0,0,0,20260402,20261212
006738,0,0,0,0,0,0,0,20260402,20261212
006739,0,0,0,0,0,0,0,20260402,20261212
006740,0,0,0,0,0,0,0,20260402,20261212
006741,0,0,0,0,0,0,0,20260402,20261212
006742,0,0,0,0,0,0,0,20260402,20261212
006743,0,0,0,0,0,0,0,20260402,20261212
006744,0,0,0,0,0,0,0,20260402,20261212
006745,0,0,0,0,0,0,0,20260402,20261212
006746,0,0,0,0,0,0,0,20260402,20261212
006747,0,0,0,0,0,0,0,20260402,20261212
006748,0,0,0,0,0,0,0,20260402,20261212
006749,0,0,0,0,0,0,0,20260402,20261212
006750,0,0,0,0,0,0,0,20260402,20261212
006751,0,0,0,0,0,0,0,20260402,20261212
006752,0,0,0,0,0,0,0,20260402,20261212
006753,0,0,0,0,0,0,0,20260402,20261212
006754,0,0,0,0,0,0,0,20260402,20261212
006755,0,0,0,0,0,0,0,20260402,20261212
006756,0,0,0,0,0,0,0,20260402,20261212
006757,0,0,0,0,0,0,0,20260402,20261212
006758,0,0,0,0,0,0,0,20260402,20261212
006759,0,0,0,0,0,0,0,20260402,20261212
006760,0,0,0,0,0,0,0,20260402,20261212
006761,0,0,0,0,0,0,0,20260402,20261212
006762,0,0,0,0,0,0,0,20260402,20261212
006763,0,0,0,0,0,0,0,20260402,20261212
006764,0,0,0,0,0,0,0,20260402,20261212
006765,0,0,0,0,0,0,0,20260402,20261212
006766,0,0,0,0,0,0,0,20260402,20261212
006767,0,0,0,0,0,0,0,20260402,20261212
006768,0,0,0,0,0,0,0,20260402,20261212
006769,0,0,0,0,0,0,0,20260402,20261212
006770,0,0,0,0,0,0,0,20260402,20261212
006771,0,0,0,0,0,0,0,20260402,20261212
006772,0,0,0,0,0,0,0,20260402,20261212
006773,0,0,0,0,0,0,0,20260402,20261212
006774,0,0,0,0,0,0,0,20260402,20261212
006775,0,0,0,0,0,0,0,20260402,20261212
006776,0,0,0,0,0,0,0,20260402,20261212
006777,0,0,0,0,0,0,0,20260402,20261212
006778,0,0,0,0,0,0,0,20260402,20261212
006779,0,0,0,0,0,0,0,20260402,20261212
006780,0,0,0,0,0,0,0,20260402,20261212
006781,0,0,0,0,0,0,0,20260402,20261212
006782,0,0,0,0,0,0,0,20260402,20261212
006783,0,0,0,0,0,0,0,20260402,20261212
006784,0,0,0,0,0,0,0,20260402,20261212
006785,0,0,0,0,0,0,0,20260402,20261212
006786,0,0,0,0,0,0,0,20260402,20261212
006787,0,0,0,0,0,0,0,20260402,20261212
006788,0,0,0,0,0,0,0,20260402,20261212
006789,0,0,0,0,0,0,0,20260402,20261212
006790,0,0,0,0,0,0,0,20260402,20261212
006791,0,0,0,0,0,0,0,20260402,20261212
006792,0,0,0,0,0,0,0,20260402,20261212
006793,0,0,0,0,0,0,0,20260402,20261212
006794,0,0,0,0,0,0,0,20260402,20261212
006795,0,0,0,0,0,0,0,20260402,20261212
006796,0,0,0,0,0,0,0,20260402,20261212
006797,0,0,0,0,0,0,0,20260402,20261212
006798,0,0,0,0,0,0,0,20260402,20261212
006799,0,0,0,0,0,0,0,20260402,20261212
006800,0,0,0,0,0,0,0,20260402,20261212
006801,0,0,0,0,0,0,0,20260402,20261212
006802,0,0,0,0,0,0,0,20260402,20261212
006803,0,0,0,0,0,0,0,20260402,20261212
006804,0,0,0,0,0,0,0,20260402,20261212
006805,0,0,0,0,0,0,0,20260402,20261212
006806,0,0,0,0,0,0,0,20260402,20261212
006807,0,0,0,0,0,0,0,20260402,20261212
006808,0,0,0,0,0,0,0,20260402,20261212
006809,0,0,0,0,0,0,0,20260402,20261212
006810,0,0,0,0,0,0,0,20260402,20261212
006811,0,0,0,0,0,0,0,20260402,20261212
006812,0,0,0,0,0,0,0,20260402,20261212
006813,0,0,0,0,0,0,0,20260402,20261212
006814,0,0,0,0,0,0,0,20260402,20261212
006815,0,0,0,0,0,0,0,20260402,20261212
006816,0,0,0,0,0,0,0,20260402,20261212
006817,0,0,0,0,0,0,0,20260402,20261212
006818,0,0,0,0,0,0,0,20260402,20261212
006819,0,0,0,0,0,0,0,20260402,20261212
006820,0,0,0,0,0,0,0,20260402,20261212
006821,0,0,0,0,0,0,0,20260402,20261212
006822,0,0,0,0,0,0,0,20260402,20261212
006823,0,0,0,0,0,0,0,20260402,20261212
006824,0,0,0,0,0,0,0,20260402,20261212
006825,0,0,0,0,0,0,0,20260402,20261212
006826,0,0,0,0,0,0,0,20260402,20261212
006827,0,0,0,0,0,0,0,20260402,20261212
006828,0,0,0,0,0,0,0,20260402,20261212
006829,0,0,0,0,0,0,0,20260402,20261212
006830,0,0,0,0,0,0,0,20260402,20261212
006831,0,0,0,0,0,0,0,20260402,20261212
006832,0,0,0,0,0,0,0,20260402,20261212
006833,0,0,0,0,0,0,0,20260402,20261212
006834,0,0,0,0,0,0,0,20260402,20261212
006835,0,0,0,0,0,0,0,20260402,20261212
006836,0,0,0,0,0,0,0,20260402,20261212
006837,0,0,0,0,0,0,0,20260402,20261212
006838,0,0,0,0,0,0,0,20260402,20261212
006839,0,0,0,0,0,0,0,20260402,20261212
006840,0,0,0,0,0,0,0,20260402,20261212
006841,0,0,0,0,0,0,0,20260402,20261212
006842,0,0,0,0,0,0,0,20260402,20261212
006843,0,0,0,0,0,0,0,20260402,20261212
006844,0,0,0,0,0,0,0,20260402,20261212
006845,0,0,0,0,0,0,0,20260402,20261212
006846,0,0,0,0,0,0,0,20260402,20261212
006847,0,0,0,0,0,0,0,20260402,20261212
006848,0,0,0,0,0,0,0,20260402,20261212
006849,0,0,0,0,0,0,0,20260402,20261212
006850,0,0,0,0,0,0,0,20260402,20261212
006851,0,0,0,0,0,0,0,20260402,20261212
006852,0,0,0,0,0,0,0,20260402,20261212
006853,0,0,0,0,0,0,0,20260402,20261212
006854,0,0,0,0,0,0,0,20260402,20261212
006855,0,0,0,0,0,0,0,20260402,20261212
006856,0,0,0,0,0,0,0,20260402,20261212
006857,0,0,0,0,0,0,0,20260402,20261212
006858,0,0,0,0,0,0,0,20260402,20261212
006859,0,0,0,0,0,0,0,20260402,20261212
006860,0,0,0,0,0,0,0,20260402,20261212
006861,0,0,0,0,0,0,0,20260402,20261212
006862,0,0,0,0,0,0,0,20260402,20261212
006863,0,0,0,0,0,0,0,20260402,20261212
006864,0,0,0,0,0,0,0,20260402,20261212
006865,0,0,0,0,0,0,0,20260402,20261212
006866,0,0,0,0,0,0,0,20260402,20261212
006867,0,0,0,0,0,0,0,20260402,20261212
006868,0,0,0,0,0,0,0,20260402,20261212
006869,0,0,0,0,0,0,0,20260402,20261212
006870,0,0,0,0,0,0,0,20260402,20261212
006871,0,0,0,0,0,0,0,20260402,20261212
006872,0,0,0,0,0,0,0,20260402,20261212
006873,0,0,0,0,0,0,0,20260402,20261212
006874,0,0,0,0,0,0,0,20260402,20261212
006875,0,0,0,0,0,0,0,20260402,20261212
006876,0,0,0,0,0,0,0,20260402,20261212
006877,0,0,0,0,0,0,0,20260402,20261212
006878,0,0,0,0,0,0,0,20260402,20261212
006879,0,0,0,0,0,0,0,20260402,20261212
006880,0,0,0,0,0,0,0,20260402,20261212
006881,0,0,0,0,0,0,0,20260402,20261212
006882,0,0,0,0,0,0,0,20260402,20261212
006883,0,0,0,0,0,0,0,20260402,20261212
006884,0,0,0,0,0,0,0,20260402,20261212
006885,0,0,0,0,0,0,0,20260402,20261212
006886,0,0,0,0,0,0,0,20260402,20261212
006887,0,0,0,0,0,0,0,20260402,20261212
006888,0,0,0,0,0,0,0,20260402,20261212
006889,0,0,0,0,0,0,0,20260402,20261212
006890,0,0,0,0,0,0,0,20260402,20261212
006891,0,0,0,0,0,0,0,20260402,20261212
006892,0,0,0,0,0,0,0,20260402,20261212
006893,0,0,0,0,0,0,0,20260402,20261212
006894,0,0,0,0,0,0,0,20260402,20261212
006895,0,0,0,0,0,0,0,20260402,20261212
006896,0,0,0,0,0,0,0,20260402,20261212
006897,0,0,0,0,0,0,0,20260402,20261212
006898,0,0,0,0,0,0,0,20260402,20261212
006899,0,0,0,0,0,0,0,20260402,20261212
006900,0,0,0,0,0,0,0,20260402,20261212
006901,0,0,0,0,0,0,0,20260402,20261212
006902,0,0,0,0,0,0,0,20260402,20261212
006903,0,0,0,0,0,0,0,20260402,20261212
006904,0,0,0,0,0,0,0,20260402,20261212
006905,0,0,0,0,0,0,0,20260402,20261212
006906,0,0,0,0,0,0,0,20260402,20261212
006907,0,0,0,0,0,0,0,20260402,20261212
006908,0,0,0,0,0,0,0,20260402,20261212
006909,0,0,0,0,0,0,0,20260402,20261212
006910,0,0,0,0,0,0,0,20260402,20261212
006911,0,0,0,0,0,0,0,20260402,20261212
006912,0,0,0,0,0,0,0,20260402,20261212
006913,0,0,0,0,0,0,0,20260402,20261212
006914,0,0,0,0,0,0,0,20260402,20261212
006915,0,0,0,0,0,0,0,20260402,20261212
006916,0,0,0,0,0,0,0,20260402,20261212
006917,0,0,0,0,0,0,0,20260402,20261212
006918,0,0,0,0,0,0,0,20260402,20261212
006919,0,0,0,0,0,0,0,20260402,20261212
006920,0,0,0,0,0,0,0,20260402,20261212
006921,0,0,0,0,0,0,0,20260402,20261212
006922,0,0,0,0,0,0,0,20260402,20261212
006923,0,0,0,0,0,0,0,20260402,20261212
006924,0,0,0,0,0,0,0,20260402,20261212
006925,0,0,0,0,0,0,0,20260402,20261212
006926,0,0,0,0,0,0,0,20260402,20261212
006927,0,0,0,0,0,0,0,20260402,20261212
006928,0,0,0,0,0,0,0,20260402,20261212
006929,0,0,0,0,0,0,0,20260402,20261212
006930,0,0,0,0,0,0,0,20260402,20261212
006931,0,0,0,0,0,0,0,20260402,20261212
006932,0,0,0,0,0,0,0,20260402,20261212
006933,0,0,0,0,0,0,0,20260402,20261212
006934,0,0,0,0,0,0,0,20260402,20261212
006935,0,0,0,0,0,0,0,20260402,20261212
006936,0,0,0,0,0,0,0,20260402,20261212
006937,0,0,0,0,0,0,0,20260402,20261212
006938,0,0,0,0,0,0,0,20260402,20261212
006939,0,0,0,0,0,0,0,20260402,20261212
006940,0,0,0,0,0,0,0,20260402,20261212
006941,0,0,0,0,0,0,0,20260402,20261212
006942,0,0,0,0,0,0,0,20260402,20261212
006943,0,0,0,0,0,0,0,20260402,20261212
006944,0,0,0,0,0,0,0,20260402,20261212
006945,0,0,0,0,0,0,0,20260402,20261212
006946,0,0,0,0,0,0,0,20260402,20261212
006947,0,0,0,0,0,0,0,20260402,20261212
006948,0,0,0,0,0,0,0,20260402,20261212
006949,0,0,0,0,0,0,0,20260402,20261212
006950,0,0,0,0,0,0,0,20260402,20261212
006951,0,0,0,0,0,0,0,20260402,20261212
006952,0,0,0,0,0,0,0,20260402,20261212
006953,0,0,0,0,0,0,0,20260402,20261212
006954,0,0,0,0,0,0,0,20260402,20261212
006955,0,0,0,0,0,0,0,20260402,20261212
006956,0,0,0,0,0,0,0,20260402,20261212
006957,0,0,0,0,0,0,0,20260402,20261212
006958,0,0,0,0,0,0,0,20260402,20261212
006959,0,0,0,0,0,0,0,20260402,20261212
006960,0,0,0,0,0,0,0,20260402,20261212
006961,0,0,0,0,0,0,0,20260402,20261212
006962,0,0,0,0,0,0,0,20260402,20261212
006963,0,0,0,0,0,0,0,20260402,20261212
006964,0,0,0,0,0,0,0,20260402,20261212
006965,0,0,0,0,0,0,0,20260402,20261212
006966,0,0,0,0,0,0,0,20260402,20261212
006967,0,0,0,0,0,0,0,20260402,20261212
006968,0,0,0,0,0,0,0,20260402,20261212
006969,0,0,0,0,0,0,0,20260402,20261212
006970,0,0,0,0,0,0,0,20260402,20261212
006971,0,0,0,0,0,0,0,20260402,20261212
006972,0,0,0,0,0,0,0,20260402,20261212
006973,0,0,0,0,0,0,0,20260402,20261212
006974,0,0,0,0,0,0,0,20260402,20261212
006975,0,0,0,0,0,0,0,20260402,20261212
006976,0,0,0,0,0,0,0,20260402,20261212
006977,0,0,0,0,0,0,0,20260402,20261212
006978,0,0,0,0,0,0,0,20260402,20261212
006979,0,0,0,0,0,0,0,20260402,20261212
006980,0,0,0,0,0,0,0,20260402,20261212
006981,0,0,0,0,0,0,0,20260402,20261212
006982,0,0,0,0,0,0,0,20260402,20261212
006983,0,0,0,0,0,0,0,20260402,20261212
006984,0,0,0,0,0,0,0,20260402,20261212
006985,0,0,0,0,0,0,0,20260402,20261212
006986,0,0,0,0,0,0,0,20260402,20261212
006987,0,0,0,0,0,0,0,20260402,20261212
006988,0,0,0,0,0,0,0,20260402,20261212
006989,0,0,0,0,0,0,0,20260402,20261212
006990,0,0,0,0,0,0,0,20260402,20261212
006991,0,0,0,0,0,0,0,20260402,20261212
006992,0,0,0,0,0,0,0,20260402,20261212
006993,0,0,0,0,0,0,0,20260402,20261212
006994,0,0,0,0,0,0,0,20260402,20261212
006995,0,0,0,0,0,0,0,20260402,20261212
006996,0,0,0,0,0,0,0,20260402,20261212
006997,0,0,0,0,0,0,0,20260402,20261212
006998,0,0,0,0,0,0,0,20260402,20261212
006999,0,0,0,0,0,0,0,20260402,20261212
007000,0,0,0,0,0,0,0,20260402,20261212
007001,0,0,0,0,0,0,0,20260402,20261212
007002,0,0,0,0,0,0,0,20260402,20261212
007003,0,0,0,0,0,0,0,20260402,20261212
007004,0,0,0,0,0,0,0,20260402,20261212
007005,0,0,0,0,0,0,0,20260402,20261212
007006,0,0,0,0,0,0,0,20260402,20261212
007007,0,0,0,0,0,0,0,20260402,20261212
007008,0,0,0,0,0,0,0,20260402,20261212
007009,0,0,0,0,0,0,0,20260402,20261212
007010,0,0,0,0,0,0,0,20260402,20261212
007011,0,0,0,0,0,0,0,20260402,20261212
007012,0,0,0,0,0,0,0,20260402,20261212
007013,0,0,0,0,0,0,0,20260402,20261212
007014,0,0,0,0,0,0,0,20260402,20261212
007015,0,0,0,0,0,0,0,20260402,20261212
007016,0,0,0,0,0,0,0,20260402,20261212
007017,0,0,0,0,0,0,0,20260402,20261212
007018,0,0,0,0,0,0,0,20260402,20261212
007019,0,0,0,0,0,0,0,20260402,20261212
007020,0,0,0,0,0,0,0,20260402,20261212
007021,0,0,0,0,0,0,0,20260402,20261212
007022,0,0,0,0,0,0,0,20260402,20261212
007023,0,0,0,0,0,0,0,20260402,20261212
007024,0,0,0,0,0,0,0,20260402,20261212
007025,0,0,0,0,0,0,0,20260402,20261212
007026,0,0,0,0,0,0,0,20260402,20261212
007027,0,0,0,0,0,0,0,20260402,20261212
007028,0,0,0,0,0,0,0,20260402,20261212
007029,0,0,0,0,0,0,0,20260402,20261212
007030,0,0,0,0,0,0,0,20260402,20261212
007031,0,0,0,0,0,0,0,20260402,20261212
007032,0,0,0,0,0,0,0,20260402,20261212
007033,0,0,0,0,0,0,0,20260402,20261212
007034,0,0,0,0,0,0,0,20260402,20261212
007035,0,0,0,0,0,0,0,20260402,20261212
007036,0,0,0,0,0,0,0,20260402,20261212
007037,0,0,0,0,0,0,0,20260402,20261212
007038,0,0,0,0,0,0,0,20260402,20261212
007039,0,0,0,0,0,0,0,20260402,20261212
007040,0,0,0,0,0,0,0,20260402,20261212
007041,0,0,0,0,0,0,0,20260402,20261212
007042,0,0,0,0,0,0,0,20260402,20261212
007043,0,0,0,0,0,0,0,20260402,20261212
007044,0,0,0,0,0,0,0,20260402,20261212
007045,0,0,0,0,0,0,0,20260402,20261212
007046,0,0,0,0,0,0,0,20260402,20261212
007047,0,0,0,0,0,0,0,20260402,20261212
007048,0,0,0,0,0,0,0,20260402,20261212
007049,0,0,0,0,0,0,0,20260402,20261212
007050,0,0,0,0,0,0,0,20260402,20261212
007051,0,0,0,0,0,0,0,20260402,20261212
007052,0,0,0,0,0,0,0,20260402,20261212
007053,0,0,0,0,0,0,0,20260402,20261212
007054,0,0,0,0,0,0,0,20260402,20261212
007055,0,0,0,0,0,0,0,20260402,20261212
007056,0,0,0,0,0,0,0,20260402,20261212
007057,0,0,0,0,0,0,0,20260402,20261212
007058,0,0,0,0,0,0,0,20260402,20261212
007059,0,0,0,0,0,0,0,20260402,20261212
007060,0,0,0,0,0,0,0,20260402,20261212
007061,0,0,0,0,0,0,0,20260402,20261212
007062,0,0,0,0,0,0,0,20260402,20261212
007063,0,0,0,0,0,0,0,20260402,20261212
007064,0,0,0,0,0,0,0,20260402,20261212
007065,0,0,0,0,0,0,0,20260402,20261212
007066,0,0,0,0,0,0,0,20260402,20261212
007067,0,0,0,0,0,0,0,20260402,20261212
007068,0,0,0,0,0,0,0,20260402,20261212
007069,0,0,0,0,0,0,0,20260402,20261212
007070,0,0,0,0,0,0,0,20260402,20261212
007071,0,0,0,0,0,0,0,20260402,20261212
007072,0,0,0,0,0,0,0,20260402,20261212
007073,0,0,0,0,0,0,0,20260402,20261212
007074,0,0,0,0,0,0,0,20260402,20261212
007075,0,0,0,0,0,0,0,20260402,20261212
007076,0,0,0,0,0,0,0,20260402,20261212
007077,0,0,0,0,0,0,0,20260402,20261212
007078,0,0,0,0,0,0,0,20260402,20261212
007079,0,0,0,0,0,0,0,20260402,20261212
007080,0,0,0,0,0,0,0,20260402,20261212
007081,0,0,0,0,0,0,0,20260402,20261212
007082,0,0,0,0,0,0,0,20260402,20261212
007083,0,0,0,0,0,0,0,20260402,20261212
007084,0,0,0,0,0,0,0,20260402,20261212
007085,0,0,0,0,0,0,0,20260402,20261212
007086,0,0,0,0,0,0,0,20260402,20261212
007087,0,0,0,0,0,0,0,20260402,20261212
007088,0,0,0,0,0,0,0,20260402,20261212
007089,0,0,0,0,0,0,0,20260402,20261212
007090,0,0,0,0,0,0,0,20260402,20261212
007091,0,0,0,0,0,0,0,20260402,20261212
007092,0,0,0,0,0,0,0,20260402,20261212
007093,0,0,0,0,0,0,0,20260402,20261212
007094,0,0,0,0,0,0,0,20260402,20261212
007095,0,0,0,0,0,0,0,20260402,20261212
007096,0,0,0,0,0,0,0,20260402,20261212
007097,0,0,0,0,0,0,0,20260402,20261212
007098,0,0,0,0,0,0,0,20260402,20261212
007099,0,0,0,0,0,0,0,20260402,20261212
007100,0,0,0,0,0,0,0,20260402,20261212
007101,0,0,0,0,0,0,0,20260402,20261212
007102,0,0,0,0,0,0,0,20260402,20261212
007103,0,0,0,0,0,0,0,20260402,20261212
007104,0,0,0,0,0,0,0,20260402,20261212
007105,0,0,0,0,0,0,0,20260402,20261212
007106,0,0,0,0,0,0,0,20260402,20261212
007107,0,0,0,0,0,0,0,20260402,20261212
007108,0,0,0,0,0,0,0,20260402,20261212
007109,0,0,0,0,0,0,0,20260402,20261212
007110,0,0,0,0,0,0,0,20260402,20261212
007111,0,0,0,0,0,0,0,20260402,20261212
007112,0,0,0,0,0,0,0,20260402,20261212
007113,0,0,0,0,0,0,0,20260402,20261212
007114,0,0,0,0,0,0,0,20260402,20261212
007115,0,0,0,0,0,0,0,20260402,20261212
007116,0,0,0,0,0,0,0,20260402,20261212
007117,0,0,0,0,0,0,0,20260402,20261212
007118,0,0,0,0,0,0,0,20260402,20261212
007119,0,0,0,0,0,0,0,20260402,20261212
007120,0,0,0,0,0,0,0,20260402,20261212
007121,0,0,0,0,0,0,0,20260402,20261212
007122,0,0,0,0,0,0,0,20260402,20261212
007123,0,0,0,0,0,0,0,20260402,20261212
007124,0,0,0,0,0,0,0,20260402,20261212
007125,0,0,0,0,0,0,0,20260402,20261212
007126,0,0,0,0,0,0,0,20260402,20261212
007127,0,0,0,0,0,0,0,20260402,20261212
007128,0,0,0,0,0,0,0,20260402,20261212
007129,0,0,0,0,0,0,0,20260402,20261212
007130,0,0,0,0,0,0,0,20260402,20261212
007131,0,0,0,0,0,0,0,20260402,20261212
007132,0,0,0,0,0,0,0,20260402,20261212
007133,0,0,0,0,0,0,0,20260402,20261212
007134,0,0,0,0,0,0,0,20260402,20261212
007135,0,0,0,0,0,0,0,20260402,20261212
007136,0,0,0,0,0,0,0,20260402,20261212
007137,0,0,0,0,0,0,0,20260402,20261212
007138,0,0,0,0,0,0,0,20260402,20261212
007139,0,0,0,0,0,0,0,20260402,20261212
007140,0,0,0,0,0,0,0,20260402,20261212
007141,0,0,0,0,0,0,0,20260402,20261212
007142,0,0,0,0,0,0,0,20260402,20261212
007143,0,0,0,0,0,0,0,20260402,20261212
007144,0,0,0,0,0,0,0,20260402,20261212
007145,0,0,0,0,0,0,0,20260402,20261212
007146,0,0,0,0,0,0,0,20260402,20261212
007147,0,0,0,0,0,0,0,20260402,20261212
007148,0,0,0,0,0,0,0,20260402,20261212
007149,0,0,0,0,0,0,0,20260402,20261212
007150,0,0,0,0,0,0,0,20260402,20261212
007151,0,0,0,0,0,0,0,20260402,20261212
007152,0,0,0,0,0,0,0,20260402,20261212
007153,0,0,0,0,0,0,0,20260402,20261212
007154,0,0,0,0,0,0,0,20260402,20261212
007155,0,0,0,0,0,0,0,20260402,20261212
007156,0,0,0,0,0,0,0,20260402,20261212
007157,0,0,0,0,0,0,0,20260402,20261212
007158,0,0,0,0,0,0,0,20260402,20261212
007159,0,0,0,0,0,0,0,20260402,20261212
007160,0,0,0,0,0,0,0,20260402,20261212
007161,0,0,0,0,0,0,0,20260402,20261212
007162,0,0,0,0,0,0,0,20260402,20261212
007163,0,0,0,0,0,0,0,20260402,20261212
007164,0,0,0,0,0,0,0,20260402,20261212
007165,0,0,0,0,0,0,0,20260402,20261212
007166,0,0,0,0,0,0,0,20260402,20261212
007167,0,0,0,0,0,0,0,20260402,20261212
007168,0,0,0,0,0,0,0,20260402,20261212
007169,0,0,0,0,0,0,0,20260402,20261212
007170,0,0,0,0,0,0,0,20260402,20261212
007171,0,0,0,0,0,0,0,20260402,20261212
007172,0,0,0,0,0,0,0,20260402,20261212
007173,0,0,0,0,0,0,0,20260402,20261212
007174,0,0,0,0,0,0,0,20260402,20261212
007175,0,0,0,0,0,0,0,20260402,20261212
007176,0,0,0,0,0,0,0,20260402,20261212
007177,0,0,0,0,0,0,0,20260402,20261212
007178,0,0,0,0,0,0,0,20260402,20261212
007179,0,0,0,0,0,0,0,20260402,20261212
007180,0,0,0,0,0,0,0,20260402,20261212
007181,0,0,0,0,0,0,0,20260402,20261212
007182,0,0,0,0,0,0,0,20260402,20261212
007183,0,0,0,0,0,0,0,20260402,20261212
007184,0,0,0,0,0,0,0,20260402,20261212
007185,0,0,0,0,0,0,0,20260402,20261212
007186,0,0,0,0,0,0,0,20260402,20261212
007187,0,0,0,0,0,0,0,20260402,20261212
007188,0,0,0,0,0,0,0,20260402,20261212
007189,0,0,0,0,0,0,0,20260402,20261212
007190,0,0,0,0,0,0,0,20260402,20261212
007191,0,0,0,0,0,0,0,20260402,20261212
007192,0,0,0,0,0,0,0,20260402,20261212
007193,0,0,0,0,0,0,0,20260402,20261212
007194,0,0,0,0,0,0,0,20260402,20261212
007195,0,0,0,0,0,0,0,20260402,20261212
007196,0,0,0,0,0,0,0,20260402,20261212
007197,0,0,0,0,0,0,0,20260402,20261212
007198,0,0,0,0,0,0,0,20260402,20261212
007199,0,0,0,0,0,0,0,20260402,20261212
007200,0,0,0,0,0,0,0,20260402,20261212
007201,0,0,0,0,0,0,0,20260402,20261212
007202,0,0,0,0,0,0,0,20260402,20261212
007203,0,0,0,0,0,0,0,20260402,20261212
007204,0,0,0,0,0,0,0,20260402,20261212
007205,0,0,0,0,0,0,0,20260402,20261212
007206,0,0,0,0,0,0,0,20260402,20261212
007207,0,0,0,0,0,0,0,20260402,20261212
007208,0,0,0,0,0,0,0,20260402,20261212
007209,0,0,0,0,0,0,0,20260402,20261212
007210,0,0,0,0,0,0,0,20260402,20261212
007211,0,0,0,0,0,0,0,20260402,20261212
007212,0,0,0,0,0,0,0,20260402,20261212
007213,0,0,0,0,0,0,0,20260402,20261212
007214,0,0,0,0,0,0,0,20260402,20261212
007215,0,0,0,0,0,0,0,20260402,20261212
007216,0,0,0,0,0,0,0,20260402,20261212
007217,0,0,0,0,0,0,0,20260402,20261212
007218,0,0,0,0,0,0,0,20260402,20261212
007219,0,0,0,0,0,0,0,20260402,20261212
007220,0,0,0,0,0,0,0,20260402,20261212
007221,0,0,0,0,0,0,0,20260402,20261212
007222,0,0,0,0,0,0,0,20260402,20261212
007223,0,0,0,0,0,0,0,20260402,20261212
007224,0,0,0,0,0,0,0,20260402,20261212
007225,0,0,0,0,0,0,0,20260402,20261212
007226,0,0,0,0,0,0,0,20260402,20261212
007227,0,0,0,0,0,0,0,20260402,20261212
007228,0,0,0,0,0,0,0,20260402,20261212
007229,0,0,0,0,0,0,0,20260402,20261212
007230,0,0,0,0,0,0,0,20260402,20261212
007231,0,0,0,0,0,0,0,20260402,20261212
007232,0,0,0,0,0,0,0,20260402,20261212
007233,0,0,0,0,0,0,0,20260402,20261212
007234,0,0,0,0,0,0,0,20260402,20261212
007235,0,0,0,0,0,0,0,20260402,20261212
007236,0,0,0,0,0,0,0,20260402,20261212
007237,0,0,0,0,0,0,0,20260402,20261212
007238,0,0,0,0,0,0,0,20260402,20261212
007239,0,0,0,0,0,0,0,20260402,20261212
007240,0,0,0,0,0,0,0,20260402,20261212
007241,0,0,0,0,0,0,0,20260402,20261212
007242,0,0,0,0,0,0,0,20260402,20261212
007243,0,0,0,0,0,0,0,20260402,20261212
007244,0,0,0,0,0,0,0,20260402,20261212
007245,0,0,0,0,0,0,0,20260402,20261212
007246,0,0,0,0,0,0,0,20260402,20261212
007247,0,0,0,0,0,0,0,20260402,20261212
007248,0,0,0,0,0,0,0,20260402,20261212
007249,0,0,0,0,0,0,0,20260402,20261212
007250,0,0,0,0,0,0,0,20260402,20261212
007251,0,0,0,0,0,0,0,20260402,20261212
007252,0,0,0,0,0,0,0,20260402,20261212
007253,0,0,0,0,0,0,0,20260402,20261212
007254,0,0,0,0,0,0,0,20260402,20261212
007255,0,0,0,0,0,0,0,20260402,20261212
007256,0,0,0,0,0,0,0,20260402,20261212
007257,0,0,0,0,0,0,0,20260402,20261212
007258,0,0,0,0,0,0,0,20260402,20261212
007259,0,0,0,0,0,0,0,20260402,20261212
007260,0,0,0,0,0,0,0,20260402,20261212
007261,0,0,0,0,0,0,0,20260402,20261212
007262,0,0,0,0,0,0,0,20260402,20261212
007263,0,0,0,0,0,0,0,20260402,20261212
007264,0,0,0,0,0,0,0,20260402,20261212
007265,0,0,0,0,0,0,0,20260402,20261212
007266,0,0,0,0,0,0,0,20260402,20261212
007267,0,0,0,0,0,0,0,20260402,20261212
007268,0,0,0,0,0,0,0,20260402,20261212
007269,0,0,0,0,0,0,0,20260402,20261212
007270,0,0,0,0,0,0,0,20260402,20261212
007271,0,0,0,0,0,0,0,20260402,20261212
007272,0,0,0,0,0,0,0,20260402,20261212
007273,0,0,0,0,0,0,0,20260402,20261212
007274,0,0,0,0,0,0,0,20260402,20261212
007275,0,0,0,0,0,0,0,20260402,20261212
007276,0,0,0,0,0,0,0,20260402,20261212
007277,0,0,0,0,0,0,0,20260402,20261212
007278,0,0,0,0,0,0,0,20260402,20261212
007279,0,0,0,0,0,0,0,20260402,20261212
007280,0,0,0,0,0,0,0,20260402,20261212
007281,0,0,0,0,0,0,0,20260402,20261212
007282,0,0,0,0,0,0,0,20260402,20261212
007283,0,0,0,0,0,0,0,20260402,20261212
007284,0,0,0,0,0,0,0,20260402,20261212
007285,0,0,0,0,0,0,0,20260402,20261212
007286,0,0,0,0,0,0,0,20260402,20261212
007287,0,0,0,0,0,0,0,20260402,20261212
007288,0,0,0,0,0,0,0,20260402,20261212
007289,0,0,0,0,0,0,0,20260402,20261212
007290,0,0,0,0,0,0,0,20260402,20261212
007291,0,0,0,0,0,0,0,20260402,20261212
007292,0,0,0,0,0,0,0,20260402,20261212
007293,0,0,0,0,0,0,0,20260402,20261212
007294,0,0,0,0,0,0,0,20260402,20261212
007295,0,0,0,0,0,0,0,20260402,20261212
007296,0,0,0,0,0,0,0,20260402,20261212
007297,0,0,0,0,0,0,0,20260402,20261212
007298,0,0,0,0,0,0,0,20260402,20261212
007299,0,0,0,0,0,0,0,20260402,20261212
007300,0,0,0,0,0,0,0,20260402,20261212
007301,0,0,0,0,0,0,0,20260402,20261212
007302,0,0,0,0,0,0,0,20260402,20261212
007303,0,0,0,0,0,0,0,20260402,20261212
007304,0,0,0,0,0,0,0,20260402,20261212
007305,0,0,0,0,0,0,0,20260402,20261212
007306,0,0,0,0,0,0,0,20260402,20261212
007307,0,0,0,0,0,0,0,20260402,20261212
007308,0,0,0,0,0,0,0,20260402,20261212
007309,0,0,0,0,0,0,0,20260402,20261212
007310,0,0,0,0,0,0,0,20260402,20261212
007311,0,0,0,0,0,0,0,20260402,20261212
007312,0,0,0,0,0,0,0,20260402,20261212
007313,0,0,0,0,0,0,0,20260402,20261212
007314,0,0,0,0,0,0,0,20260402,20261212
007315,0,0,0,0,0,0,0,20260402,20261212
007316,0,0,0,0,0,0,0,20260402,20261212
007317,0,0,0,0,0,0,0,20260402,20261212
007318,0,0,0,0,0,0,0,20260402,20261212
007319,0,0,0,0,0,0,0,20260402,20261212
007320,0,0,0,0,0,0,0,20260402,20261212
007321,0,0,0,0,0,0,0,20260402,20261212
007322,0,0,0,0,0,0,0,20260402,20261212
007323,0,0,0,0,0,0,0,20260402,20261212
007324,0,0,0,0,0,0,0,20260402,20261212
007325,0,0,0,0,0,0,0,20260402,20261212
007326,0,0,0,0,0,0,0,20260402,20261212
007327,0,0,0,0,0,0,0,20260402,20261212
007328,0,0,0,0,0,0,0,20260402,20261212
007329,0,0,0,0,0,0,0,20260402,20261212
007330,0,0,0,0,0,0,0,20260402,20261212
007331,0,0,0,0,0,0,0,20260402,20261212
007332,0,0,0,0,0,0,0,20260402,20261212
007333,0,0,0,0,0,0,0,20260402,20261212
007334,0,0,0,0,0,0,0,20260402,20261212
007335,0,0,0,0,0,0,0,20260402,20261212
007336,0,0,0,0,0,0,0,20260402,20261212
007337,0,0,0,0,0,0,0,20260402,20261212
007338,0,0,0,0,0,0,0,20260402,20261212
007339,0,0,0,0,0,0,0,20260402,20261212
007340,0,0,0,0,0,0,0,20260402,20261212
007341,0,0,0,0,0,0,0,20260402,20261212
007342,0,0,0,0,0,0,0,20260402,20261212
007343,0,0,0,0,0,0,0,20260402,20261212
007344,0,0,0,0,0,0,0,20260402,20261212
007345,0,0,0,0,0,0,0,20260402,20261212
007346,0,0,0,0,0,0,0,20260402,20261212
007347,0,0,0,0,0,0,0,20260402,20261212
007348,0,0,0,0,0,0,0,20260402,20261212
007349,0,0,0,0,0,0,0,20260402,20261212
007350,0,0,0,0,0,0,0,20260402,20261212
007351,0,0,0,0,0,0,0,20260402,20261212
007352,0,0,0,0,0,0,0,20260402,20261212
007353,0,0,0,0,0,0,0,20260402,20261212
007354,0,0,0,0,0,0,0,20260402,20261212
007355,0,0,0,0,0,0,0,20260402,20261212
007356,0,0,0,0,0,0,0,20260402,20261212
007357,0,0,0,0,0,0,0,20260402,20261212
007358,0,0,0,0,0,0,0,20260402,20261212
007359,0,0,0,0,0,0,0,20260402,20261212
007360,0,0,0,0,0,0,0,20260402,20261212
007361,0,0,0,0,0,0,0,20260402,20261212
007362,0,0,0,0,0,0,0,20260402,20261212
007363,0,0,0,0,0,0,0,20260402,20261212
007364,0,0,0,0,0,0,0,20260402,20261212
007365,0,0,0,0,0,0,0,20260402,20261212
007366,0,0,0,0,0,0,0,20260402,20261212
007367,0,0,0,0,0,0,0,20260402,20261212
007368,0,0,0,0,0,0,0,20260402,20261212
007369,0,0,0,0,0,0,0,20260402,20261212
007370,0,0,0,0,0,0,0,20260402,20261212
007371,0,0,0,0,0,0,0,20260402,20261212
007372,0,0,0,0,0,0,0,20260402,20261212
007373,0,0,0,0,0,0,0,20260402,20261212
007374,0,0,0,0,0,0,0,20260402,20261212
007375,0,0,0,0,0,0,0,20260402,20261212
007376,0,0,0,0,0,0,0,20260402,20261212
007377,0,0,0,0,0,0,0,20260402,20261212
007378,0,0,0,0,0,0,0,20260402,20261212
007379,0,0,0,0,0,0,0,20260402,20261212
007380,0,0,0,0,0,0,0,20260402,20261212
007381,0,0,0,0,0,0,0,20260402,20261212
007382,0,0,0,0,0,0,0,20260402,20261212
007383,0,0,0,0,0,0,0,20260402,20261212
007384,0,0,0,0,0,0,0,20260402,20261212
007385,0,0,0,0,0,0,0,20260402,20261212
007386,0,0,0,0,0,0,0,20260402,20261212
007387,0,0,0,0,0,0,0,20260402,20261212
007388,0,0,0,0,0,0,0,20260402,20261212
007389,0,0,0,0,0,0,0,20260402,20261212
007390,0,0,0,0,0,0,0,20260402,20261212
007391,0,0,0,0,0,0,0,20260402,20261212
007392,0,0,0,0,0,0,0,20260402,20261212
007393,0,0,0,0,0,0,0,20260402,20261212
007394,0,0,0,0,0,0,0,20260402,20261212
007395,0,0,0,0,0,0,0,20260402,20261212
007396,0,0,0,0,0,0,0,20260402,20261212
007397,0,0,0,0,0,0,0,20260402,20261212
007398,0,0,0,0,0,0,0,20260402,20261212
007399,0,0,0,0,0,0,0,20260402,20261212
007400,0,0,0,0,0,0,0,20260402,20261212
007401,0,0,0,0,0,0,0,20260402,20261212
007402,0,0,0,0,0,0,0,20260402,20261212
007403,0,0,0,0,0,0,0,20260402,20261212
007404,0,0,0,0,0,0,0,20260402,20261212
007405,0,0,0,0,0,0,0,20260402,20261212
007406,0,0,0,0,0,0,0,20260402,20261212
007407,0,0,0,0,0,0,0,20260402,20261212
007408,0,0,0,0,0,0,0,20260402,20261212
007409,0,0,0,0,0,0,0,20260402,20261212
007410,0,0,0,0,0,0,0,20260402,20261212
007411,0,0,0,0,0,0,0,20260402,20261212
007412,0,0,0,0,0,0,0,20260402,20261212
007413,0,0,0,0,0,0,0,20260402,20261212
007414,0,0,0,0,0,0,0,20260402,20261212
007415,0,0,0,0,0,0,0,20260402,20261212
007416,0,0,0,0,0,0,0,20260402,20261212
007417,0,0,0,0,0,0,0,20260402,20261212
007418,0,0,0,0,0,0,0,20260402,20261212
007419,0,0,0,0,0,0,0,20260402,20261212
007420,0,0,0,0,0,0,0,20260402,20261212
007421,0,0,0,0,0,0,0,20260402,20261212
007422,0,0,0,0,0,0,0,20260402,20261212
007423,0,0,0,0,0,0,0,20260402,20261212
007424,0,0,0,0,0,0,0,20260402,20261212
007425,0,0,0,0,0,0,0,20260402,20261212
007426,0,0,0,0,0,0,0,20260402,20261212
007427,0,0,0,0,0,0,0,20260402,20261212
007428,0,0,0,0,0,0,0,20260402,20261212
007429,0,0,0,0,0,0,0,20260402,20261212
007430,0,0,0,0,0,0,0,20260402,20261212
007431,0,0,0,0,0,0,0,20260402,20261212
007432,0,0,0,0,0,0,0,20260402,20261212
007433,0,0,0,0,0,0,0,20260402,20261212
007434,0,0,0,0,0,0,0,20260402,20261212
007435,0,0,0,0,0,0,0,20260402,20261212
007436,0,0,0,0,0,0,0,20260402,20261212
007437,0,0,0,0,0,0,0,20260402,20261212
007438,0,0,0,0,0,0,0,20260402,20261212
007439,0,0,0,0,0,0,0,20260402,20261212
007440,0,0,0,0,0,0,0,20260402,20261212
007441,0,0,0,0,0,0,0,20260402,20261212
007442,0,0,0,0,0,0,0,20260402,20261212
007443,0,0,0,0,0,0,0,20260402,20261212
007444,0,0,0,0,0,0,0,20260402,20261212
007445,0,0,0,0,0,0,0,20260402,20261212
007446,0,0,0,0,0,0,0,20260402,20261212
007447,0,0,0,0,0,0,0,20260402,20261212
007448,0,0,0,0,0,0,0,20260402,20261212
007449,0,0,0,0,0,0,0,20260402,20261212
007450,0,0,0,0,0,0,0,20260402,20261212
007451,0,0,0,0,0,0,0,20260402,20261212
007452,0,0,0,0,0,0,0,20260402,20261212
007453,0,0,0,0,0,0,0,20260402,20261212
007454,0,0,0,0,0,0,0,20260402,20261212
007455,0,0,0,0,0,0,0,20260402,20261212
007456,0,0,0,0,0,0,0,20260402,20261212
007457,0,0,0,0,0,0,0,20260402,20261212
007458,0,0,0,0,0,0,0,20260402,20261212
007459,0,0,0,0,0,0,0,20260402,20261212
007460,0,0,0,0,0,0,0,20260402,20261212
007461,0,0,0,0,0,0,0,20260402,20261212
007462,0,0,0,0,0,0,0,20260402,20261212
007463,0,0,0,0,0,0,0,20260402,20261212
007464,0,0,0,0,0,0,0,20260402,20261212
007465,0,0,0,0,0,0,0,20260402,20261212
007466,0,0,0,0,0,0,0,20260402,20261212
007467,0,0,0,0,0,0,0,20260402,20261212
007468,0,0,0,0,0,0,0,20260402,20261212
007469,0,0,0,0,0,0,0,20260402,20261212
007470,0,0,0,0,0,0,0,20260402,20261212
007471,0,0,0,0,0,0,0,20260402,20261212
007472,0,0,0,0,0,0,0,20260402,20261212
007473,0,0,0,0,0,0,0,20260402,20261212
007474,0,0,0,0,0,0,0,20260402,20261212
007475,0,0,0,0,0,0,0,20260402,20261212
007476,0,0,0,0,0,0,0,20260402,20261212
007477,0,0,0,0,0,0,0,20260402,20261212
007478,0,0,0,0,0,0,0,20260402,20261212
007479,0,0,0,0,0,0,0,20260402,20261212
007480,0,0,0,0,0,0,0,20260402,20261212
007481,0,0,0,0,0,0,0,20260402,20261212
007482,0,0,0,0,0,0,0,20260402,20261212
007483,0,0,0,0,0,0,0,20260402,20261212
007484,0,0,0,0,0,0,0,20260402,20261212
007485,0,0,0,0,0,0,0,20260402,20261212
007486,0,0,0,0,0,0,0,20260402,20261212
007487,0,0,0,0,0,0,0,20260402,20261212
007488,0,0,0,0,0,0,0,20260402,20261212
007489,0,0,0,0,0,0,0,20260402,20261212
007490,0,0,0,0,0,0,0,20260402,20261212
007491,0,0,0,0,0,0,0,20260402,20261212
007492,0,0,0,0,0,0,0,20260402,20261212
007493,0,0,0,0,0,0,0,20260402,20261212
007494,0,0,0,0,0,0,0,20260402,20261212
007495,0,0,0,0,0,0,0,20260402,20261212
007496,0,0,0,0,0,0,0,20260402,20261212
007497,0,0,0,0,0,0,0,20260402,20261212
007498,0,0,0,0,0,0,0,20260402,20261212
007499,0,0,0,0,0,0,0,20260402,20261212
007500,0,0,0,0,0,0,0,20260402,20261212
007501,0,0,0,0,0,0,0,20260402,20261212
007502,0,0,0,0,0,0,0,20260402,20261212
007503,0,0,0,0,0,0,0,20260402,20261212
007504,0,0,0,0,0,0,0,20260402,20261212
007505,0,0,0,0,0,0,0,20260402,20261212
007506,0,0,0,0,0,0,0,20260402,20261212
007507,0,0,0,0,0,0,0,20260402,20261212
007508,0,0,0,0,0,0,0,20260402,20261212
007509,0,0,0,0,0,0,0,20260402,20261212
007510,0,0,0,0,0,0,0,20260402,20261212
007511,0,0,0,0,0,0,0,20260402,20261212
007512,0,0,0,0,0,0,0,20260402,20261212
007513,0,0,0,0,0,0,0,20260402,20261212
007514,0,0,0,0,0,0,0,20260402,20261212
007515,0,0,0,0,0,0,0,20260402,20261212
007516,0,0,0,0,0,0,0,20260402,20261212
007517,0,0,0,0,0,0,0,20260402,20261212
007518,0,0,0,0,0,0,0,20260402,20261212
007519,0,0,0,0,0,0,0,20260402,20261212
007520,0,0,0,0,0,0,0,20260402,20261212
007521,0,0,0,0,0,0,0,20260402,20261212
007522,0,0,0,0,0,0,0,20260402,20261212
007523,0,0,0,0,0,0,0,20260402,20261212
007524,0,0,0,0,0,0,0,20260402,20261212
007525,0,0,0,0,0,0,0,20260402,20261212
007526,0,0,0,0,0,0,0,20260402,20261212
007527,0,0,0,0,0,0,0,20260402,20261212
007528,0,0,0,0,0,0,0,20260402,20261212
007529,0,0,0,0,0,0,0,20260402,20261212
007530,0,0,0,0,0,0,0,20260402,20261212
007531,0,0,0,0,0,0,0,20260402,20261212
007532,0,0,0,0,0,0,0,20260402,20261212
007533,0,0,0,0,0,0,0,20260402,20261212
007534,0,0,0,0,0,0,0,20260402,20261212
007535,0,0,0,0,0,0,0,20260402,20261212
007536,0,0,0,0,0,0,0,20260402,20261212
007537,0,0,0,0,0,0,0,20260402,20261212
007538,0,0,0,0,0,0,0,20260402,20261212
007539,0,0,0,0,0,0,0,20260402,20261212
007540,0,0,0,0,0,0,0,20260402,20261212
007541,0,0,0,0,0,0,0,20260402,20261212
007542,0,0,0,0,0,0,0,20260402,20261212
007543,0,0,0,0,0,0,0,20260402,20261212
007544,0,0,0,0,0,0,0,20260402,20261212
007545,0,0,0,0,0,0,0,20260402,20261212
007546,0,0,0,0,0,0,0,20260402,20261212
007547,0,0,0,0,0,0,0,20260402,20261212
007548,0,0,0,0,0,0,0,20260402,20261212
007549,0,0,0,0,0,0,0,20260402,20261212
007550,0,0,0,0,0,0,0,20260402,20261212
007551,0,0,0,0,0,0,0,20260402,20261212
007552,0,0,0,0,0,0,0,20260402,20261212
007553,0,0,0,0,0,0,0,20260402,20261212
007554,0,0,0,0,0,0,0,20260402,20261212
007555,0,0,0,0,0,0,0,20260402,20261212
007556,0,0,0,0,0,0,0,20260402,20261212
007557,0,0,0,0,0,0,0,20260402,20261212
007558,0,0,0,0,0,0,0,20260402,20261212
007559,0,0,0,0,0,0,0,20260402,20261212
007560,0,0,0,0,0,0,0,20260402,20261212
007561,0,0,0,0,0,0,0,20260402,20261212
007562,0,0,0,0,0,0,0,20260402,20261212
007563,0,0,0,0,0,0,0,20260402,20261212
007564,0,0,0,0,0,0,0,20260402,20261212
007565,0,0,0,0,0,0,0,20260402,20261212
007566,0,0,0,0,0,0,0,20260402,20261212
007567,0,0,0,0,0,0,0,20260402,20261212
007568,0,0,0,0,0,0,0,20260402,20261212
007569,0,0,0,0,0,0,0,20260402,20261212
007570,0,0,0,0,0,0,0,20260402,20261212
007571,0,0,0,0,0,0,0,20260402,20261212
007572,0,0,0,0,0,0,0,20260402,20261212
007573,0,0,0,0,0,0,0,20260402,20261212
007574,0,0,0,0,0,0,0,20260402,20261212
007575,0,0,0,0,0,0,0,20260402,20261212
007576,0,0,0,0,0,0,0,20260402,20261212
007577,0,0,0,0,0,0,0,20260402,20261212
007578,0,0,0,0,0,0,0,20260402,20261212
007579,0,0,0,0,0,0,0,20260402,20261212
007580,0,0,0,0,0,0,0,20260402,20261212
007581,0,0,0,0,0,0,0,20260402,20261212
007582,0,0,0,0,0,0,0,20260402,20261212
007583,0,0,0,0,0,0,0,20260402,20261212
007584,0,0,0,0,0,0,0,20260402,20261212
007585,0,0,0,0,0,0,0,20260402,20261212
007586,0,0,0,0,0,0,0,20260402,20261212
007587,0,0,0,0,0,0,0,20260402,20261212
007588,0,0,0,0,0,0,0,20260402,20261212
007589,0,0,0,0,0,0,0,20260402,20261212
007590,0,0,0,0,0,0,0,20260402,20261212
007591,0,0,0,0,0,0,0,20260402,20261212
007592,0,0,0,0,0,0,0,20260402,20261212
007593,0,0,0,0,0,0,0,20260402,20261212
007594,0,0,0,0,0,0,0,20260402,20261212
007595,0,0,0,0,0,0,0,20260402,20261212
007596,0,0,0,0,0,0,0,20260402,20261212
007597,0,0,0,0,0,0,0,20260402,20261212
007598,0,0,0,0,0,0,0,20260402,20261212
007599,0,0,0,0,0,0,0,20260402,20261212
007600,0,0,0,0,0,0,0,20260402,20261212
007601,0,0,0,0,0,0,0,20260402,20261212
007602,0,0,0,0,0,0,0,20260402,20261212
007603,0,0,0,0,0,0,0,20260402,20261212
007604,0,0,0,0,0,0,0,20260402,20261212
007605,0,0,0,0,0,0,0,20260402,20261212
007606,0,0,0,0,0,0,0,20260402,20261212
007607,0,0,0,0,0,0,0,20260402,20261212
007608,0,0,0,0,0,0,0,20260402,20261212
007609,0,0,0,0,0,0,0,20260402,20261212
007610,0,0,0,0,0,0,0,20260402,20261212
007611,0,0,0,0,0,0,0,20260402,20261212
007612,0,0,0,0,0,0,0,20260402,20261212
007613,0,0,0,0,0,0,0,20260402,20261212
007614,0,0,0,0,0,0,0,20260402,20261212
007615,0,0,0,0,0,0,0,20260402,20261212
007616,0,0,0,0,0,0,0,20260402,20261212
007617,0,0,0,0,0,0,0,20260402,20261212
007618,0,0,0,0,0,0,0,20260402,20261212
007619,0,0,0,0,0,0,0,20260402,20261212
007620,0,0,0,0,0,0,0,20260402,20261212
007621,0,0,0,0,0,0,0,20260402,20261212
007622,0,0,0,0,0,0,0,20260402,20261212
007623,0,0,0,0,0,0,0,20260402,20261212
007624,0,0,0,0,0,0,0,20260402,20261212
007625,0,0,0,0,0,0,0,20260402,20261212
007626,0,0,0,0,0,0,0,20260402,20261212
007627,0,0,0,0,0,0,0,20260402,20261212
007628,0,0,0,0,0,0,0,20260402,20261212
007629,0,0,0,0,0,0,0,20260402,20261212
007630,0,0,0,0,0,0,0,20260402,20261212
007631,0,0,0,0,0,0,0,20260402,20261212
007632,0,0,0,0,0,0,0,20260402,20261212
007633,0,0,0,0,0,0,0,20260402,20261212
007634,0,0,0,0,0,0,0,20260402,20261212
007635,0,0,0,0,0,0,0,20260402,20261212
007636,0,0,0,0,0,0,0,20260402,20261212
007637,0,0,0,0,0,0,0,20260402,20261212
007638,0,0,0,0,0,0,0,20260402,20261212
007639,0,0,0,0,0,0,0,20260402,20261212
007640,0,0,0,0,0,0,0,20260402,20261212
007641,0,0,0,0,0,0,0,20260402,20261212
007642,0,0,0,0,0,0,0,20260402,20261212
007643,0,0,0,0,0,0,0,20260402,20261212
007644,0,0,0,0,0,0,0,20260402,20261212
007645,0,0,0,0,0,0,0,20260402,20261212
007646,0,0,0,0,0,0,0,20260402,20261212
007647,0,0,0,0,0,0,0,20260402,20261212
007648,0,0,0,0,0,0,0,20260402,20261212
007649,0,0,0,0,0,0,0,20260402,20261212
007650,0,0,0,0,0,0,0,20260402,20261212
007651,0,0,0,0,0,0,0,20260402,20261212
007652,0,0,0,0,0,0,0,20260402,20261212
007653,0,0,0,0,0,0,0,20260402,20261212
007654,0,0,0,0,0,0,0,20260402,20261212
007655,0,0,0,0,0,0,0,20260402,20261212
007656,0,0,0,0,0,0,0,20260402,20261212
007657,0,0,0,0,0,0,0,20260402,20261212
007658,0,0,0,0,0,0,0,20260402,20261212
007659,0,0,0,0,0,0,0,20260402,20261212
007660,0,0,0,0,0,0,0,20260402,20261212
007661,0,0,0,0,0,0,0,20260402,20261212
007662,0,0,0,0,0,0,0,20260402,20261212
007663,0,0,0,0,0,0,0,20260402,20261212
007664,0,0,0,0,0,0,0,20260402,20261212
007665,0,0,0,0,0,0,0,20260402,20261212
007666,0,0,0,0,0,0,0,20260402,20261212
007667,0,0,0,0,0,0,0,20260402,20261212
007668,0,0,0,0,0,0,0,20260402,20261212
007669,0,0,0,0,0,0,0,20260402,20261212
007670,0,0,0,0,0,0,0,20260402,20261212
007671,0,0,0,0,0,0,0,20260402,20261212
007672,0,0,0,0,0,0,0,20260402,20261212
007673,0,0,0,0,0,0,0,20260402,20261212
007674,0,0,0,0,0,0,0,20260402,20261212
007675,0,0,0,0,0,0,0,20260402,20261212
007676,0,0,0,0,0,0,0,20260402,20261212
007677,0,0,0,0,0,0,0,20260402,20261212
007678,0,0,0,0,0,0,0,20260402,20261212
007679,0,0,0,0,0,0,0,20260402,20261212
007680,0,0,0,0,0,0,0,20260402,20261212
007681,0,0,0,0,0,0,0,20260402,20261212
007682,0,0,0,0,0,0,0,20260402,20261212
007683,0,0,0,0,0,0,0,20260402,20261212
007684,0,0,0,0,0,0,0,20260402,20261212
007685,0,0,0,0,0,0,0,20260402,20261212
007686,0,0,0,0,0,0,0,20260402,20261212
007687,0,0,0,0,0,0,0,20260402,20261212
007688,0,0,0,0,0,0,0,20260402,20261212
007689,0,0,0,0,0,0,0,20260402,20261212
007690,0,0,0,0,0,0,0,20260402,20261212
007691,0,0,0,0,0,0,0,20260402,20261212
007692,0,0,0,0,0,0,0,20260402,20261212
007693,0,0,0,0,0,0,0,20260402,20261212
007694,0,0,0,0,0,0,0,20260402,20261212
007695,0,0,0,0,0,0,0,20260402,20261212
007696,0,0,0,0,0,0,0,20260402,20261212
007697,0,0,0,0,0,0,0,20260402,20261212
007698,0,0,0,0,0,0,0,20260402,20261212
007699,0,0,0,0,0,0,0,20260402,20261212
007700,0,0,0,0,0,0,0,20260402,20261212
007701,0,0,0,0,0,0,0,20260402,20261212
007702,0,0,0,0,0,0,0,20260402,20261212
007703,0,0,0,0,0,0,0,20260402,20261212
007704,0,0,0,0,0,0,0,20260402,20261212
007705,0,0,0,0,0,0,0,20260402,20261212
007706,0,0,0,0,0,0,0,20260402,20261212
007707,0,0,0,0,0,0,0,20260402,20261212
007708,0,0,0,0,0,0,0,20260402,20261212
007709,0,0,0,0,0,0,0,20260402,20261212
007710,0,0,0,0,0,0,0,20260402,20261212
007711,0,0,0,0,0,0,0,20260402,20261212
007712,0,0,0,0,0,0,0,20260402,20261212
007713,0,0,0,0,0,0,0,20260402,20261212
007714,0,0,0,0,0,0,0,20260402,20261212
007715,0,0,0,0,0,0,0,20260402,20261212
007716,0,0,0,0,0,0,0,20260402,20261212
007717,0,0,0,0,0,0,0,20260402,20261212
007718,0,0,0,0,0,0,0,20260402,20261212
007719,0,0,0,0,0,0,0,20260402,20261212
007720,0,0,0,0,0,0,0,20260402,20261212
007721,0,0,0,0,0,0,0,20260402,20261212
007722,0,0,0,0,0,0,0,20260402,20261212
007723,0,0,0,0,0,0,0,20260402,20261212
007724,0,0,0,0,0,0,0,20260402,20261212
007725,0,0,0,0,0,0,0,20260402,20261212
007726,0,0,0,0,0,0,0,20260402,20261212
007727,0,0,0,0,0,0,0,20260402,20261212
007728,0,0,0,0,0,0,0,20260402,20261212
007729,0,0,0,0,0,0,0,20260402,20261212
007730,0,0,0,0,0,0,0,20260402,20261212
007731,0,0,0,0,0,0,0,20260402,20261212
007732,0,0,0,0,0,0,0,20260402,20261212
007733,0,0,0,0,0,0,0,20260402,20261212
007734,0,0,0,0,0,0,0,20260402,20261212
007735,0,0,0,0,0,0,0,20260402,20261212
007736,0,0,0,0,0,0,0,20260402,20261212
007737,0,0,0,0,0,0,0,20260402,20261212
007738,0,0,0,0,0,0,0,20260402,20261212
007739,0,0,0,0,0,0,0,20260402,20261212
007740,0,0,0,0,0,0,0,20260402,20261212
007741,0,0,0,0,0,0,0,20260402,20261212
007742,0,0,0,0,0,0,0,20260402,20261212
007743,0,0,0,0,0,0,0,20260402,20261212
007744,0,0,0,0,0,0,0,20260402,20261212
007745,0,0,0,0,0,0,0,20260402,20261212
007746,0,0,0,0,0,0,0,20260402,20261212
007747,0,0,0,0,0,0,0,20260402,20261212
007748,0,0,0,0,0,0,0,20260402,20261212
007749,0,0,0,0,0,0,0,20260402,20261212
007751,0,0,0,0,0,0,0,20260402,20261212
007752,0,0,0,0,0,0,0,20260402,20261212
007753,0,0,0,0,0,0,0,20260402,20261212
007754,0,0,0,0,0,0,0,20260402,20261212
007755,0,0,0,0,0,0,0,20260402,20261212
007756,0,0,0,0,0,0,0,20260402,20261212
007757,0,0,0,0,0,0,0,20260402,20261212
007758,0,0,0,0,0,0,0,20260402,20261212
007759,0,0,0,0,0,0,0,20260402,20261212
007760,0,0,0,0,0,0,0,20260402,20261212
007761,0,0,0,0,0,0,0,20260402,20261212
007762,0,0,0,0,0,0,0,20260402,20261212
007763,0,0,0,0,0,0,0,20260402,20261212
007764,0,0,0,0,0,0,0,20260402,20261212
007765,0,0,0,0,0,0,0,20260402,20261212
007766,0,0,0,0,0,0,0,20260402,20261212
007767,0,0,0,0,0,0,0,20260402,20261212
007769,0,0,0,0,0,0,0,20260402,20261212
007770,0,0,0,0,0,0,0,20260402,20261212
007773,0,0,0,0,0,0,0,20260402,20261212
007774,0,0,0,0,0,0,0,20260402,20261212
007775,0,0,0,0,0,0,0,20260402,20261212
007776,0,0,0,0,0,0,0,20260402,20261212
007777,0,0,0,0,0,0,0,20260402,20261212
007778,0,0,0,0,0,0,0,20260402,20261212
007779,0,0,0,0,0,0,0,20260402,20261212
007781,0,0,0,0,0,0,0,20260402,20261212
007782,0,0,0,0,0,0,0,20260402,20261212
007783,0,0,0,0,0,0,0,20260402,20261212
007784,0,0,0,0,0,0,0,20260402,20261212
007785,0,0,0,0,0,0,0,20260402,20261212
007786,0,0,0,0,0,0,0,20260402,20261212
007787,0,0,0,0,0,0,0,20260402,20261212
007788,0,0,0,0,0,0,0,20260402,20261212
007789,0,0,0,0,0,0,0,20260402,20261212
007790,0,0,0,0,0,0,0,20260402,20261212
007791,0,0,0,0,0,0,0,20260402,20261212
007792,0,0,0,0,0,0,0,20260402,20261212
007793,0,0,0,0,0,0,0,20260402,20261212
007794,0,0,0,0,0,0,0,20260402,20261212
007795,0,0,0,0,0,0,0,20260402,20261212
007796,0,0,0,0,0,0,0,20260402,20261212
007798,0,0,0,0,0,0,0,20260402,20261212
007799,0,0,0,0,0,0,0,20260402,20261212
007800,0,0,0,0,0,0,0,20260402,20261212
007803,0,0,0,0,0,0,0,20260402,20261212
007804,0,0,0,0,0,0,0,20260402,20261212
007805,0,0,0,0,0,0,0,20260402,20261212
007806,0,0,0,0,0,0,0,20260402,20261212
007807,0,0,0,0,0,0,0,20260402,20261212
007808,0,0,0,0,0,0,0,20260402,20261212
007809,0,0,0,0,0,0,0,20260402,20261212
007810,0,0,0,0,0,0,0,20260402,20261212
007811,0,0,0,0,0,0,0,20260402,20261212
007812,0,0,0,0,0,0,0,20260402,20261212
007813,0,0,0,0,0,0,0,20260402,20261212
007814,0,0,0,0,0,0,0,20260402,20261212
007815,0,0,0,0,0,0,0,20260402,20261212
007816,0,0,0,0,0,0,0,20260402,20261212
007817,0,0,0,0,0,0,0,20260402,20261212
007818,0,0,0,0,0,0,0,20260402,20261212
007819,0,0,0,0,0,0,0,20260402,20261212
007820,0,0,0,0,0,0,0,20260402,20261212
007821,0,0,0,0,0,0,0,20260402,20261212
007822,0,0,0,0,0,0,0,20260402,20261212
007823,0,0,0,0,0,0,0,20260402,20261212
007824,0,0,0,0,0,0,0,20260402,20261212
007825,0,0,0,0,0,0,0,20260402,20261212
007826,0,0,0,0,0,0,0,20260402,20261212
007827,0,0,0,0,0,0,0,20260402,20261212
007828,0,0,0,0,0,0,0,20260402,20261212
007829,0,0,0,0,0,0,0,20260402,20261212
007830,0,0,0,0,0,0,0,20260402,20261212
007831,0,0,0,0,0,0,0,20260402,20261212
007832,0,0,0,0,0,0,0,20260402,20261212
007833,0,0,0,0,0,0,0,20260402,20261212
007834,0,0,0,0,0,0,0,20260402,20261212
007835,0,0,0,0,0,0,0,20260402,20261212
007836,0,0,0,0,0,0,0,20260402,20261212
007837,0,0,0,0,0,0,0,20260402,20261212
007838,0,0,0,0,0,0,0,20260402,20261212
007839,0,0,0,0,0,0,0,20260402,20261212
007840,0,0,0,0,0,0,0,20260402,20261212
007841,0,0,0,0,0,0,0,20260402,20261212
007842,0,0,0,0,0,0,0,20260402,20261212
007843,0,0,0,0,0,0,0,20260402,20261212
007844,0,0,0,0,0,0,0,20260402,20261212
007845,0,0,0,0,0,0,0,20260402,20261212
007846,0,0,0,0,0,0,0,20260402,20261212
007847,0,0,0,0,0,0,0,20260402,20261212
007848,0,0,0,0,0,0,0,20260402,20261212
007849,0,0,0,0,0,0,0,20260402,20261212
007850,0,0,0,0,0,0,0,20260402,20261212
007851,0,0,0,0,0,0,0,20260402,20261212
007852,0,0,0,0,0,0,0,20260402,20261212
007853,0,0,0,0,0,0,0,20260402,20261212
007854,0,0,0,0,0,0,0,20260402,20261212
007855,0,0,0,0,0,0,0,20260402,20261212
007856,0,0,0,0,0,0,0,20260402,20261212
007857,0,0,0,0,0,0,0,20260402,20261212
007858,0,0,0,0,0,0,0,20260402,20261212
007859,0,0,0,0,0,0,0,20260402,20261212
007860,0,0,0,0,0,0,0,20260402,20261212
007861,0,0,0,0,0,0,0,20260402,20261212
007862,0,0,0,0,0,0,0,20260402,20261212
007863,0,0,0,0,0,0,0,20260402,20261212
007864,0,0,0,0,0,0,0,20260402,20261212
007865,0,0,0,0,0,0,0,20260402,20261212
007866,0,0,0,0,0,0,0,20260402,20261212
007867,0,0,0,0,0,0,0,20260402,20261212
007868,0,0,0,0,0,0,0,20260402,20261212
007869,0,0,0,0,0,0,0,20260402,20261212
007870,0,0,0,0,0,0,0,20260402,20261212
007871,0,0,0,0,0,0,0,20260402,20261212
007872,0,0,0,0,0,0,0,20260402,20261212
007873,0,0,0,0,0,0,0,20260402,20261212
007874,0,0,0,0,0,0,0,20260402,20261212
007875,0,0,0,0,0,0,0,20260402,20261212
007876,0,0,0,0,0,0,0,20260402,20261212
007877,0,0,0,0,0,0,0,20260402,20261212
007878,0,0,0,0,0,0,0,20260402,20261212
007879,0,0,0,0,0,0,0,20260402,20261212
007880,0,0,0,0,0,0,0,20260402,20261212
007881,0,0,0,0,0,0,0,20260402,20261212
007882,0,0,0,0,0,0,0,20260402,20261212
007883,0,0,0,0,0,0,0,20260402,20261212
007884,0,0,0,0,0,0,0,20260402,20261212
007885,0,0,0,0,0,0,0,20260402,20261212
007886,0,0,0,0,0,0,0,20260402,20261212
007887,0,0,0,0,0,0,0,20260402,20261212
007888,0,0,0,0,0,0,0,20260402,20261212
007889,0,0,0,0,0,0,0,20260402,20261212
007890,0,0,0,0,0,0,0,20260402,20261212
007891,0,0,0,0,0,0,0,20260402,20261212
007892,0,0,0,0,0,0,0,20260402,20261212
007893,0,0,0,0,0,0,0,20260402,20261212
007894,0,0,0,0,0,0,0,20260402,20261212
007895,0,0,0,0,0,0,0,20260402,20261212
007896,0,0,0,0,0,0,0,20260402,20261212
007897,0,0,0,0,0,0,0,20260402,20261212
007898,0,0,0,0,0,0,0,20260402,20261212
007899,0,0,0,0,0,0,0,20260402,20261212
007900,0,0,0,0,0,0,0,20260402,20261212
007901,0,0,0,0,0,0,0,20260402,20261212
007902,0,0,0,0,0,0,0,20260402,20261212
007903,0,0,0,0,0,0,0,20260402,20261212
007904,0,0,0,0,0,0,0,20260402,20261212
007905,0,0,0,0,0,0,0,20260402,20261212
007906,0,0,0,0,0,0,0,20260402,20261212
007907,0,0,0,0,0,0,0,20260402,20261212
007908,0,0,0,0,0,0,0,20260402,20261212
007909,0,0,0,0,0,0,0,20260402,20261212
007910,0,0,0,0,0,0,0,20260402,20261212
007911,0,0,0,0,0,0,0,20260402,20261212
007912,0,0,0,0,0,0,0,20260402,20261212
007913,0,0,0,0,0,0,0,20260402,20261212
007914,0,0,0,0,0,0,0,20260402,20261212
007915,0,0,0,0,0,0,0,20260402,20261212
007916,0,0,0,0,0,0,0,20260402,20261212
007917,0,0,0,0,0,0,0,20260402,20261212
007918,0,0,0,0,0,0,0,20260402,20261212
007919,0,0,0,0,0,0,0,20260402,20261212
007920,0,0,0,0,0,0,0,20260402,20261212
007921,0,0,0,0,0,0,0,20260402,20261212
007922,0,0,0,0,0,0,0,20260402,20261212
007923,0,0,0,0,0,0,0,20260402,20261212
007924,0,0,0,0,0,0,0,20260402,20261212
007925,0,0,0,0,0,0,0,20260402,20261212
007926,0,0,0,0,0,0,0,20260402,20261212
007927,0,0,0,0,0,0,0,20260402,20261212
007928,0,0,0,0,0,0,0,20260402,20261212
007929,0,0,0,0,0,0,0,20260402,20261212
007930,0,0,0,0,0,0,0,20260402,20261212
007931,0,0,0,0,0,0,0,20260402,20261212
007932,0,0,0,0,0,0,0,20260402,20261212
007933,0,0,0,0,0,0,0,20260402,20261212
007934,0,0,0,0,0,0,0,20260402,20261212
007935,0,0,0,0,0,0,0,20260402,20261212
007936,0,0,0,0,0,0,0,20260402,20261212
007937,0,0,0,0,0,0,0,20260402,20261212
007938,0,0,0,0,0,0,0,20260402,20261212
007939,0,0,0,0,0,0,0,20260402,20261212
007940,0,0,0,0,0,0,0,20260402,20261212
007941,0,0,0,0,0,0,0,20260402,20261212
007942,0,0,0,0,0,0,0,20260402,20261212
007943,0,0,0,0,0,0,0,20260402,20261212
007944,0,0,0,0,0,0,0,20260402,20261212
007945,0,0,0,0,0,0,0,20260402,20261212
007946,0,0,0,0,0,0,0,20260402,20261212
007947,0,0,0,0,0,0,0,20260402,20261212
007948,0,0,0,0,0,0,0,20260402,20261212
007949,0,0,0,0,0,0,0,20260402,20261212
007950,0,0,0,0,0,0,0,20260402,20261212
007951,0,0,0,0,0,0,0,20260402,20261212
007952,0,0,0,0,0,0,0,20260402,20261212
007953,0,0,0,0,0,0,0,20260402,20261212
007954,0,0,0,0,0,0,0,20260402,20261212
007955,0,0,0,0,0,0,0,20260402,20261212
007956,0,0,0,0,0,0,0,20260402,20261212
007957,0,0,0,0,0,0,0,20260402,20261212
007958,0,0,0,0,0,0,0,20260402,20261212
007959,0,0,0,0,0,0,0,20260402,20261212
007960,0,0,0,0,0,0,0,20260402,20261212
007961,0,0,0,0,0,0,0,20260402,20261212
007962,0,0,0,0,0,0,0,20260402,20261212
007963,0,0,0,0,0,0,0,20260402,20261212
007964,0,0,0,0,0,0,0,20260402,20261212
007965,0,0,0,0,0,0,0,20260402,20261212
007966,0,0,0,0,0,0,0,20260402,20261212
007967,0,0,0,0,0,0,0,20260402,20261212
007968,0,0,0,0,0,0,0,20260402,20261212
007969,0,0,0,0,0,0,0,20260402,20261212
007970,0,0,0,0,0,0,0,20260402,20261212
007971,0,0,0,0,0,0,0,20260402,20261212
007972,0,0,0,0,0,0,0,20260402,20261212
007973,0,0,0,0,0,0,0,20260402,20261212
007974,0,0,0,0,0,0,0,20260402,20261212
007975,0,0,0,0,0,0,0,20260402,20261212
007976,0,0,0,0,0,0,0,20260402,20261212
007977,0,0,0,0,0,0,0,20260402,20261212
007978,0,0,0,0,0,0,0,20260402,20261212
007979,0,0,0,0,0,0,0,20260402,20261212
007980,0,0,0,0,0,0,0,20260402,20261212
007981,0,0,0,0,0,0,0,20260402,20261212
007982,0,0,0,0,0,0,0,20260402,20261212
007983,0,0,0,0,0,0,0,20260402,20261212
007984,0,0,0,0,0,0,0,20260402,20261212
007985,0,0,0,0,0,0,0,20260402,20261212
007986,0,0,0,0,0,0,0,20260402,20261212
007987,0,0,0,0,0,0,0,20260402,20261212
007988,0,0,0,0,0,0,0,20260402,20261212
007989,0,0,0,0,0,0,0,20260402,20261212
007990,0,0,0,0,0,0,0,20260402,20261212
007991,0,0,0,0,0,0,0,20260402,20261212
007992,0,0,0,0,0,0,0,20260402,20261212
007993,0,0,0,0,0,0,0,20260402,20261212
007994,0,0,0,0,0,0,0,20260402,20261212
007995,0,0,0,0,0,0,0,20260402,20261212
007996,0,0,0,0,0,0,0,20260402,20261212
007997,0,0,0,0,0,0,0,20260402,20261212
007998,0,0,0,0,0,0,0,20260402,20261212
007999,0,0,0,0,0,0,0,20260402,20261212
008000,0,0,0,0,0,0,0,20260402,20261212
008001,0,0,0,0,0,0,0,20260402,20261212
008002,0,0,0,0,0,0,0,20260402,20261212
008003,0,0,0,0,0,0,0,20260402,20261212
008004,0,0,0,0,0,0,0,20260402,20261212
008005,0,0,0,0,0,0,0,20260402,20261212
008006,0,0,0,0,0,0,0,20260402,20261212
008007,0,0,0,0,0,0,0,20260402,20261212
008008,0,0,0,0,0,0,0,20260402,20261212
008009,0,0,0,0,0,0,0,20260402,20261212
008010,0,0,0,0,0,0,0,20260402,20261212
008011,0,0,0,0,0,0,0,20260402,20261212
008012,0,0,0,0,0,0,0,20260402,20261212
008013,0,0,0,0,0,0,0,20260402,20261212
008014,0,0,0,0,0,0,0,20260402,20261212
008015,0,0,0,0,0,0,0,20260402,20261212
008016,0,0,0,0,0,0,0,20260402,20261212
008017,0,0,0,0,0,0,0,20260402,20261212
008018,0,0,0,0,0,0,0,20260402,20261212
008019,0,0,0,0,0,0,0,20260402,20261212
008020,0,0,0,0,0,0,0,20260402,20261212
008021,0,0,0,0,0,0,0,20260402,20261212
008022,0,0,0,0,0,0,0,20260402,20261212
008023,0,0,0,0,0,0,0,20260402,20261212
008024,0,0,0,0,0,0,0,20260402,20261212
008025,0,0,0,0,0,0,0,20260402,20261212
008026,0,0,0,0,0,0,0,20260402,20261212
008027,0,0,0,0,0,0,0,20260402,20261212
008028,0,0,0,0,0,0,0,20260402,20261212
008029,0,0,0,0,0,0,0,20260402,20261212
008030,0,0,0,0,0,0,0,20260402,20261212
008031,0,0,0,0,0,0,0,20260402,20261212
008032,0,0,0,0,0,0,0,20260402,20261212
008033,0,0,0,0,0,0,0,20260402,20261212
008034,0,0,0,0,0,0,0,20260402,20261212
008035,0,0,0,0,0,0,0,20260402,20261212
008036,0,0,0,0,0,0,0,20260402,20261212
008037,0,0,0,0,0,0,0,20260402,20261212
008038,0,0,0,0,0,0,0,20260402,20261212
008039,0,0,0,0,0,0,0,20260402,20261212
008040,0,0,0,0,0,0,0,20260402,20261212
008041,0,0,0,0,0,0,0,20260402,20261212
008042,0,0,0,0,0,0,0,20260402,20261212
008043,0,0,0,0,0,0,0,20260402,20261212
008044,0,0,0,0,0,0,0,20260402,20261212
008045,0,0,0,0,0,0,0,20260402,20261212
008046,0,0,0,0,0,0,0,20260402,20261212
008047,0,0,0,0,0,0,0,20260402,20261212
008048,0,0,0,0,0,0,0,20260402,20261212
008049,0,0,0,0,0,0,0,20260402,20261212
008050,0,0,0,0,0,0,0,20260402,20261212
008051,0,0,0,0,0,0,0,20260402,20261212
008052,0,0,0,0,0,0,0,20260402,20261212
008053,0,0,0,0,0,0,0,20260402,20261212
008054,0,0,0,0,0,0,0,20260402,20261212
008055,0,0,0,0,0,0,0,20260402,20261212
008056,0,0,0,0,0,0,0,20260402,20261212
008057,0,0,0,0,0,0,0,20260402,20261212
008058,0,0,0,0,0,0,0,20260402,20261212
008059,0,0,0,0,0,0,0,20260402,20261212
008060,0,0,0,0,0,0,0,20260402,20261212
008061,0,0,0,0,0,0,0,20260402,20261212
008062,0,0,0,0,0,0,0,20260402,20261212
008063,0,0,0,0,0,0,0,20260402,20261212
008064,0,0,0,0,0,0,0,20260402,20261212
008065,0,0,0,0,0,0,0,20260402,20261212
008066,0,0,0,0,0,0,0,20260402,20261212
008067,0,0,0,0,0,0,0,20260402,20261212
008068,0,0,0,0,0,0,0,20260402,20261212
008069,0,0,0,0,0,0,0,20260402,20261212
008070,0,0,0,0,0,0,0,20260402,20261212
008071,0,0,0,0,0,0,0,20260402,20261212
008072,0,0,0,0,0,0,0,20260402,20261212
008073,0,0,0,0,0,0,0,20260402,20261212
008074,0,0,0,0,0,0,0,20260402,20261212
008075,0,0,0,0,0,0,0,20260402,20261212
008076,0,0,0,0,0,0,0,20260402,20261212
008077,0,0,0,0,0,0,0,20260402,20261212
008078,0,0,0,0,0,0,0,20260402,20261212
008079,0,0,0,0,0,0,0,20260402,20261212
008080,0,0,0,0,0,0,0,20260402,20261212
008081,0,0,0,0,0,0,0,20260402,20261212
008082,0,0,0,0,0,0,0,20260402,20261212
008083,0,0,0,0,0,0,0,20260402,20261212
008084,0,0,0,0,0,0,0,20260402,20261212
008085,0,0,0,0,0,0,0,20260402,20261212
008086,0,0,0,0,0,0,0,20260402,20261212
008087,0,0,0,0,0,0,0,20260402,20261212
008088,0,0,0,0,0,0,0,20260402,20261212
008089,0,0,0,0,0,0,0,20260402,20261212
008090,0,0,0,0,0,0,0,20260402,20261212
008091,0,0,0,0,0,0,0,20260402,20261212
008092,0,0,0,0,0,0,0,20260402,20261212
008093,0,0,0,0,0,0,0,20260402,20261212
008094,0,0,0,0,0,0,0,20260402,20261212
008095,0,0,0,0,0,0,0,20260402,20261212
008096,0,0,0,0,0,0,0,20260402,20261212
008097,0,0,0,0,0,0,0,20260402,20261212
008098,0,0,0,0,0,0,0,20260402,20261212
008099,0,0,0,0,0,0,0,20260402,20261212
008100,0,0,0,0,0,0,0,20260402,20261212
008101,0,0,0,0,0,0,0,20260402,20261212
008102,0,0,0,0,0,0,0,20260402,20261212
008103,0,0,0,0,0,0,0,20260402,20261212
008104,0,0,0,0,0,0,0,20260402,20261212
008105,0,0,0,0,0,0,0,20260402,20261212
008106,0,0,0,0,0,0,0,20260402,20261212
008107,0,0,0,0,0,0,0,20260402,20261212
008108,0,0,0,0,0,0,0,20260402,20261212
008109,0,0,0,0,0,0,0,20260402,20261212
008110,0,0,0,0,0,0,0,20260402,20261212
008111,0,0,0,0,0,0,0,20260402,20261212
008112,0,0,0,0,0,0,0,20260402,20261212
008113,0,0,0,0,0,0,0,20260402,20261212
008114,0,0,0,0,0,0,0,20260402,20261212
008115,0,0,0,0,0,0,0,20260402,20261212
008116,0,0,0,0,0,0,0,20260402,20261212
008117,0,0,0,0,0,0,0,20260402,20261212
008118,0,0,0,0,0,0,0,20260402,20261212
008119,0,0,0,0,0,0,0,20260402,20261212
008120,0,0,0,0,0,0,0,20260402,20261212
008121,0,0,0,0,0,0,0,20260402,20261212
008122,0,0,0,0,0,0,0,20260402,20261212
008123,0,0,0,0,0,0,0,20260402,20261212
008124,0,0,0,0,0,0,0,20260402,20261212
008125,0,0,0,0,0,0,0,20260402,20261212
008126,0,0,0,0,0,0,0,20260402,20261212
008127,0,0,0,0,0,0,0,20260402,20261212
008128,0,0,0,0,0,0,0,20260402,20261212
008129,0,0,0,0,0,0,0,20260402,20261212
008130,0,0,0,0,0,0,0,20260402,20261212
008131,0,0,0,0,0,0,0,20260402,20261212
008132,0,0,0,0,0,0,0,20260402,20261212
008133,0,0,0,0,0,0,0,20260402,20261212
008134,0,0,0,0,0,0,0,20260402,20261212
008135,0,0,0,0,0,0,0,20260402,20261212
008136,0,0,0,0,0,0,0,20260402,20261212
008137,0,0,0,0,0,0,0,20260402,20261212
008138,0,0,0,0,0,0,0,20260402,20261212
008139,0,0,0,0,0,0,0,20260402,20261212
008140,0,0,0,0,0,0,0,20260402,20261212
008141,0,0,0,0,0,0,0,20260402,20261212
008142,0,0,0,0,0,0,0,20260402,20261212
008143,0,0,0,0,0,0,0,20260402,20261212
008144,0,0,0,0,0,0,0,20260402,20261212
008145,0,0,0,0,0,0,0,20260402,20261212
008146,0,0,0,0,0,0,0,20260402,20261212
008147,0,0,0,0,0,0,0,20260402,20261212
008148,0,0,0,0,0,0,0,20260402,20261212
008149,0,0,0,0,0,0,0,20260402,20261212
008150,0,0,0,0,0,0,0,20260402,20261212
008151,0,0,0,0,0,0,0,20260402,20261212
008152,0,0,0,0,0,0,0,20260402,20261212
008153,0,0,0,0,0,0,0,20260402,20261212
008154,0,0,0,0,0,0,0,20260402,20261212
008155,0,0,0,0,0,0,0,20260402,20261212
008156,0,0,0,0,0,0,0,20260402,20261212
008157,0,0,0,0,0,0,0,20260402,20261212
008158,0,0,0,0,0,0,0,20260402,20261212
008159,0,0,0,0,0,0,0,20260402,20261212
008160,0,0,0,0,0,0,0,20260402,20261212
008161,0,0,0,0,0,0,0,20260402,20261212
008162,0,0,0,0,0,0,0,20260402,20261212
008163,0,0,0,0,0,0,0,20260402,20261212
008164,0,0,0,0,0,0,0,20260402,20261212
008165,0,0,0,0,0,0,0,20260402,20261212
008166,0,0,0,0,0,0,0,20260402,20261212
008167,0,0,0,0,0,0,0,20260402,20261212
008168,0,0,0,0,0,0,0,20260402,20261212
008169,0,0,0,0,0,0,0,20260402,20261212
008170,0,0,0,0,0,0,0,20260402,20261212
008171,0,0,0,0,0,0,0,20260402,20261212
008172,0,0,0,0,0,0,0,20260402,20261212
008173,0,0,0,0,0,0,0,20260402,20261212
008174,0,0,0,0,0,0,0,20260402,20261212
008175,0,0,0,0,0,0,0,20260402,20261212
008176,0,0,0,0,0,0,0,20260402,20261212
008177,0,0,0,0,0,0,0,20260402,20261212
008178,0,0,0,0,0,0,0,20260402,20261212
008179,0,0,0,0,0,0,0,20260402,20261212
008180,0,0,0,0,0,0,0,20260402,20261212
008181,0,0,0,0,0,0,0,20260402,20261212
008182,0,0,0,0,0,0,0,20260402,20261212
008183,0,0,0,0,0,0,0,20260402,20261212
008184,0,0,0,0,0,0,0,20260402,20261212
008185,0,0,0,0,0,0,0,20260402,20261212
008186,0,0,0,0,0,0,0,20260402,20261212
008187,0,0,0,0,0,0,0,20260402,20261212
008188,0,0,0,0,0,0,0,20260402,20261212
008189,0,0,0,0,0,0,0,20260402,20261212
008190,0,0,0,0,0,0,0,20260402,20261212
008191,0,0,0,0,0,0,0,20260402,20261212
008192,0,0,0,0,0,0,0,20260402,20261212
008193,0,0,0,0,0,0,0,20260402,20261212
008194,0,0,0,0,0,0,0,20260402,20261212
008195,0,0,0,0,0,0,0,20260402,20261212
008196,0,0,0,0,0,0,0,20260402,20261212
008197,0,0,0,0,0,0,0,20260402,20261212
008198,0,0,0,0,0,0,0,20260402,20261212
008199,0,0,0,0,0,0,0,20260402,20261212
008200,0,0,0,0,0,0,0,20260402,20261212
008201,0,0,0,0,0,0,0,20260402,20261212
008202,0,0,0,0,0,0,0,20260402,20261212
008203,0,0,0,0,0,0,0,20260402,20261212
008204,0,0,0,0,0,0,0,20260402,20261212
008205,0,0,0,0,0,0,0,20260402,20261212
008206,0,0,0,0,0,0,0,20260402,20261212
008207,0,0,0,0,0,0,0,20260402,20261212
008208,0,0,0,0,0,0,0,20260402,20261212
008209,0,0,0,0,0,0,0,20260402,20261212
008210,0,0,0,0,0,0,0,20260402,20261212
008211,0,0,0,0,0,0,0,20260402,20261212
008212,0,0,0,0,0,0,0,20260402,20261212
008213,0,0,0,0,0,0,0,20260402,20261212
008214,0,0,0,0,0,0,0,20260402,20261212
008215,0,0,0,0,0,0,0,20260402,20261212
008216,0,0,0,0,0,0,0,20260402,20261212
008217,0,0,0,0,0,0,0,20260402,20261212
008218,0,0,0,0,0,0,0,20260402,20261212
008219,0,0,0,0,0,0,0,20260402,20261212
008220,0,0,0,0,0,0,0,20260402,20261212
008221,0,0,0,0,0,0,0,20260402,20261212
008222,0,0,0,0,0,0,0,20260402,20261212
008223,0,0,0,0,0,0,0,20260402,20261212
008224,0,0,0,0,0,0,0,20260402,20261212
008227,0,0,0,0,0,0,0,20260402,20261212
008229,0,0,0,0,0,0,0,20260402,20261212
008230,0,0,0,0,0,0,0,20260402,20261212
008231,0,0,0,0,0,0,0,20260402,20261212
008232,0,0,0,0,0,0,0,20260402,20261212
008233,0,0,0,0,0,0,0,20260402,20261212
008234,0,0,0,0,0,0,0,20260402,20261212
008235,0,0,0,0,0,0,0,20260402,20261212
008236,0,0,0,0,0,0,0,20260402,20261212
008237,0,0,0,0,0,0,0,20260402,20261212
008238,0,0,0,0,0,0,0,20260402,20261212
008239,0,0,0,0,0,0,0,20260402,20261212
008240,0,0,0,0,0,0,0,20260402,20261212
008241,0,0,0,0,0,0,0,20260402,20261212
008242,0,0,0,0,0,0,0,20260402,20261212
008243,0,0,0,0,0,0,0,20260402,20261212
008244,0,0,0,0,0,0,0,20260402,20261212
008245,0,0,0,0,0,0,0,20260402,20261212
008246,0,0,0,0,0,0,0,20260402,20261212
008247,0,0,0,0,0,0,0,20260402,20261212
008248,0,0,0,0,0,0,0,20260402,20261212
008249,0,0,0,0,0,0,0,20260402,20261212
008250,0,0,0,0,0,0,0,20260402,20261212
008251,0,0,0,0,0,0,0,20260402,20261212
008252,0,0,0,0,0,0,0,20260402,20261212
008253,0,0,0,0,0,0,0,20260402,20261212
008254,0,0,0,0,0,0,0,20260402,20261212
008255,0,0,0,0,0,0,0,20260402,20261212
008256,0,0,0,0,0,0,0,20260402,20261212
008257,0,0,0,0,0,0,0,20260402,20261212
008258,0,0,0,0,0,0,0,20260402,20261212
008259,0,0,0,0,0,0,0,20260402,20261212
008260,0,0,0,0,0,0,0,20260402,20261212
008261,0,0,0,0,0,0,0,20260402,20261212
008262,0,0,0,0,0,0,0,20260402,20261212
008263,0,0,0,0,0,0,0,20260402,20261212
008264,0,0,0,0,0,0,0,20260402,20261212
008265,0,0,0,0,0,0,0,20260402,20261212
008266,0,0,0,0,0,0,0,20260402,20261212
008267,0,0,0,0,0,0,0,20260402,20261212
008268,0,0,0,0,0,0,0,20260402,20261212
008269,0,0,0,0,0,0,0,20260402,20261212
008270,0,0,0,0,0,0,0,20260402,20261212
008271,0,0,0,0,0,0,0,20260402,20261212
008272,0,0,0,0,0,0,0,20260402,20261212
008273,0,0,0,0,0,0,0,20260402,20261212
008274,0,0,0,0,0,0,0,20260402,20261212
008275,0,0,0,0,0,0,0,20260402,20261212
008276,0,0,0,0,0,0,0,20260402,20261212
008277,0,0,0,0,0,0,0,20260402,20261212
008278,0,0,0,0,0,0,0,20260402,20261212
008279,0,0,0,0,0,0,0,20260402,20261212
008280,0,0,0,0,0,0,0,20260402,20261212
008281,0,0,0,0,0,0,0,20260402,20261212
008282,0,0,0,0,0,0,0,20260402,20261212
008283,0,0,0,0,0,0,0,20260402,20261212
008284,0,0,0,0,0,0,0,20260402,20261212
008285,0,0,0,0,0,0,0,20260402,20261212
008286,0,0,0,0,0,0,0,20260402,20261212
008287,0,0,0,0,0,0,0,20260402,20261212
008288,0,0,0,0,0,0,0,20260402,20261212
008289,0,0,0,0,0,0,0,20260402,20261212
008290,0,0,0,0,0,0,0,20260402,20261212
008291,0,0,0,0,0,0,0,20260402,20261212
008292,0,0,0,0,0,0,0,20260402,20261212
008293,0,0,0,0,0,0,0,20260402,20261212
008294,0,0,0,0,0,0,0,20260402,20261212
008295,0,0,0,0,0,0,0,20260402,20261212
008296,0,0,0,0,0,0,0,20260402,20261212
008297,0,0,0,0,0,0,0,20260402,20261212
008298,0,0,0,0,0,0,0,20260402,20261212
008299,0,0,0,0,0,0,0,20260402,20261212
008300,0,0,0,0,0,0,0,20260402,20261212
008301,0,0,0,0,0,0,0,20260402,20261212
008302,0,0,0,0,0,0,0,20260402,20261212
008303,0,0,0,0,0,0,0,20260402,20261212
008304,0,0,0,0,0,0,0,20260402,20261212
008305,0,0,0,0,0,0,0,20260402,20261212
008306,0,0,0,0,0,0,0,20260402,20261212
008307,0,0,0,0,0,0,0,20260402,20261212
008308,0,0,0,0,0,0,0,20260402,20261212
008309,0,0,0,0,0,0,0,20260402,20261212
008310,0,0,0,0,0,0,0,20260402,20261212
008311,0,0,0,0,0,0,0,20260402,20261212
008312,0,0,0,0,0,0,0,20260402,20261212
008313,0,0,0,0,0,0,0,20260402,20261212
008314,0,0,0,0,0,0,0,20260402,20261212
008315,0,0,0,0,0,0,0,20260402,20261212
008316,0,0,0,0,0,0,0,20260402,20261212
008317,0,0,0,0,0,0,0,20260402,20261212
008318,0,0,0,0,0,0,0,20260402,20261212
008319,0,0,0,0,0,0,0,20260402,20261212
008320,0,0,0,0,0,0,0,20260402,20261212
008321,0,0,0,0,0,0,0,20260402,20261212
008322,0,0,0,0,0,0,0,20260402,20261212
008323,0,0,0,0,0,0,0,20260402,20261212
008324,0,0,0,0,0,0,0,20260402,20261212
008325,0,0,0,0,0,0,0,20260402,20261212
008326,0,0,0,0,0,0,0,20260402,20261212
008327,0,0,0,0,0,0,0,20260402,20261212
008328,0,0,0,0,0,0,0,20260402,20261212
008329,0,0,0,0,0,0,0,20260402,20261212
008330,0,0,0,0,0,0,0,20260402,20261212
008331,0,0,0,0,0,0,0,20260402,20261212
008332,0,0,0,0,0,0,0,20260402,20261212
008333,0,0,0,0,0,0,0,20260402,20261212
008334,0,0,0,0,0,0,0,20260402,20261212
008335,0,0,0,0,0,0,0,20260402,20261212
008336,0,0,0,0,0,0,0,20260402,20261212
008337,0,0,0,0,0,0,0,20260402,20261212
008338,0,0,0,0,0,0,0,20260402,20261212
008339,0,0,0,0,0,0,0,20260402,20261212
008340,0,0,0,0,0,0,0,20260402,20261212
008341,0,0,0,0,0,0,0,20260402,20261212
008342,0,0,0,0,0,0,0,20260402,20261212
008343,0,0,0,0,0,0,0,20260402,20261212
008344,0,0,0,0,0,0,0,20260402,20261212
008345,0,0,0,0,0,0,0,20260402,20261212
008346,0,0,0,0,0,0,0,20260402,20261212
008347,0,0,0,0,0,0,0,20260402,20261212
008348,0,0,0,0,0,0,0,20260402,20261212
008349,0,0,0,0,0,0,0,20260402,20261212
008350,0,0,0,0,0,0,0,20260402,20261212
008351,0,0,0,0,0,0,0,20260402,20261212
008352,0,0,0,0,0,0,0,20260402,20261212
008353,0,0,0,0,0,0,0,20260402,20261212
008354,0,0,0,0,0,0,0,20260402,20261212
008355,0,0,0,0,0,0,0,20260402,20261212
008356,0,0,0,0,0,0,0,20260402,20261212
008357,0,0,0,0,0,0,0,20260402,20261212
008358,0,0,0,0,0,0,0,20260402,20261212
008359,0,0,0,0,0,0,0,20260402,20261212
008360,0,0,0,0,0,0,0,20260402,20261212
008361,0,0,0,0,0,0,0,20260402,20261212
008362,0,0,0,0,0,0,0,20260402,20261212
008363,0,0,0,0,0,0,0,20260402,20261212
008364,0,0,0,0,0,0,0,20260402,20261212
008365,0,0,0,0,0,0,0,20260402,20261212
008366,0,0,0,0,0,0,0,20260402,20261212
008367,0,0,0,0,0,0,0,20260402,20261212
008368,0,0,0,0,0,0,0,20260402,20261212
008369,0,0,0,0,0,0,0,20260402,20261212
008370,0,0,0,0,0,0,0,20260402,20261212
008371,0,0,0,0,0,0,0,20260402,20261212
008372,0,0,0,0,0,0,0,20260402,20261212
008373,0,0,0,0,0,0,0,20260402,20261212
008374,0,0,0,0,0,0,0,20260402,20261212
008375,0,0,0,0,0,0,0,20260402,20261212
008376,0,0,0,0,0,0,0,20260402,20261212
008377,0,0,0,0,0,0,0,20260402,20261212
008378,0,0,0,0,0,0,0,20260402,20261212
008379,0,0,0,0,0,0,0,20260402,20261212
008380,0,0,0,0,0,0,0,20260402,20261212
008381,0,0,0,0,0,0,0,20260402,20261212
008382,0,0,0,0,0,0,0,20260402,20261212
008383,0,0,0,0,0,0,0,20260402,20261212
008384,0,0,0,0,0,0,0,20260402,20261212
008385,0,0,0,0,0,0,0,20260402,20261212
008386,0,0,0,0,0,0,0,20260402,20261212
008387,0,0,0,0,0,0,0,20260402,20261212
008388,0,0,0,0,0,0,0,20260402,20261212
008389,0,0,0,0,0,0,0,20260402,20261212
008390,0,0,0,0,0,0,0,20260402,20261212
008391,0,0,0,0,0,0,0,20260402,20261212
008392,0,0,0,0,0,0,0,20260402,20261212
008393,0,0,0,0,0,0,0,20260402,20261212
008394,0,0,0,0,0,0,0,20260402,20261212
008395,0,0,0,0,0,0,0,20260402,20261212
008396,0,0,0,0,0,0,0,20260402,20261212
008397,0,0,0,0,0,0,0,20260402,20261212
008398,0,0,0,0,0,0,0,20260402,20261212
008399,0,0,0,0,0,0,0,20260402,20261212
008400,0,0,0,0,0,0,0,20260402,20261212
008401,0,0,0,0,0,0,0,20260402,20261212
008402,0,0,0,0,0,0,0,20260402,20261212
008403,0,0,0,0,0,0,0,20260402,20261212
008404,0,0,0,0,0,0,0,20260402,20261212
008405,0,0,0,0,0,0,0,20260402,20261212
008406,0,0,0,0,0,0,0,20260402,20261212
008407,0,0,0,0,0,0,0,20260402,20261212
008408,0,0,0,0,0,0,0,20260402,20261212
008409,0,0,0,0,0,0,0,20260402,20261212
008410,0,0,0,0,0,0,0,20260402,20261212
008411,0,0,0,0,0,0,0,20260402,20261212
008412,0,0,0,0,0,0,0,20260402,20261212
008413,0,0,0,0,0,0,0,20260402,20261212
008414,0,0,0,0,0,0,0,20260402,20261212
008415,0,0,0,0,0,0,0,20260402,20261212
008416,0,0,0,0,0,0,0,20260402,20261212
008417,0,0,0,0,0,0,0,20260402,20261212
008418,0,0,0,0,0,0,0,20260402,20261212
008419,0,0,0,0,0,0,0,20260402,20261212
008420,0,0,0,0,0,0,0,20260402,20261212
008421,0,0,0,0,0,0,0,20260402,20261212
008422,0,0,0,0,0,0,0,20260402,20261212
008423,0,0,0,0,0,0,0,20260402,20261212
008424,0,0,0,0,0,0,0,20260402,20261212
008425,0,0,0,0,0,0,0,20260402,20261212
008426,0,0,0,0,0,0,0,20260402,20261212
008427,0,0,0,0,0,0,0,20260402,20261212
008428,0,0,0,0,0,0,0,20260402,20261212
008429,0,0,0,0,0,0,0,20260402,20261212
008430,0,0,0,0,0,0,0,20260402,20261212
008431,0,0,0,0,0,0,0,20260402,20261212
008432,0,0,0,0,0,0,0,20260402,20261212
008433,0,0,0,0,0,0,0,20260402,20261212
008434,0,0,0,0,0,0,0,20260402,20261212
008435,0,0,0,0,0,0,0,20260402,20261212
008436,0,0,0,0,0,0,0,20260402,20261212
008437,0,0,0,0,0,0,0,20260402,20261212
008438,0,0,0,0,0,0,0,20260402,20261212
008439,0,0,0,0,0,0,0,20260402,20261212
008440,0,0,0,0,0,0,0,20260402,20261212
008441,0,0,0,0,0,0,0,20260402,20261212
008442,0,0,0,0,0,0,0,20260402,20261212
008443,0,0,0,0,0,0,0,20260402,20261212
008444,0,0,0,0,0,0,0,20260402,20261212
008445,0,0,0,0,0,0,0,20260402,20261212
008446,0,0,0,0,0,0,0,20260402,20261212
008447,0,0,0,0,0,0,0,20260402,20261212
008448,0,0,0,0,0,0,0,20260402,20261212
008449,0,0,0,0,0,0,0,20260402,20261212
008450,0,0,0,0,0,0,0,20260402,20261212
008451,0,0,0,0,0,0,0,20260402,20261212
008452,0,0,0,0,0,0,0,20260402,20261212
008453,0,0,0,0,0,0,0,20260402,20261212
008454,0,0,0,0,0,0,0,20260402,20261212
008455,0,0,0,0,0,0,0,20260402,20261212
008456,0,0,0,0,0,0,0,20260402,20261212
008457,0,0,0,0,0,0,0,20260402,20261212
008458,0,0,0,0,0,0,0,20260402,20261212
008459,0,0,0,0,0,0,0,20260402,20261212
008460,0,0,0,0,0,0,0,20260402,20261212
008461,0,0,0,0,0,0,0,20260402,20261212
008462,0,0,0,0,0,0,0,20260402,20261212
008463,0,0,0,0,0,0,0,20260402,20261212
008464,0,0,0,0,0,0,0,20260402,20261212
008465,0,0,0,0,0,0,0,20260402,20261212
008466,0,0,0,0,0,0,0,20260402,20261212
008467,0,0,0,0,0,0,0,20260402,20261212
008468,0,0,0,0,0,0,0,20260402,20261212
008469,0,0,0,0,0,0,0,20260402,20261212
008470,0,0,0,0,0,0,0,20260402,20261212
008471,0,0,0,0,0,0,0,20260402,20261212
008472,0,0,0,0,0,0,0,20260402,20261212
008473,0,0,0,0,0,0,0,20260402,20261212
008474,0,0,0,0,0,0,0,20260402,20261212
008475,0,0,0,0,0,0,0,20260402,20261212
008476,0,0,0,0,0,0,0,20260402,20261212
008477,0,0,0,0,0,0,0,20260402,20261212
008478,0,0,0,0,0,0,0,20260402,20261212
008479,0,0,0,0,0,0,0,20260402,20261212
008480,0,0,0,0,0,0,0,20260402,20261212
008481,0,0,0,0,0,0,0,20260402,20261212
008482,0,0,0,0,0,0,0,20260402,20261212
008483,0,0,0,0,0,0,0,20260402,20261212
008484,0,0,0,0,0,0,0,20260402,20261212
008485,0,0,0,0,0,0,0,20260402,20261212
008486,0,0,0,0,0,0,0,20260402,20261212
008487,0,0,0,0,0,0,0,20260402,20261212
008488,0,0,0,0,0,0,0,20260402,20261212
008489,0,0,0,0,0,0,0,20260402,20261212
008490,0,0,0,0,0,0,0,20260402,20261212
008491,0,0,0,0,0,0,0,20260402,20261212
008492,0,0,0,0,0,0,0,20260402,20261212
008493,0,0,0,0,0,0,0,20260402,20261212
008494,0,0,0,0,0,0,0,20260402,20261212
008495,0,0,0,0,0,0,0,20260402,20261212
008496,0,0,0,0,0,0,0,20260402,20261212
008497,0,0,0,0,0,0,0,20260402,20261212
008498,0,0,0,0,0,0,0,20260402,20261212
008499,0,0,0,0,0,0,0,20260402,20261212
008500,0,0,0,0,0,0,0,20260402,20261212
008501,0,0,0,0,0,0,0,20260402,20261212
008502,0,0,0,0,0,0,0,20260402,20261212
008503,0,0,0,0,0,0,0,20260402,20261212
008504,0,0,0,0,0,0,0,20260402,20261212
008505,0,0,0,0,0,0,0,20260402,20261212
008506,0,0,0,0,0,0,0,20260402,20261212
008507,0,0,0,0,0,0,0,20260402,20261212
008508,0,0,0,0,0,0,0,20260402,20261212
008509,0,0,0,0,0,0,0,20260402,20261212
008510,0,0,0,0,0,0,0,20260402,20261212
008511,0,0,0,0,0,0,0,20260402,20261212
008512,0,0,0,0,0,0,0,20260402,20261212
008513,0,0,0,0,0,0,0,20260402,20261212
008514,0,0,0,0,0,0,0,20260402,20261212
008515,0,0,0,0,0,0,0,20260402,20261212
008516,0,0,0,0,0,0,0,20260402,20261212
008517,0,0,0,0,0,0,0,20260402,20261212
008518,0,0,0,0,0,0,0,20260402,20261212
008519,0,0,0,0,0,0,0,20260402,20261212
008520,0,0,0,0,0,0,0,20260402,20261212
008521,0,0,0,0,0,0,0,20260402,20261212
008522,0,0,0,0,0,0,0,20260402,20261212
008523,0,0,0,0,0,0,0,20260402,20261212
008524,0,0,0,0,0,0,0,20260402,20261212
008525,0,0,0,0,0,0,0,20260402,20261212
008526,0,0,0,0,0,0,0,20260402,20261212
008527,0,0,0,0,0,0,0,20260402,20261212
008528,0,0,0,0,0,0,0,20260402,20261212
008529,0,0,0,0,0,0,0,20260402,20261212
008530,0,0,0,0,0,0,0,20260402,20261212
008531,0,0,0,0,0,0,0,20260402,20261212
008532,0,0,0,0,0,0,0,20260402,20261212
008533,0,0,0,0,0,0,0,20260402,20261212
008534,0,0,0,0,0,0,0,20260402,20261212
008535,0,0,0,0,0,0,0,20260402,20261212
008536,0,0,0,0,0,0,0,20260402,20261212
008537,0,0,0,0,0,0,0,20260402,20261212
008538,0,0,0,0,0,0,0,20260402,20261212
008539,0,0,0,0,0,0,0,20260402,20261212
008540,0,0,0,0,0,0,0,20260402,20261212
008541,0,0,0,0,0,0,0,20260402,20261212
008542,0,0,0,0,0,0,0,20260402,20261212
008543,0,0,0,0,0,0,0,20260402,20261212
008544,0,0,0,0,0,0,0,20260402,20261212
008545,0,0,0,0,0,0,0,20260402,20261212
008546,0,0,0,0,0,0,0,20260402,20261212
008547,0,0,0,0,0,0,0,20260402,20261212
008548,0,0,0,0,0,0,0,20260402,20261212
008549,0,0,0,0,0,0,0,20260402,20261212
008550,0,0,0,0,0,0,0,20260402,20261212
008551,0,0,0,0,0,0,0,20260402,20261212
008552,0,0,0,0,0,0,0,20260402,20261212
008553,0,0,0,0,0,0,0,20260402,20261212
008554,0,0,0,0,0,0,0,20260402,20261212
008555,0,0,0,0,0,0,0,20260402,20261212
008556,0,0,0,0,0,0,0,20260402,20261212
008557,0,0,0,0,0,0,0,20260402,20261212
008558,0,0,0,0,0,0,0,20260402,20261212
008559,0,0,0,0,0,0,0,20260402,20261212
008560,0,0,0,0,0,0,0,20260402,20261212
008561,0,0,0,0,0,0,0,20260402,20261212
008562,0,0,0,0,0,0,0,20260402,20261212
008563,0,0,0,0,0,0,0,20260402,20261212
008564,0,0,0,0,0,0,0,20260402,20261212
008565,0,0,0,0,0,0,0,20260402,20261212
008566,0,0,0,0,0,0,0,20260402,20261212
008567,0,0,0,0,0,0,0,20260402,20261212
008568,0,0,0,0,0,0,0,20260402,20261212
008569,0,0,0,0,0,0,0,20260402,20261212
008570,0,0,0,0,0,0,0,20260402,20261212
008571,0,0,0,0,0,0,0,20260402,20261212
008572,0,0,0,0,0,0,0,20260402,20261212
008573,0,0,0,0,0,0,0,20260402,20261212
008574,0,0,0,0,0,0,0,20260402,20261212
008575,0,0,0,0,0,0,0,20260402,20261212
008576,0,0,0,0,0,0,0,20260402,20261212
008577,0,0,0,0,0,0,0,20260402,20261212
008578,0,0,0,0,0,0,0,20260402,20261212
008579,0,0,0,0,0,0,0,20260402,20261212
008580,0,0,0,0,0,0,0,20260402,20261212
008581,0,0,0,0,0,0,0,20260402,20261212
008582,0,0,0,0,0,0,0,20260402,20261212
008583,0,0,0,0,0,0,0,20260402,20261212
008584,0,0,0,0,0,0,0,20260402,20261212
008585,0,0,0,0,0,0,0,20260402,20261212
008586,0,0,0,0,0,0,0,20260402,20261212
008587,0,0,0,0,0,0,0,20260402,20261212
008588,0,0,0,0,0,0,0,20260402,20261212
008589,0,0,0,0,0,0,0,20260402,20261212
008590,0,0,0,0,0,0,0,20260402,20261212
008591,0,0,0,0,0,0,0,20260402,20261212
008592,0,0,0,0,0,0,0,20260402,20261212
008593,0,0,0,0,0,0,0,20260402,20261212
008594,0,0,0,0,0,0,0,20260402,20261212
008595,0,0,0,0,0,0,0,20260402,20261212
008596,0,0,0,0,0,0,0,20260402,20261212
008597,0,0,0,0,0,0,0,20260402,20261212
008598,0,0,0,0,0,0,0,20260402,20261212
008599,0,0,0,0,0,0,0,20260402,20261212
008600,0,0,0,0,0,0,0,20260402,20261212
008601,0,0,0,0,0,0,0,20260402,20261212
008602,0,0,0,0,0,0,0,20260402,20261212
008603,0,0,0,0,0,0,0,20260402,20261212
008604,0,0,0,0,0,0,0,20260402,20261212
008605,0,0,0,0,0,0,0,20260402,20261212
008606,0,0,0,0,0,0,0,20260402,20261212
008607,0,0,0,0,0,0,0,20260402,20261212
008608,0,0,0,0,0,0,0,20260402,20261212
008609,0,0,0,0,0,0,0,20260402,20261212
008610,0,0,0,0,0,0,0,20260402,20261212
008611,0,0,0,0,0,0,0,20260402,20261212
008612,0,0,0,0,0,0,0,20260402,20261212
008613,0,0,0,0,0,0,0,20260402,20261212
008614,0,0,0,0,0,0,0,20260402,20261212
008615,0,0,0,0,0,0,0,20260402,20261212
008616,0,0,0,0,0,0,0,20260402,20261212
008617,0,0,0,0,0,0,0,20260402,20261212
008618,0,0,0,0,0,0,0,20260402,20261212
008619,0,0,0,0,0,0,0,20260402,20261212
008620,0,0,0,0,0,0,0,20260402,20261212
008621,0,0,0,0,0,0,0,20260402,20261212
008622,0,0,0,0,0,0,0,20260402,20261212
008623,0,0,0,0,0,0,0,20260402,20261212
008624,0,0,0,0,0,0,0,20260402,20261212
008625,0,0,0,0,0,0,0,20260402,20261212
008626,0,0,0,0,0,0,0,20260402,20261212
008627,0,0,0,0,0,0,0,20260402,20261212
008628,0,0,0,0,0,0,0,20260402,20261212
008629,0,0,0,0,0,0,0,20260402,20261212
008630,0,0,0,0,0,0,0,20260402,20261212
008631,0,0,0,0,0,0,0,20260402,20261212
008632,0,0,0,0,0,0,0,20260402,20261212
008633,0,0,0,0,0,0,0,20260402,20261212
008634,0,0,0,0,0,0,0,20260402,20261212
008635,0,0,0,0,0,0,0,20260402,20261212
008636,0,0,0,0,0,0,0,20260402,20261212
008637,0,0,0,0,0,0,0,20260402,20261212
008638,0,0,0,0,0,0,0,20260402,20261212
008639,0,0,0,0,0,0,0,20260402,20261212
008640,0,0,0,0,0,0,0,20260402,20261212
008641,0,0,0,0,0,0,0,20260402,20261212
008642,0,0,0,0,0,0,0,20260402,20261212
008643,0,0,0,0,0,0,0,20260402,20261212
008644,0,0,0,0,0,0,0,20260402,20261212
008645,0,0,0,0,0,0,0,20260402,20261212
008646,0,0,0,0,0,0,0,20260402,20261212
008647,0,0,0,0,0,0,0,20260402,20261212
008648,0,0,0,0,0,0,0,20260402,20261212
008649,0,0,0,0,0,0,0,20260402,20261212
008650,0,0,0,0,0,0,0,20260402,20261212
008651,0,0,0,0,0,0,0,20260402,20261212
008652,0,0,0,0,0,0,0,20260402,20261212
008653,0,0,0,0,0,0,0,20260402,20261212
008654,0,0,0,0,0,0,0,20260402,20261212
008655,0,0,0,0,0,0,0,20260402,20261212
008656,0,0,0,0,0,0,0,20260402,20261212
008657,0,0,0,0,0,0,0,20260402,20261212
008658,0,0,0,0,0,0,0,20260402,20261212
008659,0,0,0,0,0,0,0,20260402,20261212
008660,0,0,0,0,0,0,0,20260402,20261212
008661,0,0,0,0,0,0,0,20260402,20261212
008662,0,0,0,0,0,0,0,20260402,20261212
008663,0,0,0,0,0,0,0,20260402,20261212
008664,0,0,0,0,0,0,0,20260402,20261212
008665,0,0,0,0,0,0,0,20260402,20261212
008666,0,0,0,0,0,0,0,20260402,20261212
008667,0,0,0,0,0,0,0,20260402,20261212
008668,0,0,0,0,0,0,0,20260402,20261212
008669,0,0,0,0,0,0,0,20260402,20261212
008670,0,0,0,0,0,0,0,20260402,20261212
008671,0,0,0,0,0,0,0,20260402,20261212
008672,0,0,0,0,0,0,0,20260402,20261212
008673,0,0,0,0,0,0,0,20260402,20261212
008674,0,0,0,0,0,0,0,20260402,20261212
008675,0,0,0,0,0,0,0,20260402,20261212
008676,0,0,0,0,0,0,0,20260402,20261212
008677,0,0,0,0,0,0,0,20260402,20261212
008678,0,0,0,0,0,0,0,20260402,20261212
008679,0,0,0,0,0,0,0,20260402,20261212
008680,0,0,0,0,0,0,0,20260402,20261212
008681,0,0,0,0,0,0,0,20260402,20261212
008682,0,0,0,0,0,0,0,20260402,20261212
008683,0,0,0,0,0,0,0,20260402,20261212
008684,0,0,0,0,0,0,0,20260402,20261212
008685,0,0,0,0,0,0,0,20260402,20261212
008686,0,0,0,0,0,0,0,20260402,20261212
008687,0,0,0,0,0,0,0,20260402,20261212
008688,0,0,0,0,0,0,0,20260402,20261212
008689,0,0,0,0,0,0,0,20260402,20261212
008690,0,0,0,0,0,0,0,20260402,20261212
008691,0,0,0,0,0,0,0,20260402,20261212
008692,0,0,0,0,0,0,0,20260402,20261212
008693,0,0,0,0,0,0,0,20260402,20261212
008694,0,0,0,0,0,0,0,20260402,20261212
008695,0,0,0,0,0,0,0,20260402,20261212
008696,0,0,0,0,0,0,0,20260402,20261212
008697,0,0,0,0,0,0,0,20260402,20261212
008698,0,0,0,0,0,0,0,20260402,20261212
008699,0,0,0,0,0,0,0,20260402,20261212
008700,0,0,0,0,0,0,0,20260402,20261212
008701,0,0,0,0,0,0,0,20260402,20261212
008702,0,0,0,0,0,0,0,20260402,20261212
008703,0,0,0,0,0,0,0,20260402,20261212
008704,0,0,0,0,0,0,0,20260402,20261212
008705,0,0,0,0,0,0,0,20260402,20261212
008706,0,0,0,0,0,0,0,20260402,20261212
008707,0,0,0,0,0,0,0,20260402,20261212
008708,0,0,0,0,0,0,0,20260402,20261212
008709,0,0,0,0,0,0,0,20260402,20261212
008710,0,0,0,0,0,0,0,20260402,20261212
008711,0,0,0,0,0,0,0,20260402,20261212
008712,0,0,0,0,0,0,0,20260402,20261212
008713,0,0,0,0,0,0,0,20260402,20261212
008714,0,0,0,0,0,0,0,20260402,20261212
008715,0,0,0,0,0,0,0,20260402,20261212
008716,0,0,0,0,0,0,0,20260402,20261212
008717,0,0,0,0,0,0,0,20260402,20261212
008718,0,0,0,0,0,0,0,20260402,20261212
008719,0,0,0,0,0,0,0,20260402,20261212
008720,0,0,0,0,0,0,0,20260402,20261212
008721,0,0,0,0,0,0,0,20260402,20261212
008722,0,0,0,0,0,0,0,20260402,20261212
008723,0,0,0,0,0,0,0,20260402,20261212
008724,0,0,0,0,0,0,0,20260402,20261212
008725,0,0,0,0,0,0,0,20260402,20261212
008726,0,0,0,0,0,0,0,20260402,20261212
008727,0,0,0,0,0,0,0,20260402,20261212
008728,0,0,0,0,0,0,0,20260402,20261212
008729,0,0,0,0,0,0,0,20260402,20261212
008730,0,0,0,0,0,0,0,20260402,20261212
008731,0,0,0,0,0,0,0,20260402,20261212
008732,0,0,0,0,0,0,0,20260402,20261212
008733,0,0,0,0,0,0,0,20260402,20261212
008734,0,0,0,0,0,0,0,20260402,20261212
008735,0,0,0,0,0,0,0,20260402,20261212
008736,0,0,0,0,0,0,0,20260402,20261212
008737,0,0,0,0,0,0,0,20260402,20261212
008738,0,0,0,0,0,0,0,20260402,20261212
008739,0,0,0,0,0,0,0,20260402,20261212
008740,0,0,0,0,0,0,0,20260402,20261212
008741,0,0,0,0,0,0,0,20260402,20261212
008742,0,0,0,0,0,0,0,20260402,20261212
008743,0,0,0,0,0,0,0,20260402,20261212
008744,0,0,0,0,0,0,0,20260402,20261212
008745,0,0,0,0,0,0,0,20260402,20261212
008746,0,0,0,0,0,0,0,20260402,20261212
008747,0,0,0,0,0,0,0,20260402,20261212
008748,0,0,0,0,0,0,0,20260402,20261212
008749,0,0,0,0,0,0,0,20260402,20261212
008750,0,0,0,0,0,0,0,20260402,20261212
008751,0,0,0,0,0,0,0,20260402,20261212
008752,0,0,0,0,0,0,0,20260402,20261212
008753,0,0,0,0,0,0,0,20260402,20261212
008754,0,0,0,0,0,0,0,20260402,20261212
008755,0,0,0,0,0,0,0,20260402,20261212
008756,0,0,0,0,0,0,0,20260402,20261212
008757,0,0,0,0,0,0,0,20260402,20261212
008758,0,0,0,0,0,0,0,20260402,20261212
008759,0,0,0,0,0,0,0,20260402,20261212
008760,0,0,0,0,0,0,0,20260402,20261212
008761,0,0,0,0,0,0,0,20260402,20261212
008762,0,0,0,0,0,0,0,20260402,20261212
008763,0,0,0,0,0,0,0,20260402,20261212
008764,0,0,0,0,0,0,0,20260402,20261212
008765,0,0,0,0,0,0,0,20260402,20261212
008766,0,0,0,0,0,0,0,20260402,20261212
008767,0,0,0,0,0,0,0,20260402,20261212
008768,0,0,0,0,0,0,0,20260402,20261212
008769,0,0,0,0,0,0,0,20260402,20261212
008770,0,0,0,0,0,0,0,20260402,20261212
008771,0,0,0,0,0,0,0,20260402,20261212
008772,0,0,0,0,0,0,0,20260402,20261212
008773,0,0,0,0,0,0,0,20260402,20261212
008774,0,0,0,0,0,0,0,20260402,20261212
008775,0,0,0,0,0,0,0,20260402,20261212
008776,0,0,0,0,0,0,0,20260402,20261212
008777,0,0,0,0,0,0,0,20260402,20261212
008778,0,0,0,0,0,0,0,20260402,20261212
008779,0,0,0,0,0,0,0,20260402,20261212
008780,0,0,0,0,0,0,0,20260402,20261212
008781,0,0,0,0,0,0,0,20260402,20261212
008782,0,0,0,0,0,0,0,20260402,20261212
008783,0,0,0,0,0,0,0,20260402,20261212
008784,0,0,0,0,0,0,0,20260402,20261212
008785,0,0,0,0,0,0,0,20260402,20261212
008786,0,0,0,0,0,0,0,20260402,20261212
008787,0,0,0,0,0,0,0,20260402,20261212
008788,0,0,0,0,0,0,0,20260402,20261212
008789,0,0,0,0,0,0,0,20260402,20261212
008790,0,0,0,0,0,0,0,20260402,20261212
008791,0,0,0,0,0,0,0,20260402,20261212
008792,0,0,0,0,0,0,0,20260402,20261212
008793,0,0,0,0,0,0,0,20260402,20261212
008794,0,0,0,0,0,0,0,20260402,20261212
008795,0,0,0,0,0,0,0,20260402,20261212
008796,0,0,0,0,0,0,0,20260402,20261212
008797,0,0,0,0,0,0,0,20260402,20261212
008798,0,0,0,0,0,0,0,20260402,20261212
008799,0,0,0,0,0,0,0,20260402,20261212
008800,0,0,0,0,0,0,0,20260402,20261212
008801,0,0,0,0,0,0,0,20260402,20261212
008802,0,0,0,0,0,0,0,20260402,20261212
008803,0,0,0,0,0,0,0,20260402,20261212
008804,0,0,0,0,0,0,0,20260402,20261212
008805,0,0,0,0,0,0,0,20260402,20261212
008806,0,0,0,0,0,0,0,20260402,20261212
008807,0,0,0,0,0,0,0,20260402,20261212
008808,0,0,0,0,0,0,0,20260402,20261212
008809,0,0,0,0,0,0,0,20260402,20261212
008810,0,0,0,0,0,0,0,20260402,20261212
008811,0,0,0,0,0,0,0,20260402,20261212
008812,0,0,0,0,0,0,0,20260402,20261212
008813,0,0,0,0,0,0,0,20260402,20261212
008814,0,0,0,0,0,0,0,20260402,20261212
008815,0,0,0,0,0,0,0,20260402,20261212
008816,0,0,0,0,0,0,0,20260402,20261212
008817,0,0,0,0,0,0,0,20260402,20261212
008818,0,0,0,0,0,0,0,20260402,20261212
008819,0,0,0,0,0,0,0,20260402,20261212
008820,0,0,0,0,0,0,0,20260402,20261212
008821,0,0,0,0,0,0,0,20260402,20261212
008822,0,0,0,0,0,0,0,20260402,20261212
008823,0,0,0,0,0,0,0,20260402,20261212
008824,0,0,0,0,0,0,0,20260402,20261212
008825,0,0,0,0,0,0,0,20260402,20261212
008826,0,0,0,0,0,0,0,20260402,20261212
008827,0,0,0,0,0,0,0,20260402,20261212
008828,0,0,0,0,0,0,0,20260402,20261212
008829,0,0,0,0,0,0,0,20260402,20261212
008830,0,0,0,0,0,0,0,20260402,20261212
008831,0,0,0,0,0,0,0,20260402,20261212
008832,0,0,0,0,0,0,0,20260402,20261212
008833,0,0,0,0,0,0,0,20260402,20261212
008834,0,0,0,0,0,0,0,20260402,20261212
008835,0,0,0,0,0,0,0,20260402,20261212
008836,0,0,0,0,0,0,0,20260402,20261212
008837,0,0,0,0,0,0,0,20260402,20261212
008838,0,0,0,0,0,0,0,20260402,20261212
008839,0,0,0,0,0,0,0,20260402,20261212
008840,0,0,0,0,0,0,0,20260402,20261212
008841,0,0,0,0,0,0,0,20260402,20261212
008842,0,0,0,0,0,0,0,20260402,20261212
008843,0,0,0,0,0,0,0,20260402,20261212
008844,0,0,0,0,0,0,0,20260402,20261212
008845,0,0,0,0,0,0,0,20260402,20261212
008846,0,0,0,0,0,0,0,20260402,20261212
008847,0,0,0,0,0,0,0,20260402,20261212
008848,0,0,0,0,0,0,0,20260402,20261212
008849,0,0,0,0,0,0,0,20260402,20261212
008850,0,0,0,0,0,0,0,20260402,20261212
008851,0,0,0,0,0,0,0,20260402,20261212
008852,0,0,0,0,0,0,0,20260402,20261212
008853,0,0,0,0,0,0,0,20260402,20261212
008854,0,0,0,0,0,0,0,20260402,20261212
008855,0,0,0,0,0,0,0,20260402,20261212
008856,0,0,0,0,0,0,0,20260402,20261212
008857,0,0,0,0,0,0,0,20260402,20261212
008858,0,0,0,0,0,0,0,20260402,20261212
008859,0,0,0,0,0,0,0,20260402,20261212
008860,0,0,0,0,0,0,0,20260402,20261212
008861,0,0,0,0,0,0,0,20260402,20261212
008862,0,0,0,0,0,0,0,20260402,20261212
008863,0,0,0,0,0,0,0,20260402,20261212
008864,0,0,0,0,0,0,0,20260402,20261212
008865,0,0,0,0,0,0,0,20260402,20261212
008866,0,0,0,0,0,0,0,20260402,20261212
008867,0,0,0,0,0,0,0,20260402,20261212
008868,0,0,0,0,0,0,0,20260402,20261212
008869,0,0,0,0,0,0,0,20260402,20261212
008870,0,0,0,0,0,0,0,20260402,20261212
008871,0,0,0,0,0,0,0,20260402,20261212
008872,0,0,0,0,0,0,0,20260402,20261212
008873,0,0,0,0,0,0,0,20260402,20261212
008874,0,0,0,0,0,0,0,20260402,20261212
008875,0,0,0,0,0,0,0,20260402,20261212
008876,0,0,0,0,0,0,0,20260402,20261212
008877,0,0,0,0,0,0,0,20260402,20261212
008878,0,0,0,0,0,0,0,20260402,20261212
008879,0,0,0,0,0,0,0,20260402,20261212
008880,0,0,0,0,0,0,0,20260402,20261212
008881,0,0,0,0,0,0,0,20260402,20261212
008882,0,0,0,0,0,0,0,20260402,20261212
008883,0,0,0,0,0,0,0,20260402,20261212
008884,0,0,0,0,0,0,0,20260402,20261212
008885,0,0,0,0,0,0,0,20260402,20261212
008886,0,0,0,0,0,0,0,20260402,20261212
008887,0,0,0,0,0,0,0,20260402,20261212
008888,0,0,0,0,0,0,0,20260402,20261212
008889,0,0,0,0,0,0,0,20260402,20261212
008890,0,0,0,0,0,0,0,20260402,20261212
008891,0,0,0,0,0,0,0,20260402,20261212
008892,0,0,0,0,0,0,0,20260402,20261212
008893,0,0,0,0,0,0,0,20260402,20261212
008894,0,0,0,0,0,0,0,20260402,20261212
008895,0,0,0,0,0,0,0,20260402,20261212
008896,0,0,0,0,0,0,0,20260402,20261212
008897,0,0,0,0,0,0,0,20260402,20261212
008898,0,0,0,0,0,0,0,20260402,20261212
008899,0,0,0,0,0,0,0,20260402,20261212
008900,0,0,0,0,0,0,0,20260402,20261212
008901,0,0,0,0,0,0,0,20260402,20261212
008902,0,0,0,0,0,0,0,20260402,20261212
008903,0,0,0,0,0,0,0,20260402,20261212
008904,0,0,0,0,0,0,0,20260402,20261212
008905,0,0,0,0,0,0,0,20260402,20261212
008906,0,0,0,0,0,0,0,20260402,20261212
008907,0,0,0,0,0,0,0,20260402,20261212
008908,0,0,0,0,0,0,0,20260402,20261212
008909,0,0,0,0,0,0,0,20260402,20261212
008910,0,0,0,0,0,0,0,20260402,20261212
008911,0,0,0,0,0,0,0,20260402,20261212
008912,0,0,0,0,0,0,0,20260402,20261212
008913,0,0,0,0,0,0,0,20260402,20261212
008914,0,0,0,0,0,0,0,20260402,20261212
008915,0,0,0,0,0,0,0,20260402,20261212
008916,0,0,0,0,0,0,0,20260402,20261212
008917,0,0,0,0,0,0,0,20260402,20261212
008918,0,0,0,0,0,0,0,20260402,20261212
008919,0,0,0,0,0,0,0,20260402,20261212
008920,0,0,0,0,0,0,0,20260402,20261212
008921,0,0,0,0,0,0,0,20260402,20261212
008922,0,0,0,0,0,0,0,20260402,20261212
008923,0,0,0,0,0,0,0,20260402,20261212
008924,0,0,0,0,0,0,0,20260402,20261212
008925,0,0,0,0,0,0,0,20260402,20261212
008926,0,0,0,0,0,0,0,20260402,20261212
008927,0,0,0,0,0,0,0,20260402,20261212
008928,0,0,0,0,0,0,0,20260402,20261212
008929,0,0,0,0,0,0,0,20260402,20261212
008930,0,0,0,0,0,0,0,20260402,20261212
008931,0,0,0,0,0,0,0,20260402,20261212
008932,0,0,0,0,0,0,0,20260402,20261212
008933,0,0,0,0,0,0,0,20260402,20261212
008934,0,0,0,0,0,0,0,20260402,20261212
008935,0,0,0,0,0,0,0,20260402,20261212
008936,0,0,0,0,0,0,0,20260402,20261212
008937,0,0,0,0,0,0,0,20260402,20261212
008938,0,0,0,0,0,0,0,20260402,20261212
008939,0,0,0,0,0,0,0,20260402,20261212
008940,0,0,0,0,0,0,0,20260402,20261212
008941,0,0,0,0,0,0,0,20260402,20261212
008942,0,0,0,0,0,0,0,20260402,20261212
008943,0,0,0,0,0,0,0,20260402,20261212
008944,0,0,0,0,0,0,0,20260402,20261212
008945,0,0,0,0,0,0,0,20260402,20261212
008946,0,0,0,0,0,0,0,20260402,20261212
008947,0,0,0,0,0,0,0,20260402,20261212
008948,0,0,0,0,0,0,0,20260402,20261212
008949,0,0,0,0,0,0,0,20260402,20261212
008950,0,0,0,0,0,0,0,20260402,20261212
008951,0,0,0,0,0,0,0,20260402,20261212
008952,0,0,0,0,0,0,0,20260402,20261212
008953,0,0,0,0,0,0,0,20260402,20261212
008954,0,0,0,0,0,0,0,20260402,20261212
008955,0,0,0,0,0,0,0,20260402,20261212
008956,0,0,0,0,0,0,0,20260402,20261212
008957,0,0,0,0,0,0,0,20260402,20261212
008958,0,0,0,0,0,0,0,20260402,20261212
008959,0,0,0,0,0,0,0,20260402,20261212
008960,0,0,0,0,0,0,0,20260402,20261212
008961,0,0,0,0,0,0,0,20260402,20261212
008962,0,0,0,0,0,0,0,20260402,20261212
008963,0,0,0,0,0,0,0,20260402,20261212
008964,0,0,0,0,0,0,0,20260402,20261212
008965,0,0,0,0,0,0,0,20260402,20261212
008966,0,0,0,0,0,0,0,20260402,20261212
008967,0,0,0,0,0,0,0,20260402,20261212
008968,0,0,0,0,0,0,0,20260402,20261212
008969,0,0,0,0,0,0,0,20260402,20261212
008970,0,0,0,0,0,0,0,20260402,20261212
008971,0,0,0,0,0,0,0,20260402,20261212
008972,0,0,0,0,0,0,0,20260402,20261212
008973,0,0,0,0,0,0,0,20260402,20261212
008974,0,0,0,0,0,0,0,20260402,20261212
008975,0,0,0,0,0,0,0,20260402,20261212
008976,0,0,0,0,0,0,0,20260402,20261212
008977,0,0,0,0,0,0,0,20260402,20261212
008978,0,0,0,0,0,0,0,20260402,20261212
008979,0,0,0,0,0,0,0,20260402,20261212
008980,0,0,0,0,0,0,0,20260402,20261212
008981,0,0,0,0,0,0,0,20260402,20261212
008982,0,0,0,0,0,0,0,20260402,20261212
008983,0,0,0,0,0,0,0,20260402,20261212
008984,0,0,0,0,0,0,0,20260402,20261212
008985,0,0,0,0,0,0,0,20260402,20261212
008986,0,0,0,0,0,0,0,20260402,20261212
008987,0,0,0,0,0,0,0,20260402,20261212
008988,0,0,0,0,0,0,0,20260402,20261212
008989,0,0,0,0,0,0,0,20260402,20261212
008990,0,0,0,0,0,0,0,20260402,20261212
008991,0,0,0,0,0,0,0,20260402,20261212
008992,0,0,0,0,0,0,0,20260402,20261212
008993,0,0,0,0,0,0,0,20260402,20261212
008994,0,0,0,0,0,0,0,20260402,20261212
008995,0,0,0,0,0,0,0,20260402,20261212
008996,0,0,0,0,0,0,0,20260402,20261212
008997,0,0,0,0,0,0,0,20260402,20261212
008998,0,0,0,0,0,0,0,20260402,20261212
008999,0,0,0,0,0,0,0,20260402,20261212
009000,0,0,0,0,0,0,0,20260402,20261212
009001,0,0,0,0,0,0,0,20260402,20261212
009002,0,0,0,0,0,0,0,20260402,20261212
009003,0,0,0,0,0,0,0,20260402,20261212
009004,0,0,0,0,0,0,0,20260402,20261212
009005,0,0,0,0,0,0,0,20260402,20261212
009006,0,0,0,0,0,0,0,20260402,20261212
009007,0,0,0,0,0,0,0,20260402,20261212
009008,0,0,0,0,0,0,0,20260402,20261212
009009,0,0,0,0,0,0,0,20260402,20261212
009010,0,0,0,0,0,0,0,20260402,20261212
009011,0,0,0,0,0,0,0,20260402,20261212
009012,0,0,0,0,0,0,0,20260402,20261212
009013,0,0,0,0,0,0,0,20260402,20261212
009014,0,0,0,0,0,0,0,20260402,20261212
009015,0,0,0,0,0,0,0,20260402,20261212
009016,0,0,0,0,0,0,0,20260402,20261212
009017,0,0,0,0,0,0,0,20260402,20261212
009018,0,0,0,0,0,0,0,20260402,20261212
009019,0,0,0,0,0,0,0,20260402,20261212
009020,0,0,0,0,0,0,0,20260402,20261212
009021,0,0,0,0,0,0,0,20260402,20261212
009022,0,0,0,0,0,0,0,20260402,20261212
009023,0,0,0,0,0,0,0,20260402,20261212
009024,0,0,0,0,0,0,0,20260402,20261212
009025,0,0,0,0,0,0,0,20260402,20261212
009026,0,0,0,0,0,0,0,20260402,20261212
009027,0,0,0,0,0,0,0,20260402,20261212
009028,0,0,0,0,0,0,0,20260402,20261212
009029,0,0,0,0,0,0,0,20260402,20261212
009030,0,0,0,0,0,0,0,20260402,20261212
009031,0,0,0,0,0,0,0,20260402,20261212
009032,0,0,0,0,0,0,0,20260402,20261212
009033,0,0,0,0,0,0,0,20260402,20261212
009034,0,0,0,0,0,0,0,20260402,20261212
009035,0,0,0,0,0,0,0,20260402,20261212
009036,0,0,0,0,0,0,0,20260402,20261212
009037,0,0,0,0,0,0,0,20260402,20261212
009038,0,0,0,0,0,0,0,20260402,20261212
009039,0,0,0,0,0,0,0,20260402,20261212
009040,0,0,0,0,0,0,0,20260402,20261212
009041,0,0,0,0,0,0,0,20260402,20261212
009042,0,0,0,0,0,0,0,20260402,20261212
009043,0,0,0,0,0,0,0,20260402,20261212
009044,0,0,0,0,0,0,0,20260402,20261212
009045,0,0,0,0,0,0,0,20260402,20261212
009046,0,0,0,0,0,0,0,20260402,20261212
009047,0,0,0,0,0,0,0,20260402,20261212
009048,0,0,0,0,0,0,0,20260402,20261212
009049,0,0,0,0,0,0,0,20260402,20261212
009050,0,0,0,0,0,0,0,20260402,20261212
009051,0,0,0,0,0,0,0,20260402,20261212
009052,0,0,0,0,0,0,0,20260402,20261212
009053,0,0,0,0,0,0,0,20260402,20261212
009054,0,0,0,0,0,0,0,20260402,20261212
009055,0,0,0,0,0,0,0,20260402,20261212
009056,0,0,0,0,0,0,0,20260402,20261212
009057,0,0,0,0,0,0,0,20260402,20261212
009058,0,0,0,0,0,0,0,20260402,20261212
009059,0,0,0,0,0,0,0,20260402,20261212
009060,0,0,0,0,0,0,0,20260402,20261212
009061,0,0,0,0,0,0,0,20260402,20261212
009062,0,0,0,0,0,0,0,20260402,20261212
009063,0,0,0,0,0,0,0,20260402,20261212
009064,0,0,0,0,0,0,0,20260402,20261212
009065,0,0,0,0,0,0,0,20260402,20261212
009066,0,0,0,0,0,0,0,20260402,20261212
009067,0,0,0,0,0,0,0,20260402,20261212
009068,0,0,0,0,0,0,0,20260402,20261212
009069,0,0,0,0,0,0,0,20260402,20261212
009070,0,0,0,0,0,0,0,20260402,20261212
009071,0,0,0,0,0,0,0,20260402,20261212
009072,0,0,0,0,0,0,0,20260402,20261212
009073,0,0,0,0,0,0,0,20260402,20261212
009074,0,0,0,0,0,0,0,20260402,20261212
009075,0,0,0,0,0,0,0,20260402,20261212
009076,0,0,0,0,0,0,0,20260402,20261212
009077,0,0,0,0,0,0,0,20260402,20261212
009078,0,0,0,0,0,0,0,20260402,20261212
009079,0,0,0,0,0,0,0,20260402,20261212
009080,0,0,0,0,0,0,0,20260402,20261212
009081,0,0,0,0,0,0,0,20260402,20261212
009082,0,0,0,0,0,0,0,20260402,20261212
009083,0,0,0,0,0,0,0,20260402,20261212
009084,0,0,0,0,0,0,0,20260402,20261212
009085,0,0,0,0,0,0,0,20260402,20261212
009086,0,0,0,0,0,0,0,20260402,20261212
009087,0,0,0,0,0,0,0,20260402,20261212
009088,0,0,0,0,0,0,0,20260402,20261212
009089,0,0,0,0,0,0,0,20260402,20261212
009090,0,0,0,0,0,0,0,20260402,20261212
009091,0,0,0,0,0,0,0,20260402,20261212
009092,0,0,0,0,0,0,0,20260402,20261212
009093,0,0,0,0,0,0,0,20260402,20261212
009094,0,0,0,0,0,0,0,20260402,20261212
009095,0,0,0,0,0,0,0,20260402,20261212
009096,0,0,0,0,0,0,0,20260402,20261212
009097,0,0,0,0,0,0,0,20260402,20261212
009098,0,0,0,0,0,0,0,20260402,20261212
009099,0,0,0,0,0,0,0,20260402,20261212
009100,0,0,0,0,0,0,0,20260402,20261212
009101,0,0,0,0,0,0,0,20260402,20261212
009102,0,0,0,0,0,0,0,20260402,20261212
009103,0,0,0,0,0,0,0,20260402,20261212
009104,0,0,0,0,0,0,0,20260402,20261212
009105,0,0,0,0,0,0,0,20260402,20261212
009106,0,0,0,0,0,0,0,20260402,20261212
009107,0,0,0,0,0,0,0,20260402,20261212
009108,0,0,0,0,0,0,0,20260402,20261212
009109,0,0,0,0,0,0,0,20260402,20261212
009110,0,0,0,0,0,0,0,20260402,20261212
009111,0,0,0,0,0,0,0,20260402,20261212
009112,0,0,0,0,0,0,0,20260402,20261212
009113,0,0,0,0,0,0,0,20260402,20261212
009114,0,0,0,0,0,0,0,20260402,20261212
009115,0,0,0,0,0,0,0,20260402,20261212
009116,0,0,0,0,0,0,0,20260402,20261212
009117,0,0,0,0,0,0,0,20260402,20261212
009118,0,0,0,0,0,0,0,20260402,20261212
009119,0,0,0,0,0,0,0,20260402,20261212
009120,0,0,0,0,0,0,0,20260402,20261212
009121,0,0,0,0,0,0,0,20260402,20261212
009122,0,0,0,0,0,0,0,20260402,20261212
009123,0,0,0,0,0,0,0,20260402,20261212
009124,0,0,0,0,0,0,0,20260402,20261212
009125,0,0,0,0,0,0,0,20260402,20261212
009126,0,0,0,0,0,0,0,20260402,20261212
009127,0,0,0,0,0,0,0,20260402,20261212
009128,0,0,0,0,0,0,0,20260402,20261212
009129,0,0,0,0,0,0,0,20260402,20261212
009130,0,0,0,0,0,0,0,20260402,20261212
009131,0,0,0,0,0,0,0,20260402,20261212
009132,0,0,0,0,0,0,0,20260402,20261212
009133,0,0,0,0,0,0,0,20260402,20261212
009134,0,0,0,0,0,0,0,20260402,20261212
009135,0,0,0,0,0,0,0,20260402,20261212
009136,0,0,0,0,0,0,0,20260402,20261212
009137,0,0,0,0,0,0,0,20260402,20261212
009138,0,0,0,0,0,0,0,20260402,20261212
009139,0,0,0,0,0,0,0,20260402,20261212
009140,0,0,0,0,0,0,0,20260402,20261212
009141,0,0,0,0,0,0,0,20260402,20261212
009142,0,0,0,0,0,0,0,20260402,20261212
009143,0,0,0,0,0,0,0,20260402,20261212
009144,0,0,0,0,0,0,0,20260402,20261212
009145,0,0,0,0,0,0,0,20260402,20261212
009146,0,0,0,0,0,0,0,20260402,20261212
009147,0,0,0,0,0,0,0,20260402,20261212
009148,0,0,0,0,0,0,0,20260402,20261212
009149,0,0,0,0,0,0,0,20260402,20261212
009150,0,0,0,0,0,0,0,20260402,20261212
009151,0,0,0,0,0,0,0,20260402,20261212
009152,0,0,0,0,0,0,0,20260402,20261212
009153,0,0,0,0,0,0,0,20260402,20261212
009154,0,0,0,0,0,0,0,20260402,20261212
009155,0,0,0,0,0,0,0,20260402,20261212
009156,0,0,0,0,0,0,0,20260402,20261212
009157,0,0,0,0,0,0,0,20260402,20261212
009158,0,0,0,0,0,0,0,20260402,20261212
009159,0,0,0,0,0,0,0,20260402,20261212
009160,0,0,0,0,0,0,0,20260402,20261212
009161,0,0,0,0,0,0,0,20260402,20261212
009162,0,0,0,0,0,0,0,20260402,20261212
009163,0,0,0,0,0,0,0,20260402,20261212
009164,0,0,0,0,0,0,0,20260402,20261212
009165,0,0,0,0,0,0,0,20260402,20261212
009166,0,0,0,0,0,0,0,20260402,20261212
009167,0,0,0,0,0,0,0,20260402,20261212
009168,0,0,0,0,0,0,0,20260402,20261212
009169,0,0,0,0,0,0,0,20260402,20261212
009170,0,0,0,0,0,0,0,20260402,20261212
009171,0,0,0,0,0,0,0,20260402,20261212
009172,0,0,0,0,0,0,0,20260402,20261212
009173,0,0,0,0,0,0,0,20260402,20261212
009174,0,0,0,0,0,0,0,20260402,20261212
009175,0,0,0,0,0,0,0,20260402,20261212
009176,0,0,0,0,0,0,0,20260402,20261212
009177,0,0,0,0,0,0,0,20260402,20261212
009178,0,0,0,0,0,0,0,20260402,20261212
009179,0,0,0,0,0,0,0,20260402,20261212
009180,0,0,0,0,0,0,0,20260402,20261212
009181,0,0,0,0,0,0,0,20260402,20261212
009182,0,0,0,0,0,0,0,20260402,20261212
009183,0,0,0,0,0,0,0,20260402,20261212
009184,0,0,0,0,0,0,0,20260402,20261212
009185,0,0,0,0,0,0,0,20260402,20261212
009186,0,0,0,0,0,0,0,20260402,20261212
009187,0,0,0,0,0,0,0,20260402,20261212
009188,0,0,0,0,0,0,0,20260402,20261212
009189,0,0,0,0,0,0,0,20260402,20261212
009190,0,0,0,0,0,0,0,20260402,20261212
009191,0,0,0,0,0,0,0,20260402,20261212
009192,0,0,0,0,0,0,0,20260402,20261212
009193,0,0,0,0,0,0,0,20260402,20261212
009194,0,0,0,0,0,0,0,20260402,20261212
009195,0,0,0,0,0,0,0,20260402,20261212
009196,0,0,0,0,0,0,0,20260402,20261212
009197,0,0,0,0,0,0,0,20260402,20261212
009198,0,0,0,0,0,0,0,20260402,20261212
009199,0,0,0,0,0,0,0,20260402,20261212
009200,0,0,0,0,0,0,0,20260402,20261212
009201,0,0,0,0,0,0,0,20260402,20261212
009202,0,0,0,0,0,0,0,20260402,20261212
009203,0,0,0,0,0,0,0,20260402,20261212
009204,0,0,0,0,0,0,0,20260402,20261212
009205,0,0,0,0,0,0,0,20260402,20261212
009206,0,0,0,0,0,0,0,20260402,20261212
009207,0,0,0,0,0,0,0,20260402,20261212
009208,0,0,0,0,0,0,0,20260402,20261212
009209,0,0,0,0,0,0,0,20260402,20261212
009210,0,0,0,0,0,0,0,20260402,20261212
009211,0,0,0,0,0,0,0,20260402,20261212
009212,0,0,0,0,0,0,0,20260402,20261212
009213,0,0,0,0,0,0,0,20260402,20261212
009214,0,0,0,0,0,0,0,20260402,20261212
009215,0,0,0,0,0,0,0,20260402,20261212
009216,0,0,0,0,0,0,0,20260402,20261212
009217,0,0,0,0,0,0,0,20260402,20261212
009218,0,0,0,0,0,0,0,20260402,20261212
009219,0,0,0,0,0,0,0,20260402,20261212
009220,0,0,0,0,0,0,0,20260402,20261212
009221,0,0,0,0,0,0,0,20260402,20261212
009222,0,0,0,0,0,0,0,20260402,20261212
009223,0,0,0,0,0,0,0,20260402,20261212
009224,0,0,0,0,0,0,0,20260402,20261212
009225,0,0,0,0,0,0,0,20260402,20261212
009226,0,0,0,0,0,0,0,20260402,20261212
009227,0,0,0,0,0,0,0,20260402,20261212
009228,0,0,0,0,0,0,0,20260402,20261212
009229,0,0,0,0,0,0,0,20260402,20261212
009230,0,0,0,0,0,0,0,20260402,20261212
009231,0,0,0,0,0,0,0,20260402,20261212
009232,0,0,0,0,0,0,0,20260402,20261212
009233,0,0,0,0,0,0,0,20260402,20261212
009234,0,0,0,0,0,0,0,20260402,20261212
009235,0,0,0,0,0,0,0,20260402,20261212
009236,0,0,0,0,0,0,0,20260402,20261212
009237,0,0,0,0,0,0,0,20260402,20261212
009238,0,0,0,0,0,0,0,20260402,20261212
009239,0,0,0,0,0,0,0,20260402,20261212
009240,0,0,0,0,0,0,0,20260402,20261212
009241,0,0,0,0,0,0,0,20260402,20261212
009242,0,0,0,0,0,0,0,20260402,20261212
009243,0,0,0,0,0,0,0,20260402,20261212
009244,0,0,0,0,0,0,0,20260402,20261212
009245,0,0,0,0,0,0,0,20260402,20261212
009246,0,0,0,0,0,0,0,20260402,20261212
009247,0,0,0,0,0,0,0,20260402,20261212
009248,0,0,0,0,0,0,0,20260402,20261212
009249,0,0,0,0,0,0,0,20260402,20261212
009250,0,0,0,0,0,0,0,20260402,20261212
009251,0,0,0,0,0,0,0,20260402,20261212
009252,0,0,0,0,0,0,0,20260402,20261212
009253,0,0,0,0,0,0,0,20260402,20261212
009254,0,0,0,0,0,0,0,20260402,20261212
009255,0,0,0,0,0,0,0,20260402,20261212
009256,0,0,0,0,0,0,0,20260402,20261212
009257,0,0,0,0,0,0,0,20260402,20261212
009258,0,0,0,0,0,0,0,20260402,20261212
009259,0,0,0,0,0,0,0,20260402,20261212
009260,0,0,0,0,0,0,0,20260402,20261212
009261,0,0,0,0,0,0,0,20260402,20261212
009262,0,0,0,0,0,0,0,20260402,20261212
009263,0,0,0,0,0,0,0,20260402,20261212
009264,0,0,0,0,0,0,0,20260402,20261212
009265,0,0,0,0,0,0,0,20260402,20261212
009266,0,0,0,0,0,0,0,20260402,20261212
009267,0,0,0,0,0,0,0,20260402,20261212
009268,0,0,0,0,0,0,0,20260402,20261212
009269,0,0,0,0,0,0,0,20260402,20261212
009270,0,0,0,0,0,0,0,20260402,20261212
009271,0,0,0,0,0,0,0,20260402,20261212
009272,0,0,0,0,0,0,0,20260402,20261212
009273,0,0,0,0,0,0,0,20260402,20261212
009274,0,0,0,0,0,0,0,20260402,20261212
009275,0,0,0,0,0,0,0,20260402,20261212
009276,0,0,0,0,0,0,0,20260402,20261212
009277,0,0,0,0,0,0,0,20260402,20261212
009278,0,0,0,0,0,0,0,20260402,20261212
009279,0,0,0,0,0,0,0,20260402,20261212
009280,0,0,0,0,0,0,0,20260402,20261212
009281,0,0,0,0,0,0,0,20260402,20261212
009282,0,0,0,0,0,0,0,20260402,20261212
009283,0,0,0,0,0,0,0,20260402,20261212
009284,0,0,0,0,0,0,0,20260402,20261212
009285,0,0,0,0,0,0,0,20260402,20261212
009286,0,0,0,0,0,0,0,20260402,20261212
009287,0,0,0,0,0,0,0,20260402,20261212
009288,0,0,0,0,0,0,0,20260402,20261212
009289,0,0,0,0,0,0,0,20260402,20261212
009290,0,0,0,0,0,0,0,20260402,20261212
009291,0,0,0,0,0,0,0,20260402,20261212
009292,0,0,0,0,0,0,0,20260402,20261212
009293,0,0,0,0,0,0,0,20260402,20261212
009294,0,0,0,0,0,0,0,20260402,20261212
009295,0,0,0,0,0,0,0,20260402,20261212
009296,0,0,0,0,0,0,0,20260402,20261212
009297,0,0,0,0,0,0,0,20260402,20261212
009298,0,0,0,0,0,0,0,20260402,20261212
009299,0,0,0,0,0,0,0,20260402,20261212
009300,0,0,0,0,0,0,0,20260402,20261212
009301,0,0,0,0,0,0,0,20260402,20261212
009302,0,0,0,0,0,0,0,20260402,20261212
009303,0,0,0,0,0,0,0,20260402,20261212
009304,0,0,0,0,0,0,0,20260402,20261212
009305,0,0,0,0,0,0,0,20260402,20261212
009306,0,0,0,0,0,0,0,20260402,20261212
009307,0,0,0,0,0,0,0,20260402,20261212
009308,0,0,0,0,0,0,0,20260402,20261212
009309,0,0,0,0,0,0,0,20260402,20261212
009310,0,0,0,0,0,0,0,20260402,20261212
009311,0,0,0,0,0,0,0,20260402,20261212
009312,0,0,0,0,0,0,0,20260402,20261212
009313,0,0,0,0,0,0,0,20260402,20261212
009314,0,0,0,0,0,0,0,20260402,20261212
009315,0,0,0,0,0,0,0,20260402,20261212
009316,0,0,0,0,0,0,0,20260402,20261212
009317,0,0,0,0,0,0,0,20260402,20261212
009318,0,0,0,0,0,0,0,20260402,20261212
009319,0,0,0,0,0,0,0,20260402,20261212
009320,0,0,0,0,0,0,0,20260402,20261212
009321,0,0,0,0,0,0,0,20260402,20261212
009322,0,0,0,0,0,0,0,20260402,20261212
009323,0,0,0,0,0,0,0,20260402,20261212
009324,0,0,0,0,0,0,0,20260402,20261212
009325,0,0,0,0,0,0,0,20260402,20261212
009326,0,0,0,0,0,0,0,20260402,20261212
009327,0,0,0,0,0,0,0,20260402,20261212
009328,0,0,0,0,0,0,0,20260402,20261212
009329,0,0,0,0,0,0,0,20260402,20261212
009330,0,0,0,0,0,0,0,20260402,20261212
009331,0,0,0,0,0,0,0,20260402,20261212
009332,0,0,0,0,0,0,0,20260402,20261212
009333,0,0,0,0,0,0,0,20260402,20261212
009334,0,0,0,0,0,0,0,20260402,20261212
009335,0,0,0,0,0,0,0,20260402,20261212
009336,0,0,0,0,0,0,0,20260402,20261212
009337,0,0,0,0,0,0,0,20260402,20261212
009338,0,0,0,0,0,0,0,20260402,20261212
009339,0,0,0,0,0,0,0,20260402,20261212
009340,0,0,0,0,0,0,0,20260402,20261212
009341,0,0,0,0,0,0,0,20260402,20261212
009342,0,0,0,0,0,0,0,20260402,20261212
009343,0,0,0,0,0,0,0,20260402,20261212
009344,0,0,0,0,0,0,0,20260402,20261212
009345,0,0,0,0,0,0,0,20260402,20261212
009346,0,0,0,0,0,0,0,20260402,20261212
009347,0,0,0,0,0,0,0,20260402,20261212
009348,0,0,0,0,0,0,0,20260402,20261212
009349,0,0,0,0,0,0,0,20260402,20261212
009350,0,0,0,0,0,0,0,20260402,20261212
009351,0,0,0,0,0,0,0,20260402,20261212
009352,0,0,0,0,0,0,0,20260402,20261212
009353,0,0,0,0,0,0,0,20260402,20261212
009354,0,0,0,0,0,0,0,20260402,20261212
009355,0,0,0,0,0,0,0,20260402,20261212
009356,0,0,0,0,0,0,0,20260402,20261212
009357,0,0,0,0,0,0,0,20260402,20261212
009358,0,0,0,0,0,0,0,20260402,20261212
009359,0,0,0,0,0,0,0,20260402,20261212
009360,0,0,0,0,0,0,0,20260402,20261212
009361,0,0,0,0,0,0,0,20260402,20261212
009362,0,0,0,0,0,0,0,20260402,20261212
009363,0,0,0,0,0,0,0,20260402,20261212
009364,0,0,0,0,0,0,0,20260402,20261212
009365,0,0,0,0,0,0,0,20260402,20261212
009366,0,0,0,0,0,0,0,20260402,20261212
009367,0,0,0,0,0,0,0,20260402,20261212
009368,0,0,0,0,0,0,0,20260402,20261212
009369,0,0,0,0,0,0,0,20260402,20261212
009370,0,0,0,0,0,0,0,20260402,20261212
009371,0,0,0,0,0,0,0,20260402,20261212
009372,0,0,0,0,0,0,0,20260402,20261212
009373,0,0,0,0,0,0,0,20260402,20261212
009374,0,0,0,0,0,0,0,20260402,20261212
009375,0,0,0,0,0,0,0,20260402,20261212
009376,0,0,0,0,0,0,0,20260402,20261212
009377,0,0,0,0,0,0,0,20260402,20261212
009378,0,0,0,0,0,0,0,20260402,20261212
009379,0,0,0,0,0,0,0,20260402,20261212
009380,0,0,0,0,0,0,0,20260402,20261212
009381,0,0,0,0,0,0,0,20260402,20261212
009382,0,0,0,0,0,0,0,20260402,20261212
009383,0,0,0,0,0,0,0,20260402,20261212
009384,0,0,0,0,0,0,0,20260402,20261212
009385,0,0,0,0,0,0,0,20260402,20261212
009386,0,0,0,0,0,0,0,20260402,20261212
009387,0,0,0,0,0,0,0,20260402,20261212
009388,0,0,0,0,0,0,0,20260402,20261212
009389,0,0,0,0,0,0,0,20260402,20261212
009390,0,0,0,0,0,0,0,20260402,20261212
009391,0,0,0,0,0,0,0,20260402,20261212
009392,0,0,0,0,0,0,0,20260402,20261212
009393,0,0,0,0,0,0,0,20260402,20261212
009394,0,0,0,0,0,0,0,20260402,20261212
009395,0,0,0,0,0,0,0,20260402,20261212
009396,0,0,0,0,0,0,0,20260402,20261212
009397,0,0,0,0,0,0,0,20260402,20261212
009398,0,0,0,0,0,0,0,20260402,20261212
009399,0,0,0,0,0,0,0,20260402,20261212
009400,0,0,0,0,0,0,0,20260402,20261212
009401,0,0,0,0,0,0,0,20260402,20261212
009402,0,0,0,0,0,0,0,20260402,20261212
009403,0,0,0,0,0,0,0,20260402,20261212
009404,0,0,0,0,0,0,0,20260402,20261212
009405,0,0,0,0,0,0,0,20260402,20261212
009406,0,0,0,0,0,0,0,20260402,20261212
009407,0,0,0,0,0,0,0,20260402,20261212
009408,0,0,0,0,0,0,0,20260402,20261212
009409,0,0,0,0,0,0,0,20260402,20261212
009410,0,0,0,0,0,0,0,20260402,20261212
009411,0,0,0,0,0,0,0,20260402,20261212
009412,0,0,0,0,0,0,0,20260402,20261212
009413,0,0,0,0,0,0,0,20260402,20261212
009414,0,0,0,0,0,0,0,20260402,20261212
009415,0,0,0,0,0,0,0,20260402,20261212
009416,0,0,0,0,0,0,0,20260402,20261212
009417,0,0,0,0,0,0,0,20260402,20261212
009418,0,0,0,0,0,0,0,20260402,20261212
009419,0,0,0,0,0,0,0,20260402,20261212
009420,0,0,0,0,0,0,0,20260402,20261212
009421,0,0,0,0,0,0,0,20260402,20261212
009422,0,0,0,0,0,0,0,20260402,20261212
009423,0,0,0,0,0,0,0,20260402,20261212
009424,0,0,0,0,0,0,0,20260402,20261212
009425,0,0,0,0,0,0,0,20260402,20261212
009426,0,0,0,0,0,0,0,20260402,20261212
009427,0,0,0,0,0,0,0,20260402,20261212
009428,0,0,0,0,0,0,0,20260402,20261212
009429,0,0,0,0,0,0,0,20260402,20261212
009430,0,0,0,0,0,0,0,20260402,20261212
009431,0,0,0,0,0,0,0,20260402,20261212
009432,0,0,0,0,0,0,0,20260402,20261212
009433,0,0,0,0,0,0,0,20260402,20261212
009434,0,0,0,0,0,0,0,20260402,20261212
009435,0,0,0,0,0,0,0,20260402,20261212
009436,0,0,0,0,0,0,0,20260402,20261212
009437,0,0,0,0,0,0,0,20260402,20261212
009438,0,0,0,0,0,0,0,20260402,20261212
009439,0,0,0,0,0,0,0,20260402,20261212
009440,0,0,0,0,0,0,0,20260402,20261212
009441,0,0,0,0,0,0,0,20260402,20261212
009442,0,0,0,0,0,0,0,20260402,20261212
009443,0,0,0,0,0,0,0,20260402,20261212
009444,0,0,0,0,0,0,0,20260402,20261212
009445,0,0,0,0,0,0,0,20260402,20261212
009446,0,0,0,0,0,0,0,20260402,20261212
009447,0,0,0,0,0,0,0,20260402,20261212
009448,0,0,0,0,0,0,0,20260402,20261212
009449,0,0,0,0,0,0,0,20260402,20261212
009450,0,0,0,0,0,0,0,20260402,20261212
009451,0,0,0,0,0,0,0,20260402,20261212
009452,0,0,0,0,0,0,0,20260402,20261212
009453,0,0,0,0,0,0,0,20260402,20261212
009454,0,0,0,0,0,0,0,20260402,20261212
009455,0,0,0,0,0,0,0,20260402,20261212
009456,0,0,0,0,0,0,0,20260402,20261212
009457,0,0,0,0,0,0,0,20260402,20261212
009458,0,0,0,0,0,0,0,20260402,20261212
009459,0,0,0,0,0,0,0,20260402,20261212
009460,0,0,0,0,0,0,0,20260402,20261212
009461,0,0,0,0,0,0,0,20260402,20261212
009462,0,0,0,0,0,0,0,20260402,20261212
009463,0,0,0,0,0,0,0,20260402,20261212
009464,0,0,0,0,0,0,0,20260402,20261212
009465,0,0,0,0,0,0,0,20260402,20261212
009466,0,0,0,0,0,0,0,20260402,20261212
009467,0,0,0,0,0,0,0,20260402,20261212
009468,0,0,0,0,0,0,0,20260402,20261212
009469,0,0,0,0,0,0,0,20260402,20261212
009470,0,0,0,0,0,0,0,20260402,20261212
009471,0,0,0,0,0,0,0,20260402,20261212
009472,0,0,0,0,0,0,0,20260402,20261212
009473,0,0,0,0,0,0,0,20260402,20261212
009474,0,0,0,0,0,0,0,20260402,20261212
009475,0,0,0,0,0,0,0,20260402,20261212
009476,0,0,0,0,0,0,0,20260402,20261212
009477,0,0,0,0,0,0,0,20260402,20261212
009478,0,0,0,0,0,0,0,20260402,20261212
009479,0,0,0,0,0,0,0,20260402,20261212
009480,0,0,0,0,0,0,0,20260402,20261212
009481,0,0,0,0,0,0,0,20260402,20261212
009482,0,0,0,0,0,0,0,20260402,20261212
009483,0,0,0,0,0,0,0,20260402,20261212
009485,0,0,0,0,0,0,0,20260402,20261212
009486,0,0,0,0,0,0,0,20260402,20261212
009487,0,0,0,0,0,0,0,20260402,20261212
009488,0,0,0,0,0,0,0,20260402,20261212
009489,0,0,0,0,0,0,0,20260402,20261212
009490,0,0,0,0,0,0,0,20260402,20261212
009491,0,0,0,0,0,0,0,20260402,20261212
009492,0,0,0,0,0,0,0,20260402,20261212
009493,0,0,0,0,0,0,0,20260402,20261212
009494,0,0,0,0,0,0,0,20260402,20261212
009495,0,0,0,0,0,0,0,20260402,20261212
009496,0,0,0,0,0,0,0,20260402,20261212
009497,0,0,0,0,0,0,0,20260402,20261212
009498,0,0,0,0,0,0,0,20260402,20261212
009499,0,0,0,0,0,0,0,20260402,20261212
009500,0,0,0,0,0,0,0,20260402,20261212
009501,0,0,0,0,0,0,0,20260402,20261212
009502,0,0,0,0,0,0,0,20260402,20261212
009503,0,0,0,0,0,0,0,20260402,20261212
009504,0,0,0,0,0,0,0,20260402,20261212
009505,0,0,0,0,0,0,0,20260402,20261212
009506,0,0,0,0,0,0,0,20260402,20261212
009507,0,0,0,0,0,0,0,20260402,20261212
009508,0,0,0,0,0,0,0,20260402,20261212
009509,0,0,0,0,0,0,0,20260402,20261212
009510,0,0,0,0,0,0,0,20260402,20261212
009511,0,0,0,0,0,0,0,20260402,20261212
009512,0,0,0,0,0,0,0,20260402,20261212
009513,0,0,0,0,0,0,0,20260402,20261212
009514,0,0,0,0,0,0,0,20260402,20261212
009515,0,0,0,0,0,0,0,20260402,20261212
009516,0,0,0,0,0,0,0,20260402,20261212
009517,0,0,0,0,0,0,0,20260402,20261212
009518,0,0,0,0,0,0,0,20260402,20261212
009519,0,0,0,0,0,0,0,20260402,20261212
009520,0,0,0,0,0,0,0,20260402,20261212
009521,0,0,0,0,0,0,0,20260402,20261212
009522,0,0,0,0,0,0,0,20260402,20261212
009523,0,0,0,0,0,0,0,20260402,20261212
009524,0,0,0,0,0,0,0,20260402,20261212
009525,0,0,0,0,0,0,0,20260402,20261212
009526,0,0,0,0,0,0,0,20260402,20261212
009527,0,0,0,0,0,0,0,20260402,20261212
009528,0,0,0,0,0,0,0,20260402,20261212
009529,0,0,0,0,0,0,0,20260402,20261212
009530,0,0,0,0,0,0,0,20260402,20261212
009531,0,0,0,0,0,0,0,20260402,20261212
009532,0,0,0,0,0,0,0,20260402,20261212
009533,0,0,0,0,0,0,0,20260402,20261212
009534,0,0,0,0,0,0,0,20260402,20261212
009535,0,0,0,0,0,0,0,20260402,20261212
009536,0,0,0,0,0,0,0,20260402,20261212
009537,0,0,0,0,0,0,0,20260402,20261212
009538,0,0,0,0,0,0,0,20260402,20261212
009539,0,0,0,0,0,0,0,20260402,20261212
009540,0,0,0,0,0,0,0,20260402,20261212
009541,0,0,0,0,0,0,0,20260402,20261212
009542,0,0,0,0,0,0,0,20260402,20261212
009543,0,0,0,0,0,0,0,20260402,20261212
009544,0,0,0,0,0,0,0,20260402,20261212
009545,0,0,0,0,0,0,0,20260402,20261212
009546,0,0,0,0,0,0,0,20260402,20261212
009547,0,0,0,0,0,0,0,20260402,20261212
009548,0,0,0,0,0,0,0,20260402,20261212
009549,0,0,0,0,0,0,0,20260402,20261212
009550,0,0,0,0,0,0,0,20260402,20261212
009551,0,0,0,0,0,0,0,20260402,20261212
009552,0,0,0,0,0,0,0,20260402,20261212
009553,0,0,0,0,0,0,0,20260402,20261212
009554,0,0,0,0,0,0,0,20260402,20261212
009555,0,0,0,0,0,0,0,20260402,20261212
009556,0,0,0,0,0,0,0,20260402,20261212
009557,0,0,0,0,0,0,0,20260402,20261212
009558,0,0,0,0,0,0,0,20260402,20261212
009559,0,0,0,0,0,0,0,20260402,20261212
009560,0,0,0,0,0,0,0,20260402,20261212
009561,0,0,0,0,0,0,0,20260402,20261212
009562,0,0,0,0,0,0,0,20260402,20261212
009563,0,0,0,0,0,0,0,20260402,20261212
009564,0,0,0,0,0,0,0,20260402,20261212
009565,0,0,0,0,0,0,0,20260402,20261212
009566,0,0,0,0,0,0,0,20260402,20261212
009567,0,0,0,0,0,0,0,20260402,20261212
009568,0,0,0,0,0,0,0,20260402,20261212
009569,0,0,0,0,0,0,0,20260402,20261212
009570,0,0,0,0,0,0,0,20260402,20261212
009571,0,0,0,0,0,0,0,20260402,20261212
009572,0,0,0,0,0,0,0,20260402,20261212
009573,0,0,0,0,0,0,0,20260402,20261212
009574,0,0,0,0,0,0,0,20260402,20261212
009575,0,0,0,0,0,0,0,20260402,20261212
009576,0,0,0,0,0,0,0,20260402,20261212
009577,0,0,0,0,0,0,0,20260402,20261212
009578,0,0,0,0,0,0,0,20260402,20261212
009579,0,0,0,0,0,0,0,20260402,20261212
009580,0,0,0,0,0,0,0,20260402,20261212
009581,0,0,0,0,0,0,0,20260402,20261212
009582,0,0,0,0,0,0,0,20260402,20261212
009583,0,0,0,0,0,0,0,20260402,20261212
009584,0,0,0,0,0,0,0,20260402,20261212
009585,0,0,0,0,0,0,0,20260402,20261212
009586,0,0,0,0,0,0,0,20260402,20261212
009587,0,0,0,0,0,0,0,20260402,20261212
009588,0,0,0,0,0,0,0,20260402,20261212
009589,0,0,0,0,0,0,0,20260402,20261212
009590,0,0,0,0,0,0,0,20260402,20261212
009591,0,0,0,0,0,0,0,20260402,20261212
009592,0,0,0,0,0,0,0,20260402,20261212
009593,0,0,0,0,0,0,0,20260402,20261212
009594,0,0,0,0,0,0,0,20260402,20261212
009595,0,0,0,0,0,0,0,20260402,20261212
009596,0,0,0,0,0,0,0,20260402,20261212
009597,0,0,0,0,0,0,0,20260402,20261212
009598,0,0,0,0,0,0,0,20260402,20261212
009599,0,0,0,0,0,0,0,20260402,20261212
009600,0,0,0,0,0,0,0,20260402,20261212
009601,0,0,0,0,0,0,0,20260402,20261212
009602,0,0,0,0,0,0,0,20260402,20261212
009603,0,0,0,0,0,0,0,20260402,20261212
009604,0,0,0,0,0,0,0,20260402,20261212
009605,0,0,0,0,0,0,0,20260402,20261212
009606,0,0,0,0,0,0,0,20260402,20261212
009607,0,0,0,0,0,0,0,20260402,20261212
009608,0,0,0,0,0,0,0,20260402,20261212
009609,0,0,0,0,0,0,0,20260402,20261212
009610,0,0,0,0,0,0,0,20260402,20261212
009611,0,0,0,0,0,0,0,20260402,20261212
009612,0,0,0,0,0,0,0,20260402,20261212
009613,0,0,0,0,0,0,0,20260402,20261212
009614,0,0,0,0,0,0,0,20260402,20261212
009615,0,0,0,0,0,0,0,20260402,20261212
009616,0,0,0,0,0,0,0,20260402,20261212
009617,0,0,0,0,0,0,0,20260402,20261212
009618,0,0,0,0,0,0,0,20260402,20261212
009619,0,0,0,0,0,0,0,20260402,20261212
009620,0,0,0,0,0,0,0,20260402,20261212
009621,0,0,0,0,0,0,0,20260402,20261212
009622,0,0,0,0,0,0,0,20260402,20261212
009623,0,0,0,0,0,0,0,20260402,20261212
009624,0,0,0,0,0,0,0,20260402,20261212
009625,0,0,0,0,0,0,0,20260402,20261212
009626,0,0,0,0,0,0,0,20260402,20261212
009627,0,0,0,0,0,0,0,20260402,20261212
009628,0,0,0,0,0,0,0,20260402,20261212
009629,0,0,0,0,0,0,0,20260402,20261212
009630,0,0,0,0,0,0,0,20260402,20261212
009631,0,0,0,0,0,0,0,20260402,20261212
009632,0,0,0,0,0,0,0,20260402,20261212
009633,0,0,0,0,0,0,0,20260402,20261212
009634,0,0,0,0,0,0,0,20260402,20261212
009635,0,0,0,0,0,0,0,20260402,20261212
009636,0,0,0,0,0,0,0,20260402,20261212
009637,0,0,0,0,0,0,0,20260402,20261212
009638,0,0,0,0,0,0,0,20260402,20261212
009639,0,0,0,0,0,0,0,20260402,20261212
009640,0,0,0,0,0,0,0,20260402,20261212
009641,0,0,0,0,0,0,0,20260402,20261212
009642,0,0,0,0,0,0,0,20260402,20261212
009643,0,0,0,0,0,0,0,20260402,20261212
009644,0,0,0,0,0,0,0,20260402,20261212
009645,0,0,0,0,0,0,0,20260402,20261212
009646,0,0,0,0,0,0,0,20260402,20261212
009647,0,0,0,0,0,0,0,20260402,20261212
009648,0,0,0,0,0,0,0,20260402,20261212
009649,0,0,0,0,0,0,0,20260402,20261212
009650,0,0,0,0,0,0,0,20260402,20261212
009651,0,0,0,0,0,0,0,20260402,20261212
009652,0,0,0,0,0,0,0,20260402,20261212
009653,0,0,0,0,0,0,0,20260402,20261212
009654,0,0,0,0,0,0,0,20260402,20261212
009655,0,0,0,0,0,0,0,20260402,20261212
009656,0,0,0,0,0,0,0,20260402,20261212
009657,0,0,0,0,0,0,0,20260402,20261212
009658,0,0,0,0,0,0,0,20260402,20261212
009659,0,0,0,0,0,0,0,20260402,20261212
009660,0,0,0,0,0,0,0,20260402,20261212
009661,0,0,0,0,0,0,0,20260402,20261212
009662,0,0,0,0,0,0,0,20260402,20261212
009663,0,0,0,0,0,0,0,20260402,20261212
009664,0,0,0,0,0,0,0,20260402,20261212
009665,0,0,0,0,0,0,0,20260402,20261212
009666,0,0,0,0,0,0,0,20260402,20261212
009667,0,0,0,0,0,0,0,20260402,20261212
009668,0,0,0,0,0,0,0,20260402,20261212
009669,0,0,0,0,0,0,0,20260402,20261212
009670,0,0,0,0,0,0,0,20260402,20261212
009671,0,0,0,0,0,0,0,20260402,20261212
009672,0,0,0,0,0,0,0,20260402,20261212
009673,0,0,0,0,0,0,0,20260402,20261212
009674,0,0,0,0,0,0,0,20260402,20261212
009675,0,0,0,0,0,0,0,20260402,20261212
009676,0,0,0,0,0,0,0,20260402,20261212
009677,0,0,0,0,0,0,0,20260402,20261212
009678,0,0,0,0,0,0,0,20260402,20261212
009679,0,0,0,0,0,0,0,20260402,20261212
009680,0,0,0,0,0,0,0,20260402,20261212
009681,0,0,0,0,0,0,0,20260402,20261212
009682,0,0,0,0,0,0,0,20260402,20261212
009683,0,0,0,0,0,0,0,20260402,20261212
009684,0,0,0,0,0,0,0,20260402,20261212
009685,0,0,0,0,0,0,0,20260402,20261212
009686,0,0,0,0,0,0,0,20260402,20261212
009687,0,0,0,0,0,0,0,20260402,20261212
009688,0,0,0,0,0,0,0,20260402,20261212
009689,0,0,0,0,0,0,0,20260402,20261212
009690,0,0,0,0,0,0,0,20260402,20261212
009691,0,0,0,0,0,0,0,20260402,20261212
009692,0,0,0,0,0,0,0,20260402,20261212
009693,0,0,0,0,0,0,0,20260402,20261212
009694,0,0,0,0,0,0,0,20260402,20261212
009695,0,0,0,0,0,0,0,20260402,20261212
009696,0,0,0,0,0,0,0,20260402,20261212
009697,0,0,0,0,0,0,0,20260402,20261212
009698,0,0,0,0,0,0,0,20260402,20261212
009699,0,0,0,0,0,0,0,20260402,20261212
009700,0,0,0,0,0,0,0,20260402,20261212
009701,0,0,0,0,0,0,0,20260402,20261212
009702,0,0,0,0,0,0,0,20260402,20261212
009703,0,0,0,0,0,0,0,20260402,20261212
009704,0,0,0,0,0,0,0,20260402,20261212
009705,0,0,0,0,0,0,0,20260402,20261212
009706,0,0,0,0,0,0,0,20260402,20261212
009707,0,0,0,0,0,0,0,20260402,20261212
009708,0,0,0,0,0,0,0,20260402,20261212
009709,0,0,0,0,0,0,0,20260402,20261212
009710,0,0,0,0,0,0,0,20260402,20261212
009711,0,0,0,0,0,0,0,20260402,20261212
009712,0,0,0,0,0,0,0,20260402,20261212
009713,0,0,0,0,0,0,0,20260402,20261212
009714,0,0,0,0,0,0,0,20260402,20261212
009715,0,0,0,0,0,0,0,20260402,20261212
009716,0,0,0,0,0,0,0,20260402,20261212
009717,0,0,0,0,0,0,0,20260402,20261212
009718,0,0,0,0,0,0,0,20260402,20261212
009719,0,0,0,0,0,0,0,20260402,20261212
009720,0,0,0,0,0,0,0,20260402,20261212
009721,0,0,0,0,0,0,0,20260402,20261212
009722,0,0,0,0,0,0,0,20260402,20261212
009723,0,0,0,0,0,0,0,20260402,20261212
009724,0,0,0,0,0,0,0,20260402,20261212
009725,0,0,0,0,0,0,0,20260402,20261212
009726,0,0,0,0,0,0,0,20260402,20261212
009727,0,0,0,0,0,0,0,20260402,20261212
009728,0,0,0,0,0,0,0,20260402,20261212
009729,0,0,0,0,0,0,0,20260402,20261212
009730,0,0,0,0,0,0,0,20260402,20261212
009731,0,0,0,0,0,0,0,20260402,20261212
009732,0,0,0,0,0,0,0,20260402,20261212
009733,0,0,0,0,0,0,0,20260402,20261212
009734,0,0,0,0,0,0,0,20260402,20261212
009735,0,0,0,0,0,0,0,20260402,20261212
009736,0,0,0,0,0,0,0,20260402,20261212
009737,0,0,0,0,0,0,0,20260402,20261212
009738,0,0,0,0,0,0,0,20260402,20261212
009739,0,0,0,0,0,0,0,20260402,20261212
009740,0,0,0,0,0,0,0,20260402,20261212
009741,0,0,0,0,0,0,0,20260402,20261212
009742,0,0,0,0,0,0,0,20260402,20261212
009743,0,0,0,0,0,0,0,20260402,20261212
009744,0,0,0,0,0,0,0,20260402,20261212
009745,0,0,0,0,0,0,0,20260402,20261212
009746,0,0,0,0,0,0,0,20260402,20261212
009747,0,0,0,0,0,0,0,20260402,20261212
009748,0,0,0,0,0,0,0,20260402,20261212
009749,0,0,0,0,0,0,0,20260402,20261212
009750,0,0,0,0,0,0,0,20260402,20261212
009751,0,0,0,0,0,0,0,20260402,20261212
009752,0,0,0,0,0,0,0,20260402,20261212
009753,0,0,0,0,0,0,0,20260402,20261212
009754,0,0,0,0,0,0,0,20260402,20261212
009755,0,0,0,0,0,0,0,20260402,20261212
009756,0,0,0,0,0,0,0,20260402,20261212
009757,0,0,0,0,0,0,0,20260402,20261212
009758,0,0,0,0,0,0,0,20260402,20261212
009759,0,0,0,0,0,0,0,20260402,20261212
009760,0,0,0,0,0,0,0,20260402,20261212
009761,0,0,0,0,0,0,0,20260402,20261212
009762,0,0,0,0,0,0,0,20260402,20261212
009763,0,0,0,0,0,0,0,20260402,20261212
009764,0,0,0,0,0,0,0,20260402,20261212
009765,0,0,0,0,0,0,0,20260402,20261212
009766,0,0,0,0,0,0,0,20260402,20261212
009767,0,0,0,0,0,0,0,20260402,20261212
009768,0,0,0,0,0,0,0,20260402,20261212
009769,0,0,0,0,0,0,0,20260402,20261212
009770,0,0,0,0,0,0,0,20260402,20261212
009771,0,0,0,0,0,0,0,20260402,20261212
009772,0,0,0,0,0,0,0,20260402,20261212
009773,0,0,0,0,0,0,0,20260402,20261212
009774,0,0,0,0,0,0,0,20260402,20261212
009775,0,0,0,0,0,0,0,20260402,20261212
009776,0,0,0,0,0,0,0,20260402,20261212
009777,0,0,0,0,0,0,0,20260402,20261212
009778,0,0,0,0,0,0,0,20260402,20261212
009779,0,0,0,0,0,0,0,20260402,20261212
009780,0,0,0,0,0,0,0,20260402,20261212
009781,0,0,0,0,0,0,0,20260402,20261212
009782,0,0,0,0,0,0,0,20260402,20261212
009783,0,0,0,0,0,0,0,20260402,20261212
009784,0,0,0,0,0,0,0,20260402,20261212
009785,0,0,0,0,0,0,0,20260402,20261212
009786,0,0,0,0,0,0,0,20260402,20261212
009787,0,0,0,0,0,0,0,20260402,20261212
009788,0,0,0,0,0,0,0,20260402,20261212
009789,0,0,0,0,0,0,0,20260402,20261212
009790,0,0,0,0,0,0,0,20260402,20261212
009791,0,0,0,0,0,0,0,20260402,20261212
009792,0,0,0,0,0,0,0,20260402,20261212
009793,0,0,0,0,0,0,0,20260402,20261212
009794,0,0,0,0,0,0,0,20260402,20261212
009795,0,0,0,0,0,0,0,20260402,20261212
009796,0,0,0,0,0,0,0,20260402,20261212
009797,0,0,0,0,0,0,0,20260402,20261212
009798,0,0,0,0,0,0,0,20260402,20261212
009799,0,0,0,0,0,0,0,20260402,20261212
009800,0,0,0,0,0,0,0,20260402,20261212
009801,0,0,0,0,0,0,0,20260402,20261212
009802,0,0,0,0,0,0,0,20260402,20261212
009803,0,0,0,0,0,0,0,20260402,20261212
009804,0,0,0,0,0,0,0,20260402,20261212
009805,0,0,0,0,0,0,0,20260402,20261212
009806,0,0,0,0,0,0,0,20260402,20261212
009807,0,0,0,0,0,0,0,20260402,20261212
009808,0,0,0,0,0,0,0,20260402,20261212
009809,0,0,0,0,0,0,0,20260402,20261212
009810,0,0,0,0,0,0,0,20260402,20261212
009811,0,0,0,0,0,0,0,20260402,20261212
009812,0,0,0,0,0,0,0,20260402,20261212
009813,0,0,0,0,0,0,0,20260402,20261212
009814,0,0,0,0,0,0,0,20260402,20261212
009815,0,0,0,0,0,0,0,20260402,20261212
009816,0,0,0,0,0,0,0,20260402,20261212
009817,0,0,0,0,0,0,0,20260402,20261212
009818,0,0,0,0,0,0,0,20260402,20261212
009819,0,0,0,0,0,0,0,20260402,20261212
009820,0,0,0,0,0,0,0,20260402,20261212
009821,0,0,0,0,0,0,0,20260402,20261212
009822,0,0,0,0,0,0,0,20260402,20261212
009823,0,0,0,0,0,0,0,20260402,20261212
009824,0,0,0,0,0,0,0,20260402,20261212
009825,0,0,0,0,0,0,0,20260402,20261212
009826,0,0,0,0,0,0,0,20260402,20261212
009827,0,0,0,0,0,0,0,20260402,20261212
009828,0,0,0,0,0,0,0,20260402,20261212
009829,0,0,0,0,0,0,0,20260402,20261212
009830,0,0,0,0,0,0,0,20260402,20261212
009831,0,0,0,0,0,0,0,20260402,20261212
009832,0,0,0,0,0,0,0,20260402,20261212
009833,0,0,0,0,0,0,0,20260402,20261212
009834,0,0,0,0,0,0,0,20260402,20261212
009835,0,0,0,0,0,0,0,20260402,20261212
009836,0,0,0,0,0,0,0,20260402,20261212
009837,0,0,0,0,0,0,0,20260402,20261212
009838,0,0,0,0,0,0,0,20260402,20261212
009839,0,0,0,0,0,0,0,20260402,20261212
009840,0,0,0,0,0,0,0,20260402,20261212
009841,0,0,0,0,0,0,0,20260402,20261212
009842,0,0,0,0,0,0,0,20260402,20261212
009843,0,0,0,0,0,0,0,20260402,20261212
009844,0,0,0,0,0,0,0,20260402,20261212
009845,0,0,0,0,0,0,0,20260402,20261212
009846,0,0,0,0,0,0,0,20260402,20261212
009847,0,0,0,0,0,0,0,20260402,20261212
009848,0,0,0,0,0,0,0,20260402,20261212
009849,0,0,0,0,0,0,0,20260402,20261212
009850,0,0,0,0,0,0,0,20260402,20261212
009851,0,0,0,0,0,0,0,20260402,20261212
009852,0,0,0,0,0,0,0,20260402,20261212
009853,0,0,0,0,0,0,0,20260402,20261212
009854,0,0,0,0,0,0,0,20260402,20261212
009855,0,0,0,0,0,0,0,20260402,20261212
009856,0,0,0,0,0,0,0,20260402,20261212
009857,0,0,0,0,0,0,0,20260402,20261212
009858,0,0,0,0,0,0,0,20260402,20261212
009859,0,0,0,0,0,0,0,20260402,20261212
009860,0,0,0,0,0,0,0,20260402,20261212
009861,0,0,0,0,0,0,0,20260402,20261212
009862,0,0,0,0,0,0,0,20260402,20261212
009863,0,0,0,0,0,0,0,20260402,20261212
009864,0,0,0,0,0,0,0,20260402,20261212
009865,0,0,0,0,0,0,0,20260402,20261212
009866,0,0,0,0,0,0,0,20260402,20261212
009867,0,0,0,0,0,0,0,20260402,20261212
009868,0,0,0,0,0,0,0,20260402,20261212
009869,0,0,0,0,0,0,0,20260402,20261212
009870,0,0,0,0,0,0,0,20260402,20261212
009871,0,0,0,0,0,0,0,20260402,20261212
009872,0,0,0,0,0,0,0,20260402,20261212
009873,0,0,0,0,0,0,0,20260402,20261212
009874,0,0,0,0,0,0,0,20260402,20261212
009875,0,0,0,0,0,0,0,20260402,20261212
009876,0,0,0,0,0,0,0,20260402,20261212
009877,0,0,0,0,0,0,0,20260402,20261212
009878,0,0,0,0,0,0,0,20260402,20261212
009879,0,0,0,0,0,0,0,20260402,20261212
009880,0,0,0,0,0,0,0,20260402,20261212
009881,0,0,0,0,0,0,0,20260402,20261212
009882,0,0,0,0,0,0,0,20260402,20261212
009883,0,0,0,0,0,0,0,20260402,20261212
009884,0,0,0,0,0,0,0,20260402,20261212
009885,0,0,0,0,0,0,0,20260402,20261212
009886,0,0,0,0,0,0,0,20260402,20261212
009887,0,0,0,0,0,0,0,20260402,20261212
009888,0,0,0,0,0,0,0,20260402,20261212
009889,0,0,0,0,0,0,0,20260402,20261212
009890,0,0,0,0,0,0,0,20260402,20261212
009891,0,0,0,0,0,0,0,20260402,20261212
009892,0,0,0,0,0,0,0,20260402,20261212
009893,0,0,0,0,0,0,0,20260402,20261212
009894,0,0,0,0,0,0,0,20260402,20261212
009895,0,0,0,0,0,0,0,20260402,20261212
009896,0,0,0,0,0,0,0,20260402,20261212
009897,0,0,0,0,0,0,0,20260402,20261212
009898,0,0,0,0,0,0,0,20260402,20261212
009899,0,0,0,0,0,0,0,20260402,20261212
009900,0,0,0,0,0,0,0,20260402,20261212
009901,0,0,0,0,0,0,0,20260402,20261212
009902,0,0,0,0,0,0,0,20260402,20261212
009903,0,0,0,0,0,0,0,20260402,20261212
009904,0,0,0,0,0,0,0,20260402,20261212
009905,0,0,0,0,0,0,0,20260402,20261212
009906,0,0,0,0,0,0,0,20260402,20261212
009907,0,0,0,0,0,0,0,20260402,20261212
009908,0,0,0,0,0,0,0,20260402,20261212
009909,0,0,0,0,0,0,0,20260402,20261212
009910,0,0,0,0,0,0,0,20260402,20261212
009911,0,0,0,0,0,0,0,20260402,20261212
009912,0,0,0,0,0,0,0,20260402,20261212
009913,0,0,0,0,0,0,0,20260402,20261212
009914,0,0,0,0,0,0,0,20260402,20261212
009915,0,0,0,0,0,0,0,20260402,20261212
009916,0,0,0,0,0,0,0,20260402,20261212
009917,0,0,0,0,0,0,0,20260402,20261212
009918,0,0,0,0,0,0,0,20260402,20261212
009919,0,0,0,0,0,0,0,20260402,20261212
009920,0,0,0,0,0,0,0,20260402,20261212
009921,0,0,0,0,0,0,0,20260402,20261212
009922,0,0,0,0,0,0,0,20260402,20261212
009923,0,0,0,0,0,0,0,20260402,20261212
009924,0,0,0,0,0,0,0,20260402,20261212
009925,0,0,0,0,0,0,0,20260402,20261212
009926,0,0,0,0,0,0,0,20260402,20261212
009927,0,0,0,0,0,0,0,20260402,20261212
009928,0,0,0,0,0,0,0,20260402,20261212
009929,0,0,0,0,0,0,0,20260402,20261212
009930,0,0,0,0,0,0,0,20260402,20261212
009931,0,0,0,0,0,0,0,20260402,20261212
009932,0,0,0,0,0,0,0,20260402,20261212
009933,0,0,0,0,0,0,0,20260402,20261212
009934,0,0,0,0,0,0,0,20260402,20261212
009935,0,0,0,0,0,0,0,20260402,20261212
009936,0,0,0,0,0,0,0,20260402,20261212
009937,0,0,0,0,0,0,0,20260402,20261212
009938,0,0,0,0,0,0,0,20260402,20261212
009939,0,0,0,0,0,0,0,20260402,20261212
009940,0,0,0,0,0,0,0,20260402,20261212
009941,0,0,0,0,0,0,0,20260402,20261212
009942,0,0,0,0,0,0,0,20260402,20261212
009943,0,0,0,0,0,0,0,20260402,20261212
009944,0,0,0,0,0,0,0,20260402,20261212
009945,0,0,0,0,0,0,0,20260402,20261212
009946,0,0,0,0,0,0,0,20260402,20261212
009947,0,0,0,0,0,0,0,20260402,20261212
009948,0,0,0,0,0,0,0,20260402,20261212
009949,0,0,0,0,0,0,0,20260402,20261212
009950,0,0,0,0,0,0,0,20260402,20261212
009951,0,0,0,0,0,0,0,20260402,20261212
009952,0,0,0,0,0,0,0,20260402,20261212
009953,0,0,0,0,0,0,0,20260402,20261212
009954,0,0,0,0,0,0,0,20260402,20261212
009955,0,0,0,0,0,0,0,20260402,20261212
009956,0,0,0,0,0,0,0,20260402,20261212
009957,0,0,0,0,0,0,0,20260402,20261212
009958,0,0,0,0,0,0,0,20260402,20261212
009959,0,0,0,0,0,0,0,20260402,20261212
009960,0,0,0,0,0,0,0,20260402,20261212
009961,0,0,0,0,0,0,0,20260402,20261212
009962,0,0,0,0,0,0,0,20260402,20261212
009963,0,0,0,0,0,0,0,20260402,20261212
009964,0,0,0,0,0,0,0,20260402,20261212
009965,0,0,0,0,0,0,0,20260402,20261212
009966,0,0,0,0,0,0,0,20260402,20261212
009967,0,0,0,0,0,0,0,20260402,20261212
009968,0,0,0,0,0,0,0,20260402,20261212
009969,0,0,0,0,0,0,0,20260402,20261212
009970,0,0,0,0,0,0,0,20260402,20261212
009971,0,0,0,0,0,0,0,20260402,20261212
009972,0,0,0,0,0,0,0,20260402,20261212
009973,0,0,0,0,0,0,0,20260402,20261212
009974,0,0,0,0,0,0,0,20260402,20261212
009975,0,0,0,0,0,0,0,20260402,20261212
009976,0,0,0,0,0,0,0,20260402,20261212
009977,0,0,0,0,0,0,0,20260402,20261212
009978,0,0,0,0,0,0,0,20260402,20261212
009979,0,0,0,0,0,0,0,20260402,20261212
009980,0,0,0,0,0,0,0,20260402,20261212
009981,0,0,0,0,0,0,0,20260402,20261212
009982,0,0,0,0,0,0,0,20260402,20261212
009983,0,0,0,0,0,0,0,20260402,20261212
009984,0,0,0,0,0,0,0,20260402,20261212
009985,0,0,0,0,0,0,0,20260402,20261212
009986,0,0,0,0,0,0,0,20260402,20261212
009987,0,0,0,0,0,0,0,20260402,20261212
009988,0,0,0,0,0,0,0,20260402,20261212
009989,0,0,0,0,0,0,0,20260402,20261212
009990,0,0,0,0,0,0,0,20260402,20261212
009991,0,0,0,0,0,0,0,20260402,20261212
009992,0,0,0,0,0,0,0,20260402,20261212
009993,0,0,0,0,0,0,0,20260402,20261212
009994,0,0,0,0,0,0,0,20260402,20261212
009995,0,0,0,0,0,0,0,20260402,20261212
009996,0,0,0,0,0,0,0,20260402,20261212
009997,0,0,0,0,0,0,0,20260402,20261212
009998,0,0,0,0,0,0,0,20260402,20261212
009999,0,0,0,0,0,0,0,20260402,20261212
010000,0,0,0,0,0,0,0,20260402,20261212
010001,0,0,0,0,0,0,0,20260402,20261212
010002,0,0,0,0,0,0,0,20260402,20261212
010003,0,0,0,0,0,0,0,20260402,20261212
010004,0,0,0,0,0,0,0,20260402,20261212
010005,0,0,0,0,0,0,0,20260402,20261212
010006,0,0,0,0,0,0,0,20260402,20261212
010007,0,0,0,0,0,0,0,20260402,20261212
010008,0,0,0,0,0,0,0,20260402,20261212
010009,0,0,0,0,0,0,0,20260402,20261212
010010,0,0,0,0,0,0,0,20260402,20261212
010011,0,0,0,0,0,0,0,20260402,20261212
010012,0,0,0,0,0,0,0,20260402,20261212
010013,0,0,0,0,0,0,0,20260402,20261212
010014,0,0,0,0,0,0,0,20260402,20261212
010015,0,0,0,0,0,0,0,20260402,20261212
010016,0,0,0,0,0,0,0,20260402,20261212
010017,0,0,0,0,0,0,0,20260402,20261212
010018,0,0,0,0,0,0,0,20260402,20261212
010019,0,0,0,0,0,0,0,20260402,20261212
010020,0,0,0,0,0,0,0,20260402,20261212
010021,0,0,0,0,0,0,0,20260402,20261212
010022,0,0,0,0,0,0,0,20260402,20261212
010023,0,0,0,0,0,0,0,20260402,20261212
010024,0,0,0,0,0,0,0,20260402,20261212
010025,0,0,0,0,0,0,0,20260402,20261212
010026,0,0,0,0,0,0,0,20260402,20261212
010027,0,0,0,0,0,0,0,20260402,20261212
010028,0,0,0,0,0,0,0,20260402,20261212
010029,0,0,0,0,0,0,0,20260402,20261212
010030,0,0,0,0,0,0,0,20260402,20261212
010031,0,0,0,0,0,0,0,20260402,20261212
010032,0,0,0,0,0,0,0,20260402,20261212
010033,0,0,0,0,0,0,0,20260402,20261212
010034,0,0,0,0,0,0,0,20260402,20261212
010035,0,0,0,0,0,0,0,20260402,20261212
010036,0,0,0,0,0,0,0,20260402,20261212
010037,0,0,0,0,0,0,0,20260402,20261212
010038,0,0,0,0,0,0,0,20260402,20261212
010039,0,0,0,0,0,0,0,20260402,20261212
010040,0,0,0,0,0,0,0,20260402,20261212
010041,0,0,0,0,0,0,0,20260402,20261212
010042,0,0,0,0,0,0,0,20260402,20261212
010043,0,0,0,0,0,0,0,20260402,20261212
010044,0,0,0,0,0,0,0,20260402,20261212
010045,0,0,0,0,0,0,0,20260402,20261212
010046,0,0,0,0,0,0,0,20260402,20261212
010047,0,0,0,0,0,0,0,20260402,20261212
010048,0,0,0,0,0,0,0,20260402,20261212
010049,0,0,0,0,0,0,0,20260402,20261212
010050,0,0,0,0,0,0,0,20260402,20261212
010051,0,0,0,0,0,0,0,20260402,20261212
010052,0,0,0,0,0,0,0,20260402,20261212
010053,0,0,0,0,0,0,0,20260402,20261212
010054,0,0,0,0,0,0,0,20260402,20261212
010055,0,0,0,0,0,0,0,20260402,20261212
010056,0,0,0,0,0,0,0,20260402,20261212
010057,0,0,0,0,0,0,0,20260402,20261212
010058,0,0,0,0,0,0,0,20260402,20261212
010059,0,0,0,0,0,0,0,20260402,20261212
010060,0,0,0,0,0,0,0,20260402,20261212
010061,0,0,0,0,0,0,0,20260402,20261212
010062,0,0,0,0,0,0,0,20260402,20261212
010063,0,0,0,0,0,0,0,20260402,20261212
010064,0,0,0,0,0,0,0,20260402,20261212
010065,0,0,0,0,0,0,0,20260402,20261212
010066,0,0,0,0,0,0,0,20260402,20261212
010067,0,0,0,0,0,0,0,20260402,20261212
010068,0,0,0,0,0,0,0,20260402,20261212
010069,0,0,0,0,0,0,0,20260402,20261212
010070,0,0,0,0,0,0,0,20260402,20261212
010071,0,0,0,0,0,0,0,20260402,20261212
010072,0,0,0,0,0,0,0,20260402,20261212
010073,0,0,0,0,0,0,0,20260402,20261212
010074,0,0,0,0,0,0,0,20260402,20261212
010075,0,0,0,0,0,0,0,20260402,20261212
010076,0,0,0,0,0,0,0,20260402,20261212
010077,0,0,0,0,0,0,0,20260402,20261212
010078,0,0,0,0,0,0,0,20260402,20261212
010079,0,0,0,0,0,0,0,20260402,20261212
010080,0,0,0,0,0,0,0,20260402,20261212
010081,0,0,0,0,0,0,0,20260402,20261212
010082,0,0,0,0,0,0,0,20260402,20261212
010083,0,0,0,0,0,0,0,20260402,20261212
010084,0,0,0,0,0,0,0,20260402,20261212
010085,0,0,0,0,0,0,0,20260402,20261212
010086,0,0,0,0,0,0,0,20260402,20261212
010087,0,0,0,0,0,0,0,20260402,20261212
010088,0,0,0,0,0,0,0,20260402,20261212
010089,0,0,0,0,0,0,0,20260402,20261212
010090,0,0,0,0,0,0,0,20260402,20261212
010091,0,0,0,0,0,0,0,20260402,20261212
010092,0,0,0,0,0,0,0,20260402,20261212
010093,0,0,0,0,0,0,0,20260402,20261212
010094,0,0,0,0,0,0,0,20260402,20261212
010095,0,0,0,0,0,0,0,20260402,20261212
010096,0,0,0,0,0,0,0,20260402,20261212
010097,0,0,0,0,0,0,0,20260402,20261212
010098,0,0,0,0,0,0,0,20260402,20261212
010099,0,0,0,0,0,0,0,20260402,20261212
010100,0,0,0,0,0,0,0,20260402,20261212
010101,0,0,0,0,0,0,0,20260402,20261212
010102,0,0,0,0,0,0,0,20260402,20261212
010103,0,0,0,0,0,0,0,20260402,20261212
010104,0,0,0,0,0,0,0,20260402,20261212
010105,0,0,0,0,0,0,0,20260402,20261212
010106,0,0,0,0,0,0,0,20260402,20261212
010107,0,0,0,0,0,0,0,20260402,20261212
010108,0,0,0,0,0,0,0,20260402,20261212
010109,0,0,0,0,0,0,0,20260402,20261212
010110,0,0,0,0,0,0,0,20260402,20261212
010111,0,0,0,0,0,0,0,20260402,20261212
010112,0,0,0,0,0,0,0,20260402,20261212
010113,0,0,0,0,0,0,0,20260402,20261212
010114,0,0,0,0,0,0,0,20260402,20261212
010115,0,0,0,0,0,0,0,20260402,20261212
010116,0,0,0,0,0,0,0,20260402,20261212
010117,0,0,0,0,0,0,0,20260402,20261212
010118,0,0,0,0,0,0,0,20260402,20261212
010119,0,0,0,0,0,0,0,20260402,20261212
010120,0,0,0,0,0,0,0,20260402,20261212
010121,0,0,0,0,0,0,0,20260402,20261212
010122,0,0,0,0,0,0,0,20260402,20261212
010123,0,0,0,0,0,0,0,20260402,20261212
010124,0,0,0,0,0,0,0,20260402,20261212
010125,0,0,0,0,0,0,0,20260402,20261212
010126,0,0,0,0,0,0,0,20260402,20261212
010127,0,0,0,0,0,0,0,20260402,20261212
010128,0,0,0,0,0,0,0,20260402,20261212
010129,0,0,0,0,0,0,0,20260402,20261212
010130,0,0,0,0,0,0,0,20260402,20261212
010131,0,0,0,0,0,0,0,20260402,20261212
010132,0,0,0,0,0,0,0,20260402,20261212
010133,0,0,0,0,0,0,0,20260402,20261212
010134,0,0,0,0,0,0,0,20260402,20261212
010135,0,0,0,0,0,0,0,20260402,20261212
010136,0,0,0,0,0,0,0,20260402,20261212
010137,0,0,0,0,0,0,0,20260402,20261212
010138,0,0,0,0,0,0,0,20260402,20261212
010139,0,0,0,0,0,0,0,20260402,20261212
010140,0,0,0,0,0,0,0,20260402,20261212
010141,0,0,0,0,0,0,0,20260402,20261212
010142,0,0,0,0,0,0,0,20260402,20261212
010143,0,0,0,0,0,0,0,20260402,20261212
010144,0,0,0,0,0,0,0,20260402,20261212
010145,0,0,0,0,0,0,0,20260402,20261212
010146,0,0,0,0,0,0,0,20260402,20261212
010147,0,0,0,0,0,0,0,20260402,20261212
010148,0,0,0,0,0,0,0,20260402,20261212
010149,0,0,0,0,0,0,0,20260402,20261212
010150,0,0,0,0,0,0,0,20260402,20261212
010151,0,0,0,0,0,0,0,20260402,20261212
010152,0,0,0,0,0,0,0,20260402,20261212
010153,0,0,0,0,0,0,0,20260402,20261212
010154,0,0,0,0,0,0,0,20260402,20261212
010155,0,0,0,0,0,0,0,20260402,20261212
010156,0,0,0,0,0,0,0,20260402,20261212
010157,0,0,0,0,0,0,0,20260402,20261212
010158,0,0,0,0,0,0,0,20260402,20261212
010159,0,0,0,0,0,0,0,20260402,20261212
010160,0,0,0,0,0,0,0,20260402,20261212
010161,0,0,0,0,0,0,0,20260402,20261212
010162,0,0,0,0,0,0,0,20260402,20261212
010163,0,0,0,0,0,0,0,20260402,20261212
010164,0,0,0,0,0,0,0,20260402,20261212
010165,0,0,0,0,0,0,0,20260402,20261212
010166,0,0,0,0,0,0,0,20260402,20261212
010167,0,0,0,0,0,0,0,20260402,20261212
010168,0,0,0,0,0,0,0,20260402,20261212
010169,0,0,0,0,0,0,0,20260402,20261212
010170,0,0,0,0,0,0,0,20260402,20261212
010171,0,0,0,0,0,0,0,20260402,20261212
010172,0,0,0,0,0,0,0,20260402,20261212
010173,0,0,0,0,0,0,0,20260402,20261212
010174,0,0,0,0,0,0,0,20260402,20261212
010175,0,0,0,0,0,0,0,20260402,20261212
010176,0,0,0,0,0,0,0,20260402,20261212
010177,0,0,0,0,0,0,0,20260402,20261212
010178,0,0,0,0,0,0,0,20260402,20261212
010179,0,0,0,0,0,0,0,20260402,20261212
010180,0,0,0,0,0,0,0,20260402,20261212
010181,0,0,0,0,0,0,0,20260402,20261212
010182,0,0,0,0,0,0,0,20260402,20261212
010183,0,0,0,0,0,0,0,20260402,20261212
010184,0,0,0,0,0,0,0,20260402,20261212
010185,0,0,0,0,0,0,0,20260402,20261212
010186,0,0,0,0,0,0,0,20260402,20261212
010187,0,0,0,0,0,0,0,20260402,20261212
010188,0,0,0,0,0,0,0,20260402,20261212
010189,0,0,0,0,0,0,0,20260402,20261212
010190,0,0,0,0,0,0,0,20260402,20261212
010191,0,0,0,0,0,0,0,20260402,20261212
010192,0,0,0,0,0,0,0,20260402,20261212
010193,0,0,0,0,0,0,0,20260402,20261212
010194,0,0,0,0,0,0,0,20260402,20261212
010195,0,0,0,0,0,0,0,20260402,20261212
010196,0,0,0,0,0,0,0,20260402,20261212
010197,0,0,0,0,0,0,0,20260402,20261212
010198,0,0,0,0,0,0,0,20260402,20261212
010199,0,0,0,0,0,0,0,20260402,20261212
010200,0,0,0,0,0,0,0,20260402,20261212
010201,0,0,0,0,0,0,0,20260402,20261212
010202,0,0,0,0,0,0,0,20260402,20261212
010203,0,0,0,0,0,0,0,20260402,20261212
010204,0,0,0,0,0,0,0,20260402,20261212
010205,0,0,0,0,0,0,0,20260402,20261212
010206,0,0,0,0,0,0,0,20260402,20261212
010207,0,0,0,0,0,0,0,20260402,20261212
010208,0,0,0,0,0,0,0,20260402,20261212
010209,0,0,0,0,0,0,0,20260402,20261212
010210,0,0,0,0,0,0,0,20260402,20261212
010211,0,0,0,0,0,0,0,20260402,20261212
010212,0,0,0,0,0,0,0,20260402,20261212
010213,0,0,0,0,0,0,0,20260402,20261212
010214,0,0,0,0,0,0,0,20260402,20261212
010215,0,0,0,0,0,0,0,20260402,20261212
010216,0,0,0,0,0,0,0,20260402,20261212
010217,0,0,0,0,0,0,0,20260402,20261212
010218,0,0,0,0,0,0,0,20260402,20261212
010219,0,0,0,0,0,0,0,20260402,20261212
010220,0,0,0,0,0,0,0,20260402,20261212
010221,0,0,0,0,0,0,0,20260402,20261212
010222,0,0,0,0,0,0,0,20260402,20261212
010223,0,0,0,0,0,0,0,20260402,20261212
010224,0,0,0,0,0,0,0,20260402,20261212
010225,0,0,0,0,0,0,0,20260402,20261212
010226,0,0,0,0,0,0,0,20260402,20261212
010227,0,0,0,0,0,0,0,20260402,20261212
010228,0,0,0,0,0,0,0,20260402,20261212
010229,0,0,0,0,0,0,0,20260402,20261212
010230,0,0,0,0,0,0,0,20260402,20261212
010231,0,0,0,0,0,0,0,20260402,20261212
010232,0,0,0,0,0,0,0,20260402,20261212
010233,0,0,0,0,0,0,0,20260402,20261212
010234,0,0,0,0,0,0,0,20260402,20261212
010235,0,0,0,0,0,0,0,20260402,20261212
010236,0,0,0,0,0,0,0,20260402,20261212
010237,0,0,0,0,0,0,0,20260402,20261212
010238,0,0,0,0,0,0,0,20260402,20261212
010239,0,0,0,0,0,0,0,20260402,20261212
010240,0,0,0,0,0,0,0,20260402,20261212
010241,0,0,0,0,0,0,0,20260402,20261212
010242,0,0,0,0,0,0,0,20260402,20261212
010243,0,0,0,0,0,0,0,20260402,20261212
010244,0,0,0,0,0,0,0,20260402,20261212
010245,0,0,0,0,0,0,0,20260402,20261212
010246,0,0,0,0,0,0,0,20260402,20261212
010247,0,0,0,0,0,0,0,20260402,20261212
010248,0,0,0,0,0,0,0,20260402,20261212
010249,0,0,0,0,0,0,0,20260402,20261212
010250,0,0,0,0,0,0,0,20260402,20261212
010251,0,0,0,0,0,0,0,20260402,20261212
010252,0,0,0,0,0,0,0,20260402,20261212
010253,0,0,0,0,0,0,0,20260402,20261212
010254,0,0,0,0,0,0,0,20260402,20261212
010255,0,0,0,0,0,0,0,20260402,20261212
010256,0,0,0,0,0,0,0,20260402,20261212
010257,0,0,0,0,0,0,0,20260402,20261212
010258,0,0,0,0,0,0,0,20260402,20261212
010259,0,0,0,0,0,0,0,20260402,20261212
010260,0,0,0,0,0,0,0,20260402,20261212
010261,0,0,0,0,0,0,0,20260402,20261212
010262,0,0,0,0,0,0,0,20260402,20261212
010263,0,0,0,0,0,0,0,20260402,20261212
010264,0,0,0,0,0,0,0,20260402,20261212
010265,0,0,0,0,0,0,0,20260402,20261212
010266,0,0,0,0,0,0,0,20260402,20261212
010267,0,0,0,0,0,0,0,20260402,20261212
010268,0,0,0,0,0,0,0,20260402,20261212
010269,0,0,0,0,0,0,0,20260402,20261212
010270,0,0,0,0,0,0,0,20260402,20261212
010271,0,0,0,0,0,0,0,20260402,20261212
010272,0,0,0,0,0,0,0,20260402,20261212
010273,0,0,0,0,0,0,0,20260402,20261212
010274,0,0,0,0,0,0,0,20260402,20261212
010275,0,0,0,0,0,0,0,20260402,20261212
010276,0,0,0,0,0,0,0,20260402,20261212
010277,0,0,0,0,0,0,0,20260402,20261212
010278,0,0,0,0,0,0,0,20260402,20261212
010279,0,0,0,0,0,0,0,20260402,20261212
010280,0,0,0,0,0,0,0,20260402,20261212
010281,0,0,0,0,0,0,0,20260402,20261212
010282,0,0,0,0,0,0,0,20260402,20261212
010283,0,0,0,0,0,0,0,20260402,20261212
010284,0,0,0,0,0,0,0,20260402,20261212
010285,0,0,0,0,0,0,0,20260402,20261212
010286,0,0,0,0,0,0,0,20260402,20261212
010287,0,0,0,0,0,0,0,20260402,20261212
010288,0,0,0,0,0,0,0,20260402,20261212
010289,0,0,0,0,0,0,0,20260402,20261212
010290,0,0,0,0,0,0,0,20260402,20261212
010291,0,0,0,0,0,0,0,20260402,20261212
010292,0,0,0,0,0,0,0,20260402,20261212
010293,0,0,0,0,0,0,0,20260402,20261212
010294,0,0,0,0,0,0,0,20260402,20261212
010295,0,0,0,0,0,0,0,20260402,20261212
010296,0,0,0,0,0,0,0,20260402,20261212
010297,0,0,0,0,0,0,0,20260402,20261212
010298,0,0,0,0,0,0,0,20260402,20261212
010299,0,0,0,0,0,0,0,20260402,20261212
010300,0,0,0,0,0,0,0,20260402,20261212
010301,0,0,0,0,0,0,0,20260402,20261212
010302,0,0,0,0,0,0,0,20260402,20261212
010303,0,0,0,0,0,0,0,20260402,20261212
010304,0,0,0,0,0,0,0,20260402,20261212
010305,0,0,0,0,0,0,0,20260402,20261212
010306,0,0,0,0,0,0,0,20260402,20261212
010307,0,0,0,0,0,0,0,20260402,20261212
010308,0,0,0,0,0,0,0,20260402,20261212
010309,0,0,0,0,0,0,0,20260402,20261212
010310,0,0,0,0,0,0,0,20260402,20261212
010311,0,0,0,0,0,0,0,20260402,20261212
010312,0,0,0,0,0,0,0,20260402,20261212
010313,0,0,0,0,0,0,0,20260402,20261212
010314,0,0,0,0,0,0,0,20260402,20261212
010315,0,0,0,0,0,0,0,20260402,20261212
010316,0,0,0,0,0,0,0,20260402,20261212
010317,0,0,0,0,0,0,0,20260402,20261212
010318,0,0,0,0,0,0,0,20260402,20261212
010319,0,0,0,0,0,0,0,20260402,20261212
010320,0,0,0,0,0,0,0,20260402,20261212
010321,0,0,0,0,0,0,0,20260402,20261212
010322,0,0,0,0,0,0,0,20260402,20261212
010323,0,0,0,0,0,0,0,20260402,20261212
010324,0,0,0,0,0,0,0,20260402,20261212
010325,0,0,0,0,0,0,0,20260402,20261212
010326,0,0,0,0,0,0,0,20260402,20261212
010327,0,0,0,0,0,0,0,20260402,20261212
010328,0,0,0,0,0,0,0,20260402,20261212
010329,0,0,0,0,0,0,0,20260402,20261212
010330,0,0,0,0,0,0,0,20260402,20261212
010331,0,0,0,0,0,0,0,20260402,20261212
010332,0,0,0,0,0,0,0,20260402,20261212
010333,0,0,0,0,0,0,0,20260402,20261212
010334,0,0,0,0,0,0,0,20260402,20261212
010335,0,0,0,0,0,0,0,20260402,20261212
010336,0,0,0,0,0,0,0,20260402,20261212
010337,0,0,0,0,0,0,0,20260402,20261212
010338,0,0,0,0,0,0,0,20260402,20261212
010339,0,0,0,0,0,0,0,20260402,20261212
010340,0,0,0,0,0,0,0,20260402,20261212
010341,0,0,0,0,0,0,0,20260402,20261212
010342,0,0,0,0,0,0,0,20260402,20261212
010343,0,0,0,0,0,0,0,20260402,20261212
010344,0,0,0,0,0,0,0,20260402,20261212
010345,0,0,0,0,0,0,0,20260402,20261212
010346,0,0,0,0,0,0,0,20260402,20261212
010347,0,0,0,0,0,0,0,20260402,20261212
010348,0,0,0,0,0,0,0,20260402,20261212
010349,0,0,0,0,0,0,0,20260402,20261212
010350,0,0,0,0,0,0,0,20260402,20261212
010351,0,0,0,0,0,0,0,20260402,20261212
010352,0,0,0,0,0,0,0,20260402,20261212
010353,0,0,0,0,0,0,0,20260402,20261212
010354,0,0,0,0,0,0,0,20260402,20261212
010355,0,0,0,0,0,0,0,20260402,20261212
010356,0,0,0,0,0,0,0,20260402,20261212
010357,0,0,0,0,0,0,0,20260402,20261212
010358,0,0,0,0,0,0,0,20260402,20261212
010359,0,0,0,0,0,0,0,20260402,20261212
010360,0,0,0,0,0,0,0,20260402,20261212
010361,0,0,0,0,0,0,0,20260402,20261212
010362,0,0,0,0,0,0,0,20260402,20261212
010363,0,0,0,0,0,0,0,20260402,20261212
010364,0,0,0,0,0,0,0,20260402,20261212
010365,0,0,0,0,0,0,0,20260402,20261212
010366,0,0,0,0,0,0,0,20260402,20261212
010367,0,0,0,0,0,0,0,20260402,20261212
010368,0,0,0,0,0,0,0,20260402,20261212
010369,0,0,0,0,0,0,0,20260402,20261212
010370,0,0,0,0,0,0,0,20260402,20261212
010371,0,0,0,0,0,0,0,20260402,20261212
010372,0,0,0,0,0,0,0,20260402,20261212
010373,0,0,0,0,0,0,0,20260402,20261212
010374,0,0,0,0,0,0,0,20260402,20261212
010375,0,0,0,0,0,0,0,20260402,20261212
010376,0,0,0,0,0,0,0,20260402,20261212
010377,0,0,0,0,0,0,0,20260402,20261212
010378,0,0,0,0,0,0,0,20260402,20261212
010379,0,0,0,0,0,0,0,20260402,20261212
010380,0,0,0,0,0,0,0,20260402,20261212
010381,0,0,0,0,0,0,0,20260402,20261212
010382,0,0,0,0,0,0,0,20260402,20261212
010383,0,0,0,0,0,0,0,20260402,20261212
010384,0,0,0,0,0,0,0,20260402,20261212
010385,0,0,0,0,0,0,0,20260402,20261212
010386,0,0,0,0,0,0,0,20260402,20261212
010387,0,0,0,0,0,0,0,20260402,20261212
010388,0,0,0,0,0,0,0,20260402,20261212
010389,0,0,0,0,0,0,0,20260402,20261212
010390,0,0,0,0,0,0,0,20260402,20261212
010391,0,0,0,0,0,0,0,20260402,20261212
010392,0,0,0,0,0,0,0,20260402,20261212
010393,0,0,0,0,0,0,0,20260402,20261212
010394,0,0,0,0,0,0,0,20260402,20261212
010395,0,0,0,0,0,0,0,20260402,20261212
010396,0,0,0,0,0,0,0,20260402,20261212
010397,0,0,0,0,0,0,0,20260402,20261212
010398,0,0,0,0,0,0,0,20260402,20261212
010399,0,0,0,0,0,0,0,20260402,20261212
010400,0,0,0,0,0,0,0,20260402,20261212
010401,0,0,0,0,0,0,0,20260402,20261212
010402,0,0,0,0,0,0,0,20260402,20261212
010403,0,0,0,0,0,0,0,20260402,20261212
010404,0,0,0,0,0,0,0,20260402,20261212
010405,0,0,0,0,0,0,0,20260402,20261212
010406,0,0,0,0,0,0,0,20260402,20261212
010407,0,0,0,0,0,0,0,20260402,20261212
010408,0,0,0,0,0,0,0,20260402,20261212
010409,0,0,0,0,0,0,0,20260402,20261212
010410,0,0,0,0,0,0,0,20260402,20261212
010411,0,0,0,0,0,0,0,20260402,20261212
010412,0,0,0,0,0,0,0,20260402,20261212
010413,0,0,0,0,0,0,0,20260402,20261212
010414,0,0,0,0,0,0,0,20260402,20261212
010415,0,0,0,0,0,0,0,20260402,20261212
010416,0,0,0,0,0,0,0,20260402,20261212
010417,0,0,0,0,0,0,0,20260402,20261212
010418,0,0,0,0,0,0,0,20260402,20261212
010419,0,0,0,0,0,0,0,20260402,20261212
010420,0,0,0,0,0,0,0,20260402,20261212
010421,0,0,0,0,0,0,0,20260402,20261212
010422,0,0,0,0,0,0,0,20260402,20261212
010423,0,0,0,0,0,0,0,20260402,20261212
010424,0,0,0,0,0,0,0,20260402,20261212
010425,0,0,0,0,0,0,0,20260402,20261212
010426,0,0,0,0,0,0,0,20260402,20261212
010427,0,0,0,0,0,0,0,20260402,20261212
010428,0,0,0,0,0,0,0,20260402,20261212
010429,0,0,0,0,0,0,0,20260402,20261212
010430,0,0,0,0,0,0,0,20260402,20261212
010431,0,0,0,0,0,0,0,20260402,20261212
010432,0,0,0,0,0,0,0,20260402,20261212
010433,0,0,0,0,0,0,0,20260402,20261212
010434,0,0,0,0,0,0,0,20260402,20261212
010435,0,0,0,0,0,0,0,20260402,20261212
010436,0,0,0,0,0,0,0,20260402,20261212
010437,0,0,0,0,0,0,0,20260402,20261212
010438,0,0,0,0,0,0,0,20260402,20261212
010439,0,0,0,0,0,0,0,20260402,20261212
010440,0,0,0,0,0,0,0,20260402,20261212
010441,0,0,0,0,0,0,0,20260402,20261212
010442,0,0,0,0,0,0,0,20260402,20261212
010443,0,0,0,0,0,0,0,20260402,20261212
010444,0,0,0,0,0,0,0,20260402,20261212
010445,0,0,0,0,0,0,0,20260402,20261212
010446,0,0,0,0,0,0,0,20260402,20261212
010447,0,0,0,0,0,0,0,20260402,20261212
010448,0,0,0,0,0,0,0,20260402,20261212
010449,0,0,0,0,0,0,0,20260402,20261212
010450,0,0,0,0,0,0,0,20260402,20261212
010451,0,0,0,0,0,0,0,20260402,20261212
010452,0,0,0,0,0,0,0,20260402,20261212
010453,0,0,0,0,0,0,0,20260402,20261212
010454,0,0,0,0,0,0,0,20260402,20261212
010455,0,0,0,0,0,0,0,20260402,20261212
010456,0,0,0,0,0,0,0,20260402,20261212
010457,0,0,0,0,0,0,0,20260402,20261212
010458,0,0,0,0,0,0,0,20260402,20261212
010459,0,0,0,0,0,0,0,20260402,20261212
010460,0,0,0,0,0,0,0,20260402,20261212
010461,0,0,0,0,0,0,0,20260402,20261212
010462,0,0,0,0,0,0,0,20260402,20261212
010463,0,0,0,0,0,0,0,20260402,20261212
010464,0,0,0,0,0,0,0,20260402,20261212
010465,0,0,0,0,0,0,0,20260402,20261212
010466,0,0,0,0,0,0,0,20260402,20261212
010467,0,0,0,0,0,0,0,20260402,20261212
010468,0,0,0,0,0,0,0,20260402,20261212
010469,0,0,0,0,0,0,0,20260402,20261212
010470,0,0,0,0,0,0,0,20260402,20261212
010471,0,0,0,0,0,0,0,20260402,20261212
010472,0,0,0,0,0,0,0,20260402,20261212
010473,0,0,0,0,0,0,0,20260402,20261212
010474,0,0,0,0,0,0,0,20260402,20261212
010475,0,0,0,0,0,0,0,20260402,20261212
010476,0,0,0,0,0,0,0,20260402,20261212
010477,0,0,0,0,0,0,0,20260402,20261212
010478,0,0,0,0,0,0,0,20260402,20261212
010479,0,0,0,0,0,0,0,20260402,20261212
010480,0,0,0,0,0,0,0,20260402,20261212
010481,0,0,0,0,0,0,0,20260402,20261212
010482,0,0,0,0,0,0,0,20260402,20261212
010483,0,0,0,0,0,0,0,20260402,20261212
010484,0,0,0,0,0,0,0,20260402,20261212
010485,0,0,0,0,0,0,0,20260402,20261212
010486,0,0,0,0,0,0,0,20260402,20261212
010487,0,0,0,0,0,0,0,20260402,20261212
010488,0,0,0,0,0,0,0,20260402,20261212
010489,0,0,0,0,0,0,0,20260402,20261212
010490,0,0,0,0,0,0,0,20260402,20261212
010491,0,0,0,0,0,0,0,20260402,20261212
010492,0,0,0,0,0,0,0,20260402,20261212
010493,0,0,0,0,0,0,0,20260402,20261212
010494,0,0,0,0,0,0,0,20260402,20261212
010495,0,0,0,0,0,0,0,20260402,20261212
010496,0,0,0,0,0,0,0,20260402,20261212
010497,0,0,0,0,0,0,0,20260402,20261212
010498,0,0,0,0,0,0,0,20260402,20261212
010499,0,0,0,0,0,0,0,20260402,20261212
010500,0,0,0,0,0,0,0,20260402,20261212
010501,0,0,0,0,0,0,0,20260402,20261212
010502,0,0,0,0,0,0,0,20260402,20261212
010503,0,0,0,0,0,0,0,20260402,20261212
010504,0,0,0,0,0,0,0,20260402,20261212
010505,0,0,0,0,0,0,0,20260402,20261212
010506,0,0,0,0,0,0,0,20260402,20261212
010507,0,0,0,0,0,0,0,20260402,20261212
010508,0,0,0,0,0,0,0,20260402,20261212
010509,0,0,0,0,0,0,0,20260402,20261212
010510,0,0,0,0,0,0,0,20260402,20261212
010511,0,0,0,0,0,0,0,20260402,20261212
010512,0,0,0,0,0,0,0,20260402,20261212
010513,0,0,0,0,0,0,0,20260402,20261212
010514,0,0,0,0,0,0,0,20260402,20261212
010515,0,0,0,0,0,0,0,20260402,20261212
010516,0,0,0,0,0,0,0,20260402,20261212
010517,0,0,0,0,0,0,0,20260402,20261212
010518,0,0,0,0,0,0,0,20260402,20261212
010519,0,0,0,0,0,0,0,20260402,20261212
010520,0,0,0,0,0,0,0,20260402,20261212
010521,0,0,0,0,0,0,0,20260402,20261212
010522,0,0,0,0,0,0,0,20260402,20261212
010523,0,0,0,0,0,0,0,20260402,20261212
010524,0,0,0,0,0,0,0,20260402,20261212
010525,0,0,0,0,0,0,0,20260402,20261212
010526,0,0,0,0,0,0,0,20260402,20261212
010527,0,0,0,0,0,0,0,20260402,20261212
010528,0,0,0,0,0,0,0,20260402,20261212
010529,0,0,0,0,0,0,0,20260402,20261212
010530,0,0,0,0,0,0,0,20260402,20261212
010531,0,0,0,0,0,0,0,20260402,20261212
010532,0,0,0,0,0,0,0,20260402,20261212
010533,0,0,0,0,0,0,0,20260402,20261212
010534,0,0,0,0,0,0,0,20260402,20261212
010535,0,0,0,0,0,0,0,20260402,20261212
010536,0,0,0,0,0,0,0,20260402,20261212
010537,0,0,0,0,0,0,0,20260402,20261212
010538,0,0,0,0,0,0,0,20260402,20261212
010539,0,0,0,0,0,0,0,20260402,20261212
010540,0,0,0,0,0,0,0,20260402,20261212
010541,0,0,0,0,0,0,0,20260402,20261212
010542,0,0,0,0,0,0,0,20260402,20261212
010543,0,0,0,0,0,0,0,20260402,20261212
010544,0,0,0,0,0,0,0,20260402,20261212
010545,0,0,0,0,0,0,0,20260402,20261212
010546,0,0,0,0,0,0,0,20260402,20261212
010547,0,0,0,0,0,0,0,20260402,20261212
010548,0,0,0,0,0,0,0,20260402,20261212
010549,0,0,0,0,0,0,0,20260402,20261212
010550,0,0,0,0,0,0,0,20260402,20261212
010551,0,0,0,0,0,0,0,20260402,20261212
010552,0,0,0,0,0,0,0,20260402,20261212
010553,0,0,0,0,0,0,0,20260402,20261212
010554,0,0,0,0,0,0,0,20260402,20261212
010555,0,0,0,0,0,0,0,20260402,20261212
010556,0,0,0,0,0,0,0,20260402,20261212
010557,0,0,0,0,0,0,0,20260402,20261212
010558,0,0,0,0,0,0,0,20260402,20261212
010559,0,0,0,0,0,0,0,20260402,20261212
010560,0,0,0,0,0,0,0,20260402,20261212
010561,0,0,0,0,0,0,0,20260402,20261212
010562,0,0,0,0,0,0,0,20260402,20261212
010563,0,0,0,0,0,0,0,20260402,20261212
010564,0,0,0,0,0,0,0,20260402,20261212
010565,0,0,0,0,0,0,0,20260402,20261212
010566,0,0,0,0,0,0,0,20260402,20261212
010567,0,0,0,0,0,0,0,20260402,20261212
010568,0,0,0,0,0,0,0,20260402,20261212
010569,0,0,0,0,0,0,0,20260402,20261212
010570,0,0,0,0,0,0,0,20260402,20261212
010571,0,0,0,0,0,0,0,20260402,20261212
010572,0,0,0,0,0,0,0,20260402,20261212
010573,0,0,0,0,0,0,0,20260402,20261212
010574,0,0,0,0,0,0,0,20260402,20261212
010575,0,0,0,0,0,0,0,20260402,20261212
010576,0,0,0,0,0,0,0,20260402,20261212
010577,0,0,0,0,0,0,0,20260402,20261212
010578,0,0,0,0,0,0,0,20260402,20261212
010579,0,0,0,0,0,0,0,20260402,20261212
010580,0,0,0,0,0,0,0,20260402,20261212
010581,0,0,0,0,0,0,0,20260402,20261212
010582,0,0,0,0,0,0,0,20260402,20261212
010583,0,0,0,0,0,0,0,20260402,20261212
010584,0,0,0,0,0,0,0,20260402,20261212
010585,0,0,0,0,0,0,0,20260402,20261212
010586,0,0,0,0,0,0,0,20260402,20261212
010587,0,0,0,0,0,0,0,20260402,20261212
010588,0,0,0,0,0,0,0,20260402,20261212
010589,0,0,0,0,0,0,0,20260402,20261212
010590,0,0,0,0,0,0,0,20260402,20261212
010591,0,0,0,0,0,0,0,20260402,20261212
010592,0,0,0,0,0,0,0,20260402,20261212
010593,0,0,0,0,0,0,0,20260402,20261212
010594,0,0,0,0,0,0,0,20260402,20261212
010595,0,0,0,0,0,0,0,20260402,20261212
010596,0,0,0,0,0,0,0,20260402,20261212
010597,0,0,0,0,0,0,0,20260402,20261212
010598,0,0,0,0,0,0,0,20260402,20261212
010599,0,0,0,0,0,0,0,20260402,20261212
010600,0,0,0,0,0,0,0,20260402,20261212
010601,0,0,0,0,0,0,0,20260402,20261212
010602,0,0,0,0,0,0,0,20260402,20261212
010603,0,0,0,0,0,0,0,20260402,20261212
010604,0,0,0,0,0,0,0,20260402,20261212
010605,0,0,0,0,0,0,0,20260402,20261212
010606,0,0,0,0,0,0,0,20260402,20261212
010607,0,0,0,0,0,0,0,20260402,20261212
010608,0,0,0,0,0,0,0,20260402,20261212
010609,0,0,0,0,0,0,0,20260402,20261212
010610,0,0,0,0,0,0,0,20260402,20261212
010611,0,0,0,0,0,0,0,20260402,20261212
010612,0,0,0,0,0,0,0,20260402,20261212
010613,0,0,0,0,0,0,0,20260402,20261212
010614,0,0,0,0,0,0,0,20260402,20261212
010615,0,0,0,0,0,0,0,20260402,20261212
010616,0,0,0,0,0,0,0,20260402,20261212
010617,0,0,0,0,0,0,0,20260402,20261212
010618,0,0,0,0,0,0,0,20260402,20261212
010619,0,0,0,0,0,0,0,20260402,20261212
010620,0,0,0,0,0,0,0,20260402,20261212
010621,0,0,0,0,0,0,0,20260402,20261212
010622,0,0,0,0,0,0,0,20260402,20261212
010623,0,0,0,0,0,0,0,20260402,20261212
010624,0,0,0,0,0,0,0,20260402,20261212
010625,0,0,0,0,0,0,0,20260402,20261212
010626,0,0,0,0,0,0,0,20260402,20261212
010627,0,0,0,0,0,0,0,20260402,20261212
010628,0,0,0,0,0,0,0,20260402,20261212
010629,0,0,0,0,0,0,0,20260402,20261212
010630,0,0,0,0,0,0,0,20260402,20261212
010631,0,0,0,0,0,0,0,20260402,20261212
010632,0,0,0,0,0,0,0,20260402,20261212
010633,0,0,0,0,0,0,0,20260402,20261212
010634,0,0,0,0,0,0,0,20260402,20261212
010635,0,0,0,0,0,0,0,20260402,20261212
010636,0,0,0,0,0,0,0,20260402,20261212
010637,0,0,0,0,0,0,0,20260402,20261212
010638,0,0,0,0,0,0,0,20260402,20261212
010639,0,0,0,0,0,0,0,20260402,20261212
010640,0,0,0,0,0,0,0,20260402,20261212
010641,0,0,0,0,0,0,0,20260402,20261212
010642,0,0,0,0,0,0,0,20260402,20261212
010643,0,0,0,0,0,0,0,20260402,20261212
010644,0,0,0,0,0,0,0,20260402,20261212
010645,0,0,0,0,0,0,0,20260402,20261212
010646,0,0,0,0,0,0,0,20260402,20261212
010647,0,0,0,0,0,0,0,20260402,20261212
010648,0,0,0,0,0,0,0,20260402,20261212
010649,0,0,0,0,0,0,0,20260402,20261212
010650,0,0,0,0,0,0,0,20260402,20261212
010651,0,0,0,0,0,0,0,20260402,20261212
010652,0,0,0,0,0,0,0,20260402,20261212
010653,0,0,0,0,0,0,0,20260402,20261212
010654,0,0,0,0,0,0,0,20260402,20261212
010655,0,0,0,0,0,0,0,20260402,20261212
010656,0,0,0,0,0,0,0,20260402,20261212
010657,0,0,0,0,0,0,0,20260402,20261212
010658,0,0,0,0,0,0,0,20260402,20261212
010659,0,0,0,0,0,0,0,20260402,20261212
010660,0,0,0,0,0,0,0,20260402,20261212
010661,0,0,0,0,0,0,0,20260402,20261212
010662,0,0,0,0,0,0,0,20260402,20261212
010663,0,0,0,0,0,0,0,20260402,20261212
010664,0,0,0,0,0,0,0,20260402,20261212
010665,0,0,0,0,0,0,0,20260402,20261212
010666,0,0,0,0,0,0,0,20260402,20261212
010667,0,0,0,0,0,0,0,20260402,20261212
010668,0,0,0,0,0,0,0,20260402,20261212
010669,0,0,0,0,0,0,0,20260402,20261212
010670,0,0,0,0,0,0,0,20260402,20261212
010671,0,0,0,0,0,0,0,20260402,20261212
010672,0,0,0,0,0,0,0,20260402,20261212
010673,0,0,0,0,0,0,0,20260402,20261212
010674,0,0,0,0,0,0,0,20260402,20261212
010675,0,0,0,0,0,0,0,20260402,20261212
010676,0,0,0,0,0,0,0,20260402,20261212
010677,0,0,0,0,0,0,0,20260402,20261212
010678,0,0,0,0,0,0,0,20260402,20261212
010679,0,0,0,0,0,0,0,20260402,20261212
010680,0,0,0,0,0,0,0,20260402,20261212
010681,0,0,0,0,0,0,0,20260402,20261212
010682,0,0,0,0,0,0,0,20260402,20261212
010683,0,0,0,0,0,0,0,20260402,20261212
010684,0,0,0,0,0,0,0,20260402,20261212
010685,0,0,0,0,0,0,0,20260402,20261212
010686,0,0,0,0,0,0,0,20260402,20261212
010687,0,0,0,0,0,0,0,20260402,20261212
010688,0,0,0,0,0,0,0,20260402,20261212
010689,0,0,0,0,0,0,0,20260402,20261212
010690,0,0,0,0,0,0,0,20260402,20261212
010691,0,0,0,0,0,0,0,20260402,20261212
010692,0,0,0,0,0,0,0,20260402,20261212
010693,0,0,0,0,0,0,0,20260402,20261212
010694,0,0,0,0,0,0,0,20260402,20261212
010695,0,0,0,0,0,0,0,20260402,20261212
010696,0,0,0,0,0,0,0,20260402,20261212
010697,0,0,0,0,0,0,0,20260402,20261212
010698,0,0,0,0,0,0,0,20260402,20261212
010699,0,0,0,0,0,0,0,20260402,20261212
010700,0,0,0,0,0,0,0,20260402,20261212
010701,0,0,0,0,0,0,0,20260402,20261212
010702,0,0,0,0,0,0,0,20260402,20261212
010703,0,0,0,0,0,0,0,20260402,20261212
010704,0,0,0,0,0,0,0,20260402,20261212
010705,0,0,0,0,0,0,0,20260402,20261212
010706,0,0,0,0,0,0,0,20260402,20261212
010707,0,0,0,0,0,0,0,20260402,20261212
010708,0,0,0,0,0,0,0,20260402,20261212
010709,0,0,0,0,0,0,0,20260402,20261212
010710,0,0,0,0,0,0,0,20260402,20261212
010711,0,0,0,0,0,0,0,20260402,20261212
010712,0,0,0,0,0,0,0,20260402,20261212
010713,0,0,0,0,0,0,0,20260402,20261212
010714,0,0,0,0,0,0,0,20260402,20261212
010715,0,0,0,0,0,0,0,20260402,20261212
010716,0,0,0,0,0,0,0,20260402,20261212
010717,0,0,0,0,0,0,0,20260402,20261212
010718,0,0,0,0,0,0,0,20260402,20261212
010719,0,0,0,0,0,0,0,20260402,20261212
010720,0,0,0,0,0,0,0,20260402,20261212
010721,0,0,0,0,0,0,0,20260402,20261212
010722,0,0,0,0,0,0,0,20260402,20261212
010723,0,0,0,0,0,0,0,20260402,20261212
010724,0,0,0,0,0,0,0,20260402,20261212
010725,0,0,0,0,0,0,0,20260402,20261212
010726,0,0,0,0,0,0,0,20260402,20261212
010727,0,0,0,0,0,0,0,20260402,20261212
010728,0,0,0,0,0,0,0,20260402,20261212
010729,0,0,0,0,0,0,0,20260402,20261212
010730,0,0,0,0,0,0,0,20260402,20261212
010731,0,0,0,0,0,0,0,20260402,20261212
010732,0,0,0,0,0,0,0,20260402,20261212
010733,0,0,0,0,0,0,0,20260402,20261212
010734,0,0,0,0,0,0,0,20260402,20261212
010735,0,0,0,0,0,0,0,20260402,20261212
010736,0,0,0,0,0,0,0,20260402,20261212
010737,0,0,0,0,0,0,0,20260402,20261212
010738,0,0,0,0,0,0,0,20260402,20261212
010739,0,0,0,0,0,0,0,20260402,20261212
010740,0,0,0,0,0,0,0,20260402,20261212
010741,0,0,0,0,0,0,0,20260402,20261212
010742,0,0,0,0,0,0,0,20260402,20261212
010743,0,0,0,0,0,0,0,20260402,20261212
010744,0,0,0,0,0,0,0,20260402,20261212
010745,0,0,0,0,0,0,0,20260402,20261212
010746,0,0,0,0,0,0,0,20260402,20261212
010747,0,0,0,0,0,0,0,20260402,20261212
010748,0,0,0,0,0,0,0,20260402,20261212
010749,0,0,0,0,0,0,0,20260402,20261212
010750,0,0,0,0,0,0,0,20260402,20261212
010751,0,0,0,0,0,0,0,20260402,20261212
010752,0,0,0,0,0,0,0,20260402,20261212
010753,0,0,0,0,0,0,0,20260402,20261212
010754,0,0,0,0,0,0,0,20260402,20261212
010755,0,0,0,0,0,0,0,20260402,20261212
010756,0,0,0,0,0,0,0,20260402,20261212
010757,0,0,0,0,0,0,0,20260402,20261212
010758,0,0,0,0,0,0,0,20260402,20261212
010759,0,0,0,0,0,0,0,20260402,20261212
010760,0,0,0,0,0,0,0,20260402,20261212
010761,0,0,0,0,0,0,0,20260402,20261212
010762,0,0,0,0,0,0,0,20260402,20261212
010763,0,0,0,0,0,0,0,20260402,20261212
010764,0,0,0,0,0,0,0,20260402,20261212
010765,0,0,0,0,0,0,0,20260402,20261212
010766,0,0,0,0,0,0,0,20260402,20261212
010767,0,0,0,0,0,0,0,20260402,20261212
010768,0,0,0,0,0,0,0,20260402,20261212
010769,0,0,0,0,0,0,0,20260402,20261212
010770,0,0,0,0,0,0,0,20260402,20261212
010771,0,0,0,0,0,0,0,20260402,20261212
010772,0,0,0,0,0,0,0,20260402,20261212
010773,0,0,0,0,0,0,0,20260402,20261212
010774,0,0,0,0,0,0,0,20260402,20261212
010775,0,0,0,0,0,0,0,20260402,20261212
010776,0,0,0,0,0,0,0,20260402,20261212
010777,0,0,0,0,0,0,0,20260402,20261212
010778,0,0,0,0,0,0,0,20260402,20261212
010779,0,0,0,0,0,0,0,20260402,20261212
010780,0,0,0,0,0,0,0,20260402,20261212
010781,0,0,0,0,0,0,0,20260402,20261212
010782,0,0,0,0,0,0,0,20260402,20261212
010783,0,0,0,0,0,0,0,20260402,20261212
010784,0,0,0,0,0,0,0,20260402,20261212
010785,0,0,0,0,0,0,0,20260402,20261212
010786,0,0,0,0,0,0,0,20260402,20261212
010787,0,0,0,0,0,0,0,20260402,20261212
010788,0,0,0,0,0,0,0,20260402,20261212
010789,0,0,0,0,0,0,0,20260402,20261212
010790,0,0,0,0,0,0,0,20260402,20261212
010791,0,0,0,0,0,0,0,20260402,20261212
010792,0,0,0,0,0,0,0,20260402,20261212
010793,0,0,0,0,0,0,0,20260402,20261212
010794,0,0,0,0,0,0,0,20260402,20261212
010795,0,0,0,0,0,0,0,20260402,20261212
010796,0,0,0,0,0,0,0,20260402,20261212
010797,0,0,0,0,0,0,0,20260402,20261212
010798,0,0,0,0,0,0,0,20260402,20261212
010799,0,0,0,0,0,0,0,20260402,20261212
010800,0,0,0,0,0,0,0,20260402,20261212
010801,0,0,0,0,0,0,0,20260402,20261212
010802,0,0,0,0,0,0,0,20260402,20261212
010803,0,0,0,0,0,0,0,20260402,20261212
010804,0,0,0,0,0,0,0,20260402,20261212
010805,0,0,0,0,0,0,0,20260402,20261212
010806,0,0,0,0,0,0,0,20260402,20261212
010807,0,0,0,0,0,0,0,20260402,20261212
010808,0,0,0,0,0,0,0,20260402,20261212
010809,0,0,0,0,0,0,0,20260402,20261212
010810,0,0,0,0,0,0,0,20260402,20261212
010811,0,0,0,0,0,0,0,20260402,20261212
010812,0,0,0,0,0,0,0,20260402,20261212
010813,0,0,0,0,0,0,0,20260402,20261212
010814,0,0,0,0,0,0,0,20260402,20261212
010815,0,0,0,0,0,0,0,20260402,20261212
010816,0,0,0,0,0,0,0,20260402,20261212
010817,0,0,0,0,0,0,0,20260402,20261212
010818,0,0,0,0,0,0,0,20260402,20261212
010819,0,0,0,0,0,0,0,20260402,20261212
010820,0,0,0,0,0,0,0,20260402,20261212
010821,0,0,0,0,0,0,0,20260402,20261212
010822,0,0,0,0,0,0,0,20260402,20261212
010823,0,0,0,0,0,0,0,20260402,20261212
010824,0,0,0,0,0,0,0,20260402,20261212
010825,0,0,0,0,0,0,0,20260402,20261212
010826,0,0,0,0,0,0,0,20260402,20261212
010827,0,0,0,0,0,0,0,20260402,20261212
010828,0,0,0,0,0,0,0,20260402,20261212
010829,0,0,0,0,0,0,0,20260402,20261212
010830,0,0,0,0,0,0,0,20260402,20261212
010831,0,0,0,0,0,0,0,20260402,20261212
010832,0,0,0,0,0,0,0,20260402,20261212
010833,0,0,0,0,0,0,0,20260402,20261212
010834,0,0,0,0,0,0,0,20260402,20261212
010835,0,0,0,0,0,0,0,20260402,20261212
010836,0,0,0,0,0,0,0,20260402,20261212
010837,0,0,0,0,0,0,0,20260402,20261212
010838,0,0,0,0,0,0,0,20260402,20261212
010839,0,0,0,0,0,0,0,20260402,20261212
010840,0,0,0,0,0,0,0,20260402,20261212
010841,0,0,0,0,0,0,0,20260402,20261212
010842,0,0,0,0,0,0,0,20260402,20261212
010843,0,0,0,0,0,0,0,20260402,20261212
010844,0,0,0,0,0,0,0,20260402,20261212
010845,0,0,0,0,0,0,0,20260402,20261212
010846,0,0,0,0,0,0,0,20260402,20261212
010847,0,0,0,0,0,0,0,20260402,20261212
010848,0,0,0,0,0,0,0,20260402,20261212
010849,0,0,0,0,0,0,0,20260402,20261212
010850,0,0,0,0,0,0,0,20260402,20261212
010851,0,0,0,0,0,0,0,20260402,20261212
010852,0,0,0,0,0,0,0,20260402,20261212
010853,0,0,0,0,0,0,0,20260402,20261212
010854,0,0,0,0,0,0,0,20260402,20261212
010855,0,0,0,0,0,0,0,20260402,20261212
010856,0,0,0,0,0,0,0,20260402,20261212
010857,0,0,0,0,0,0,0,20260402,20261212
010858,0,0,0,0,0,0,0,20260402,20261212
010859,0,0,0,0,0,0,0,20260402,20261212
010860,0,0,0,0,0,0,0,20260402,20261212
010861,0,0,0,0,0,0,0,20260402,20261212
010862,0,0,0,0,0,0,0,20260402,20261212
010863,0,0,0,0,0,0,0,20260402,20261212
010864,0,0,0,0,0,0,0,20260402,20261212
010865,0,0,0,0,0,0,0,20260402,20261212
010866,0,0,0,0,0,0,0,20260402,20261212
010867,0,0,0,0,0,0,0,20260402,20261212
010868,0,0,0,0,0,0,0,20260402,20261212
010869,0,0,0,0,0,0,0,20260402,20261212
010870,0,0,0,0,0,0,0,20260402,20261212
010871,0,0,0,0,0,0,0,20260402,20261212
010872,0,0,0,0,0,0,0,20260402,20261212
010873,0,0,0,0,0,0,0,20260402,20261212
010874,0,0,0,0,0,0,0,20260402,20261212
010875,0,0,0,0,0,0,0,20260402,20261212
010876,0,0,0,0,0,0,0,20260402,20261212
010877,0,0,0,0,0,0,0,20260402,20261212
010878,0,0,0,0,0,0,0,20260402,20261212
010879,0,0,0,0,0,0,0,20260402,20261212
010880,0,0,0,0,0,0,0,20260402,20261212
010881,0,0,0,0,0,0,0,20260402,20261212
010882,0,0,0,0,0,0,0,20260402,20261212
010883,0,0,0,0,0,0,0,20260402,20261212
010884,0,0,0,0,0,0,0,20260402,20261212
010885,0,0,0,0,0,0,0,20260402,20261212
010886,0,0,0,0,0,0,0,20260402,20261212
010887,0,0,0,0,0,0,0,20260402,20261212
010888,0,0,0,0,0,0,0,20260402,20261212
010889,0,0,0,0,0,0,0,20260402,20261212
010890,0,0,0,0,0,0,0,20260402,20261212
010891,0,0,0,0,0,0,0,20260402,20261212
010892,0,0,0,0,0,0,0,20260402,20261212
010893,0,0,0,0,0,0,0,20260402,20261212
010894,0,0,0,0,0,0,0,20260402,20261212
010895,0,0,0,0,0,0,0,20260402,20261212
010896,0,0,0,0,0,0,0,20260402,20261212
010897,0,0,0,0,0,0,0,20260402,20261212
010898,0,0,0,0,0,0,0,20260402,20261212
010899,0,0,0,0,0,0,0,20260402,20261212
010900,0,0,0,0,0,0,0,20260402,20261212
010901,0,0,0,0,0,0,0,20260402,20261212
010902,0,0,0,0,0,0,0,20260402,20261212
010903,0,0,0,0,0,0,0,20260402,20261212
010904,0,0,0,0,0,0,0,20260402,20261212
010905,0,0,0,0,0,0,0,20260402,20261212
010906,0,0,0,0,0,0,0,20260402,20261212
010907,0,0,0,0,0,0,0,20260402,20261212
010908,0,0,0,0,0,0,0,20260402,20261212
010909,0,0,0,0,0,0,0,20260402,20261212
010910,0,0,0,0,0,0,0,20260402,20261212
010911,0,0,0,0,0,0,0,20260402,20261212
010912,0,0,0,0,0,0,0,20260402,20261212
010913,0,0,0,0,0,0,0,20260402,20261212
010914,0,0,0,0,0,0,0,20260402,20261212
010915,0,0,0,0,0,0,0,20260402,20261212
010916,0,0,0,0,0,0,0,20260402,20261212
010917,0,0,0,0,0,0,0,20260402,20261212
010918,0,0,0,0,0,0,0,20260402,20261212
010919,0,0,0,0,0,0,0,20260402,20261212
010920,0,0,0,0,0,0,0,20260402,20261212
010921,0,0,0,0,0,0,0,20260402,20261212
010922,0,0,0,0,0,0,0,20260402,20261212
010923,0,0,0,0,0,0,0,20260402,20261212
010924,0,0,0,0,0,0,0,20260402,20261212
010925,0,0,0,0,0,0,0,20260402,20261212
010926,0,0,0,0,0,0,0,20260402,20261212
010927,0,0,0,0,0,0,0,20260402,20261212
010928,0,0,0,0,0,0,0,20260402,20261212
010929,0,0,0,0,0,0,0,20260402,20261212
010930,0,0,0,0,0,0,0,20260402,20261212
010931,0,0,0,0,0,0,0,20260402,20261212
010932,0,0,0,0,0,0,0,20260402,20261212
010933,0,0,0,0,0,0,0,20260402,20261212
010934,0,0,0,0,0,0,0,20260402,20261212
010935,0,0,0,0,0,0,0,20260402,20261212
010936,0,0,0,0,0,0,0,20260402,20261212
010937,0,0,0,0,0,0,0,20260402,20261212
010938,0,0,0,0,0,0,0,20260402,20261212
010939,0,0,0,0,0,0,0,20260402,20261212
010940,0,0,0,0,0,0,0,20260402,20261212
010941,0,0,0,0,0,0,0,20260402,20261212
010942,0,0,0,0,0,0,0,20260402,20261212
010943,0,0,0,0,0,0,0,20260402,20261212
010944,0,0,0,0,0,0,0,20260402,20261212
010945,0,0,0,0,0,0,0,20260402,20261212
010946,0,0,0,0,0,0,0,20260402,20261212
010947,0,0,0,0,0,0,0,20260402,20261212
010948,0,0,0,0,0,0,0,20260402,20261212
010949,0,0,0,0,0,0,0,20260402,20261212
010950,0,0,0,0,0,0,0,20260402,20261212
010951,0,0,0,0,0,0,0,20260402,20261212
010952,0,0,0,0,0,0,0,20260402,20261212
010953,0,0,0,0,0,0,0,20260402,20261212
010954,0,0,0,0,0,0,0,20260402,20261212
010955,0,0,0,0,0,0,0,20260402,20261212
010956,0,0,0,0,0,0,0,20260402,20261212
010957,0,0,0,0,0,0,0,20260402,20261212
010958,0,0,0,0,0,0,0,20260402,20261212
010959,0,0,0,0,0,0,0,20260402,20261212
010960,0,0,0,0,0,0,0,20260402,20261212
010961,0,0,0,0,0,0,0,20260402,20261212
010962,0,0,0,0,0,0,0,20260402,20261212
010963,0,0,0,0,0,0,0,20260402,20261212
010964,0,0,0,0,0,0,0,20260402,20261212
010965,0,0,0,0,0,0,0,20260402,20261212
010966,0,0,0,0,0,0,0,20260402,20261212
010967,0,0,0,0,0,0,0,20260402,20261212
010968,0,0,0,0,0,0,0,20260402,20261212
010969,0,0,0,0,0,0,0,20260402,20261212
010970,0,0,0,0,0,0,0,20260402,20261212
010971,0,0,0,0,0,0,0,20260402,20261212
010972,0,0,0,0,0,0,0,20260402,20261212
010973,0,0,0,0,0,0,0,20260402,20261212
010974,0,0,0,0,0,0,0,20260402,20261212
010975,0,0,0,0,0,0,0,20260402,20261212
010976,0,0,0,0,0,0,0,20260402,20261212
010977,0,0,0,0,0,0,0,20260402,20261212
010978,0,0,0,0,0,0,0,20260402,20261212
010979,0,0,0,0,0,0,0,20260402,20261212
010980,0,0,0,0,0,0,0,20260402,20261212
010981,0,0,0,0,0,0,0,20260402,20261212
010982,0,0,0,0,0,0,0,20260402,20261212
010983,0,0,0,0,0,0,0,20260402,20261212
010984,0,0,0,0,0,0,0,20260402,20261212
010985,0,0,0,0,0,0,0,20260402,20261212
010986,0,0,0,0,0,0,0,20260402,20261212
010987,0,0,0,0,0,0,0,20260402,20261212
010988,0,0,0,0,0,0,0,20260402,20261212
010989,0,0,0,0,0,0,0,20260402,20261212
010990,0,0,0,0,0,0,0,20260402,20261212
010991,0,0,0,0,0,0,0,20260402,20261212
010992,0,0,0,0,0,0,0,20260402,20261212
010993,0,0,0,0,0,0,0,20260402,20261212
010994,0,0,0,0,0,0,0,20260402,20261212
010995,0,0,0,0,0,0,0,20260402,20261212
010996,0,0,0,0,0,0,0,20260402,20261212
010997,0,0,0,0,0,0,0,20260402,20261212
010998,0,0,0,0,0,0,0,20260402,20261212
010999,0,0,0,0,0,0,0,20260402,20261212
011000,0,0,0,0,0,0,0,20260402,20261212
011001,0,0,0,0,0,0,0,20260402,20261212
011002,0,0,0,0,0,0,0,20260402,20261212
011003,0,0,0,0,0,0,0,20260402,20261212
011004,0,0,0,0,0,0,0,20260402,20261212
011005,0,0,0,0,0,0,0,20260402,20261212
011006,0,0,0,0,0,0,0,20260402,20261212
011007,0,0,0,0,0,0,0,20260402,20261212
011008,0,0,0,0,0,0,0,20260402,20261212
011009,0,0,0,0,0,0,0,20260402,20261212
011010,0,0,0,0,0,0,0,20260402,20261212
011011,0,0,0,0,0,0,0,20260402,20261212
011012,0,0,0,0,0,0,0,20260402,20261212
011013,0,0,0,0,0,0,0,20260402,20261212
011014,0,0,0,0,0,0,0,20260402,20261212
011015,0,0,0,0,0,0,0,20260402,20261212
011016,0,0,0,0,0,0,0,20260402,20261212
011017,0,0,0,0,0,0,0,20260402,20261212
011018,0,0,0,0,0,0,0,20260402,20261212
011019,0,0,0,0,0,0,0,20260402,20261212
011020,0,0,0,0,0,0,0,20260402,20261212
011021,0,0,0,0,0,0,0,20260402,20261212
011022,0,0,0,0,0,0,0,20260402,20261212
011023,0,0,0,0,0,0,0,20260402,20261212
011024,0,0,0,0,0,0,0,20260402,20261212
011025,0,0,0,0,0,0,0,20260402,20261212
011026,0,0,0,0,0,0,0,20260402,20261212
011027,0,0,0,0,0,0,0,20260402,20261212
011028,0,0,0,0,0,0,0,20260402,20261212
011029,0,0,0,0,0,0,0,20260402,20261212
011030,0,0,0,0,0,0,0,20260402,20261212
011031,0,0,0,0,0,0,0,20260402,20261212
011032,0,0,0,0,0,0,0,20260402,20261212
011033,0,0,0,0,0,0,0,20260402,20261212
011034,0,0,0,0,0,0,0,20260402,20261212
011035,0,0,0,0,0,0,0,20260402,20261212
011036,0,0,0,0,0,0,0,20260402,20261212
011037,0,0,0,0,0,0,0,20260402,20261212
011038,0,0,0,0,0,0,0,20260402,20261212
011039,0,0,0,0,0,0,0,20260402,20261212
011040,0,0,0,0,0,0,0,20260402,20261212
011041,0,0,0,0,0,0,0,20260402,20261212
011042,0,0,0,0,0,0,0,20260402,20261212
011043,0,0,0,0,0,0,0,20260402,20261212
011044,0,0,0,0,0,0,0,20260402,20261212
011045,0,0,0,0,0,0,0,20260402,20261212
011046,0,0,0,0,0,0,0,20260402,20261212
011047,0,0,0,0,0,0,0,20260402,20261212
011048,0,0,0,0,0,0,0,20260402,20261212
011049,0,0,0,0,0,0,0,20260402,20261212
011050,0,0,0,0,0,0,0,20260402,20261212
011051,0,0,0,0,0,0,0,20260402,20261212
011052,0,0,0,0,0,0,0,20260402,20261212
011053,0,0,0,0,0,0,0,20260402,20261212
011054,0,0,0,0,0,0,0,20260402,20261212
011055,0,0,0,0,0,0,0,20260402,20261212
011056,0,0,0,0,0,0,0,20260402,20261212
011057,0,0,0,0,0,0,0,20260402,20261212
011058,0,0,0,0,0,0,0,20260402,20261212
011059,0,0,0,0,0,0,0,20260402,20261212
011060,0,0,0,0,0,0,0,20260402,20261212
011061,0,0,0,0,0,0,0,20260402,20261212
011062,0,0,0,0,0,0,0,20260402,20261212
011063,0,0,0,0,0,0,0,20260402,20261212
011064,0,0,0,0,0,0,0,20260402,20261212
011065,0,0,0,0,0,0,0,20260402,20261212
011066,0,0,0,0,0,0,0,20260402,20261212
011067,0,0,0,0,0,0,0,20260402,20261212
011068,0,0,0,0,0,0,0,20260402,20261212
011069,0,0,0,0,0,0,0,20260402,20261212
011070,0,0,0,0,0,0,0,20260402,20261212
011071,0,0,0,0,0,0,0,20260402,20261212
011072,0,0,0,0,0,0,0,20260402,20261212
011073,0,0,0,0,0,0,0,20260402,20261212
011074,0,0,0,0,0,0,0,20260402,20261212
011075,0,0,0,0,0,0,0,20260402,20261212
011076,0,0,0,0,0,0,0,20260402,20261212
011077,0,0,0,0,0,0,0,20260402,20261212
011078,0,0,0,0,0,0,0,20260402,20261212
011079,0,0,0,0,0,0,0,20260402,20261212
011080,0,0,0,0,0,0,0,20260402,20261212
011081,0,0,0,0,0,0,0,20260402,20261212
011082,0,0,0,0,0,0,0,20260402,20261212
011083,0,0,0,0,0,0,0,20260402,20261212
011084,0,0,0,0,0,0,0,20260402,20261212
011085,0,0,0,0,0,0,0,20260402,20261212
011086,0,0,0,0,0,0,0,20260402,20261212
011087,0,0,0,0,0,0,0,20260402,20261212
011088,0,0,0,0,0,0,0,20260402,20261212
011089,0,0,0,0,0,0,0,20260402,20261212
011090,0,0,0,0,0,0,0,20260402,20261212
011091,0,0,0,0,0,0,0,20260402,20261212
011092,0,0,0,0,0,0,0,20260402,20261212
011093,0,0,0,0,0,0,0,20260402,20261212
011094,0,0,0,0,0,0,0,20260402,20261212
011095,0,0,0,0,0,0,0,20260402,20261212
011096,0,0,0,0,0,0,0,20260402,20261212
011097,0,0,0,0,0,0,0,20260402,20261212
011098,0,0,0,0,0,0,0,20260402,20261212
011099,0,0,0,0,0,0,0,20260402,20261212
011100,0,0,0,0,0,0,0,20260402,20261212
011101,0,0,0,0,0,0,0,20260402,20261212
011102,0,0,0,0,0,0,0,20260402,20261212
011103,0,0,0,0,0,0,0,20260402,20261212
011104,0,0,0,0,0,0,0,20260402,20261212
011105,0,0,0,0,0,0,0,20260402,20261212
011106,0,0,0,0,0,0,0,20260402,20261212
011107,0,0,0,0,0,0,0,20260402,20261212
011108,0,0,0,0,0,0,0,20260402,20261212
011109,0,0,0,0,0,0,0,20260402,20261212
011110,0,0,0,0,0,0,0,20260402,20261212
011111,0,0,0,0,0,0,0,20260402,20261212
011112,0,0,0,0,0,0,0,20260402,20261212
011113,0,0,0,0,0,0,0,20260402,20261212
011114,0,0,0,0,0,0,0,20260402,20261212
011115,0,0,0,0,0,0,0,20260402,20261212
011116,0,0,0,0,0,0,0,20260402,20261212
011117,0,0,0,0,0,0,0,20260402,20261212
011118,0,0,0,0,0,0,0,20260402,20261212
011119,0,0,0,0,0,0,0,20260402,20261212
011120,0,0,0,0,0,0,0,20260402,20261212
011121,0,0,0,0,0,0,0,20260402,20261212
011122,0,0,0,0,0,0,0,20260402,20261212
011123,0,0,0,0,0,0,0,20260402,20261212
011124,0,0,0,0,0,0,0,20260402,20261212
011125,0,0,0,0,0,0,0,20260402,20261212
011126,0,0,0,0,0,0,0,20260402,20261212
011127,0,0,0,0,0,0,0,20260402,20261212
011128,0,0,0,0,0,0,0,20260402,20261212
011129,0,0,0,0,0,0,0,20260402,20261212
011130,0,0,0,0,0,0,0,20260402,20261212
011131,0,0,0,0,0,0,0,20260402,20261212
011132,0,0,0,0,0,0,0,20260402,20261212
011133,0,0,0,0,0,0,0,20260402,20261212
011134,0,0,0,0,0,0,0,20260402,20261212
011135,0,0,0,0,0,0,0,20260402,20261212
011136,0,0,0,0,0,0,0,20260402,20261212
011137,0,0,0,0,0,0,0,20260402,20261212
011138,0,0,0,0,0,0,0,20260402,20261212
011139,0,0,0,0,0,0,0,20260402,20261212
011140,0,0,0,0,0,0,0,20260402,20261212
011141,0,0,0,0,0,0,0,20260402,20261212
011142,0,0,0,0,0,0,0,20260402,20261212
011143,0,0,0,0,0,0,0,20260402,20261212
011144,0,0,0,0,0,0,0,20260402,20261212
011145,0,0,0,0,0,0,0,20260402,20261212
011146,0,0,0,0,0,0,0,20260402,20261212
011147,0,0,0,0,0,0,0,20260402,20261212
011148,0,0,0,0,0,0,0,20260402,20261212
011149,0,0,0,0,0,0,0,20260402,20261212
011150,0,0,0,0,0,0,0,20260402,20261212
011151,0,0,0,0,0,0,0,20260402,20261212
011152,0,0,0,0,0,0,0,20260402,20261212
011153,0,0,0,0,0,0,0,20260402,20261212
011154,0,0,0,0,0,0,0,20260402,20261212
011155,0,0,0,0,0,0,0,20260402,20261212
011156,0,0,0,0,0,0,0,20260402,20261212
011157,0,0,0,0,0,0,0,20260402,20261212
011158,0,0,0,0,0,0,0,20260402,20261212
011159,0,0,0,0,0,0,0,20260402,20261212
011160,0,0,0,0,0,0,0,20260402,20261212
011161,0,0,0,0,0,0,0,20260402,20261212
011162,0,0,0,0,0,0,0,20260402,20261212
011163,0,0,0,0,0,0,0,20260402,20261212
011164,0,0,0,0,0,0,0,20260402,20261212
011165,0,0,0,0,0,0,0,20260402,20261212
011166,0,0,0,0,0,0,0,20260402,20261212
011167,0,0,0,0,0,0,0,20260402,20261212
011168,0,0,0,0,0,0,0,20260402,20261212
011169,0,0,0,0,0,0,0,20260402,20261212
011170,0,0,0,0,0,0,0,20260402,20261212
011171,0,0,0,0,0,0,0,20260402,20261212
011172,0,0,0,0,0,0,0,20260402,20261212
011173,0,0,0,0,0,0,0,20260402,20261212
011174,0,0,0,0,0,0,0,20260402,20261212
011175,0,0,0,0,0,0,0,20260402,20261212
011176,0,0,0,0,0,0,0,20260402,20261212
011177,0,0,0,0,0,0,0,20260402,20261212
011178,0,0,0,0,0,0,0,20260402,20261212
011179,0,0,0,0,0,0,0,20260402,20261212
011180,0,0,0,0,0,0,0,20260402,20261212
011181,0,0,0,0,0,0,0,20260402,20261212
011182,0,0,0,0,0,0,0,20260402,20261212
011183,0,0,0,0,0,0,0,20260402,20261212
011184,0,0,0,0,0,0,0,20260402,20261212
011185,0,0,0,0,0,0,0,20260402,20261212
011186,0,0,0,0,0,0,0,20260402,20261212
011187,0,0,0,0,0,0,0,20260402,20261212
011188,0,0,0,0,0,0,0,20260402,20261212
011189,0,0,0,0,0,0,0,20260402,20261212
011190,0,0,0,0,0,0,0,20260402,20261212
011191,0,0,0,0,0,0,0,20260402,20261212
011192,0,0,0,0,0,0,0,20260402,20261212
011193,0,0,0,0,0,0,0,20260402,20261212
011194,0,0,0,0,0,0,0,20260402,20261212
011195,0,0,0,0,0,0,0,20260402,20261212
011196,0,0,0,0,0,0,0,20260402,20261212
011197,0,0,0,0,0,0,0,20260402,20261212
011198,0,0,0,0,0,0,0,20260402,20261212
011199,0,0,0,0,0,0,0,20260402,20261212
011200,0,0,0,0,0,0,0,20260402,20261212
011201,0,0,0,0,0,0,0,20260402,20261212
011202,0,0,0,0,0,0,0,20260402,20261212
011203,0,0,0,0,0,0,0,20260402,20261212
011204,0,0,0,0,0,0,0,20260402,20261212
011205,0,0,0,0,0,0,0,20260402,20261212
011206,0,0,0,0,0,0,0,20260402,20261212
011207,0,0,0,0,0,0,0,20260402,20261212
011208,0,0,0,0,0,0,0,20260402,20261212
011209,0,0,0,0,0,0,0,20260402,20261212
011210,0,0,0,0,0,0,0,20260402,20261212
011211,0,0,0,0,0,0,0,20260402,20261212
011212,0,0,0,0,0,0,0,20260402,20261212
011213,0,0,0,0,0,0,0,20260402,20261212
011214,0,0,0,0,0,0,0,20260402,20261212
011215,0,0,0,0,0,0,0,20260402,20261212
011216,0,0,0,0,0,0,0,20260402,20261212
011217,0,0,0,0,0,0,0,20260402,20261212
011218,0,0,0,0,0,0,0,20260402,20261212
011219,0,0,0,0,0,0,0,20260402,20261212
011220,0,0,0,0,0,0,0,20260402,20261212
011221,0,0,0,0,0,0,0,20260402,20261212
011222,0,0,0,0,0,0,0,20260402,20261212
011223,0,0,0,0,0,0,0,20260402,20261212
011224,0,0,0,0,0,0,0,20260402,20261212
011225,0,0,0,0,0,0,0,20260402,20261212
011226,0,0,0,0,0,0,0,20260402,20261212
011227,0,0,0,0,0,0,0,20260402,20261212
011228,0,0,0,0,0,0,0,20260402,20261212
011229,0,0,0,0,0,0,0,20260402,20261212
011230,0,0,0,0,0,0,0,20260402,20261212
011231,0,0,0,0,0,0,0,20260402,20261212
011232,0,0,0,0,0,0,0,20260402,20261212
011233,0,0,0,0,0,0,0,20260402,20261212
011234,0,0,0,0,0,0,0,20260402,20261212
011235,0,0,0,0,0,0,0,20260402,20261212
011236,0,0,0,0,0,0,0,20260402,20261212
011237,0,0,0,0,0,0,0,20260402,20261212
011238,0,0,0,0,0,0,0,20260402,20261212
011239,0,0,0,0,0,0,0,20260402,20261212
011240,0,0,0,0,0,0,0,20260402,20261212
011241,0,0,0,0,0,0,0,20260402,20261212
011242,0,0,0,0,0,0,0,20260402,20261212
011243,0,0,0,0,0,0,0,20260402,20261212
011244,0,0,0,0,0,0,0,20260402,20261212
011245,0,0,0,0,0,0,0,20260402,20261212
011246,0,0,0,0,0,0,0,20260402,20261212
011247,0,0,0,0,0,0,0,20260402,20261212
011248,0,0,0,0,0,0,0,20260402,20261212
011249,0,0,0,0,0,0,0,20260402,20261212
011250,0,0,0,0,0,0,0,20260402,20261212
011251,0,0,0,0,0,0,0,20260402,20261212
011252,0,0,0,0,0,0,0,20260402,20261212
011253,0,0,0,0,0,0,0,20260402,20261212
011254,0,0,0,0,0,0,0,20260402,20261212
011255,0,0,0,0,0,0,0,20260402,20261212
011256,0,0,0,0,0,0,0,20260402,20261212
011257,0,0,0,0,0,0,0,20260402,20261212
011258,0,0,0,0,0,0,0,20260402,20261212
011259,0,0,0,0,0,0,0,20260402,20261212
011260,0,0,0,0,0,0,0,20260402,20261212
011261,0,0,0,0,0,0,0,20260402,20261212
011262,0,0,0,0,0,0,0,20260402,20261212
011263,0,0,0,0,0,0,0,20260402,20261212
011264,0,0,0,0,0,0,0,20260402,20261212
011265,0,0,0,0,0,0,0,20260402,20261212
011266,0,0,0,0,0,0,0,20260402,20261212
011267,0,0,0,0,0,0,0,20260402,20261212
011268,0,0,0,0,0,0,0,20260402,20261212
011269,0,0,0,0,0,0,0,20260402,20261212
011270,0,0,0,0,0,0,0,20260402,20261212
011271,0,0,0,0,0,0,0,20260402,20261212
011272,0,0,0,0,0,0,0,20260402,20261212
011273,0,0,0,0,0,0,0,20260402,20261212
011274,0,0,0,0,0,0,0,20260402,20261212
011275,0,0,0,0,0,0,0,20260402,20261212
011276,0,0,0,0,0,0,0,20260402,20261212
011277,0,0,0,0,0,0,0,20260402,20261212
011278,0,0,0,0,0,0,0,20260402,20261212
011279,0,0,0,0,0,0,0,20260402,20261212
011280,0,0,0,0,0,0,0,20260402,20261212
011281,0,0,0,0,0,0,0,20260402,20261212
011282,0,0,0,0,0,0,0,20260402,20261212
011283,0,0,0,0,0,0,0,20260402,20261212
011284,0,0,0,0,0,0,0,20260402,20261212
011285,0,0,0,0,0,0,0,20260402,20261212
011286,0,0,0,0,0,0,0,20260402,20261212
011287,0,0,0,0,0,0,0,20260402,20261212
011288,0,0,0,0,0,0,0,20260402,20261212
011289,0,0,0,0,0,0,0,20260402,20261212
011290,0,0,0,0,0,0,0,20260402,20261212
011291,0,0,0,0,0,0,0,20260402,20261212
011292,0,0,0,0,0,0,0,20260402,20261212
011293,0,0,0,0,0,0,0,20260402,20261212
011294,0,0,0,0,0,0,0,20260402,20261212
011295,0,0,0,0,0,0,0,20260402,20261212
011296,0,0,0,0,0,0,0,20260402,20261212
011297,0,0,0,0,0,0,0,20260402,20261212
011298,0,0,0,0,0,0,0,20260402,20261212
011299,0,0,0,0,0,0,0,20260402,20261212
011300,0,0,0,0,0,0,0,20260402,20261212
011301,0,0,0,0,0,0,0,20260402,20261212
011302,0,0,0,0,0,0,0,20260402,20261212
011303,0,0,0,0,0,0,0,20260402,20261212
011304,0,0,0,0,0,0,0,20260402,20261212
011305,0,0,0,0,0,0,0,20260402,20261212
011306,0,0,0,0,0,0,0,20260402,20261212
011307,0,0,0,0,0,0,0,20260402,20261212
011308,0,0,0,0,0,0,0,20260402,20261212
011309,0,0,0,0,0,0,0,20260402,20261212
011310,0,0,0,0,0,0,0,20260402,20261212
011311,0,0,0,0,0,0,0,20260402,20261212
011312,0,0,0,0,0,0,0,20260402,20261212
011313,0,0,0,0,0,0,0,20260402,20261212
011314,0,0,0,0,0,0,0,20260402,20261212
011315,0,0,0,0,0,0,0,20260402,20261212
011316,0,0,0,0,0,0,0,20260402,20261212
011317,0,0,0,0,0,0,0,20260402,20261212
011318,0,0,0,0,0,0,0,20260402,20261212
011319,0,0,0,0,0,0,0,20260402,20261212
011320,0,0,0,0,0,0,0,20260402,20261212
011321,0,0,0,0,0,0,0,20260402,20261212
011322,0,0,0,0,0,0,0,20260402,20261212
011323,0,0,0,0,0,0,0,20260402,20261212
011324,0,0,0,0,0,0,0,20260402,20261212
011325,0,0,0,0,0,0,0,20260402,20261212
011326,0,0,0,0,0,0,0,20260402,20261212
011327,0,0,0,0,0,0,0,20260402,20261212
011328,0,0,0,0,0,0,0,20260402,20261212
011329,0,0,0,0,0,0,0,20260402,20261212
011330,0,0,0,0,0,0,0,20260402,20261212
011331,0,0,0,0,0,0,0,20260402,20261212
011332,0,0,0,0,0,0,0,20260402,20261212
011333,0,0,0,0,0,0,0,20260402,20261212
011334,0,0,0,0,0,0,0,20260402,20261212
011335,0,0,0,0,0,0,0,20260402,20261212
011336,0,0,0,0,0,0,0,20260402,20261212
011337,0,0,0,0,0,0,0,20260402,20261212
011338,0,0,0,0,0,0,0,20260402,20261212
011339,0,0,0,0,0,0,0,20260402,20261212
011340,0,0,0,0,0,0,0,20260402,20261212
011341,0,0,0,0,0,0,0,20260402,20261212
011342,0,0,0,0,0,0,0,20260402,20261212
011343,0,0,0,0,0,0,0,20260402,20261212
011344,0,0,0,0,0,0,0,20260402,20261212
011345,0,0,0,0,0,0,0,20260402,20261212
011346,0,0,0,0,0,0,0,20260402,20261212
011347,0,0,0,0,0,0,0,20260402,20261212
011348,0,0,0,0,0,0,0,20260402,20261212
011349,0,0,0,0,0,0,0,20260402,20261212
011350,0,0,0,0,0,0,0,20260402,20261212
011351,0,0,0,0,0,0,0,20260402,20261212
011352,0,0,0,0,0,0,0,20260402,20261212
011353,0,0,0,0,0,0,0,20260402,20261212
011354,0,0,0,0,0,0,0,20260402,20261212
011355,0,0,0,0,0,0,0,20260402,20261212
011356,0,0,0,0,0,0,0,20260402,20261212
011357,0,0,0,0,0,0,0,20260402,20261212
011358,0,0,0,0,0,0,0,20260402,20261212
011359,0,0,0,0,0,0,0,20260402,20261212
011360,0,0,0,0,0,0,0,20260402,20261212
011361,0,0,0,0,0,0,0,20260402,20261212
011362,0,0,0,0,0,0,0,20260402,20261212
011363,0,0,0,0,0,0,0,20260402,20261212
011364,0,0,0,0,0,0,0,20260402,20261212
011365,0,0,0,0,0,0,0,20260402,20261212
011366,0,0,0,0,0,0,0,20260402,20261212
011367,0,0,0,0,0,0,0,20260402,20261212
011368,0,0,0,0,0,0,0,20260402,20261212
011369,0,0,0,0,0,0,0,20260402,20261212
011370,0,0,0,0,0,0,0,20260402,20261212
011371,0,0,0,0,0,0,0,20260402,20261212
011372,0,0,0,0,0,0,0,20260402,20261212
011373,0,0,0,0,0,0,0,20260402,20261212
011374,0,0,0,0,0,0,0,20260402,20261212
011375,0,0,0,0,0,0,0,20260402,20261212
011376,0,0,0,0,0,0,0,20260402,20261212
011377,0,0,0,0,0,0,0,20260402,20261212
011378,0,0,0,0,0,0,0,20260402,20261212
011379,0,0,0,0,0,0,0,20260402,20261212
011380,0,0,0,0,0,0,0,20260402,20261212
011381,0,0,0,0,0,0,0,20260402,20261212
011382,0,0,0,0,0,0,0,20260402,20261212
011383,0,0,0,0,0,0,0,20260402,20261212
011384,0,0,0,0,0,0,0,20260402,20261212
011385,0,0,0,0,0,0,0,20260402,20261212
011386,0,0,0,0,0,0,0,20260402,20261212
011387,0,0,0,0,0,0,0,20260402,20261212
011388,0,0,0,0,0,0,0,20260402,20261212
011389,0,0,0,0,0,0,0,20260402,20261212
011390,0,0,0,0,0,0,0,20260402,20261212
011391,0,0,0,0,0,0,0,20260402,20261212
011392,0,0,0,0,0,0,0,20260402,20261212
011393,0,0,0,0,0,0,0,20260402,20261212
011394,0,0,0,0,0,0,0,20260402,20261212
011395,0,0,0,0,0,0,0,20260402,20261212
011396,0,0,0,0,0,0,0,20260402,20261212
011397,0,0,0,0,0,0,0,20260402,20261212
011398,0,0,0,0,0,0,0,20260402,20261212
011399,0,0,0,0,0,0,0,20260402,20261212
011400,0,0,0,0,0,0,0,20260402,20261212
011401,0,0,0,0,0,0,0,20260402,20261212
011402,0,0,0,0,0,0,0,20260402,20261212
011403,0,0,0,0,0,0,0,20260402,20261212
011404,0,0,0,0,0,0,0,20260402,20261212
011405,0,0,0,0,0,0,0,20260402,20261212
011406,0,0,0,0,0,0,0,20260402,20261212
011407,0,0,0,0,0,0,0,20260402,20261212
011408,0,0,0,0,0,0,0,20260402,20261212
011409,0,0,0,0,0,0,0,20260402,20261212
011410,0,0,0,0,0,0,0,20260402,20261212
011411,0,0,0,0,0,0,0,20260402,20261212
011412,0,0,0,0,0,0,0,20260402,20261212
011413,0,0,0,0,0,0,0,20260402,20261212
011414,0,0,0,0,0,0,0,20260402,20261212
011415,0,0,0,0,0,0,0,20260402,20261212
011416,0,0,0,0,0,0,0,20260402,20261212
011417,0,0,0,0,0,0,0,20260402,20261212
011418,0,0,0,0,0,0,0,20260402,20261212
011419,0,0,0,0,0,0,0,20260402,20261212
011420,0,0,0,0,0,0,0,20260402,20261212
011421,0,0,0,0,0,0,0,20260402,20261212
011422,0,0,0,0,0,0,0,20260402,20261212
011423,0,0,0,0,0,0,0,20260402,20261212
011424,0,0,0,0,0,0,0,20260402,20261212
011425,0,0,0,0,0,0,0,20260402,20261212
011426,0,0,0,0,0,0,0,20260402,20261212
011427,0,0,0,0,0,0,0,20260402,20261212
011428,0,0,0,0,0,0,0,20260402,20261212
011429,0,0,0,0,0,0,0,20260402,20261212
011430,0,0,0,0,0,0,0,20260402,20261212
011431,0,0,0,0,0,0,0,20260402,20261212
011432,0,0,0,0,0,0,0,20260402,20261212
011433,0,0,0,0,0,0,0,20260402,20261212
011434,0,0,0,0,0,0,0,20260402,20261212
011435,0,0,0,0,0,0,0,20260402,20261212
011436,0,0,0,0,0,0,0,20260402,20261212
011437,0,0,0,0,0,0,0,20260402,20261212
011438,0,0,0,0,0,0,0,20260402,20261212
011439,0,0,0,0,0,0,0,20260402,20261212
011440,0,0,0,0,0,0,0,20260402,20261212
011441,0,0,0,0,0,0,0,20260402,20261212
011442,0,0,0,0,0,0,0,20260402,20261212
011443,0,0,0,0,0,0,0,20260402,20261212
011444,0,0,0,0,0,0,0,20260402,20261212
011445,0,0,0,0,0,0,0,20260402,20261212
011446,0,0,0,0,0,0,0,20260402,20261212
011447,0,0,0,0,0,0,0,20260402,20261212
011448,0,0,0,0,0,0,0,20260402,20261212
011449,0,0,0,0,0,0,0,20260402,20261212
011450,0,0,0,0,0,0,0,20260402,20261212
011451,0,0,0,0,0,0,0,20260402,20261212
011452,0,0,0,0,0,0,0,20260402,20261212
011453,0,0,0,0,0,0,0,20260402,20261212
011454,0,0,0,0,0,0,0,20260402,20261212
011455,0,0,0,0,0,0,0,20260402,20261212
011456,0,0,0,0,0,0,0,20260402,20261212
011457,0,0,0,0,0,0,0,20260402,20261212
011458,0,0,0,0,0,0,0,20260402,20261212
011459,0,0,0,0,0,0,0,20260402,20261212
011460,0,0,0,0,0,0,0,20260402,20261212
011461,0,0,0,0,0,0,0,20260402,20261212
011462,0,0,0,0,0,0,0,20260402,20261212
011463,0,0,0,0,0,0,0,20260402,20261212
011464,0,0,0,0,0,0,0,20260402,20261212
011465,0,0,0,0,0,0,0,20260402,20261212
011466,0,0,0,0,0,0,0,20260402,20261212
011467,0,0,0,0,0,0,0,20260402,20261212
011468,0,0,0,0,0,0,0,20260402,20261212
011469,0,0,0,0,0,0,0,20260402,20261212
011470,0,0,0,0,0,0,0,20260402,20261212
011471,0,0,0,0,0,0,0,20260402,20261212
011472,0,0,0,0,0,0,0,20260402,20261212
011473,0,0,0,0,0,0,0,20260402,20261212
011474,0,0,0,0,0,0,0,20260402,20261212
011475,0,0,0,0,0,0,0,20260402,20261212
011476,0,0,0,0,0,0,0,20260402,20261212
011477,0,0,0,0,0,0,0,20260402,20261212
011478,0,0,0,0,0,0,0,20260402,20261212
011479,0,0,0,0,0,0,0,20260402,20261212
011480,0,0,0,0,0,0,0,20260402,20261212
011481,0,0,0,0,0,0,0,20260402,20261212
011482,0,0,0,0,0,0,0,20260402,20261212
011483,0,0,0,0,0,0,0,20260402,20261212
011484,0,0,0,0,0,0,0,20260402,20261212
011485,0,0,0,0,0,0,0,20260402,20261212
011486,0,0,0,0,0,0,0,20260402,20261212
011487,0,0,0,0,0,0,0,20260402,20261212
011488,0,0,0,0,0,0,0,20260402,20261212
011489,0,0,0,0,0,0,0,20260402,20261212
011490,0,0,0,0,0,0,0,20260402,20261212
011491,0,0,0,0,0,0,0,20260402,20261212
011492,0,0,0,0,0,0,0,20260402,20261212
011493,0,0,0,0,0,0,0,20260402,20261212
011494,0,0,0,0,0,0,0,20260402,20261212
011495,0,0,0,0,0,0,0,20260402,20261212
011496,0,0,0,0,0,0,0,20260402,20261212
011497,0,0,0,0,0,0,0,20260402,20261212
011498,0,0,0,0,0,0,0,20260402,20261212
011499,0,0,0,0,0,0,0,20260402,20261212
011500,0,0,0,0,0,0,0,20260402,20261212
011501,0,0,0,0,0,0,0,20260402,20261212
011502,0,0,0,0,0,0,0,20260402,20261212
011503,0,0,0,0,0,0,0,20260402,20261212
011504,0,0,0,0,0,0,0,20260402,20261212
011505,0,0,0,0,0,0,0,20260402,20261212
011506,0,0,0,0,0,0,0,20260402,20261212
011507,0,0,0,0,0,0,0,20260402,20261212
011508,0,0,0,0,0,0,0,20260402,20261212
011509,0,0,0,0,0,0,0,20260402,20261212
011510,0,0,0,0,0,0,0,20260402,20261212
011511,0,0,0,0,0,0,0,20260402,20261212
011512,0,0,0,0,0,0,0,20260402,20261212
011513,0,0,0,0,0,0,0,20260402,20261212
011514,0,0,0,0,0,0,0,20260402,20261212
011515,0,0,0,0,0,0,0,20260402,20261212
011516,0,0,0,0,0,0,0,20260402,20261212
011517,0,0,0,0,0,0,0,20260402,20261212
011518,0,0,0,0,0,0,0,20260402,20261212
011519,0,0,0,0,0,0,0,20260402,20261212
011520,0,0,0,0,0,0,0,20260402,20261212
011521,0,0,0,0,0,0,0,20260402,20261212
011522,0,0,0,0,0,0,0,20260402,20261212
011523,0,0,0,0,0,0,0,20260402,20261212
011524,0,0,0,0,0,0,0,20260402,20261212
011525,0,0,0,0,0,0,0,20260402,20261212
011526,0,0,0,0,0,0,0,20260402,20261212
011527,0,0,0,0,0,0,0,20260402,20261212
011528,0,0,0,0,0,0,0,20260402,20261212
011529,0,0,0,0,0,0,0,20260402,20261212
011530,0,0,0,0,0,0,0,20260402,20261212
011531,0,0,0,0,0,0,0,20260402,20261212
011532,0,0,0,0,0,0,0,20260402,20261212
011533,0,0,0,0,0,0,0,20260402,20261212
011534,0,0,0,0,0,0,0,20260402,20261212
011535,0,0,0,0,0,0,0,20260402,20261212
011536,0,0,0,0,0,0,0,20260402,20261212
011537,0,0,0,0,0,0,0,20260402,20261212
011538,0,0,0,0,0,0,0,20260402,20261212
011539,0,0,0,0,0,0,0,20260402,20261212
011540,0,0,0,0,0,0,0,20260402,20261212
011541,0,0,0,0,0,0,0,20260402,20261212
011542,0,0,0,0,0,0,0,20260402,20261212
011543,0,0,0,0,0,0,0,20260402,20261212
011544,0,0,0,0,0,0,0,20260402,20261212
011545,0,0,0,0,0,0,0,20260402,20261212
011546,0,0,0,0,0,0,0,20260402,20261212
011547,0,0,0,0,0,0,0,20260402,20261212
011548,0,0,0,0,0,0,0,20260402,20261212
011549,0,0,0,0,0,0,0,20260402,20261212
011550,0,0,0,0,0,0,0,20260402,20261212
011551,0,0,0,0,0,0,0,20260402,20261212
011552,0,0,0,0,0,0,0,20260402,20261212
011553,0,0,0,0,0,0,0,20260402,20261212
011554,0,0,0,0,0,0,0,20260402,20261212
011555,0,0,0,0,0,0,0,20260402,20261212
011556,0,0,0,0,0,0,0,20260402,20261212
011557,0,0,0,0,0,0,0,20260402,20261212
011558,0,0,0,0,0,0,0,20260402,20261212
011559,0,0,0,0,0,0,0,20260402,20261212
011560,0,0,0,0,0,0,0,20260402,20261212
011561,0,0,0,0,0,0,0,20260402,20261212
011562,0,0,0,0,0,0,0,20260402,20261212
011563,0,0,0,0,0,0,0,20260402,20261212
011564,0,0,0,0,0,0,0,20260402,20261212
011565,0,0,0,0,0,0,0,20260402,20261212
011566,0,0,0,0,0,0,0,20260402,20261212
011567,0,0,0,0,0,0,0,20260402,20261212
011568,0,0,0,0,0,0,0,20260402,20261212
011569,0,0,0,0,0,0,0,20260402,20261212
011570,0,0,0,0,0,0,0,20260402,20261212
011571,0,0,0,0,0,0,0,20260402,20261212
011572,0,0,0,0,0,0,0,20260402,20261212
011573,0,0,0,0,0,0,0,20260402,20261212
011574,0,0,0,0,0,0,0,20260402,20261212
011575,0,0,0,0,0,0,0,20260402,20261212
011576,0,0,0,0,0,0,0,20260402,20261212
011577,0,0,0,0,0,0,0,20260402,20261212
011578,0,0,0,0,0,0,0,20260402,20261212
011579,0,0,0,0,0,0,0,20260402,20261212
011580,0,0,0,0,0,0,0,20260402,20261212
011581,0,0,0,0,0,0,0,20260402,20261212
011582,0,0,0,0,0,0,0,20260402,20261212
011583,0,0,0,0,0,0,0,20260402,20261212
011584,0,0,0,0,0,0,0,20260402,20261212
011585,0,0,0,0,0,0,0,20260402,20261212
011586,0,0,0,0,0,0,0,20260402,20261212
011587,0,0,0,0,0,0,0,20260402,20261212
011588,0,0,0,0,0,0,0,20260402,20261212
011589,0,0,0,0,0,0,0,20260402,20261212
011590,0,0,0,0,0,0,0,20260402,20261212
011591,0,0,0,0,0,0,0,20260402,20261212
011592,0,0,0,0,0,0,0,20260402,20261212
011593,0,0,0,0,0,0,0,20260402,20261212
011594,0,0,0,0,0,0,0,20260402,20261212
011595,0,0,0,0,0,0,0,20260402,20261212
011596,0,0,0,0,0,0,0,20260402,20261212
011597,0,0,0,0,0,0,0,20260402,20261212
011598,0,0,0,0,0,0,0,20260402,20261212
011599,0,0,0,0,0,0,0,20260402,20261212
011600,0,0,0,0,0,0,0,20260402,20261212
011601,0,0,0,0,0,0,0,20260402,20261212
011602,0,0,0,0,0,0,0,20260402,20261212
011603,0,0,0,0,0,0,0,20260402,20261212
011604,0,0,0,0,0,0,0,20260402,20261212
011605,0,0,0,0,0,0,0,20260402,20261212
011606,0,0,0,0,0,0,0,20260402,20261212
011607,0,0,0,0,0,0,0,20260402,20261212
011608,0,0,0,0,0,0,0,20260402,20261212
011609,0,0,0,0,0,0,0,20260402,20261212
011610,0,0,0,0,0,0,0,20260402,20261212
011611,0,0,0,0,0,0,0,20260402,20261212
011612,0,0,0,0,0,0,0,20260402,20261212
011613,0,0,0,0,0,0,0,20260402,20261212
011614,0,0,0,0,0,0,0,20260402,20261212
011615,0,0,0,0,0,0,0,20260402,20261212
011616,0,0,0,0,0,0,0,20260402,20261212
011617,0,0,0,0,0,0,0,20260402,20261212
011618,0,0,0,0,0,0,0,20260402,20261212
011619,0,0,0,0,0,0,0,20260402,20261212
011620,0,0,0,0,0,0,0,20260402,20261212
011621,0,0,0,0,0,0,0,20260402,20261212
011622,0,0,0,0,0,0,0,20260402,20261212
011623,0,0,0,0,0,0,0,20260402,20261212
011624,0,0,0,0,0,0,0,20260402,20261212
011625,0,0,0,0,0,0,0,20260402,20261212
011626,0,0,0,0,0,0,0,20260402,20261212
011627,0,0,0,0,0,0,0,20260402,20261212
011628,0,0,0,0,0,0,0,20260402,20261212
011629,0,0,0,0,0,0,0,20260402,20261212
011630,0,0,0,0,0,0,0,20260402,20261212
011631,0,0,0,0,0,0,0,20260402,20261212
011632,0,0,0,0,0,0,0,20260402,20261212
011633,0,0,0,0,0,0,0,20260402,20261212
011634,0,0,0,0,0,0,0,20260402,20261212
011635,0,0,0,0,0,0,0,20260402,20261212
011636,0,0,0,0,0,0,0,20260402,20261212
011637,0,0,0,0,0,0,0,20260402,20261212
011638,0,0,0,0,0,0,0,20260402,20261212
011639,0,0,0,0,0,0,0,20260402,20261212
011640,0,0,0,0,0,0,0,20260402,20261212
011641,0,0,0,0,0,0,0,20260402,20261212
011642,0,0,0,0,0,0,0,20260402,20261212
011643,0,0,0,0,0,0,0,20260402,20261212
011644,0,0,0,0,0,0,0,20260402,20261212
011645,0,0,0,0,0,0,0,20260402,20261212
011646,0,0,0,0,0,0,0,20260402,20261212
011647,0,0,0,0,0,0,0,20260402,20261212
011648,0,0,0,0,0,0,0,20260402,20261212
011649,0,0,0,0,0,0,0,20260402,20261212
011650,0,0,0,0,0,0,0,20260402,20261212
011651,0,0,0,0,0,0,0,20260402,20261212
011652,0,0,0,0,0,0,0,20260402,20261212
011653,0,0,0,0,0,0,0,20260402,20261212
011654,0,0,0,0,0,0,0,20260402,20261212
011655,0,0,0,0,0,0,0,20260402,20261212
011656,0,0,0,0,0,0,0,20260402,20261212
011657,0,0,0,0,0,0,0,20260402,20261212
011658,0,0,0,0,0,0,0,20260402,20261212
011659,0,0,0,0,0,0,0,20260402,20261212
011660,0,0,0,0,0,0,0,20260402,20261212
011661,0,0,0,0,0,0,0,20260402,20261212
011662,0,0,0,0,0,0,0,20260402,20261212
011663,0,0,0,0,0,0,0,20260402,20261212
011664,0,0,0,0,0,0,0,20260402,20261212
011665,0,0,0,0,0,0,0,20260402,20261212
011666,0,0,0,0,0,0,0,20260402,20261212
011667,0,0,0,0,0,0,0,20260402,20261212
011668,0,0,0,0,0,0,0,20260402,20261212
011669,0,0,0,0,0,0,0,20260402,20261212
011670,0,0,0,0,0,0,0,20260402,20261212
011671,0,0,0,0,0,0,0,20260402,20261212
011672,0,0,0,0,0,0,0,20260402,20261212
011673,0,0,0,0,0,0,0,20260402,20261212
011674,0,0,0,0,0,0,0,20260402,20261212
011675,0,0,0,0,0,0,0,20260402,20261212
011676,0,0,0,0,0,0,0,20260402,20261212
011677,0,0,0,0,0,0,0,20260402,20261212
011678,0,0,0,0,0,0,0,20260402,20261212
011679,0,0,0,0,0,0,0,20260402,20261212
011680,0,0,0,0,0,0,0,20260402,20261212
011681,0,0,0,0,0,0,0,20260402,20261212
011682,0,0,0,0,0,0,0,20260402,20261212
011683,0,0,0,0,0,0,0,20260402,20261212
011684,0,0,0,0,0,0,0,20260402,20261212
011685,0,0,0,0,0,0,0,20260402,20261212
011686,0,0,0,0,0,0,0,20260402,20261212
011687,0,0,0,0,0,0,0,20260402,20261212
011688,0,0,0,0,0,0,0,20260402,20261212
011689,0,0,0,0,0,0,0,20260402,20261212
011690,0,0,0,0,0,0,0,20260402,20261212
011691,0,0,0,0,0,0,0,20260402,20261212
011692,0,0,0,0,0,0,0,20260402,20261212
011693,0,0,0,0,0,0,0,20260402,20261212
011694,0,0,0,0,0,0,0,20260402,20261212
011695,0,0,0,0,0,0,0,20260402,20261212
011696,0,0,0,0,0,0,0,20260402,20261212
011697,0,0,0,0,0,0,0,20260402,20261212
011698,0,0,0,0,0,0,0,20260402,20261212
011699,0,0,0,0,0,0,0,20260402,20261212
011700,0,0,0,0,0,0,0,20260402,20261212
011701,0,0,0,0,0,0,0,20260402,20261212
011702,0,0,0,0,0,0,0,20260402,20261212
011703,0,0,0,0,0,0,0,20260402,20261212
011704,0,0,0,0,0,0,0,20260402,20261212
011705,0,0,0,0,0,0,0,20260402,20261212
011706,0,0,0,0,0,0,0,20260402,20261212
011707,0,0,0,0,0,0,0,20260402,20261212
011708,0,0,0,0,0,0,0,20260402,20261212
011709,0,0,0,0,0,0,0,20260402,20261212
011710,0,0,0,0,0,0,0,20260402,20261212
011711,0,0,0,0,0,0,0,20260402,20261212
011712,0,0,0,0,0,0,0,20260402,20261212
011713,0,0,0,0,0,0,0,20260402,20261212
011714,0,0,0,0,0,0,0,20260402,20261212
011715,0,0,0,0,0,0,0,20260402,20261212
011716,0,0,0,0,0,0,0,20260402,20261212
011717,0,0,0,0,0,0,0,20260402,20261212
011718,0,0,0,0,0,0,0,20260402,20261212
011719,0,0,0,0,0,0,0,20260402,20261212
011720,0,0,0,0,0,0,0,20260402,20261212
011721,0,0,0,0,0,0,0,20260402,20261212
011722,0,0,0,0,0,0,0,20260402,20261212
011723,0,0,0,0,0,0,0,20260402,20261212
011724,0,0,0,0,0,0,0,20260402,20261212
011725,0,0,0,0,0,0,0,20260402,20261212
011726,0,0,0,0,0,0,0,20260402,20261212
011727,0,0,0,0,0,0,0,20260402,20261212
011728,0,0,0,0,0,0,0,20260402,20261212
011729,0,0,0,0,0,0,0,20260402,20261212
011730,0,0,0,0,0,0,0,20260402,20261212
011731,0,0,0,0,0,0,0,20260402,20261212
011732,0,0,0,0,0,0,0,20260402,20261212
011733,0,0,0,0,0,0,0,20260402,20261212
011734,0,0,0,0,0,0,0,20260402,20261212
011735,0,0,0,0,0,0,0,20260402,20261212
011736,0,0,0,0,0,0,0,20260402,20261212
011737,0,0,0,0,0,0,0,20260402,20261212
011738,0,0,0,0,0,0,0,20260402,20261212
011739,0,0,0,0,0,0,0,20260402,20261212
011740,0,0,0,0,0,0,0,20260402,20261212
011741,0,0,0,0,0,0,0,20260402,20261212
011742,0,0,0,0,0,0,0,20260402,20261212
011743,0,0,0,0,0,0,0,20260402,20261212
011744,0,0,0,0,0,0,0,20260402,20261212
011745,0,0,0,0,0,0,0,20260402,20261212
011746,0,0,0,0,0,0,0,20260402,20261212
011747,0,0,0,0,0,0,0,20260402,20261212
011748,0,0,0,0,0,0,0,20260402,20261212
011749,0,0,0,0,0,0,0,20260402,20261212
011750,0,0,0,0,0,0,0,20260402,20261212
011751,0,0,0,0,0,0,0,20260402,20261212
011752,0,0,0,0,0,0,0,20260402,20261212
011753,0,0,0,0,0,0,0,20260402,20261212
011754,0,0,0,0,0,0,0,20260402,20261212
011755,0,0,0,0,0,0,0,20260402,20261212
011756,0,0,0,0,0,0,0,20260402,20261212
011757,0,0,0,0,0,0,0,20260402,20261212
011758,0,0,0,0,0,0,0,20260402,20261212
011759,0,0,0,0,0,0,0,20260402,20261212
011760,0,0,0,0,0,0,0,20260402,20261212
011761,0,0,0,0,0,0,0,20260402,20261212
011762,0,0,0,0,0,0,0,20260402,20261212
011763,0,0,0,0,0,0,0,20260402,20261212
011764,0,0,0,0,0,0,0,20260402,20261212
011765,0,0,0,0,0,0,0,20260402,20261212
011766,0,0,0,0,0,0,0,20260402,20261212
011767,0,0,0,0,0,0,0,20260402,20261212
011768,0,0,0,0,0,0,0,20260402,20261212
011769,0,0,0,0,0,0,0,20260402,20261212
011770,0,0,0,0,0,0,0,20260402,20261212
011771,0,0,0,0,0,0,0,20260402,20261212
011772,0,0,0,0,0,0,0,20260402,20261212
011773,0,0,0,0,0,0,0,20260402,20261212
011774,0,0,0,0,0,0,0,20260402,20261212
011775,0,0,0,0,0,0,0,20260402,20261212
011776,0,0,0,0,0,0,0,20260402,20261212
011777,0,0,0,0,0,0,0,20260402,20261212
011778,0,0,0,0,0,0,0,20260402,20261212
011779,0,0,0,0,0,0,0,20260402,20261212
011780,0,0,0,0,0,0,0,20260402,20261212
011781,0,0,0,0,0,0,0,20260402,20261212
011782,0,0,0,0,0,0,0,20260402,20261212
011783,0,0,0,0,0,0,0,20260402,20261212
011784,0,0,0,0,0,0,0,20260402,20261212
011785,0,0,0,0,0,0,0,20260402,20261212
011786,0,0,0,0,0,0,0,20260402,20261212
011787,0,0,0,0,0,0,0,20260402,20261212
011788,0,0,0,0,0,0,0,20260402,20261212
011789,0,0,0,0,0,0,0,20260402,20261212
011790,0,0,0,0,0,0,0,20260402,20261212
011791,0,0,0,0,0,0,0,20260402,20261212
011792,0,0,0,0,0,0,0,20260402,20261212
011793,0,0,0,0,0,0,0,20260402,20261212
011794,0,0,0,0,0,0,0,20260402,20261212
011795,0,0,0,0,0,0,0,20260402,20261212
011796,0,0,0,0,0,0,0,20260402,20261212
011797,0,0,0,0,0,0,0,20260402,20261212
011798,0,0,0,0,0,0,0,20260402,20261212
011799,0,0,0,0,0,0,0,20260402,20261212
011800,0,0,0,0,0,0,0,20260402,20261212
011801,0,0,0,0,0,0,0,20260402,20261212
011802,0,0,0,0,0,0,0,20260402,20261212
011803,0,0,0,0,0,0,0,20260402,20261212
011804,0,0,0,0,0,0,0,20260402,20261212
011805,0,0,0,0,0,0,0,20260402,20261212
011806,0,0,0,0,0,0,0,20260402,20261212
011807,0,0,0,0,0,0,0,20260402,20261212
011808,0,0,0,0,0,0,0,20260402,20261212
011809,0,0,0,0,0,0,0,20260402,20261212
011810,0,0,0,0,0,0,0,20260402,20261212
011811,0,0,0,0,0,0,0,20260402,20261212
011812,0,0,0,0,0,0,0,20260402,20261212
011813,0,0,0,0,0,0,0,20260402,20261212
011814,0,0,0,0,0,0,0,20260402,20261212
011815,0,0,0,0,0,0,0,20260402,20261212
011816,0,0,0,0,0,0,0,20260402,20261212
011817,0,0,0,0,0,0,0,20260402,20261212
011818,0,0,0,0,0,0,0,20260402,20261212
011819,0,0,0,0,0,0,0,20260402,20261212
011820,0,0,0,0,0,0,0,20260402,20261212
011821,0,0,0,0,0,0,0,20260402,20261212
011822,0,0,0,0,0,0,0,20260402,20261212
011823,0,0,0,0,0,0,0,20260402,20261212
011824,0,0,0,0,0,0,0,20260402,20261212
011825,0,0,0,0,0,0,0,20260402,20261212
011826,0,0,0,0,0,0,0,20260402,20261212
011827,0,0,0,0,0,0,0,20260402,20261212
011828,0,0,0,0,0,0,0,20260402,20261212
011829,0,0,0,0,0,0,0,20260402,20261212
011830,0,0,0,0,0,0,0,20260402,20261212
011831,0,0,0,0,0,0,0,20260402,20261212
011832,0,0,0,0,0,0,0,20260402,20261212
011833,0,0,0,0,0,0,0,20260402,20261212
011834,0,0,0,0,0,0,0,20260402,20261212
011835,0,0,0,0,0,0,0,20260402,20261212
011836,0,0,0,0,0,0,0,20260402,20261212
011837,0,0,0,0,0,0,0,20260402,20261212
011838,0,0,0,0,0,0,0,20260402,20261212
011839,0,0,0,0,0,0,0,20260402,20261212
011840,0,0,0,0,0,0,0,20260402,20261212
011841,0,0,0,0,0,0,0,20260402,20261212
011842,0,0,0,0,0,0,0,20260402,20261212
011843,0,0,0,0,0,0,0,20260402,20261212
011844,0,0,0,0,0,0,0,20260402,20261212
011845,0,0,0,0,0,0,0,20260402,20261212
011846,0,0,0,0,0,0,0,20260402,20261212
011847,0,0,0,0,0,0,0,20260402,20261212
011848,0,0,0,0,0,0,0,20260402,20261212
011849,0,0,0,0,0,0,0,20260402,20261212
011850,0,0,0,0,0,0,0,20260402,20261212
011851,0,0,0,0,0,0,0,20260402,20261212
011852,0,0,0,0,0,0,0,20260402,20261212
011853,0,0,0,0,0,0,0,20260402,20261212
011854,0,0,0,0,0,0,0,20260402,20261212
011855,0,0,0,0,0,0,0,20260402,20261212
011856,0,0,0,0,0,0,0,20260402,20261212
011857,0,0,0,0,0,0,0,20260402,20261212
011858,0,0,0,0,0,0,0,20260402,20261212
011859,0,0,0,0,0,0,0,20260402,20261212
011860,0,0,0,0,0,0,0,20260402,20261212
011861,0,0,0,0,0,0,0,20260402,20261212
011862,0,0,0,0,0,0,0,20260402,20261212
011863,0,0,0,0,0,0,0,20260402,20261212
011864,0,0,0,0,0,0,0,20260402,20261212
011865,0,0,0,0,0,0,0,20260402,20261212
011866,0,0,0,0,0,0,0,20260402,20261212
011867,0,0,0,0,0,0,0,20260402,20261212
011868,0,0,0,0,0,0,0,20260402,20261212
011869,0,0,0,0,0,0,0,20260402,20261212
011870,0,0,0,0,0,0,0,20260402,20261212
011871,0,0,0,0,0,0,0,20260402,20261212
011872,0,0,0,0,0,0,0,20260402,20261212
011873,0,0,0,0,0,0,0,20260402,20261212
011874,0,0,0,0,0,0,0,20260402,20261212
011875,0,0,0,0,0,0,0,20260402,20261212
011876,0,0,0,0,0,0,0,20260402,20261212
011877,0,0,0,0,0,0,0,20260402,20261212
011878,0,0,0,0,0,0,0,20260402,20261212
011879,0,0,0,0,0,0,0,20260402,20261212
011880,0,0,0,0,0,0,0,20260402,20261212
011881,0,0,0,0,0,0,0,20260402,20261212
011882,0,0,0,0,0,0,0,20260402,20261212
011883,0,0,0,0,0,0,0,20260402,20261212
011884,0,0,0,0,0,0,0,20260402,20261212
011885,0,0,0,0,0,0,0,20260402,20261212
011886,0,0,0,0,0,0,0,20260402,20261212
011887,0,0,0,0,0,0,0,20260402,20261212
011888,0,0,0,0,0,0,0,20260402,20261212
011889,0,0,0,0,0,0,0,20260402,20261212
011890,0,0,0,0,0,0,0,20260402,20261212
011891,0,0,0,0,0,0,0,20260402,20261212
011892,0,0,0,0,0,0,0,20260402,20261212
011893,0,0,0,0,0,0,0,20260402,20261212
011894,0,0,0,0,0,0,0,20260402,20261212
011895,0,0,0,0,0,0,0,20260402,20261212
011896,0,0,0,0,0,0,0,20260402,20261212
011897,0,0,0,0,0,0,0,20260402,20261212
011898,0,0,0,0,0,0,0,20260402,20261212
011899,0,0,0,0,0,0,0,20260402,20261212
011900,0,0,0,0,0,0,0,20260402,20261212
011901,0,0,0,0,0,0,0,20260402,20261212
011902,0,0,0,0,0,0,0,20260402,20261212
011903,0,0,0,0,0,0,0,20260402,20261212
011904,0,0,0,0,0,0,0,20260402,20261212
011905,0,0,0,0,0,0,0,20260402,20261212
011906,0,0,0,0,0,0,0,20260402,20261212
011907,0,0,0,0,0,0,0,20260402,20261212
011908,0,0,0,0,0,0,0,20260402,20261212
011909,0,0,0,0,0,0,0,20260402,20261212
011910,0,0,0,0,0,0,0,20260402,20261212
011911,0,0,0,0,0,0,0,20260402,20261212
011912,0,0,0,0,0,0,0,20260402,20261212
011913,0,0,0,0,0,0,0,20260402,20261212
011914,0,0,0,0,0,0,0,20260402,20261212
011915,0,0,0,0,0,0,0,20260402,20261212
011916,0,0,0,0,0,0,0,20260402,20261212
011917,0,0,0,0,0,0,0,20260402,20261212
011918,0,0,0,0,0,0,0,20260402,20261212
011919,0,0,0,0,0,0,0,20260402,20261212
011920,0,0,0,0,0,0,0,20260402,20261212
011921,0,0,0,0,0,0,0,20260402,20261212
011922,0,0,0,0,0,0,0,20260402,20261212
011923,0,0,0,0,0,0,0,20260402,20261212
011924,0,0,0,0,0,0,0,20260402,20261212
011925,0,0,0,0,0,0,0,20260402,20261212
011926,0,0,0,0,0,0,0,20260402,20261212
011927,0,0,0,0,0,0,0,20260402,20261212
011928,0,0,0,0,0,0,0,20260402,20261212
011929,0,0,0,0,0,0,0,20260402,20261212
011930,0,0,0,0,0,0,0,20260402,20261212
011931,0,0,0,0,0,0,0,20260402,20261212
011932,0,0,0,0,0,0,0,20260402,20261212
011933,0,0,0,0,0,0,0,20260402,20261212
011934,0,0,0,0,0,0,0,20260402,20261212
011935,0,0,0,0,0,0,0,20260402,20261212
011936,0,0,0,0,0,0,0,20260402,20261212
011937,0,0,0,0,0,0,0,20260402,20261212
011938,0,0,0,0,0,0,0,20260402,20261212
011939,0,0,0,0,0,0,0,20260402,20261212
011940,0,0,0,0,0,0,0,20260402,20261212
011941,0,0,0,0,0,0,0,20260402,20261212
011942,0,0,0,0,0,0,0,20260402,20261212
011943,0,0,0,0,0,0,0,20260402,20261212
011944,0,0,0,0,0,0,0,20260402,20261212
011945,0,0,0,0,0,0,0,20260402,20261212
011946,0,0,0,0,0,0,0,20260402,20261212
011947,0,0,0,0,0,0,0,20260402,20261212
011948,0,0,0,0,0,0,0,20260402,20261212
011949,0,0,0,0,0,0,0,20260402,20261212
011950,0,0,0,0,0,0,0,20260402,20261212
011951,0,0,0,0,0,0,0,20260402,20261212
011952,0,0,0,0,0,0,0,20260402,20261212
011953,0,0,0,0,0,0,0,20260402,20261212
011954,0,0,0,0,0,0,0,20260402,20261212
011955,0,0,0,0,0,0,0,20260402,20261212
011956,0,0,0,0,0,0,0,20260402,20261212
011957,0,0,0,0,0,0,0,20260402,20261212
011958,0,0,0,0,0,0,0,20260402,20261212
011959,0,0,0,0,0,0,0,20260402,20261212
011960,0,0,0,0,0,0,0,20260402,20261212
011961,0,0,0,0,0,0,0,20260402,20261212
011962,0,0,0,0,0,0,0,20260402,20261212
011963,0,0,0,0,0,0,0,20260402,20261212
011964,0,0,0,0,0,0,0,20260402,20261212
011965,0,0,0,0,0,0,0,20260402,20261212
011966,0,0,0,0,0,0,0,20260402,20261212
011967,0,0,0,0,0,0,0,20260402,20261212
011968,0,0,0,0,0,0,0,20260402,20261212
011969,0,0,0,0,0,0,0,20260402,20261212
011970,0,0,0,0,0,0,0,20260402,20261212
011971,0,0,0,0,0,0,0,20260402,20261212
011972,0,0,0,0,0,0,0,20260402,20261212
011973,0,0,0,0,0,0,0,20260402,20261212
011974,0,0,0,0,0,0,0,20260402,20261212
011975,0,0,0,0,0,0,0,20260402,20261212
011976,0,0,0,0,0,0,0,20260402,20261212
011977,0,0,0,0,0,0,0,20260402,20261212
011978,0,0,0,0,0,0,0,20260402,20261212
011979,0,0,0,0,0,0,0,20260402,20261212
011980,0,0,0,0,0,0,0,20260402,20261212
011981,0,0,0,0,0,0,0,20260402,20261212
011982,0,0,0,0,0,0,0,20260402,20261212
011983,0,0,0,0,0,0,0,20260402,20261212
011984,0,0,0,0,0,0,0,20260402,20261212
011985,0,0,0,0,0,0,0,20260402,20261212
011986,0,0,0,0,0,0,0,20260402,20261212
011987,0,0,0,0,0,0,0,20260402,20261212
011988,0,0,0,0,0,0,0,20260402,20261212
011989,0,0,0,0,0,0,0,20260402,20261212
011990,0,0,0,0,0,0,0,20260402,20261212
011991,0,0,0,0,0,0,0,20260402,20261212
011992,0,0,0,0,0,0,0,20260402,20261212
011993,0,0,0,0,0,0,0,20260402,20261212
011994,0,0,0,0,0,0,0,20260402,20261212
011995,0,0,0,0,0,0,0,20260402,20261212
011996,0,0,0,0,0,0,0,20260402,20261212
011997,0,0,0,0,0,0,0,20260402,20261212
011998,0,0,0,0,0,0,0,20260402,20261212
011999,0,0,0,0,0,0,0,20260402,20261212
012000,0,0,0,0,0,0,0,20260402,20261212
012001,0,0,0,0,0,0,0,20260402,20261212
012002,0,0,0,0,0,0,0,20260402,20261212
012003,0,0,0,0,0,0,0,20260402,20261212
012004,0,0,0,0,0,0,0,20260402,20261212
012005,0,0,0,0,0,0,0,20260402,20261212
012006,0,0,0,0,0,0,0,20260402,20261212
012007,0,0,0,0,0,0,0,20260402,20261212
012008,0,0,0,0,0,0,0,20260402,20261212
012009,0,0,0,0,0,0,0,20260402,20261212
012010,0,0,0,0,0,0,0,20260402,20261212
012011,0,0,0,0,0,0,0,20260402,20261212
012012,0,0,0,0,0,0,0,20260402,20261212
012013,0,0,0,0,0,0,0,20260402,20261212
012014,0,0,0,0,0,0,0,20260402,20261212
012015,0,0,0,0,0,0,0,20260402,20261212
012016,0,0,0,0,0,0,0,20260402,20261212
012017,0,0,0,0,0,0,0,20260402,20261212
012018,0,0,0,0,0,0,0,20260402,20261212
012019,0,0,0,0,0,0,0,20260402,20261212
012020,0,0,0,0,0,0,0,20260402,20261212
012021,0,0,0,0,0,0,0,20260402,20261212
012022,0,0,0,0,0,0,0,20260402,20261212
012023,0,0,0,0,0,0,0,20260402,20261212
012024,0,0,0,0,0,0,0,20260402,20261212
012025,0,0,0,0,0,0,0,20260402,20261212
012026,0,0,0,0,0,0,0,20260402,20261212
012027,0,0,0,0,0,0,0,20260402,20261212
012028,0,0,0,0,0,0,0,20260402,20261212
012029,0,0,0,0,0,0,0,20260402,20261212
012030,0,0,0,0,0,0,0,20260402,20261212
012031,0,0,0,0,0,0,0,20260402,20261212
012032,0,0,0,0,0,0,0,20260402,20261212
012033,0,0,0,0,0,0,0,20260402,20261212
012034,0,0,0,0,0,0,0,20260402,20261212
012035,0,0,0,0,0,0,0,20260402,20261212
012036,0,0,0,0,0,0,0,20260402,20261212
012037,0,0,0,0,0,0,0,20260402,20261212
012038,0,0,0,0,0,0,0,20260402,20261212
012039,0,0,0,0,0,0,0,20260402,20261212
012040,0,0,0,0,0,0,0,20260402,20261212
012041,0,0,0,0,0,0,0,20260402,20261212
012042,0,0,0,0,0,0,0,20260402,20261212
012043,0,0,0,0,0,0,0,20260402,20261212
012044,0,0,0,0,0,0,0,20260402,20261212
012045,0,0,0,0,0,0,0,20260402,20261212
012046,0,0,0,0,0,0,0,20260402,20261212
012047,0,0,0,0,0,0,0,20260402,20261212
012048,0,0,0,0,0,0,0,20260402,20261212
012049,0,0,0,0,0,0,0,20260402,20261212
012050,0,0,0,0,0,0,0,20260402,20261212
012051,0,0,0,0,0,0,0,20260402,20261212
012052,0,0,0,0,0,0,0,20260402,20261212
012053,0,0,0,0,0,0,0,20260402,20261212
012054,0,0,0,0,0,0,0,20260402,20261212
012055,0,0,0,0,0,0,0,20260402,20261212
012056,0,0,0,0,0,0,0,20260402,20261212
012057,0,0,0,0,0,0,0,20260402,20261212
012058,0,0,0,0,0,0,0,20260402,20261212
012059,0,0,0,0,0,0,0,20260402,20261212
012060,0,0,0,0,0,0,0,20260402,20261212
012061,0,0,0,0,0,0,0,20260402,20261212
012062,0,0,0,0,0,0,0,20260402,20261212
012063,0,0,0,0,0,0,0,20260402,20261212
012064,0,0,0,0,0,0,0,20260402,20261212
012065,0,0,0,0,0,0,0,20260402,20261212
012066,0,0,0,0,0,0,0,20260402,20261212
012067,0,0,0,0,0,0,0,20260402,20261212
012068,0,0,0,0,0,0,0,20260402,20261212
012069,0,0,0,0,0,0,0,20260402,20261212
012070,0,0,0,0,0,0,0,20260402,20261212
012071,0,0,0,0,0,0,0,20260402,20261212
012072,0,0,0,0,0,0,0,20260402,20261212
012073,0,0,0,0,0,0,0,20260402,20261212
012074,0,0,0,0,0,0,0,20260402,20261212
012075,0,0,0,0,0,0,0,20260402,20261212
012076,0,0,0,0,0,0,0,20260402,20261212
012077,0,0,0,0,0,0,0,20260402,20261212
012078,0,0,0,0,0,0,0,20260402,20261212
012079,0,0,0,0,0,0,0,20260402,20261212
012080,0,0,0,0,0,0,0,20260402,20261212
012081,0,0,0,0,0,0,0,20260402,20261212
012082,0,0,0,0,0,0,0,20260402,20261212
012083,0,0,0,0,0,0,0,20260402,20261212
012084,0,0,0,0,0,0,0,20260402,20261212
012085,0,0,0,0,0,0,0,20260402,20261212
012086,0,0,0,0,0,0,0,20260402,20261212
012087,0,0,0,0,0,0,0,20260402,20261212
012088,0,0,0,0,0,0,0,20260402,20261212
012089,0,0,0,0,0,0,0,20260402,20261212
012090,0,0,0,0,0,0,0,20260402,20261212
012091,0,0,0,0,0,0,0,20260402,20261212
012092,0,0,0,0,0,0,0,20260402,20261212
012093,0,0,0,0,0,0,0,20260402,20261212
012094,0,0,0,0,0,0,0,20260402,20261212
012095,0,0,0,0,0,0,0,20260402,20261212
012096,0,0,0,0,0,0,0,20260402,20261212
012097,0,0,0,0,0,0,0,20260402,20261212
012098,0,0,0,0,0,0,0,20260402,20261212
012099,0,0,0,0,0,0,0,20260402,20261212
012100,0,0,0,0,0,0,0,20260402,20261212
012101,0,0,0,0,0,0,0,20260402,20261212
012102,0,0,0,0,0,0,0,20260402,20261212
012103,0,0,0,0,0,0,0,20260402,20261212
012104,0,0,0,0,0,0,0,20260402,20261212
012105,0,0,0,0,0,0,0,20260402,20261212
012106,0,0,0,0,0,0,0,20260402,20261212
012107,0,0,0,0,0,0,0,20260402,20261212
012108,0,0,0,0,0,0,0,20260402,20261212
012109,0,0,0,0,0,0,0,20260402,20261212
012110,0,0,0,0,0,0,0,20260402,20261212
012111,0,0,0,0,0,0,0,20260402,20261212
012112,0,0,0,0,0,0,0,20260402,20261212
012113,0,0,0,0,0,0,0,20260402,20261212
012114,0,0,0,0,0,0,0,20260402,20261212
012115,0,0,0,0,0,0,0,20260402,20261212
012116,0,0,0,0,0,0,0,20260402,20261212
012117,0,0,0,0,0,0,0,20260402,20261212
012118,0,0,0,0,0,0,0,20260402,20261212
012119,0,0,0,0,0,0,0,20260402,20261212
012120,0,0,0,0,0,0,0,20260402,20261212
012121,0,0,0,0,0,0,0,20260402,20261212
012122,0,0,0,0,0,0,0,20260402,20261212
012123,0,0,0,0,0,0,0,20260402,20261212
012124,0,0,0,0,0,0,0,20260402,20261212
012125,0,0,0,0,0,0,0,20260402,20261212
012126,0,0,0,0,0,0,0,20260402,20261212
012127,0,0,0,0,0,0,0,20260402,20261212
012128,0,0,0,0,0,0,0,20260402,20261212
012129,0,0,0,0,0,0,0,20260402,20261212
012130,0,0,0,0,0,0,0,20260402,20261212
012131,0,0,0,0,0,0,0,20260402,20261212
012132,0,0,0,0,0,0,0,20260402,20261212
012133,0,0,0,0,0,0,0,20260402,20261212
012134,0,0,0,0,0,0,0,20260402,20261212
012135,0,0,0,0,0,0,0,20260402,20261212
012136,0,0,0,0,0,0,0,20260402,20261212
012137,0,0,0,0,0,0,0,20260402,20261212
012138,0,0,0,0,0,0,0,20260402,20261212
012139,0,0,0,0,0,0,0,20260402,20261212
012140,0,0,0,0,0,0,0,20260402,20261212
012141,0,0,0,0,0,0,0,20260402,20261212
012142,0,0,0,0,0,0,0,20260402,20261212
012143,0,0,0,0,0,0,0,20260402,20261212
012144,0,0,0,0,0,0,0,20260402,20261212
012145,0,0,0,0,0,0,0,20260402,20261212
012146,0,0,0,0,0,0,0,20260402,20261212
012147,0,0,0,0,0,0,0,20260402,20261212
012148,0,0,0,0,0,0,0,20260402,20261212
012149,0,0,0,0,0,0,0,20260402,20261212
012150,0,0,0,0,0,0,0,20260402,20261212
012151,0,0,0,0,0,0,0,20260402,20261212
012152,0,0,0,0,0,0,0,20260402,20261212
012153,0,0,0,0,0,0,0,20260402,20261212
012154,0,0,0,0,0,0,0,20260402,20261212
012155,0,0,0,0,0,0,0,20260402,20261212
012156,0,0,0,0,0,0,0,20260402,20261212
012157,0,0,0,0,0,0,0,20260402,20261212
012158,0,0,0,0,0,0,0,20260402,20261212
012159,0,0,0,0,0,0,0,20260402,20261212
012160,0,0,0,0,0,0,0,20260402,20261212
012161,0,0,0,0,0,0,0,20260402,20261212
012162,0,0,0,0,0,0,0,20260402,20261212
012163,0,0,0,0,0,0,0,20260402,20261212
012164,0,0,0,0,0,0,0,20260402,20261212
012165,0,0,0,0,0,0,0,20260402,20261212
012166,0,0,0,0,0,0,0,20260402,20261212
012167,0,0,0,0,0,0,0,20260402,20261212
012168,0,0,0,0,0,0,0,20260402,20261212
012169,0,0,0,0,0,0,0,20260402,20261212
012170,0,0,0,0,0,0,0,20260402,20261212
012171,0,0,0,0,0,0,0,20260402,20261212
012172,0,0,0,0,0,0,0,20260402,20261212
012173,0,0,0,0,0,0,0,20260402,20261212
012174,0,0,0,0,0,0,0,20260402,20261212
012175,0,0,0,0,0,0,0,20260402,20261212
012176,0,0,0,0,0,0,0,20260402,20261212
012177,0,0,0,0,0,0,0,20260402,20261212
012178,0,0,0,0,0,0,0,20260402,20261212
012179,0,0,0,0,0,0,0,20260402,20261212
012180,0,0,0,0,0,0,0,20260402,20261212
012181,0,0,0,0,0,0,0,20260402,20261212
012182,0,0,0,0,0,0,0,20260402,20261212
012183,0,0,0,0,0,0,0,20260402,20261212
012184,0,0,0,0,0,0,0,20260402,20261212
012185,0,0,0,0,0,0,0,20260402,20261212
012186,0,0,0,0,0,0,0,20260402,20261212
012187,0,0,0,0,0,0,0,20260402,20261212
012188,0,0,0,0,0,0,0,20260402,20261212
012189,0,0,0,0,0,0,0,20260402,20261212
012190,0,0,0,0,0,0,0,20260402,20261212
012191,0,0,0,0,0,0,0,20260402,20261212
012192,0,0,0,0,0,0,0,20260402,20261212
012193,0,0,0,0,0,0,0,20260402,20261212
012194,0,0,0,0,0,0,0,20260402,20261212
012195,0,0,0,0,0,0,0,20260402,20261212
012196,0,0,0,0,0,0,0,20260402,20261212
012197,0,0,0,0,0,0,0,20260402,20261212
012198,0,0,0,0,0,0,0,20260402,20261212
012199,0,0,0,0,0,0,0,20260402,20261212
012200,0,0,0,0,0,0,0,20260402,20261212
012201,0,0,0,0,0,0,0,20260402,20261212
012202,0,0,0,0,0,0,0,20260402,20261212
012203,0,0,0,0,0,0,0,20260402,20261212
012204,0,0,0,0,0,0,0,20260402,20261212
012205,0,0,0,0,0,0,0,20260402,20261212
012206,0,0,0,0,0,0,0,20260402,20261212
012207,0,0,0,0,0,0,0,20260402,20261212
012208,0,0,0,0,0,0,0,20260402,20261212
012209,0,0,0,0,0,0,0,20260402,20261212
012210,0,0,0,0,0,0,0,20260402,20261212
012211,0,0,0,0,0,0,0,20260402,20261212
012212,0,0,0,0,0,0,0,20260402,20261212
012213,0,0,0,0,0,0,0,20260402,20261212
012214,0,0,0,0,0,0,0,20260402,20261212
012215,0,0,0,0,0,0,0,20260402,20261212
012216,0,0,0,0,0,0,0,20260402,20261212
012217,0,0,0,0,0,0,0,20260402,20261212
012218,0,0,0,0,0,0,0,20260402,20261212
012219,0,0,0,0,0,0,0,20260402,20261212
012220,0,0,0,0,0,0,0,20260402,20261212
012221,0,0,0,0,0,0,0,20260402,20261212
012222,0,0,0,0,0,0,0,20260402,20261212
012223,0,0,0,0,0,0,0,20260402,20261212
012224,0,0,0,0,0,0,0,20260402,20261212
012225,0,0,0,0,0,0,0,20260402,20261212
012226,0,0,0,0,0,0,0,20260402,20261212
012227,0,0,0,0,0,0,0,20260402,20261212
012228,0,0,0,0,0,0,0,20260402,20261212
012229,0,0,0,0,0,0,0,20260402,20261212
012230,0,0,0,0,0,0,0,20260402,20261212
012231,0,0,0,0,0,0,0,20260402,20261212
012232,0,0,0,0,0,0,0,20260402,20261212
012233,0,0,0,0,0,0,0,20260402,20261212
012234,0,0,0,0,0,0,0,20260402,20261212
012235,0,0,0,0,0,0,0,20260402,20261212
012236,0,0,0,0,0,0,0,20260402,20261212
012237,0,0,0,0,0,0,0,20260402,20261212
012238,0,0,0,0,0,0,0,20260402,20261212
012239,0,0,0,0,0,0,0,20260402,20261212
012240,0,0,0,0,0,0,0,20260402,20261212
012241,0,0,0,0,0,0,0,20260402,20261212
012242,0,0,0,0,0,0,0,20260402,20261212
012243,0,0,0,0,0,0,0,20260402,20261212
012244,0,0,0,0,0,0,0,20260402,20261212
012245,0,0,0,0,0,0,0,20260402,20261212
012246,0,0,0,0,0,0,0,20260402,20261212
012247,0,0,0,0,0,0,0,20260402,20261212
012248,0,0,0,0,0,0,0,20260402,20261212
012249,0,0,0,0,0,0,0,20260402,20261212
012250,0,0,0,0,0,0,0,20260402,20261212
012251,0,0,0,0,0,0,0,20260402,20261212
012252,0,0,0,0,0,0,0,20260402,20261212
012253,0,0,0,0,0,0,0,20260402,20261212
012254,0,0,0,0,0,0,0,20260402,20261212
012255,0,0,0,0,0,0,0,20260402,20261212
012256,0,0,0,0,0,0,0,20260402,20261212
012257,0,0,0,0,0,0,0,20260402,20261212
012258,0,0,0,0,0,0,0,20260402,20261212
012259,0,0,0,0,0,0,0,20260402,20261212
012260,0,0,0,0,0,0,0,20260402,20261212
012261,0,0,0,0,0,0,0,20260402,20261212
012262,0,0,0,0,0,0,0,20260402,20261212
012263,0,0,0,0,0,0,0,20260402,20261212
012264,0,0,0,0,0,0,0,20260402,20261212
012265,0,0,0,0,0,0,0,20260402,20261212
012266,0,0,0,0,0,0,0,20260402,20261212
012267,0,0,0,0,0,0,0,20260402,20261212
012268,0,0,0,0,0,0,0,20260402,20261212
012269,0,0,0,0,0,0,0,20260402,20261212
012270,0,0,0,0,0,0,0,20260402,20261212
012271,0,0,0,0,0,0,0,20260402,20261212
012272,0,0,0,0,0,0,0,20260402,20261212
012273,0,0,0,0,0,0,0,20260402,20261212
012274,0,0,0,0,0,0,0,20260402,20261212
012275,0,0,0,0,0,0,0,20260402,20261212
012276,0,0,0,0,0,0,0,20260402,20261212
012277,0,0,0,0,0,0,0,20260402,20261212
012278,0,0,0,0,0,0,0,20260402,20261212
012279,0,0,0,0,0,0,0,20260402,20261212
012280,0,0,0,0,0,0,0,20260402,20261212
012281,0,0,0,0,0,0,0,20260402,20261212
012282,0,0,0,0,0,0,0,20260402,20261212
012283,0,0,0,0,0,0,0,20260402,20261212
012284,0,0,0,0,0,0,0,20260402,20261212
012285,0,0,0,0,0,0,0,20260402,20261212
012286,0,0,0,0,0,0,0,20260402,20261212
012287,0,0,0,0,0,0,0,20260402,20261212
012288,0,0,0,0,0,0,0,20260402,20261212
012289,0,0,0,0,0,0,0,20260402,20261212
012290,0,0,0,0,0,0,0,20260402,20261212
012291,0,0,0,0,0,0,0,20260402,20261212
012292,0,0,0,0,0,0,0,20260402,20261212
012293,0,0,0,0,0,0,0,20260402,20261212
012294,0,0,0,0,0,0,0,20260402,20261212
012295,0,0,0,0,0,0,0,20260402,20261212
012296,0,0,0,0,0,0,0,20260402,20261212
012297,0,0,0,0,0,0,0,20260402,20261212
012298,0,0,0,0,0,0,0,20260402,20261212
012299,0,0,0,0,0,0,0,20260402,20261212
012300,0,0,0,0,0,0,0,20260402,20261212
012301,0,0,0,0,0,0,0,20260402,20261212
012302,0,0,0,0,0,0,0,20260402,20261212
012303,0,0,0,0,0,0,0,20260402,20261212
012304,0,0,0,0,0,0,0,20260402,20261212
012305,0,0,0,0,0,0,0,20260402,20261212
012306,0,0,0,0,0,0,0,20260402,20261212
012307,0,0,0,0,0,0,0,20260402,20261212
012308,0,0,0,0,0,0,0,20260402,20261212
012309,0,0,0,0,0,0,0,20260402,20261212
012310,0,0,0,0,0,0,0,20260402,20261212
012311,0,0,0,0,0,0,0,20260402,20261212
012312,0,0,0,0,0,0,0,20260402,20261212
012313,0,0,0,0,0,0,0,20260402,20261212
012314,0,0,0,0,0,0,0,20260402,20261212
012315,0,0,0,0,0,0,0,20260402,20261212
012316,0,0,0,0,0,0,0,20260402,20261212
012317,0,0,0,0,0,0,0,20260402,20261212
012318,0,0,0,0,0,0,0,20260402,20261212
012319,0,0,0,0,0,0,0,20260402,20261212
012320,0,0,0,0,0,0,0,20260402,20261212
012321,0,0,0,0,0,0,0,20260402,20261212
012322,0,0,0,0,0,0,0,20260402,20261212
012323,0,0,0,0,0,0,0,20260402,20261212
012324,0,0,0,0,0,0,0,20260402,20261212
012325,0,0,0,0,0,0,0,20260402,20261212
012326,0,0,0,0,0,0,0,20260402,20261212
012327,0,0,0,0,0,0,0,20260402,20261212
012328,0,0,0,0,0,0,0,20260402,20261212
012329,0,0,0,0,0,0,0,20260402,20261212
012330,0,0,0,0,0,0,0,20260402,20261212
012331,0,0,0,0,0,0,0,20260402,20261212
012332,0,0,0,0,0,0,0,20260402,20261212
012333,0,0,0,0,0,0,0,20260402,20261212
012334,0,0,0,0,0,0,0,20260402,20261212
012335,0,0,0,0,0,0,0,20260402,20261212
012336,0,0,0,0,0,0,0,20260402,20261212
012337,0,0,0,0,0,0,0,20260402,20261212
012338,0,0,0,0,0,0,0,20260402,20261212
012339,0,0,0,0,0,0,0,20260402,20261212
012340,0,0,0,0,0,0,0,20260402,20261212
012341,0,0,0,0,0,0,0,20260402,20261212
012342,0,0,0,0,0,0,0,20260402,20261212
012343,0,0,0,0,0,0,0,20260402,20261212
012344,0,0,0,0,0,0,0,20260402,20261212
012345,0,0,0,0,0,0,0,20260402,20261212
012346,0,0,0,0,0,0,0,20260402,20261212
012347,0,0,0,0,0,0,0,20260402,20261212
012348,0,0,0,0,0,0,0,20260402,20261212
012349,0,0,0,0,0,0,0,20260402,20261212
012350,0,0,0,0,0,0,0,20260402,20261212
012351,0,0,0,0,0,0,0,20260402,20261212
012352,0,0,0,0,0,0,0,20260402,20261212
012353,0,0,0,0,0,0,0,20260402,20261212
012354,0,0,0,0,0,0,0,20260402,20261212
012355,0,0,0,0,0,0,0,20260402,20261212
012356,0,0,0,0,0,0,0,20260402,20261212
012357,0,0,0,0,0,0,0,20260402,20261212
012358,0,0,0,0,0,0,0,20260402,20261212
012359,0,0,0,0,0,0,0,20260402,20261212
012360,0,0,0,0,0,0,0,20260402,20261212
012361,0,0,0,0,0,0,0,20260402,20261212
012362,0,0,0,0,0,0,0,20260402,20261212
012363,0,0,0,0,0,0,0,20260402,20261212
012364,0,0,0,0,0,0,0,20260402,20261212
012365,0,0,0,0,0,0,0,20260402,20261212
012366,0,0,0,0,0,0,0,20260402,20261212
012367,0,0,0,0,0,0,0,20260402,20261212
012368,0,0,0,0,0,0,0,20260402,20261212
012369,0,0,0,0,0,0,0,20260402,20261212
012370,0,0,0,0,0,0,0,20260402,20261212
012371,0,0,0,0,0,0,0,20260402,20261212
012372,0,0,0,0,0,0,0,20260402,20261212
012373,0,0,0,0,0,0,0,20260402,20261212
012374,0,0,0,0,0,0,0,20260402,20261212
012375,0,0,0,0,0,0,0,20260402,20261212
012376,0,0,0,0,0,0,0,20260402,20261212
012377,0,0,0,0,0,0,0,20260402,20261212
012378,0,0,0,0,0,0,0,20260402,20261212
012379,0,0,0,0,0,0,0,20260402,20261212
012380,0,0,0,0,0,0,0,20260402,20261212
012381,0,0,0,0,0,0,0,20260402,20261212
012382,0,0,0,0,0,0,0,20260402,20261212
012383,0,0,0,0,0,0,0,20260402,20261212
012384,0,0,0,0,0,0,0,20260402,20261212
012385,0,0,0,0,0,0,0,20260402,20261212
012386,0,0,0,0,0,0,0,20260402,20261212
012387,0,0,0,0,0,0,0,20260402,20261212
012388,0,0,0,0,0,0,0,20260402,20261212
012389,0,0,0,0,0,0,0,20260402,20261212
012390,0,0,0,0,0,0,0,20260402,20261212
012391,0,0,0,0,0,0,0,20260402,20261212
012392,0,0,0,0,0,0,0,20260402,20261212
012393,0,0,0,0,0,0,0,20260402,20261212
012394,0,0,0,0,0,0,0,20260402,20261212
012395,0,0,0,0,0,0,0,20260402,20261212
012396,0,0,0,0,0,0,0,20260402,20261212
012397,0,0,0,0,0,0,0,20260402,20261212
012398,0,0,0,0,0,0,0,20260402,20261212
012399,0,0,0,0,0,0,0,20260402,20261212
012400,0,0,0,0,0,0,0,20260402,20261212
012401,0,0,0,0,0,0,0,20260402,20261212
012402,0,0,0,0,0,0,0,20260402,20261212
012403,0,0,0,0,0,0,0,20260402,20261212
012404,0,0,0,0,0,0,0,20260402,20261212
012405,0,0,0,0,0,0,0,20260402,20261212
012406,0,0,0,0,0,0,0,20260402,20261212
012407,0,0,0,0,0,0,0,20260402,20261212
012408,0,0,0,0,0,0,0,20260402,20261212
012409,0,0,0,0,0,0,0,20260402,20261212
012410,0,0,0,0,0,0,0,20260402,20261212
012411,0,0,0,0,0,0,0,20260402,20261212
012412,0,0,0,0,0,0,0,20260402,20261212
012413,0,0,0,0,0,0,0,20260402,20261212
012414,0,0,0,0,0,0,0,20260402,20261212
012415,0,0,0,0,0,0,0,20260402,20261212
012416,0,0,0,0,0,0,0,20260402,20261212
012417,0,0,0,0,0,0,0,20260402,20261212
012418,0,0,0,0,0,0,0,20260402,20261212
012419,0,0,0,0,0,0,0,20260402,20261212
012420,0,0,0,0,0,0,0,20260402,20261212
012421,0,0,0,0,0,0,0,20260402,20261212
012422,0,0,0,0,0,0,0,20260402,20261212
012423,0,0,0,0,0,0,0,20260402,20261212
012424,0,0,0,0,0,0,0,20260402,20261212
012425,0,0,0,0,0,0,0,20260402,20261212
012426,0,0,0,0,0,0,0,20260402,20261212
012427,0,0,0,0,0,0,0,20260402,20261212
012428,0,0,0,0,0,0,0,20260402,20261212
012429,0,0,0,0,0,0,0,20260402,20261212
012430,0,0,0,0,0,0,0,20260402,20261212
012431,0,0,0,0,0,0,0,20260402,20261212
012432,0,0,0,0,0,0,0,20260402,20261212
012433,0,0,0,0,0,0,0,20260402,20261212
012434,0,0,0,0,0,0,0,20260402,20261212
012435,0,0,0,0,0,0,0,20260402,20261212
012436,0,0,0,0,0,0,0,20260402,20261212
012437,0,0,0,0,0,0,0,20260402,20261212
012438,0,0,0,0,0,0,0,20260402,20261212
012439,0,0,0,0,0,0,0,20260402,20261212
012440,0,0,0,0,0,0,0,20260402,20261212
012441,0,0,0,0,0,0,0,20260402,20261212
012442,0,0,0,0,0,0,0,20260402,20261212
012443,0,0,0,0,0,0,0,20260402,20261212
012444,0,0,0,0,0,0,0,20260402,20261212
012445,0,0,0,0,0,0,0,20260402,20261212
012446,0,0,0,0,0,0,0,20260402,20261212
012447,0,0,0,0,0,0,0,20260402,20261212
012448,0,0,0,0,0,0,0,20260402,20261212
012449,0,0,0,0,0,0,0,20260402,20261212
012450,0,0,0,0,0,0,0,20260402,20261212
012451,0,0,0,0,0,0,0,20260402,20261212
012452,0,0,0,0,0,0,0,20260402,20261212
012453,0,0,0,0,0,0,0,20260402,20261212
012454,0,0,0,0,0,0,0,20260402,20261212
012455,0,0,0,0,0,0,0,20260402,20261212
012456,0,0,0,0,0,0,0,20260402,20261212
012457,0,0,0,0,0,0,0,20260402,20261212
012458,0,0,0,0,0,0,0,20260402,20261212
012459,0,0,0,0,0,0,0,20260402,20261212
012460,0,0,0,0,0,0,0,20260402,20261212
012461,0,0,0,0,0,0,0,20260402,20261212
012462,0,0,0,0,0,0,0,20260402,20261212
012463,0,0,0,0,0,0,0,20260402,20261212
012464,0,0,0,0,0,0,0,20260402,20261212
012465,0,0,0,0,0,0,0,20260402,20261212
012466,0,0,0,0,0,0,0,20260402,20261212
012467,0,0,0,0,0,0,0,20260402,20261212
012468,0,0,0,0,0,0,0,20260402,20261212
012469,0,0,0,0,0,0,0,20260402,20261212
012470,0,0,0,0,0,0,0,20260402,20261212
012471,0,0,0,0,0,0,0,20260402,20261212
012472,0,0,0,0,0,0,0,20260402,20261212
012473,0,0,0,0,0,0,0,20260402,20261212
012474,0,0,0,0,0,0,0,20260402,20261212
012475,0,0,0,0,0,0,0,20260402,20261212
012476,0,0,0,0,0,0,0,20260402,20261212
012477,0,0,0,0,0,0,0,20260402,20261212
012478,0,0,0,0,0,0,0,20260402,20261212
012479,0,0,0,0,0,0,0,20260402,20261212
012480,0,0,0,0,0,0,0,20260402,20261212
012481,0,0,0,0,0,0,0,20260402,20261212
012482,0,0,0,0,0,0,0,20260402,20261212
012483,0,0,0,0,0,0,0,20260402,20261212
012484,0,0,0,0,0,0,0,20260402,20261212
012485,0,0,0,0,0,0,0,20260402,20261212
012486,0,0,0,0,0,0,0,20260402,20261212
012487,0,0,0,0,0,0,0,20260402,20261212
012488,0,0,0,0,0,0,0,20260402,20261212
012489,0,0,0,0,0,0,0,20260402,20261212
012490,0,0,0,0,0,0,0,20260402,20261212
012491,0,0,0,0,0,0,0,20260402,20261212
012492,0,0,0,0,0,0,0,20260402,20261212
012493,0,0,0,0,0,0,0,20260402,20261212
012494,0,0,0,0,0,0,0,20260402,20261212
012495,0,0,0,0,0,0,0,20260402,20261212
012496,0,0,0,0,0,0,0,20260402,20261212
012497,0,0,0,0,0,0,0,20260402,20261212
012498,0,0,0,0,0,0,0,20260402,20261212
012499,0,0,0,0,0,0,0,20260402,20261212
012500,0,0,0,0,0,0,0,20260402,20261212
012501,0,0,0,0,0,0,0,20260402,20261212
012502,0,0,0,0,0,0,0,20260402,20261212
012503,0,0,0,0,0,0,0,20260402,20261212
012504,0,0,0,0,0,0,0,20260402,20261212
012505,0,0,0,0,0,0,0,20260402,20261212
012506,0,0,0,0,0,0,0,20260402,20261212
012507,0,0,0,0,0,0,0,20260402,20261212
012508,0,0,0,0,0,0,0,20260402,20261212
012509,0,0,0,0,0,0,0,20260402,20261212
012510,0,0,0,0,0,0,0,20260402,20261212
012511,0,0,0,0,0,0,0,20260402,20261212
012512,0,0,0,0,0,0,0,20260402,20261212
012513,0,0,0,0,0,0,0,20260402,20261212
012514,0,0,0,0,0,0,0,20260402,20261212
012515,0,0,0,0,0,0,0,20260402,20261212
012516,0,0,0,0,0,0,0,20260402,20261212
012517,0,0,0,0,0,0,0,20260402,20261212
012518,0,0,0,0,0,0,0,20260402,20261212
012519,0,0,0,0,0,0,0,20260402,20261212
012520,0,0,0,0,0,0,0,20260402,20261212
012521,0,0,0,0,0,0,0,20260402,20261212
012522,0,0,0,0,0,0,0,20260402,20261212
012523,0,0,0,0,0,0,0,20260402,20261212
012524,0,0,0,0,0,0,0,20260402,20261212
012525,0,0,0,0,0,0,0,20260402,20261212
012526,0,0,0,0,0,0,0,20260402,20261212
012527,0,0,0,0,0,0,0,20260402,20261212
012528,0,0,0,0,0,0,0,20260402,20261212
012529,0,0,0,0,0,0,0,20260402,20261212
012530,0,0,0,0,0,0,0,20260402,20261212
012531,0,0,0,0,0,0,0,20260402,20261212
012532,0,0,0,0,0,0,0,20260402,20261212
012533,0,0,0,0,0,0,0,20260402,20261212
012534,0,0,0,0,0,0,0,20260402,20261212
012535,0,0,0,0,0,0,0,20260402,20261212
012536,0,0,0,0,0,0,0,20260402,20261212
012537,0,0,0,0,0,0,0,20260402,20261212
012538,0,0,0,0,0,0,0,20260402,20261212
012539,0,0,0,0,0,0,0,20260402,20261212
012540,0,0,0,0,0,0,0,20260402,20261212
012541,0,0,0,0,0,0,0,20260402,20261212
012542,0,0,0,0,0,0,0,20260402,20261212
012543,0,0,0,0,0,0,0,20260402,20261212
012544,0,0,0,0,0,0,0,20260402,20261212
012545,0,0,0,0,0,0,0,20260402,20261212
012546,0,0,0,0,0,0,0,20260402,20261212
012547,0,0,0,0,0,0,0,20260402,20261212
012548,0,0,0,0,0,0,0,20260402,20261212
012549,0,0,0,0,0,0,0,20260402,20261212
012550,0,0,0,0,0,0,0,20260402,20261212
012551,0,0,0,0,0,0,0,20260402,20261212
012552,0,0,0,0,0,0,0,20260402,20261212
012553,0,0,0,0,0,0,0,20260402,20261212
012554,0,0,0,0,0,0,0,20260402,20261212
012555,0,0,0,0,0,0,0,20260402,20261212
012556,0,0,0,0,0,0,0,20260402,20261212
012557,0,0,0,0,0,0,0,20260402,20261212
012558,0,0,0,0,0,0,0,20260402,20261212
012559,0,0,0,0,0,0,0,20260402,20261212
012560,0,0,0,0,0,0,0,20260402,20261212
012561,0,0,0,0,0,0,0,20260402,20261212
012562,0,0,0,0,0,0,0,20260402,20261212
012563,0,0,0,0,0,0,0,20260402,20261212
012564,0,0,0,0,0,0,0,20260402,20261212
012565,0,0,0,0,0,0,0,20260402,20261212
012566,0,0,0,0,0,0,0,20260402,20261212
012567,0,0,0,0,0,0,0,20260402,20261212
012568,0,0,0,0,0,0,0,20260402,20261212
012569,0,0,0,0,0,0,0,20260402,20261212
012570,0,0,0,0,0,0,0,20260402,20261212
012571,0,0,0,0,0,0,0,20260402,20261212
012572,0,0,0,0,0,0,0,20260402,20261212
012573,0,0,0,0,0,0,0,20260402,20261212
012574,0,0,0,0,0,0,0,20260402,20261212
012575,0,0,0,0,0,0,0,20260402,20261212
012576,0,0,0,0,0,0,0,20260402,20261212
012577,0,0,0,0,0,0,0,20260402,20261212
012578,0,0,0,0,0,0,0,20260402,20261212
012579,0,0,0,0,0,0,0,20260402,20261212
012580,0,0,0,0,0,0,0,20260402,20261212
012581,0,0,0,0,0,0,0,20260402,20261212
012582,0,0,0,0,0,0,0,20260402,20261212
012583,0,0,0,0,0,0,0,20260402,20261212
012584,0,0,0,0,0,0,0,20260402,20261212
012585,0,0,0,0,0,0,0,20260402,20261212
012586,0,0,0,0,0,0,0,20260402,20261212
012587,0,0,0,0,0,0,0,20260402,20261212
012588,0,0,0,0,0,0,0,20260402,20261212
012589,0,0,0,0,0,0,0,20260402,20261212
012590,0,0,0,0,0,0,0,20260402,20261212
012591,0,0,0,0,0,0,0,20260402,20261212
012592,0,0,0,0,0,0,0,20260402,20261212
012593,0,0,0,0,0,0,0,20260402,20261212
012594,0,0,0,0,0,0,0,20260402,20261212
012595,0,0,0,0,0,0,0,20260402,20261212
012596,0,0,0,0,0,0,0,20260402,20261212
012597,0,0,0,0,0,0,0,20260402,20261212
012598,0,0,0,0,0,0,0,20260402,20261212
012599,0,0,0,0,0,0,0,20260402,20261212
012600,0,0,0,0,0,0,0,20260402,20261212
012601,0,0,0,0,0,0,0,20260402,20261212
012602,0,0,0,0,0,0,0,20260402,20261212
012603,0,0,0,0,0,0,0,20260402,20261212
012604,0,0,0,0,0,0,0,20260402,20261212
012605,0,0,0,0,0,0,0,20260402,20261212
012606,0,0,0,0,0,0,0,20260402,20261212
012607,0,0,0,0,0,0,0,20260402,20261212
012608,0,0,0,0,0,0,0,20260402,20261212
012609,0,0,0,0,0,0,0,20260402,20261212
012610,0,0,0,0,0,0,0,20260402,20261212
012611,0,0,0,0,0,0,0,20260402,20261212
012612,0,0,0,0,0,0,0,20260402,20261212
012613,0,0,0,0,0,0,0,20260402,20261212
012614,0,0,0,0,0,0,0,20260402,20261212
012615,0,0,0,0,0,0,0,20260402,20261212
012616,0,0,0,0,0,0,0,20260402,20261212
012617,0,0,0,0,0,0,0,20260402,20261212
012618,0,0,0,0,0,0,0,20260402,20261212
012619,0,0,0,0,0,0,0,20260402,20261212
012620,0,0,0,0,0,0,0,20260402,20261212
012621,0,0,0,0,0,0,0,20260402,20261212
012622,0,0,0,0,0,0,0,20260402,20261212
012623,0,0,0,0,0,0,0,20260402,20261212
012624,0,0,0,0,0,0,0,20260402,20261212
012625,0,0,0,0,0,0,0,20260402,20261212
012626,0,0,0,0,0,0,0,20260402,20261212
012627,0,0,0,0,0,0,0,20260402,20261212
012628,0,0,0,0,0,0,0,20260402,20261212
012629,0,0,0,0,0,0,0,20260402,20261212
012630,0,0,0,0,0,0,0,20260402,20261212
012631,0,0,0,0,0,0,0,20260402,20261212
012632,0,0,0,0,0,0,0,20260402,20261212
012633,0,0,0,0,0,0,0,20260402,20261212
012634,0,0,0,0,0,0,0,20260402,20261212
012635,0,0,0,0,0,0,0,20260402,20261212
012636,0,0,0,0,0,0,0,20260402,20261212
012637,0,0,0,0,0,0,0,20260402,20261212
012638,0,0,0,0,0,0,0,20260402,20261212
012639,0,0,0,0,0,0,0,20260402,20261212
012640,0,0,0,0,0,0,0,20260402,20261212
012641,0,0,0,0,0,0,0,20260402,20261212
012642,0,0,0,0,0,0,0,20260402,20261212
012643,0,0,0,0,0,0,0,20260402,20261212
012644,0,0,0,0,0,0,0,20260402,20261212
012645,0,0,0,0,0,0,0,20260402,20261212
012646,0,0,0,0,0,0,0,20260402,20261212
012647,0,0,0,0,0,0,0,20260402,20261212
012648,0,0,0,0,0,0,0,20260402,20261212
012649,0,0,0,0,0,0,0,20260402,20261212
012650,0,0,0,0,0,0,0,20260402,20261212
012651,0,0,0,0,0,0,0,20260402,20261212
012652,0,0,0,0,0,0,0,20260402,20261212
012653,0,0,0,0,0,0,0,20260402,20261212
012654,0,0,0,0,0,0,0,20260402,20261212
012655,0,0,0,0,0,0,0,20260402,20261212
012656,0,0,0,0,0,0,0,20260402,20261212
012657,0,0,0,0,0,0,0,20260402,20261212
012658,0,0,0,0,0,0,0,20260402,20261212
012659,0,0,0,0,0,0,0,20260402,20261212
012660,0,0,0,0,0,0,0,20260402,20261212
012661,0,0,0,0,0,0,0,20260402,20261212
012662,0,0,0,0,0,0,0,20260402,20261212
012663,0,0,0,0,0,0,0,20260402,20261212
012664,0,0,0,0,0,0,0,20260402,20261212
012665,0,0,0,0,0,0,0,20260402,20261212
012666,0,0,0,0,0,0,0,20260402,20261212
012667,0,0,0,0,0,0,0,20260402,20261212
012668,0,0,0,0,0,0,0,20260402,20261212
012669,0,0,0,0,0,0,0,20260402,20261212
012670,0,0,0,0,0,0,0,20260402,20261212
012671,0,0,0,0,0,0,0,20260402,20261212
012672,0,0,0,0,0,0,0,20260402,20261212
012673,0,0,0,0,0,0,0,20260402,20261212
012674,0,0,0,0,0,0,0,20260402,20261212
012675,0,0,0,0,0,0,0,20260402,20261212
012676,0,0,0,0,0,0,0,20260402,20261212
012677,0,0,0,0,0,0,0,20260402,20261212
012678,0,0,0,0,0,0,0,20260402,20261212
012679,0,0,0,0,0,0,0,20260402,20261212
012680,0,0,0,0,0,0,0,20260402,20261212
012681,0,0,0,0,0,0,0,20260402,20261212
012682,0,0,0,0,0,0,0,20260402,20261212
012683,0,0,0,0,0,0,0,20260402,20261212
012684,0,0,0,0,0,0,0,20260402,20261212
012685,0,0,0,0,0,0,0,20260402,20261212
012686,0,0,0,0,0,0,0,20260402,20261212
012687,0,0,0,0,0,0,0,20260402,20261212
012688,0,0,0,0,0,0,0,20260402,20261212
012689,0,0,0,0,0,0,0,20260402,20261212
012690,0,0,0,0,0,0,0,20260402,20261212
012691,0,0,0,0,0,0,0,20260402,20261212
012692,0,0,0,0,0,0,0,20260402,20261212
012693,0,0,0,0,0,0,0,20260402,20261212
012694,0,0,0,0,0,0,0,20260402,20261212
012695,0,0,0,0,0,0,0,20260402,20261212
012696,0,0,0,0,0,0,0,20260402,20261212
012697,0,0,0,0,0,0,0,20260402,20261212
012698,0,0,0,0,0,0,0,20260402,20261212
012699,0,0,0,0,0,0,0,20260402,20261212
012700,0,0,0,0,0,0,0,20260402,20261212
012701,0,0,0,0,0,0,0,20260402,20261212
012702,0,0,0,0,0,0,0,20260402,20261212
012703,0,0,0,0,0,0,0,20260402,20261212
012704,0,0,0,0,0,0,0,20260402,20261212
012705,0,0,0,0,0,0,0,20260402,20261212
012706,0,0,0,0,0,0,0,20260402,20261212
012707,0,0,0,0,0,0,0,20260402,20261212
012708,0,0,0,0,0,0,0,20260402,20261212
012709,0,0,0,0,0,0,0,20260402,20261212
012710,0,0,0,0,0,0,0,20260402,20261212
012711,0,0,0,0,0,0,0,20260402,20261212
012712,0,0,0,0,0,0,0,20260402,20261212
012713,0,0,0,0,0,0,0,20260402,20261212
012714,0,0,0,0,0,0,0,20260402,20261212
012715,0,0,0,0,0,0,0,20260402,20261212
012716,0,0,0,0,0,0,0,20260402,20261212
012717,0,0,0,0,0,0,0,20260402,20261212
012718,0,0,0,0,0,0,0,20260402,20261212
012719,0,0,0,0,0,0,0,20260402,20261212
012720,0,0,0,0,0,0,0,20260402,20261212
012721,0,0,0,0,0,0,0,20260402,20261212
012722,0,0,0,0,0,0,0,20260402,20261212
012723,0,0,0,0,0,0,0,20260402,20261212
012724,0,0,0,0,0,0,0,20260402,20261212
012725,0,0,0,0,0,0,0,20260402,20261212
012726,0,0,0,0,0,0,0,20260402,20261212
012727,0,0,0,0,0,0,0,20260402,20261212
012728,0,0,0,0,0,0,0,20260402,20261212
012729,0,0,0,0,0,0,0,20260402,20261212
012730,0,0,0,0,0,0,0,20260402,20261212
012731,0,0,0,0,0,0,0,20260402,20261212
012732,0,0,0,0,0,0,0,20260402,20261212
012733,0,0,0,0,0,0,0,20260402,20261212
012734,0,0,0,0,0,0,0,20260402,20261212
012735,0,0,0,0,0,0,0,20260402,20261212
012736,0,0,0,0,0,0,0,20260402,20261212
012737,0,0,0,0,0,0,0,20260402,20261212
012738,0,0,0,0,0,0,0,20260402,20261212
012739,0,0,0,0,0,0,0,20260402,20261212
012740,0,0,0,0,0,0,0,20260402,20261212
012741,0,0,0,0,0,0,0,20260402,20261212
012742,0,0,0,0,0,0,0,20260402,20261212
012743,0,0,0,0,0,0,0,20260402,20261212
012744,0,0,0,0,0,0,0,20260402,20261212
012745,0,0,0,0,0,0,0,20260402,20261212
012746,0,0,0,0,0,0,0,20260402,20261212
012747,0,0,0,0,0,0,0,20260402,20261212
012748,0,0,0,0,0,0,0,20260402,20261212
012749,0,0,0,0,0,0,0,20260402,20261212
012750,0,0,0,0,0,0,0,20260402,20261212
012751,0,0,0,0,0,0,0,20260402,20261212
012752,0,0,0,0,0,0,0,20260402,20261212
012753,0,0,0,0,0,0,0,20260402,20261212
012754,0,0,0,0,0,0,0,20260402,20261212
012755,0,0,0,0,0,0,0,20260402,20261212
012756,0,0,0,0,0,0,0,20260402,20261212
012757,0,0,0,0,0,0,0,20260402,20261212
012758,0,0,0,0,0,0,0,20260402,20261212
012759,0,0,0,0,0,0,0,20260402,20261212
012760,0,0,0,0,0,0,0,20260402,20261212
012761,0,0,0,0,0,0,0,20260402,20261212
012762,0,0,0,0,0,0,0,20260402,20261212
012763,0,0,0,0,0,0,0,20260402,20261212
012764,0,0,0,0,0,0,0,20260402,20261212
012765,0,0,0,0,0,0,0,20260402,20261212
012766,0,0,0,0,0,0,0,20260402,20261212
012767,0,0,0,0,0,0,0,20260402,20261212
012768,0,0,0,0,0,0,0,20260402,20261212
012769,0,0,0,0,0,0,0,20260402,20261212
012770,0,0,0,0,0,0,0,20260402,20261212
012771,0,0,0,0,0,0,0,20260402,20261212
012772,0,0,0,0,0,0,0,20260402,20261212
012773,0,0,0,0,0,0,0,20260402,20261212
012774,0,0,0,0,0,0,0,20260402,20261212
012775,0,0,0,0,0,0,0,20260402,20261212
012776,0,0,0,0,0,0,0,20260402,20261212
012777,0,0,0,0,0,0,0,20260402,20261212
012778,0,0,0,0,0,0,0,20260402,20261212
012779,0,0,0,0,0,0,0,20260402,20261212
012780,0,0,0,0,0,0,0,20260402,20261212
012781,0,0,0,0,0,0,0,20260402,20261212
012782,0,0,0,0,0,0,0,20260402,20261212
012783,0,0,0,0,0,0,0,20260402,20261212
012784,0,0,0,0,0,0,0,20260402,20261212
012785,0,0,0,0,0,0,0,20260402,20261212
012786,0,0,0,0,0,0,0,20260402,20261212
012787,0,0,0,0,0,0,0,20260402,20261212
012788,0,0,0,0,0,0,0,20260402,20261212
012789,0,0,0,0,0,0,0,20260402,20261212
012790,0,0,0,0,0,0,0,20260402,20261212
012791,0,0,0,0,0,0,0,20260402,20261212
012792,0,0,0,0,0,0,0,20260402,20261212
012793,0,0,0,0,0,0,0,20260402,20261212
012794,0,0,0,0,0,0,0,20260402,20261212
012795,0,0,0,0,0,0,0,20260402,20261212
012796,0,0,0,0,0,0,0,20260402,20261212
012797,0,0,0,0,0,0,0,20260402,20261212
012798,0,0,0,0,0,0,0,20260402,20261212
012799,0,0,0,0,0,0,0,20260402,20261212
012800,0,0,0,0,0,0,0,20260402,20261212
012801,0,0,0,0,0,0,0,20260402,20261212
012802,0,0,0,0,0,0,0,20260402,20261212
012803,0,0,0,0,0,0,0,20260402,20261212
012804,0,0,0,0,0,0,0,20260402,20261212
012805,0,0,0,0,0,0,0,20260402,20261212
012806,0,0,0,0,0,0,0,20260402,20261212
012807,0,0,0,0,0,0,0,20260402,20261212
012808,0,0,0,0,0,0,0,20260402,20261212
012809,0,0,0,0,0,0,0,20260402,20261212
012810,0,0,0,0,0,0,0,20260402,20261212
012811,0,0,0,0,0,0,0,20260402,20261212
012812,0,0,0,0,0,0,0,20260402,20261212
012813,0,0,0,0,0,0,0,20260402,20261212
012814,0,0,0,0,0,0,0,20260402,20261212
012815,0,0,0,0,0,0,0,20260402,20261212
012816,0,0,0,0,0,0,0,20260402,20261212
012817,0,0,0,0,0,0,0,20260402,20261212
012818,0,0,0,0,0,0,0,20260402,20261212
012819,0,0,0,0,0,0,0,20260402,20261212
012820,0,0,0,0,0,0,0,20260402,20261212
012821,0,0,0,0,0,0,0,20260402,20261212
012822,0,0,0,0,0,0,0,20260402,20261212
012823,0,0,0,0,0,0,0,20260402,20261212
012824,0,0,0,0,0,0,0,20260402,20261212
012825,0,0,0,0,0,0,0,20260402,20261212
012826,0,0,0,0,0,0,0,20260402,20261212
012827,0,0,0,0,0,0,0,20260402,20261212
012828,0,0,0,0,0,0,0,20260402,20261212
012829,0,0,0,0,0,0,0,20260402,20261212
012830,0,0,0,0,0,0,0,20260402,20261212
012831,0,0,0,0,0,0,0,20260402,20261212
012832,0,0,0,0,0,0,0,20260402,20261212
012833,0,0,0,0,0,0,0,20260402,20261212
012834,0,0,0,0,0,0,0,20260402,20261212
012835,0,0,0,0,0,0,0,20260402,20261212
012836,0,0,0,0,0,0,0,20260402,20261212
012837,0,0,0,0,0,0,0,20260402,20261212
012838,0,0,0,0,0,0,0,20260402,20261212
012839,0,0,0,0,0,0,0,20260402,20261212
012840,0,0,0,0,0,0,0,20260402,20261212
012841,0,0,0,0,0,0,0,20260402,20261212
012842,0,0,0,0,0,0,0,20260402,20261212
012843,0,0,0,0,0,0,0,20260402,20261212
012844,0,0,0,0,0,0,0,20260402,20261212
012845,0,0,0,0,0,0,0,20260402,20261212
012846,0,0,0,0,0,0,0,20260402,20261212
012847,0,0,0,0,0,0,0,20260402,20261212
012848,0,0,0,0,0,0,0,20260402,20261212
012849,0,0,0,0,0,0,0,20260402,20261212
012850,0,0,0,0,0,0,0,20260402,20261212
012851,0,0,0,0,0,0,0,20260402,20261212
012852,0,0,0,0,0,0,0,20260402,20261212
012853,0,0,0,0,0,0,0,20260402,20261212
012854,0,0,0,0,0,0,0,20260402,20261212
012855,0,0,0,0,0,0,0,20260402,20261212
012856,0,0,0,0,0,0,0,20260402,20261212
012857,0,0,0,0,0,0,0,20260402,20261212
012858,0,0,0,0,0,0,0,20260402,20261212
012859,0,0,0,0,0,0,0,20260402,20261212
012860,0,0,0,0,0,0,0,20260402,20261212
012861,0,0,0,0,0,0,0,20260402,20261212
012862,0,0,0,0,0,0,0,20260402,20261212
012863,0,0,0,0,0,0,0,20260402,20261212
012864,0,0,0,0,0,0,0,20260402,20261212
012865,0,0,0,0,0,0,0,20260402,20261212
012866,0,0,0,0,0,0,0,20260402,20261212
012867,0,0,0,0,0,0,0,20260402,20261212
012868,0,0,0,0,0,0,0,20260402,20261212
012869,0,0,0,0,0,0,0,20260402,20261212
012870,0,0,0,0,0,0,0,20260402,20261212
012871,0,0,0,0,0,0,0,20260402,20261212
012872,0,0,0,0,0,0,0,20260402,20261212
012873,0,0,0,0,0,0,0,20260402,20261212
012874,0,0,0,0,0,0,0,20260402,20261212
012875,0,0,0,0,0,0,0,20260402,20261212
012876,0,0,0,0,0,0,0,20260402,20261212
012877,0,0,0,0,0,0,0,20260402,20261212
012878,0,0,0,0,0,0,0,20260402,20261212
012879,0,0,0,0,0,0,0,20260402,20261212
012880,0,0,0,0,0,0,0,20260402,20261212
012881,0,0,0,0,0,0,0,20260402,20261212
012882,0,0,0,0,0,0,0,20260402,20261212
012883,0,0,0,0,0,0,0,20260402,20261212
012884,0,0,0,0,0,0,0,20260402,20261212
012885,0,0,0,0,0,0,0,20260402,20261212
012886,0,0,0,0,0,0,0,20260402,20261212
012887,0,0,0,0,0,0,0,20260402,20261212
012888,0,0,0,0,0,0,0,20260402,20261212
012889,0,0,0,0,0,0,0,20260402,20261212
012890,0,0,0,0,0,0,0,20260402,20261212
012891,0,0,0,0,0,0,0,20260402,20261212
012892,0,0,0,0,0,0,0,20260402,20261212
012893,0,0,0,0,0,0,0,20260402,20261212
012894,0,0,0,0,0,0,0,20260402,20261212
012895,0,0,0,0,0,0,0,20260402,20261212
012896,0,0,0,0,0,0,0,20260402,20261212
012897,0,0,0,0,0,0,0,20260402,20261212
012898,0,0,0,0,0,0,0,20260402,20261212
012899,0,0,0,0,0,0,0,20260402,20261212
012900,0,0,0,0,0,0,0,20260402,20261212
012901,0,0,0,0,0,0,0,20260402,20261212
012902,0,0,0,0,0,0,0,20260402,20261212
012903,0,0,0,0,0,0,0,20260402,20261212
012904,0,0,0,0,0,0,0,20260402,20261212
012905,0,0,0,0,0,0,0,20260402,20261212
012906,0,0,0,0,0,0,0,20260402,20261212
012907,0,0,0,0,0,0,0,20260402,20261212
012908,0,0,0,0,0,0,0,20260402,20261212
012909,0,0,0,0,0,0,0,20260402,20261212
012910,0,0,0,0,0,0,0,20260402,20261212
012911,0,0,0,0,0,0,0,20260402,20261212
012912,0,0,0,0,0,0,0,20260402,20261212
012913,0,0,0,0,0,0,0,20260402,20261212
012914,0,0,0,0,0,0,0,20260402,20261212
012915,0,0,0,0,0,0,0,20260402,20261212
012916,0,0,0,0,0,0,0,20260402,20261212
012917,0,0,0,0,0,0,0,20260402,20261212
012918,0,0,0,0,0,0,0,20260402,20261212
012919,0,0,0,0,0,0,0,20260402,20261212
012920,0,0,0,0,0,0,0,20260402,20261212
012921,0,0,0,0,0,0,0,20260402,20261212
012922,0,0,0,0,0,0,0,20260402,20261212
012923,0,0,0,0,0,0,0,20260402,20261212
012924,0,0,0,0,0,0,0,20260402,20261212
012925,0,0,0,0,0,0,0,20260402,20261212
012926,0,0,0,0,0,0,0,20260402,20261212
012927,0,0,0,0,0,0,0,20260402,20261212
012928,0,0,0,0,0,0,0,20260402,20261212
012929,0,0,0,0,0,0,0,20260402,20261212
012930,0,0,0,0,0,0,0,20260402,20261212
012931,0,0,0,0,0,0,0,20260402,20261212
012932,0,0,0,0,0,0,0,20260402,20261212
012933,0,0,0,0,0,0,0,20260402,20261212
012934,0,0,0,0,0,0,0,20260402,20261212
012935,0,0,0,0,0,0,0,20260402,20261212
012936,0,0,0,0,0,0,0,20260402,20261212
012937,0,0,0,0,0,0,0,20260402,20261212
012938,0,0,0,0,0,0,0,20260402,20261212
012939,0,0,0,0,0,0,0,20260402,20261212
012940,0,0,0,0,0,0,0,20260402,20261212
012941,0,0,0,0,0,0,0,20260402,20261212
012942,0,0,0,0,0,0,0,20260402,20261212
012943,0,0,0,0,0,0,0,20260402,20261212
012944,0,0,0,0,0,0,0,20260402,20261212
012945,0,0,0,0,0,0,0,20260402,20261212
012946,0,0,0,0,0,0,0,20260402,20261212
012947,0,0,0,0,0,0,0,20260402,20261212
012948,0,0,0,0,0,0,0,20260402,20261212
012949,0,0,0,0,0,0,0,20260402,20261212
012950,0,0,0,0,0,0,0,20260402,20261212
012951,0,0,0,0,0,0,0,20260402,20261212
012952,0,0,0,0,0,0,0,20260402,20261212
012953,0,0,0,0,0,0,0,20260402,20261212
012954,0,0,0,0,0,0,0,20260402,20261212
012955,0,0,0,0,0,0,0,20260402,20261212
012956,0,0,0,0,0,0,0,20260402,20261212
012957,0,0,0,0,0,0,0,20260402,20261212
012958,0,0,0,0,0,0,0,20260402,20261212
012959,0,0,0,0,0,0,0,20260402,20261212
012960,0,0,0,0,0,0,0,20260402,20261212
012961,0,0,0,0,0,0,0,20260402,20261212
012962,0,0,0,0,0,0,0,20260402,20261212
012963,0,0,0,0,0,0,0,20260402,20261212
012964,0,0,0,0,0,0,0,20260402,20261212
012965,0,0,0,0,0,0,0,20260402,20261212
012966,0,0,0,0,0,0,0,20260402,20261212
012967,0,0,0,0,0,0,0,20260402,20261212
012968,0,0,0,0,0,0,0,20260402,20261212
012969,0,0,0,0,0,0,0,20260402,20261212
012970,0,0,0,0,0,0,0,20260402,20261212
012971,0,0,0,0,0,0,0,20260402,20261212
012972,0,0,0,0,0,0,0,20260402,20261212
012973,0,0,0,0,0,0,0,20260402,20261212
012974,0,0,0,0,0,0,0,20260402,20261212
012975,0,0,0,0,0,0,0,20260402,20261212
012976,0,0,0,0,0,0,0,20260402,20261212
012977,0,0,0,0,0,0,0,20260402,20261212
012978,0,0,0,0,0,0,0,20260402,20261212
012979,0,0,0,0,0,0,0,20260402,20261212
012980,0,0,0,0,0,0,0,20260402,20261212
012981,0,0,0,0,0,0,0,20260402,20261212
012982,0,0,0,0,0,0,0,20260402,20261212
012983,0,0,0,0,0,0,0,20260402,20261212
012984,0,0,0,0,0,0,0,20260402,20261212
012985,0,0,0,0,0,0,0,20260402,20261212
012986,0,0,0,0,0,0,0,20260402,20261212
012987,0,0,0,0,0,0,0,20260402,20261212
012988,0,0,0,0,0,0,0,20260402,20261212
012989,0,0,0,0,0,0,0,20260402,20261212
012990,0,0,0,0,0,0,0,20260402,20261212
012991,0,0,0,0,0,0,0,20260402,20261212
012992,0,0,0,0,0,0,0,20260402,20261212
012993,0,0,0,0,0,0,0,20260402,20261212
012994,0,0,0,0,0,0,0,20260402,20261212
012995,0,0,0,0,0,0,0,20260402,20261212
012996,0,0,0,0,0,0,0,20260402,20261212
012997,0,0,0,0,0,0,0,20260402,20261212
012998,0,0,0,0,0,0,0,20260402,20261212
012999,0,0,0,0,0,0,0,20260402,20261212
013000,0,0,0,0,0,0,0,20260402,20261212
013001,0,0,0,0,0,0,0,20260402,20261212
013002,0,0,0,0,0,0,0,20260402,20261212
013003,0,0,0,0,0,0,0,20260402,20261212
013004,0,0,0,0,0,0,0,20260402,20261212
013005,0,0,0,0,0,0,0,20260402,20261212
013006,0,0,0,0,0,0,0,20260402,20261212
013007,0,0,0,0,0,0,0,20260402,20261212
013008,0,0,0,0,0,0,0,20260402,20261212
013009,0,0,0,0,0,0,0,20260402,20261212
013010,0,0,0,0,0,0,0,20260402,20261212
013011,0,0,0,0,0,0,0,20260402,20261212
013012,0,0,0,0,0,0,0,20260402,20261212
013013,0,0,0,0,0,0,0,20260402,20261212
013014,0,0,0,0,0,0,0,20260402,20261212
013015,0,0,0,0,0,0,0,20260402,20261212
013016,0,0,0,0,0,0,0,20260402,20261212
013017,0,0,0,0,0,0,0,20260402,20261212
013018,0,0,0,0,0,0,0,20260402,20261212
013019,0,0,0,0,0,0,0,20260402,20261212
013020,0,0,0,0,0,0,0,20260402,20261212
013021,0,0,0,0,0,0,0,20260402,20261212
013022,0,0,0,0,0,0,0,20260402,20261212
013023,0,0,0,0,0,0,0,20260402,20261212
013024,0,0,0,0,0,0,0,20260402,20261212
013025,0,0,0,0,0,0,0,20260402,20261212
013026,0,0,0,0,0,0,0,20260402,20261212
013027,0,0,0,0,0,0,0,20260402,20261212
013028,0,0,0,0,0,0,0,20260402,20261212
013029,0,0,0,0,0,0,0,20260402,20261212
013030,0,0,0,0,0,0,0,20260402,20261212
013031,0,0,0,0,0,0,0,20260402,20261212
013032,0,0,0,0,0,0,0,20260402,20261212
013033,0,0,0,0,0,0,0,20260402,20261212
013034,0,0,0,0,0,0,0,20260402,20261212
013035,0,0,0,0,0,0,0,20260402,20261212
013036,0,0,0,0,0,0,0,20260402,20261212
013037,0,0,0,0,0,0,0,20260402,20261212
013038,0,0,0,0,0,0,0,20260402,20261212
013039,0,0,0,0,0,0,0,20260402,20261212
013040,0,0,0,0,0,0,0,20260402,20261212
013041,0,0,0,0,0,0,0,20260402,20261212
013042,0,0,0,0,0,0,0,20260402,20261212
013043,0,0,0,0,0,0,0,20260402,20261212
013044,0,0,0,0,0,0,0,20260402,20261212
013045,0,0,0,0,0,0,0,20260402,20261212
013046,0,0,0,0,0,0,0,20260402,20261212
013047,0,0,0,0,0,0,0,20260402,20261212
013048,0,0,0,0,0,0,0,20260402,20261212
013049,0,0,0,0,0,0,0,20260402,20261212
013050,0,0,0,0,0,0,0,20260402,20261212
013051,0,0,0,0,0,0,0,20260402,20261212
013052,0,0,0,0,0,0,0,20260402,20261212
013053,0,0,0,0,0,0,0,20260402,20261212
013054,0,0,0,0,0,0,0,20260402,20261212
013055,0,0,0,0,0,0,0,20260402,20261212
013056,0,0,0,0,0,0,0,20260402,20261212
013057,0,0,0,0,0,0,0,20260402,20261212
013058,0,0,0,0,0,0,0,20260402,20261212
013059,0,0,0,0,0,0,0,20260402,20261212
013060,0,0,0,0,0,0,0,20260402,20261212
013061,0,0,0,0,0,0,0,20260402,20261212
013062,0,0,0,0,0,0,0,20260402,20261212
013063,0,0,0,0,0,0,0,20260402,20261212
013064,0,0,0,0,0,0,0,20260402,20261212
013065,0,0,0,0,0,0,0,20260402,20261212
013066,0,0,0,0,0,0,0,20260402,20261212
013067,0,0,0,0,0,0,0,20260402,20261212
013068,0,0,0,0,0,0,0,20260402,20261212
013069,0,0,0,0,0,0,0,20260402,20261212
013070,0,0,0,0,0,0,0,20260402,20261212
013071,0,0,0,0,0,0,0,20260402,20261212
013072,0,0,0,0,0,0,0,20260402,20261212
013073,0,0,0,0,0,0,0,20260402,20261212
013074,0,0,0,0,0,0,0,20260402,20261212
013075,0,0,0,0,0,0,0,20260402,20261212
013076,0,0,0,0,0,0,0,20260402,20261212
013077,0,0,0,0,0,0,0,20260402,20261212
013078,0,0,0,0,0,0,0,20260402,20261212
013079,0,0,0,0,0,0,0,20260402,20261212
013080,0,0,0,0,0,0,0,20260402,20261212
013081,0,0,0,0,0,0,0,20260402,20261212
013082,0,0,0,0,0,0,0,20260402,20261212
013083,0,0,0,0,0,0,0,20260402,20261212
013084,0,0,0,0,0,0,0,20260402,20261212
013085,0,0,0,0,0,0,0,20260402,20261212
013086,0,0,0,0,0,0,0,20260402,20261212
013087,0,0,0,0,0,0,0,20260402,20261212
013088,0,0,0,0,0,0,0,20260402,20261212
013089,0,0,0,0,0,0,0,20260402,20261212
013090,0,0,0,0,0,0,0,20260402,20261212
013091,0,0,0,0,0,0,0,20260402,20261212
013092,0,0,0,0,0,0,0,20260402,20261212
013093,0,0,0,0,0,0,0,20260402,20261212
013094,0,0,0,0,0,0,0,20260402,20261212
013095,0,0,0,0,0,0,0,20260402,20261212
013096,0,0,0,0,0,0,0,20260402,20261212
013097,0,0,0,0,0,0,0,20260402,20261212
013098,0,0,0,0,0,0,0,20260402,20261212
013099,0,0,0,0,0,0,0,20260402,20261212
013100,0,0,0,0,0,0,0,20260402,20261212
013101,0,0,0,0,0,0,0,20260402,20261212
013102,0,0,0,0,0,0,0,20260402,20261212
013103,0,0,0,0,0,0,0,20260402,20261212
013104,0,0,0,0,0,0,0,20260402,20261212
013105,0,0,0,0,0,0,0,20260402,20261212
013106,0,0,0,0,0,0,0,20260402,20261212
013107,0,0,0,0,0,0,0,20260402,20261212
013108,0,0,0,0,0,0,0,20260402,20261212
013109,0,0,0,0,0,0,0,20260402,20261212
013110,0,0,0,0,0,0,0,20260402,20261212
013111,0,0,0,0,0,0,0,20260402,20261212
013112,0,0,0,0,0,0,0,20260402,20261212
013113,0,0,0,0,0,0,0,20260402,20261212
013114,0,0,0,0,0,0,0,20260402,20261212
013115,0,0,0,0,0,0,0,20260402,20261212
013116,0,0,0,0,0,0,0,20260402,20261212
013117,0,0,0,0,0,0,0,20260402,20261212
013118,0,0,0,0,0,0,0,20260402,20261212
013119,0,0,0,0,0,0,0,20260402,20261212
013120,0,0,0,0,0,0,0,20260402,20261212
013121,0,0,0,0,0,0,0,20260402,20261212
013122,0,0,0,0,0,0,0,20260402,20261212
013123,0,0,0,0,0,0,0,20260402,20261212
013124,0,0,0,0,0,0,0,20260402,20261212
013125,0,0,0,0,0,0,0,20260402,20261212
013126,0,0,0,0,0,0,0,20260402,20261212
013127,0,0,0,0,0,0,0,20260402,20261212
013128,0,0,0,0,0,0,0,20260402,20261212
013129,0,0,0,0,0,0,0,20260402,20261212
013130,0,0,0,0,0,0,0,20260402,20261212
013131,0,0,0,0,0,0,0,20260402,20261212
013132,0,0,0,0,0,0,0,20260402,20261212
013133,0,0,0,0,0,0,0,20260402,20261212
013134,0,0,0,0,0,0,0,20260402,20261212
013135,0,0,0,0,0,0,0,20260402,20261212
013136,0,0,0,0,0,0,0,20260402,20261212
013137,0,0,0,0,0,0,0,20260402,20261212
013138,0,0,0,0,0,0,0,20260402,20261212
013139,0,0,0,0,0,0,0,20260402,20261212
013140,0,0,0,0,0,0,0,20260402,20261212
013141,0,0,0,0,0,0,0,20260402,20261212
013142,0,0,0,0,0,0,0,20260402,20261212
013143,0,0,0,0,0,0,0,20260402,20261212
013144,0,0,0,0,0,0,0,20260402,20261212
013145,0,0,0,0,0,0,0,20260402,20261212
013146,0,0,0,0,0,0,0,20260402,20261212
013147,0,0,0,0,0,0,0,20260402,20261212
013148,0,0,0,0,0,0,0,20260402,20261212
013149,0,0,0,0,0,0,0,20260402,20261212
013150,0,0,0,0,0,0,0,20260402,20261212
013151,0,0,0,0,0,0,0,20260402,20261212
013152,0,0,0,0,0,0,0,20260402,20261212
013153,0,0,0,0,0,0,0,20260402,20261212
013154,0,0,0,0,0,0,0,20260402,20261212
013155,0,0,0,0,0,0,0,20260402,20261212
013156,0,0,0,0,0,0,0,20260402,20261212
013157,0,0,0,0,0,0,0,20260402,20261212
013158,0,0,0,0,0,0,0,20260402,20261212
013159,0,0,0,0,0,0,0,20260402,20261212
013160,0,0,0,0,0,0,0,20260402,20261212
013161,0,0,0,0,0,0,0,20260402,20261212
013162,0,0,0,0,0,0,0,20260402,20261212
013163,0,0,0,0,0,0,0,20260402,20261212
013164,0,0,0,0,0,0,0,20260402,20261212
013165,0,0,0,0,0,0,0,20260402,20261212
013166,0,0,0,0,0,0,0,20260402,20261212
013167,0,0,0,0,0,0,0,20260402,20261212
013168,0,0,0,0,0,0,0,20260402,20261212
013169,0,0,0,0,0,0,0,20260402,20261212
013170,0,0,0,0,0,0,0,20260402,20261212
013171,0,0,0,0,0,0,0,20260402,20261212
013172,0,0,0,0,0,0,0,20260402,20261212
013173,0,0,0,0,0,0,0,20260402,20261212
013174,0,0,0,0,0,0,0,20260402,20261212
013175,0,0,0,0,0,0,0,20260402,20261212
013176,0,0,0,0,0,0,0,20260402,20261212
013177,0,0,0,0,0,0,0,20260402,20261212
013178,0,0,0,0,0,0,0,20260402,20261212
013179,0,0,0,0,0,0,0,20260402,20261212
013180,0,0,0,0,0,0,0,20260402,20261212
013181,0,0,0,0,0,0,0,20260402,20261212
013182,0,0,0,0,0,0,0,20260402,20261212
013183,0,0,0,0,0,0,0,20260402,20261212
013184,0,0,0,0,0,0,0,20260402,20261212
013185,0,0,0,0,0,0,0,20260402,20261212
013186,0,0,0,0,0,0,0,20260402,20261212
013187,0,0,0,0,0,0,0,20260402,20261212
013188,0,0,0,0,0,0,0,20260402,20261212
013189,0,0,0,0,0,0,0,20260402,20261212
013190,0,0,0,0,0,0,0,20260402,20261212
013191,0,0,0,0,0,0,0,20260402,20261212
013192,0,0,0,0,0,0,0,20260402,20261212
013193,0,0,0,0,0,0,0,20260402,20261212
013194,0,0,0,0,0,0,0,20260402,20261212
013195,0,0,0,0,0,0,0,20260402,20261212
013196,0,0,0,0,0,0,0,20260402,20261212
013197,0,0,0,0,0,0,0,20260402,20261212
013198,0,0,0,0,0,0,0,20260402,20261212
013199,0,0,0,0,0,0,0,20260402,20261212
013200,0,0,0,0,0,0,0,20260402,20261212
013201,0,0,0,0,0,0,0,20260402,20261212
013202,0,0,0,0,0,0,0,20260402,20261212
013203,0,0,0,0,0,0,0,20260402,20261212
013204,0,0,0,0,0,0,0,20260402,20261212
013205,0,0,0,0,0,0,0,20260402,20261212
013206,0,0,0,0,0,0,0,20260402,20261212
013207,0,0,0,0,0,0,0,20260402,20261212
013208,0,0,0,0,0,0,0,20260402,20261212
013209,0,0,0,0,0,0,0,20260402,20261212
013210,0,0,0,0,0,0,0,20260402,20261212
013211,0,0,0,0,0,0,0,20260402,20261212
013212,0,0,0,0,0,0,0,20260402,20261212
013213,0,0,0,0,0,0,0,20260402,20261212
013214,0,0,0,0,0,0,0,20260402,20261212
013215,0,0,0,0,0,0,0,20260402,20261212
013216,0,0,0,0,0,0,0,20260402,20261212
013217,0,0,0,0,0,0,0,20260402,20261212
013218,0,0,0,0,0,0,0,20260402,20261212
013219,0,0,0,0,0,0,0,20260402,20261212
013220,0,0,0,0,0,0,0,20260402,20261212
013221,0,0,0,0,0,0,0,20260402,20261212
013222,0,0,0,0,0,0,0,20260402,20261212
013223,0,0,0,0,0,0,0,20260402,20261212
013224,0,0,0,0,0,0,0,20260402,20261212
013225,0,0,0,0,0,0,0,20260402,20261212
013226,0,0,0,0,0,0,0,20260402,20261212
013227,0,0,0,0,0,0,0,20260402,20261212
013228,0,0,0,0,0,0,0,20260402,20261212
013229,0,0,0,0,0,0,0,20260402,20261212
013230,0,0,0,0,0,0,0,20260402,20261212
013231,0,0,0,0,0,0,0,20260402,20261212
013232,0,0,0,0,0,0,0,20260402,20261212
013233,0,0,0,0,0,0,0,20260402,20261212
013234,0,0,0,0,0,0,0,20260402,20261212
013235,0,0,0,0,0,0,0,20260402,20261212
013236,0,0,0,0,0,0,0,20260402,20261212
013237,0,0,0,0,0,0,0,20260402,20261212
013238,0,0,0,0,0,0,0,20260402,20261212
013239,0,0,0,0,0,0,0,20260402,20261212
013240,0,0,0,0,0,0,0,20260402,20261212
013241,0,0,0,0,0,0,0,20260402,20261212
013242,0,0,0,0,0,0,0,20260402,20261212
013243,0,0,0,0,0,0,0,20260402,20261212
013244,0,0,0,0,0,0,0,20260402,20261212
013245,0,0,0,0,0,0,0,20260402,20261212
013246,0,0,0,0,0,0,0,20260402,20261212
013247,0,0,0,0,0,0,0,20260402,20261212
013248,0,0,0,0,0,0,0,20260402,20261212
013249,0,0,0,0,0,0,0,20260402,20261212
013250,0,0,0,0,0,0,0,20260402,20261212
013251,0,0,0,0,0,0,0,20260402,20261212
013252,0,0,0,0,0,0,0,20260402,20261212
013253,0,0,0,0,0,0,0,20260402,20261212
013254,0,0,0,0,0,0,0,20260402,20261212
013255,0,0,0,0,0,0,0,20260402,20261212
013256,0,0,0,0,0,0,0,20260402,20261212
013257,0,0,0,0,0,0,0,20260402,20261212
013258,0,0,0,0,0,0,0,20260402,20261212
013259,0,0,0,0,0,0,0,20260402,20261212
013260,0,0,0,0,0,0,0,20260402,20261212
013261,0,0,0,0,0,0,0,20260402,20261212
013262,0,0,0,0,0,0,0,20260402,20261212
013263,0,0,0,0,0,0,0,20260402,20261212
013264,0,0,0,0,0,0,0,20260402,20261212
013265,0,0,0,0,0,0,0,20260402,20261212
013266,0,0,0,0,0,0,0,20260402,20261212
013267,0,0,0,0,0,0,0,20260402,20261212
013268,0,0,0,0,0,0,0,20260402,20261212
013269,0,0,0,0,0,0,0,20260402,20261212
013270,0,0,0,0,0,0,0,20260402,20261212
013271,0,0,0,0,0,0,0,20260402,20261212
013272,0,0,0,0,0,0,0,20260402,20261212
013273,0,0,0,0,0,0,0,20260402,20261212
013274,0,0,0,0,0,0,0,20260402,20261212
013275,0,0,0,0,0,0,0,20260402,20261212
013276,0,0,0,0,0,0,0,20260402,20261212
013277,0,0,0,0,0,0,0,20260402,20261212
013278,0,0,0,0,0,0,0,20260402,20261212
013279,0,0,0,0,0,0,0,20260402,20261212
013280,0,0,0,0,0,0,0,20260402,20261212
013281,0,0,0,0,0,0,0,20260402,20261212
013282,0,0,0,0,0,0,0,20260402,20261212
013283,0,0,0,0,0,0,0,20260402,20261212
013284,0,0,0,0,0,0,0,20260402,20261212
013285,0,0,0,0,0,0,0,20260402,20261212
013286,0,0,0,0,0,0,0,20260402,20261212
013287,0,0,0,0,0,0,0,20260402,20261212
013288,0,0,0,0,0,0,0,20260402,20261212
013289,0,0,0,0,0,0,0,20260402,20261212
013290,0,0,0,0,0,0,0,20260402,20261212
013291,0,0,0,0,0,0,0,20260402,20261212
013292,0,0,0,0,0,0,0,20260402,20261212
013293,0,0,0,0,0,0,0,20260402,20261212
013294,0,0,0,0,0,0,0,20260402,20261212
013295,0,0,0,0,0,0,0,20260402,20261212
013296,0,0,0,0,0,0,0,20260402,20261212
013297,0,0,0,0,0,0,0,20260402,20261212
013298,0,0,0,0,0,0,0,20260402,20261212
013299,0,0,0,0,0,0,0,20260402,20261212
013300,0,0,0,0,0,0,0,20260402,20261212
013301,0,0,0,0,0,0,0,20260402,20261212
013302,0,0,0,0,0,0,0,20260402,20261212
013303,0,0,0,0,0,0,0,20260402,20261212
013304,0,0,0,0,0,0,0,20260402,20261212
013305,0,0,0,0,0,0,0,20260402,20261212
013306,0,0,0,0,0,0,0,20260402,20261212
013307,0,0,0,0,0,0,0,20260402,20261212
013308,0,0,0,0,0,0,0,20260402,20261212
013309,0,0,0,0,0,0,0,20260402,20261212
013310,0,0,0,0,0,0,0,20260402,20261212
013311,0,0,0,0,0,0,0,20260402,20261212
013312,0,0,0,0,0,0,0,20260402,20261212
013313,0,0,0,0,0,0,0,20260402,20261212
013314,0,0,0,0,0,0,0,20260402,20261212
013315,0,0,0,0,0,0,0,20260402,20261212
013316,0,0,0,0,0,0,0,20260402,20261212
013317,0,0,0,0,0,0,0,20260402,20261212
013318,0,0,0,0,0,0,0,20260402,20261212
013319,0,0,0,0,0,0,0,20260402,20261212
013320,0,0,0,0,0,0,0,20260402,20261212
013321,0,0,0,0,0,0,0,20260402,20261212
013322,0,0,0,0,0,0,0,20260402,20261212
013323,0,0,0,0,0,0,0,20260402,20261212
013324,0,0,0,0,0,0,0,20260402,20261212
013325,0,0,0,0,0,0,0,20260402,20261212
013326,0,0,0,0,0,0,0,20260402,20261212
013327,0,0,0,0,0,0,0,20260402,20261212
013328,0,0,0,0,0,0,0,20260402,20261212
013329,0,0,0,0,0,0,0,20260402,20261212
013330,0,0,0,0,0,0,0,20260402,20261212
013331,0,0,0,0,0,0,0,20260402,20261212
013332,0,0,0,0,0,0,0,20260402,20261212
013333,0,0,0,0,0,0,0,20260402,20261212
013334,0,0,0,0,0,0,0,20260402,20261212
013335,0,0,0,0,0,0,0,20260402,20261212
013336,0,0,0,0,0,0,0,20260402,20261212
013337,0,0,0,0,0,0,0,20260402,20261212
013338,0,0,0,0,0,0,0,20260402,20261212
013339,0,0,0,0,0,0,0,20260402,20261212
013340,0,0,0,0,0,0,0,20260402,20261212
013341,0,0,0,0,0,0,0,20260402,20261212
013342,0,0,0,0,0,0,0,20260402,20261212
013343,0,0,0,0,0,0,0,20260402,20261212
013344,0,0,0,0,0,0,0,20260402,20261212
013345,0,0,0,0,0,0,0,20260402,20261212
013346,0,0,0,0,0,0,0,20260402,20261212
013347,0,0,0,0,0,0,0,20260402,20261212
013348,0,0,0,0,0,0,0,20260402,20261212
013349,0,0,0,0,0,0,0,20260402,20261212
013350,0,0,0,0,0,0,0,20260402,20261212
013351,0,0,0,0,0,0,0,20260402,20261212
013352,0,0,0,0,0,0,0,20260402,20261212
013353,0,0,0,0,0,0,0,20260402,20261212
013354,0,0,0,0,0,0,0,20260402,20261212
013355,0,0,0,0,0,0,0,20260402,20261212
013356,0,0,0,0,0,0,0,20260402,20261212
013357,0,0,0,0,0,0,0,20260402,20261212
013358,0,0,0,0,0,0,0,20260402,20261212
013359,0,0,0,0,0,0,0,20260402,20261212
013360,0,0,0,0,0,0,0,20260402,20261212
013361,0,0,0,0,0,0,0,20260402,20261212
013362,0,0,0,0,0,0,0,20260402,20261212
013363,0,0,0,0,0,0,0,20260402,20261212
013364,0,0,0,0,0,0,0,20260402,20261212
013365,0,0,0,0,0,0,0,20260402,20261212
013366,0,0,0,0,0,0,0,20260402,20261212
013367,0,0,0,0,0,0,0,20260402,20261212
013368,0,0,0,0,0,0,0,20260402,20261212
013369,0,0,0,0,0,0,0,20260402,20261212
013370,0,0,0,0,0,0,0,20260402,20261212
013371,0,0,0,0,0,0,0,20260402,20261212
013372,0,0,0,0,0,0,0,20260402,20261212
013373,0,0,0,0,0,0,0,20260402,20261212
013374,0,0,0,0,0,0,0,20260402,20261212
013375,0,0,0,0,0,0,0,20260402,20261212
013376,0,0,0,0,0,0,0,20260402,20261212
013377,0,0,0,0,0,0,0,20260402,20261212
013378,0,0,0,0,0,0,0,20260402,20261212
013379,0,0,0,0,0,0,0,20260402,20261212
013380,0,0,0,0,0,0,0,20260402,20261212
013381,0,0,0,0,0,0,0,20260402,20261212
013382,0,0,0,0,0,0,0,20260402,20261212
013383,0,0,0,0,0,0,0,20260402,20261212
013384,0,0,0,0,0,0,0,20260402,20261212
013385,0,0,0,0,0,0,0,20260402,20261212
013386,0,0,0,0,0,0,0,20260402,20261212
013387,0,0,0,0,0,0,0,20260402,20261212
013388,0,0,0,0,0,0,0,20260402,20261212
013389,0,0,0,0,0,0,0,20260402,20261212
013390,0,0,0,0,0,0,0,20260402,20261212
013391,0,0,0,0,0,0,0,20260402,20261212
013392,0,0,0,0,0,0,0,20260402,20261212
013393,0,0,0,0,0,0,0,20260402,20261212
013394,0,0,0,0,0,0,0,20260402,20261212
013395,0,0,0,0,0,0,0,20260402,20261212
013396,0,0,0,0,0,0,0,20260402,20261212
013397,0,0,0,0,0,0,0,20260402,20261212
013398,0,0,0,0,0,0,0,20260402,20261212
013399,0,0,0,0,0,0,0,20260402,20261212
013400,0,0,0,0,0,0,0,20260402,20261212
013401,0,0,0,0,0,0,0,20260402,20261212
013402,0,0,0,0,0,0,0,20260402,20261212
013403,0,0,0,0,0,0,0,20260402,20261212
013404,0,0,0,0,0,0,0,20260402,20261212
013405,0,0,0,0,0,0,0,20260402,20261212
013406,0,0,0,0,0,0,0,20260402,20261212
013407,0,0,0,0,0,0,0,20260402,20261212
013408,0,0,0,0,0,0,0,20260402,20261212
013409,0,0,0,0,0,0,0,20260402,20261212
013410,0,0,0,0,0,0,0,20260402,20261212
013411,0,0,0,0,0,0,0,20260402,20261212
013412,0,0,0,0,0,0,0,20260402,20261212
013413,0,0,0,0,0,0,0,20260402,20261212
013414,0,0,0,0,0,0,0,20260402,20261212
013415,0,0,0,0,0,0,0,20260402,20261212
013416,0,0,0,0,0,0,0,20260402,20261212
013417,0,0,0,0,0,0,0,20260402,20261212
013418,0,0,0,0,0,0,0,20260402,20261212
013419,0,0,0,0,0,0,0,20260402,20261212
013420,0,0,0,0,0,0,0,20260402,20261212
013421,0,0,0,0,0,0,0,20260402,20261212
013422,0,0,0,0,0,0,0,20260402,20261212
013423,0,0,0,0,0,0,0,20260402,20261212
013424,0,0,0,0,0,0,0,20260402,20261212
013425,0,0,0,0,0,0,0,20260402,20261212
013426,0,0,0,0,0,0,0,20260402,20261212
013427,0,0,0,0,0,0,0,20260402,20261212
013428,0,0,0,0,0,0,0,20260402,20261212
013429,0,0,0,0,0,0,0,20260402,20261212
013430,0,0,0,0,0,0,0,20260402,20261212
013431,0,0,0,0,0,0,0,20260402,20261212
013432,0,0,0,0,0,0,0,20260402,20261212
013433,0,0,0,0,0,0,0,20260402,20261212
013434,0,0,0,0,0,0,0,20260402,20261212
013435,0,0,0,0,0,0,0,20260402,20261212
013436,0,0,0,0,0,0,0,20260402,20261212
013437,0,0,0,0,0,0,0,20260402,20261212
013438,0,0,0,0,0,0,0,20260402,20261212
013439,0,0,0,0,0,0,0,20260402,20261212
013440,0,0,0,0,0,0,0,20260402,20261212
013441,0,0,0,0,0,0,0,20260402,20261212
013442,0,0,0,0,0,0,0,20260402,20261212
013443,0,0,0,0,0,0,0,20260402,20261212
013444,0,0,0,0,0,0,0,20260402,20261212
013445,0,0,0,0,0,0,0,20260402,20261212
013446,0,0,0,0,0,0,0,20260402,20261212
013447,0,0,0,0,0,0,0,20260402,20261212
013448,0,0,0,0,0,0,0,20260402,20261212
013449,0,0,0,0,0,0,0,20260402,20261212
013450,0,0,0,0,0,0,0,20260402,20261212
013451,0,0,0,0,0,0,0,20260402,20261212
013452,0,0,0,0,0,0,0,20260402,20261212
013453,0,0,0,0,0,0,0,20260402,20261212
013454,0,0,0,0,0,0,0,20260402,20261212
013455,0,0,0,0,0,0,0,20260402,20261212
013456,0,0,0,0,0,0,0,20260402,20261212
013457,0,0,0,0,0,0,0,20260402,20261212
013458,0,0,0,0,0,0,0,20260402,20261212
013459,0,0,0,0,0,0,0,20260402,20261212
013460,0,0,0,0,0,0,0,20260402,20261212
013461,0,0,0,0,0,0,0,20260402,20261212
013462,0,0,0,0,0,0,0,20260402,20261212
013463,0,0,0,0,0,0,0,20260402,20261212
013464,0,0,0,0,0,0,0,20260402,20261212
013465,0,0,0,0,0,0,0,20260402,20261212
013466,0,0,0,0,0,0,0,20260402,20261212
013467,0,0,0,0,0,0,0,20260402,20261212
013468,0,0,0,0,0,0,0,20260402,20261212
013469,0,0,0,0,0,0,0,20260402,20261212
013470,0,0,0,0,0,0,0,20260402,20261212
013471,0,0,0,0,0,0,0,20260402,20261212
013472,0,0,0,0,0,0,0,20260402,20261212
013473,0,0,0,0,0,0,0,20260402,20261212
013474,0,0,0,0,0,0,0,20260402,20261212
013475,0,0,0,0,0,0,0,20260402,20261212
013476,0,0,0,0,0,0,0,20260402,20261212
013477,0,0,0,0,0,0,0,20260402,20261212
013478,0,0,0,0,0,0,0,20260402,20261212
013479,0,0,0,0,0,0,0,20260402,20261212
013480,0,0,0,0,0,0,0,20260402,20261212
013481,0,0,0,0,0,0,0,20260402,20261212
013482,0,0,0,0,0,0,0,20260402,20261212
013483,0,0,0,0,0,0,0,20260402,20261212
013484,0,0,0,0,0,0,0,20260402,20261212
013485,0,0,0,0,0,0,0,20260402,20261212
013486,0,0,0,0,0,0,0,20260402,20261212
013487,0,0,0,0,0,0,0,20260402,20261212
013488,0,0,0,0,0,0,0,20260402,20261212
013489,0,0,0,0,0,0,0,20260402,20261212
013490,0,0,0,0,0,0,0,20260402,20261212
013491,0,0,0,0,0,0,0,20260402,20261212
013492,0,0,0,0,0,0,0,20260402,20261212
013493,0,0,0,0,0,0,0,20260402,20261212
013494,0,0,0,0,0,0,0,20260402,20261212
013495,0,0,0,0,0,0,0,20260402,20261212
013496,0,0,0,0,0,0,0,20260402,20261212
013497,0,0,0,0,0,0,0,20260402,20261212
013498,0,0,0,0,0,0,0,20260402,20261212
013499,0,0,0,0,0,0,0,20260402,20261212
013500,0,0,0,0,0,0,0,20260402,20261212
013501,0,0,0,0,0,0,0,20260402,20261212
013502,0,0,0,0,0,0,0,20260402,20261212
013503,0,0,0,0,0,0,0,20260402,20261212
013504,0,0,0,0,0,0,0,20260402,20261212
013505,0,0,0,0,0,0,0,20260402,20261212
013506,0,0,0,0,0,0,0,20260402,20261212
013507,0,0,0,0,0,0,0,20260402,20261212
013508,0,0,0,0,0,0,0,20260402,20261212
013509,0,0,0,0,0,0,0,20260402,20261212
013510,0,0,0,0,0,0,0,20260402,20261212
013511,0,0,0,0,0,0,0,20260402,20261212
013512,0,0,0,0,0,0,0,20260402,20261212
013513,0,0,0,0,0,0,0,20260402,20261212
013514,0,0,0,0,0,0,0,20260402,20261212
013515,0,0,0,0,0,0,0,20260402,20261212
013516,0,0,0,0,0,0,0,20260402,20261212
013517,0,0,0,0,0,0,0,20260402,20261212
013518,0,0,0,0,0,0,0,20260402,20261212
013519,0,0,0,0,0,0,0,20260402,20261212
013520,0,0,0,0,0,0,0,20260402,20261212
013521,0,0,0,0,0,0,0,20260402,20261212
013522,0,0,0,0,0,0,0,20260402,20261212
013523,0,0,0,0,0,0,0,20260402,20261212
013524,0,0,0,0,0,0,0,20260402,20261212
013525,0,0,0,0,0,0,0,20260402,20261212
013526,0,0,0,0,0,0,0,20260402,20261212
013527,0,0,0,0,0,0,0,20260402,20261212
013528,0,0,0,0,0,0,0,20260402,20261212
013529,0,0,0,0,0,0,0,20260402,20261212
013530,0,0,0,0,0,0,0,20260402,20261212
013531,0,0,0,0,0,0,0,20260402,20261212
013532,0,0,0,0,0,0,0,20260402,20261212
013533,0,0,0,0,0,0,0,20260402,20261212
013534,0,0,0,0,0,0,0,20260402,20261212
013535,0,0,0,0,0,0,0,20260402,20261212
013536,0,0,0,0,0,0,0,20260402,20261212
013537,0,0,0,0,0,0,0,20260402,20261212
013538,0,0,0,0,0,0,0,20260402,20261212
013539,0,0,0,0,0,0,0,20260402,20261212
013540,0,0,0,0,0,0,0,20260402,20261212
013541,0,0,0,0,0,0,0,20260402,20261212
013542,0,0,0,0,0,0,0,20260402,20261212
013543,0,0,0,0,0,0,0,20260402,20261212
013544,0,0,0,0,0,0,0,20260402,20261212
013545,0,0,0,0,0,0,0,20260402,20261212
013546,0,0,0,0,0,0,0,20260402,20261212
013547,0,0,0,0,0,0,0,20260402,20261212
013548,0,0,0,0,0,0,0,20260402,20261212
013549,0,0,0,0,0,0,0,20260402,20261212
013550,0,0,0,0,0,0,0,20260402,20261212
013551,0,0,0,0,0,0,0,20260402,20261212
013552,0,0,0,0,0,0,0,20260402,20261212
013553,0,0,0,0,0,0,0,20260402,20261212
013554,0,0,0,0,0,0,0,20260402,20261212
013555,0,0,0,0,0,0,0,20260402,20261212
013556,0,0,0,0,0,0,0,20260402,20261212
013557,0,0,0,0,0,0,0,20260402,20261212
013558,0,0,0,0,0,0,0,20260402,20261212
013559,0,0,0,0,0,0,0,20260402,20261212
013560,0,0,0,0,0,0,0,20260402,20261212
013561,0,0,0,0,0,0,0,20260402,20261212
013562,0,0,0,0,0,0,0,20260402,20261212
013563,0,0,0,0,0,0,0,20260402,20261212
013564,0,0,0,0,0,0,0,20260402,20261212
013565,0,0,0,0,0,0,0,20260402,20261212
013566,0,0,0,0,0,0,0,20260402,20261212
013567,0,0,0,0,0,0,0,20260402,20261212
013568,0,0,0,0,0,0,0,20260402,20261212
013569,0,0,0,0,0,0,0,20260402,20261212
013570,0,0,0,0,0,0,0,20260402,20261212
013571,0,0,0,0,0,0,0,20260402,20261212
013572,0,0,0,0,0,0,0,20260402,20261212
013573,0,0,0,0,0,0,0,20260402,20261212
013574,0,0,0,0,0,0,0,20260402,20261212
013575,0,0,0,0,0,0,0,20260402,20261212
013576,0,0,0,0,0,0,0,20260402,20261212
013577,0,0,0,0,0,0,0,20260402,20261212
013578,0,0,0,0,0,0,0,20260402,20261212
013579,0,0,0,0,0,0,0,20260402,20261212
013580,0,0,0,0,0,0,0,20260402,20261212
013581,0,0,0,0,0,0,0,20260402,20261212
013582,0,0,0,0,0,0,0,20260402,20261212
013583,0,0,0,0,0,0,0,20260402,20261212
013584,0,0,0,0,0,0,0,20260402,20261212
013585,0,0,0,0,0,0,0,20260402,20261212
013586,0,0,0,0,0,0,0,20260402,20261212
013587,0,0,0,0,0,0,0,20260402,20261212
013588,0,0,0,0,0,0,0,20260402,20261212
013589,0,0,0,0,0,0,0,20260402,20261212
013590,0,0,0,0,0,0,0,20260402,20261212
013591,0,0,0,0,0,0,0,20260402,20261212
013592,0,0,0,0,0,0,0,20260402,20261212
013593,0,0,0,0,0,0,0,20260402,20261212
013594,0,0,0,0,0,0,0,20260402,20261212
013595,0,0,0,0,0,0,0,20260402,20261212
013596,0,0,0,0,0,0,0,20260402,20261212
013597,0,0,0,0,0,0,0,20260402,20261212
013598,0,0,0,0,0,0,0,20260402,20261212
013599,0,0,0,0,0,0,0,20260402,20261212
013600,0,0,0,0,0,0,0,20260402,20261212
013601,0,0,0,0,0,0,0,20260402,20261212
013602,0,0,0,0,0,0,0,20260402,20261212
013603,0,0,0,0,0,0,0,20260402,20261212
013604,0,0,0,0,0,0,0,20260402,20261212
013605,0,0,0,0,0,0,0,20260402,20261212
013606,0,0,0,0,0,0,0,20260402,20261212
013607,0,0,0,0,0,0,0,20260402,20261212
013608,0,0,0,0,0,0,0,20260402,20261212
013609,0,0,0,0,0,0,0,20260402,20261212
013610,0,0,0,0,0,0,0,20260402,20261212
013611,0,0,0,0,0,0,0,20260402,20261212
013612,0,0,0,0,0,0,0,20260402,20261212
013613,0,0,0,0,0,0,0,20260402,20261212
013614,0,0,0,0,0,0,0,20260402,20261212
013615,0,0,0,0,0,0,0,20260402,20261212
013616,0,0,0,0,0,0,0,20260402,20261212
013617,0,0,0,0,0,0,0,20260402,20261212
013618,0,0,0,0,0,0,0,20260402,20261212
013619,0,0,0,0,0,0,0,20260402,20261212
013620,0,0,0,0,0,0,0,20260402,20261212
013621,0,0,0,0,0,0,0,20260402,20261212
013622,0,0,0,0,0,0,0,20260402,20261212
013623,0,0,0,0,0,0,0,20260402,20261212
013624,0,0,0,0,0,0,0,20260402,20261212
013625,0,0,0,0,0,0,0,20260402,20261212
013626,0,0,0,0,0,0,0,20260402,20261212
013627,0,0,0,0,0,0,0,20260402,20261212
013628,0,0,0,0,0,0,0,20260402,20261212
013629,0,0,0,0,0,0,0,20260402,20261212
013630,0,0,0,0,0,0,0,20260402,20261212
013631,0,0,0,0,0,0,0,20260402,20261212
013632,0,0,0,0,0,0,0,20260402,20261212
013633,0,0,0,0,0,0,0,20260402,20261212
013634,0,0,0,0,0,0,0,20260402,20261212
013635,0,0,0,0,0,0,0,20260402,20261212
013636,0,0,0,0,0,0,0,20260402,20261212
013637,0,0,0,0,0,0,0,20260402,20261212
013638,0,0,0,0,0,0,0,20260402,20261212
013639,0,0,0,0,0,0,0,20260402,20261212
013640,0,0,0,0,0,0,0,20260402,20261212
013641,0,0,0,0,0,0,0,20260402,20261212
013642,0,0,0,0,0,0,0,20260402,20261212
013643,0,0,0,0,0,0,0,20260402,20261212
013644,0,0,0,0,0,0,0,20260402,20261212
013645,0,0,0,0,0,0,0,20260402,20261212
013646,0,0,0,0,0,0,0,20260402,20261212
013647,0,0,0,0,0,0,0,20260402,20261212
013648,0,0,0,0,0,0,0,20260402,20261212
013649,0,0,0,0,0,0,0,20260402,20261212
013650,0,0,0,0,0,0,0,20260402,20261212
013651,0,0,0,0,0,0,0,20260402,20261212
013652,0,0,0,0,0,0,0,20260402,20261212
013653,0,0,0,0,0,0,0,20260402,20261212
013654,0,0,0,0,0,0,0,20260402,20261212
013655,0,0,0,0,0,0,0,20260402,20261212
013656,0,0,0,0,0,0,0,20260402,20261212
013657,0,0,0,0,0,0,0,20260402,20261212
013658,0,0,0,0,0,0,0,20260402,20261212
013659,0,0,0,0,0,0,0,20260402,20261212
013660,0,0,0,0,0,0,0,20260402,20261212
013661,0,0,0,0,0,0,0,20260402,20261212
013662,0,0,0,0,0,0,0,20260402,20261212
013663,0,0,0,0,0,0,0,20260402,20261212
013664,0,0,0,0,0,0,0,20260402,20261212
013665,0,0,0,0,0,0,0,20260402,20261212
013666,0,0,0,0,0,0,0,20260402,20261212
013667,0,0,0,0,0,0,0,20260402,20261212
013668,0,0,0,0,0,0,0,20260402,20261212
013669,0,0,0,0,0,0,0,20260402,20261212
013670,0,0,0,0,0,0,0,20260402,20261212
013671,0,0,0,0,0,0,0,20260402,20261212
013672,0,0,0,0,0,0,0,20260402,20261212
013673,0,0,0,0,0,0,0,20260402,20261212
013674,0,0,0,0,0,0,0,20260402,20261212
013675,0,0,0,0,0,0,0,20260402,20261212
013676,0,0,0,0,0,0,0,20260402,20261212
013677,0,0,0,0,0,0,0,20260402,20261212
013678,0,0,0,0,0,0,0,20260402,20261212
013679,0,0,0,0,0,0,0,20260402,20261212
013680,0,0,0,0,0,0,0,20260402,20261212
013681,0,0,0,0,0,0,0,20260402,20261212
013682,0,0,0,0,0,0,0,20260402,20261212
013683,0,0,0,0,0,0,0,20260402,20261212
013684,0,0,0,0,0,0,0,20260402,20261212
013685,0,0,0,0,0,0,0,20260402,20261212
013686,0,0,0,0,0,0,0,20260402,20261212
013687,0,0,0,0,0,0,0,20260402,20261212
013688,0,0,0,0,0,0,0,20260402,20261212
013689,0,0,0,0,0,0,0,20260402,20261212
013690,0,0,0,0,0,0,0,20260402,20261212
013691,0,0,0,0,0,0,0,20260402,20261212
013692,0,0,0,0,0,0,0,20260402,20261212
013693,0,0,0,0,0,0,0,20260402,20261212
013694,0,0,0,0,0,0,0,20260402,20261212
013695,0,0,0,0,0,0,0,20260402,20261212
013696,0,0,0,0,0,0,0,20260402,20261212
013697,0,0,0,0,0,0,0,20260402,20261212
013698,0,0,0,0,0,0,0,20260402,20261212
013699,0,0,0,0,0,0,0,20260402,20261212
013700,0,0,0,0,0,0,0,20260402,20261212
013701,0,0,0,0,0,0,0,20260402,20261212
013702,0,0,0,0,0,0,0,20260402,20261212
013703,0,0,0,0,0,0,0,20260402,20261212
013704,0,0,0,0,0,0,0,20260402,20261212
013705,0,0,0,0,0,0,0,20260402,20261212
013706,0,0,0,0,0,0,0,20260402,20261212
013707,0,0,0,0,0,0,0,20260402,20261212
013708,0,0,0,0,0,0,0,20260402,20261212
013709,0,0,0,0,0,0,0,20260402,20261212
013710,0,0,0,0,0,0,0,20260402,20261212
013711,0,0,0,0,0,0,0,20260402,20261212
013712,0,0,0,0,0,0,0,20260402,20261212
013713,0,0,0,0,0,0,0,20260402,20261212
013714,0,0,0,0,0,0,0,20260402,20261212
013715,0,0,0,0,0,0,0,20260402,20261212
013716,0,0,0,0,0,0,0,20260402,20261212
013717,0,0,0,0,0,0,0,20260402,20261212
013718,0,0,0,0,0,0,0,20260402,20261212
013719,0,0,0,0,0,0,0,20260402,20261212
013720,0,0,0,0,0,0,0,20260402,20261212
013721,0,0,0,0,0,0,0,20260402,20261212
013722,0,0,0,0,0,0,0,20260402,20261212
013723,0,0,0,0,0,0,0,20260402,20261212
013724,0,0,0,0,0,0,0,20260402,20261212
013725,0,0,0,0,0,0,0,20260402,20261212
013726,0,0,0,0,0,0,0,20260402,20261212
013727,0,0,0,0,0,0,0,20260402,20261212
013728,0,0,0,0,0,0,0,20260402,20261212
013729,0,0,0,0,0,0,0,20260402,20261212
013730,0,0,0,0,0,0,0,20260402,20261212
013731,0,0,0,0,0,0,0,20260402,20261212
013732,0,0,0,0,0,0,0,20260402,20261212
013733,0,0,0,0,0,0,0,20260402,20261212
013734,0,0,0,0,0,0,0,20260402,20261212
013735,0,0,0,0,0,0,0,20260402,20261212
013736,0,0,0,0,0,0,0,20260402,20261212
013737,0,0,0,0,0,0,0,20260402,20261212
013738,0,0,0,0,0,0,0,20260402,20261212
013739,0,0,0,0,0,0,0,20260402,20261212
013740,0,0,0,0,0,0,0,20260402,20261212
013741,0,0,0,0,0,0,0,20260402,20261212
013742,0,0,0,0,0,0,0,20260402,20261212
013743,0,0,0,0,0,0,0,20260402,20261212
013744,0,0,0,0,0,0,0,20260402,20261212
013745,0,0,0,0,0,0,0,20260402,20261212
013746,0,0,0,0,0,0,0,20260402,20261212
013747,0,0,0,0,0,0,0,20260402,20261212
013748,0,0,0,0,0,0,0,20260402,20261212
013749,0,0,0,0,0,0,0,20260402,20261212
013750,0,0,0,0,0,0,0,20260402,20261212
013751,0,0,0,0,0,0,0,20260402,20261212
013752,0,0,0,0,0,0,0,20260402,20261212
013753,0,0,0,0,0,0,0,20260402,20261212
013754,0,0,0,0,0,0,0,20260402,20261212
013755,0,0,0,0,0,0,0,20260402,20261212
013756,0,0,0,0,0,0,0,20260402,20261212
013757,0,0,0,0,0,0,0,20260402,20261212
013758,0,0,0,0,0,0,0,20260402,20261212
013759,0,0,0,0,0,0,0,20260402,20261212
013760,0,0,0,0,0,0,0,20260402,20261212
013761,0,0,0,0,0,0,0,20260402,20261212
013762,0,0,0,0,0,0,0,20260402,20261212
013763,0,0,0,0,0,0,0,20260402,20261212
013764,0,0,0,0,0,0,0,20260402,20261212
013765,0,0,0,0,0,0,0,20260402,20261212
013766,0,0,0,0,0,0,0,20260402,20261212
013767,0,0,0,0,0,0,0,20260402,20261212
013768,0,0,0,0,0,0,0,20260402,20261212
013769,0,0,0,0,0,0,0,20260402,20261212
013770,0,0,0,0,0,0,0,20260402,20261212
013771,0,0,0,0,0,0,0,20260402,20261212
013772,0,0,0,0,0,0,0,20260402,20261212
013773,0,0,0,0,0,0,0,20260402,20261212
013774,0,0,0,0,0,0,0,20260402,20261212
013775,0,0,0,0,0,0,0,20260402,20261212
013776,0,0,0,0,0,0,0,20260402,20261212
013777,0,0,0,0,0,0,0,20260402,20261212
013778,0,0,0,0,0,0,0,20260402,20261212
013779,0,0,0,0,0,0,0,20260402,20261212
013780,0,0,0,0,0,0,0,20260402,20261212
013781,0,0,0,0,0,0,0,20260402,20261212
013782,0,0,0,0,0,0,0,20260402,20261212
013783,0,0,0,0,0,0,0,20260402,20261212
013784,0,0,0,0,0,0,0,20260402,20261212
013785,0,0,0,0,0,0,0,20260402,20261212
013786,0,0,0,0,0,0,0,20260402,20261212
013787,0,0,0,0,0,0,0,20260402,20261212
013788,0,0,0,0,0,0,0,20260402,20261212
013789,0,0,0,0,0,0,0,20260402,20261212
013790,0,0,0,0,0,0,0,20260402,20261212
013791,0,0,0,0,0,0,0,20260402,20261212
013792,0,0,0,0,0,0,0,20260402,20261212
013793,0,0,0,0,0,0,0,20260402,20261212
013794,0,0,0,0,0,0,0,20260402,20261212
013795,0,0,0,0,0,0,0,20260402,20261212
013796,0,0,0,0,0,0,0,20260402,20261212
013797,0,0,0,0,0,0,0,20260402,20261212
013798,0,0,0,0,0,0,0,20260402,20261212
013799,0,0,0,0,0,0,0,20260402,20261212
013800,0,0,0,0,0,0,0,20260402,20261212
013801,0,0,0,0,0,0,0,20260402,20261212
013802,0,0,0,0,0,0,0,20260402,20261212
013803,0,0,0,0,0,0,0,20260402,20261212
013804,0,0,0,0,0,0,0,20260402,20261212
013805,0,0,0,0,0,0,0,20260402,20261212
013806,0,0,0,0,0,0,0,20260402,20261212
013807,0,0,0,0,0,0,0,20260402,20261212
013808,0,0,0,0,0,0,0,20260402,20261212
013809,0,0,0,0,0,0,0,20260402,20261212
013810,0,0,0,0,0,0,0,20260402,20261212
013811,0,0,0,0,0,0,0,20260402,20261212
013812,0,0,0,0,0,0,0,20260402,20261212
013813,0,0,0,0,0,0,0,20260402,20261212
013814,0,0,0,0,0,0,0,20260402,20261212
013815,0,0,0,0,0,0,0,20260402,20261212
013816,0,0,0,0,0,0,0,20260402,20261212
013817,0,0,0,0,0,0,0,20260402,20261212
013818,0,0,0,0,0,0,0,20260402,20261212
013819,0,0,0,0,0,0,0,20260402,20261212
013820,0,0,0,0,0,0,0,20260402,20261212
013821,0,0,0,0,0,0,0,20260402,20261212
013822,0,0,0,0,0,0,0,20260402,20261212
013823,0,0,0,0,0,0,0,20260402,20261212
013824,0,0,0,0,0,0,0,20260402,20261212
013825,0,0,0,0,0,0,0,20260402,20261212
013826,0,0,0,0,0,0,0,20260402,20261212
013827,0,0,0,0,0,0,0,20260402,20261212
013828,0,0,0,0,0,0,0,20260402,20261212
013829,0,0,0,0,0,0,0,20260402,20261212
013830,0,0,0,0,0,0,0,20260402,20261212
013831,0,0,0,0,0,0,0,20260402,20261212
013832,0,0,0,0,0,0,0,20260402,20261212
013833,0,0,0,0,0,0,0,20260402,20261212
013834,0,0,0,0,0,0,0,20260402,20261212
013835,0,0,0,0,0,0,0,20260402,20261212
013836,0,0,0,0,0,0,0,20260402,20261212
013837,0,0,0,0,0,0,0,20260402,20261212
013838,0,0,0,0,0,0,0,20260402,20261212
013839,0,0,0,0,0,0,0,20260402,20261212
013840,0,0,0,0,0,0,0,20260402,20261212
013841,0,0,0,0,0,0,0,20260402,20261212
013842,0,0,0,0,0,0,0,20260402,20261212
013843,0,0,0,0,0,0,0,20260402,20261212
013844,0,0,0,0,0,0,0,20260402,20261212
013845,0,0,0,0,0,0,0,20260402,20261212
013846,0,0,0,0,0,0,0,20260402,20261212
013847,0,0,0,0,0,0,0,20260402,20261212
013848,0,0,0,0,0,0,0,20260402,20261212
013849,0,0,0,0,0,0,0,20260402,20261212
013850,0,0,0,0,0,0,0,20260402,20261212
013851,0,0,0,0,0,0,0,20260402,20261212
013852,0,0,0,0,0,0,0,20260402,20261212
013853,0,0,0,0,0,0,0,20260402,20261212
013854,0,0,0,0,0,0,0,20260402,20261212
013855,0,0,0,0,0,0,0,20260402,20261212
013856,0,0,0,0,0,0,0,20260402,20261212
013857,0,0,0,0,0,0,0,20260402,20261212
013858,0,0,0,0,0,0,0,20260402,20261212
013859,0,0,0,0,0,0,0,20260402,20261212
013860,0,0,0,0,0,0,0,20260402,20261212
013861,0,0,0,0,0,0,0,20260402,20261212
013862,0,0,0,0,0,0,0,20260402,20261212
013863,0,0,0,0,0,0,0,20260402,20261212
013864,0,0,0,0,0,0,0,20260402,20261212
013865,0,0,0,0,0,0,0,20260402,20261212
013866,0,0,0,0,0,0,0,20260402,20261212
013867,0,0,0,0,0,0,0,20260402,20261212
013868,0,0,0,0,0,0,0,20260402,20261212
013869,0,0,0,0,0,0,0,20260402,20261212
013870,0,0,0,0,0,0,0,20260402,20261212
013871,0,0,0,0,0,0,0,20260402,20261212
013872,0,0,0,0,0,0,0,20260402,20261212
013873,0,0,0,0,0,0,0,20260402,20261212
013874,0,0,0,0,0,0,0,20260402,20261212
013875,0,0,0,0,0,0,0,20260402,20261212
013876,0,0,0,0,0,0,0,20260402,20261212
013877,0,0,0,0,0,0,0,20260402,20261212
013878,0,0,0,0,0,0,0,20260402,20261212
013879,0,0,0,0,0,0,0,20260402,20261212
013880,0,0,0,0,0,0,0,20260402,20261212
013881,0,0,0,0,0,0,0,20260402,20261212
013882,0,0,0,0,0,0,0,20260402,20261212
013883,0,0,0,0,0,0,0,20260402,20261212
013884,0,0,0,0,0,0,0,20260402,20261212
013885,0,0,0,0,0,0,0,20260402,20261212
013886,0,0,0,0,0,0,0,20260402,20261212
013887,0,0,0,0,0,0,0,20260402,20261212
013888,0,0,0,0,0,0,0,20260402,20261212
013889,0,0,0,0,0,0,0,20260402,20261212
013890,0,0,0,0,0,0,0,20260402,20261212
013891,0,0,0,0,0,0,0,20260402,20261212
013892,0,0,0,0,0,0,0,20260402,20261212
013893,0,0,0,0,0,0,0,20260402,20261212
013894,0,0,0,0,0,0,0,20260402,20261212
013895,0,0,0,0,0,0,0,20260402,20261212
013896,0,0,0,0,0,0,0,20260402,20261212
013897,0,0,0,0,0,0,0,20260402,20261212
013898,0,0,0,0,0,0,0,20260402,20261212
013899,0,0,0,0,0,0,0,20260402,20261212
013900,0,0,0,0,0,0,0,20260402,20261212
013901,0,0,0,0,0,0,0,20260402,20261212
013902,0,0,0,0,0,0,0,20260402,20261212
013903,0,0,0,0,0,0,0,20260402,20261212
013904,0,0,0,0,0,0,0,20260402,20261212
013905,0,0,0,0,0,0,0,20260402,20261212
013906,0,0,0,0,0,0,0,20260402,20261212
013907,0,0,0,0,0,0,0,20260402,20261212
013908,0,0,0,0,0,0,0,20260402,20261212
013909,0,0,0,0,0,0,0,20260402,20261212
013910,0,0,0,0,0,0,0,20260402,20261212
013911,0,0,0,0,0,0,0,20260402,20261212
013912,0,0,0,0,0,0,0,20260402,20261212
013913,0,0,0,0,0,0,0,20260402,20261212
013914,0,0,0,0,0,0,0,20260402,20261212
013915,0,0,0,0,0,0,0,20260402,20261212
013916,0,0,0,0,0,0,0,20260402,20261212
013917,0,0,0,0,0,0,0,20260402,20261212
013918,0,0,0,0,0,0,0,20260402,20261212
013919,0,0,0,0,0,0,0,20260402,20261212
013920,0,0,0,0,0,0,0,20260402,20261212
013921,0,0,0,0,0,0,0,20260402,20261212
013922,0,0,0,0,0,0,0,20260402,20261212
013923,0,0,0,0,0,0,0,20260402,20261212
013924,0,0,0,0,0,0,0,20260402,20261212
013925,0,0,0,0,0,0,0,20260402,20261212
013926,0,0,0,0,0,0,0,20260402,20261212
013927,0,0,0,0,0,0,0,20260402,20261212
013928,0,0,0,0,0,0,0,20260402,20261212
013929,0,0,0,0,0,0,0,20260402,20261212
013930,0,0,0,0,0,0,0,20260402,20261212
013931,0,0,0,0,0,0,0,20260402,20261212
013932,0,0,0,0,0,0,0,20260402,20261212
013933,0,0,0,0,0,0,0,20260402,20261212
013934,0,0,0,0,0,0,0,20260402,20261212
013935,0,0,0,0,0,0,0,20260402,20261212
013936,0,0,0,0,0,0,0,20260402,20261212
013937,0,0,0,0,0,0,0,20260402,20261212
013938,0,0,0,0,0,0,0,20260402,20261212
013939,0,0,0,0,0,0,0,20260402,20261212
013940,0,0,0,0,0,0,0,20260402,20261212
013941,0,0,0,0,0,0,0,20260402,20261212
013942,0,0,0,0,0,0,0,20260402,20261212
013943,0,0,0,0,0,0,0,20260402,20261212
013944,0,0,0,0,0,0,0,20260402,20261212
013945,0,0,0,0,0,0,0,20260402,20261212
013946,0,0,0,0,0,0,0,20260402,20261212
013947,0,0,0,0,0,0,0,20260402,20261212
013948,0,0,0,0,0,0,0,20260402,20261212
013949,0,0,0,0,0,0,0,20260402,20261212
013950,0,0,0,0,0,0,0,20260402,20261212
013951,0,0,0,0,0,0,0,20260402,20261212
013952,0,0,0,0,0,0,0,20260402,20261212
013953,0,0,0,0,0,0,0,20260402,20261212
013954,0,0,0,0,0,0,0,20260402,20261212
013955,0,0,0,0,0,0,0,20260402,20261212
013956,0,0,0,0,0,0,0,20260402,20261212
013957,0,0,0,0,0,0,0,20260402,20261212
013958,0,0,0,0,0,0,0,20260402,20261212
013959,0,0,0,0,0,0,0,20260402,20261212
013960,0,0,0,0,0,0,0,20260402,20261212
013961,0,0,0,0,0,0,0,20260402,20261212
013962,0,0,0,0,0,0,0,20260402,20261212
013963,0,0,0,0,0,0,0,20260402,20261212
013964,0,0,0,0,0,0,0,20260402,20261212
013965,0,0,0,0,0,0,0,20260402,20261212
013966,0,0,0,0,0,0,0,20260402,20261212
013967,0,0,0,0,0,0,0,20260402,20261212
013968,0,0,0,0,0,0,0,20260402,20261212
013969,0,0,0,0,0,0,0,20260402,20261212
013970,0,0,0,0,0,0,0,20260402,20261212
013971,0,0,0,0,0,0,0,20260402,20261212
013972,0,0,0,0,0,0,0,20260402,20261212
013973,0,0,0,0,0,0,0,20260402,20261212
013974,0,0,0,0,0,0,0,20260402,20261212
013975,0,0,0,0,0,0,0,20260402,20261212
013976,0,0,0,0,0,0,0,20260402,20261212
013977,0,0,0,0,0,0,0,20260402,20261212
013978,0,0,0,0,0,0,0,20260402,20261212
013979,0,0,0,0,0,0,0,20260402,20261212
013980,0,0,0,0,0,0,0,20260402,20261212
013981,0,0,0,0,0,0,0,20260402,20261212
013982,0,0,0,0,0,0,0,20260402,20261212
013983,0,0,0,0,0,0,0,20260402,20261212
013984,0,0,0,0,0,0,0,20260402,20261212
013985,0,0,0,0,0,0,0,20260402,20261212
013986,0,0,0,0,0,0,0,20260402,20261212
013987,0,0,0,0,0,0,0,20260402,20261212
013988,0,0,0,0,0,0,0,20260402,20261212
013989,0,0,0,0,0,0,0,20260402,20261212
013990,0,0,0,0,0,0,0,20260402,20261212
013991,0,0,0,0,0,0,0,20260402,20261212
013992,0,0,0,0,0,0,0,20260402,20261212
013993,0,0,0,0,0,0,0,20260402,20261212
013994,0,0,0,0,0,0,0,20260402,20261212
013995,0,0,0,0,0,0,0,20260402,20261212
013996,0,0,0,0,0,0,0,20260402,20261212
013997,0,0,0,0,0,0,0,20260402,20261212
013998,0,0,0,0,0,0,0,20260402,20261212
013999,0,0,0,0,0,0,0,20260402,20261212
014000,0,0,0,0,0,0,0,20260402,20261212
014001,0,0,0,0,0,0,0,20260402,20261212
014002,0,0,0,0,0,0,0,20260402,20261212
014003,0,0,0,0,0,0,0,20260402,20261212
014004,0,0,0,0,0,0,0,20260402,20261212
014005,0,0,0,0,0,0,0,20260402,20261212
014006,0,0,0,0,0,0,0,20260402,20261212
014007,0,0,0,0,0,0,0,20260402,20261212
014008,0,0,0,0,0,0,0,20260402,20261212
014009,0,0,0,0,0,0,0,20260402,20261212
014010,0,0,0,0,0,0,0,20260402,20261212
014011,0,0,0,0,0,0,0,20260402,20261212
014012,0,0,0,0,0,0,0,20260402,20261212
014013,0,0,0,0,0,0,0,20260402,20261212
014014,0,0,0,0,0,0,0,20260402,20261212
014015,0,0,0,0,0,0,0,20260402,20261212
014016,0,0,0,0,0,0,0,20260402,20261212
014017,0,0,0,0,0,0,0,20260402,20261212
014018,0,0,0,0,0,0,0,20260402,20261212
014019,0,0,0,0,0,0,0,20260402,20261212
014020,0,0,0,0,0,0,0,20260402,20261212
014021,0,0,0,0,0,0,0,20260402,20261212
014022,0,0,0,0,0,0,0,20260402,20261212
014023,0,0,0,0,0,0,0,20260402,20261212
014024,0,0,0,0,0,0,0,20260402,20261212
014025,0,0,0,0,0,0,0,20260402,20261212
014026,0,0,0,0,0,0,0,20260402,20261212
014027,0,0,0,0,0,0,0,20260402,20261212
014028,0,0,0,0,0,0,0,20260402,20261212
014029,0,0,0,0,0,0,0,20260402,20261212
014030,0,0,0,0,0,0,0,20260402,20261212
014031,0,0,0,0,0,0,0,20260402,20261212
014032,0,0,0,0,0,0,0,20260402,20261212
014033,0,0,0,0,0,0,0,20260402,20261212
014034,0,0,0,0,0,0,0,20260402,20261212
014035,0,0,0,0,0,0,0,20260402,20261212
014036,0,0,0,0,0,0,0,20260402,20261212
014037,0,0,0,0,0,0,0,20260402,20261212
014038,0,0,0,0,0,0,0,20260402,20261212
014039,0,0,0,0,0,0,0,20260402,20261212
014040,0,0,0,0,0,0,0,20260402,20261212
014041,0,0,0,0,0,0,0,20260402,20261212
014042,0,0,0,0,0,0,0,20260402,20261212
014043,0,0,0,0,0,0,0,20260402,20261212
014044,0,0,0,0,0,0,0,20260402,20261212
014045,0,0,0,0,0,0,0,20260402,20261212
014046,0,0,0,0,0,0,0,20260402,20261212
014047,0,0,0,0,0,0,0,20260402,20261212
014048,0,0,0,0,0,0,0,20260402,20261212
014049,0,0,0,0,0,0,0,20260402,20261212
014050,0,0,0,0,0,0,0,20260402,20261212
014051,0,0,0,0,0,0,0,20260402,20261212
014052,0,0,0,0,0,0,0,20260402,20261212
014053,0,0,0,0,0,0,0,20260402,20261212
014054,0,0,0,0,0,0,0,20260402,20261212
014055,0,0,0,0,0,0,0,20260402,20261212
014056,0,0,0,0,0,0,0,20260402,20261212
014057,0,0,0,0,0,0,0,20260402,20261212
014058,0,0,0,0,0,0,0,20260402,20261212
014059,0,0,0,0,0,0,0,20260402,20261212
014060,0,0,0,0,0,0,0,20260402,20261212
014061,0,0,0,0,0,0,0,20260402,20261212
014062,0,0,0,0,0,0,0,20260402,20261212
014063,0,0,0,0,0,0,0,20260402,20261212
014064,0,0,0,0,0,0,0,20260402,20261212
014065,0,0,0,0,0,0,0,20260402,20261212
014066,0,0,0,0,0,0,0,20260402,20261212
014067,0,0,0,0,0,0,0,20260402,20261212
014068,0,0,0,0,0,0,0,20260402,20261212
014069,0,0,0,0,0,0,0,20260402,20261212
014070,0,0,0,0,0,0,0,20260402,20261212
014071,0,0,0,0,0,0,0,20260402,20261212
014072,0,0,0,0,0,0,0,20260402,20261212
014073,0,0,0,0,0,0,0,20260402,20261212
014074,0,0,0,0,0,0,0,20260402,20261212
014075,0,0,0,0,0,0,0,20260402,20261212
014076,0,0,0,0,0,0,0,20260402,20261212
014077,0,0,0,0,0,0,0,20260402,20261212
014078,0,0,0,0,0,0,0,20260402,20261212
014079,0,0,0,0,0,0,0,20260402,20261212
014080,0,0,0,0,0,0,0,20260402,20261212
014081,0,0,0,0,0,0,0,20260402,20261212
014082,0,0,0,0,0,0,0,20260402,20261212
014083,0,0,0,0,0,0,0,20260402,20261212
014084,0,0,0,0,0,0,0,20260402,20261212
014085,0,0,0,0,0,0,0,20260402,20261212
014086,0,0,0,0,0,0,0,20260402,20261212
014087,0,0,0,0,0,0,0,20260402,20261212
014088,0,0,0,0,0,0,0,20260402,20261212
014089,0,0,0,0,0,0,0,20260402,20261212
014090,0,0,0,0,0,0,0,20260402,20261212
014091,0,0,0,0,0,0,0,20260402,20261212
014092,0,0,0,0,0,0,0,20260402,20261212
014093,0,0,0,0,0,0,0,20260402,20261212
014094,0,0,0,0,0,0,0,20260402,20261212
014095,0,0,0,0,0,0,0,20260402,20261212
014096,0,0,0,0,0,0,0,20260402,20261212
014097,0,0,0,0,0,0,0,20260402,20261212
014098,0,0,0,0,0,0,0,20260402,20261212
014099,0,0,0,0,0,0,0,20260402,20261212
014100,0,0,0,0,0,0,0,20260402,20261212
014101,0,0,0,0,0,0,0,20260402,20261212
014102,0,0,0,0,0,0,0,20260402,20261212
014103,0,0,0,0,0,0,0,20260402,20261212
014104,0,0,0,0,0,0,0,20260402,20261212
014105,0,0,0,0,0,0,0,20260402,20261212
014106,0,0,0,0,0,0,0,20260402,20261212
014107,0,0,0,0,0,0,0,20260402,20261212
014108,0,0,0,0,0,0,0,20260402,20261212
014109,0,0,0,0,0,0,0,20260402,20261212
014110,0,0,0,0,0,0,0,20260402,20261212
014111,0,0,0,0,0,0,0,20260402,20261212
014112,0,0,0,0,0,0,0,20260402,20261212
014113,0,0,0,0,0,0,0,20260402,20261212
014114,0,0,0,0,0,0,0,20260402,20261212
014115,0,0,0,0,0,0,0,20260402,20261212
014116,0,0,0,0,0,0,0,20260402,20261212
014117,0,0,0,0,0,0,0,20260402,20261212
014118,0,0,0,0,0,0,0,20260402,20261212
014119,0,0,0,0,0,0,0,20260402,20261212
014120,0,0,0,0,0,0,0,20260402,20261212
014121,0,0,0,0,0,0,0,20260402,20261212
014122,0,0,0,0,0,0,0,20260402,20261212
014123,0,0,0,0,0,0,0,20260402,20261212
014124,0,0,0,0,0,0,0,20260402,20261212
014125,0,0,0,0,0,0,0,20260402,20261212
014126,0,0,0,0,0,0,0,20260402,20261212
014127,0,0,0,0,0,0,0,20260402,20261212
014128,0,0,0,0,0,0,0,20260402,20261212
014129,0,0,0,0,0,0,0,20260402,20261212
014130,0,0,0,0,0,0,0,20260402,20261212
014131,0,0,0,0,0,0,0,20260402,20261212
014132,0,0,0,0,0,0,0,20260402,20261212
014133,0,0,0,0,0,0,0,20260402,20261212
014134,0,0,0,0,0,0,0,20260402,20261212
014135,0,0,0,0,0,0,0,20260402,20261212
014136,0,0,0,0,0,0,0,20260402,20261212
014137,0,0,0,0,0,0,0,20260402,20261212
014138,0,0,0,0,0,0,0,20260402,20261212
014139,0,0,0,0,0,0,0,20260402,20261212
014140,0,0,0,0,0,0,0,20260402,20261212
014141,0,0,0,0,0,0,0,20260402,20261212
014142,0,0,0,0,0,0,0,20260402,20261212
014143,0,0,0,0,0,0,0,20260402,20261212
014144,0,0,0,0,0,0,0,20260402,20261212
014145,0,0,0,0,0,0,0,20260402,20261212
014146,0,0,0,0,0,0,0,20260402,20261212
014147,0,0,0,0,0,0,0,20260402,20261212
014148,0,0,0,0,0,0,0,20260402,20261212
014149,0,0,0,0,0,0,0,20260402,20261212
014150,0,0,0,0,0,0,0,20260402,20261212
014151,0,0,0,0,0,0,0,20260402,20261212
014152,0,0,0,0,0,0,0,20260402,20261212
014153,0,0,0,0,0,0,0,20260402,20261212
014154,0,0,0,0,0,0,0,20260402,20261212
014155,0,0,0,0,0,0,0,20260402,20261212
014156,0,0,0,0,0,0,0,20260402,20261212
014157,0,0,0,0,0,0,0,20260402,20261212
014158,0,0,0,0,0,0,0,20260402,20261212
014159,0,0,0,0,0,0,0,20260402,20261212
014160,0,0,0,0,0,0,0,20260402,20261212
014161,0,0,0,0,0,0,0,20260402,20261212
014162,0,0,0,0,0,0,0,20260402,20261212
014163,0,0,0,0,0,0,0,20260402,20261212
014164,0,0,0,0,0,0,0,20260402,20261212
014165,0,0,0,0,0,0,0,20260402,20261212
014166,0,0,0,0,0,0,0,20260402,20261212
014167,0,0,0,0,0,0,0,20260402,20261212
014168,0,0,0,0,0,0,0,20260402,20261212
014169,0,0,0,0,0,0,0,20260402,20261212
014170,0,0,0,0,0,0,0,20260402,20261212
014171,0,0,0,0,0,0,0,20260402,20261212
014172,0,0,0,0,0,0,0,20260402,20261212
014173,0,0,0,0,0,0,0,20260402,20261212
014174,0,0,0,0,0,0,0,20260402,20261212
014175,0,0,0,0,0,0,0,20260402,20261212
014176,0,0,0,0,0,0,0,20260402,20261212
014177,0,0,0,0,0,0,0,20260402,20261212
014178,0,0,0,0,0,0,0,20260402,20261212
014179,0,0,0,0,0,0,0,20260402,20261212
014180,0,0,0,0,0,0,0,20260402,20261212
014181,0,0,0,0,0,0,0,20260402,20261212
014182,0,0,0,0,0,0,0,20260402,20261212
014183,0,0,0,0,0,0,0,20260402,20261212
014184,0,0,0,0,0,0,0,20260402,20261212
014185,0,0,0,0,0,0,0,20260402,20261212
014186,0,0,0,0,0,0,0,20260402,20261212
014187,0,0,0,0,0,0,0,20260402,20261212
014188,0,0,0,0,0,0,0,20260402,20261212
014189,0,0,0,0,0,0,0,20260402,20261212
014190,0,0,0,0,0,0,0,20260402,20261212
014191,0,0,0,0,0,0,0,20260402,20261212
014192,0,0,0,0,0,0,0,20260402,20261212
014193,0,0,0,0,0,0,0,20260402,20261212
014194,0,0,0,0,0,0,0,20260402,20261212
014195,0,0,0,0,0,0,0,20260402,20261212
014196,0,0,0,0,0,0,0,20260402,20261212
014197,0,0,0,0,0,0,0,20260402,20261212
014198,0,0,0,0,0,0,0,20260402,20261212
014199,0,0,0,0,0,0,0,20260402,20261212
014200,0,0,0,0,0,0,0,20260402,20261212
014201,0,0,0,0,0,0,0,20260402,20261212
014202,0,0,0,0,0,0,0,20260402,20261212
014203,0,0,0,0,0,0,0,20260402,20261212
014204,0,0,0,0,0,0,0,20260402,20261212
014205,0,0,0,0,0,0,0,20260402,20261212
014206,0,0,0,0,0,0,0,20260402,20261212
014207,0,0,0,0,0,0,0,20260402,20261212
014208,0,0,0,0,0,0,0,20260402,20261212
014209,0,0,0,0,0,0,0,20260402,20261212
014210,0,0,0,0,0,0,0,20260402,20261212
014211,0,0,0,0,0,0,0,20260402,20261212
014212,0,0,0,0,0,0,0,20260402,20261212
014213,0,0,0,0,0,0,0,20260402,20261212
014214,0,0,0,0,0,0,0,20260402,20261212
014215,0,0,0,0,0,0,0,20260402,20261212
014216,0,0,0,0,0,0,0,20260402,20261212
014217,0,0,0,0,0,0,0,20260402,20261212
014218,0,0,0,0,0,0,0,20260402,20261212
014219,0,0,0,0,0,0,0,20260402,20261212
014220,0,0,0,0,0,0,0,20260402,20261212
014221,0,0,0,0,0,0,0,20260402,20261212
014222,0,0,0,0,0,0,0,20260402,20261212
014223,0,0,0,0,0,0,0,20260402,20261212
014224,0,0,0,0,0,0,0,20260402,20261212
014225,0,0,0,0,0,0,0,20260402,20261212
014226,0,0,0,0,0,0,0,20260402,20261212
014227,0,0,0,0,0,0,0,20260402,20261212
014228,0,0,0,0,0,0,0,20260402,20261212
014229,0,0,0,0,0,0,0,20260402,20261212
014230,0,0,0,0,0,0,0,20260402,20261212
014231,0,0,0,0,0,0,0,20260402,20261212
014232,0,0,0,0,0,0,0,20260402,20261212
014233,0,0,0,0,0,0,0,20260402,20261212
014234,0,0,0,0,0,0,0,20260402,20261212
014235,0,0,0,0,0,0,0,20260402,20261212
014236,0,0,0,0,0,0,0,20260402,20261212
014237,0,0,0,0,0,0,0,20260402,20261212
014238,0,0,0,0,0,0,0,20260402,20261212
014239,0,0,0,0,0,0,0,20260402,20261212
014240,0,0,0,0,0,0,0,20260402,20261212
014241,0,0,0,0,0,0,0,20260402,20261212
014242,0,0,0,0,0,0,0,20260402,20261212
014243,0,0,0,0,0,0,0,20260402,20261212
014244,0,0,0,0,0,0,0,20260402,20261212
014245,0,0,0,0,0,0,0,20260402,20261212
014246,0,0,0,0,0,0,0,20260402,20261212
014247,0,0,0,0,0,0,0,20260402,20261212
014248,0,0,0,0,0,0,0,20260402,20261212
014249,0,0,0,0,0,0,0,20260402,20261212
014250,0,0,0,0,0,0,0,20260402,20261212
014251,0,0,0,0,0,0,0,20260402,20261212
014252,0,0,0,0,0,0,0,20260402,20261212
014253,0,0,0,0,0,0,0,20260402,20261212
014254,0,0,0,0,0,0,0,20260402,20261212
014255,0,0,0,0,0,0,0,20260402,20261212
014256,0,0,0,0,0,0,0,20260402,20261212
014257,0,0,0,0,0,0,0,20260402,20261212
014258,0,0,0,0,0,0,0,20260402,20261212
014259,0,0,0,0,0,0,0,20260402,20261212
014260,0,0,0,0,0,0,0,20260402,20261212
014261,0,0,0,0,0,0,0,20260402,20261212
014262,0,0,0,0,0,0,0,20260402,20261212
014263,0,0,0,0,0,0,0,20260402,20261212
014264,0,0,0,0,0,0,0,20260402,20261212
014265,0,0,0,0,0,0,0,20260402,20261212
014266,0,0,0,0,0,0,0,20260402,20261212
014267,0,0,0,0,0,0,0,20260402,20261212
014268,0,0,0,0,0,0,0,20260402,20261212
014269,0,0,0,0,0,0,0,20260402,20261212
014270,0,0,0,0,0,0,0,20260402,20261212
014271,0,0,0,0,0,0,0,20260402,20261212
014272,0,0,0,0,0,0,0,20260402,20261212
014273,0,0,0,0,0,0,0,20260402,20261212
014274,0,0,0,0,0,0,0,20260402,20261212
014275,0,0,0,0,0,0,0,20260402,20261212
014276,0,0,0,0,0,0,0,20260402,20261212
014277,0,0,0,0,0,0,0,20260402,20261212
014278,0,0,0,0,0,0,0,20260402,20261212
014279,0,0,0,0,0,0,0,20260402,20261212
014280,0,0,0,0,0,0,0,20260402,20261212
014281,0,0,0,0,0,0,0,20260402,20261212
014282,0,0,0,0,0,0,0,20260402,20261212
014283,0,0,0,0,0,0,0,20260402,20261212
014284,0,0,0,0,0,0,0,20260402,20261212
014285,0,0,0,0,0,0,0,20260402,20261212
014286,0,0,0,0,0,0,0,20260402,20261212
014287,0,0,0,0,0,0,0,20260402,20261212
014288,0,0,0,0,0,0,0,20260402,20261212
014289,0,0,0,0,0,0,0,20260402,20261212
014290,0,0,0,0,0,0,0,20260402,20261212
014291,0,0,0,0,0,0,0,20260402,20261212
014292,0,0,0,0,0,0,0,20260402,20261212
014293,0,0,0,0,0,0,0,20260402,20261212
014294,0,0,0,0,0,0,0,20260402,20261212
014295,0,0,0,0,0,0,0,20260402,20261212
014296,0,0,0,0,0,0,0,20260402,20261212
014297,0,0,0,0,0,0,0,20260402,20261212
014298,0,0,0,0,0,0,0,20260402,20261212
014299,0,0,0,0,0,0,0,20260402,20261212
014300,0,0,0,0,0,0,0,20260402,20261212
014301,0,0,0,0,0,0,0,20260402,20261212
014302,0,0,0,0,0,0,0,20260402,20261212
014303,0,0,0,0,0,0,0,20260402,20261212
014304,0,0,0,0,0,0,0,20260402,20261212
014305,0,0,0,0,0,0,0,20260402,20261212
014306,0,0,0,0,0,0,0,20260402,20261212
014307,0,0,0,0,0,0,0,20260402,20261212
014308,0,0,0,0,0,0,0,20260402,20261212
014309,0,0,0,0,0,0,0,20260402,20261212
014310,0,0,0,0,0,0,0,20260402,20261212
014311,0,0,0,0,0,0,0,20260402,20261212
014312,0,0,0,0,0,0,0,20260402,20261212
014313,0,0,0,0,0,0,0,20260402,20261212
014314,0,0,0,0,0,0,0,20260402,20261212
014315,0,0,0,0,0,0,0,20260402,20261212
014316,0,0,0,0,0,0,0,20260402,20261212
014317,0,0,0,0,0,0,0,20260402,20261212
014318,0,0,0,0,0,0,0,20260402,20261212
014319,0,0,0,0,0,0,0,20260402,20261212
014320,0,0,0,0,0,0,0,20260402,20261212
014321,0,0,0,0,0,0,0,20260402,20261212
014322,0,0,0,0,0,0,0,20260402,20261212
014323,0,0,0,0,0,0,0,20260402,20261212
014324,0,0,0,0,0,0,0,20260402,20261212
014325,0,0,0,0,0,0,0,20260402,20261212
014326,0,0,0,0,0,0,0,20260402,20261212
014327,0,0,0,0,0,0,0,20260402,20261212
014328,0,0,0,0,0,0,0,20260402,20261212
014329,0,0,0,0,0,0,0,20260402,20261212
014330,0,0,0,0,0,0,0,20260402,20261212
014331,0,0,0,0,0,0,0,20260402,20261212
014332,0,0,0,0,0,0,0,20260402,20261212
014333,0,0,0,0,0,0,0,20260402,20261212
014334,0,0,0,0,0,0,0,20260402,20261212
014335,0,0,0,0,0,0,0,20260402,20261212
014336,0,0,0,0,0,0,0,20260402,20261212
014337,0,0,0,0,0,0,0,20260402,20261212
014338,0,0,0,0,0,0,0,20260402,20261212
014339,0,0,0,0,0,0,0,20260402,20261212
014340,0,0,0,0,0,0,0,20260402,20261212
014341,0,0,0,0,0,0,0,20260402,20261212
014342,0,0,0,0,0,0,0,20260402,20261212
014343,0,0,0,0,0,0,0,20260402,20261212
014344,0,0,0,0,0,0,0,20260402,20261212
014345,0,0,0,0,0,0,0,20260402,20261212
014346,0,0,0,0,0,0,0,20260402,20261212
014347,0,0,0,0,0,0,0,20260402,20261212
014348,0,0,0,0,0,0,0,20260402,20261212
014349,0,0,0,0,0,0,0,20260402,20261212
014350,0,0,0,0,0,0,0,20260402,20261212
014351,0,0,0,0,0,0,0,20260402,20261212
014352,0,0,0,0,0,0,0,20260402,20261212
014353,0,0,0,0,0,0,0,20260402,20261212
014354,0,0,0,0,0,0,0,20260402,20261212
014355,0,0,0,0,0,0,0,20260402,20261212
014356,0,0,0,0,0,0,0,20260402,20261212
014357,0,0,0,0,0,0,0,20260402,20261212
014358,0,0,0,0,0,0,0,20260402,20261212
014359,0,0,0,0,0,0,0,20260402,20261212
014360,0,0,0,0,0,0,0,20260402,20261212
014361,0,0,0,0,0,0,0,20260402,20261212
014362,0,0,0,0,0,0,0,20260402,20261212
014363,0,0,0,0,0,0,0,20260402,20261212
014364,0,0,0,0,0,0,0,20260402,20261212
014365,0,0,0,0,0,0,0,20260402,20261212
014366,0,0,0,0,0,0,0,20260402,20261212
014367,0,0,0,0,0,0,0,20260402,20261212
014368,0,0,0,0,0,0,0,20260402,20261212
014369,0,0,0,0,0,0,0,20260402,20261212
014370,0,0,0,0,0,0,0,20260402,20261212
014371,0,0,0,0,0,0,0,20260402,20261212
014372,0,0,0,0,0,0,0,20260402,20261212
014373,0,0,0,0,0,0,0,20260402,20261212
014374,0,0,0,0,0,0,0,20260402,20261212
014375,0,0,0,0,0,0,0,20260402,20261212
014376,0,0,0,0,0,0,0,20260402,20261212
014377,0,0,0,0,0,0,0,20260402,20261212
014378,0,0,0,0,0,0,0,20260402,20261212
014379,0,0,0,0,0,0,0,20260402,20261212
014380,0,0,0,0,0,0,0,20260402,20261212
014381,0,0,0,0,0,0,0,20260402,20261212
014382,0,0,0,0,0,0,0,20260402,20261212
014383,0,0,0,0,0,0,0,20260402,20261212
014384,0,0,0,0,0,0,0,20260402,20261212
014385,0,0,0,0,0,0,0,20260402,20261212
014386,0,0,0,0,0,0,0,20260402,20261212
014387,0,0,0,0,0,0,0,20260402,20261212
014388,0,0,0,0,0,0,0,20260402,20261212
014389,0,0,0,0,0,0,0,20260402,20261212
014390,0,0,0,0,0,0,0,20260402,20261212
014391,0,0,0,0,0,0,0,20260402,20261212
014392,0,0,0,0,0,0,0,20260402,20261212
014393,0,0,0,0,0,0,0,20260402,20261212
014394,0,0,0,0,0,0,0,20260402,20261212
014395,0,0,0,0,0,0,0,20260402,20261212
014396,0,0,0,0,0,0,0,20260402,20261212
014397,0,0,0,0,0,0,0,20260402,20261212
014398,0,0,0,0,0,0,0,20260402,20261212
014399,0,0,0,0,0,0,0,20260402,20261212
014400,0,0,0,0,0,0,0,20260402,20261212
014401,0,0,0,0,0,0,0,20260402,20261212
014402,0,0,0,0,0,0,0,20260402,20261212
014403,0,0,0,0,0,0,0,20260402,20261212
014404,0,0,0,0,0,0,0,20260402,20261212
014405,0,0,0,0,0,0,0,20260402,20261212
014406,0,0,0,0,0,0,0,20260402,20261212
014407,0,0,0,0,0,0,0,20260402,20261212
014408,0,0,0,0,0,0,0,20260402,20261212
014409,0,0,0,0,0,0,0,20260402,20261212
014410,0,0,0,0,0,0,0,20260402,20261212
014411,0,0,0,0,0,0,0,20260402,20261212
014412,0,0,0,0,0,0,0,20260402,20261212
014413,0,0,0,0,0,0,0,20260402,20261212
014414,0,0,0,0,0,0,0,20260402,20261212
014415,0,0,0,0,0,0,0,20260402,20261212
014416,0,0,0,0,0,0,0,20260402,20261212
014417,0,0,0,0,0,0,0,20260402,20261212
014418,0,0,0,0,0,0,0,20260402,20261212
014419,0,0,0,0,0,0,0,20260402,20261212
014420,0,0,0,0,0,0,0,20260402,20261212
014421,0,0,0,0,0,0,0,20260402,20261212
014422,0,0,0,0,0,0,0,20260402,20261212
014423,0,0,0,0,0,0,0,20260402,20261212
014424,0,0,0,0,0,0,0,20260402,20261212
014425,0,0,0,0,0,0,0,20260402,20261212
014426,0,0,0,0,0,0,0,20260402,20261212
014427,0,0,0,0,0,0,0,20260402,20261212
014428,0,0,0,0,0,0,0,20260402,20261212
014429,0,0,0,0,0,0,0,20260402,20261212
014430,0,0,0,0,0,0,0,20260402,20261212
014431,0,0,0,0,0,0,0,20260402,20261212
014432,0,0,0,0,0,0,0,20260402,20261212
014433,0,0,0,0,0,0,0,20260402,20261212
014434,0,0,0,0,0,0,0,20260402,20261212
014435,0,0,0,0,0,0,0,20260402,20261212
014436,0,0,0,0,0,0,0,20260402,20261212
014437,0,0,0,0,0,0,0,20260402,20261212
014438,0,0,0,0,0,0,0,20260402,20261212
014439,0,0,0,0,0,0,0,20260402,20261212
014440,0,0,0,0,0,0,0,20260402,20261212
014441,0,0,0,0,0,0,0,20260402,20261212
014442,0,0,0,0,0,0,0,20260402,20261212
014443,0,0,0,0,0,0,0,20260402,20261212
014444,0,0,0,0,0,0,0,20260402,20261212
014445,0,0,0,0,0,0,0,20260402,20261212
014446,0,0,0,0,0,0,0,20260402,20261212
014447,0,0,0,0,0,0,0,20260402,20261212
014448,0,0,0,0,0,0,0,20260402,20261212
014449,0,0,0,0,0,0,0,20260402,20261212
014450,0,0,0,0,0,0,0,20260402,20261212
014451,0,0,0,0,0,0,0,20260402,20261212
014452,0,0,0,0,0,0,0,20260402,20261212
014453,0,0,0,0,0,0,0,20260402,20261212
014454,0,0,0,0,0,0,0,20260402,20261212
014455,0,0,0,0,0,0,0,20260402,20261212
014456,0,0,0,0,0,0,0,20260402,20261212
014457,0,0,0,0,0,0,0,20260402,20261212
014458,0,0,0,0,0,0,0,20260402,20261212
014459,0,0,0,0,0,0,0,20260402,20261212
014460,0,0,0,0,0,0,0,20260402,20261212
014461,0,0,0,0,0,0,0,20260402,20261212
014462,0,0,0,0,0,0,0,20260402,20261212
014463,0,0,0,0,0,0,0,20260402,20261212
014464,0,0,0,0,0,0,0,20260402,20261212
014465,0,0,0,0,0,0,0,20260402,20261212
014466,0,0,0,0,0,0,0,20260402,20261212
014467,0,0,0,0,0,0,0,20260402,20261212
014468,0,0,0,0,0,0,0,20260402,20261212
014469,0,0,0,0,0,0,0,20260402,20261212
014470,0,0,0,0,0,0,0,20260402,20261212
014471,0,0,0,0,0,0,0,20260402,20261212
014472,0,0,0,0,0,0,0,20260402,20261212
014473,0,0,0,0,0,0,0,20260402,20261212
014474,0,0,0,0,0,0,0,20260402,20261212
014475,0,0,0,0,0,0,0,20260402,20261212
014476,0,0,0,0,0,0,0,20260402,20261212
014477,0,0,0,0,0,0,0,20260402,20261212
014478,0,0,0,0,0,0,0,20260402,20261212
014479,0,0,0,0,0,0,0,20260402,20261212
014480,0,0,0,0,0,0,0,20260402,20261212
014481,0,0,0,0,0,0,0,20260402,20261212
014482,0,0,0,0,0,0,0,20260402,20261212
014483,0,0,0,0,0,0,0,20260402,20261212
014484,0,0,0,0,0,0,0,20260402,20261212
014485,0,0,0,0,0,0,0,20260402,20261212
014486,0,0,0,0,0,0,0,20260402,20261212
014487,0,0,0,0,0,0,0,20260402,20261212
014488,0,0,0,0,0,0,0,20260402,20261212
014489,0,0,0,0,0,0,0,20260402,20261212
014490,0,0,0,0,0,0,0,20260402,20261212
014491,0,0,0,0,0,0,0,20260402,20261212
014492,0,0,0,0,0,0,0,20260402,20261212
014493,0,0,0,0,0,0,0,20260402,20261212
014494,0,0,0,0,0,0,0,20260402,20261212
014495,0,0,0,0,0,0,0,20260402,20261212
014496,0,0,0,0,0,0,0,20260402,20261212
014497,0,0,0,0,0,0,0,20260402,20261212
014498,0,0,0,0,0,0,0,20260402,20261212
014499,0,0,0,0,0,0,0,20260402,20261212
014500,0,0,0,0,0,0,0,20260402,20261212
014501,0,0,0,0,0,0,0,20260402,20261212
014502,0,0,0,0,0,0,0,20260402,20261212
014503,0,0,0,0,0,0,0,20260402,20261212
014504,0,0,0,0,0,0,0,20260402,20261212
014505,0,0,0,0,0,0,0,20260402,20261212
014506,0,0,0,0,0,0,0,20260402,20261212
014507,0,0,0,0,0,0,0,20260402,20261212
014508,0,0,0,0,0,0,0,20260402,20261212
014509,0,0,0,0,0,0,0,20260402,20261212
014510,0,0,0,0,0,0,0,20260402,20261212
014511,0,0,0,0,0,0,0,20260402,20261212
014512,0,0,0,0,0,0,0,20260402,20261212
014513,0,0,0,0,0,0,0,20260402,20261212
014514,0,0,0,0,0,0,0,20260402,20261212
014515,0,0,0,0,0,0,0,20260402,20261212
014516,0,0,0,0,0,0,0,20260402,20261212
014517,0,0,0,0,0,0,0,20260402,20261212
014518,0,0,0,0,0,0,0,20260402,20261212
014519,0,0,0,0,0,0,0,20260402,20261212
014520,0,0,0,0,0,0,0,20260402,20261212
014521,0,0,0,0,0,0,0,20260402,20261212
014522,0,0,0,0,0,0,0,20260402,20261212
014523,0,0,0,0,0,0,0,20260402,20261212
014524,0,0,0,0,0,0,0,20260402,20261212
014525,0,0,0,0,0,0,0,20260402,20261212
014526,0,0,0,0,0,0,0,20260402,20261212
014527,0,0,0,0,0,0,0,20260402,20261212
014528,0,0,0,0,0,0,0,20260402,20261212
014529,0,0,0,0,0,0,0,20260402,20261212
014530,0,0,0,0,0,0,0,20260402,20261212
014531,0,0,0,0,0,0,0,20260402,20261212
014532,0,0,0,0,0,0,0,20260402,20261212
014533,0,0,0,0,0,0,0,20260402,20261212
014534,0,0,0,0,0,0,0,20260402,20261212
014535,0,0,0,0,0,0,0,20260402,20261212
014536,0,0,0,0,0,0,0,20260402,20261212
014537,0,0,0,0,0,0,0,20260402,20261212
014538,0,0,0,0,0,0,0,20260402,20261212
014539,0,0,0,0,0,0,0,20260402,20261212
014540,0,0,0,0,0,0,0,20260402,20261212
014541,0,0,0,0,0,0,0,20260402,20261212
014542,0,0,0,0,0,0,0,20260402,20261212
014543,0,0,0,0,0,0,0,20260402,20261212
014544,0,0,0,0,0,0,0,20260402,20261212
014545,0,0,0,0,0,0,0,20260402,20261212
014546,0,0,0,0,0,0,0,20260402,20261212
014547,0,0,0,0,0,0,0,20260402,20261212
014548,0,0,0,0,0,0,0,20260402,20261212
014549,0,0,0,0,0,0,0,20260402,20261212
014550,0,0,0,0,0,0,0,20260402,20261212
014551,0,0,0,0,0,0,0,20260402,20261212
014552,0,0,0,0,0,0,0,20260402,20261212
014553,0,0,0,0,0,0,0,20260402,20261212
014554,0,0,0,0,0,0,0,20260402,20261212
014555,0,0,0,0,0,0,0,20260402,20261212
014556,0,0,0,0,0,0,0,20260402,20261212
014557,0,0,0,0,0,0,0,20260402,20261212
014558,0,0,0,0,0,0,0,20260402,20261212
014559,0,0,0,0,0,0,0,20260402,20261212
014560,0,0,0,0,0,0,0,20260402,20261212
014561,0,0,0,0,0,0,0,20260402,20261212
014562,0,0,0,0,0,0,0,20260402,20261212
014563,0,0,0,0,0,0,0,20260402,20261212
014564,0,0,0,0,0,0,0,20260402,20261212
014565,0,0,0,0,0,0,0,20260402,20261212
014566,0,0,0,0,0,0,0,20260402,20261212
014567,0,0,0,0,0,0,0,20260402,20261212
014568,0,0,0,0,0,0,0,20260402,20261212
014569,0,0,0,0,0,0,0,20260402,20261212
014570,0,0,0,0,0,0,0,20260402,20261212
014571,0,0,0,0,0,0,0,20260402,20261212
014572,0,0,0,0,0,0,0,20260402,20261212
014573,0,0,0,0,0,0,0,20260402,20261212
014574,0,0,0,0,0,0,0,20260402,20261212
014575,0,0,0,0,0,0,0,20260402,20261212
014576,0,0,0,0,0,0,0,20260402,20261212
014577,0,0,0,0,0,0,0,20260402,20261212
014578,0,0,0,0,0,0,0,20260402,20261212
014579,0,0,0,0,0,0,0,20260402,20261212
014580,0,0,0,0,0,0,0,20260402,20261212
014581,0,0,0,0,0,0,0,20260402,20261212
014582,0,0,0,0,0,0,0,20260402,20261212
014583,0,0,0,0,0,0,0,20260402,20261212
014584,0,0,0,0,0,0,0,20260402,20261212
014585,0,0,0,0,0,0,0,20260402,20261212
014586,0,0,0,0,0,0,0,20260402,20261212
014587,0,0,0,0,0,0,0,20260402,20261212
014588,0,0,0,0,0,0,0,20260402,20261212
014589,0,0,0,0,0,0,0,20260402,20261212
014590,0,0,0,0,0,0,0,20260402,20261212
014591,0,0,0,0,0,0,0,20260402,20261212
014592,0,0,0,0,0,0,0,20260402,20261212
014593,0,0,0,0,0,0,0,20260402,20261212
014594,0,0,0,0,0,0,0,20260402,20261212
014595,0,0,0,0,0,0,0,20260402,20261212
014596,0,0,0,0,0,0,0,20260402,20261212
014597,0,0,0,0,0,0,0,20260402,20261212
014598,0,0,0,0,0,0,0,20260402,20261212
014599,0,0,0,0,0,0,0,20260402,20261212
014600,0,0,0,0,0,0,0,20260402,20261212
014601,0,0,0,0,0,0,0,20260402,20261212
014602,0,0,0,0,0,0,0,20260402,20261212
014603,0,0,0,0,0,0,0,20260402,20261212
014604,0,0,0,0,0,0,0,20260402,20261212
014605,0,0,0,0,0,0,0,20260402,20261212
014606,0,0,0,0,0,0,0,20260402,20261212
014607,0,0,0,0,0,0,0,20260402,20261212
014608,0,0,0,0,0,0,0,20260402,20261212
014609,0,0,0,0,0,0,0,20260402,20261212
014610,0,0,0,0,0,0,0,20260402,20261212
014611,0,0,0,0,0,0,0,20260402,20261212
014612,0,0,0,0,0,0,0,20260402,20261212
014613,0,0,0,0,0,0,0,20260402,20261212
014614,0,0,0,0,0,0,0,20260402,20261212
014615,0,0,0,0,0,0,0,20260402,20261212
014616,0,0,0,0,0,0,0,20260402,20261212
014617,0,0,0,0,0,0,0,20260402,20261212
014618,0,0,0,0,0,0,0,20260402,20261212
014619,0,0,0,0,0,0,0,20260402,20261212
014620,0,0,0,0,0,0,0,20260402,20261212
014621,0,0,0,0,0,0,0,20260402,20261212
014622,0,0,0,0,0,0,0,20260402,20261212
014623,0,0,0,0,0,0,0,20260402,20261212
014624,0,0,0,0,0,0,0,20260402,20261212
014625,0,0,0,0,0,0,0,20260402,20261212
014626,0,0,0,0,0,0,0,20260402,20261212
014627,0,0,0,0,0,0,0,20260402,20261212
014628,0,0,0,0,0,0,0,20260402,20261212
014629,0,0,0,0,0,0,0,20260402,20261212
014630,0,0,0,0,0,0,0,20260402,20261212
014631,0,0,0,0,0,0,0,20260402,20261212
014632,0,0,0,0,0,0,0,20260402,20261212
014633,0,0,0,0,0,0,0,20260402,20261212
014634,0,0,0,0,0,0,0,20260402,20261212
014635,0,0,0,0,0,0,0,20260402,20261212
014636,0,0,0,0,0,0,0,20260402,20261212
014637,0,0,0,0,0,0,0,20260402,20261212
014638,0,0,0,0,0,0,0,20260402,20261212
014639,0,0,0,0,0,0,0,20260402,20261212
014640,0,0,0,0,0,0,0,20260402,20261212
014641,0,0,0,0,0,0,0,20260402,20261212
014642,0,0,0,0,0,0,0,20260402,20261212
014643,0,0,0,0,0,0,0,20260402,20261212
014644,0,0,0,0,0,0,0,20260402,20261212
014645,0,0,0,0,0,0,0,20260402,20261212
014646,0,0,0,0,0,0,0,20260402,20261212
014647,0,0,0,0,0,0,0,20260402,20261212
014648,0,0,0,0,0,0,0,20260402,20261212
014649,0,0,0,0,0,0,0,20260402,20261212
014650,0,0,0,0,0,0,0,20260402,20261212
014651,0,0,0,0,0,0,0,20260402,20261212
014652,0,0,0,0,0,0,0,20260402,20261212
014653,0,0,0,0,0,0,0,20260402,20261212
014654,0,0,0,0,0,0,0,20260402,20261212
014655,0,0,0,0,0,0,0,20260402,20261212
014656,0,0,0,0,0,0,0,20260402,20261212
014657,0,0,0,0,0,0,0,20260402,20261212
014658,0,0,0,0,0,0,0,20260402,20261212
014659,0,0,0,0,0,0,0,20260402,20261212
014660,0,0,0,0,0,0,0,20260402,20261212
014661,0,0,0,0,0,0,0,20260402,20261212
014662,0,0,0,0,0,0,0,20260402,20261212
014663,0,0,0,0,0,0,0,20260402,20261212
014664,0,0,0,0,0,0,0,20260402,20261212
014665,0,0,0,0,0,0,0,20260402,20261212
014666,0,0,0,0,0,0,0,20260402,20261212
014667,0,0,0,0,0,0,0,20260402,20261212
014668,0,0,0,0,0,0,0,20260402,20261212
014669,0,0,0,0,0,0,0,20260402,20261212
014670,0,0,0,0,0,0,0,20260402,20261212
014671,0,0,0,0,0,0,0,20260402,20261212
014672,0,0,0,0,0,0,0,20260402,20261212
014673,0,0,0,0,0,0,0,20260402,20261212
014674,0,0,0,0,0,0,0,20260402,20261212
014675,0,0,0,0,0,0,0,20260402,20261212
014676,0,0,0,0,0,0,0,20260402,20261212
014677,0,0,0,0,0,0,0,20260402,20261212
014678,0,0,0,0,0,0,0,20260402,20261212
014679,0,0,0,0,0,0,0,20260402,20261212
014680,0,0,0,0,0,0,0,20260402,20261212
014681,0,0,0,0,0,0,0,20260402,20261212
014682,0,0,0,0,0,0,0,20260402,20261212
014683,0,0,0,0,0,0,0,20260402,20261212
014684,0,0,0,0,0,0,0,20260402,20261212
014685,0,0,0,0,0,0,0,20260402,20261212
014686,0,0,0,0,0,0,0,20260402,20261212
014687,0,0,0,0,0,0,0,20260402,20261212
014688,0,0,0,0,0,0,0,20260402,20261212
014689,0,0,0,0,0,0,0,20260402,20261212
014690,0,0,0,0,0,0,0,20260402,20261212
014691,0,0,0,0,0,0,0,20260402,20261212
014692,0,0,0,0,0,0,0,20260402,20261212
014693,0,0,0,0,0,0,0,20260402,20261212
014694,0,0,0,0,0,0,0,20260402,20261212
014695,0,0,0,0,0,0,0,20260402,20261212
014696,0,0,0,0,0,0,0,20260402,20261212
014697,0,0,0,0,0,0,0,20260402,20261212
014698,0,0,0,0,0,0,0,20260402,20261212
014699,0,0,0,0,0,0,0,20260402,20261212
014700,0,0,0,0,0,0,0,20260402,20261212
014701,0,0,0,0,0,0,0,20260402,20261212
014702,0,0,0,0,0,0,0,20260402,20261212
014703,0,0,0,0,0,0,0,20260402,20261212
014704,0,0,0,0,0,0,0,20260402,20261212
014705,0,0,0,0,0,0,0,20260402,20261212
014706,0,0,0,0,0,0,0,20260402,20261212
014707,0,0,0,0,0,0,0,20260402,20261212
014708,0,0,0,0,0,0,0,20260402,20261212
014709,0,0,0,0,0,0,0,20260402,20261212
014710,0,0,0,0,0,0,0,20260402,20261212
014711,0,0,0,0,0,0,0,20260402,20261212
014712,0,0,0,0,0,0,0,20260402,20261212
014713,0,0,0,0,0,0,0,20260402,20261212
014714,0,0,0,0,0,0,0,20260402,20261212
014715,0,0,0,0,0,0,0,20260402,20261212
014716,0,0,0,0,0,0,0,20260402,20261212
014717,0,0,0,0,0,0,0,20260402,20261212
014718,0,0,0,0,0,0,0,20260402,20261212
014719,0,0,0,0,0,0,0,20260402,20261212
014720,0,0,0,0,0,0,0,20260402,20261212
014721,0,0,0,0,0,0,0,20260402,20261212
014722,0,0,0,0,0,0,0,20260402,20261212
014723,0,0,0,0,0,0,0,20260402,20261212
014724,0,0,0,0,0,0,0,20260402,20261212
014725,0,0,0,0,0,0,0,20260402,20261212
014726,0,0,0,0,0,0,0,20260402,20261212
014727,0,0,0,0,0,0,0,20260402,20261212
014728,0,0,0,0,0,0,0,20260402,20261212
014729,0,0,0,0,0,0,0,20260402,20261212
014730,0,0,0,0,0,0,0,20260402,20261212
014731,0,0,0,0,0,0,0,20260402,20261212
014732,0,0,0,0,0,0,0,20260402,20261212
014733,0,0,0,0,0,0,0,20260402,20261212
014734,0,0,0,0,0,0,0,20260402,20261212
014735,0,0,0,0,0,0,0,20260402,20261212
014736,0,0,0,0,0,0,0,20260402,20261212
014737,0,0,0,0,0,0,0,20260402,20261212
014738,0,0,0,0,0,0,0,20260402,20261212
014739,0,0,0,0,0,0,0,20260402,20261212
014740,0,0,0,0,0,0,0,20260402,20261212
014741,0,0,0,0,0,0,0,20260402,20261212
014742,0,0,0,0,0,0,0,20260402,20261212
014743,0,0,0,0,0,0,0,20260402,20261212
014744,0,0,0,0,0,0,0,20260402,20261212
014745,0,0,0,0,0,0,0,20260402,20261212
014746,0,0,0,0,0,0,0,20260402,20261212
014747,0,0,0,0,0,0,0,20260402,20261212
014748,0,0,0,0,0,0,0,20260402,20261212
014749,0,0,0,0,0,0,0,20260402,20261212
014750,0,0,0,0,0,0,0,20260402,20261212
014751,0,0,0,0,0,0,0,20260402,20261212
014752,0,0,0,0,0,0,0,20260402,20261212
014753,0,0,0,0,0,0,0,20260402,20261212
014754,0,0,0,0,0,0,0,20260402,20261212
014755,0,0,0,0,0,0,0,20260402,20261212
014756,0,0,0,0,0,0,0,20260402,20261212
014757,0,0,0,0,0,0,0,20260402,20261212
014758,0,0,0,0,0,0,0,20260402,20261212
014759,0,0,0,0,0,0,0,20260402,20261212
014760,0,0,0,0,0,0,0,20260402,20261212
014761,0,0,0,0,0,0,0,20260402,20261212
014762,0,0,0,0,0,0,0,20260402,20261212
014763,0,0,0,0,0,0,0,20260402,20261212
014764,0,0,0,0,0,0,0,20260402,20261212
014765,0,0,0,0,0,0,0,20260402,20261212
014766,0,0,0,0,0,0,0,20260402,20261212
014767,0,0,0,0,0,0,0,20260402,20261212
014768,0,0,0,0,0,0,0,20260402,20261212
014769,0,0,0,0,0,0,0,20260402,20261212
014770,0,0,0,0,0,0,0,20260402,20261212
014771,0,0,0,0,0,0,0,20260402,20261212
014772,0,0,0,0,0,0,0,20260402,20261212
014773,0,0,0,0,0,0,0,20260402,20261212
014774,0,0,0,0,0,0,0,20260402,20261212
014775,0,0,0,0,0,0,0,20260402,20261212
014776,0,0,0,0,0,0,0,20260402,20261212
014777,0,0,0,0,0,0,0,20260402,20261212
014778,0,0,0,0,0,0,0,20260402,20261212
014779,0,0,0,0,0,0,0,20260402,20261212
014780,0,0,0,0,0,0,0,20260402,20261212
014781,0,0,0,0,0,0,0,20260402,20261212
014782,0,0,0,0,0,0,0,20260402,20261212
014783,0,0,0,0,0,0,0,20260402,20261212
014784,0,0,0,0,0,0,0,20260402,20261212
014785,0,0,0,0,0,0,0,20260402,20261212
014786,0,0,0,0,0,0,0,20260402,20261212
014787,0,0,0,0,0,0,0,20260402,20261212
014788,0,0,0,0,0,0,0,20260402,20261212
014789,0,0,0,0,0,0,0,20260402,20261212
014790,0,0,0,0,0,0,0,20260402,20261212
014791,0,0,0,0,0,0,0,20260402,20261212
014792,0,0,0,0,0,0,0,20260402,20261212
014793,0,0,0,0,0,0,0,20260402,20261212
014794,0,0,0,0,0,0,0,20260402,20261212
014795,0,0,0,0,0,0,0,20260402,20261212
014796,0,0,0,0,0,0,0,20260402,20261212
014797,0,0,0,0,0,0,0,20260402,20261212
014798,0,0,0,0,0,0,0,20260402,20261212
014799,0,0,0,0,0,0,0,20260402,20261212
014800,0,0,0,0,0,0,0,20260402,20261212
014801,0,0,0,0,0,0,0,20260402,20261212
014802,0,0,0,0,0,0,0,20260402,20261212
014803,0,0,0,0,0,0,0,20260402,20261212
014804,0,0,0,0,0,0,0,20260402,20261212
014805,0,0,0,0,0,0,0,20260402,20261212
014806,0,0,0,0,0,0,0,20260402,20261212
014807,0,0,0,0,0,0,0,20260402,20261212
014808,0,0,0,0,0,0,0,20260402,20261212
014809,0,0,0,0,0,0,0,20260402,20261212
014810,0,0,0,0,0,0,0,20260402,20261212
014811,0,0,0,0,0,0,0,20260402,20261212
014812,0,0,0,0,0,0,0,20260402,20261212
014813,0,0,0,0,0,0,0,20260402,20261212
014814,0,0,0,0,0,0,0,20260402,20261212
014815,0,0,0,0,0,0,0,20260402,20261212
014816,0,0,0,0,0,0,0,20260402,20261212
014817,0,0,0,0,0,0,0,20260402,20261212
014818,0,0,0,0,0,0,0,20260402,20261212
014819,0,0,0,0,0,0,0,20260402,20261212
014820,0,0,0,0,0,0,0,20260402,20261212
014821,0,0,0,0,0,0,0,20260402,20261212
014822,0,0,0,0,0,0,0,20260402,20261212
014823,0,0,0,0,0,0,0,20260402,20261212
014824,0,0,0,0,0,0,0,20260402,20261212
014825,0,0,0,0,0,0,0,20260402,20261212
014826,0,0,0,0,0,0,0,20260402,20261212
014827,0,0,0,0,0,0,0,20260402,20261212
014828,0,0,0,0,0,0,0,20260402,20261212
014829,0,0,0,0,0,0,0,20260402,20261212
014830,0,0,0,0,0,0,0,20260402,20261212
014831,0,0,0,0,0,0,0,20260402,20261212
014832,0,0,0,0,0,0,0,20260402,20261212
014833,0,0,0,0,0,0,0,20260402,20261212
014834,0,0,0,0,0,0,0,20260402,20261212
014835,0,0,0,0,0,0,0,20260402,20261212
014836,0,0,0,0,0,0,0,20260402,20261212
014837,0,0,0,0,0,0,0,20260402,20261212
014838,0,0,0,0,0,0,0,20260402,20261212
014839,0,0,0,0,0,0,0,20260402,20261212
014840,0,0,0,0,0,0,0,20260402,20261212
014841,0,0,0,0,0,0,0,20260402,20261212
014842,0,0,0,0,0,0,0,20260402,20261212
014843,0,0,0,0,0,0,0,20260402,20261212
014844,0,0,0,0,0,0,0,20260402,20261212
014845,0,0,0,0,0,0,0,20260402,20261212
014846,0,0,0,0,0,0,0,20260402,20261212
014847,0,0,0,0,0,0,0,20260402,20261212
014848,0,0,0,0,0,0,0,20260402,20261212
014849,0,0,0,0,0,0,0,20260402,20261212
014850,0,0,0,0,0,0,0,20260402,20261212
014851,0,0,0,0,0,0,0,20260402,20261212
014852,0,0,0,0,0,0,0,20260402,20261212
014853,0,0,0,0,0,0,0,20260402,20261212
014854,0,0,0,0,0,0,0,20260402,20261212
014855,0,0,0,0,0,0,0,20260402,20261212
014856,0,0,0,0,0,0,0,20260402,20261212
014857,0,0,0,0,0,0,0,20260402,20261212
014858,0,0,0,0,0,0,0,20260402,20261212
014859,0,0,0,0,0,0,0,20260402,20261212
014860,0,0,0,0,0,0,0,20260402,20261212
014861,0,0,0,0,0,0,0,20260402,20261212
014862,0,0,0,0,0,0,0,20260402,20261212
014863,0,0,0,0,0,0,0,20260402,20261212
014864,0,0,0,0,0,0,0,20260402,20261212
014865,0,0,0,0,0,0,0,20260402,20261212
014866,0,0,0,0,0,0,0,20260402,20261212
014867,0,0,0,0,0,0,0,20260402,20261212
014868,0,0,0,0,0,0,0,20260402,20261212
014869,0,0,0,0,0,0,0,20260402,20261212
014870,0,0,0,0,0,0,0,20260402,20261212
014871,0,0,0,0,0,0,0,20260402,20261212
014872,0,0,0,0,0,0,0,20260402,20261212
014873,0,0,0,0,0,0,0,20260402,20261212
014874,0,0,0,0,0,0,0,20260402,20261212
014875,0,0,0,0,0,0,0,20260402,20261212
014876,0,0,0,0,0,0,0,20260402,20261212
014877,0,0,0,0,0,0,0,20260402,20261212
014878,0,0,0,0,0,0,0,20260402,20261212
014879,0,0,0,0,0,0,0,20260402,20261212
014880,0,0,0,0,0,0,0,20260402,20261212
014881,0,0,0,0,0,0,0,20260402,20261212
014882,0,0,0,0,0,0,0,20260402,20261212
014883,0,0,0,0,0,0,0,20260402,20261212
014884,0,0,0,0,0,0,0,20260402,20261212
014885,0,0,0,0,0,0,0,20260402,20261212
014886,0,0,0,0,0,0,0,20260402,20261212
014887,0,0,0,0,0,0,0,20260402,20261212
014888,0,0,0,0,0,0,0,20260402,20261212
014889,0,0,0,0,0,0,0,20260402,20261212
014890,0,0,0,0,0,0,0,20260402,20261212
014891,0,0,0,0,0,0,0,20260402,20261212
014892,0,0,0,0,0,0,0,20260402,20261212
014893,0,0,0,0,0,0,0,20260402,20261212
014894,0,0,0,0,0,0,0,20260402,20261212
014895,0,0,0,0,0,0,0,20260402,20261212
014896,0,0,0,0,0,0,0,20260402,20261212
014897,0,0,0,0,0,0,0,20260402,20261212
014898,0,0,0,0,0,0,0,20260402,20261212
014899,0,0,0,0,0,0,0,20260402,20261212
014900,0,0,0,0,0,0,0,20260402,20261212
014901,0,0,0,0,0,0,0,20260402,20261212
014902,0,0,0,0,0,0,0,20260402,20261212
014903,0,0,0,0,0,0,0,20260402,20261212
014904,0,0,0,0,0,0,0,20260402,20261212
014905,0,0,0,0,0,0,0,20260402,20261212
014906,0,0,0,0,0,0,0,20260402,20261212
014907,0,0,0,0,0,0,0,20260402,20261212
014908,0,0,0,0,0,0,0,20260402,20261212
014909,0,0,0,0,0,0,0,20260402,20261212
014910,0,0,0,0,0,0,0,20260402,20261212
014911,0,0,0,0,0,0,0,20260402,20261212
014912,0,0,0,0,0,0,0,20260402,20261212
014913,0,0,0,0,0,0,0,20260402,20261212
014914,0,0,0,0,0,0,0,20260402,20261212
014915,0,0,0,0,0,0,0,20260402,20261212
014916,0,0,0,0,0,0,0,20260402,20261212
014917,0,0,0,0,0,0,0,20260402,20261212
014918,0,0,0,0,0,0,0,20260402,20261212
014919,0,0,0,0,0,0,0,20260402,20261212
014920,0,0,0,0,0,0,0,20260402,20261212
014921,0,0,0,0,0,0,0,20260402,20261212
014922,0,0,0,0,0,0,0,20260402,20261212
014923,0,0,0,0,0,0,0,20260402,20261212
014924,0,0,0,0,0,0,0,20260402,20261212
014925,0,0,0,0,0,0,0,20260402,20261212
014926,0,0,0,0,0,0,0,20260402,20261212
014927,0,0,0,0,0,0,0,20260402,20261212
014928,0,0,0,0,0,0,0,20260402,20261212
014929,0,0,0,0,0,0,0,20260402,20261212
014930,0,0,0,0,0,0,0,20260402,20261212
014931,0,0,0,0,0,0,0,20260402,20261212
014932,0,0,0,0,0,0,0,20260402,20261212
014933,0,0,0,0,0,0,0,20260402,20261212
014934,0,0,0,0,0,0,0,20260402,20261212
014935,0,0,0,0,0,0,0,20260402,20261212
014936,0,0,0,0,0,0,0,20260402,20261212
014937,0,0,0,0,0,0,0,20260402,20261212
014938,0,0,0,0,0,0,0,20260402,20261212
014939,0,0,0,0,0,0,0,20260402,20261212
014940,0,0,0,0,0,0,0,20260402,20261212
014941,0,0,0,0,0,0,0,20260402,20261212
014942,0,0,0,0,0,0,0,20260402,20261212
014943,0,0,0,0,0,0,0,20260402,20261212
014944,0,0,0,0,0,0,0,20260402,20261212
014945,0,0,0,0,0,0,0,20260402,20261212
014946,0,0,0,0,0,0,0,20260402,20261212
014947,0,0,0,0,0,0,0,20260402,20261212
014948,0,0,0,0,0,0,0,20260402,20261212
014949,0,0,0,0,0,0,0,20260402,20261212
014950,0,0,0,0,0,0,0,20260402,20261212
014951,0,0,0,0,0,0,0,20260402,20261212
014952,0,0,0,0,0,0,0,20260402,20261212
014953,0,0,0,0,0,0,0,20260402,20261212
014954,0,0,0,0,0,0,0,20260402,20261212
014955,0,0,0,0,0,0,0,20260402,20261212
014956,0,0,0,0,0,0,0,20260402,20261212
014957,0,0,0,0,0,0,0,20260402,20261212
014958,0,0,0,0,0,0,0,20260402,20261212
014959,0,0,0,0,0,0,0,20260402,20261212
014960,0,0,0,0,0,0,0,20260402,20261212
014961,0,0,0,0,0,0,0,20260402,20261212
014962,0,0,0,0,0,0,0,20260402,20261212
014963,0,0,0,0,0,0,0,20260402,20261212
014964,0,0,0,0,0,0,0,20260402,20261212
014965,0,0,0,0,0,0,0,20260402,20261212
014966,0,0,0,0,0,0,0,20260402,20261212
014967,0,0,0,0,0,0,0,20260402,20261212
014968,0,0,0,0,0,0,0,20260402,20261212
014969,0,0,0,0,0,0,0,20260402,20261212
014970,0,0,0,0,0,0,0,20260402,20261212
014971,0,0,0,0,0,0,0,20260402,20261212
014972,0,0,0,0,0,0,0,20260402,20261212
014973,0,0,0,0,0,0,0,20260402,20261212
014974,0,0,0,0,0,0,0,20260402,20261212
014975,0,0,0,0,0,0,0,20260402,20261212
014976,0,0,0,0,0,0,0,20260402,20261212
014977,0,0,0,0,0,0,0,20260402,20261212
014978,0,0,0,0,0,0,0,20260402,20261212
014979,0,0,0,0,0,0,0,20260402,20261212
014980,0,0,0,0,0,0,0,20260402,20261212
014981,0,0,0,0,0,0,0,20260402,20261212
014982,0,0,0,0,0,0,0,20260402,20261212
014983,0,0,0,0,0,0,0,20260402,20261212
014984,0,0,0,0,0,0,0,20260402,20261212
014985,0,0,0,0,0,0,0,20260402,20261212
014986,0,0,0,0,0,0,0,20260402,20261212
014987,0,0,0,0,0,0,0,20260402,20261212
014988,0,0,0,0,0,0,0,20260402,20261212
014989,0,0,0,0,0,0,0,20260402,20261212
014990,0,0,0,0,0,0,0,20260402,20261212
014991,0,0,0,0,0,0,0,20260402,20261212
014992,0,0,0,0,0,0,0,20260402,20261212
014993,0,0,0,0,0,0,0,20260402,20261212
014994,0,0,0,0,0,0,0,20260402,20261212
014995,0,0,0,0,0,0,0,20260402,20261212
014996,0,0,0,0,0,0,0,20260402,20261212
014997,0,0,0,0,0,0,0,20260402,20261212
014998,0,0,0,0,0,0,0,20260402,20261212
014999,0,0,0,0,0,0,0,20260402,20261212
015000,0,0,0,0,0,0,0,20260402,20261212
015001,0,0,0,0,0,0,0,20260402,20261212
015002,0,0,0,0,0,0,0,20260402,20261212
015003,0,0,0,0,0,0,0,20260402,20261212
015004,0,0,0,0,0,0,0,20260402,20261212
015005,0,0,0,0,0,0,0,20260402,20261212
015006,0,0,0,0,0,0,0,20260402,20261212
015007,0,0,0,0,0,0,0,20260402,20261212
015008,0,0,0,0,0,0,0,20260402,20261212
015009,0,0,0,0,0,0,0,20260402,20261212
015010,0,0,0,0,0,0,0,20260402,20261212
015011,0,0,0,0,0,0,0,20260402,20261212
015012,0,0,0,0,0,0,0,20260402,20261212
015013,0,0,0,0,0,0,0,20260402,20261212
015014,0,0,0,0,0,0,0,20260402,20261212
015015,0,0,0,0,0,0,0,20260402,20261212
015016,0,0,0,0,0,0,0,20260402,20261212
015017,0,0,0,0,0,0,0,20260402,20261212
015018,0,0,0,0,0,0,0,20260402,20261212
015019,0,0,0,0,0,0,0,20260402,20261212
015020,0,0,0,0,0,0,0,20260402,20261212
015021,0,0,0,0,0,0,0,20260402,20261212
015022,0,0,0,0,0,0,0,20260402,20261212
015023,0,0,0,0,0,0,0,20260402,20261212
015024,0,0,0,0,0,0,0,20260402,20261212
015025,0,0,0,0,0,0,0,20260402,20261212
015026,0,0,0,0,0,0,0,20260402,20261212
015027,0,0,0,0,0,0,0,20260402,20261212
015028,0,0,0,0,0,0,0,20260402,20261212
015029,0,0,0,0,0,0,0,20260402,20261212
015030,0,0,0,0,0,0,0,20260402,20261212
015031,0,0,0,0,0,0,0,20260402,20261212
015032,0,0,0,0,0,0,0,20260402,20261212
015033,0,0,0,0,0,0,0,20260402,20261212
015034,0,0,0,0,0,0,0,20260402,20261212
015035,0,0,0,0,0,0,0,20260402,20261212
015036,0,0,0,0,0,0,0,20260402,20261212
015037,0,0,0,0,0,0,0,20260402,20261212
015038,0,0,0,0,0,0,0,20260402,20261212
015039,0,0,0,0,0,0,0,20260402,20261212
015040,0,0,0,0,0,0,0,20260402,20261212
015041,0,0,0,0,0,0,0,20260402,20261212
015042,0,0,0,0,0,0,0,20260402,20261212
015043,0,0,0,0,0,0,0,20260402,20261212
015044,0,0,0,0,0,0,0,20260402,20261212
015045,0,0,0,0,0,0,0,20260402,20261212
015046,0,0,0,0,0,0,0,20260402,20261212
015047,0,0,0,0,0,0,0,20260402,20261212
015048,0,0,0,0,0,0,0,20260402,20261212
015049,0,0,0,0,0,0,0,20260402,20261212
015050,0,0,0,0,0,0,0,20260402,20261212
015051,0,0,0,0,0,0,0,20260402,20261212
015052,0,0,0,0,0,0,0,20260402,20261212
015053,0,0,0,0,0,0,0,20260402,20261212
015054,0,0,0,0,0,0,0,20260402,20261212
015055,0,0,0,0,0,0,0,20260402,20261212
015056,0,0,0,0,0,0,0,20260402,20261212
015057,0,0,0,0,0,0,0,20260402,20261212
015058,0,0,0,0,0,0,0,20260402,20261212
015059,0,0,0,0,0,0,0,20260402,20261212
015060,0,0,0,0,0,0,0,20260402,20261212
015061,0,0,0,0,0,0,0,20260402,20261212
015062,0,0,0,0,0,0,0,20260402,20261212
015063,0,0,0,0,0,0,0,20260402,20261212
015064,0,0,0,0,0,0,0,20260402,20261212
015065,0,0,0,0,0,0,0,20260402,20261212
015066,0,0,0,0,0,0,0,20260402,20261212
015067,0,0,0,0,0,0,0,20260402,20261212
015068,0,0,0,0,0,0,0,20260402,20261212
015069,0,0,0,0,0,0,0,20260402,20261212
015070,0,0,0,0,0,0,0,20260402,20261212
015071,0,0,0,0,0,0,0,20260402,20261212
015072,0,0,0,0,0,0,0,20260402,20261212
015073,0,0,0,0,0,0,0,20260402,20261212
015074,0,0,0,0,0,0,0,20260402,20261212
015075,0,0,0,0,0,0,0,20260402,20261212
015076,0,0,0,0,0,0,0,20260402,20261212
015077,0,0,0,0,0,0,0,20260402,20261212
015078,0,0,0,0,0,0,0,20260402,20261212
015079,0,0,0,0,0,0,0,20260402,20261212
015080,0,0,0,0,0,0,0,20260402,20261212
015081,0,0,0,0,0,0,0,20260402,20261212
015082,0,0,0,0,0,0,0,20260402,20261212
015083,0,0,0,0,0,0,0,20260402,20261212
015084,0,0,0,0,0,0,0,20260402,20261212
015085,0,0,0,0,0,0,0,20260402,20261212
015086,0,0,0,0,0,0,0,20260402,20261212
015087,0,0,0,0,0,0,0,20260402,20261212
015088,0,0,0,0,0,0,0,20260402,20261212
015089,0,0,0,0,0,0,0,20260402,20261212
015090,0,0,0,0,0,0,0,20260402,20261212
015091,0,0,0,0,0,0,0,20260402,20261212
015092,0,0,0,0,0,0,0,20260402,20261212
015093,0,0,0,0,0,0,0,20260402,20261212
015094,0,0,0,0,0,0,0,20260402,20261212
015095,0,0,0,0,0,0,0,20260402,20261212
015096,0,0,0,0,0,0,0,20260402,20261212
015097,0,0,0,0,0,0,0,20260402,20261212
015098,0,0,0,0,0,0,0,20260402,20261212
015099,0,0,0,0,0,0,0,20260402,20261212
015100,0,0,0,0,0,0,0,20260402,20261212
015101,0,0,0,0,0,0,0,20260402,20261212
015102,0,0,0,0,0,0,0,20260402,20261212
015103,0,0,0,0,0,0,0,20260402,20261212
015104,0,0,0,0,0,0,0,20260402,20261212
015105,0,0,0,0,0,0,0,20260402,20261212
015106,0,0,0,0,0,0,0,20260402,20261212
015107,0,0,0,0,0,0,0,20260402,20261212
015108,0,0,0,0,0,0,0,20260402,20261212
015109,0,0,0,0,0,0,0,20260402,20261212
015110,0,0,0,0,0,0,0,20260402,20261212
015111,0,0,0,0,0,0,0,20260402,20261212
015112,0,0,0,0,0,0,0,20260402,20261212
015113,0,0,0,0,0,0,0,20260402,20261212
015114,0,0,0,0,0,0,0,20260402,20261212
015115,0,0,0,0,0,0,0,20260402,20261212
015116,0,0,0,0,0,0,0,20260402,20261212
015117,0,0,0,0,0,0,0,20260402,20261212
015118,0,0,0,0,0,0,0,20260402,20261212
015119,0,0,0,0,0,0,0,20260402,20261212
015120,0,0,0,0,0,0,0,20260402,20261212
015121,0,0,0,0,0,0,0,20260402,20261212
015122,0,0,0,0,0,0,0,20260402,20261212
015123,0,0,0,0,0,0,0,20260402,20261212
015124,0,0,0,0,0,0,0,20260402,20261212
015125,0,0,0,0,0,0,0,20260402,20261212
015126,0,0,0,0,0,0,0,20260402,20261212
015127,0,0,0,0,0,0,0,20260402,20261212
015128,0,0,0,0,0,0,0,20260402,20261212
015129,0,0,0,0,0,0,0,20260402,20261212
015130,0,0,0,0,0,0,0,20260402,20261212
015131,0,0,0,0,0,0,0,20260402,20261212
015132,0,0,0,0,0,0,0,20260402,20261212
015133,0,0,0,0,0,0,0,20260402,20261212
015134,0,0,0,0,0,0,0,20260402,20261212
015135,0,0,0,0,0,0,0,20260402,20261212
015136,0,0,0,0,0,0,0,20260402,20261212
015137,0,0,0,0,0,0,0,20260402,20261212
015138,0,0,0,0,0,0,0,20260402,20261212
015139,0,0,0,0,0,0,0,20260402,20261212
015140,0,0,0,0,0,0,0,20260402,20261212
015141,0,0,0,0,0,0,0,20260402,20261212
015142,0,0,0,0,0,0,0,20260402,20261212
015143,0,0,0,0,0,0,0,20260402,20261212
015144,0,0,0,0,0,0,0,20260402,20261212
015145,0,0,0,0,0,0,0,20260402,20261212
015146,0,0,0,0,0,0,0,20260402,20261212
015147,0,0,0,0,0,0,0,20260402,20261212
015148,0,0,0,0,0,0,0,20260402,20261212
015149,0,0,0,0,0,0,0,20260402,20261212
015150,0,0,0,0,0,0,0,20260402,20261212
015151,0,0,0,0,0,0,0,20260402,20261212
015152,0,0,0,0,0,0,0,20260402,20261212
015153,0,0,0,0,0,0,0,20260402,20261212
015154,0,0,0,0,0,0,0,20260402,20261212
015155,0,0,0,0,0,0,0,20260402,20261212
015156,0,0,0,0,0,0,0,20260402,20261212
015157,0,0,0,0,0,0,0,20260402,20261212
015158,0,0,0,0,0,0,0,20260402,20261212
015159,0,0,0,0,0,0,0,20260402,20261212
015160,0,0,0,0,0,0,0,20260402,20261212
015161,0,0,0,0,0,0,0,20260402,20261212
015162,0,0,0,0,0,0,0,20260402,20261212
015163,0,0,0,0,0,0,0,20260402,20261212
015164,0,0,0,0,0,0,0,20260402,20261212
015165,0,0,0,0,0,0,0,20260402,20261212
015166,0,0,0,0,0,0,0,20260402,20261212
015167,0,0,0,0,0,0,0,20260402,20261212
015168,0,0,0,0,0,0,0,20260402,20261212
015169,0,0,0,0,0,0,0,20260402,20261212
015170,0,0,0,0,0,0,0,20260402,20261212
015171,0,0,0,0,0,0,0,20260402,20261212
015172,0,0,0,0,0,0,0,20260402,20261212
015173,0,0,0,0,0,0,0,20260402,20261212
015174,0,0,0,0,0,0,0,20260402,20261212
015175,0,0,0,0,0,0,0,20260402,20261212
015176,0,0,0,0,0,0,0,20260402,20261212
015177,0,0,0,0,0,0,0,20260402,20261212
015178,0,0,0,0,0,0,0,20260402,20261212
015179,0,0,0,0,0,0,0,20260402,20261212
015180,0,0,0,0,0,0,0,20260402,20261212
015181,0,0,0,0,0,0,0,20260402,20261212
015182,0,0,0,0,0,0,0,20260402,20261212
015183,0,0,0,0,0,0,0,20260402,20261212
015184,0,0,0,0,0,0,0,20260402,20261212
015185,0,0,0,0,0,0,0,20260402,20261212
015186,0,0,0,0,0,0,0,20260402,20261212
015187,0,0,0,0,0,0,0,20260402,20261212
015188,0,0,0,0,0,0,0,20260402,20261212
015189,0,0,0,0,0,0,0,20260402,20261212
015190,0,0,0,0,0,0,0,20260402,20261212
015191,0,0,0,0,0,0,0,20260402,20261212
015192,0,0,0,0,0,0,0,20260402,20261212
015193,0,0,0,0,0,0,0,20260402,20261212
015194,0,0,0,0,0,0,0,20260402,20261212
015195,0,0,0,0,0,0,0,20260402,20261212
015196,0,0,0,0,0,0,0,20260402,20261212
015197,0,0,0,0,0,0,0,20260402,20261212
015198,0,0,0,0,0,0,0,20260402,20261212
015199,0,0,0,0,0,0,0,20260402,20261212
015200,0,0,0,0,0,0,0,20260402,20261212
015201,0,0,0,0,0,0,0,20260402,20261212
015202,0,0,0,0,0,0,0,20260402,20261212
015203,0,0,0,0,0,0,0,20260402,20261212
015204,0,0,0,0,0,0,0,20260402,20261212
015205,0,0,0,0,0,0,0,20260402,20261212
015206,0,0,0,0,0,0,0,20260402,20261212
015207,0,0,0,0,0,0,0,20260402,20261212
015208,0,0,0,0,0,0,0,20260402,20261212
015209,0,0,0,0,0,0,0,20260402,20261212
015210,0,0,0,0,0,0,0,20260402,20261212
015211,0,0,0,0,0,0,0,20260402,20261212
015212,0,0,0,0,0,0,0,20260402,20261212
015213,0,0,0,0,0,0,0,20260402,20261212
015214,0,0,0,0,0,0,0,20260402,20261212
015215,0,0,0,0,0,0,0,20260402,20261212
015216,0,0,0,0,0,0,0,20260402,20261212
015217,0,0,0,0,0,0,0,20260402,20261212
015218,0,0,0,0,0,0,0,20260402,20261212
015219,0,0,0,0,0,0,0,20260402,20261212
015220,0,0,0,0,0,0,0,20260402,20261212
015221,0,0,0,0,0,0,0,20260402,20261212
015222,0,0,0,0,0,0,0,20260402,20261212
015223,0,0,0,0,0,0,0,20260402,20261212
015224,0,0,0,0,0,0,0,20260402,20261212
015225,0,0,0,0,0,0,0,20260402,20261212
015226,0,0,0,0,0,0,0,20260402,20261212
015227,0,0,0,0,0,0,0,20260402,20261212
015228,0,0,0,0,0,0,0,20260402,20261212
015229,0,0,0,0,0,0,0,20260402,20261212
015230,0,0,0,0,0,0,0,20260402,20261212
015231,0,0,0,0,0,0,0,20260402,20261212
015232,0,0,0,0,0,0,0,20260402,20261212
015233,0,0,0,0,0,0,0,20260402,20261212
015234,0,0,0,0,0,0,0,20260402,20261212
015235,0,0,0,0,0,0,0,20260402,20261212
015236,0,0,0,0,0,0,0,20260402,20261212
015237,0,0,0,0,0,0,0,20260402,20261212
015238,0,0,0,0,0,0,0,20260402,20261212
015239,0,0,0,0,0,0,0,20260402,20261212
015240,0,0,0,0,0,0,0,20260402,20261212
015241,0,0,0,0,0,0,0,20260402,20261212
015242,0,0,0,0,0,0,0,20260402,20261212
015243,0,0,0,0,0,0,0,20260402,20261212
015244,0,0,0,0,0,0,0,20260402,20261212
015245,0,0,0,0,0,0,0,20260402,20261212
015246,0,0,0,0,0,0,0,20260402,20261212
015247,0,0,0,0,0,0,0,20260402,20261212
015248,0,0,0,0,0,0,0,20260402,20261212
015249,0,0,0,0,0,0,0,20260402,20261212
015250,0,0,0,0,0,0,0,20260402,20261212
015251,0,0,0,0,0,0,0,20260402,20261212
015252,0,0,0,0,0,0,0,20260402,20261212
015253,0,0,0,0,0,0,0,20260402,20261212
015254,0,0,0,0,0,0,0,20260402,20261212
015255,0,0,0,0,0,0,0,20260402,20261212
015256,0,0,0,0,0,0,0,20260402,20261212
015257,0,0,0,0,0,0,0,20260402,20261212
015258,0,0,0,0,0,0,0,20260402,20261212
015259,0,0,0,0,0,0,0,20260402,20261212
015260,0,0,0,0,0,0,0,20260402,20261212
015261,0,0,0,0,0,0,0,20260402,20261212
015262,0,0,0,0,0,0,0,20260402,20261212
015263,0,0,0,0,0,0,0,20260402,20261212
015264,0,0,0,0,0,0,0,20260402,20261212
015265,0,0,0,0,0,0,0,20260402,20261212
015266,0,0,0,0,0,0,0,20260402,20261212
015267,0,0,0,0,0,0,0,20260402,20261212
015268,0,0,0,0,0,0,0,20260402,20261212
015269,0,0,0,0,0,0,0,20260402,20261212
015270,0,0,0,0,0,0,0,20260402,20261212
015271,0,0,0,0,0,0,0,20260402,20261212
015272,0,0,0,0,0,0,0,20260402,20261212
015273,0,0,0,0,0,0,0,20260402,20261212
015274,0,0,0,0,0,0,0,20260402,20261212
015275,0,0,0,0,0,0,0,20260402,20261212
015276,0,0,0,0,0,0,0,20260402,20261212
015277,0,0,0,0,0,0,0,20260402,20261212
015278,0,0,0,0,0,0,0,20260402,20261212
015279,0,0,0,0,0,0,0,20260402,20261212
015280,0,0,0,0,0,0,0,20260402,20261212
015281,0,0,0,0,0,0,0,20260402,20261212
015282,0,0,0,0,0,0,0,20260402,20261212
015283,0,0,0,0,0,0,0,20260402,20261212
015284,0,0,0,0,0,0,0,20260402,20261212
015285,0,0,0,0,0,0,0,20260402,20261212
015286,0,0,0,0,0,0,0,20260402,20261212
015287,0,0,0,0,0,0,0,20260402,20261212
015288,0,0,0,0,0,0,0,20260402,20261212
015289,0,0,0,0,0,0,0,20260402,20261212
015290,0,0,0,0,0,0,0,20260402,20261212
015291,0,0,0,0,0,0,0,20260402,20261212
015292,0,0,0,0,0,0,0,20260402,20261212
015293,0,0,0,0,0,0,0,20260402,20261212
015294,0,0,0,0,0,0,0,20260402,20261212
015295,0,0,0,0,0,0,0,20260402,20261212
015296,0,0,0,0,0,0,0,20260402,20261212
015297,0,0,0,0,0,0,0,20260402,20261212
015298,0,0,0,0,0,0,0,20260402,20261212
015299,0,0,0,0,0,0,0,20260402,20261212
015300,0,0,0,0,0,0,0,20260402,20261212
015301,0,0,0,0,0,0,0,20260402,20261212
015302,0,0,0,0,0,0,0,20260402,20261212
015303,0,0,0,0,0,0,0,20260402,20261212
015304,0,0,0,0,0,0,0,20260402,20261212
015305,0,0,0,0,0,0,0,20260402,20261212
015306,0,0,0,0,0,0,0,20260402,20261212
015307,0,0,0,0,0,0,0,20260402,20261212
015308,0,0,0,0,0,0,0,20260402,20261212
015309,0,0,0,0,0,0,0,20260402,20261212
015310,0,0,0,0,0,0,0,20260402,20261212
015311,0,0,0,0,0,0,0,20260402,20261212
015312,0,0,0,0,0,0,0,20260402,20261212
015313,0,0,0,0,0,0,0,20260402,20261212
015314,0,0,0,0,0,0,0,20260402,20261212
015315,0,0,0,0,0,0,0,20260402,20261212
015316,0,0,0,0,0,0,0,20260402,20261212
015317,0,0,0,0,0,0,0,20260402,20261212
015318,0,0,0,0,0,0,0,20260402,20261212
015319,0,0,0,0,0,0,0,20260402,20261212
015320,0,0,0,0,0,0,0,20260402,20261212
015321,0,0,0,0,0,0,0,20260402,20261212
015322,0,0,0,0,0,0,0,20260402,20261212
015323,0,0,0,0,0,0,0,20260402,20261212
015324,0,0,0,0,0,0,0,20260402,20261212
015325,0,0,0,0,0,0,0,20260402,20261212
015326,0,0,0,0,0,0,0,20260402,20261212
015327,0,0,0,0,0,0,0,20260402,20261212
015328,0,0,0,0,0,0,0,20260402,20261212
015329,0,0,0,0,0,0,0,20260402,20261212
015330,0,0,0,0,0,0,0,20260402,20261212
015331,0,0,0,0,0,0,0,20260402,20261212
015332,0,0,0,0,0,0,0,20260402,20261212
015333,0,0,0,0,0,0,0,20260402,20261212
015334,0,0,0,0,0,0,0,20260402,20261212
015335,0,0,0,0,0,0,0,20260402,20261212
015336,0,0,0,0,0,0,0,20260402,20261212
015337,0,0,0,0,0,0,0,20260402,20261212
015338,0,0,0,0,0,0,0,20260402,20261212
015339,0,0,0,0,0,0,0,20260402,20261212
015340,0,0,0,0,0,0,0,20260402,20261212
015341,0,0,0,0,0,0,0,20260402,20261212
015342,0,0,0,0,0,0,0,20260402,20261212
015343,0,0,0,0,0,0,0,20260402,20261212
015344,0,0,0,0,0,0,0,20260402,20261212
015345,0,0,0,0,0,0,0,20260402,20261212
015346,0,0,0,0,0,0,0,20260402,20261212
015347,0,0,0,0,0,0,0,20260402,20261212
015348,0,0,0,0,0,0,0,20260402,20261212
015349,0,0,0,0,0,0,0,20260402,20261212
015350,0,0,0,0,0,0,0,20260402,20261212
015351,0,0,0,0,0,0,0,20260402,20261212
015352,0,0,0,0,0,0,0,20260402,20261212
015353,0,0,0,0,0,0,0,20260402,20261212
015354,0,0,0,0,0,0,0,20260402,20261212
015355,0,0,0,0,0,0,0,20260402,20261212
015356,0,0,0,0,0,0,0,20260402,20261212
015357,0,0,0,0,0,0,0,20260402,20261212
015358,0,0,0,0,0,0,0,20260402,20261212
015359,0,0,0,0,0,0,0,20260402,20261212
015360,0,0,0,0,0,0,0,20260402,20261212
015361,0,0,0,0,0,0,0,20260402,20261212
015362,0,0,0,0,0,0,0,20260402,20261212
015363,0,0,0,0,0,0,0,20260402,20261212
015364,0,0,0,0,0,0,0,20260402,20261212
015365,0,0,0,0,0,0,0,20260402,20261212
015366,0,0,0,0,0,0,0,20260402,20261212
015367,0,0,0,0,0,0,0,20260402,20261212
015368,0,0,0,0,0,0,0,20260402,20261212
015369,0,0,0,0,0,0,0,20260402,20261212
015370,0,0,0,0,0,0,0,20260402,20261212
015371,0,0,0,0,0,0,0,20260402,20261212
015372,0,0,0,0,0,0,0,20260402,20261212
015373,0,0,0,0,0,0,0,20260402,20261212
015374,0,0,0,0,0,0,0,20260402,20261212
015375,0,0,0,0,0,0,0,20260402,20261212
015376,0,0,0,0,0,0,0,20260402,20261212
015377,0,0,0,0,0,0,0,20260402,20261212
015378,0,0,0,0,0,0,0,20260402,20261212
015379,0,0,0,0,0,0,0,20260402,20261212
015380,0,0,0,0,0,0,0,20260402,20261212
015381,0,0,0,0,0,0,0,20260402,20261212
015382,0,0,0,0,0,0,0,20260402,20261212
015383,0,0,0,0,0,0,0,20260402,20261212
015384,0,0,0,0,0,0,0,20260402,20261212
015385,0,0,0,0,0,0,0,20260402,20261212
015386,0,0,0,0,0,0,0,20260402,20261212
015387,0,0,0,0,0,0,0,20260402,20261212
015388,0,0,0,0,0,0,0,20260402,20261212
015389,0,0,0,0,0,0,0,20260402,20261212
015390,0,0,0,0,0,0,0,20260402,20261212
015391,0,0,0,0,0,0,0,20260402,20261212
015392,0,0,0,0,0,0,0,20260402,20261212
015393,0,0,0,0,0,0,0,20260402,20261212
015394,0,0,0,0,0,0,0,20260402,20261212
015395,0,0,0,0,0,0,0,20260402,20261212
015396,0,0,0,0,0,0,0,20260402,20261212
015397,0,0,0,0,0,0,0,20260402,20261212
015398,0,0,0,0,0,0,0,20260402,20261212
015399,0,0,0,0,0,0,0,20260402,20261212
015400,0,0,0,0,0,0,0,20260402,20261212
015401,0,0,0,0,0,0,0,20260402,20261212
015402,0,0,0,0,0,0,0,20260402,20261212
015403,0,0,0,0,0,0,0,20260402,20261212
015404,0,0,0,0,0,0,0,20260402,20261212
015405,0,0,0,0,0,0,0,20260402,20261212
015406,0,0,0,0,0,0,0,20260402,20261212
015407,0,0,0,0,0,0,0,20260402,20261212
015408,0,0,0,0,0,0,0,20260402,20261212
015409,0,0,0,0,0,0,0,20260402,20261212
015410,0,0,0,0,0,0,0,20260402,20261212
015411,0,0,0,0,0,0,0,20260402,20261212
015412,0,0,0,0,0,0,0,20260402,20261212
015413,0,0,0,0,0,0,0,20260402,20261212
015414,0,0,0,0,0,0,0,20260402,20261212
015415,0,0,0,0,0,0,0,20260402,20261212
015416,0,0,0,0,0,0,0,20260402,20261212
015417,0,0,0,0,0,0,0,20260402,20261212
015418,0,0,0,0,0,0,0,20260402,20261212
015419,0,0,0,0,0,0,0,20260402,20261212
015420,0,0,0,0,0,0,0,20260402,20261212
015421,0,0,0,0,0,0,0,20260402,20261212
015422,0,0,0,0,0,0,0,20260402,20261212
015423,0,0,0,0,0,0,0,20260402,20261212
015424,0,0,0,0,0,0,0,20260402,20261212
015425,0,0,0,0,0,0,0,20260402,20261212
015426,0,0,0,0,0,0,0,20260402,20261212
015427,0,0,0,0,0,0,0,20260402,20261212
015428,0,0,0,0,0,0,0,20260402,20261212
015429,0,0,0,0,0,0,0,20260402,20261212
015430,0,0,0,0,0,0,0,20260402,20261212
015431,0,0,0,0,0,0,0,20260402,20261212
015432,0,0,0,0,0,0,0,20260402,20261212
015433,0,0,0,0,0,0,0,20260402,20261212
015434,0,0,0,0,0,0,0,20260402,20261212
015435,0,0,0,0,0,0,0,20260402,20261212
015436,0,0,0,0,0,0,0,20260402,20261212
015437,0,0,0,0,0,0,0,20260402,20261212
015438,0,0,0,0,0,0,0,20260402,20261212
015439,0,0,0,0,0,0,0,20260402,20261212
015440,0,0,0,0,0,0,0,20260402,20261212
015441,0,0,0,0,0,0,0,20260402,20261212
015442,0,0,0,0,0,0,0,20260402,20261212
015443,0,0,0,0,0,0,0,20260402,20261212
015444,0,0,0,0,0,0,0,20260402,20261212
015445,0,0,0,0,0,0,0,20260402,20261212
015446,0,0,0,0,0,0,0,20260402,20261212
015447,0,0,0,0,0,0,0,20260402,20261212
015448,0,0,0,0,0,0,0,20260402,20261212
015449,0,0,0,0,0,0,0,20260402,20261212
015450,0,0,0,0,0,0,0,20260402,20261212
015451,0,0,0,0,0,0,0,20260402,20261212
015452,0,0,0,0,0,0,0,20260402,20261212
015453,0,0,0,0,0,0,0,20260402,20261212
015454,0,0,0,0,0,0,0,20260402,20261212
015455,0,0,0,0,0,0,0,20260402,20261212
015456,0,0,0,0,0,0,0,20260402,20261212
015457,0,0,0,0,0,0,0,20260402,20261212
015458,0,0,0,0,0,0,0,20260402,20261212
015459,0,0,0,0,0,0,0,20260402,20261212
015460,0,0,0,0,0,0,0,20260402,20261212
015461,0,0,0,0,0,0,0,20260402,20261212
015462,0,0,0,0,0,0,0,20260402,20261212
015463,0,0,0,0,0,0,0,20260402,20261212
015464,0,0,0,0,0,0,0,20260402,20261212
015465,0,0,0,0,0,0,0,20260402,20261212
015466,0,0,0,0,0,0,0,20260402,20261212
015467,0,0,0,0,0,0,0,20260402,20261212
015468,0,0,0,0,0,0,0,20260402,20261212
015469,0,0,0,0,0,0,0,20260402,20261212
015470,0,0,0,0,0,0,0,20260402,20261212
015471,0,0,0,0,0,0,0,20260402,20261212
015472,0,0,0,0,0,0,0,20260402,20261212
015473,0,0,0,0,0,0,0,20260402,20261212
015474,0,0,0,0,0,0,0,20260402,20261212
015475,0,0,0,0,0,0,0,20260402,20261212
015476,0,0,0,0,0,0,0,20260402,20261212
015477,0,0,0,0,0,0,0,20260402,20261212
015478,0,0,0,0,0,0,0,20260402,20261212
015479,0,0,0,0,0,0,0,20260402,20261212
015480,0,0,0,0,0,0,0,20260402,20261212
015481,0,0,0,0,0,0,0,20260402,20261212
015482,0,0,0,0,0,0,0,20260402,20261212
015483,0,0,0,0,0,0,0,20260402,20261212
015484,0,0,0,0,0,0,0,20260402,20261212
015485,0,0,0,0,0,0,0,20260402,20261212
015486,0,0,0,0,0,0,0,20260402,20261212
015487,0,0,0,0,0,0,0,20260402,20261212
015488,0,0,0,0,0,0,0,20260402,20261212
015489,0,0,0,0,0,0,0,20260402,20261212
015490,0,0,0,0,0,0,0,20260402,20261212
015491,0,0,0,0,0,0,0,20260402,20261212
015492,0,0,0,0,0,0,0,20260402,20261212
015493,0,0,0,0,0,0,0,20260402,20261212
015494,0,0,0,0,0,0,0,20260402,20261212
015495,0,0,0,0,0,0,0,20260402,20261212
015496,0,0,0,0,0,0,0,20260402,20261212
015497,0,0,0,0,0,0,0,20260402,20261212
015498,0,0,0,0,0,0,0,20260402,20261212
015499,0,0,0,0,0,0,0,20260402,20261212
015500,0,0,0,0,0,0,0,20260402,20261212
015501,0,0,0,0,0,0,0,20260402,20261212
015502,0,0,0,0,0,0,0,20260402,20261212
015503,0,0,0,0,0,0,0,20260402,20261212
015504,0,0,0,0,0,0,0,20260402,20261212
015505,0,0,0,0,0,0,0,20260402,20261212
015506,0,0,0,0,0,0,0,20260402,20261212
015507,0,0,0,0,0,0,0,20260402,20261212
015508,0,0,0,0,0,0,0,20260402,20261212
015509,0,0,0,0,0,0,0,20260402,20261212
015510,0,0,0,0,0,0,0,20260402,20261212
015511,0,0,0,0,0,0,0,20260402,20261212
015512,0,0,0,0,0,0,0,20260402,20261212
015513,0,0,0,0,0,0,0,20260402,20261212
015514,0,0,0,0,0,0,0,20260402,20261212
015515,0,0,0,0,0,0,0,20260402,20261212
015516,0,0,0,0,0,0,0,20260402,20261212
015517,0,0,0,0,0,0,0,20260402,20261212
015518,0,0,0,0,0,0,0,20260402,20261212
015519,0,0,0,0,0,0,0,20260402,20261212
015520,0,0,0,0,0,0,0,20260402,20261212
015521,0,0,0,0,0,0,0,20260402,20261212
015522,0,0,0,0,0,0,0,20260402,20261212
015523,0,0,0,0,0,0,0,20260402,20261212
015524,0,0,0,0,0,0,0,20260402,20261212
015525,0,0,0,0,0,0,0,20260402,20261212
015526,0,0,0,0,0,0,0,20260402,20261212
015527,0,0,0,0,0,0,0,20260402,20261212
015528,0,0,0,0,0,0,0,20260402,20261212
015529,0,0,0,0,0,0,0,20260402,20261212
015530,0,0,0,0,0,0,0,20260402,20261212
015531,0,0,0,0,0,0,0,20260402,20261212
015532,0,0,0,0,0,0,0,20260402,20261212
015533,0,0,0,0,0,0,0,20260402,20261212
015534,0,0,0,0,0,0,0,20260402,20261212
015535,0,0,0,0,0,0,0,20260402,20261212
015536,0,0,0,0,0,0,0,20260402,20261212
015537,0,0,0,0,0,0,0,20260402,20261212
015538,0,0,0,0,0,0,0,20260402,20261212
015539,0,0,0,0,0,0,0,20260402,20261212
015540,0,0,0,0,0,0,0,20260402,20261212
015541,0,0,0,0,0,0,0,20260402,20261212
015542,0,0,0,0,0,0,0,20260402,20261212
015543,0,0,0,0,0,0,0,20260402,20261212
015544,0,0,0,0,0,0,0,20260402,20261212
015545,0,0,0,0,0,0,0,20260402,20261212
015546,0,0,0,0,0,0,0,20260402,20261212
015547,0,0,0,0,0,0,0,20260402,20261212
015548,0,0,0,0,0,0,0,20260402,20261212
015549,0,0,0,0,0,0,0,20260402,20261212
015550,0,0,0,0,0,0,0,20260402,20261212
015551,0,0,0,0,0,0,0,20260402,20261212
015552,0,0,0,0,0,0,0,20260402,20261212
015553,0,0,0,0,0,0,0,20260402,20261212
015554,0,0,0,0,0,0,0,20260402,20261212
015555,0,0,0,0,0,0,0,20260402,20261212
015556,0,0,0,0,0,0,0,20260402,20261212
015557,0,0,0,0,0,0,0,20260402,20261212
015558,0,0,0,0,0,0,0,20260402,20261212
015559,0,0,0,0,0,0,0,20260402,20261212
015560,0,0,0,0,0,0,0,20260402,20261212
015561,0,0,0,0,0,0,0,20260402,20261212
015562,0,0,0,0,0,0,0,20260402,20261212
015563,0,0,0,0,0,0,0,20260402,20261212
015564,0,0,0,0,0,0,0,20260402,20261212
015565,0,0,0,0,0,0,0,20260402,20261212
015566,0,0,0,0,0,0,0,20260402,20261212
015567,0,0,0,0,0,0,0,20260402,20261212
015568,0,0,0,0,0,0,0,20260402,20261212
015569,0,0,0,0,0,0,0,20260402,20261212
015570,0,0,0,0,0,0,0,20260402,20261212
015571,0,0,0,0,0,0,0,20260402,20261212
015572,0,0,0,0,0,0,0,20260402,20261212
015573,0,0,0,0,0,0,0,20260402,20261212
015574,0,0,0,0,0,0,0,20260402,20261212
015575,0,0,0,0,0,0,0,20260402,20261212
015576,0,0,0,0,0,0,0,20260402,20261212
015577,0,0,0,0,0,0,0,20260402,20261212
015578,0,0,0,0,0,0,0,20260402,20261212
015579,0,0,0,0,0,0,0,20260402,20261212
015580,0,0,0,0,0,0,0,20260402,20261212
015581,0,0,0,0,0,0,0,20260402,20261212
015582,0,0,0,0,0,0,0,20260402,20261212
015583,0,0,0,0,0,0,0,20260402,20261212
015584,0,0,0,0,0,0,0,20260402,20261212
015585,0,0,0,0,0,0,0,20260402,20261212
015586,0,0,0,0,0,0,0,20260402,20261212
015587,0,0,0,0,0,0,0,20260402,20261212
015588,0,0,0,0,0,0,0,20260402,20261212
015589,0,0,0,0,0,0,0,20260402,20261212
015590,0,0,0,0,0,0,0,20260402,20261212
015591,0,0,0,0,0,0,0,20260402,20261212
015592,0,0,0,0,0,0,0,20260402,20261212
015593,0,0,0,0,0,0,0,20260402,20261212
015594,0,0,0,0,0,0,0,20260402,20261212
015595,0,0,0,0,0,0,0,20260402,20261212
015596,0,0,0,0,0,0,0,20260402,20261212
015597,0,0,0,0,0,0,0,20260402,20261212
015598,0,0,0,0,0,0,0,20260402,20261212
015599,0,0,0,0,0,0,0,20260402,20261212
015600,0,0,0,0,0,0,0,20260402,20261212
015601,0,0,0,0,0,0,0,20260402,20261212
015602,0,0,0,0,0,0,0,20260402,20261212
015603,0,0,0,0,0,0,0,20260402,20261212
015604,0,0,0,0,0,0,0,20260402,20261212
015605,0,0,0,0,0,0,0,20260402,20261212
015606,0,0,0,0,0,0,0,20260402,20261212
015607,0,0,0,0,0,0,0,20260402,20261212
015608,0,0,0,0,0,0,0,20260402,20261212
015609,0,0,0,0,0,0,0,20260402,20261212
015610,0,0,0,0,0,0,0,20260402,20261212
015611,0,0,0,0,0,0,0,20260402,20261212
015612,0,0,0,0,0,0,0,20260402,20261212
015613,0,0,0,0,0,0,0,20260402,20261212
015614,0,0,0,0,0,0,0,20260402,20261212
015615,0,0,0,0,0,0,0,20260402,20261212
015616,0,0,0,0,0,0,0,20260402,20261212
015617,0,0,0,0,0,0,0,20260402,20261212
015618,0,0,0,0,0,0,0,20260402,20261212
015619,0,0,0,0,0,0,0,20260402,20261212
015620,0,0,0,0,0,0,0,20260402,20261212
015621,0,0,0,0,0,0,0,20260402,20261212
015622,0,0,0,0,0,0,0,20260402,20261212
015623,0,0,0,0,0,0,0,20260402,20261212
015624,0,0,0,0,0,0,0,20260402,20261212
015625,0,0,0,0,0,0,0,20260402,20261212
015626,0,0,0,0,0,0,0,20260402,20261212
015627,0,0,0,0,0,0,0,20260402,20261212
015628,0,0,0,0,0,0,0,20260402,20261212
015629,0,0,0,0,0,0,0,20260402,20261212
015630,0,0,0,0,0,0,0,20260402,20261212
015631,0,0,0,0,0,0,0,20260402,20261212
015632,0,0,0,0,0,0,0,20260402,20261212
015633,0,0,0,0,0,0,0,20260402,20261212
015634,0,0,0,0,0,0,0,20260402,20261212
015635,0,0,0,0,0,0,0,20260402,20261212
015636,0,0,0,0,0,0,0,20260402,20261212
015637,0,0,0,0,0,0,0,20260402,20261212
015638,0,0,0,0,0,0,0,20260402,20261212
015639,0,0,0,0,0,0,0,20260402,20261212
015640,0,0,0,0,0,0,0,20260402,20261212
015641,0,0,0,0,0,0,0,20260402,20261212
015642,0,0,0,0,0,0,0,20260402,20261212
015643,0,0,0,0,0,0,0,20260402,20261212
015644,0,0,0,0,0,0,0,20260402,20261212
015645,0,0,0,0,0,0,0,20260402,20261212
015646,0,0,0,0,0,0,0,20260402,20261212
015647,0,0,0,0,0,0,0,20260402,20261212
015648,0,0,0,0,0,0,0,20260402,20261212
015649,0,0,0,0,0,0,0,20260402,20261212
015650,0,0,0,0,0,0,0,20260402,20261212
015651,0,0,0,0,0,0,0,20260402,20261212
015652,0,0,0,0,0,0,0,20260402,20261212
015653,0,0,0,0,0,0,0,20260402,20261212
015654,0,0,0,0,0,0,0,20260402,20261212
015655,0,0,0,0,0,0,0,20260402,20261212
015656,0,0,0,0,0,0,0,20260402,20261212
015657,0,0,0,0,0,0,0,20260402,20261212
015658,0,0,0,0,0,0,0,20260402,20261212
015659,0,0,0,0,0,0,0,20260402,20261212
015660,0,0,0,0,0,0,0,20260402,20261212
015661,0,0,0,0,0,0,0,20260402,20261212
015662,0,0,0,0,0,0,0,20260402,20261212
015663,0,0,0,0,0,0,0,20260402,20261212
015664,0,0,0,0,0,0,0,20260402,20261212
015665,0,0,0,0,0,0,0,20260402,20261212
015666,0,0,0,0,0,0,0,20260402,20261212
015667,0,0,0,0,0,0,0,20260402,20261212
015668,0,0,0,0,0,0,0,20260402,20261212
015669,0,0,0,0,0,0,0,20260402,20261212
015670,0,0,0,0,0,0,0,20260402,20261212
015671,0,0,0,0,0,0,0,20260402,20261212
015672,0,0,0,0,0,0,0,20260402,20261212
015673,0,0,0,0,0,0,0,20260402,20261212
015674,0,0,0,0,0,0,0,20260402,20261212
015675,0,0,0,0,0,0,0,20260402,20261212
015676,0,0,0,0,0,0,0,20260402,20261212
015677,0,0,0,0,0,0,0,20260402,20261212
015678,0,0,0,0,0,0,0,20260402,20261212
015679,0,0,0,0,0,0,0,20260402,20261212
015680,0,0,0,0,0,0,0,20260402,20261212
015681,0,0,0,0,0,0,0,20260402,20261212
015682,0,0,0,0,0,0,0,20260402,20261212
015683,0,0,0,0,0,0,0,20260402,20261212
015684,0,0,0,0,0,0,0,20260402,20261212
015685,0,0,0,0,0,0,0,20260402,20261212
015686,0,0,0,0,0,0,0,20260402,20261212
015687,0,0,0,0,0,0,0,20260402,20261212
015688,0,0,0,0,0,0,0,20260402,20261212
015689,0,0,0,0,0,0,0,20260402,20261212
015690,0,0,0,0,0,0,0,20260402,20261212
015691,0,0,0,0,0,0,0,20260402,20261212
015692,0,0,0,0,0,0,0,20260402,20261212
015693,0,0,0,0,0,0,0,20260402,20261212
015694,0,0,0,0,0,0,0,20260402,20261212
015695,0,0,0,0,0,0,0,20260402,20261212
015696,0,0,0,0,0,0,0,20260402,20261212
015697,0,0,0,0,0,0,0,20260402,20261212
015698,0,0,0,0,0,0,0,20260402,20261212
015699,0,0,0,0,0,0,0,20260402,20261212
015700,0,0,0,0,0,0,0,20260402,20261212
015701,0,0,0,0,0,0,0,20260402,20261212
015702,0,0,0,0,0,0,0,20260402,20261212
015703,0,0,0,0,0,0,0,20260402,20261212
015704,0,0,0,0,0,0,0,20260402,20261212
015705,0,0,0,0,0,0,0,20260402,20261212
015706,0,0,0,0,0,0,0,20260402,20261212
015707,0,0,0,0,0,0,0,20260402,20261212
015708,0,0,0,0,0,0,0,20260402,20261212
015709,0,0,0,0,0,0,0,20260402,20261212
015710,0,0,0,0,0,0,0,20260402,20261212
015711,0,0,0,0,0,0,0,20260402,20261212
015712,0,0,0,0,0,0,0,20260402,20261212
015713,0,0,0,0,0,0,0,20260402,20261212
015714,0,0,0,0,0,0,0,20260402,20261212
015715,0,0,0,0,0,0,0,20260402,20261212
015716,0,0,0,0,0,0,0,20260402,20261212
015717,0,0,0,0,0,0,0,20260402,20261212
015718,0,0,0,0,0,0,0,20260402,20261212
015719,0,0,0,0,0,0,0,20260402,20261212
015720,0,0,0,0,0,0,0,20260402,20261212
015721,0,0,0,0,0,0,0,20260402,20261212
015722,0,0,0,0,0,0,0,20260402,20261212
015723,0,0,0,0,0,0,0,20260402,20261212
015724,0,0,0,0,0,0,0,20260402,20261212
015725,0,0,0,0,0,0,0,20260402,20261212
015726,0,0,0,0,0,0,0,20260402,20261212
015727,0,0,0,0,0,0,0,20260402,20261212
015728,0,0,0,0,0,0,0,20260402,20261212
015729,0,0,0,0,0,0,0,20260402,20261212
015730,0,0,0,0,0,0,0,20260402,20261212
015731,0,0,0,0,0,0,0,20260402,20261212
015732,0,0,0,0,0,0,0,20260402,20261212
015733,0,0,0,0,0,0,0,20260402,20261212
015734,0,0,0,0,0,0,0,20260402,20261212
015735,0,0,0,0,0,0,0,20260402,20261212
015736,0,0,0,0,0,0,0,20260402,20261212
015737,0,0,0,0,0,0,0,20260402,20261212
015738,0,0,0,0,0,0,0,20260402,20261212
015739,0,0,0,0,0,0,0,20260402,20261212
015740,0,0,0,0,0,0,0,20260402,20261212
015741,0,0,0,0,0,0,0,20260402,20261212
015742,0,0,0,0,0,0,0,20260402,20261212
015743,0,0,0,0,0,0,0,20260402,20261212
015744,0,0,0,0,0,0,0,20260402,20261212
015745,0,0,0,0,0,0,0,20260402,20261212
015746,0,0,0,0,0,0,0,20260402,20261212
015747,0,0,0,0,0,0,0,20260402,20261212
015748,0,0,0,0,0,0,0,20260402,20261212
015749,0,0,0,0,0,0,0,20260402,20261212
015750,0,0,0,0,0,0,0,20260402,20261212
015751,0,0,0,0,0,0,0,20260402,20261212
015752,0,0,0,0,0,0,0,20260402,20261212
015753,0,0,0,0,0,0,0,20260402,20261212
015754,0,0,0,0,0,0,0,20260402,20261212
015755,0,0,0,0,0,0,0,20260402,20261212
015756,0,0,0,0,0,0,0,20260402,20261212
015757,0,0,0,0,0,0,0,20260402,20261212
015758,0,0,0,0,0,0,0,20260402,20261212
015759,0,0,0,0,0,0,0,20260402,20261212
015760,0,0,0,0,0,0,0,20260402,20261212
015761,0,0,0,0,0,0,0,20260402,20261212
015762,0,0,0,0,0,0,0,20260402,20261212
015763,0,0,0,0,0,0,0,20260402,20261212
015764,0,0,0,0,0,0,0,20260402,20261212
015765,0,0,0,0,0,0,0,20260402,20261212
015766,0,0,0,0,0,0,0,20260402,20261212
015767,0,0,0,0,0,0,0,20260402,20261212
015768,0,0,0,0,0,0,0,20260402,20261212
015769,0,0,0,0,0,0,0,20260402,20261212
015770,0,0,0,0,0,0,0,20260402,20261212
015771,0,0,0,0,0,0,0,20260402,20261212
015772,0,0,0,0,0,0,0,20260402,20261212
015773,0,0,0,0,0,0,0,20260402,20261212
015774,0,0,0,0,0,0,0,20260402,20261212
015775,0,0,0,0,0,0,0,20260402,20261212
015776,0,0,0,0,0,0,0,20260402,20261212
015777,0,0,0,0,0,0,0,20260402,20261212
015778,0,0,0,0,0,0,0,20260402,20261212
015779,0,0,0,0,0,0,0,20260402,20261212
015780,0,0,0,0,0,0,0,20260402,20261212
015781,0,0,0,0,0,0,0,20260402,20261212
015782,0,0,0,0,0,0,0,20260402,20261212
015783,0,0,0,0,0,0,0,20260402,20261212
015784,0,0,0,0,0,0,0,20260402,20261212
015785,0,0,0,0,0,0,0,20260402,20261212
015786,0,0,0,0,0,0,0,20260402,20261212
015787,0,0,0,0,0,0,0,20260402,20261212
015788,0,0,0,0,0,0,0,20260402,20261212
015789,0,0,0,0,0,0,0,20260402,20261212
015790,0,0,0,0,0,0,0,20260402,20261212
015791,0,0,0,0,0,0,0,20260402,20261212
015792,0,0,0,0,0,0,0,20260402,20261212
015793,0,0,0,0,0,0,0,20260402,20261212
015794,0,0,0,0,0,0,0,20260402,20261212
015795,0,0,0,0,0,0,0,20260402,20261212
015796,0,0,0,0,0,0,0,20260402,20261212
015797,0,0,0,0,0,0,0,20260402,20261212
015798,0,0,0,0,0,0,0,20260402,20261212
015799,0,0,0,0,0,0,0,20260402,20261212
015800,0,0,0,0,0,0,0,20260402,20261212
015801,0,0,0,0,0,0,0,20260402,20261212
015802,0,0,0,0,0,0,0,20260402,20261212
015803,0,0,0,0,0,0,0,20260402,20261212
015804,0,0,0,0,0,0,0,20260402,20261212
015805,0,0,0,0,0,0,0,20260402,20261212
015806,0,0,0,0,0,0,0,20260402,20261212
015807,0,0,0,0,0,0,0,20260402,20261212
015808,0,0,0,0,0,0,0,20260402,20261212
015809,0,0,0,0,0,0,0,20260402,20261212
015810,0,0,0,0,0,0,0,20260402,20261212
015811,0,0,0,0,0,0,0,20260402,20261212
015812,0,0,0,0,0,0,0,20260402,20261212
015813,0,0,0,0,0,0,0,20260402,20261212
015814,0,0,0,0,0,0,0,20260402,20261212
015815,0,0,0,0,0,0,0,20260402,20261212
015816,0,0,0,0,0,0,0,20260402,20261212
015817,0,0,0,0,0,0,0,20260402,20261212
015818,0,0,0,0,0,0,0,20260402,20261212
015819,0,0,0,0,0,0,0,20260402,20261212
015820,0,0,0,0,0,0,0,20260402,20261212
015821,0,0,0,0,0,0,0,20260402,20261212
015822,0,0,0,0,0,0,0,20260402,20261212
015823,0,0,0,0,0,0,0,20260402,20261212
015824,0,0,0,0,0,0,0,20260402,20261212
015825,0,0,0,0,0,0,0,20260402,20261212
015826,0,0,0,0,0,0,0,20260402,20261212
015827,0,0,0,0,0,0,0,20260402,20261212
015828,0,0,0,0,0,0,0,20260402,20261212
015829,0,0,0,0,0,0,0,20260402,20261212
015830,0,0,0,0,0,0,0,20260402,20261212
015831,0,0,0,0,0,0,0,20260402,20261212
015832,0,0,0,0,0,0,0,20260402,20261212
015833,0,0,0,0,0,0,0,20260402,20261212
015834,0,0,0,0,0,0,0,20260402,20261212
015835,0,0,0,0,0,0,0,20260402,20261212
015836,0,0,0,0,0,0,0,20260402,20261212
015837,0,0,0,0,0,0,0,20260402,20261212
015838,0,0,0,0,0,0,0,20260402,20261212
015839,0,0,0,0,0,0,0,20260402,20261212
015840,0,0,0,0,0,0,0,20260402,20261212
015841,0,0,0,0,0,0,0,20260402,20261212
015842,0,0,0,0,0,0,0,20260402,20261212
015843,0,0,0,0,0,0,0,20260402,20261212
015844,0,0,0,0,0,0,0,20260402,20261212
015845,0,0,0,0,0,0,0,20260402,20261212
015846,0,0,0,0,0,0,0,20260402,20261212
015847,0,0,0,0,0,0,0,20260402,20261212
015848,0,0,0,0,0,0,0,20260402,20261212
015849,0,0,0,0,0,0,0,20260402,20261212
015850,0,0,0,0,0,0,0,20260402,20261212
015851,0,0,0,0,0,0,0,20260402,20261212
015852,0,0,0,0,0,0,0,20260402,20261212
015853,0,0,0,0,0,0,0,20260402,20261212
015854,0,0,0,0,0,0,0,20260402,20261212
015855,0,0,0,0,0,0,0,20260402,20261212
015856,0,0,0,0,0,0,0,20260402,20261212
015857,0,0,0,0,0,0,0,20260402,20261212
015858,0,0,0,0,0,0,0,20260402,20261212
015859,0,0,0,0,0,0,0,20260402,20261212
015860,0,0,0,0,0,0,0,20260402,20261212
015861,0,0,0,0,0,0,0,20260402,20261212
015862,0,0,0,0,0,0,0,20260402,20261212
015863,0,0,0,0,0,0,0,20260402,20261212
015864,0,0,0,0,0,0,0,20260402,20261212
015865,0,0,0,0,0,0,0,20260402,20261212
015866,0,0,0,0,0,0,0,20260402,20261212
015867,0,0,0,0,0,0,0,20260402,20261212
015868,0,0,0,0,0,0,0,20260402,20261212
015869,0,0,0,0,0,0,0,20260402,20261212
015870,0,0,0,0,0,0,0,20260402,20261212
015871,0,0,0,0,0,0,0,20260402,20261212
015872,0,0,0,0,0,0,0,20260402,20261212
015873,0,0,0,0,0,0,0,20260402,20261212
015874,0,0,0,0,0,0,0,20260402,20261212
015875,0,0,0,0,0,0,0,20260402,20261212
015876,0,0,0,0,0,0,0,20260402,20261212
015877,0,0,0,0,0,0,0,20260402,20261212
015878,0,0,0,0,0,0,0,20260402,20261212
015879,0,0,0,0,0,0,0,20260402,20261212
015880,0,0,0,0,0,0,0,20260402,20261212
015881,0,0,0,0,0,0,0,20260402,20261212
015882,0,0,0,0,0,0,0,20260402,20261212
015883,0,0,0,0,0,0,0,20260402,20261212
015884,0,0,0,0,0,0,0,20260402,20261212
015885,0,0,0,0,0,0,0,20260402,20261212
015886,0,0,0,0,0,0,0,20260402,20261212
015887,0,0,0,0,0,0,0,20260402,20261212
015888,0,0,0,0,0,0,0,20260402,20261212
015889,0,0,0,0,0,0,0,20260402,20261212
015890,0,0,0,0,0,0,0,20260402,20261212
015891,0,0,0,0,0,0,0,20260402,20261212
015892,0,0,0,0,0,0,0,20260402,20261212
015893,0,0,0,0,0,0,0,20260402,20261212
015894,0,0,0,0,0,0,0,20260402,20261212
015895,0,0,0,0,0,0,0,20260402,20261212
015896,0,0,0,0,0,0,0,20260402,20261212
015897,0,0,0,0,0,0,0,20260402,20261212
015898,0,0,0,0,0,0,0,20260402,20261212
015899,0,0,0,0,0,0,0,20260402,20261212
015900,0,0,0,0,0,0,0,20260402,20261212
015901,0,0,0,0,0,0,0,20260402,20261212
015902,0,0,0,0,0,0,0,20260402,20261212
015903,0,0,0,0,0,0,0,20260402,20261212
015904,0,0,0,0,0,0,0,20260402,20261212
015905,0,0,0,0,0,0,0,20260402,20261212
015906,0,0,0,0,0,0,0,20260402,20261212
015907,0,0,0,0,0,0,0,20260402,20261212
015908,0,0,0,0,0,0,0,20260402,20261212
015909,0,0,0,0,0,0,0,20260402,20261212
015910,0,0,0,0,0,0,0,20260402,20261212
015911,0,0,0,0,0,0,0,20260402,20261212
015912,0,0,0,0,0,0,0,20260402,20261212
015913,0,0,0,0,0,0,0,20260402,20261212
015914,0,0,0,0,0,0,0,20260402,20261212
015915,0,0,0,0,0,0,0,20260402,20261212
015916,0,0,0,0,0,0,0,20260402,20261212
015917,0,0,0,0,0,0,0,20260402,20261212
015918,0,0,0,0,0,0,0,20260402,20261212
015919,0,0,0,0,0,0,0,20260402,20261212
015920,0,0,0,0,0,0,0,20260402,20261212
015921,0,0,0,0,0,0,0,20260402,20261212
015922,0,0,0,0,0,0,0,20260402,20261212
015923,0,0,0,0,0,0,0,20260402,20261212
015924,0,0,0,0,0,0,0,20260402,20261212
015925,0,0,0,0,0,0,0,20260402,20261212
015926,0,0,0,0,0,0,0,20260402,20261212
015927,0,0,0,0,0,0,0,20260402,20261212
015928,0,0,0,0,0,0,0,20260402,20261212
015929,0,0,0,0,0,0,0,20260402,20261212
015930,0,0,0,0,0,0,0,20260402,20261212
015931,0,0,0,0,0,0,0,20260402,20261212
015932,0,0,0,0,0,0,0,20260402,20261212
015933,0,0,0,0,0,0,0,20260402,20261212
015934,0,0,0,0,0,0,0,20260402,20261212
015935,0,0,0,0,0,0,0,20260402,20261212
015936,0,0,0,0,0,0,0,20260402,20261212
015937,0,0,0,0,0,0,0,20260402,20261212
015938,0,0,0,0,0,0,0,20260402,20261212
015939,0,0,0,0,0,0,0,20260402,20261212
015940,0,0,0,0,0,0,0,20260402,20261212
015941,0,0,0,0,0,0,0,20260402,20261212
015942,0,0,0,0,0,0,0,20260402,20261212
015943,0,0,0,0,0,0,0,20260402,20261212
015944,0,0,0,0,0,0,0,20260402,20261212
015945,0,0,0,0,0,0,0,20260402,20261212
015946,0,0,0,0,0,0,0,20260402,20261212
015947,0,0,0,0,0,0,0,20260402,20261212
015948,0,0,0,0,0,0,0,20260402,20261212
015949,0,0,0,0,0,0,0,20260402,20261212
015950,0,0,0,0,0,0,0,20260402,20261212
015951,0,0,0,0,0,0,0,20260402,20261212
015952,0,0,0,0,0,0,0,20260402,20261212
015953,0,0,0,0,0,0,0,20260402,20261212
015954,0,0,0,0,0,0,0,20260402,20261212
015955,0,0,0,0,0,0,0,20260402,20261212
015956,0,0,0,0,0,0,0,20260402,20261212
015957,0,0,0,0,0,0,0,20260402,20261212
015958,0,0,0,0,0,0,0,20260402,20261212
015959,0,0,0,0,0,0,0,20260402,20261212
015960,0,0,0,0,0,0,0,20260402,20261212
015961,0,0,0,0,0,0,0,20260402,20261212
015962,0,0,0,0,0,0,0,20260402,20261212
015963,0,0,0,0,0,0,0,20260402,20261212
015964,0,0,0,0,0,0,0,20260402,20261212
015965,0,0,0,0,0,0,0,20260402,20261212
015966,0,0,0,0,0,0,0,20260402,20261212
015967,0,0,0,0,0,0,0,20260402,20261212
015968,0,0,0,0,0,0,0,20260402,20261212
015969,0,0,0,0,0,0,0,20260402,20261212
015970,0,0,0,0,0,0,0,20260402,20261212
015971,0,0,0,0,0,0,0,20260402,20261212
015972,0,0,0,0,0,0,0,20260402,20261212
015973,0,0,0,0,0,0,0,20260402,20261212
015974,0,0,0,0,0,0,0,20260402,20261212
015975,0,0,0,0,0,0,0,20260402,20261212
015976,0,0,0,0,0,0,0,20260402,20261212
015977,0,0,0,0,0,0,0,20260402,20261212
015978,0,0,0,0,0,0,0,20260402,20261212
015979,0,0,0,0,0,0,0,20260402,20261212
015980,0,0,0,0,0,0,0,20260402,20261212
015981,0,0,0,0,0,0,0,20260402,20261212
015982,0,0,0,0,0,0,0,20260402,20261212
015983,0,0,0,0,0,0,0,20260402,20261212
015984,0,0,0,0,0,0,0,20260402,20261212
015985,0,0,0,0,0,0,0,20260402,20261212
015986,0,0,0,0,0,0,0,20260402,20261212
015987,0,0,0,0,0,0,0,20260402,20261212
015988,0,0,0,0,0,0,0,20260402,20261212
015989,0,0,0,0,0,0,0,20260402,20261212
015990,0,0,0,0,0,0,0,20260402,20261212
015991,0,0,0,0,0,0,0,20260402,20261212
015992,0,0,0,0,0,0,0,20260402,20261212
015993,0,0,0,0,0,0,0,20260402,20261212
015994,0,0,0,0,0,0,0,20260402,20261212
015995,0,0,0,0,0,0,0,20260402,20261212
015996,0,0,0,0,0,0,0,20260402,20261212
015997,0,0,0,0,0,0,0,20260402,20261212
015998,0,0,0,0,0,0,0,20260402,20261212
015999,0,0,0,0,0,0,0,20260402,20261212
016000,0,0,0,0,0,0,0,20260402,20261212
016001,0,0,0,0,0,0,0,20260402,20261212
016002,0,0,0,0,0,0,0,20260402,20261212
016003,0,0,0,0,0,0,0,20260402,20261212
016004,0,0,0,0,0,0,0,20260402,20261212
016005,0,0,0,0,0,0,0,20260402,20261212
016006,0,0,0,0,0,0,0,20260402,20261212
016007,0,0,0,0,0,0,0,20260402,20261212
016008,0,0,0,0,0,0,0,20260402,20261212
016009,0,0,0,0,0,0,0,20260402,20261212
016010,0,0,0,0,0,0,0,20260402,20261212
016011,0,0,0,0,0,0,0,20260402,20261212
016012,0,0,0,0,0,0,0,20260402,20261212
016013,0,0,0,0,0,0,0,20260402,20261212
016014,0,0,0,0,0,0,0,20260402,20261212
016015,0,0,0,0,0,0,0,20260402,20261212
016016,0,0,0,0,0,0,0,20260402,20261212
016017,0,0,0,0,0,0,0,20260402,20261212
016018,0,0,0,0,0,0,0,20260402,20261212
016019,0,0,0,0,0,0,0,20260402,20261212
016020,0,0,0,0,0,0,0,20260402,20261212
016021,0,0,0,0,0,0,0,20260402,20261212
016022,0,0,0,0,0,0,0,20260402,20261212
016023,0,0,0,0,0,0,0,20260402,20261212
016024,0,0,0,0,0,0,0,20260402,20261212
016025,0,0,0,0,0,0,0,20260402,20261212
016026,0,0,0,0,0,0,0,20260402,20261212
016027,0,0,0,0,0,0,0,20260402,20261212
016028,0,0,0,0,0,0,0,20260402,20261212
016029,0,0,0,0,0,0,0,20260402,20261212
016030,0,0,0,0,0,0,0,20260402,20261212
016031,0,0,0,0,0,0,0,20260402,20261212
016032,0,0,0,0,0,0,0,20260402,20261212
016033,0,0,0,0,0,0,0,20260402,20261212
016034,0,0,0,0,0,0,0,20260402,20261212
016035,0,0,0,0,0,0,0,20260402,20261212
016036,0,0,0,0,0,0,0,20260402,20261212
016037,0,0,0,0,0,0,0,20260402,20261212
016038,0,0,0,0,0,0,0,20260402,20261212
016039,0,0,0,0,0,0,0,20260402,20261212
016040,0,0,0,0,0,0,0,20260402,20261212
016041,0,0,0,0,0,0,0,20260402,20261212
016042,0,0,0,0,0,0,0,20260402,20261212
016043,0,0,0,0,0,0,0,20260402,20261212
016044,0,0,0,0,0,0,0,20260402,20261212
016045,0,0,0,0,0,0,0,20260402,20261212
016046,0,0,0,0,0,0,0,20260402,20261212
016047,0,0,0,0,0,0,0,20260402,20261212
016048,0,0,0,0,0,0,0,20260402,20261212
016049,0,0,0,0,0,0,0,20260402,20261212
016050,0,0,0,0,0,0,0,20260402,20261212
016051,0,0,0,0,0,0,0,20260402,20261212
016052,0,0,0,0,0,0,0,20260402,20261212
016053,0,0,0,0,0,0,0,20260402,20261212
016054,0,0,0,0,0,0,0,20260402,20261212
016055,0,0,0,0,0,0,0,20260402,20261212
016056,0,0,0,0,0,0,0,20260402,20261212
016057,0,0,0,0,0,0,0,20260402,20261212
016058,0,0,0,0,0,0,0,20260402,20261212
016059,0,0,0,0,0,0,0,20260402,20261212
016060,0,0,0,0,0,0,0,20260402,20261212
016061,0,0,0,0,0,0,0,20260402,20261212
016062,0,0,0,0,0,0,0,20260402,20261212
016063,0,0,0,0,0,0,0,20260402,20261212
016064,0,0,0,0,0,0,0,20260402,20261212
016065,0,0,0,0,0,0,0,20260402,20261212
016066,0,0,0,0,0,0,0,20260402,20261212
016067,0,0,0,0,0,0,0,20260402,20261212
016068,0,0,0,0,0,0,0,20260402,20261212
016069,0,0,0,0,0,0,0,20260402,20261212
016070,0,0,0,0,0,0,0,20260402,20261212
016071,0,0,0,0,0,0,0,20260402,20261212
016072,0,0,0,0,0,0,0,20260402,20261212
016073,0,0,0,0,0,0,0,20260402,20261212
016074,0,0,0,0,0,0,0,20260402,20261212
016075,0,0,0,0,0,0,0,20260402,20261212
016076,0,0,0,0,0,0,0,20260402,20261212
016077,0,0,0,0,0,0,0,20260402,20261212
016078,0,0,0,0,0,0,0,20260402,20261212
016079,0,0,0,0,0,0,0,20260402,20261212
016080,0,0,0,0,0,0,0,20260402,20261212
016081,0,0,0,0,0,0,0,20260402,20261212
016082,0,0,0,0,0,0,0,20260402,20261212
016083,0,0,0,0,0,0,0,20260402,20261212
016084,0,0,0,0,0,0,0,20260402,20261212
016085,0,0,0,0,0,0,0,20260402,20261212
016086,0,0,0,0,0,0,0,20260402,20261212
016087,0,0,0,0,0,0,0,20260402,20261212
016088,0,0,0,0,0,0,0,20260402,20261212
016089,0,0,0,0,0,0,0,20260402,20261212
016090,0,0,0,0,0,0,0,20260402,20261212
016091,0,0,0,0,0,0,0,20260402,20261212
016092,0,0,0,0,0,0,0,20260402,20261212
016093,0,0,0,0,0,0,0,20260402,20261212
016094,0,0,0,0,0,0,0,20260402,20261212
016095,0,0,0,0,0,0,0,20260402,20261212
016096,0,0,0,0,0,0,0,20260402,20261212
016097,0,0,0,0,0,0,0,20260402,20261212
016098,0,0,0,0,0,0,0,20260402,20261212
016099,0,0,0,0,0,0,0,20260402,20261212
016100,0,0,0,0,0,0,0,20260402,20261212
016101,0,0,0,0,0,0,0,20260402,20261212
016102,0,0,0,0,0,0,0,20260402,20261212
016103,0,0,0,0,0,0,0,20260402,20261212
016104,0,0,0,0,0,0,0,20260402,20261212
016105,0,0,0,0,0,0,0,20260402,20261212
016106,0,0,0,0,0,0,0,20260402,20261212
016107,0,0,0,0,0,0,0,20260402,20261212
016108,0,0,0,0,0,0,0,20260402,20261212
016109,0,0,0,0,0,0,0,20260402,20261212
016110,0,0,0,0,0,0,0,20260402,20261212
016111,0,0,0,0,0,0,0,20260402,20261212
016112,0,0,0,0,0,0,0,20260402,20261212
016113,0,0,0,0,0,0,0,20260402,20261212
016114,0,0,0,0,0,0,0,20260402,20261212
016115,0,0,0,0,0,0,0,20260402,20261212
016116,0,0,0,0,0,0,0,20260402,20261212
016117,0,0,0,0,0,0,0,20260402,20261212
016118,0,0,0,0,0,0,0,20260402,20261212
016119,0,0,0,0,0,0,0,20260402,20261212
016120,0,0,0,0,0,0,0,20260402,20261212
016121,0,0,0,0,0,0,0,20260402,20261212
016122,0,0,0,0,0,0,0,20260402,20261212
016123,0,0,0,0,0,0,0,20260402,20261212
016124,0,0,0,0,0,0,0,20260402,20261212
016125,0,0,0,0,0,0,0,20260402,20261212
016126,0,0,0,0,0,0,0,20260402,20261212
016127,0,0,0,0,0,0,0,20260402,20261212
016128,0,0,0,0,0,0,0,20260402,20261212
016129,0,0,0,0,0,0,0,20260402,20261212
016130,0,0,0,0,0,0,0,20260402,20261212
016131,0,0,0,0,0,0,0,20260402,20261212
016132,0,0,0,0,0,0,0,20260402,20261212
016133,0,0,0,0,0,0,0,20260402,20261212
016134,0,0,0,0,0,0,0,20260402,20261212
016135,0,0,0,0,0,0,0,20260402,20261212
016136,0,0,0,0,0,0,0,20260402,20261212
016137,0,0,0,0,0,0,0,20260402,20261212
016138,0,0,0,0,0,0,0,20260402,20261212
016139,0,0,0,0,0,0,0,20260402,20261212
016140,0,0,0,0,0,0,0,20260402,20261212
016141,0,0,0,0,0,0,0,20260402,20261212
016142,0,0,0,0,0,0,0,20260402,20261212
016143,0,0,0,0,0,0,0,20260402,20261212
016144,0,0,0,0,0,0,0,20260402,20261212
016145,0,0,0,0,0,0,0,20260402,20261212
016146,0,0,0,0,0,0,0,20260402,20261212
016147,0,0,0,0,0,0,0,20260402,20261212
016148,0,0,0,0,0,0,0,20260402,20261212
016149,0,0,0,0,0,0,0,20260402,20261212
016150,0,0,0,0,0,0,0,20260402,20261212
016151,0,0,0,0,0,0,0,20260402,20261212
016152,0,0,0,0,0,0,0,20260402,20261212
016153,0,0,0,0,0,0,0,20260402,20261212
016154,0,0,0,0,0,0,0,20260402,20261212
016155,0,0,0,0,0,0,0,20260402,20261212
016156,0,0,0,0,0,0,0,20260402,20261212
016157,0,0,0,0,0,0,0,20260402,20261212
016158,0,0,0,0,0,0,0,20260402,20261212
016159,0,0,0,0,0,0,0,20260402,20261212
016160,0,0,0,0,0,0,0,20260402,20261212
016161,0,0,0,0,0,0,0,20260402,20261212
016162,0,0,0,0,0,0,0,20260402,20261212
016163,0,0,0,0,0,0,0,20260402,20261212
016164,0,0,0,0,0,0,0,20260402,20261212
016165,0,0,0,0,0,0,0,20260402,20261212
016166,0,0,0,0,0,0,0,20260402,20261212
016167,0,0,0,0,0,0,0,20260402,20261212
016168,0,0,0,0,0,0,0,20260402,20261212
016169,0,0,0,0,0,0,0,20260402,20261212
016170,0,0,0,0,0,0,0,20260402,20261212
016171,0,0,0,0,0,0,0,20260402,20261212
016172,0,0,0,0,0,0,0,20260402,20261212
016173,0,0,0,0,0,0,0,20260402,20261212
016174,0,0,0,0,0,0,0,20260402,20261212
016175,0,0,0,0,0,0,0,20260402,20261212
016176,0,0,0,0,0,0,0,20260402,20261212
016177,0,0,0,0,0,0,0,20260402,20261212
016178,0,0,0,0,0,0,0,20260402,20261212
016179,0,0,0,0,0,0,0,20260402,20261212
016180,0,0,0,0,0,0,0,20260402,20261212
016181,0,0,0,0,0,0,0,20260402,20261212
016182,0,0,0,0,0,0,0,20260402,20261212
016183,0,0,0,0,0,0,0,20260402,20261212
016184,0,0,0,0,0,0,0,20260402,20261212
016185,0,0,0,0,0,0,0,20260402,20261212
016186,0,0,0,0,0,0,0,20260402,20261212
016187,0,0,0,0,0,0,0,20260402,20261212
016188,0,0,0,0,0,0,0,20260402,20261212
016189,0,0,0,0,0,0,0,20260402,20261212
016190,0,0,0,0,0,0,0,20260402,20261212
016191,0,0,0,0,0,0,0,20260402,20261212
016192,0,0,0,0,0,0,0,20260402,20261212
016193,0,0,0,0,0,0,0,20260402,20261212
016194,0,0,0,0,0,0,0,20260402,20261212
016195,0,0,0,0,0,0,0,20260402,20261212
016196,0,0,0,0,0,0,0,20260402,20261212
016197,0,0,0,0,0,0,0,20260402,20261212
016198,0,0,0,0,0,0,0,20260402,20261212
016199,0,0,0,0,0,0,0,20260402,20261212
016200,0,0,0,0,0,0,0,20260402,20261212
016201,0,0,0,0,0,0,0,20260402,20261212
016202,0,0,0,0,0,0,0,20260402,20261212
016203,0,0,0,0,0,0,0,20260402,20261212
016204,0,0,0,0,0,0,0,20260402,20261212
016205,0,0,0,0,0,0,0,20260402,20261212
016206,0,0,0,0,0,0,0,20260402,20261212
016207,0,0,0,0,0,0,0,20260402,20261212
016208,0,0,0,0,0,0,0,20260402,20261212
016209,0,0,0,0,0,0,0,20260402,20261212
016210,0,0,0,0,0,0,0,20260402,20261212
016211,0,0,0,0,0,0,0,20260402,20261212
016212,0,0,0,0,0,0,0,20260402,20261212
016213,0,0,0,0,0,0,0,20260402,20261212
016214,0,0,0,0,0,0,0,20260402,20261212
016215,0,0,0,0,0,0,0,20260402,20261212
016216,0,0,0,0,0,0,0,20260402,20261212
016217,0,0,0,0,0,0,0,20260402,20261212
016218,0,0,0,0,0,0,0,20260402,20261212
016219,0,0,0,0,0,0,0,20260402,20261212
016220,0,0,0,0,0,0,0,20260402,20261212
016221,0,0,0,0,0,0,0,20260402,20261212
016222,0,0,0,0,0,0,0,20260402,20261212
016223,0,0,0,0,0,0,0,20260402,20261212
016224,0,0,0,0,0,0,0,20260402,20261212
016225,0,0,0,0,0,0,0,20260402,20261212
016226,0,0,0,0,0,0,0,20260402,20261212
016227,0,0,0,0,0,0,0,20260402,20261212
016228,0,0,0,0,0,0,0,20260402,20261212
016229,0,0,0,0,0,0,0,20260402,20261212
016230,0,0,0,0,0,0,0,20260402,20261212
016231,0,0,0,0,0,0,0,20260402,20261212
016232,0,0,0,0,0,0,0,20260402,20261212
016233,0,0,0,0,0,0,0,20260402,20261212
016234,0,0,0,0,0,0,0,20260402,20261212
016235,0,0,0,0,0,0,0,20260402,20261212
016236,0,0,0,0,0,0,0,20260402,20261212
016237,0,0,0,0,0,0,0,20260402,20261212
016238,0,0,0,0,0,0,0,20260402,20261212
016239,0,0,0,0,0,0,0,20260402,20261212
016240,0,0,0,0,0,0,0,20260402,20261212
016241,0,0,0,0,0,0,0,20260402,20261212
016242,0,0,0,0,0,0,0,20260402,20261212
016243,0,0,0,0,0,0,0,20260402,20261212
016244,0,0,0,0,0,0,0,20260402,20261212
016245,0,0,0,0,0,0,0,20260402,20261212
016246,0,0,0,0,0,0,0,20260402,20261212
016247,0,0,0,0,0,0,0,20260402,20261212
016248,0,0,0,0,0,0,0,20260402,20261212
016249,0,0,0,0,0,0,0,20260402,20261212
016250,0,0,0,0,0,0,0,20260402,20261212
016251,0,0,0,0,0,0,0,20260402,20261212
016252,0,0,0,0,0,0,0,20260402,20261212
016253,0,0,0,0,0,0,0,20260402,20261212
016254,0,0,0,0,0,0,0,20260402,20261212
016255,0,0,0,0,0,0,0,20260402,20261212
016256,0,0,0,0,0,0,0,20260402,20261212
016257,0,0,0,0,0,0,0,20260402,20261212
016258,0,0,0,0,0,0,0,20260402,20261212
016259,0,0,0,0,0,0,0,20260402,20261212
016260,0,0,0,0,0,0,0,20260402,20261212
016261,0,0,0,0,0,0,0,20260402,20261212
016262,0,0,0,0,0,0,0,20260402,20261212
016263,0,0,0,0,0,0,0,20260402,20261212
016264,0,0,0,0,0,0,0,20260402,20261212
016265,0,0,0,0,0,0,0,20260402,20261212
016266,0,0,0,0,0,0,0,20260402,20261212
016267,0,0,0,0,0,0,0,20260402,20261212
016268,0,0,0,0,0,0,0,20260402,20261212
016269,0,0,0,0,0,0,0,20260402,20261212
016270,0,0,0,0,0,0,0,20260402,20261212
016271,0,0,0,0,0,0,0,20260402,20261212
016272,0,0,0,0,0,0,0,20260402,20261212
016273,0,0,0,0,0,0,0,20260402,20261212
016274,0,0,0,0,0,0,0,20260402,20261212
016275,0,0,0,0,0,0,0,20260402,20261212
016276,0,0,0,0,0,0,0,20260402,20261212
016277,0,0,0,0,0,0,0,20260402,20261212
016278,0,0,0,0,0,0,0,20260402,20261212
016279,0,0,0,0,0,0,0,20260402,20261212
016280,0,0,0,0,0,0,0,20260402,20261212
016281,0,0,0,0,0,0,0,20260402,20261212
016282,0,0,0,0,0,0,0,20260402,20261212
016283,0,0,0,0,0,0,0,20260402,20261212
016284,0,0,0,0,0,0,0,20260402,20261212
016285,0,0,0,0,0,0,0,20260402,20261212
016286,0,0,0,0,0,0,0,20260402,20261212
016287,0,0,0,0,0,0,0,20260402,20261212
016288,0,0,0,0,0,0,0,20260402,20261212
016289,0,0,0,0,0,0,0,20260402,20261212
016290,0,0,0,0,0,0,0,20260402,20261212
016291,0,0,0,0,0,0,0,20260402,20261212
016292,0,0,0,0,0,0,0,20260402,20261212
016293,0,0,0,0,0,0,0,20260402,20261212
016294,0,0,0,0,0,0,0,20260402,20261212
016295,0,0,0,0,0,0,0,20260402,20261212
016296,0,0,0,0,0,0,0,20260402,20261212
016297,0,0,0,0,0,0,0,20260402,20261212
016298,0,0,0,0,0,0,0,20260402,20261212
016299,0,0,0,0,0,0,0,20260402,20261212
016300,0,0,0,0,0,0,0,20260402,20261212
016301,0,0,0,0,0,0,0,20260402,20261212
016302,0,0,0,0,0,0,0,20260402,20261212
016303,0,0,0,0,0,0,0,20260402,20261212
016304,0,0,0,0,0,0,0,20260402,20261212
016305,0,0,0,0,0,0,0,20260402,20261212
016306,0,0,0,0,0,0,0,20260402,20261212
016307,0,0,0,0,0,0,0,20260402,20261212
016308,0,0,0,0,0,0,0,20260402,20261212
016309,0,0,0,0,0,0,0,20260402,20261212
016310,0,0,0,0,0,0,0,20260402,20261212
016311,0,0,0,0,0,0,0,20260402,20261212
016312,0,0,0,0,0,0,0,20260402,20261212
016313,0,0,0,0,0,0,0,20260402,20261212
016314,0,0,0,0,0,0,0,20260402,20261212
016315,0,0,0,0,0,0,0,20260402,20261212
016316,0,0,0,0,0,0,0,20260402,20261212
016317,0,0,0,0,0,0,0,20260402,20261212
016318,0,0,0,0,0,0,0,20260402,20261212
016319,0,0,0,0,0,0,0,20260402,20261212
016320,0,0,0,0,0,0,0,20260402,20261212
016321,0,0,0,0,0,0,0,20260402,20261212
016322,0,0,0,0,0,0,0,20260402,20261212
016323,0,0,0,0,0,0,0,20260402,20261212
016324,0,0,0,0,0,0,0,20260402,20261212
016325,0,0,0,0,0,0,0,20260402,20261212
016326,0,0,0,0,0,0,0,20260402,20261212
016327,0,0,0,0,0,0,0,20260402,20261212
016328,0,0,0,0,0,0,0,20260402,20261212
016329,0,0,0,0,0,0,0,20260402,20261212
016330,0,0,0,0,0,0,0,20260402,20261212
016331,0,0,0,0,0,0,0,20260402,20261212
016332,0,0,0,0,0,0,0,20260402,20261212
016333,0,0,0,0,0,0,0,20260402,20261212
016334,0,0,0,0,0,0,0,20260402,20261212
016335,0,0,0,0,0,0,0,20260402,20261212
016336,0,0,0,0,0,0,0,20260402,20261212
016337,0,0,0,0,0,0,0,20260402,20261212
016338,0,0,0,0,0,0,0,20260402,20261212
016339,0,0,0,0,0,0,0,20260402,20261212
016340,0,0,0,0,0,0,0,20260402,20261212
016341,0,0,0,0,0,0,0,20260402,20261212
016342,0,0,0,0,0,0,0,20260402,20261212
016343,0,0,0,0,0,0,0,20260402,20261212
016344,0,0,0,0,0,0,0,20260402,20261212
016345,0,0,0,0,0,0,0,20260402,20261212
016346,0,0,0,0,0,0,0,20260402,20261212
016347,0,0,0,0,0,0,0,20260402,20261212
016348,0,0,0,0,0,0,0,20260402,20261212
016349,0,0,0,0,0,0,0,20260402,20261212
016350,0,0,0,0,0,0,0,20260402,20261212
016351,0,0,0,0,0,0,0,20260402,20261212
016352,0,0,0,0,0,0,0,20260402,20261212
016353,0,0,0,0,0,0,0,20260402,20261212
016354,0,0,0,0,0,0,0,20260402,20261212
016355,0,0,0,0,0,0,0,20260402,20261212
016356,0,0,0,0,0,0,0,20260402,20261212
016357,0,0,0,0,0,0,0,20260402,20261212
016358,0,0,0,0,0,0,0,20260402,20261212
016359,0,0,0,0,0,0,0,20260402,20261212
016360,0,0,0,0,0,0,0,20260402,20261212
016361,0,0,0,0,0,0,0,20260402,20261212
016362,0,0,0,0,0,0,0,20260402,20261212
016363,0,0,0,0,0,0,0,20260402,20261212
016364,0,0,0,0,0,0,0,20260402,20261212
016365,0,0,0,0,0,0,0,20260402,20261212
016366,0,0,0,0,0,0,0,20260402,20261212
016367,0,0,0,0,0,0,0,20260402,20261212
016368,0,0,0,0,0,0,0,20260402,20261212
016369,0,0,0,0,0,0,0,20260402,20261212
016370,0,0,0,0,0,0,0,20260402,20261212
016371,0,0,0,0,0,0,0,20260402,20261212
016372,0,0,0,0,0,0,0,20260402,20261212
016373,0,0,0,0,0,0,0,20260402,20261212
016374,0,0,0,0,0,0,0,20260402,20261212
016375,0,0,0,0,0,0,0,20260402,20261212
016376,0,0,0,0,0,0,0,20260402,20261212
016377,0,0,0,0,0,0,0,20260402,20261212
016378,0,0,0,0,0,0,0,20260402,20261212
016379,0,0,0,0,0,0,0,20260402,20261212
016380,0,0,0,0,0,0,0,20260402,20261212
016381,0,0,0,0,0,0,0,20260402,20261212
016382,0,0,0,0,0,0,0,20260402,20261212
016383,0,0,0,0,0,0,0,20260402,20261212
016384,0,0,0,0,0,0,0,20260402,20261212
016385,0,0,0,0,0,0,0,20260402,20261212
016386,0,0,0,0,0,0,0,20260402,20261212
016387,0,0,0,0,0,0,0,20260402,20261212
016388,0,0,0,0,0,0,0,20260402,20261212
016389,0,0,0,0,0,0,0,20260402,20261212
016390,0,0,0,0,0,0,0,20260402,20261212
016391,0,0,0,0,0,0,0,20260402,20261212
016392,0,0,0,0,0,0,0,20260402,20261212
016393,0,0,0,0,0,0,0,20260402,20261212
016394,0,0,0,0,0,0,0,20260402,20261212
016395,0,0,0,0,0,0,0,20260402,20261212
016396,0,0,0,0,0,0,0,20260402,20261212
016397,0,0,0,0,0,0,0,20260402,20261212
016398,0,0,0,0,0,0,0,20260402,20261212
016399,0,0,0,0,0,0,0,20260402,20261212
016400,0,0,0,0,0,0,0,20260402,20261212
016401,0,0,0,0,0,0,0,20260402,20261212
016402,0,0,0,0,0,0,0,20260402,20261212
016403,0,0,0,0,0,0,0,20260402,20261212
016404,0,0,0,0,0,0,0,20260402,20261212
016405,0,0,0,0,0,0,0,20260402,20261212
016406,0,0,0,0,0,0,0,20260402,20261212
016407,0,0,0,0,0,0,0,20260402,20261212
016408,0,0,0,0,0,0,0,20260402,20261212
016409,0,0,0,0,0,0,0,20260402,20261212
016410,0,0,0,0,0,0,0,20260402,20261212
016411,0,0,0,0,0,0,0,20260402,20261212
016412,0,0,0,0,0,0,0,20260402,20261212
016413,0,0,0,0,0,0,0,20260402,20261212
016414,0,0,0,0,0,0,0,20260402,20261212
016415,0,0,0,0,0,0,0,20260402,20261212
016416,0,0,0,0,0,0,0,20260402,20261212
016417,0,0,0,0,0,0,0,20260402,20261212
016418,0,0,0,0,0,0,0,20260402,20261212
016419,0,0,0,0,0,0,0,20260402,20261212
016420,0,0,0,0,0,0,0,20260402,20261212
016421,0,0,0,0,0,0,0,20260402,20261212
016422,0,0,0,0,0,0,0,20260402,20261212
016423,0,0,0,0,0,0,0,20260402,20261212
016424,0,0,0,0,0,0,0,20260402,20261212
016425,0,0,0,0,0,0,0,20260402,20261212
016426,0,0,0,0,0,0,0,20260402,20261212
016427,0,0,0,0,0,0,0,20260402,20261212
016428,0,0,0,0,0,0,0,20260402,20261212
016429,0,0,0,0,0,0,0,20260402,20261212
016430,0,0,0,0,0,0,0,20260402,20261212
016431,0,0,0,0,0,0,0,20260402,20261212
016432,0,0,0,0,0,0,0,20260402,20261212
016433,0,0,0,0,0,0,0,20260402,20261212
016434,0,0,0,0,0,0,0,20260402,20261212
016435,0,0,0,0,0,0,0,20260402,20261212
016436,0,0,0,0,0,0,0,20260402,20261212
016437,0,0,0,0,0,0,0,20260402,20261212
016438,0,0,0,0,0,0,0,20260402,20261212
016439,0,0,0,0,0,0,0,20260402,20261212
016440,0,0,0,0,0,0,0,20260402,20261212
016441,0,0,0,0,0,0,0,20260402,20261212
016442,0,0,0,0,0,0,0,20260402,20261212
016443,0,0,0,0,0,0,0,20260402,20261212
016444,0,0,0,0,0,0,0,20260402,20261212
016445,0,0,0,0,0,0,0,20260402,20261212
016446,0,0,0,0,0,0,0,20260402,20261212
016447,0,0,0,0,0,0,0,20260402,20261212
016448,0,0,0,0,0,0,0,20260402,20261212
016449,0,0,0,0,0,0,0,20260402,20261212
016450,0,0,0,0,0,0,0,20260402,20261212
016451,0,0,0,0,0,0,0,20260402,20261212
016452,0,0,0,0,0,0,0,20260402,20261212
016453,0,0,0,0,0,0,0,20260402,20261212
016454,0,0,0,0,0,0,0,20260402,20261212
016455,0,0,0,0,0,0,0,20260402,20261212
016456,0,0,0,0,0,0,0,20260402,20261212
016457,0,0,0,0,0,0,0,20260402,20261212
016458,0,0,0,0,0,0,0,20260402,20261212
016459,0,0,0,0,0,0,0,20260402,20261212
016460,0,0,0,0,0,0,0,20260402,20261212
016461,0,0,0,0,0,0,0,20260402,20261212
016462,0,0,0,0,0,0,0,20260402,20261212
016463,0,0,0,0,0,0,0,20260402,20261212
016464,0,0,0,0,0,0,0,20260402,20261212
016465,0,0,0,0,0,0,0,20260402,20261212
016466,0,0,0,0,0,0,0,20260402,20261212
016467,0,0,0,0,0,0,0,20260402,20261212
016468,0,0,0,0,0,0,0,20260402,20261212
016469,0,0,0,0,0,0,0,20260402,20261212
016470,0,0,0,0,0,0,0,20260402,20261212
016471,0,0,0,0,0,0,0,20260402,20261212
016472,0,0,0,0,0,0,0,20260402,20261212
016473,0,0,0,0,0,0,0,20260402,20261212
016474,0,0,0,0,0,0,0,20260402,20261212
016475,0,0,0,0,0,0,0,20260402,20261212
016476,0,0,0,0,0,0,0,20260402,20261212
016477,0,0,0,0,0,0,0,20260402,20261212
016478,0,0,0,0,0,0,0,20260402,20261212
016479,0,0,0,0,0,0,0,20260402,20261212
016480,0,0,0,0,0,0,0,20260402,20261212
016481,0,0,0,0,0,0,0,20260402,20261212
016482,0,0,0,0,0,0,0,20260402,20261212
016483,0,0,0,0,0,0,0,20260402,20261212
016484,0,0,0,0,0,0,0,20260402,20261212
016485,0,0,0,0,0,0,0,20260402,20261212
016486,0,0,0,0,0,0,0,20260402,20261212
016487,0,0,0,0,0,0,0,20260402,20261212
016488,0,0,0,0,0,0,0,20260402,20261212
016489,0,0,0,0,0,0,0,20260402,20261212
016490,0,0,0,0,0,0,0,20260402,20261212
016491,0,0,0,0,0,0,0,20260402,20261212
016492,0,0,0,0,0,0,0,20260402,20261212
016493,0,0,0,0,0,0,0,20260402,20261212
016494,0,0,0,0,0,0,0,20260402,20261212
016495,0,0,0,0,0,0,0,20260402,20261212
016496,0,0,0,0,0,0,0,20260402,20261212
016497,0,0,0,0,0,0,0,20260402,20261212
016498,0,0,0,0,0,0,0,20260402,20261212
016499,0,0,0,0,0,0,0,20260402,20261212
016500,0,0,0,0,0,0,0,20260402,20261212
016501,0,0,0,0,0,0,0,20260402,20261212
016502,0,0,0,0,0,0,0,20260402,20261212
016503,0,0,0,0,0,0,0,20260402,20261212
016504,0,0,0,0,0,0,0,20260402,20261212
016505,0,0,0,0,0,0,0,20260402,20261212
016506,0,0,0,0,0,0,0,20260402,20261212
016507,0,0,0,0,0,0,0,20260402,20261212
016508,0,0,0,0,0,0,0,20260402,20261212
016509,0,0,0,0,0,0,0,20260402,20261212
016510,0,0,0,0,0,0,0,20260402,20261212
016511,0,0,0,0,0,0,0,20260402,20261212
016512,0,0,0,0,0,0,0,20260402,20261212
016513,0,0,0,0,0,0,0,20260402,20261212
016514,0,0,0,0,0,0,0,20260402,20261212
016515,0,0,0,0,0,0,0,20260402,20261212
016516,0,0,0,0,0,0,0,20260402,20261212
016517,0,0,0,0,0,0,0,20260402,20261212
016518,0,0,0,0,0,0,0,20260402,20261212
016519,0,0,0,0,0,0,0,20260402,20261212
016520,0,0,0,0,0,0,0,20260402,20261212
016521,0,0,0,0,0,0,0,20260402,20261212
016522,0,0,0,0,0,0,0,20260402,20261212
016523,0,0,0,0,0,0,0,20260402,20261212
016524,0,0,0,0,0,0,0,20260402,20261212
016525,0,0,0,0,0,0,0,20260402,20261212
016526,0,0,0,0,0,0,0,20260402,20261212
016527,0,0,0,0,0,0,0,20260402,20261212
016528,0,0,0,0,0,0,0,20260402,20261212
016529,0,0,0,0,0,0,0,20260402,20261212
016530,0,0,0,0,0,0,0,20260402,20261212
016531,0,0,0,0,0,0,0,20260402,20261212
016532,0,0,0,0,0,0,0,20260402,20261212
016533,0,0,0,0,0,0,0,20260402,20261212
016534,0,0,0,0,0,0,0,20260402,20261212
016535,0,0,0,0,0,0,0,20260402,20261212
016536,0,0,0,0,0,0,0,20260402,20261212
016537,0,0,0,0,0,0,0,20260402,20261212
016538,0,0,0,0,0,0,0,20260402,20261212
016539,0,0,0,0,0,0,0,20260402,20261212
016540,0,0,0,0,0,0,0,20260402,20261212
016541,0,0,0,0,0,0,0,20260402,20261212
016542,0,0,0,0,0,0,0,20260402,20261212
016543,0,0,0,0,0,0,0,20260402,20261212
016544,0,0,0,0,0,0,0,20260402,20261212
016545,0,0,0,0,0,0,0,20260402,20261212
016546,0,0,0,0,0,0,0,20260402,20261212
016547,0,0,0,0,0,0,0,20260402,20261212
016548,0,0,0,0,0,0,0,20260402,20261212
016549,0,0,0,0,0,0,0,20260402,20261212
016550,0,0,0,0,0,0,0,20260402,20261212
016551,0,0,0,0,0,0,0,20260402,20261212
016552,0,0,0,0,0,0,0,20260402,20261212
016553,0,0,0,0,0,0,0,20260402,20261212
016554,0,0,0,0,0,0,0,20260402,20261212
016555,0,0,0,0,0,0,0,20260402,20261212
016556,0,0,0,0,0,0,0,20260402,20261212
016557,0,0,0,0,0,0,0,20260402,20261212
016558,0,0,0,0,0,0,0,20260402,20261212
016559,0,0,0,0,0,0,0,20260402,20261212
016560,0,0,0,0,0,0,0,20260402,20261212
016561,0,0,0,0,0,0,0,20260402,20261212
016562,0,0,0,0,0,0,0,20260402,20261212
016563,0,0,0,0,0,0,0,20260402,20261212
016564,0,0,0,0,0,0,0,20260402,20261212
016565,0,0,0,0,0,0,0,20260402,20261212
016566,0,0,0,0,0,0,0,20260402,20261212
016567,0,0,0,0,0,0,0,20260402,20261212
016568,0,0,0,0,0,0,0,20260402,20261212
016569,0,0,0,0,0,0,0,20260402,20261212
016570,0,0,0,0,0,0,0,20260402,20261212
016571,0,0,0,0,0,0,0,20260402,20261212
016572,0,0,0,0,0,0,0,20260402,20261212
016573,0,0,0,0,0,0,0,20260402,20261212
016574,0,0,0,0,0,0,0,20260402,20261212
016575,0,0,0,0,0,0,0,20260402,20261212
016576,0,0,0,0,0,0,0,20260402,20261212
016577,0,0,0,0,0,0,0,20260402,20261212
016578,0,0,0,0,0,0,0,20260402,20261212
016579,0,0,0,0,0,0,0,20260402,20261212
016580,0,0,0,0,0,0,0,20260402,20261212
016581,0,0,0,0,0,0,0,20260402,20261212
016582,0,0,0,0,0,0,0,20260402,20261212
016583,0,0,0,0,0,0,0,20260402,20261212
016584,0,0,0,0,0,0,0,20260402,20261212
016585,0,0,0,0,0,0,0,20260402,20261212
016586,0,0,0,0,0,0,0,20260402,20261212
016587,0,0,0,0,0,0,0,20260402,20261212
016588,0,0,0,0,0,0,0,20260402,20261212
016589,0,0,0,0,0,0,0,20260402,20261212
016590,0,0,0,0,0,0,0,20260402,20261212
016591,0,0,0,0,0,0,0,20260402,20261212
016592,0,0,0,0,0,0,0,20260402,20261212
016593,0,0,0,0,0,0,0,20260402,20261212
016594,0,0,0,0,0,0,0,20260402,20261212
016595,0,0,0,0,0,0,0,20260402,20261212
016596,0,0,0,0,0,0,0,20260402,20261212
016597,0,0,0,0,0,0,0,20260402,20261212
016598,0,0,0,0,0,0,0,20260402,20261212
016599,0,0,0,0,0,0,0,20260402,20261212
016600,0,0,0,0,0,0,0,20260402,20261212
016601,0,0,0,0,0,0,0,20260402,20261212
016602,0,0,0,0,0,0,0,20260402,20261212
016603,0,0,0,0,0,0,0,20260402,20261212
016604,0,0,0,0,0,0,0,20260402,20261212
016605,0,0,0,0,0,0,0,20260402,20261212
016606,0,0,0,0,0,0,0,20260402,20261212
016607,0,0,0,0,0,0,0,20260402,20261212
016608,0,0,0,0,0,0,0,20260402,20261212
016609,0,0,0,0,0,0,0,20260402,20261212
016610,0,0,0,0,0,0,0,20260402,20261212
016611,0,0,0,0,0,0,0,20260402,20261212
016612,0,0,0,0,0,0,0,20260402,20261212
016613,0,0,0,0,0,0,0,20260402,20261212
016614,0,0,0,0,0,0,0,20260402,20261212
016615,0,0,0,0,0,0,0,20260402,20261212
016616,0,0,0,0,0,0,0,20260402,20261212
016617,0,0,0,0,0,0,0,20260402,20261212
016618,0,0,0,0,0,0,0,20260402,20261212
016619,0,0,0,0,0,0,0,20260402,20261212
016620,0,0,0,0,0,0,0,20260402,20261212
016621,0,0,0,0,0,0,0,20260402,20261212
016622,0,0,0,0,0,0,0,20260402,20261212
016623,0,0,0,0,0,0,0,20260402,20261212
016624,0,0,0,0,0,0,0,20260402,20261212
016625,0,0,0,0,0,0,0,20260402,20261212
016626,0,0,0,0,0,0,0,20260402,20261212
016627,0,0,0,0,0,0,0,20260402,20261212
016628,0,0,0,0,0,0,0,20260402,20261212
016629,0,0,0,0,0,0,0,20260402,20261212
016630,0,0,0,0,0,0,0,20260402,20261212
016631,0,0,0,0,0,0,0,20260402,20261212
016632,0,0,0,0,0,0,0,20260402,20261212
016633,0,0,0,0,0,0,0,20260402,20261212
016634,0,0,0,0,0,0,0,20260402,20261212
016635,0,0,0,0,0,0,0,20260402,20261212
016636,0,0,0,0,0,0,0,20260402,20261212
016637,0,0,0,0,0,0,0,20260402,20261212
016638,0,0,0,0,0,0,0,20260402,20261212
016639,0,0,0,0,0,0,0,20260402,20261212
016640,0,0,0,0,0,0,0,20260402,20261212
016641,0,0,0,0,0,0,0,20260402,20261212
016642,0,0,0,0,0,0,0,20260402,20261212
016643,0,0,0,0,0,0,0,20260402,20261212
016644,0,0,0,0,0,0,0,20260402,20261212
016645,0,0,0,0,0,0,0,20260402,20261212
016646,0,0,0,0,0,0,0,20260402,20261212
016647,0,0,0,0,0,0,0,20260402,20261212
016648,0,0,0,0,0,0,0,20260402,20261212
016649,0,0,0,0,0,0,0,20260402,20261212
016650,0,0,0,0,0,0,0,20260402,20261212
016651,0,0,0,0,0,0,0,20260402,20261212
016652,0,0,0,0,0,0,0,20260402,20261212
016653,0,0,0,0,0,0,0,20260402,20261212
016654,0,0,0,0,0,0,0,20260402,20261212
016655,0,0,0,0,0,0,0,20260402,20261212
016656,0,0,0,0,0,0,0,20260402,20261212
016657,0,0,0,0,0,0,0,20260402,20261212
016658,0,0,0,0,0,0,0,20260402,20261212
016659,0,0,0,0,0,0,0,20260402,20261212
016660,0,0,0,0,0,0,0,20260402,20261212
016661,0,0,0,0,0,0,0,20260402,20261212
016662,0,0,0,0,0,0,0,20260402,20261212
016663,0,0,0,0,0,0,0,20260402,20261212
016664,0,0,0,0,0,0,0,20260402,20261212
016665,0,0,0,0,0,0,0,20260402,20261212
016666,0,0,0,0,0,0,0,20260402,20261212
016667,0,0,0,0,0,0,0,20260402,20261212
016668,0,0,0,0,0,0,0,20260402,20261212
016669,0,0,0,0,0,0,0,20260402,20261212
016670,0,0,0,0,0,0,0,20260402,20261212
016671,0,0,0,0,0,0,0,20260402,20261212
016672,0,0,0,0,0,0,0,20260402,20261212
016673,0,0,0,0,0,0,0,20260402,20261212
016674,0,0,0,0,0,0,0,20260402,20261212
016675,0,0,0,0,0,0,0,20260402,20261212
016676,0,0,0,0,0,0,0,20260402,20261212
016677,0,0,0,0,0,0,0,20260402,20261212
016678,0,0,0,0,0,0,0,20260402,20261212
016679,0,0,0,0,0,0,0,20260402,20261212
016680,0,0,0,0,0,0,0,20260402,20261212
016681,0,0,0,0,0,0,0,20260402,20261212
016682,0,0,0,0,0,0,0,20260402,20261212
016683,0,0,0,0,0,0,0,20260402,20261212
016684,0,0,0,0,0,0,0,20260402,20261212
016685,0,0,0,0,0,0,0,20260402,20261212
016686,0,0,0,0,0,0,0,20260402,20261212
016687,0,0,0,0,0,0,0,20260402,20261212
016688,0,0,0,0,0,0,0,20260402,20261212
016689,0,0,0,0,0,0,0,20260402,20261212
016690,0,0,0,0,0,0,0,20260402,20261212
016691,0,0,0,0,0,0,0,20260402,20261212
016692,0,0,0,0,0,0,0,20260402,20261212
016693,0,0,0,0,0,0,0,20260402,20261212
016694,0,0,0,0,0,0,0,20260402,20261212
016695,0,0,0,0,0,0,0,20260402,20261212
016696,0,0,0,0,0,0,0,20260402,20261212
016697,0,0,0,0,0,0,0,20260402,20261212
016698,0,0,0,0,0,0,0,20260402,20261212
016699,0,0,0,0,0,0,0,20260402,20261212
016700,0,0,0,0,0,0,0,20260402,20261212
016701,0,0,0,0,0,0,0,20260402,20261212
016702,0,0,0,0,0,0,0,20260402,20261212
016703,0,0,0,0,0,0,0,20260402,20261212
016704,0,0,0,0,0,0,0,20260402,20261212
016705,0,0,0,0,0,0,0,20260402,20261212
016706,0,0,0,0,0,0,0,20260402,20261212
016707,0,0,0,0,0,0,0,20260402,20261212
016708,0,0,0,0,0,0,0,20260402,20261212
016709,0,0,0,0,0,0,0,20260402,20261212
016710,0,0,0,0,0,0,0,20260402,20261212
016711,0,0,0,0,0,0,0,20260402,20261212
016712,0,0,0,0,0,0,0,20260402,20261212
016713,0,0,0,0,0,0,0,20260402,20261212
016714,0,0,0,0,0,0,0,20260402,20261212
016715,0,0,0,0,0,0,0,20260402,20261212
016716,0,0,0,0,0,0,0,20260402,20261212
016717,0,0,0,0,0,0,0,20260402,20261212
016718,0,0,0,0,0,0,0,20260402,20261212
016719,0,0,0,0,0,0,0,20260402,20261212
016720,0,0,0,0,0,0,0,20260402,20261212
016721,0,0,0,0,0,0,0,20260402,20261212
016722,0,0,0,0,0,0,0,20260402,20261212
016723,0,0,0,0,0,0,0,20260402,20261212
016724,0,0,0,0,0,0,0,20260402,20261212
016725,0,0,0,0,0,0,0,20260402,20261212
016726,0,0,0,0,0,0,0,20260402,20261212
016727,0,0,0,0,0,0,0,20260402,20261212
016728,0,0,0,0,0,0,0,20260402,20261212
016729,0,0,0,0,0,0,0,20260402,20261212
016730,0,0,0,0,0,0,0,20260402,20261212
016731,0,0,0,0,0,0,0,20260402,20261212
016732,0,0,0,0,0,0,0,20260402,20261212
016733,0,0,0,0,0,0,0,20260402,20261212
016734,0,0,0,0,0,0,0,20260402,20261212
016735,0,0,0,0,0,0,0,20260402,20261212
016736,0,0,0,0,0,0,0,20260402,20261212
016737,0,0,0,0,0,0,0,20260402,20261212
016738,0,0,0,0,0,0,0,20260402,20261212
016739,0,0,0,0,0,0,0,20260402,20261212
016740,0,0,0,0,0,0,0,20260402,20261212
016741,0,0,0,0,0,0,0,20260402,20261212
016742,0,0,0,0,0,0,0,20260402,20261212
016743,0,0,0,0,0,0,0,20260402,20261212
016744,0,0,0,0,0,0,0,20260402,20261212
016745,0,0,0,0,0,0,0,20260402,20261212
016746,0,0,0,0,0,0,0,20260402,20261212
016747,0,0,0,0,0,0,0,20260402,20261212
016748,0,0,0,0,0,0,0,20260402,20261212
016749,0,0,0,0,0,0,0,20260402,20261212
016750,0,0,0,0,0,0,0,20260402,20261212
016751,0,0,0,0,0,0,0,20260402,20261212
016752,0,0,0,0,0,0,0,20260402,20261212
016753,0,0,0,0,0,0,0,20260402,20261212
016754,0,0,0,0,0,0,0,20260402,20261212
016755,0,0,0,0,0,0,0,20260402,20261212
016756,0,0,0,0,0,0,0,20260402,20261212
016757,0,0,0,0,0,0,0,20260402,20261212
016758,0,0,0,0,0,0,0,20260402,20261212
016759,0,0,0,0,0,0,0,20260402,20261212
016760,0,0,0,0,0,0,0,20260402,20261212
016761,0,0,0,0,0,0,0,20260402,20261212
016762,0,0,0,0,0,0,0,20260402,20261212
016763,0,0,0,0,0,0,0,20260402,20261212
016764,0,0,0,0,0,0,0,20260402,20261212
016765,0,0,0,0,0,0,0,20260402,20261212
016766,0,0,0,0,0,0,0,20260402,20261212
016767,0,0,0,0,0,0,0,20260402,20261212
016768,0,0,0,0,0,0,0,20260402,20261212
016769,0,0,0,0,0,0,0,20260402,20261212
016770,0,0,0,0,0,0,0,20260402,20261212
016771,0,0,0,0,0,0,0,20260402,20261212
016772,0,0,0,0,0,0,0,20260402,20261212
016773,0,0,0,0,0,0,0,20260402,20261212
016774,0,0,0,0,0,0,0,20260402,20261212
016775,0,0,0,0,0,0,0,20260402,20261212
016776,0,0,0,0,0,0,0,20260402,20261212
016777,0,0,0,0,0,0,0,20260402,20261212
016778,0,0,0,0,0,0,0,20260402,20261212
016779,0,0,0,0,0,0,0,20260402,20261212
016780,0,0,0,0,0,0,0,20260402,20261212
016781,0,0,0,0,0,0,0,20260402,20261212
016782,0,0,0,0,0,0,0,20260402,20261212
016783,0,0,0,0,0,0,0,20260402,20261212
016784,0,0,0,0,0,0,0,20260402,20261212
016785,0,0,0,0,0,0,0,20260402,20261212
016786,0,0,0,0,0,0,0,20260402,20261212
016787,0,0,0,0,0,0,0,20260402,20261212
016788,0,0,0,0,0,0,0,20260402,20261212
016789,0,0,0,0,0,0,0,20260402,20261212
016790,0,0,0,0,0,0,0,20260402,20261212
016791,0,0,0,0,0,0,0,20260402,20261212
016792,0,0,0,0,0,0,0,20260402,20261212
016793,0,0,0,0,0,0,0,20260402,20261212
016794,0,0,0,0,0,0,0,20260402,20261212
016795,0,0,0,0,0,0,0,20260402,20261212
016796,0,0,0,0,0,0,0,20260402,20261212
016797,0,0,0,0,0,0,0,20260402,20261212
016798,0,0,0,0,0,0,0,20260402,20261212
016799,0,0,0,0,0,0,0,20260402,20261212
016800,0,0,0,0,0,0,0,20260402,20261212
016801,0,0,0,0,0,0,0,20260402,20261212
016802,0,0,0,0,0,0,0,20260402,20261212
016803,0,0,0,0,0,0,0,20260402,20261212
016804,0,0,0,0,0,0,0,20260402,20261212
016805,0,0,0,0,0,0,0,20260402,20261212
016806,0,0,0,0,0,0,0,20260402,20261212
016807,0,0,0,0,0,0,0,20260402,20261212
016808,0,0,0,0,0,0,0,20260402,20261212
016809,0,0,0,0,0,0,0,20260402,20261212
016810,0,0,0,0,0,0,0,20260402,20261212
016811,0,0,0,0,0,0,0,20260402,20261212
016812,0,0,0,0,0,0,0,20260402,20261212
016813,0,0,0,0,0,0,0,20260402,20261212
016814,0,0,0,0,0,0,0,20260402,20261212
016815,0,0,0,0,0,0,0,20260402,20261212
016816,0,0,0,0,0,0,0,20260402,20261212
016817,0,0,0,0,0,0,0,20260402,20261212
016818,0,0,0,0,0,0,0,20260402,20261212
016819,0,0,0,0,0,0,0,20260402,20261212
016820,0,0,0,0,0,0,0,20260402,20261212
016821,0,0,0,0,0,0,0,20260402,20261212
016822,0,0,0,0,0,0,0,20260402,20261212
016823,0,0,0,0,0,0,0,20260402,20261212
016824,0,0,0,0,0,0,0,20260402,20261212
016825,0,0,0,0,0,0,0,20260402,20261212
016826,0,0,0,0,0,0,0,20260402,20261212
016827,0,0,0,0,0,0,0,20260402,20261212
016828,0,0,0,0,0,0,0,20260402,20261212
016829,0,0,0,0,0,0,0,20260402,20261212
016830,0,0,0,0,0,0,0,20260402,20261212
016831,0,0,0,0,0,0,0,20260402,20261212
016832,0,0,0,0,0,0,0,20260402,20261212
016833,0,0,0,0,0,0,0,20260402,20261212
016834,0,0,0,0,0,0,0,20260402,20261212
016835,0,0,0,0,0,0,0,20260402,20261212
016836,0,0,0,0,0,0,0,20260402,20261212
016837,0,0,0,0,0,0,0,20260402,20261212
016838,0,0,0,0,0,0,0,20260402,20261212
016839,0,0,0,0,0,0,0,20260402,20261212
016840,0,0,0,0,0,0,0,20260402,20261212
016841,0,0,0,0,0,0,0,20260402,20261212
016842,0,0,0,0,0,0,0,20260402,20261212
016843,0,0,0,0,0,0,0,20260402,20261212
016844,0,0,0,0,0,0,0,20260402,20261212
016845,0,0,0,0,0,0,0,20260402,20261212
016846,0,0,0,0,0,0,0,20260402,20261212
016847,0,0,0,0,0,0,0,20260402,20261212
016848,0,0,0,0,0,0,0,20260402,20261212
016849,0,0,0,0,0,0,0,20260402,20261212
016850,0,0,0,0,0,0,0,20260402,20261212
016851,0,0,0,0,0,0,0,20260402,20261212
016852,0,0,0,0,0,0,0,20260402,20261212
016853,0,0,0,0,0,0,0,20260402,20261212
016854,0,0,0,0,0,0,0,20260402,20261212
016855,0,0,0,0,0,0,0,20260402,20261212
016856,0,0,0,0,0,0,0,20260402,20261212
016857,0,0,0,0,0,0,0,20260402,20261212
016858,0,0,0,0,0,0,0,20260402,20261212
016859,0,0,0,0,0,0,0,20260402,20261212
016860,0,0,0,0,0,0,0,20260402,20261212
016861,0,0,0,0,0,0,0,20260402,20261212
016862,0,0,0,0,0,0,0,20260402,20261212
016863,0,0,0,0,0,0,0,20260402,20261212
016864,0,0,0,0,0,0,0,20260402,20261212
016865,0,0,0,0,0,0,0,20260402,20261212
016866,0,0,0,0,0,0,0,20260402,20261212
016867,0,0,0,0,0,0,0,20260402,20261212
016868,0,0,0,0,0,0,0,20260402,20261212
016869,0,0,0,0,0,0,0,20260402,20261212
016870,0,0,0,0,0,0,0,20260402,20261212
016871,0,0,0,0,0,0,0,20260402,20261212
016872,0,0,0,0,0,0,0,20260402,20261212
016873,0,0,0,0,0,0,0,20260402,20261212
016874,0,0,0,0,0,0,0,20260402,20261212
016875,0,0,0,0,0,0,0,20260402,20261212
016876,0,0,0,0,0,0,0,20260402,20261212
016877,0,0,0,0,0,0,0,20260402,20261212
016878,0,0,0,0,0,0,0,20260402,20261212
016879,0,0,0,0,0,0,0,20260402,20261212
016880,0,0,0,0,0,0,0,20260402,20261212
016881,0,0,0,0,0,0,0,20260402,20261212
016882,0,0,0,0,0,0,0,20260402,20261212
016883,0,0,0,0,0,0,0,20260402,20261212
016884,0,0,0,0,0,0,0,20260402,20261212
016885,0,0,0,0,0,0,0,20260402,20261212
016886,0,0,0,0,0,0,0,20260402,20261212
016887,0,0,0,0,0,0,0,20260402,20261212
016888,0,0,0,0,0,0,0,20260402,20261212
016889,0,0,0,0,0,0,0,20260402,20261212
016890,0,0,0,0,0,0,0,20260402,20261212
016891,0,0,0,0,0,0,0,20260402,20261212
016892,0,0,0,0,0,0,0,20260402,20261212
016893,0,0,0,0,0,0,0,20260402,20261212
016894,0,0,0,0,0,0,0,20260402,20261212
016895,0,0,0,0,0,0,0,20260402,20261212
016896,0,0,0,0,0,0,0,20260402,20261212
016897,0,0,0,0,0,0,0,20260402,20261212
016898,0,0,0,0,0,0,0,20260402,20261212
016899,0,0,0,0,0,0,0,20260402,20261212
016900,0,0,0,0,0,0,0,20260402,20261212
016901,0,0,0,0,0,0,0,20260402,20261212
016902,0,0,0,0,0,0,0,20260402,20261212
016903,0,0,0,0,0,0,0,20260402,20261212
016904,0,0,0,0,0,0,0,20260402,20261212
016905,0,0,0,0,0,0,0,20260402,20261212
016906,0,0,0,0,0,0,0,20260402,20261212
016907,0,0,0,0,0,0,0,20260402,20261212
016908,0,0,0,0,0,0,0,20260402,20261212
016909,0,0,0,0,0,0,0,20260402,20261212
016910,0,0,0,0,0,0,0,20260402,20261212
016911,0,0,0,0,0,0,0,20260402,20261212
016912,0,0,0,0,0,0,0,20260402,20261212
016913,0,0,0,0,0,0,0,20260402,20261212
016914,0,0,0,0,0,0,0,20260402,20261212
016915,0,0,0,0,0,0,0,20260402,20261212
016916,0,0,0,0,0,0,0,20260402,20261212
016917,0,0,0,0,0,0,0,20260402,20261212
016918,0,0,0,0,0,0,0,20260402,20261212
016919,0,0,0,0,0,0,0,20260402,20261212
016920,0,0,0,0,0,0,0,20260402,20261212
016921,0,0,0,0,0,0,0,20260402,20261212
016922,0,0,0,0,0,0,0,20260402,20261212
016923,0,0,0,0,0,0,0,20260402,20261212
016924,0,0,0,0,0,0,0,20260402,20261212
016925,0,0,0,0,0,0,0,20260402,20261212
016926,0,0,0,0,0,0,0,20260402,20261212
016927,0,0,0,0,0,0,0,20260402,20261212
016928,0,0,0,0,0,0,0,20260402,20261212
016929,0,0,0,0,0,0,0,20260402,20261212
016930,0,0,0,0,0,0,0,20260402,20261212
016931,0,0,0,0,0,0,0,20260402,20261212
016932,0,0,0,0,0,0,0,20260402,20261212
016933,0,0,0,0,0,0,0,20260402,20261212
016934,0,0,0,0,0,0,0,20260402,20261212
016935,0,0,0,0,0,0,0,20260402,20261212
016936,0,0,0,0,0,0,0,20260402,20261212
016937,0,0,0,0,0,0,0,20260402,20261212
016938,0,0,0,0,0,0,0,20260402,20261212
016939,0,0,0,0,0,0,0,20260402,20261212
016940,0,0,0,0,0,0,0,20260402,20261212
016941,0,0,0,0,0,0,0,20260402,20261212
016942,0,0,0,0,0,0,0,20260402,20261212
016943,0,0,0,0,0,0,0,20260402,20261212
016944,0,0,0,0,0,0,0,20260402,20261212
016945,0,0,0,0,0,0,0,20260402,20261212
016946,0,0,0,0,0,0,0,20260402,20261212
016947,0,0,0,0,0,0,0,20260402,20261212
016948,0,0,0,0,0,0,0,20260402,20261212
016949,0,0,0,0,0,0,0,20260402,20261212
016950,0,0,0,0,0,0,0,20260402,20261212
016951,0,0,0,0,0,0,0,20260402,20261212
016952,0,0,0,0,0,0,0,20260402,20261212
016953,0,0,0,0,0,0,0,20260402,20261212
016954,0,0,0,0,0,0,0,20260402,20261212
016955,0,0,0,0,0,0,0,20260402,20261212
016956,0,0,0,0,0,0,0,20260402,20261212
016957,0,0,0,0,0,0,0,20260402,20261212
016958,0,0,0,0,0,0,0,20260402,20261212
016959,0,0,0,0,0,0,0,20260402,20261212
016960,0,0,0,0,0,0,0,20260402,20261212
016961,0,0,0,0,0,0,0,20260402,20261212
016962,0,0,0,0,0,0,0,20260402,20261212
016963,0,0,0,0,0,0,0,20260402,20261212
016964,0,0,0,0,0,0,0,20260402,20261212
016965,0,0,0,0,0,0,0,20260402,20261212
016966,0,0,0,0,0,0,0,20260402,20261212
016967,0,0,0,0,0,0,0,20260402,20261212
016968,0,0,0,0,0,0,0,20260402,20261212
016969,0,0,0,0,0,0,0,20260402,20261212
016970,0,0,0,0,0,0,0,20260402,20261212
016971,0,0,0,0,0,0,0,20260402,20261212
016972,0,0,0,0,0,0,0,20260402,20261212
016973,0,0,0,0,0,0,0,20260402,20261212
016974,0,0,0,0,0,0,0,20260402,20261212
016975,0,0,0,0,0,0,0,20260402,20261212
016976,0,0,0,0,0,0,0,20260402,20261212
016977,0,0,0,0,0,0,0,20260402,20261212
016978,0,0,0,0,0,0,0,20260402,20261212
016979,0,0,0,0,0,0,0,20260402,20261212
016980,0,0,0,0,0,0,0,20260402,20261212
016981,0,0,0,0,0,0,0,20260402,20261212
016982,0,0,0,0,0,0,0,20260402,20261212
016983,0,0,0,0,0,0,0,20260402,20261212
016984,0,0,0,0,0,0,0,20260402,20261212
016985,0,0,0,0,0,0,0,20260402,20261212
016986,0,0,0,0,0,0,0,20260402,20261212
016987,0,0,0,0,0,0,0,20260402,20261212
016988,0,0,0,0,0,0,0,20260402,20261212
016989,0,0,0,0,0,0,0,20260402,20261212
016990,0,0,0,0,0,0,0,20260402,20261212
016991,0,0,0,0,0,0,0,20260402,20261212
016992,0,0,0,0,0,0,0,20260402,20261212
016993,0,0,0,0,0,0,0,20260402,20261212
016994,0,0,0,0,0,0,0,20260402,20261212
016995,0,0,0,0,0,0,0,20260402,20261212
016996,0,0,0,0,0,0,0,20260402,20261212
016997,0,0,0,0,0,0,0,20260402,20261212
016998,0,0,0,0,0,0,0,20260402,20261212
016999,0,0,0,0,0,0,0,20260402,20261212
017000,0,0,0,0,0,0,0,20260402,20261212
017001,0,0,0,0,0,0,0,20260402,20261212
017002,0,0,0,0,0,0,0,20260402,20261212
017003,0,0,0,0,0,0,0,20260402,20261212
017004,0,0,0,0,0,0,0,20260402,20261212
017005,0,0,0,0,0,0,0,20260402,20261212
017006,0,0,0,0,0,0,0,20260402,20261212
017007,0,0,0,0,0,0,0,20260402,20261212
017008,0,0,0,0,0,0,0,20260402,20261212
017009,0,0,0,0,0,0,0,20260402,20261212
017010,0,0,0,0,0,0,0,20260402,20261212
017011,0,0,0,0,0,0,0,20260402,20261212
017012,0,0,0,0,0,0,0,20260402,20261212
017013,0,0,0,0,0,0,0,20260402,20261212
017014,0,0,0,0,0,0,0,20260402,20261212
017015,0,0,0,0,0,0,0,20260402,20261212
017016,0,0,0,0,0,0,0,20260402,20261212
017017,0,0,0,0,0,0,0,20260402,20261212
017018,0,0,0,0,0,0,0,20260402,20261212
017019,0,0,0,0,0,0,0,20260402,20261212
017020,0,0,0,0,0,0,0,20260402,20261212
017021,0,0,0,0,0,0,0,20260402,20261212
017022,0,0,0,0,0,0,0,20260402,20261212
017023,0,0,0,0,0,0,0,20260402,20261212
017024,0,0,0,0,0,0,0,20260402,20261212
017025,0,0,0,0,0,0,0,20260402,20261212
017026,0,0,0,0,0,0,0,20260402,20261212
017027,0,0,0,0,0,0,0,20260402,20261212
017028,0,0,0,0,0,0,0,20260402,20261212
017029,0,0,0,0,0,0,0,20260402,20261212
017030,0,0,0,0,0,0,0,20260402,20261212
017031,0,0,0,0,0,0,0,20260402,20261212
017032,0,0,0,0,0,0,0,20260402,20261212
017033,0,0,0,0,0,0,0,20260402,20261212
017034,0,0,0,0,0,0,0,20260402,20261212
017035,0,0,0,0,0,0,0,20260402,20261212
017036,0,0,0,0,0,0,0,20260402,20261212
017037,0,0,0,0,0,0,0,20260402,20261212
017038,0,0,0,0,0,0,0,20260402,20261212
017039,0,0,0,0,0,0,0,20260402,20261212
017040,0,0,0,0,0,0,0,20260402,20261212
017041,0,0,0,0,0,0,0,20260402,20261212
017042,0,0,0,0,0,0,0,20260402,20261212
017043,0,0,0,0,0,0,0,20260402,20261212
017044,0,0,0,0,0,0,0,20260402,20261212
017045,0,0,0,0,0,0,0,20260402,20261212
017046,0,0,0,0,0,0,0,20260402,20261212
017047,0,0,0,0,0,0,0,20260402,20261212
017048,0,0,0,0,0,0,0,20260402,20261212
017049,0,0,0,0,0,0,0,20260402,20261212
017050,0,0,0,0,0,0,0,20260402,20261212
017051,0,0,0,0,0,0,0,20260402,20261212
017052,0,0,0,0,0,0,0,20260402,20261212
017053,0,0,0,0,0,0,0,20260402,20261212
017054,0,0,0,0,0,0,0,20260402,20261212
017055,0,0,0,0,0,0,0,20260402,20261212
017056,0,0,0,0,0,0,0,20260402,20261212
017057,0,0,0,0,0,0,0,20260402,20261212
017058,0,0,0,0,0,0,0,20260402,20261212
017059,0,0,0,0,0,0,0,20260402,20261212
017060,0,0,0,0,0,0,0,20260402,20261212
017061,0,0,0,0,0,0,0,20260402,20261212
017062,0,0,0,0,0,0,0,20260402,20261212
017063,0,0,0,0,0,0,0,20260402,20261212
017064,0,0,0,0,0,0,0,20260402,20261212
017065,0,0,0,0,0,0,0,20260402,20261212
017066,0,0,0,0,0,0,0,20260402,20261212
017067,0,0,0,0,0,0,0,20260402,20261212
017068,0,0,0,0,0,0,0,20260402,20261212
017069,0,0,0,0,0,0,0,20260402,20261212
017070,0,0,0,0,0,0,0,20260402,20261212
017071,0,0,0,0,0,0,0,20260402,20261212
017072,0,0,0,0,0,0,0,20260402,20261212
017073,0,0,0,0,0,0,0,20260402,20261212
017074,0,0,0,0,0,0,0,20260402,20261212
017075,0,0,0,0,0,0,0,20260402,20261212
017076,0,0,0,0,0,0,0,20260402,20261212
017077,0,0,0,0,0,0,0,20260402,20261212
017078,0,0,0,0,0,0,0,20260402,20261212
017079,0,0,0,0,0,0,0,20260402,20261212
017080,0,0,0,0,0,0,0,20260402,20261212
017081,0,0,0,0,0,0,0,20260402,20261212
017082,0,0,0,0,0,0,0,20260402,20261212
017083,0,0,0,0,0,0,0,20260402,20261212
017084,0,0,0,0,0,0,0,20260402,20261212
017085,0,0,0,0,0,0,0,20260402,20261212
017086,0,0,0,0,0,0,0,20260402,20261212
017087,0,0,0,0,0,0,0,20260402,20261212
017088,0,0,0,0,0,0,0,20260402,20261212
017089,0,0,0,0,0,0,0,20260402,20261212
017090,0,0,0,0,0,0,0,20260402,20261212
017091,0,0,0,0,0,0,0,20260402,20261212
017092,0,0,0,0,0,0,0,20260402,20261212
017093,0,0,0,0,0,0,0,20260402,20261212
017094,0,0,0,0,0,0,0,20260402,20261212
017095,0,0,0,0,0,0,0,20260402,20261212
017096,0,0,0,0,0,0,0,20260402,20261212
017097,0,0,0,0,0,0,0,20260402,20261212
017098,0,0,0,0,0,0,0,20260402,20261212
017099,0,0,0,0,0,0,0,20260402,20261212
017100,0,0,0,0,0,0,0,20260402,20261212
017101,0,0,0,0,0,0,0,20260402,20261212
017102,0,0,0,0,0,0,0,20260402,20261212
017103,0,0,0,0,0,0,0,20260402,20261212
017104,0,0,0,0,0,0,0,20260402,20261212
017105,0,0,0,0,0,0,0,20260402,20261212
017106,0,0,0,0,0,0,0,20260402,20261212
017107,0,0,0,0,0,0,0,20260402,20261212
017108,0,0,0,0,0,0,0,20260402,20261212
017109,0,0,0,0,0,0,0,20260402,20261212
017110,0,0,0,0,0,0,0,20260402,20261212
017111,0,0,0,0,0,0,0,20260402,20261212
017112,0,0,0,0,0,0,0,20260402,20261212
017113,0,0,0,0,0,0,0,20260402,20261212
017114,0,0,0,0,0,0,0,20260402,20261212
017115,0,0,0,0,0,0,0,20260402,20261212
017116,0,0,0,0,0,0,0,20260402,20261212
017117,0,0,0,0,0,0,0,20260402,20261212
017118,0,0,0,0,0,0,0,20260402,20261212
017119,0,0,0,0,0,0,0,20260402,20261212
017120,0,0,0,0,0,0,0,20260402,20261212
017121,0,0,0,0,0,0,0,20260402,20261212
017122,0,0,0,0,0,0,0,20260402,20261212
017123,0,0,0,0,0,0,0,20260402,20261212
017124,0,0,0,0,0,0,0,20260402,20261212
017125,0,0,0,0,0,0,0,20260402,20261212
017126,0,0,0,0,0,0,0,20260402,20261212
017127,0,0,0,0,0,0,0,20260402,20261212
017128,0,0,0,0,0,0,0,20260402,20261212
017129,0,0,0,0,0,0,0,20260402,20261212
017130,0,0,0,0,0,0,0,20260402,20261212
017131,0,0,0,0,0,0,0,20260402,20261212
017132,0,0,0,0,0,0,0,20260402,20261212
017133,0,0,0,0,0,0,0,20260402,20261212
017134,0,0,0,0,0,0,0,20260402,20261212
017135,0,0,0,0,0,0,0,20260402,20261212
017136,0,0,0,0,0,0,0,20260402,20261212
017137,0,0,0,0,0,0,0,20260402,20261212
017138,0,0,0,0,0,0,0,20260402,20261212
017139,0,0,0,0,0,0,0,20260402,20261212
017140,0,0,0,0,0,0,0,20260402,20261212
017141,0,0,0,0,0,0,0,20260402,20261212
017142,0,0,0,0,0,0,0,20260402,20261212
017143,0,0,0,0,0,0,0,20260402,20261212
017144,0,0,0,0,0,0,0,20260402,20261212
017145,0,0,0,0,0,0,0,20260402,20261212
017146,0,0,0,0,0,0,0,20260402,20261212
017147,0,0,0,0,0,0,0,20260402,20261212
017148,0,0,0,0,0,0,0,20260402,20261212
017149,0,0,0,0,0,0,0,20260402,20261212
017150,0,0,0,0,0,0,0,20260402,20261212
017151,0,0,0,0,0,0,0,20260402,20261212
017152,0,0,0,0,0,0,0,20260402,20261212
017153,0,0,0,0,0,0,0,20260402,20261212
017154,0,0,0,0,0,0,0,20260402,20261212
017155,0,0,0,0,0,0,0,20260402,20261212
017156,0,0,0,0,0,0,0,20260402,20261212
017157,0,0,0,0,0,0,0,20260402,20261212
017158,0,0,0,0,0,0,0,20260402,20261212
017159,0,0,0,0,0,0,0,20260402,20261212
017160,0,0,0,0,0,0,0,20260402,20261212
017161,0,0,0,0,0,0,0,20260402,20261212
017162,0,0,0,0,0,0,0,20260402,20261212
017163,0,0,0,0,0,0,0,20260402,20261212
017164,0,0,0,0,0,0,0,20260402,20261212
017165,0,0,0,0,0,0,0,20260402,20261212
017166,0,0,0,0,0,0,0,20260402,20261212
017167,0,0,0,0,0,0,0,20260402,20261212
017168,0,0,0,0,0,0,0,20260402,20261212
017169,0,0,0,0,0,0,0,20260402,20261212
017170,0,0,0,0,0,0,0,20260402,20261212
017171,0,0,0,0,0,0,0,20260402,20261212
017172,0,0,0,0,0,0,0,20260402,20261212
017173,0,0,0,0,0,0,0,20260402,20261212
017174,0,0,0,0,0,0,0,20260402,20261212
017175,0,0,0,0,0,0,0,20260402,20261212
017176,0,0,0,0,0,0,0,20260402,20261212
017177,0,0,0,0,0,0,0,20260402,20261212
017178,0,0,0,0,0,0,0,20260402,20261212
017179,0,0,0,0,0,0,0,20260402,20261212
017180,0,0,0,0,0,0,0,20260402,20261212
017181,0,0,0,0,0,0,0,20260402,20261212
017182,0,0,0,0,0,0,0,20260402,20261212
017183,0,0,0,0,0,0,0,20260402,20261212
017184,0,0,0,0,0,0,0,20260402,20261212
017185,0,0,0,0,0,0,0,20260402,20261212
017186,0,0,0,0,0,0,0,20260402,20261212
017187,0,0,0,0,0,0,0,20260402,20261212
017188,0,0,0,0,0,0,0,20260402,20261212
017189,0,0,0,0,0,0,0,20260402,20261212
017190,0,0,0,0,0,0,0,20260402,20261212
017191,0,0,0,0,0,0,0,20260402,20261212
017192,0,0,0,0,0,0,0,20260402,20261212
017193,0,0,0,0,0,0,0,20260402,20261212
017194,0,0,0,0,0,0,0,20260402,20261212
017195,0,0,0,0,0,0,0,20260402,20261212
017196,0,0,0,0,0,0,0,20260402,20261212
017197,0,0,0,0,0,0,0,20260402,20261212
017198,0,0,0,0,0,0,0,20260402,20261212
017199,0,0,0,0,0,0,0,20260402,20261212
017200,0,0,0,0,0,0,0,20260402,20261212
017201,0,0,0,0,0,0,0,20260402,20261212
017202,0,0,0,0,0,0,0,20260402,20261212
017203,0,0,0,0,0,0,0,20260402,20261212
017204,0,0,0,0,0,0,0,20260402,20261212
017205,0,0,0,0,0,0,0,20260402,20261212
017206,0,0,0,0,0,0,0,20260402,20261212
017207,0,0,0,0,0,0,0,20260402,20261212
017208,0,0,0,0,0,0,0,20260402,20261212
017209,0,0,0,0,0,0,0,20260402,20261212
017210,0,0,0,0,0,0,0,20260402,20261212
017211,0,0,0,0,0,0,0,20260402,20261212
017212,0,0,0,0,0,0,0,20260402,20261212
017213,0,0,0,0,0,0,0,20260402,20261212
017214,0,0,0,0,0,0,0,20260402,20261212
017215,0,0,0,0,0,0,0,20260402,20261212
017216,0,0,0,0,0,0,0,20260402,20261212
017217,0,0,0,0,0,0,0,20260402,20261212
017218,0,0,0,0,0,0,0,20260402,20261212
017219,0,0,0,0,0,0,0,20260402,20261212
017220,0,0,0,0,0,0,0,20260402,20261212
017221,0,0,0,0,0,0,0,20260402,20261212
017222,0,0,0,0,0,0,0,20260402,20261212
017223,0,0,0,0,0,0,0,20260402,20261212
017224,0,0,0,0,0,0,0,20260402,20261212
017225,0,0,0,0,0,0,0,20260402,20261212
017226,0,0,0,0,0,0,0,20260402,20261212
017227,0,0,0,0,0,0,0,20260402,20261212
017228,0,0,0,0,0,0,0,20260402,20261212
017229,0,0,0,0,0,0,0,20260402,20261212
017230,0,0,0,0,0,0,0,20260402,20261212
017231,0,0,0,0,0,0,0,20260402,20261212
017232,0,0,0,0,0,0,0,20260402,20261212
017233,0,0,0,0,0,0,0,20260402,20261212
017234,0,0,0,0,0,0,0,20260402,20261212
017235,0,0,0,0,0,0,0,20260402,20261212
017236,0,0,0,0,0,0,0,20260402,20261212
017237,0,0,0,0,0,0,0,20260402,20261212
017238,0,0,0,0,0,0,0,20260402,20261212
017239,0,0,0,0,0,0,0,20260402,20261212
017240,0,0,0,0,0,0,0,20260402,20261212
017241,0,0,0,0,0,0,0,20260402,20261212
017242,0,0,0,0,0,0,0,20260402,20261212
017243,0,0,0,0,0,0,0,20260402,20261212
017244,0,0,0,0,0,0,0,20260402,20261212
017245,0,0,0,0,0,0,0,20260402,20261212
017246,0,0,0,0,0,0,0,20260402,20261212
017247,0,0,0,0,0,0,0,20260402,20261212
017248,0,0,0,0,0,0,0,20260402,20261212
017249,0,0,0,0,0,0,0,20260402,20261212
017250,0,0,0,0,0,0,0,20260402,20261212
017251,0,0,0,0,0,0,0,20260402,20261212
017252,0,0,0,0,0,0,0,20260402,20261212
017253,0,0,0,0,0,0,0,20260402,20261212
017254,0,0,0,0,0,0,0,20260402,20261212
017255,0,0,0,0,0,0,0,20260402,20261212
017256,0,0,0,0,0,0,0,20260402,20261212
017257,0,0,0,0,0,0,0,20260402,20261212
017258,0,0,0,0,0,0,0,20260402,20261212
017259,0,0,0,0,0,0,0,20260402,20261212
017260,0,0,0,0,0,0,0,20260402,20261212
017261,0,0,0,0,0,0,0,20260402,20261212
017262,0,0,0,0,0,0,0,20260402,20261212
017263,0,0,0,0,0,0,0,20260402,20261212
017264,0,0,0,0,0,0,0,20260402,20261212
017265,0,0,0,0,0,0,0,20260402,20261212
017266,0,0,0,0,0,0,0,20260402,20261212
017267,0,0,0,0,0,0,0,20260402,20261212
017268,0,0,0,0,0,0,0,20260402,20261212
017269,0,0,0,0,0,0,0,20260402,20261212
017270,0,0,0,0,0,0,0,20260402,20261212
017271,0,0,0,0,0,0,0,20260402,20261212
017272,0,0,0,0,0,0,0,20260402,20261212
017273,0,0,0,0,0,0,0,20260402,20261212
017274,0,0,0,0,0,0,0,20260402,20261212
017275,0,0,0,0,0,0,0,20260402,20261212
017276,0,0,0,0,0,0,0,20260402,20261212
017277,0,0,0,0,0,0,0,20260402,20261212
017278,0,0,0,0,0,0,0,20260402,20261212
017279,0,0,0,0,0,0,0,20260402,20261212
017280,0,0,0,0,0,0,0,20260402,20261212
017281,0,0,0,0,0,0,0,20260402,20261212
017282,0,0,0,0,0,0,0,20260402,20261212
017283,0,0,0,0,0,0,0,20260402,20261212
017284,0,0,0,0,0,0,0,20260402,20261212
017285,0,0,0,0,0,0,0,20260402,20261212
017286,0,0,0,0,0,0,0,20260402,20261212
017287,0,0,0,0,0,0,0,20260402,20261212
017288,0,0,0,0,0,0,0,20260402,20261212
017289,0,0,0,0,0,0,0,20260402,20261212
017290,0,0,0,0,0,0,0,20260402,20261212
017291,0,0,0,0,0,0,0,20260402,20261212
017292,0,0,0,0,0,0,0,20260402,20261212
017293,0,0,0,0,0,0,0,20260402,20261212
017294,0,0,0,0,0,0,0,20260402,20261212
017295,0,0,0,0,0,0,0,20260402,20261212
017296,0,0,0,0,0,0,0,20260402,20261212
017297,0,0,0,0,0,0,0,20260402,20261212
017298,0,0,0,0,0,0,0,20260402,20261212
017299,0,0,0,0,0,0,0,20260402,20261212
017300,0,0,0,0,0,0,0,20260402,20261212
017301,0,0,0,0,0,0,0,20260402,20261212
017302,0,0,0,0,0,0,0,20260402,20261212
017303,0,0,0,0,0,0,0,20260402,20261212
017304,0,0,0,0,0,0,0,20260402,20261212
017305,0,0,0,0,0,0,0,20260402,20261212
017306,0,0,0,0,0,0,0,20260402,20261212
017307,0,0,0,0,0,0,0,20260402,20261212
017308,0,0,0,0,0,0,0,20260402,20261212
017309,0,0,0,0,0,0,0,20260402,20261212
017310,0,0,0,0,0,0,0,20260402,20261212
017311,0,0,0,0,0,0,0,20260402,20261212
017312,0,0,0,0,0,0,0,20260402,20261212
017313,0,0,0,0,0,0,0,20260402,20261212
017314,0,0,0,0,0,0,0,20260402,20261212
017315,0,0,0,0,0,0,0,20260402,20261212
017316,0,0,0,0,0,0,0,20260402,20261212
017317,0,0,0,0,0,0,0,20260402,20261212
017318,0,0,0,0,0,0,0,20260402,20261212
017319,0,0,0,0,0,0,0,20260402,20261212
017320,0,0,0,0,0,0,0,20260402,20261212
017321,0,0,0,0,0,0,0,20260402,20261212
017322,0,0,0,0,0,0,0,20260402,20261212
017323,0,0,0,0,0,0,0,20260402,20261212
017324,0,0,0,0,0,0,0,20260402,20261212
017325,0,0,0,0,0,0,0,20260402,20261212
017326,0,0,0,0,0,0,0,20260402,20261212
017327,0,0,0,0,0,0,0,20260402,20261212
017328,0,0,0,0,0,0,0,20260402,20261212
017329,0,0,0,0,0,0,0,20260402,20261212
017330,0,0,0,0,0,0,0,20260402,20261212
017331,0,0,0,0,0,0,0,20260402,20261212
017332,0,0,0,0,0,0,0,20260402,20261212
017333,0,0,0,0,0,0,0,20260402,20261212
017334,0,0,0,0,0,0,0,20260402,20261212
017335,0,0,0,0,0,0,0,20260402,20261212
017336,0,0,0,0,0,0,0,20260402,20261212
017337,0,0,0,0,0,0,0,20260402,20261212
017338,0,0,0,0,0,0,0,20260402,20261212
017339,0,0,0,0,0,0,0,20260402,20261212
017340,0,0,0,0,0,0,0,20260402,20261212
017341,0,0,0,0,0,0,0,20260402,20261212
017342,0,0,0,0,0,0,0,20260402,20261212
017343,0,0,0,0,0,0,0,20260402,20261212
017344,0,0,0,0,0,0,0,20260402,20261212
017345,0,0,0,0,0,0,0,20260402,20261212
017346,0,0,0,0,0,0,0,20260402,20261212
017347,0,0,0,0,0,0,0,20260402,20261212
017348,0,0,0,0,0,0,0,20260402,20261212
017349,0,0,0,0,0,0,0,20260402,20261212
017350,0,0,0,0,0,0,0,20260402,20261212
017351,0,0,0,0,0,0,0,20260402,20261212
017352,0,0,0,0,0,0,0,20260402,20261212
017353,0,0,0,0,0,0,0,20260402,20261212
017354,0,0,0,0,0,0,0,20260402,20261212
017355,0,0,0,0,0,0,0,20260402,20261212
017356,0,0,0,0,0,0,0,20260402,20261212
017357,0,0,0,0,0,0,0,20260402,20261212
017358,0,0,0,0,0,0,0,20260402,20261212
017359,0,0,0,0,0,0,0,20260402,20261212
017360,0,0,0,0,0,0,0,20260402,20261212
017361,0,0,0,0,0,0,0,20260402,20261212
017362,0,0,0,0,0,0,0,20260402,20261212
017363,0,0,0,0,0,0,0,20260402,20261212
017364,0,0,0,0,0,0,0,20260402,20261212
017365,0,0,0,0,0,0,0,20260402,20261212
017366,0,0,0,0,0,0,0,20260402,20261212
017367,0,0,0,0,0,0,0,20260402,20261212
017368,0,0,0,0,0,0,0,20260402,20261212
017369,0,0,0,0,0,0,0,20260402,20261212
017370,0,0,0,0,0,0,0,20260402,20261212
017371,0,0,0,0,0,0,0,20260402,20261212
017372,0,0,0,0,0,0,0,20260402,20261212
017373,0,0,0,0,0,0,0,20260402,20261212
017374,0,0,0,0,0,0,0,20260402,20261212
017375,0,0,0,0,0,0,0,20260402,20261212
017376,0,0,0,0,0,0,0,20260402,20261212
017377,0,0,0,0,0,0,0,20260402,20261212
017378,0,0,0,0,0,0,0,20260402,20261212
017379,0,0,0,0,0,0,0,20260402,20261212
017380,0,0,0,0,0,0,0,20260402,20261212
017381,0,0,0,0,0,0,0,20260402,20261212
017382,0,0,0,0,0,0,0,20260402,20261212
017383,0,0,0,0,0,0,0,20260402,20261212
017384,0,0,0,0,0,0,0,20260402,20261212
017385,0,0,0,0,0,0,0,20260402,20261212
017386,0,0,0,0,0,0,0,20260402,20261212
017387,0,0,0,0,0,0,0,20260402,20261212
017388,0,0,0,0,0,0,0,20260402,20261212
017389,0,0,0,0,0,0,0,20260402,20261212
017390,0,0,0,0,0,0,0,20260402,20261212
017391,0,0,0,0,0,0,0,20260402,20261212
017392,0,0,0,0,0,0,0,20260402,20261212
017393,0,0,0,0,0,0,0,20260402,20261212
017394,0,0,0,0,0,0,0,20260402,20261212
017395,0,0,0,0,0,0,0,20260402,20261212
017396,0,0,0,0,0,0,0,20260402,20261212
017397,0,0,0,0,0,0,0,20260402,20261212
017398,0,0,0,0,0,0,0,20260402,20261212
017399,0,0,0,0,0,0,0,20260402,20261212
017400,0,0,0,0,0,0,0,20260402,20261212
017401,0,0,0,0,0,0,0,20260402,20261212
017402,0,0,0,0,0,0,0,20260402,20261212
017403,0,0,0,0,0,0,0,20260402,20261212
017404,0,0,0,0,0,0,0,20260402,20261212
017405,0,0,0,0,0,0,0,20260402,20261212
017406,0,0,0,0,0,0,0,20260402,20261212
017407,0,0,0,0,0,0,0,20260402,20261212
017408,0,0,0,0,0,0,0,20260402,20261212
017409,0,0,0,0,0,0,0,20260402,20261212
017410,0,0,0,0,0,0,0,20260402,20261212
017411,0,0,0,0,0,0,0,20260402,20261212
017412,0,0,0,0,0,0,0,20260402,20261212
017413,0,0,0,0,0,0,0,20260402,20261212
017414,0,0,0,0,0,0,0,20260402,20261212
017415,0,0,0,0,0,0,0,20260402,20261212
017416,0,0,0,0,0,0,0,20260402,20261212
017417,0,0,0,0,0,0,0,20260402,20261212
017418,0,0,0,0,0,0,0,20260402,20261212
017419,0,0,0,0,0,0,0,20260402,20261212
017420,0,0,0,0,0,0,0,20260402,20261212
017421,0,0,0,0,0,0,0,20260402,20261212
017422,0,0,0,0,0,0,0,20260402,20261212
017423,0,0,0,0,0,0,0,20260402,20261212
017424,0,0,0,0,0,0,0,20260402,20261212
017425,0,0,0,0,0,0,0,20260402,20261212
017426,0,0,0,0,0,0,0,20260402,20261212
017427,0,0,0,0,0,0,0,20260402,20261212
017428,0,0,0,0,0,0,0,20260402,20261212
017429,0,0,0,0,0,0,0,20260402,20261212
017430,0,0,0,0,0,0,0,20260402,20261212
017431,0,0,0,0,0,0,0,20260402,20261212
017432,0,0,0,0,0,0,0,20260402,20261212
017433,0,0,0,0,0,0,0,20260402,20261212
017434,0,0,0,0,0,0,0,20260402,20261212
017435,0,0,0,0,0,0,0,20260402,20261212
017436,0,0,0,0,0,0,0,20260402,20261212
017437,0,0,0,0,0,0,0,20260402,20261212
017438,0,0,0,0,0,0,0,20260402,20261212
017439,0,0,0,0,0,0,0,20260402,20261212
017440,0,0,0,0,0,0,0,20260402,20261212
017441,0,0,0,0,0,0,0,20260402,20261212
017442,0,0,0,0,0,0,0,20260402,20261212
017443,0,0,0,0,0,0,0,20260402,20261212
017444,0,0,0,0,0,0,0,20260402,20261212
017445,0,0,0,0,0,0,0,20260402,20261212
017446,0,0,0,0,0,0,0,20260402,20261212
017447,0,0,0,0,0,0,0,20260402,20261212
017448,0,0,0,0,0,0,0,20260402,20261212
017449,0,0,0,0,0,0,0,20260402,20261212
017450,0,0,0,0,0,0,0,20260402,20261212
017451,0,0,0,0,0,0,0,20260402,20261212
017452,0,0,0,0,0,0,0,20260402,20261212
017453,0,0,0,0,0,0,0,20260402,20261212
017454,0,0,0,0,0,0,0,20260402,20261212
017455,0,0,0,0,0,0,0,20260402,20261212
017456,0,0,0,0,0,0,0,20260402,20261212
017457,0,0,0,0,0,0,0,20260402,20261212
017458,0,0,0,0,0,0,0,20260402,20261212
017459,0,0,0,0,0,0,0,20260402,20261212
017460,0,0,0,0,0,0,0,20260402,20261212
017461,0,0,0,0,0,0,0,20260402,20261212
017462,0,0,0,0,0,0,0,20260402,20261212
017463,0,0,0,0,0,0,0,20260402,20261212
017464,0,0,0,0,0,0,0,20260402,20261212
017465,0,0,0,0,0,0,0,20260402,20261212
017466,0,0,0,0,0,0,0,20260402,20261212
017467,0,0,0,0,0,0,0,20260402,20261212
017468,0,0,0,0,0,0,0,20260402,20261212
017469,0,0,0,0,0,0,0,20260402,20261212
017470,0,0,0,0,0,0,0,20260402,20261212
017471,0,0,0,0,0,0,0,20260402,20261212
017472,0,0,0,0,0,0,0,20260402,20261212
017473,0,0,0,0,0,0,0,20260402,20261212
017474,0,0,0,0,0,0,0,20260402,20261212
017475,0,0,0,0,0,0,0,20260402,20261212
017476,0,0,0,0,0,0,0,20260402,20261212
017477,0,0,0,0,0,0,0,20260402,20261212
017478,0,0,0,0,0,0,0,20260402,20261212
017479,0,0,0,0,0,0,0,20260402,20261212
017480,0,0,0,0,0,0,0,20260402,20261212
017481,0,0,0,0,0,0,0,20260402,20261212
017482,0,0,0,0,0,0,0,20260402,20261212
017483,0,0,0,0,0,0,0,20260402,20261212
017484,0,0,0,0,0,0,0,20260402,20261212
017485,0,0,0,0,0,0,0,20260402,20261212
017486,0,0,0,0,0,0,0,20260402,20261212
017487,0,0,0,0,0,0,0,20260402,20261212
017488,0,0,0,0,0,0,0,20260402,20261212
017489,0,0,0,0,0,0,0,20260402,20261212
017490,0,0,0,0,0,0,0,20260402,20261212
017491,0,0,0,0,0,0,0,20260402,20261212
017492,0,0,0,0,0,0,0,20260402,20261212
017493,0,0,0,0,0,0,0,20260402,20261212
017494,0,0,0,0,0,0,0,20260402,20261212
017495,0,0,0,0,0,0,0,20260402,20261212
017496,0,0,0,0,0,0,0,20260402,20261212
017497,0,0,0,0,0,0,0,20260402,20261212
017498,0,0,0,0,0,0,0,20260402,20261212
017499,0,0,0,0,0,0,0,20260402,20261212
017500,0,0,0,0,0,0,0,20260402,20261212
017501,0,0,0,0,0,0,0,20260402,20261212
017502,0,0,0,0,0,0,0,20260402,20261212
017503,0,0,0,0,0,0,0,20260402,20261212
017504,0,0,0,0,0,0,0,20260402,20261212
017505,0,0,0,0,0,0,0,20260402,20261212
017506,0,0,0,0,0,0,0,20260402,20261212
017507,0,0,0,0,0,0,0,20260402,20261212
017508,0,0,0,0,0,0,0,20260402,20261212
017509,0,0,0,0,0,0,0,20260402,20261212
017510,0,0,0,0,0,0,0,20260402,20261212
017511,0,0,0,0,0,0,0,20260402,20261212
017512,0,0,0,0,0,0,0,20260402,20261212
017513,0,0,0,0,0,0,0,20260402,20261212
017514,0,0,0,0,0,0,0,20260402,20261212
017515,0,0,0,0,0,0,0,20260402,20261212
017516,0,0,0,0,0,0,0,20260402,20261212
017517,0,0,0,0,0,0,0,20260402,20261212
017518,0,0,0,0,0,0,0,20260402,20261212
017519,0,0,0,0,0,0,0,20260402,20261212
017520,0,0,0,0,0,0,0,20260402,20261212
017521,0,0,0,0,0,0,0,20260402,20261212
017522,0,0,0,0,0,0,0,20260402,20261212
017523,0,0,0,0,0,0,0,20260402,20261212
017524,0,0,0,0,0,0,0,20260402,20261212
017525,0,0,0,0,0,0,0,20260402,20261212
017526,0,0,0,0,0,0,0,20260402,20261212
017527,0,0,0,0,0,0,0,20260402,20261212
017528,0,0,0,0,0,0,0,20260402,20261212
017529,0,0,0,0,0,0,0,20260402,20261212
017530,0,0,0,0,0,0,0,20260402,20261212
017531,0,0,0,0,0,0,0,20260402,20261212
017532,0,0,0,0,0,0,0,20260402,20261212
017533,0,0,0,0,0,0,0,20260402,20261212
017534,0,0,0,0,0,0,0,20260402,20261212
017535,0,0,0,0,0,0,0,20260402,20261212
017536,0,0,0,0,0,0,0,20260402,20261212
017537,0,0,0,0,0,0,0,20260402,20261212
017538,0,0,0,0,0,0,0,20260402,20261212
017539,0,0,0,0,0,0,0,20260402,20261212
017540,0,0,0,0,0,0,0,20260402,20261212
017541,0,0,0,0,0,0,0,20260402,20261212
017542,0,0,0,0,0,0,0,20260402,20261212
017543,0,0,0,0,0,0,0,20260402,20261212
017544,0,0,0,0,0,0,0,20260402,20261212
017545,0,0,0,0,0,0,0,20260402,20261212
017546,0,0,0,0,0,0,0,20260402,20261212
017547,0,0,0,0,0,0,0,20260402,20261212
017548,0,0,0,0,0,0,0,20260402,20261212
017549,0,0,0,0,0,0,0,20260402,20261212
017550,0,0,0,0,0,0,0,20260402,20261212
017551,0,0,0,0,0,0,0,20260402,20261212
017552,0,0,0,0,0,0,0,20260402,20261212
017553,0,0,0,0,0,0,0,20260402,20261212
017554,0,0,0,0,0,0,0,20260402,20261212
017555,0,0,0,0,0,0,0,20260402,20261212
017556,0,0,0,0,0,0,0,20260402,20261212
017557,0,0,0,0,0,0,0,20260402,20261212
017558,0,0,0,0,0,0,0,20260402,20261212
017559,0,0,0,0,0,0,0,20260402,20261212
017560,0,0,0,0,0,0,0,20260402,20261212
017561,0,0,0,0,0,0,0,20260402,20261212
017562,0,0,0,0,0,0,0,20260402,20261212
017563,0,0,0,0,0,0,0,20260402,20261212
017564,0,0,0,0,0,0,0,20260402,20261212
017565,0,0,0,0,0,0,0,20260402,20261212
017566,0,0,0,0,0,0,0,20260402,20261212
017567,0,0,0,0,0,0,0,20260402,20261212
017568,0,0,0,0,0,0,0,20260402,20261212
017569,0,0,0,0,0,0,0,20260402,20261212
017570,0,0,0,0,0,0,0,20260402,20261212
017571,0,0,0,0,0,0,0,20260402,20261212
017572,0,0,0,0,0,0,0,20260402,20261212
017573,0,0,0,0,0,0,0,20260402,20261212
017574,0,0,0,0,0,0,0,20260402,20261212
017575,0,0,0,0,0,0,0,20260402,20261212
017576,0,0,0,0,0,0,0,20260402,20261212
017577,0,0,0,0,0,0,0,20260402,20261212
017578,0,0,0,0,0,0,0,20260402,20261212
017579,0,0,0,0,0,0,0,20260402,20261212
017580,0,0,0,0,0,0,0,20260402,20261212
017581,0,0,0,0,0,0,0,20260402,20261212
017582,0,0,0,0,0,0,0,20260402,20261212
017583,0,0,0,0,0,0,0,20260402,20261212
017584,0,0,0,0,0,0,0,20260402,20261212
017585,0,0,0,0,0,0,0,20260402,20261212
017586,0,0,0,0,0,0,0,20260402,20261212
017587,0,0,0,0,0,0,0,20260402,20261212
017588,0,0,0,0,0,0,0,20260402,20261212
017589,0,0,0,0,0,0,0,20260402,20261212
017590,0,0,0,0,0,0,0,20260402,20261212
017591,0,0,0,0,0,0,0,20260402,20261212
017592,0,0,0,0,0,0,0,20260402,20261212
017593,0,0,0,0,0,0,0,20260402,20261212
017594,0,0,0,0,0,0,0,20260402,20261212
017595,0,0,0,0,0,0,0,20260402,20261212
017596,0,0,0,0,0,0,0,20260402,20261212
017597,0,0,0,0,0,0,0,20260402,20261212
017598,0,0,0,0,0,0,0,20260402,20261212
017599,0,0,0,0,0,0,0,20260402,20261212
017600,0,0,0,0,0,0,0,20260402,20261212
017601,0,0,0,0,0,0,0,20260402,20261212
017602,0,0,0,0,0,0,0,20260402,20261212
017603,0,0,0,0,0,0,0,20260402,20261212
017604,0,0,0,0,0,0,0,20260402,20261212
017605,0,0,0,0,0,0,0,20260402,20261212
017606,0,0,0,0,0,0,0,20260402,20261212
017607,0,0,0,0,0,0,0,20260402,20261212
017608,0,0,0,0,0,0,0,20260402,20261212
017609,0,0,0,0,0,0,0,20260402,20261212
017610,0,0,0,0,0,0,0,20260402,20261212
017611,0,0,0,0,0,0,0,20260402,20261212
017612,0,0,0,0,0,0,0,20260402,20261212
017613,0,0,0,0,0,0,0,20260402,20261212
017614,0,0,0,0,0,0,0,20260402,20261212
017615,0,0,0,0,0,0,0,20260402,20261212
017616,0,0,0,0,0,0,0,20260402,20261212
017617,0,0,0,0,0,0,0,20260402,20261212
017618,0,0,0,0,0,0,0,20260402,20261212
017619,0,0,0,0,0,0,0,20260402,20261212
017620,0,0,0,0,0,0,0,20260402,20261212
017621,0,0,0,0,0,0,0,20260402,20261212
017622,0,0,0,0,0,0,0,20260402,20261212
017623,0,0,0,0,0,0,0,20260402,20261212
017624,0,0,0,0,0,0,0,20260402,20261212
017625,0,0,0,0,0,0,0,20260402,20261212
017626,0,0,0,0,0,0,0,20260402,20261212
017627,0,0,0,0,0,0,0,20260402,20261212
017628,0,0,0,0,0,0,0,20260402,20261212
017629,0,0,0,0,0,0,0,20260402,20261212
017630,0,0,0,0,0,0,0,20260402,20261212
017631,0,0,0,0,0,0,0,20260402,20261212
017632,0,0,0,0,0,0,0,20260402,20261212
017633,0,0,0,0,0,0,0,20260402,20261212
017634,0,0,0,0,0,0,0,20260402,20261212
017635,0,0,0,0,0,0,0,20260402,20261212
017636,0,0,0,0,0,0,0,20260402,20261212
017637,0,0,0,0,0,0,0,20260402,20261212
017638,0,0,0,0,0,0,0,20260402,20261212
017639,0,0,0,0,0,0,0,20260402,20261212
017640,0,0,0,0,0,0,0,20260402,20261212
017641,0,0,0,0,0,0,0,20260402,20261212
017642,0,0,0,0,0,0,0,20260402,20261212
017643,0,0,0,0,0,0,0,20260402,20261212
017644,0,0,0,0,0,0,0,20260402,20261212
017645,0,0,0,0,0,0,0,20260402,20261212
017646,0,0,0,0,0,0,0,20260402,20261212
017647,0,0,0,0,0,0,0,20260402,20261212
017648,0,0,0,0,0,0,0,20260402,20261212
017649,0,0,0,0,0,0,0,20260402,20261212
017650,0,0,0,0,0,0,0,20260402,20261212
017651,0,0,0,0,0,0,0,20260402,20261212
017652,0,0,0,0,0,0,0,20260402,20261212
017653,0,0,0,0,0,0,0,20260402,20261212
017654,0,0,0,0,0,0,0,20260402,20261212
017655,0,0,0,0,0,0,0,20260402,20261212
017656,0,0,0,0,0,0,0,20260402,20261212
017657,0,0,0,0,0,0,0,20260402,20261212
017658,0,0,0,0,0,0,0,20260402,20261212
017659,0,0,0,0,0,0,0,20260402,20261212
017660,0,0,0,0,0,0,0,20260402,20261212
017661,0,0,0,0,0,0,0,20260402,20261212
017662,0,0,0,0,0,0,0,20260402,20261212
017663,0,0,0,0,0,0,0,20260402,20261212
017664,0,0,0,0,0,0,0,20260402,20261212
017665,0,0,0,0,0,0,0,20260402,20261212
017666,0,0,0,0,0,0,0,20260402,20261212
017667,0,0,0,0,0,0,0,20260402,20261212
017668,0,0,0,0,0,0,0,20260402,20261212
017669,0,0,0,0,0,0,0,20260402,20261212
017670,0,0,0,0,0,0,0,20260402,20261212
017671,0,0,0,0,0,0,0,20260402,20261212
017672,0,0,0,0,0,0,0,20260402,20261212
017673,0,0,0,0,0,0,0,20260402,20261212
017674,0,0,0,0,0,0,0,20260402,20261212
017675,0,0,0,0,0,0,0,20260402,20261212
017676,0,0,0,0,0,0,0,20260402,20261212
017677,0,0,0,0,0,0,0,20260402,20261212
017678,0,0,0,0,0,0,0,20260402,20261212
017679,0,0,0,0,0,0,0,20260402,20261212
017680,0,0,0,0,0,0,0,20260402,20261212
017681,0,0,0,0,0,0,0,20260402,20261212
017682,0,0,0,0,0,0,0,20260402,20261212
017683,0,0,0,0,0,0,0,20260402,20261212
017684,0,0,0,0,0,0,0,20260402,20261212
017685,0,0,0,0,0,0,0,20260402,20261212
017686,0,0,0,0,0,0,0,20260402,20261212
017687,0,0,0,0,0,0,0,20260402,20261212
017688,0,0,0,0,0,0,0,20260402,20261212
017689,0,0,0,0,0,0,0,20260402,20261212
017690,0,0,0,0,0,0,0,20260402,20261212
017691,0,0,0,0,0,0,0,20260402,20261212
017692,0,0,0,0,0,0,0,20260402,20261212
017693,0,0,0,0,0,0,0,20260402,20261212
017694,0,0,0,0,0,0,0,20260402,20261212
017695,0,0,0,0,0,0,0,20260402,20261212
017696,0,0,0,0,0,0,0,20260402,20261212
017697,0,0,0,0,0,0,0,20260402,20261212
017698,0,0,0,0,0,0,0,20260402,20261212
017699,0,0,0,0,0,0,0,20260402,20261212
017700,0,0,0,0,0,0,0,20260402,20261212
017701,0,0,0,0,0,0,0,20260402,20261212
017702,0,0,0,0,0,0,0,20260402,20261212
017703,0,0,0,0,0,0,0,20260402,20261212
017704,0,0,0,0,0,0,0,20260402,20261212
017705,0,0,0,0,0,0,0,20260402,20261212
017706,0,0,0,0,0,0,0,20260402,20261212
017707,0,0,0,0,0,0,0,20260402,20261212
017708,0,0,0,0,0,0,0,20260402,20261212
017709,0,0,0,0,0,0,0,20260402,20261212
017710,0,0,0,0,0,0,0,20260402,20261212
017711,0,0,0,0,0,0,0,20260402,20261212
017712,0,0,0,0,0,0,0,20260402,20261212
017713,0,0,0,0,0,0,0,20260402,20261212
017714,0,0,0,0,0,0,0,20260402,20261212
017715,0,0,0,0,0,0,0,20260402,20261212
017716,0,0,0,0,0,0,0,20260402,20261212
017717,0,0,0,0,0,0,0,20260402,20261212
017718,0,0,0,0,0,0,0,20260402,20261212
017719,0,0,0,0,0,0,0,20260402,20261212
017720,0,0,0,0,0,0,0,20260402,20261212
017721,0,0,0,0,0,0,0,20260402,20261212
017722,0,0,0,0,0,0,0,20260402,20261212
017723,0,0,0,0,0,0,0,20260402,20261212
017724,0,0,0,0,0,0,0,20260402,20261212
017725,0,0,0,0,0,0,0,20260402,20261212
017726,0,0,0,0,0,0,0,20260402,20261212
017727,0,0,0,0,0,0,0,20260402,20261212
017728,0,0,0,0,0,0,0,20260402,20261212
017729,0,0,0,0,0,0,0,20260402,20261212
017730,0,0,0,0,0,0,0,20260402,20261212
017731,0,0,0,0,0,0,0,20260402,20261212
017732,0,0,0,0,0,0,0,20260402,20261212
017733,0,0,0,0,0,0,0,20260402,20261212
017734,0,0,0,0,0,0,0,20260402,20261212
017735,0,0,0,0,0,0,0,20260402,20261212
017736,0,0,0,0,0,0,0,20260402,20261212
017737,0,0,0,0,0,0,0,20260402,20261212
017738,0,0,0,0,0,0,0,20260402,20261212
017739,0,0,0,0,0,0,0,20260402,20261212
017740,0,0,0,0,0,0,0,20260402,20261212
017741,0,0,0,0,0,0,0,20260402,20261212
017742,0,0,0,0,0,0,0,20260402,20261212
017743,0,0,0,0,0,0,0,20260402,20261212
017744,0,0,0,0,0,0,0,20260402,20261212
017745,0,0,0,0,0,0,0,20260402,20261212
017746,0,0,0,0,0,0,0,20260402,20261212
017747,0,0,0,0,0,0,0,20260402,20261212
017748,0,0,0,0,0,0,0,20260402,20261212
017749,0,0,0,0,0,0,0,20260402,20261212
017750,0,0,0,0,0,0,0,20260402,20261212
017751,0,0,0,0,0,0,0,20260402,20261212
017752,0,0,0,0,0,0,0,20260402,20261212
017753,0,0,0,0,0,0,0,20260402,20261212
017754,0,0,0,0,0,0,0,20260402,20261212
017755,0,0,0,0,0,0,0,20260402,20261212
017756,0,0,0,0,0,0,0,20260402,20261212
017757,0,0,0,0,0,0,0,20260402,20261212
017758,0,0,0,0,0,0,0,20260402,20261212
017759,0,0,0,0,0,0,0,20260402,20261212
017760,0,0,0,0,0,0,0,20260402,20261212
017761,0,0,0,0,0,0,0,20260402,20261212
017762,0,0,0,0,0,0,0,20260402,20261212
017763,0,0,0,0,0,0,0,20260402,20261212
017764,0,0,0,0,0,0,0,20260402,20261212
017765,0,0,0,0,0,0,0,20260402,20261212
017766,0,0,0,0,0,0,0,20260402,20261212
017767,0,0,0,0,0,0,0,20260402,20261212
017768,0,0,0,0,0,0,0,20260402,20261212
017769,0,0,0,0,0,0,0,20260402,20261212
017770,0,0,0,0,0,0,0,20260402,20261212
017771,0,0,0,0,0,0,0,20260402,20261212
017772,0,0,0,0,0,0,0,20260402,20261212
017773,0,0,0,0,0,0,0,20260402,20261212
017774,0,0,0,0,0,0,0,20260402,20261212
017775,0,0,0,0,0,0,0,20260402,20261212
017776,0,0,0,0,0,0,0,20260402,20261212
017777,0,0,0,0,0,0,0,20260402,20261212
017778,0,0,0,0,0,0,0,20260402,20261212
017779,0,0,0,0,0,0,0,20260402,20261212
017780,0,0,0,0,0,0,0,20260402,20261212
017781,0,0,0,0,0,0,0,20260402,20261212
017782,0,0,0,0,0,0,0,20260402,20261212
017783,0,0,0,0,0,0,0,20260402,20261212
017784,0,0,0,0,0,0,0,20260402,20261212
017785,0,0,0,0,0,0,0,20260402,20261212
017786,0,0,0,0,0,0,0,20260402,20261212
017787,0,0,0,0,0,0,0,20260402,20261212
017788,0,0,0,0,0,0,0,20260402,20261212
017789,0,0,0,0,0,0,0,20260402,20261212
017790,0,0,0,0,0,0,0,20260402,20261212
017791,0,0,0,0,0,0,0,20260402,20261212
017792,0,0,0,0,0,0,0,20260402,20261212
017793,0,0,0,0,0,0,0,20260402,20261212
017794,0,0,0,0,0,0,0,20260402,20261212
017795,0,0,0,0,0,0,0,20260402,20261212
017796,0,0,0,0,0,0,0,20260402,20261212
017797,0,0,0,0,0,0,0,20260402,20261212
017798,0,0,0,0,0,0,0,20260402,20261212
017799,0,0,0,0,0,0,0,20260402,20261212
017800,0,0,0,0,0,0,0,20260402,20261212
017801,0,0,0,0,0,0,0,20260402,20261212
017802,0,0,0,0,0,0,0,20260402,20261212
017803,0,0,0,0,0,0,0,20260402,20261212
017804,0,0,0,0,0,0,0,20260402,20261212
017805,0,0,0,0,0,0,0,20260402,20261212
017806,0,0,0,0,0,0,0,20260402,20261212
017807,0,0,0,0,0,0,0,20260402,20261212
017808,0,0,0,0,0,0,0,20260402,20261212
017809,0,0,0,0,0,0,0,20260402,20261212
017810,0,0,0,0,0,0,0,20260402,20261212
017811,0,0,0,0,0,0,0,20260402,20261212
017812,0,0,0,0,0,0,0,20260402,20261212
017813,0,0,0,0,0,0,0,20260402,20261212
017814,0,0,0,0,0,0,0,20260402,20261212
017815,0,0,0,0,0,0,0,20260402,20261212
017816,0,0,0,0,0,0,0,20260402,20261212
017817,0,0,0,0,0,0,0,20260402,20261212
017818,0,0,0,0,0,0,0,20260402,20261212
017819,0,0,0,0,0,0,0,20260402,20261212
017820,0,0,0,0,0,0,0,20260402,20261212
017821,0,0,0,0,0,0,0,20260402,20261212
017822,0,0,0,0,0,0,0,20260402,20261212
017823,0,0,0,0,0,0,0,20260402,20261212
017824,0,0,0,0,0,0,0,20260402,20261212
017825,0,0,0,0,0,0,0,20260402,20261212
017826,0,0,0,0,0,0,0,20260402,20261212
017827,0,0,0,0,0,0,0,20260402,20261212
017828,0,0,0,0,0,0,0,20260402,20261212
017829,0,0,0,0,0,0,0,20260402,20261212
017830,0,0,0,0,0,0,0,20260402,20261212
017831,0,0,0,0,0,0,0,20260402,20261212
017832,0,0,0,0,0,0,0,20260402,20261212
017833,0,0,0,0,0,0,0,20260402,20261212
017834,0,0,0,0,0,0,0,20260402,20261212
017835,0,0,0,0,0,0,0,20260402,20261212
017836,0,0,0,0,0,0,0,20260402,20261212
017837,0,0,0,0,0,0,0,20260402,20261212
017838,0,0,0,0,0,0,0,20260402,20261212
017839,0,0,0,0,0,0,0,20260402,20261212
017840,0,0,0,0,0,0,0,20260402,20261212
017841,0,0,0,0,0,0,0,20260402,20261212
017842,0,0,0,0,0,0,0,20260402,20261212
017843,0,0,0,0,0,0,0,20260402,20261212
017844,0,0,0,0,0,0,0,20260402,20261212
017845,0,0,0,0,0,0,0,20260402,20261212
017846,0,0,0,0,0,0,0,20260402,20261212
017847,0,0,0,0,0,0,0,20260402,20261212
017848,0,0,0,0,0,0,0,20260402,20261212
017849,0,0,0,0,0,0,0,20260402,20261212
017850,0,0,0,0,0,0,0,20260402,20261212
017851,0,0,0,0,0,0,0,20260402,20261212
017852,0,0,0,0,0,0,0,20260402,20261212
017853,0,0,0,0,0,0,0,20260402,20261212
017854,0,0,0,0,0,0,0,20260402,20261212
017855,0,0,0,0,0,0,0,20260402,20261212
017856,0,0,0,0,0,0,0,20260402,20261212
017857,0,0,0,0,0,0,0,20260402,20261212
017858,0,0,0,0,0,0,0,20260402,20261212
017859,0,0,0,0,0,0,0,20260402,20261212
017860,0,0,0,0,0,0,0,20260402,20261212
017861,0,0,0,0,0,0,0,20260402,20261212
017862,0,0,0,0,0,0,0,20260402,20261212
017863,0,0,0,0,0,0,0,20260402,20261212
017864,0,0,0,0,0,0,0,20260402,20261212
017865,0,0,0,0,0,0,0,20260402,20261212
017866,0,0,0,0,0,0,0,20260402,20261212
017867,0,0,0,0,0,0,0,20260402,20261212
017868,0,0,0,0,0,0,0,20260402,20261212
017869,0,0,0,0,0,0,0,20260402,20261212
017870,0,0,0,0,0,0,0,20260402,20261212
017871,0,0,0,0,0,0,0,20260402,20261212
017872,0,0,0,0,0,0,0,20260402,20261212
017873,0,0,0,0,0,0,0,20260402,20261212
017874,0,0,0,0,0,0,0,20260402,20261212
017875,0,0,0,0,0,0,0,20260402,20261212
017876,0,0,0,0,0,0,0,20260402,20261212
017877,0,0,0,0,0,0,0,20260402,20261212
017878,0,0,0,0,0,0,0,20260402,20261212
017879,0,0,0,0,0,0,0,20260402,20261212
017880,0,0,0,0,0,0,0,20260402,20261212
017881,0,0,0,0,0,0,0,20260402,20261212
017882,0,0,0,0,0,0,0,20260402,20261212
017883,0,0,0,0,0,0,0,20260402,20261212
017884,0,0,0,0,0,0,0,20260402,20261212
017885,0,0,0,0,0,0,0,20260402,20261212
017886,0,0,0,0,0,0,0,20260402,20261212
017887,0,0,0,0,0,0,0,20260402,20261212
017888,0,0,0,0,0,0,0,20260402,20261212
017889,0,0,0,0,0,0,0,20260402,20261212
017890,0,0,0,0,0,0,0,20260402,20261212
017891,0,0,0,0,0,0,0,20260402,20261212
017892,0,0,0,0,0,0,0,20260402,20261212
017893,0,0,0,0,0,0,0,20260402,20261212
017894,0,0,0,0,0,0,0,20260402,20261212
017895,0,0,0,0,0,0,0,20260402,20261212
017896,0,0,0,0,0,0,0,20260402,20261212
017897,0,0,0,0,0,0,0,20260402,20261212
017898,0,0,0,0,0,0,0,20260402,20261212
017899,0,0,0,0,0,0,0,20260402,20261212
017900,0,0,0,0,0,0,0,20260402,20261212
017901,0,0,0,0,0,0,0,20260402,20261212
017902,0,0,0,0,0,0,0,20260402,20261212
017903,0,0,0,0,0,0,0,20260402,20261212
017904,0,0,0,0,0,0,0,20260402,20261212
017905,0,0,0,0,0,0,0,20260402,20261212
017906,0,0,0,0,0,0,0,20260402,20261212
017907,0,0,0,0,0,0,0,20260402,20261212
017908,0,0,0,0,0,0,0,20260402,20261212
017909,0,0,0,0,0,0,0,20260402,20261212
017910,0,0,0,0,0,0,0,20260402,20261212
017911,0,0,0,0,0,0,0,20260402,20261212
017912,0,0,0,0,0,0,0,20260402,20261212
017913,0,0,0,0,0,0,0,20260402,20261212
017914,0,0,0,0,0,0,0,20260402,20261212
017915,0,0,0,0,0,0,0,20260402,20261212
017916,0,0,0,0,0,0,0,20260402,20261212
017917,0,0,0,0,0,0,0,20260402,20261212
017918,0,0,0,0,0,0,0,20260402,20261212
017919,0,0,0,0,0,0,0,20260402,20261212
017920,0,0,0,0,0,0,0,20260402,20261212
017921,0,0,0,0,0,0,0,20260402,20261212
017922,0,0,0,0,0,0,0,20260402,20261212
017923,0,0,0,0,0,0,0,20260402,20261212
017924,0,0,0,0,0,0,0,20260402,20261212
017925,0,0,0,0,0,0,0,20260402,20261212
017926,0,0,0,0,0,0,0,20260402,20261212
017927,0,0,0,0,0,0,0,20260402,20261212
017928,0,0,0,0,0,0,0,20260402,20261212
017929,0,0,0,0,0,0,0,20260402,20261212
017930,0,0,0,0,0,0,0,20260402,20261212
017931,0,0,0,0,0,0,0,20260402,20261212
017932,0,0,0,0,0,0,0,20260402,20261212
017933,0,0,0,0,0,0,0,20260402,20261212
017934,0,0,0,0,0,0,0,20260402,20261212
017935,0,0,0,0,0,0,0,20260402,20261212
017936,0,0,0,0,0,0,0,20260402,20261212
017937,0,0,0,0,0,0,0,20260402,20261212
017938,0,0,0,0,0,0,0,20260402,20261212
017939,0,0,0,0,0,0,0,20260402,20261212
017940,0,0,0,0,0,0,0,20260402,20261212
017941,0,0,0,0,0,0,0,20260402,20261212
017942,0,0,0,0,0,0,0,20260402,20261212
017943,0,0,0,0,0,0,0,20260402,20261212
017944,0,0,0,0,0,0,0,20260402,20261212
017945,0,0,0,0,0,0,0,20260402,20261212
017946,0,0,0,0,0,0,0,20260402,20261212
017947,0,0,0,0,0,0,0,20260402,20261212
017948,0,0,0,0,0,0,0,20260402,20261212
017949,0,0,0,0,0,0,0,20260402,20261212
017950,0,0,0,0,0,0,0,20260402,20261212
017951,0,0,0,0,0,0,0,20260402,20261212
017952,0,0,0,0,0,0,0,20260402,20261212
017953,0,0,0,0,0,0,0,20260402,20261212
017954,0,0,0,0,0,0,0,20260402,20261212
017955,0,0,0,0,0,0,0,20260402,20261212
017956,0,0,0,0,0,0,0,20260402,20261212
017957,0,0,0,0,0,0,0,20260402,20261212
017958,0,0,0,0,0,0,0,20260402,20261212
017959,0,0,0,0,0,0,0,20260402,20261212
017960,0,0,0,0,0,0,0,20260402,20261212
017961,0,0,0,0,0,0,0,20260402,20261212
017962,0,0,0,0,0,0,0,20260402,20261212
017963,0,0,0,0,0,0,0,20260402,20261212
017964,0,0,0,0,0,0,0,20260402,20261212
017965,0,0,0,0,0,0,0,20260402,20261212
017966,0,0,0,0,0,0,0,20260402,20261212
017967,0,0,0,0,0,0,0,20260402,20261212
017968,0,0,0,0,0,0,0,20260402,20261212
017969,0,0,0,0,0,0,0,20260402,20261212
017970,0,0,0,0,0,0,0,20260402,20261212
017971,0,0,0,0,0,0,0,20260402,20261212
017972,0,0,0,0,0,0,0,20260402,20261212
017973,0,0,0,0,0,0,0,20260402,20261212
017974,0,0,0,0,0,0,0,20260402,20261212
017975,0,0,0,0,0,0,0,20260402,20261212
017976,0,0,0,0,0,0,0,20260402,20261212
017977,0,0,0,0,0,0,0,20260402,20261212
017978,0,0,0,0,0,0,0,20260402,20261212
017979,0,0,0,0,0,0,0,20260402,20261212
017980,0,0,0,0,0,0,0,20260402,20261212
017981,0,0,0,0,0,0,0,20260402,20261212
017982,0,0,0,0,0,0,0,20260402,20261212
017983,0,0,0,0,0,0,0,20260402,20261212
017984,0,0,0,0,0,0,0,20260402,20261212
017985,0,0,0,0,0,0,0,20260402,20261212
017986,0,0,0,0,0,0,0,20260402,20261212
017987,0,0,0,0,0,0,0,20260402,20261212
017988,0,0,0,0,0,0,0,20260402,20261212
017989,0,0,0,0,0,0,0,20260402,20261212
017990,0,0,0,0,0,0,0,20260402,20261212
017991,0,0,0,0,0,0,0,20260402,20261212
017992,0,0,0,0,0,0,0,20260402,20261212
017993,0,0,0,0,0,0,0,20260402,20261212
017994,0,0,0,0,0,0,0,20260402,20261212
017995,0,0,0,0,0,0,0,20260402,20261212
017996,0,0,0,0,0,0,0,20260402,20261212
017997,0,0,0,0,0,0,0,20260402,20261212
017998,0,0,0,0,0,0,0,20260402,20261212
017999,0,0,0,0,0,0,0,20260402,20261212
018000,0,0,0,0,0,0,0,20260402,20261212
018001,0,0,0,0,0,0,0,20260402,20261212
018002,0,0,0,0,0,0,0,20260402,20261212
018003,0,0,0,0,0,0,0,20260402,20261212
018004,0,0,0,0,0,0,0,20260402,20261212
018005,0,0,0,0,0,0,0,20260402,20261212
018006,0,0,0,0,0,0,0,20260402,20261212
018007,0,0,0,0,0,0,0,20260402,20261212
018008,0,0,0,0,0,0,0,20260402,20261212
018009,0,0,0,0,0,0,0,20260402,20261212
018010,0,0,0,0,0,0,0,20260402,20261212
018011,0,0,0,0,0,0,0,20260402,20261212
018012,0,0,0,0,0,0,0,20260402,20261212
018013,0,0,0,0,0,0,0,20260402,20261212
018014,0,0,0,0,0,0,0,20260402,20261212
018015,0,0,0,0,0,0,0,20260402,20261212
018016,0,0,0,0,0,0,0,20260402,20261212
018017,0,0,0,0,0,0,0,20260402,20261212
018018,0,0,0,0,0,0,0,20260402,20261212
018019,0,0,0,0,0,0,0,20260402,20261212
018020,0,0,0,0,0,0,0,20260402,20261212
018021,0,0,0,0,0,0,0,20260402,20261212
018022,0,0,0,0,0,0,0,20260402,20261212
018023,0,0,0,0,0,0,0,20260402,20261212
018024,0,0,0,0,0,0,0,20260402,20261212
018025,0,0,0,0,0,0,0,20260402,20261212
018026,0,0,0,0,0,0,0,20260402,20261212
018027,0,0,0,0,0,0,0,20260402,20261212
018028,0,0,0,0,0,0,0,20260402,20261212
018029,0,0,0,0,0,0,0,20260402,20261212
018030,0,0,0,0,0,0,0,20260402,20261212
018031,0,0,0,0,0,0,0,20260402,20261212
018032,0,0,0,0,0,0,0,20260402,20261212
018033,0,0,0,0,0,0,0,20260402,20261212
018034,0,0,0,0,0,0,0,20260402,20261212
018035,0,0,0,0,0,0,0,20260402,20261212
018036,0,0,0,0,0,0,0,20260402,20261212
018037,0,0,0,0,0,0,0,20260402,20261212
018038,0,0,0,0,0,0,0,20260402,20261212
018039,0,0,0,0,0,0,0,20260402,20261212
018040,0,0,0,0,0,0,0,20260402,20261212
018041,0,0,0,0,0,0,0,20260402,20261212
018042,0,0,0,0,0,0,0,20260402,20261212
018043,0,0,0,0,0,0,0,20260402,20261212
018044,0,0,0,0,0,0,0,20260402,20261212
018045,0,0,0,0,0,0,0,20260402,20261212
018046,0,0,0,0,0,0,0,20260402,20261212
018047,0,0,0,0,0,0,0,20260402,20261212
018048,0,0,0,0,0,0,0,20260402,20261212
018049,0,0,0,0,0,0,0,20260402,20261212
018050,0,0,0,0,0,0,0,20260402,20261212
018051,0,0,0,0,0,0,0,20260402,20261212
018052,0,0,0,0,0,0,0,20260402,20261212
018053,0,0,0,0,0,0,0,20260402,20261212
018054,0,0,0,0,0,0,0,20260402,20261212
018055,0,0,0,0,0,0,0,20260402,20261212
018056,0,0,0,0,0,0,0,20260402,20261212
018057,0,0,0,0,0,0,0,20260402,20261212
018058,0,0,0,0,0,0,0,20260402,20261212
018059,0,0,0,0,0,0,0,20260402,20261212
018060,0,0,0,0,0,0,0,20260402,20261212
018061,0,0,0,0,0,0,0,20260402,20261212
018062,0,0,0,0,0,0,0,20260402,20261212
018063,0,0,0,0,0,0,0,20260402,20261212
018064,0,0,0,0,0,0,0,20260402,20261212
018065,0,0,0,0,0,0,0,20260402,20261212
018066,0,0,0,0,0,0,0,20260402,20261212
018067,0,0,0,0,0,0,0,20260402,20261212
018068,0,0,0,0,0,0,0,20260402,20261212
018069,0,0,0,0,0,0,0,20260402,20261212
018070,0,0,0,0,0,0,0,20260402,20261212
018071,0,0,0,0,0,0,0,20260402,20261212
018072,0,0,0,0,0,0,0,20260402,20261212
018073,0,0,0,0,0,0,0,20260402,20261212
018074,0,0,0,0,0,0,0,20260402,20261212
018075,0,0,0,0,0,0,0,20260402,20261212
018076,0,0,0,0,0,0,0,20260402,20261212
018077,0,0,0,0,0,0,0,20260402,20261212
018078,0,0,0,0,0,0,0,20260402,20261212
018079,0,0,0,0,0,0,0,20260402,20261212
018080,0,0,0,0,0,0,0,20260402,20261212
018081,0,0,0,0,0,0,0,20260402,20261212
018082,0,0,0,0,0,0,0,20260402,20261212
018083,0,0,0,0,0,0,0,20260402,20261212
018084,0,0,0,0,0,0,0,20260402,20261212
018085,0,0,0,0,0,0,0,20260402,20261212
018086,0,0,0,0,0,0,0,20260402,20261212
018087,0,0,0,0,0,0,0,20260402,20261212
018088,0,0,0,0,0,0,0,20260402,20261212
018089,0,0,0,0,0,0,0,20260402,20261212
018090,0,0,0,0,0,0,0,20260402,20261212
018091,0,0,0,0,0,0,0,20260402,20261212
018092,0,0,0,0,0,0,0,20260402,20261212
018093,0,0,0,0,0,0,0,20260402,20261212
018094,0,0,0,0,0,0,0,20260402,20261212
018095,0,0,0,0,0,0,0,20260402,20261212
018096,0,0,0,0,0,0,0,20260402,20261212
018097,0,0,0,0,0,0,0,20260402,20261212
018098,0,0,0,0,0,0,0,20260402,20261212
018099,0,0,0,0,0,0,0,20260402,20261212
018100,0,0,0,0,0,0,0,20260402,20261212
018101,0,0,0,0,0,0,0,20260402,20261212
018102,0,0,0,0,0,0,0,20260402,20261212
018103,0,0,0,0,0,0,0,20260402,20261212
018104,0,0,0,0,0,0,0,20260402,20261212
018105,0,0,0,0,0,0,0,20260402,20261212
018106,0,0,0,0,0,0,0,20260402,20261212
018107,0,0,0,0,0,0,0,20260402,20261212
018108,0,0,0,0,0,0,0,20260402,20261212
018109,0,0,0,0,0,0,0,20260402,20261212
018110,0,0,0,0,0,0,0,20260402,20261212
018111,0,0,0,0,0,0,0,20260402,20261212
018112,0,0,0,0,0,0,0,20260402,20261212
018113,0,0,0,0,0,0,0,20260402,20261212
018114,0,0,0,0,0,0,0,20260402,20261212
018115,0,0,0,0,0,0,0,20260402,20261212
018116,0,0,0,0,0,0,0,20260402,20261212
018117,0,0,0,0,0,0,0,20260402,20261212
018118,0,0,0,0,0,0,0,20260402,20261212
018119,0,0,0,0,0,0,0,20260402,20261212
018120,0,0,0,0,0,0,0,20260402,20261212
018121,0,0,0,0,0,0,0,20260402,20261212
018122,0,0,0,0,0,0,0,20260402,20261212
018123,0,0,0,0,0,0,0,20260402,20261212
018124,0,0,0,0,0,0,0,20260402,20261212
018125,0,0,0,0,0,0,0,20260402,20261212
018126,0,0,0,0,0,0,0,20260402,20261212
018127,0,0,0,0,0,0,0,20260402,20261212
018128,0,0,0,0,0,0,0,20260402,20261212
018129,0,0,0,0,0,0,0,20260402,20261212
018130,0,0,0,0,0,0,0,20260402,20261212
018131,0,0,0,0,0,0,0,20260402,20261212
018132,0,0,0,0,0,0,0,20260402,20261212
018133,0,0,0,0,0,0,0,20260402,20261212
018134,0,0,0,0,0,0,0,20260402,20261212
018135,0,0,0,0,0,0,0,20260402,20261212
018136,0,0,0,0,0,0,0,20260402,20261212
018137,0,0,0,0,0,0,0,20260402,20261212
018138,0,0,0,0,0,0,0,20260402,20261212
018139,0,0,0,0,0,0,0,20260402,20261212
018140,0,0,0,0,0,0,0,20260402,20261212
018141,0,0,0,0,0,0,0,20260402,20261212
018142,0,0,0,0,0,0,0,20260402,20261212
018143,0,0,0,0,0,0,0,20260402,20261212
018144,0,0,0,0,0,0,0,20260402,20261212
018145,0,0,0,0,0,0,0,20260402,20261212
018146,0,0,0,0,0,0,0,20260402,20261212
018147,0,0,0,0,0,0,0,20260402,20261212
018148,0,0,0,0,0,0,0,20260402,20261212
018149,0,0,0,0,0,0,0,20260402,20261212
018150,0,0,0,0,0,0,0,20260402,20261212
018151,0,0,0,0,0,0,0,20260402,20261212
018152,0,0,0,0,0,0,0,20260402,20261212
018153,0,0,0,0,0,0,0,20260402,20261212
018154,0,0,0,0,0,0,0,20260402,20261212
018155,0,0,0,0,0,0,0,20260402,20261212
018156,0,0,0,0,0,0,0,20260402,20261212
018157,0,0,0,0,0,0,0,20260402,20261212
018158,0,0,0,0,0,0,0,20260402,20261212
018159,0,0,0,0,0,0,0,20260402,20261212
018160,0,0,0,0,0,0,0,20260402,20261212
018161,0,0,0,0,0,0,0,20260402,20261212
018162,0,0,0,0,0,0,0,20260402,20261212
018163,0,0,0,0,0,0,0,20260402,20261212
018164,0,0,0,0,0,0,0,20260402,20261212
018165,0,0,0,0,0,0,0,20260402,20261212
018166,0,0,0,0,0,0,0,20260402,20261212
018167,0,0,0,0,0,0,0,20260402,20261212
018168,0,0,0,0,0,0,0,20260402,20261212
018169,0,0,0,0,0,0,0,20260402,20261212
018170,0,0,0,0,0,0,0,20260402,20261212
018171,0,0,0,0,0,0,0,20260402,20261212
018172,0,0,0,0,0,0,0,20260402,20261212
018173,0,0,0,0,0,0,0,20260402,20261212
018174,0,0,0,0,0,0,0,20260402,20261212
018175,0,0,0,0,0,0,0,20260402,20261212
018176,0,0,0,0,0,0,0,20260402,20261212
018177,0,0,0,0,0,0,0,20260402,20261212
018178,0,0,0,0,0,0,0,20260402,20261212
018179,0,0,0,0,0,0,0,20260402,20261212
018180,0,0,0,0,0,0,0,20260402,20261212
018181,0,0,0,0,0,0,0,20260402,20261212
018182,0,0,0,0,0,0,0,20260402,20261212
018183,0,0,0,0,0,0,0,20260402,20261212
018184,0,0,0,0,0,0,0,20260402,20261212
018185,0,0,0,0,0,0,0,20260402,20261212
018186,0,0,0,0,0,0,0,20260402,20261212
018187,0,0,0,0,0,0,0,20260402,20261212
018188,0,0,0,0,0,0,0,20260402,20261212
018189,0,0,0,0,0,0,0,20260402,20261212
018190,0,0,0,0,0,0,0,20260402,20261212
018191,0,0,0,0,0,0,0,20260402,20261212
018192,0,0,0,0,0,0,0,20260402,20261212
018193,0,0,0,0,0,0,0,20260402,20261212
018194,0,0,0,0,0,0,0,20260402,20261212
018195,0,0,0,0,0,0,0,20260402,20261212
018196,0,0,0,0,0,0,0,20260402,20261212
018197,0,0,0,0,0,0,0,20260402,20261212
018198,0,0,0,0,0,0,0,20260402,20261212
018199,0,0,0,0,0,0,0,20260402,20261212
018200,0,0,0,0,0,0,0,20260402,20261212
018201,0,0,0,0,0,0,0,20260402,20261212
018202,0,0,0,0,0,0,0,20260402,20261212
018203,0,0,0,0,0,0,0,20260402,20261212
018204,0,0,0,0,0,0,0,20260402,20261212
018205,0,0,0,0,0,0,0,20260402,20261212
018206,0,0,0,0,0,0,0,20260402,20261212
018207,0,0,0,0,0,0,0,20260402,20261212
018208,0,0,0,0,0,0,0,20260402,20261212
018209,0,0,0,0,0,0,0,20260402,20261212
018210,0,0,0,0,0,0,0,20260402,20261212
018211,0,0,0,0,0,0,0,20260402,20261212
018212,0,0,0,0,0,0,0,20260402,20261212
018213,0,0,0,0,0,0,0,20260402,20261212
018214,0,0,0,0,0,0,0,20260402,20261212
018215,0,0,0,0,0,0,0,20260402,20261212
018216,0,0,0,0,0,0,0,20260402,20261212
018217,0,0,0,0,0,0,0,20260402,20261212
018218,0,0,0,0,0,0,0,20260402,20261212
018219,0,0,0,0,0,0,0,20260402,20261212
018220,0,0,0,0,0,0,0,20260402,20261212
018221,0,0,0,0,0,0,0,20260402,20261212
018222,0,0,0,0,0,0,0,20260402,20261212
018223,0,0,0,0,0,0,0,20260402,20261212
018224,0,0,0,0,0,0,0,20260402,20261212
018225,0,0,0,0,0,0,0,20260402,20261212
018226,0,0,0,0,0,0,0,20260402,20261212
018227,0,0,0,0,0,0,0,20260402,20261212
018228,0,0,0,0,0,0,0,20260402,20261212
018229,0,0,0,0,0,0,0,20260402,20261212
018230,0,0,0,0,0,0,0,20260402,20261212
018231,0,0,0,0,0,0,0,20260402,20261212
018232,0,0,0,0,0,0,0,20260402,20261212
018233,0,0,0,0,0,0,0,20260402,20261212
018234,0,0,0,0,0,0,0,20260402,20261212
018235,0,0,0,0,0,0,0,20260402,20261212
018236,0,0,0,0,0,0,0,20260402,20261212
018237,0,0,0,0,0,0,0,20260402,20261212
018238,0,0,0,0,0,0,0,20260402,20261212
018239,0,0,0,0,0,0,0,20260402,20261212
018240,0,0,0,0,0,0,0,20260402,20261212
018241,0,0,0,0,0,0,0,20260402,20261212
018242,0,0,0,0,0,0,0,20260402,20261212
018243,0,0,0,0,0,0,0,20260402,20261212
018244,0,0,0,0,0,0,0,20260402,20261212
018245,0,0,0,0,0,0,0,20260402,20261212
018246,0,0,0,0,0,0,0,20260402,20261212
018247,0,0,0,0,0,0,0,20260402,20261212
018248,0,0,0,0,0,0,0,20260402,20261212
018249,0,0,0,0,0,0,0,20260402,20261212
018250,0,0,0,0,0,0,0,20260402,20261212
018251,0,0,0,0,0,0,0,20260402,20261212
018252,0,0,0,0,0,0,0,20260402,20261212
018253,0,0,0,0,0,0,0,20260402,20261212
018254,0,0,0,0,0,0,0,20260402,20261212
018255,0,0,0,0,0,0,0,20260402,20261212
018256,0,0,0,0,0,0,0,20260402,20261212
018257,0,0,0,0,0,0,0,20260402,20261212
018258,0,0,0,0,0,0,0,20260402,20261212
018259,0,0,0,0,0,0,0,20260402,20261212
018260,0,0,0,0,0,0,0,20260402,20261212
018261,0,0,0,0,0,0,0,20260402,20261212
018262,0,0,0,0,0,0,0,20260402,20261212
018263,0,0,0,0,0,0,0,20260402,20261212
018264,0,0,0,0,0,0,0,20260402,20261212
018265,0,0,0,0,0,0,0,20260402,20261212
018266,0,0,0,0,0,0,0,20260402,20261212
018267,0,0,0,0,0,0,0,20260402,20261212
018268,0,0,0,0,0,0,0,20260402,20261212
018269,0,0,0,0,0,0,0,20260402,20261212
018270,0,0,0,0,0,0,0,20260402,20261212
018271,0,0,0,0,0,0,0,20260402,20261212
018272,0,0,0,0,0,0,0,20260402,20261212
018273,0,0,0,0,0,0,0,20260402,20261212
018274,0,0,0,0,0,0,0,20260402,20261212
018275,0,0,0,0,0,0,0,20260402,20261212
018276,0,0,0,0,0,0,0,20260402,20261212
018277,0,0,0,0,0,0,0,20260402,20261212
018278,0,0,0,0,0,0,0,20260402,20261212
018279,0,0,0,0,0,0,0,20260402,20261212
018280,0,0,0,0,0,0,0,20260402,20261212
018281,0,0,0,0,0,0,0,20260402,20261212
018282,0,0,0,0,0,0,0,20260402,20261212
018283,0,0,0,0,0,0,0,20260402,20261212
018284,0,0,0,0,0,0,0,20260402,20261212
018285,0,0,0,0,0,0,0,20260402,20261212
018286,0,0,0,0,0,0,0,20260402,20261212
018287,0,0,0,0,0,0,0,20260402,20261212
018288,0,0,0,0,0,0,0,20260402,20261212
018289,0,0,0,0,0,0,0,20260402,20261212
018290,0,0,0,0,0,0,0,20260402,20261212
018291,0,0,0,0,0,0,0,20260402,20261212
018292,0,0,0,0,0,0,0,20260402,20261212
018293,0,0,0,0,0,0,0,20260402,20261212
018294,0,0,0,0,0,0,0,20260402,20261212
018295,0,0,0,0,0,0,0,20260402,20261212
018296,0,0,0,0,0,0,0,20260402,20261212
018297,0,0,0,0,0,0,0,20260402,20261212
018298,0,0,0,0,0,0,0,20260402,20261212
018299,0,0,0,0,0,0,0,20260402,20261212
018300,0,0,0,0,0,0,0,20260402,20261212
018301,0,0,0,0,0,0,0,20260402,20261212
018302,0,0,0,0,0,0,0,20260402,20261212
018303,0,0,0,0,0,0,0,20260402,20261212
018304,0,0,0,0,0,0,0,20260402,20261212
018305,0,0,0,0,0,0,0,20260402,20261212
018306,0,0,0,0,0,0,0,20260402,20261212
018307,0,0,0,0,0,0,0,20260402,20261212
018308,0,0,0,0,0,0,0,20260402,20261212
018309,0,0,0,0,0,0,0,20260402,20261212
018310,0,0,0,0,0,0,0,20260402,20261212
018311,0,0,0,0,0,0,0,20260402,20261212
018312,0,0,0,0,0,0,0,20260402,20261212
018313,0,0,0,0,0,0,0,20260402,20261212
018314,0,0,0,0,0,0,0,20260402,20261212
018315,0,0,0,0,0,0,0,20260402,20261212
018316,0,0,0,0,0,0,0,20260402,20261212
018317,0,0,0,0,0,0,0,20260402,20261212
018318,0,0,0,0,0,0,0,20260402,20261212
018319,0,0,0,0,0,0,0,20260402,20261212
018320,0,0,0,0,0,0,0,20260402,20261212
018321,0,0,0,0,0,0,0,20260402,20261212
018322,0,0,0,0,0,0,0,20260402,20261212
018323,0,0,0,0,0,0,0,20260402,20261212
018324,0,0,0,0,0,0,0,20260402,20261212
018325,0,0,0,0,0,0,0,20260402,20261212
018326,0,0,0,0,0,0,0,20260402,20261212
018327,0,0,0,0,0,0,0,20260402,20261212
018328,0,0,0,0,0,0,0,20260402,20261212
018329,0,0,0,0,0,0,0,20260402,20261212
018330,0,0,0,0,0,0,0,20260402,20261212
018331,0,0,0,0,0,0,0,20260402,20261212
018332,0,0,0,0,0,0,0,20260402,20261212
018333,0,0,0,0,0,0,0,20260402,20261212
018334,0,0,0,0,0,0,0,20260402,20261212
018335,0,0,0,0,0,0,0,20260402,20261212
018336,0,0,0,0,0,0,0,20260402,20261212
018337,0,0,0,0,0,0,0,20260402,20261212
018338,0,0,0,0,0,0,0,20260402,20261212
018339,0,0,0,0,0,0,0,20260402,20261212
018340,0,0,0,0,0,0,0,20260402,20261212
018341,0,0,0,0,0,0,0,20260402,20261212
018342,0,0,0,0,0,0,0,20260402,20261212
018343,0,0,0,0,0,0,0,20260402,20261212
018344,0,0,0,0,0,0,0,20260402,20261212
018345,0,0,0,0,0,0,0,20260402,20261212
018346,0,0,0,0,0,0,0,20260402,20261212
018347,0,0,0,0,0,0,0,20260402,20261212
018348,0,0,0,0,0,0,0,20260402,20261212
018349,0,0,0,0,0,0,0,20260402,20261212
018350,0,0,0,0,0,0,0,20260402,20261212
018351,0,0,0,0,0,0,0,20260402,20261212
018352,0,0,0,0,0,0,0,20260402,20261212
018353,0,0,0,0,0,0,0,20260402,20261212
018354,0,0,0,0,0,0,0,20260402,20261212
018355,0,0,0,0,0,0,0,20260402,20261212
018356,0,0,0,0,0,0,0,20260402,20261212
018357,0,0,0,0,0,0,0,20260402,20261212
018358,0,0,0,0,0,0,0,20260402,20261212
018359,0,0,0,0,0,0,0,20260402,20261212
018360,0,0,0,0,0,0,0,20260402,20261212
018361,0,0,0,0,0,0,0,20260402,20261212
018362,0,0,0,0,0,0,0,20260402,20261212
018363,0,0,0,0,0,0,0,20260402,20261212
018364,0,0,0,0,0,0,0,20260402,20261212
018365,0,0,0,0,0,0,0,20260402,20261212
018366,0,0,0,0,0,0,0,20260402,20261212
018367,0,0,0,0,0,0,0,20260402,20261212
018368,0,0,0,0,0,0,0,20260402,20261212
018369,0,0,0,0,0,0,0,20260402,20261212
018370,0,0,0,0,0,0,0,20260402,20261212
018371,0,0,0,0,0,0,0,20260402,20261212
018372,0,0,0,0,0,0,0,20260402,20261212
018373,0,0,0,0,0,0,0,20260402,20261212
018374,0,0,0,0,0,0,0,20260402,20261212
018375,0,0,0,0,0,0,0,20260402,20261212
018376,0,0,0,0,0,0,0,20260402,20261212
018377,0,0,0,0,0,0,0,20260402,20261212
018378,0,0,0,0,0,0,0,20260402,20261212
018379,0,0,0,0,0,0,0,20260402,20261212
018380,0,0,0,0,0,0,0,20260402,20261212
018381,0,0,0,0,0,0,0,20260402,20261212
018382,0,0,0,0,0,0,0,20260402,20261212
018383,0,0,0,0,0,0,0,20260402,20261212
018384,0,0,0,0,0,0,0,20260402,20261212
018385,0,0,0,0,0,0,0,20260402,20261212
018386,0,0,0,0,0,0,0,20260402,20261212
018387,0,0,0,0,0,0,0,20260402,20261212
018388,0,0,0,0,0,0,0,20260402,20261212
018389,0,0,0,0,0,0,0,20260402,20261212
018390,0,0,0,0,0,0,0,20260402,20261212
018391,0,0,0,0,0,0,0,20260402,20261212
018392,0,0,0,0,0,0,0,20260402,20261212
018393,0,0,0,0,0,0,0,20260402,20261212
018394,0,0,0,0,0,0,0,20260402,20261212
018395,0,0,0,0,0,0,0,20260402,20261212
018396,0,0,0,0,0,0,0,20260402,20261212
018397,0,0,0,0,0,0,0,20260402,20261212
018398,0,0,0,0,0,0,0,20260402,20261212
018399,0,0,0,0,0,0,0,20260402,20261212
018400,0,0,0,0,0,0,0,20260402,20261212
018401,0,0,0,0,0,0,0,20260402,20261212
018402,0,0,0,0,0,0,0,20260402,20261212
018403,0,0,0,0,0,0,0,20260402,20261212
018404,0,0,0,0,0,0,0,20260402,20261212
018405,0,0,0,0,0,0,0,20260402,20261212
018406,0,0,0,0,0,0,0,20260402,20261212
018407,0,0,0,0,0,0,0,20260402,20261212
018408,0,0,0,0,0,0,0,20260402,20261212
018409,0,0,0,0,0,0,0,20260402,20261212
018410,0,0,0,0,0,0,0,20260402,20261212
018411,0,0,0,0,0,0,0,20260402,20261212
018412,0,0,0,0,0,0,0,20260402,20261212
018413,0,0,0,0,0,0,0,20260402,20261212
018414,0,0,0,0,0,0,0,20260402,20261212
018415,0,0,0,0,0,0,0,20260402,20261212
018416,0,0,0,0,0,0,0,20260402,20261212
018417,0,0,0,0,0,0,0,20260402,20261212
018418,0,0,0,0,0,0,0,20260402,20261212
018419,0,0,0,0,0,0,0,20260402,20261212
018420,0,0,0,0,0,0,0,20260402,20261212
018421,0,0,0,0,0,0,0,20260402,20261212
018422,0,0,0,0,0,0,0,20260402,20261212
018423,0,0,0,0,0,0,0,20260402,20261212
018424,0,0,0,0,0,0,0,20260402,20261212
018425,0,0,0,0,0,0,0,20260402,20261212
018426,0,0,0,0,0,0,0,20260402,20261212
018427,0,0,0,0,0,0,0,20260402,20261212
018428,0,0,0,0,0,0,0,20260402,20261212
018429,0,0,0,0,0,0,0,20260402,20261212
018430,0,0,0,0,0,0,0,20260402,20261212
018431,0,0,0,0,0,0,0,20260402,20261212
018432,0,0,0,0,0,0,0,20260402,20261212
018433,0,0,0,0,0,0,0,20260402,20261212
018434,0,0,0,0,0,0,0,20260402,20261212
018435,0,0,0,0,0,0,0,20260402,20261212
018436,0,0,0,0,0,0,0,20260402,20261212
018437,0,0,0,0,0,0,0,20260402,20261212
018438,0,0,0,0,0,0,0,20260402,20261212
018439,0,0,0,0,0,0,0,20260402,20261212
018440,0,0,0,0,0,0,0,20260402,20261212
018441,0,0,0,0,0,0,0,20260402,20261212
018442,0,0,0,0,0,0,0,20260402,20261212
018443,0,0,0,0,0,0,0,20260402,20261212
018444,0,0,0,0,0,0,0,20260402,20261212
018445,0,0,0,0,0,0,0,20260402,20261212
018446,0,0,0,0,0,0,0,20260402,20261212
018447,0,0,0,0,0,0,0,20260402,20261212
018448,0,0,0,0,0,0,0,20260402,20261212
018449,0,0,0,0,0,0,0,20260402,20261212
018450,0,0,0,0,0,0,0,20260402,20261212
018451,0,0,0,0,0,0,0,20260402,20261212
018452,0,0,0,0,0,0,0,20260402,20261212
018453,0,0,0,0,0,0,0,20260402,20261212
018454,0,0,0,0,0,0,0,20260402,20261212
018455,0,0,0,0,0,0,0,20260402,20261212
018456,0,0,0,0,0,0,0,20260402,20261212
018457,0,0,0,0,0,0,0,20260402,20261212
018458,0,0,0,0,0,0,0,20260402,20261212
018459,0,0,0,0,0,0,0,20260402,20261212
018460,0,0,0,0,0,0,0,20260402,20261212
018461,0,0,0,0,0,0,0,20260402,20261212
018462,0,0,0,0,0,0,0,20260402,20261212
018463,0,0,0,0,0,0,0,20260402,20261212
018464,0,0,0,0,0,0,0,20260402,20261212
018465,0,0,0,0,0,0,0,20260402,20261212
018466,0,0,0,0,0,0,0,20260402,20261212
018467,0,0,0,0,0,0,0,20260402,20261212
018468,0,0,0,0,0,0,0,20260402,20261212
018469,0,0,0,0,0,0,0,20260402,20261212
018470,0,0,0,0,0,0,0,20260402,20261212
018471,0,0,0,0,0,0,0,20260402,20261212
018472,0,0,0,0,0,0,0,20260402,20261212
018473,0,0,0,0,0,0,0,20260402,20261212
018474,0,0,0,0,0,0,0,20260402,20261212
018475,0,0,0,0,0,0,0,20260402,20261212
018476,0,0,0,0,0,0,0,20260402,20261212
018477,0,0,0,0,0,0,0,20260402,20261212
018478,0,0,0,0,0,0,0,20260402,20261212
018479,0,0,0,0,0,0,0,20260402,20261212
018480,0,0,0,0,0,0,0,20260402,20261212
018481,0,0,0,0,0,0,0,20260402,20261212
018482,0,0,0,0,0,0,0,20260402,20261212
018483,0,0,0,0,0,0,0,20260402,20261212
018484,0,0,0,0,0,0,0,20260402,20261212
018485,0,0,0,0,0,0,0,20260402,20261212
018486,0,0,0,0,0,0,0,20260402,20261212
018487,0,0,0,0,0,0,0,20260402,20261212
018488,0,0,0,0,0,0,0,20260402,20261212
018489,0,0,0,0,0,0,0,20260402,20261212
018490,0,0,0,0,0,0,0,20260402,20261212
018491,0,0,0,0,0,0,0,20260402,20261212
018492,0,0,0,0,0,0,0,20260402,20261212
018493,0,0,0,0,0,0,0,20260402,20261212
018494,0,0,0,0,0,0,0,20260402,20261212
018495,0,0,0,0,0,0,0,20260402,20261212
018496,0,0,0,0,0,0,0,20260402,20261212
018497,0,0,0,0,0,0,0,20260402,20261212
018498,0,0,0,0,0,0,0,20260402,20261212
018499,0,0,0,0,0,0,0,20260402,20261212
018500,0,0,0,0,0,0,0,20260402,20261212
018501,0,0,0,0,0,0,0,20260402,20261212
018502,0,0,0,0,0,0,0,20260402,20261212
018503,0,0,0,0,0,0,0,20260402,20261212
018504,0,0,0,0,0,0,0,20260402,20261212
018505,0,0,0,0,0,0,0,20260402,20261212
018506,0,0,0,0,0,0,0,20260402,20261212
018507,0,0,0,0,0,0,0,20260402,20261212
018508,0,0,0,0,0,0,0,20260402,20261212
018509,0,0,0,0,0,0,0,20260402,20261212
018510,0,0,0,0,0,0,0,20260402,20261212
018511,0,0,0,0,0,0,0,20260402,20261212
018512,0,0,0,0,0,0,0,20260402,20261212
018513,0,0,0,0,0,0,0,20260402,20261212
018514,0,0,0,0,0,0,0,20260402,20261212
018535,0,0,0,0,0,0,0,20260402,20261212
018536,0,0,0,0,0,0,0,20260402,20261212
018538,0,0,0,0,0,0,0,20260402,20261212
018539,0,0,0,0,0,0,0,20260402,20261212
018540,0,0,0,0,0,0,0,20260402,20261212
018541,0,0,0,0,0,0,0,20260402,20261212
018542,0,0,0,0,0,0,0,20260402,20261212
018543,0,0,0,0,0,0,0,20260402,20261212
018544,0,0,0,0,0,0,0,20260402,20261212
018545,0,0,0,0,0,0,0,20260402,20261212
018546,0,0,0,0,0,0,0,20260402,20261212
000000,0,0,0,0,0,0,0,20260402,20261212
