stop_id,stop_name,stop_lat,stop_lon,zone_id,location_type,parent_station,level_id,platform_code
"at:41:3087:0:1","Bad Sauerbrunn Bahnhof","47.77365887","16.32506569","","","Pat:41:3087","Level 0","1"
"at:41:3087:0:2","Bad Sauerbrunn Bahnhof","47.77364679","16.32505671","","","Pat:41:3087","Level 0","2"
"at:41:3087:2","Bus","47.77422636","16.32450874","","","Pat:41:3087","Level 0",""
"at:41:3087:3","Zugang","47.77394865","16.32435602","","2","Pat:41:3087","Level 0",""
"at:41:3087:4","P+R","47.77257819","16.32569451","","3","Pat:41:3087","Level 0",""
"at:41:3087:5","B+R","47.77378565","16.32462552","","3","Pat:41:3087","Level 0",""
"at:41:3145:0:1","Baumgarten-Schattendorf Bahnhof","47.72793697","16.51753872","","","Pat:41:3145","Level 0","1"
"at:41:3145:2","SEV","47.72774361","16.51749381","","","Pat:41:3145","Level 0",""
"at:41:3145:3","Zugang","47.72761067","16.51765551","","2","Pat:41:3145","Level 0",""
"at:41:3145:4","P+R","47.72733875","16.51778127","","3","Pat:41:3145","Level 0",""
"at:41:3186:0:1","Breitenbrunn Bahnhof","47.94122901","16.74638454","","","Pat:41:3186","Level 0","1"
"at:41:3186:3","Zugang","47.94124707","16.74598928","","2","Pat:41:3186","Level 0",""
"at:41:3186:4","P+R","47.94148778","16.74627675","","3","Pat:41:3186","Level 0",""
"at:41:3294:0:1","Deutschkreutz Bahnhof","47.60380868","16.61973107","","","Pat:41:3294","Level 0","1"
"at:41:3294:0:5","Deutschkreutz Bahnhof","47.60386925","16.61972209","","","Pat:41:3294","Level 0","2"
"at:41:3294:2","Bus","47.60349372","16.62060244","","","Pat:41:3294","Level 0",""
"at:41:3294:3","Zugang","47.60373599","16.62012633","","2","Pat:41:3294","Level 0",""
"at:41:3294:4","P+R","47.60358457","16.62054854","","3","Pat:41:3294","Level 0",""
"at:41:3298:0:1","Donnerskirchen Bahnhof","47.88847462","16.66037984","","","Pat:41:3298","Level 0","1"
"at:41:3298:3","Zugang","47.88848667","16.66020018","","2","Pat:41:3298","Level 0",""
"at:41:3298:4","P+R","47.88855896","16.66020018","","3","Pat:41:3298","Level 0",""
"at:41:3303:0:1","Draßburg Bahnhof","47.74783123","16.49477542","","","Pat:41:3303","Level 0","1"
"at:41:3303:3","Bus","47.74777083","16.49454185","","","Pat:41:3303","Level 0",""
"at:41:3303:4","P+R","47.74761378","16.49410168","","3","Pat:41:3303","Level 0",""
"at:41:3351:0:1","Eisenstadt Bahnhof","47.83978478","16.52985463","","","","Level 0","1"
"at:41:3351:0:4","Eisenstadt Bahnhof","47.83973052","16.52994446","","","","Level 0","2"
"at:41:3351:0:5","Eisenstadt Bahnhof","47.83970640","16.52999836","","","","Level 0","3"
"at:41:3443:0:1","Frauenkirchen Bahnhof","47.83978478","16.91584274","","","Pat:41:3443","Level 0","1"
"at:41:3443:2","Bus","47.84003803","16.91609427","","","Pat:41:3443","Level 0",""
"at:41:3443:3","Zugang","47.84021891","16.91650749","","2","Pat:41:3443","Level 0",""
"at:41:3443:4","P+R","47.84023097","16.91680394","","3","Pat:41:3443","Level 0",""
"at:41:3490:0:1","Eisenstadt Schule","47.84390280","16.53664589","","","Pat:41:3490","Level 0","1"
"at:41:3490:2","Zugang","47.84389677","16.53628656","","2","Pat:41:3490","Level 0",""
"at:41:3531:0:1","Gols Bahnhof","47.89190210","16.90464075","","","Pat:41:3531","Level 0","1"
"at:41:3531:2","Bus","47.89236591","16.90443413","","","Pat:41:3531","Level 0",""
"at:41:3531:3","Zugang","47.89213099","16.90480244","","2","Pat:41:3531","Level 0",""
"at:41:3531:4","P+R","47.89216713","16.90473956","","3","Pat:41:3531","Level 0",""
"at:41:3831:0:1","Jois Bahnhof","47.95667426","16.79077030","","","Pat:41:3831","Level 0","1"
"at:41:3831:3","Zugang","47.95675848","16.79041098","","2","Pat:41:3831","Level 0",""
"at:41:4109:0:1","Loipersbach-Schattendorf Bhf.","47.70064174","16.49203555","","","Pat:41:4109","Level 0","1"
"at:41:4109:0:4","Loipersbach-Schattendorf Bhf.","47.70062965","16.49199064","","","Pat:41:4109","Level 0","2"
"at:41:4109:2","Bus","47.70105284","16.49190979","","","Pat:41:4109","Level 0",""
"at:41:4109:3","Zugang","47.70093193","16.49170318","","2","Pat:41:4109","Level 0",""
"at:41:4109:4","P+R","47.70132490","16.49162233","","3","Pat:41:4109","Level 0",""
"at:41:4176:0:1","Marz-Rohrbach Bahnhof","47.71745816","16.42893789","","","Pat:41:4176","Level 0","1"
"at:41:4176:2","Bus","47.71728289","16.42870433","","","Pat:41:4176","Level 0",""
"at:41:4176:3","Zugang","47.71717410","16.42888399","","2","Pat:41:4176","Level 0",""
"at:41:4176:4","P+R","47.71713180","16.42903670","","3","Pat:41:4176","Level 0",""
"at:41:4177:0:1","Mattersburg Bahnhof","47.73576750","16.40887851","","","Pat:41:4177","Level 0","1"
"at:41:4177:0:3","Mattersburg Bahnhof","47.73579771","16.40893241","","","Pat:41:4177","Level 0","2"
"at:41:4177:2","Bus","47.73567688","16.40857308","","","Pat:41:4177","Level 0",""
"at:41:4177:3","Zugang","47.73545334","16.40882461","","2","Pat:41:4177","Level 0",""
"at:41:4177:4","P+R","47.73590042","16.40844732","","3","Pat:41:4177","Level 0",""
"at:41:4177:5","Bauweltstr.","47.73583396","16.40967801","","","Pat:41:4177","Level 0",""
"at:41:4177:6","ZG","47.73576146","16.40893241","","3","Pat:41:4177","Level -1",""
"at:41:4309:0:1","Mönchhof-Halbturn Bahnhof","47.87406951","16.94808327","","","Pat:41:4309","Level 0","1"
"at:41:4309:2","Bus","47.87382246","16.95017635","","","Pat:41:4309","Level 0",""
"at:41:4309:3","Zugang","47.87411771","16.94857735","","2","Pat:41:4309","Level 0",""
"at:41:4309:4","P+R","47.87388272","16.94905345","","3","Pat:41:4309","Level 0",""
"at:41:4325:0:1","Neudörfl Bahnhof","47.79389775","16.30041592","","","Pat:41:4325","Level 0","1"
"at:41:4325:0:2","Neudörfl Bahnhof","47.79375895","16.30034406","","","Pat:41:4325","Level 0","2"
"at:41:4325:2","Bus","47.79423570","16.30053270","","","Pat:41:4325","Level 0",""
"at:41:4325:3","Zugang","47.79390378","16.30007456","","2","Pat:41:4325","Level 0",""
"at:41:4325:4","P+R","47.79375291","16.30117051","","3","Pat:41:4325","Level 0",""
"at:41:4348:0:1","Neusiedl am See Bad Bahnhof","47.94269130","16.84497465","","","Pat:41:4348","Level 0","1"
"at:41:4348:2","Bus","47.94274546","16.84430989","","","Pat:41:4348","Level 0",""
"at:41:4348:3","Zugang","47.94285378","16.84390565","","2","Pat:41:4348","Level 0",""
"at:41:4351:0:1","Neusiedl am See Bahnhof","47.95574178","16.82374746","","","Pat:41:4351","Level 0","1"
"at:41:4351:0:3","Neusiedl am See Bahnhof","47.95581999","16.82366661","","","Pat:41:4351","Level 0","2"
"at:41:4351:0:4","Neusiedl am See Bahnhof","47.95584405","16.82363067","","","Pat:41:4351","Level 0","3"
"at:41:4351:2","Bus","47.95595234","16.82420560","","","Pat:41:4351","Level 0",""
"at:41:4351:3","Zugang","47.95611478","16.82453797","","2","Pat:41:4351","Level 0",""
"at:41:4351:4","P+R","47.95631932","16.82515781","","3","Pat:41:4351","Level 0",""
"at:41:4351:5","ZG","47.95622306","16.82453797","","3","Pat:41:4351","Level -1",""
"at:41:4367:0:1","Nickelsdorf Bahnhof","47.94295006","17.08585789","","","Pat:41:4367","Level 0","1"
"at:41:4367:0:3","Nickelsdorf Bahnhof","47.94302227","17.08592077","","","Pat:41:4367","Level 0","2"
"at:41:4367:2","Bus","47.94240848","17.08675620","","","Pat:41:4367","Level 0",""
"at:41:4367:3","Zugang","47.94247467","17.08683705","","2","Pat:41:4367","Level 0",""
"at:41:4367:4","P+R","47.94279962","17.08654959","","3","Pat:41:4367","Level 0",""
"at:41:4464:0:1","Pamhagen Bahnhof","47.70434157","16.90376938","","","Pat:41:4464","Level 0","1"
"at:41:4464:2","Bus","47.70386400","16.90349989","","","Pat:41:4464","Level 0",""
"at:41:4464:3","Zugang","47.70389422","16.90354480","","2","Pat:41:4464","Level 0",""
"at:41:4464:4","P+R","47.70438994","16.90408379","","3","Pat:41:4464","Level 0",""
"at:41:4469:0:2","Parndorf Bahnhof","47.98691961","16.87193309","","","Pat:41:4469","Level 0","2"
"at:41:4469:0:3","Parndorf Bahnhof","47.98686550","16.87192410","","","Pat:41:4469","Level 0","3"
"at:41:4469:2","Bus","47.98725029","16.86976815","","","Pat:41:4469","Level 0",""
"at:41:4469:3","Zugang","47.98722624","16.87035205","","2","Pat:41:4469","Level 0",""
"at:41:4469:4","bahn","47.98702783","16.87205885","","","Pat:41:4469","Level 0",""
"at:41:4473:0:1","Parndorf Ort Bahnhof","47.99219825","16.85172998","","","Pat:41:4473","Level 0","1"
"at:41:4473:0:2","Parndorf Ort Bahnhof","47.99211409","16.85164913","","","Pat:41:4473","Level 0","2"
"at:41:4473:0:6","Parndorf Ort Bahnhof","47.99188564","16.85128980","","","Pat:41:4473","Level 0","3"
"at:41:4473:3","Bus","47.99199986","16.85172998","","","Pat:41:4473","Level 0",""
"at:41:4473:4","Zugang","47.99190367","16.85219710","","2","Pat:41:4473","Level 0",""
"at:41:4473:5","P+R","47.99121832","16.85217015","","3","Pat:41:4473","Level 0",""
"at:41:4473:6","Zg","47.99208403","16.85145150","","3","Pat:41:4473","Level -1",""
"at:41:4592:0:1","Purbach am Neusiedler See Bf.","47.90641065","16.69869298","","","Pat:41:4592","Level 0","1"
"at:41:4592:0:3","Purbach am Neusiedler See Bf.","47.90638656","16.69874688","","","Pat:41:4592","Level 0","2"
"at:41:4592:2","Bus","47.90658528","16.69845942","","","Pat:41:4592","Level 0",""
"at:41:4592:3","Zugang","47.90642269","16.69835163","","2","Pat:41:4592","Level 0",""
"at:41:4592:4","P+R","47.90618182","16.69816298","","3","Pat:41:4592","Level 0",""
"at:41:4592:5","B+R","47.90642269","16.69846841","","3","Pat:41:4592","Level 0",""
"at:41:4731:0:1","Schützen am Gebirge Ruster Straße Bahnhof","47.85134214","16.63014255","","","Pat:41:4731","Level 0","1"
"at:41:4731:2","Bus","47.85045598","16.63112171","","","Pat:41:4731","Level 0",""
"at:41:4731:3","Zugang","47.85119143","16.62970237","","2","Pat:41:4731","Level 0",""
"at:41:4732:0:1","Schützen am Gebirge Bahnhof","47.84830986","16.61951548","","","Pat:41:4732","Level 0","1"
"at:41:4732:0:4","Schützen am Gebirge Bahnhof","47.84826163","16.61955141","","","Pat:41:4732","Level 0","2"
"at:41:4732:2","Bus","47.84852689","16.61912022","","","Pat:41:4732","Level 0",""
"at:41:4732:3","Zugang","47.84827972","16.61873394","","2","Pat:41:4732","Level 0",""
"at:41:4732:4","P+R","47.84815312","16.61819495","","3","Pat:41:4732","Level 0",""
"at:41:4732:5","B+R","47.84825561","16.61861716","","3","Pat:41:4732","Level 0",""
"at:41:4821:0:1","St. Andrä am Zicksee Bahnhof","47.78259319","16.92802389","","","Pat:41:4821","Level 0","1"
"at:41:4821:2","Bus","47.78288293","16.92814966","","","Pat:41:4821","Level 0",""
"at:41:4821:3","Zugang","47.78405393","16.92804186","","2","Pat:41:4821","Level 0",""
"at:41:4821:4","P+R","47.78238796","16.92822152","","3","Pat:41:4821","Level 0",""
"at:41:5143:0:1","Wallern im Bgld Bahnhof","47.73397915","16.93053019","","","Pat:41:5143","Level 0","1"
"at:41:5143:2","Bus","47.73336288","16.93093444","","","Pat:41:5143","Level 0",""
"at:41:5143:3","Zugang","47.73324809","16.93085359","","2","Pat:41:5143","Level 0",""
"at:41:5143:4","P+R","47.73314537","16.93084460","","3","Pat:41:5143","Level 0",""
"at:41:5157:0:1","Weiden am See Bahnhof","47.92576711","16.86384825","","","Pat:41:5157","Level 0","1"
"at:41:5157:2","Bus","47.92560458","16.86432436","","","Pat:41:5157","Level 0",""
"at:41:5157:3","Zugang","47.92568885","16.86430639","","2","Pat:41:5157","Level 0",""
"at:41:5157:4","P+R","47.92595973","16.86420758","","3","Pat:41:5157","Level 0",""
"at:41:5233:0:1","Wiesen-Sigleß Bahnhof","47.75364764","16.36938857","","","Pat:41:5233","Level 0","1"
"at:41:5233:2","Bus","47.75333963","16.37045756","","","Pat:41:5233","Level 0",""
"at:41:5233:3","Zugang","47.75295913","16.37034977","","2","Pat:41:5233","Level 0",""
"at:41:5233:4","P+R","47.75293497","16.36974789","","3","Pat:41:5233","Level 0",""
"at:41:5233:5","B+R","47.75304973","16.37010722","","3","Pat:41:5233","Level 0",""
"at:41:5248:0:1","Winden am See Bahnhof","47.94710802","16.75929333","","","Pat:41:5248","Level 0","1"
"at:41:5248:3","Zugang","47.94696962","16.75867350","","2","Pat:41:5248","Level 0",""
"at:41:5248:4","P+R","47.94708395","16.75896096","","","Pat:41:5248","Level 0",""
"at:41:5286:0:4","Wulkaprodersdorf Bahnhof","47.78941364","16.49058927","","","Pat:41:5286","Level 0","3"
"at:41:5286:2","Bus","47.78930500","16.49103842","","","Pat:41:5286","Level 0",""
"at:41:5286:3","Zugang","47.78922654","16.49089469","","2","Pat:41:5286","Level 0",""
"at:41:5286:4","P+R","47.78956453","16.49102046","","3","Pat:41:5286","Level 0",""
"at:41:5288:0:1","Wulkaprodersdorf Rathausgasse","47.79918403","16.49654510","","","Pat:41:5288","Level 0","1"
"at:41:5288:3","Zugang","47.79893059","16.49619475","","2","Pat:41:5288","Level 0",""
"at:41:5312:0:1","Zurndorf Bahnhof","47.96815743","17.02392803","","","Pat:41:5312","Level 0","1"
"at:41:5312:0:3","Zurndorf Bahnhof","47.96781460","17.02529347","","","Pat:41:5312","Level 0","2"
"at:41:5312:2","Bus","47.96841004","17.02369447","","","Pat:41:5312","Level 0",""
"at:41:5312:3","Zugang","47.96838599","17.02394600","","2","Pat:41:5312","Level 0",""
"at:41:5312:4","P+R","47.96846418","17.02295785","","3","Pat:41:5312","Level 0",""
"at:41:5312:5","B+R","47.96844613","17.02324531","","3","Pat:41:5312","Level 0",""
"at:41:5969:0:1","Neudorf","48.00875813","16.93782451","","","Pat:41:5969","Level 0","1"
"at:41:5969:2","Bus","48.00907065","16.93888453","","","Pat:41:5969","Level 0",""
"at:41:5969:3","Zugang","48.00905863","16.93856113","","2","Pat:41:5969","Level 0",""
"at:41:5969:4","P+R","48.00914877","16.93846232","","3","Pat:41:5969","Level 0",""
"at:41:5970:0:1","Gattendorf Bahnhof","48.01061515","16.98056635","","","Pat:41:5970","Level 0","1"
"at:41:5970:0:2","Gattendorf Bahnhof","48.01052501","16.98058432","","","Pat:41:5970","Level 0","2"
"at:41:5970:2","Bus","48.01096371","16.98282113","","","Pat:41:5970","Level 0",""
"at:41:5970:3","Zugang","48.01123415","16.98261451","","2","Pat:41:5970","Level 0",""
"at:41:5970:4","P+R","48.01121011","16.98245282","","3","Pat:41:5970","Level 0",""
"at:41:5971:0:1","Pama Bahnhof","48.04207216","17.04134637","","","Pat:41:5971","Level 0","1"
"at:41:5971:2","Bus","48.04245655","17.04142722","","","Pat:41:5971","Level 0",""
"at:41:5971:3","Zugang","48.04230039","17.04096009","","2","Pat:41:5971","Level 0",""
"at:41:5971:4","P+R","48.04219228","17.04088823","","3","Pat:41:5971","Level 0",""
"at:41:5972:0:1","Kittsee Bahnhof","48.08219462","17.07204180","","","Pat:41:5972","Level 0","1"
"at:41:5972:2","Bus","48.08153447","17.07056856","","","Pat:41:5972","Level 0",""
"at:41:5972:3","Zugang","48.08118038","17.07119738","","2","Pat:41:5972","Level 0",""
"at:41:5972:4","P+R","48.08137843","17.07127823","","3","Pat:41:5972","Level 0",""
"at:41:5980:0:1","Mattersburg Nord Bahnhof","47.74144632","16.40250945","","","Pat:41:5980","Level 0","1"
"at:41:5980:2","Bus","47.74157922","16.40149436","","","Pat:41:5980","Level 0",""
"at:41:5980:3","Zugang","47.74162151","16.40193453","","2","Pat:41:5980","Level 0",""
"at:41:7075:0:3","Jennersdorf Bahnhof","46.93504377","16.13897968","","","Pat:41:7075","Level 0","2"
"at:41:7075:2","Bus","46.93533207","16.13968037","","","Pat:41:7075","Level 0",""
"at:41:7075:3","Zugang","46.93533207","16.13950969","","2","Pat:41:7075","Level 0",""
"at:41:7455:0:1","Mogersdorf Bahnhof","46.94550725","16.22932325","","","Pat:41:7455","Level 0","1"
"at:41:7455:2","Bus","46.94564217","16.22950291","","","Pat:41:7455","Level 0",""
"at:42:2121:0:1","Mallnitz-Obervellach Bahnhof","46.98108985","13.17628197","","","Pat:42:2121","Level 0","1"
"at:42:2121:0:2","Mallnitz-Obervellach Bahnhof","46.98121242","13.17639876","","","Pat:42:2121","Level 0","2"
"at:42:2121:0:3","Mallnitz-Obervellach Bahnhof","46.98123693","13.17647960","","","Pat:42:2121","Level 0","3"
"at:42:2121:1","Vorplatz","46.98191721","13.17540163","","","Pat:42:2121","Level 0",""
"at:42:2121:10","Autoverladung-ab","46.98210107","13.17576095","","","Pat:42:2121","Level 0",""
"at:42:2121:11","K+R","46.98186205","13.17549146","","3","Pat:42:2121","Level 0",""
"at:42:2121:12","B+R","46.98205204","13.17537468","","3","Pat:42:2121","Level 0",""
"at:42:2121:13","P+R","46.98128596","13.17598553","","3","Pat:42:2121","Level 0",""
"at:42:2121:14","Zugang","46.98146982","13.17596756","","2","Pat:42:2121","Level 0",""
"at:42:2121:15","Unterführung","46.98177012","13.17599451","","3","Pat:42:2121","Level -1",""
"at:42:2121:16","Zugang 2","46.98183754","13.17547349","","2","Pat:42:2121","Level 0",""
"at:42:2121:9","Autoverladung-an","46.98000506","13.17684791","","","Pat:42:2121","Level 0",""
"at:42:2125:0:1","Kolbnitz Bahnhof","46.87885811","13.32061429","","","Pat:42:2125","Level 0","1"
"at:42:2125:1","Bus","46.87805985","13.32196176","","","Pat:42:2125","Level 0",""
"at:42:2125:10","Zugang","46.87842828","13.32138684","","2","Pat:42:2125","Level 0",""
"at:42:2125:11","B+R","46.87812740","13.32183600","","3","Pat:42:2125","Level 0",""
"at:42:2125:9","P+R","46.87839758","13.32137786","","3","Pat:42:2125","Level 0",""
"at:42:2126:0:1","Mühldorf-Möllbrücke Bahnhst","46.85150192","13.36681465","","","Pat:42:2126","Level 0","1"
"at:42:2126:0:2","Mühldorf-Möllbrücke Bahnhst","46.85155106","13.36687753","","","Pat:42:2126","Level 0","2"
"at:42:2126:1","Bus","46.85117017","13.36689550","","","Pat:42:2126","Level 0",""
"at:42:2126:10","B+R","46.85153263","13.36628464","","3","Pat:42:2126","Level 0",""
"at:42:2126:11","Zugang","46.85155721","13.36631159","","2","Pat:42:2126","Level 0",""
"at:42:2126:12","Unterführung","46.85167393","13.36645532","","3","Pat:42:2126","Level -1",""
"at:42:2126:9","K+R","46.85166779","13.36619481","","3","Pat:42:2126","Level 0",""
"at:42:2127:0:1","Pusarnitz Bahnhof","46.83513313","13.40448101","","","Pat:42:2127","Level 0","1"
"at:42:2127:0:2","Pusarnitz Bahnhof","46.83521917","13.40456185","","","Pat:42:2127","Level 0","2"
"at:42:2127:1","Bus","46.83555716","13.40516373","","","Pat:42:2127","Level 0",""
"at:42:2127:10","P+R  Nord","46.83520688","13.40509186","","3","Pat:42:2127","Level 0",""
"at:42:2127:11","B+R","46.83518844","13.40499305","","3","Pat:42:2127","Level 0",""
"at:42:2127:12","Zugang Nord","46.83540353","13.40495711","","2","Pat:42:2127","Level 0",""
"at:42:2127:13","Zugang Süd","46.83489961","13.40413965","","2","Pat:42:2127","Level 0",""
"at:42:2127:14","Unterführung","46.83517000","13.40457982","","3","Pat:42:2127","Level -1",""
"at:42:2127:9","P+R Süd","46.83493033","13.40397795","","3","Pat:42:2127","Level 0",""
"at:42:2128:0:2","Spittal-Millstätter See Bahnhof","46.79625573","13.48735957","","","Pat:42:2128","Level 0","2"
"at:42:2128:0:3","Spittal-Millstätter See Bahnhof","46.79624343","13.48727873","","","Pat:42:2128","Level 0","3"
"at:42:2128:0:4","Spittal-Millstätter See Bahnhof","46.79621268","13.48717991","","","Pat:42:2128","Level 0","4"
"at:42:2128:0:5","Spittal-Millstätter See Bahnhof","46.79618808","13.48708110","","","Pat:42:2128","Level 0","5"
"at:42:2128:0:7","Spittal-Millstätter See Bahnhof","46.79555464","13.48791653","","","Pat:42:2128","Level 0","1"
"at:42:2128:1","Bus","46.79514875","13.48876095","","","Pat:42:2128","Level 0",""
"at:42:2128:10","K+R","46.79564689","13.48820399","","3","Pat:42:2128","Level 0",""
"at:42:2128:11","Haupteingang","46.79589289","13.48818602","","2","Pat:42:2128","Level 0",""
"at:42:2128:12","Unterführung","46.79585599","13.48767399","","3","Pat:42:2128","Level -1",""
"at:42:2128:13","Eingang 2","46.79509340","13.48823992","","2","Pat:42:2128","Level 0",""
"at:42:2128:6","B+R","46.79510570","13.48838365","","3","Pat:42:2128","Level 0",""
"at:42:2130:0:1","Rothenthurn Bahnhof","46.75951647","13.58249116","","","Pat:42:2130","Level 0","1"
"at:42:2130:1","Bus","46.76011341","13.58275167","","","Pat:42:2130","Level 0",""
"at:42:2130:10","B+R","46.75979340","13.58241930","","3","Pat:42:2130","Level 0",""
"at:42:2130:11","Zugang","46.75985494","13.58251811","","2","Pat:42:2130","Level 0",""
"at:42:2130:12","Bus Vorplatz","46.75983033","13.58192522","","","Pat:42:2130","Level 0",""
"at:42:2130:9","K+R","46.75983648","13.58250913","","3","Pat:42:2130","Level 0",""
"at:42:2131:0:1","Ferndorf in Ktn Bahnhst","46.73243200","13.62944610","","","Pat:42:2131","Level 0","1"
"at:42:2131:0:2","Ferndorf in Ktn Bahnhst","46.73237658","13.62938322","","","Pat:42:2131","Level 0","2"
"at:42:2131:1","Bus","46.73235811","13.62898796","","","Pat:42:2131","Level 0",""
"at:42:2131:10","Zugang Nord","46.73283837","13.62910474","","2","Pat:42:2131","Level 0",""
"at:42:2131:11","Zugang Süd","46.73267828","13.62858372","","2","Pat:42:2131","Level 0",""
"at:42:2131:12","B+R","46.73251820","13.62897000","","3","Pat:42:2131","Level 0",""
"at:42:2131:13","Zugang 3","46.73323857","13.62800880","","2","Pat:42:2131","Level 1",""
"at:42:2131:14","Zugang 4","46.73312159","13.62795490","","2","Pat:42:2131","Level 1",""
"at:42:2131:15","Überführung","46.73317700","13.62797287","","3","Pat:42:2131","Level 1",""
"at:42:2131:9","K+R","46.73271522","13.62848491","","3","Pat:42:2131","Level 0",""
"at:42:2132:0:1","Markt Paternion Bahnhst","46.72456880","13.64384610","","","Pat:42:2132","Level 0","1"
"at:42:2132:0:2","Markt Paternion Bahnhst","46.72605901","13.64097149","","","Pat:42:2132","Level 0","2"
"at:42:2132:1","Bus","46.72562180","13.64301066","","","Pat:42:2132","Level 0",""
"at:42:2132:10","Zugang Nord","46.72535086","13.64258846","","2","Pat:42:2132","Level 0",""
"at:42:2132:11","Zugang Süd","46.72523386","13.64230998","","2","Pat:42:2132","Level 0",""
"at:42:2132:12","P+R","46.72541244","13.64253456","","3","Pat:42:2132","Level 0",""
"at:42:2132:13","B+R","46.72548633","13.64236388","","3","Pat:42:2132","Level 0",""
"at:42:2133:0:1","Paternion-Feistritz Bahnhst","46.70705258","13.67435288","","","Pat:42:2133","Level 1","1"
"at:42:2133:0:2","Paternion-Feistritz Bahnhst","46.70703410","13.67432593","","","Pat:42:2133","Level 0","2"
"at:42:2133:1","Bus","46.70657210","13.67515238","","","Pat:42:2133","Level 0",""
"at:42:2133:10","P+R","46.70636266","13.67557459","","3","Pat:42:2133","Level 0",""
"at:42:2133:11","B+R","46.70699098","13.67466729","","3","Pat:42:2133","Level 0",""
"at:42:2133:12","Unterführung","46.70731746","13.67401152","","3","Pat:42:2133","Level -1",""
"at:42:2133:9","Zugang","46.70695402","13.67478408","","2","Pat:42:2133","Level 0",""
"at:42:2134:0:1","Weissenstein-Kellerberg Bahnhst","46.67941172","13.72032866","","","Pat:42:2134","Level 0","1"
"at:42:2134:0:2","Weissenstein-Kellerberg Bahnhst","46.67935009","13.72029273","","","Pat:42:2134","Level 0","2"
"at:42:2134:1","Bus","46.67949184","13.72118206","","","Pat:42:2134","Level 1",""
"at:42:2134:10","P+R Nord","46.67948568","13.72099341","","3","Pat:42:2134","Level 1",""
"at:42:2134:11","P+R Süd","46.67940556","13.71973577","","3","Pat:42:2134","Level 0",""
"at:42:2134:12","Zugang Nord","46.67940556","13.72070595","","2","Pat:42:2134","Level 1",""
"at:42:2134:13","Zugang Süd","46.67940556","13.71981662","","2","Pat:42:2134","Level 0",""
"at:42:2134:14","Zugang 3","46.67918368","13.72054426","","2","Pat:42:2134","Level 1",""
"at:42:2134:15","Überführung","46.67926997","13.72067002","","3","Pat:42:2134","Level 1",""
"at:42:2134:9","B+R","46.67931311","13.71999628","","3","Pat:42:2134","Level 0",""
"at:42:2136:0:1","Puch b.Villach Bahnhst","46.66302756","13.76038454","","","Pat:42:2136","Level 0","1"
"at:42:2136:0:2","Puch b.Villach Bahnhst","46.66299057","13.76037556","","","Pat:42:2136","Level 0","2"
"at:42:2136:1","Bus","46.66348377","13.75915385","","","Pat:42:2136","Level 0",""
"at:42:2136:10","Zugang Süd","46.66294741","13.75930656","","2","Pat:42:2136","Level 0",""
"at:42:2136:11","P+R","46.66343445","13.75881249","","3","Pat:42:2136","Level 0",""
"at:42:2136:12","B+R","46.66343445","13.75895622","","3","Pat:42:2136","Level 0",""
"at:42:2136:9","Zugang Nord","46.66336047","13.75903707","","2","Pat:42:2136","Level 0",""
"at:42:2137:0:1","Gödersdorf Bahnhst","46.56853387","13.84747621","","","Pat:42:2137","Level 0","1"
"at:42:2137:0:2","Gödersdorf Bahnhst","46.56846593","13.84748519","","","Pat:42:2137","Level 0","2"
"at:42:2137:1","SEV","46.56808303","13.84700010","","","Pat:42:2137","Level 0",""
"at:42:2137:10","B+R Süd","46.56826831","13.84694620","","3","Pat:42:2137","Level 0",""
"at:42:2137:11","P+R Nord","46.56866974","13.84749417","","3","Pat:42:2137","Level 0",""
"at:42:2137:12","Zugang Nord","46.56858945","13.84696417","","2","Pat:42:2137","Level 0",""
"at:42:2137:13","Zugang Süd","46.56818802","13.84695518","","2","Pat:42:2137","Level 0",""
"at:42:2137:14","P+R S","46.56817567","13.84678450","","3","Pat:42:2137","Level 0",""
"at:42:2137:15","Unterführung","46.56838565","13.84704501","","3","Pat:42:2137","Level -1",""
"at:42:2137:9","B+R Nord","46.56857710","13.84702705","","3","Pat:42:2137","Level 0",""
"at:42:2138:0:1","Finkenstein am Faaker See Bahnhst","46.56881795","13.86845187","","","Pat:42:2138","Level 0","1"
"at:42:2138:1","Bus","46.56897852","13.86775118","","","Pat:42:2138","Level 0",""
"at:42:2138:10","P+R","46.56900323","13.86734694","","3","Pat:42:2138","Level 0",""
"at:42:2138:11","B+R","46.56897852","13.86739186","","3","Pat:42:2138","Level 0",""
"at:42:2138:9","Zugang","46.56896617","13.86764338","","2","Pat:42:2138","Level 0",""
"at:42:2139:0:1","Faak am See Bahnhof","46.56430946","13.91195728","","","Pat:42:2139","Level 0","1"
"at:42:2139:1","Bus","46.56464915","13.91266695","","","Pat:42:2139","Level 0",""
"at:42:2139:10","Zugang Süd","46.56409329","13.91079845","","2","Pat:42:2139","Level 0",""
"at:42:2139:11","B+R","46.56442063","13.91150812","","3","Pat:42:2139","Level 0",""
"at:42:2139:12","P+R","46.56436505","13.91112184","","3","Pat:42:2139","Level 0",""
"at:42:2139:13","Unterführung Nord","46.56424152","13.91058285","","3","Pat:42:2139","Level -1",""
"at:42:2139:14","Unterführung Süd","46.56411799","13.91060082","","3","Pat:42:2139","Level -1",""
"at:42:2139:15","Bahnbereich Süd","46.56421681","13.91202914","","","Pat:42:2139","Level 0",""
"at:42:2139:9","Zugang Nord","46.56433416","13.91140032","","2","Pat:42:2139","Level 0",""
"at:42:2143:0:2","Rosenbach Bahnhof","46.53043436","14.03507139","","","Pat:42:2143","Level 0","2"
"at:42:2143:1","Bus","46.53034166","14.03558343","","","Pat:42:2143","Level 0",""
"at:42:2143:10","K+R","46.53021806","14.03529597","","3","Pat:42:2143","Level 0",""
"at:42:2143:11","Zugang","46.53044054","14.03523308","","2","Pat:42:2143","Level 0",""
"at:42:2143:12","Unterführung","46.53027986","14.03503545","","3","Pat:42:2143","Level -1",""
"at:42:2143:13","Zugang 2","46.53111417","14.03583495","","2","Pat:42:2143","Level 0",""
"at:42:2143:7","Bahnbereich 1","46.53099675","14.03553851","","","Pat:42:2143","Level 0",""
"at:42:2143:9","B+R","46.53030458","14.03534986","","3","Pat:42:2143","Level 0",""
"at:42:2149:0:1","Ledenitzen Bahnhst","46.56285801","13.96592806","","","Pat:42:2149","Level 0","1"
"at:42:2149:2","P+R","46.56274684","13.96517347","","3","Pat:42:2149","Level 0",""
"at:42:2149:3","Zugang","46.56287654","13.96559568","","2","Pat:42:2149","Level 0",""
"at:42:2149:4","B+R","46.56277772","13.96572145","","3","Pat:42:2149","Level 0",""
"at:42:2149:5","Bus","46.56288272","13.96530822","","","Pat:42:2149","Level 0",""
"at:42:3625:0:1","Friesach Bahnhof","46.95331366","14.41068396","","","Pat:42:3625","Level 0","1"
"at:42:3625:0:2","Friesach Bahnhof","46.95358959","14.41041446","","","Pat:42:3625","Level 0","2"
"at:42:3625:0:3","Friesach Bahnhof","46.95362638","14.41047734","","","Pat:42:3625","Level 0","3"
"at:42:3625:1","Bus","46.95306839","14.41054023","","","Pat:42:3625","Level 0",""
"at:42:3625:10","P+R","46.95371223","14.40994734","","3","Pat:42:3625","Level 0",""
"at:42:3625:11","B+R","46.95347922","14.41024378","","3","Pat:42:3625","Level 0",""
"at:42:3625:12","Unterführung","46.95354054","14.41044141","","3","Pat:42:3625","Level -1",""
"at:42:3625:9","Zugang","46.95331366","14.41048633","","2","Pat:42:3625","Level 0",""
"at:42:3626:0:1","Micheldorf-Hirt Bahnhst","46.91402477","14.43165064","","","Pat:42:3626","Level 0","1"
"at:42:3626:0:2","Micheldorf-Hirt Bahnhst","46.91401863","14.43156080","","","Pat:42:3626","Level 0","2"
"at:42:3626:1","Bus","46.91456477","14.43302506","","","Pat:42:3626","Level 0",""
"at:42:3626:10","Zugang Ost","46.91361363","14.43180335","","2","Pat:42:3626","Level -1",""
"at:42:3626:11","B+R 1","46.91358295","14.43146199","","3","Pat:42:3626","Level -1",""
"at:42:3626:12","B+R 2","46.91363818","14.43197403","","3","Pat:42:3626","Level -1",""
"at:42:3626:13","Unterführung","46.91359522","14.43171352","","3","Pat:42:3626","Level -1",""
"at:42:3626:15","Zugang NW","46.91451567","14.43139012","","2","Pat:42:3626","Level 0",""
"at:42:3626:16","Zugang NO","46.91452795","14.43156080","","2","Pat:42:3626","Level 0",""
"at:42:3626:9","Zugang West","46.91359522","14.43162369","","2","Pat:42:3626","Level -1",""
"at:42:3627:0:2","Treibach-Althofen","46.86816665","14.46550814","","","Pat:42:3627","Level 0","2"
"at:42:3627:0:3","Treibach-Althofen","46.86816665","14.46558000","","","Pat:42:3627","Level 0","3"
"at:42:3627:1","Bus","46.86858428","14.46443016","","","Pat:42:3627","Level 0",""
"at:42:3627:10","B+R Ost","46.86886679","14.46592136","","3","Pat:42:3627","Level 0",""
"at:42:3627:11","K+R","46.86838775","14.46508593","","3","Pat:42:3627","Level 0",""
"at:42:3627:12","Zugang West","46.86882994","14.46502305","","2","Pat:42:3627","Level 0",""
"at:42:3627:13","Zugang Ost","46.86910631","14.46640645","","2","Pat:42:3627","Level 0",""
"at:42:3627:14","Unterführung","46.86884837","14.46562492","","3","Pat:42:3627","Level -1",""
"at:42:3627:7","Bahnbereich 1","46.86859042","14.46535542","","","Pat:42:3627","Level 0",""
"at:42:3627:9","B+R West","46.86862113","14.46508593","","3","Pat:42:3627","Level 0",""
"at:42:3628:0:1","Kappel am Krappfeld Bahnhst","46.83742531","14.47582080","","","Pat:42:3628","Level 0","1"
"at:42:3628:0:2","Kappel am Krappfeld Bahnhst","46.83739458","14.47574893","","","Pat:42:3628","Level 0","2"
"at:42:3628:1","Bus","46.83710576","14.47495841","","","Pat:42:3628","Level 0",""
"at:42:3628:10","P+R","46.83762810","14.47538062","","3","Pat:42:3628","Level 0",""
"at:42:3628:11","B+R","46.83787390","14.47579385","","3","Pat:42:3628","Level 0",""
"at:42:3628:13","Zugang 2","46.83766497","14.47571300","","2","Pat:42:3628","Level 0",""
"at:42:3628:14","Mikro ÖV","46.83751134","14.47543452","","","Pat:42:3628","Level 0",""
"at:42:3628:9","Zugang 1","46.83755435","14.47559622","","2","Pat:42:3628","Level 0",""
"at:42:3629:0:1","Passering Bahnhst","46.80670941","14.46992785","","","Pat:42:3629","Level 0","1"
"at:42:3629:0:2","Passering Bahnhst","46.80669711","14.46982005","","","Pat:42:3629","Level 0","2"
"at:42:3629:1","Bus","46.80686927","14.46925411","","","Pat:42:3629","Level 0",""
"at:42:3629:10","Zugang2","46.80670941","14.47012548","","2","Pat:42:3629","Level 0",""
"at:42:3629:11","P+R","46.80691231","14.46929005","","3","Pat:42:3629","Level 0",""
"at:42:3629:12","B+R","46.80659873","14.46989192","","3","Pat:42:3629","Level 0",""
"at:42:3629:14","Unterführung","46.80705988","14.46929903","","3","Pat:42:3629","Level -1",""
"at:42:3629:15","Mikro ÖV","46.80701684","14.46909242","","","Pat:42:3629","Level 0",""
"at:42:3629:9","Zugang1","46.80668481","14.46972124","","2","Pat:42:3629","Level 0",""
"at:42:3631:0:2","Launsdorf-Hochosterwitz Bahnhof","46.76890669","14.45567159","","","Pat:42:3631","Level 0","2"
"at:42:3631:0:3","Launsdorf-Hochosterwitz Bahnhof","46.76895591","14.45563565","","","Pat:42:3631","Level 0","3"
"at:42:3631:1","Bus","46.76857443","14.45553684","","","Pat:42:3631","Level 0",""
"at:42:3631:10","B+R","46.76877747","14.45603091","","3","Pat:42:3631","Level 0",""
"at:42:3631:11","Zugang Nord","46.76928817","14.45584227","","2","Pat:42:3631","Level 0",""
"at:42:3631:12","Zugang Süd","46.76869749","14.45588718","","2","Pat:42:3631","Level 0",""
"at:42:3631:13","Unterführung","46.76899898","14.45599498","","3","Pat:42:3631","Level -1",""
"at:42:3631:7","Bahnbereich 1","46.76858058","14.45506971","","","Pat:42:3631","Level 0",""
"at:42:3631:9","P+R","46.76918972","14.45709991","","3","Pat:42:3631","Level 0",""
"at:42:3632:0:1","St.Georgen am Längsee Bahnhst","46.76182418","14.42317952","","","Pat:42:3632","Level 0","1"
"at:42:3632:0:2","St.Georgen am Längsee Bahnhst","46.76187957","14.42317054","","","Pat:42:3632","Level 0","2"
"at:42:3632:1","Bus","46.76211341","14.42298189","","","Pat:42:3632","Level 0",""
"at:42:3632:10","B+R Nord","46.76192264","14.42297291","","3","Pat:42:3632","Level 0",""
"at:42:3632:11","B+R Süd","46.76179957","14.42422157","","3","Pat:42:3632","Level 0",""
"at:42:3632:12","Zugang Nord","46.76194726","14.42287409","","2","Pat:42:3632","Level 0",""
"at:42:3632:13","Zugang Süd","46.76182418","14.42418564","","2","Pat:42:3632","Level 0",""
"at:42:3632:14","Unterführung","46.76201495","14.42442818","","3","Pat:42:3632","Level -1",""
"at:42:3632:9","P+R","46.76194726","14.42289206","","3","Pat:42:3632","Level 0",""
"at:42:3633:0:1","St. Veit an der Glan Bahnhof","46.77078945","14.36697193","","","Pat:42:3633","Level 0","1"
"at:42:3633:0:2","St. Veit an der Glan Bahnhof","46.77078945","14.36709770","","","Pat:42:3633","Level 0","2"
"at:42:3633:0:3","St. Veit an der Glan Bahnhof","46.77076484","14.36725041","","","Pat:42:3633","Level 0","3"
"at:42:3633:0:4","St. Veit an der Glan Bahnhof","46.77033415","14.36712465","","","Pat:42:3633","Level 0","4"
"at:42:3633:0:5","St. Veit an der Glan Bahnhof","46.77030954","14.36727736","","","Pat:42:3633","Level 0","5"
"at:42:3633:1","Bus","46.77037107","14.36606464","","","Pat:42:3633","Level 0",""
"at:42:3633:10","B+R west","46.77075869","14.36672041","","3","Pat:42:3633","Level 0",""
"at:42:3633:11","P+R Ost","46.77013726","14.36782533","","3","Pat:42:3633","Level 0",""
"at:42:3633:12","P+R west","46.77110939","14.36674736","","3","Pat:42:3633","Level 0",""
"at:42:3633:13","Zugang 1","46.77067870","14.36637905","","2","Pat:42:3633","Level 0",""
"at:42:3633:14","Zugang 2","46.77039568","14.36789720","","2","Pat:42:3633","Level 0",""
"at:42:3633:15","Eingang","46.77025416","14.36619040","","2","Pat:42:3633","Level 0",""
"at:42:3633:16","Unterführung","46.77047566","14.36750194","","3","Pat:42:3633","Level -1",""
"at:42:3633:9","B+R Ost","46.77039568","14.36785228","","3","Pat:42:3633","Level 0",""
"at:42:3636:0:1","Glandorf Bahnhst","46.75061088","14.38115633","","","Pat:42:3636","Level 1","1"
"at:42:3636:0:2","Glandorf Bahnhst","46.75061088","14.38124616","","","Pat:42:3636","Level 1","2"
"at:42:3636:1","Bus","46.75021695","14.38066226","","","Pat:42:3636","Level 0",""
"at:42:3636:10","Zugang Ost","46.74993997","14.38132701","","2","Pat:42:3636","Level 0",""
"at:42:3636:11","P+R","46.75047547","14.38133600","","3","Pat:42:3636","Level 0",""
"at:42:3636:12","B+R","46.75053702","14.38144379","","3","Pat:42:3636","Level 0",""
"at:42:3636:14","Treppe Ost","46.75033390","14.38130905","","2","Pat:42:3636","Level 0",""
"at:42:3636:9","Zugang West","46.74990304","14.38092277","","2","Pat:42:3636","Level 0",""
"at:42:3639:0:1","Maria Saal Bahnhof","46.68282600","14.33919603","","","Pat:42:3639","Level 0","1"
"at:42:3639:0:2","Maria Saal Bahnhof","46.68317728","14.33991468","","","Pat:42:3639","Level 0","2"
"at:42:3639:0:3","Maria Saal Bahnhof","46.68311565","14.33999553","","","Pat:42:3639","Level 0","3"
"at:42:3639:1","Bus","46.68294309","14.33899840","","","Pat:42:3639","Level 0",""
"at:42:3639:10","Zugang 1","46.68289379","14.33889060","","2","Pat:42:3639","Level 0",""
"at:42:3639:11","Zugang 2","46.68244391","14.33919603","","2","Pat:42:3639","Level 0",""
"at:42:3639:12","Unterführung","46.68255484","14.33906128","","3","Pat:42:3639","Level -1",""
"at:42:3639:13","P+R","46.68307251","14.33935772","","3","Pat:42:3639","Level 0",""
"at:42:3639:9","B+R","46.68271507","14.33881873","","3","Pat:42:3639","Level 0",""
"at:42:3640:0:2","Klagenfurt Annabichl Bahnhst","46.65001161","14.31519304","","","Pat:42:3640","Level 0","2"
"at:42:3640:0:4","Klagenfurt Annabichl Bahnhst","46.64999928","14.31511219","","","Pat:42:3640","Level 0","1"
"at:42:3640:1","Bus","46.65082559","14.31431269","","","Pat:42:3640","Level 0",""
"at:42:3640:10","Zugang Ost","46.65088109","14.31495948","","2","Pat:42:3640","Level 0",""
"at:42:3640:11","P+R","46.65094275","14.31461812","","3","Pat:42:3640","Level 0",""
"at:42:3640:12","B+R","46.65096125","14.31460914","","3","Pat:42:3640","Level 0",""
"at:42:3640:13","Zugang 3","46.65081942","14.31474388","","2","Pat:42:3640","Level -1",""
"at:42:3640:14","Zugang 4","46.65078859","14.31503134","","2","Pat:42:3640","Level -1",""
"at:42:3640:15","Unterführung","46.65083175","14.31486965","","3","Pat:42:3640","Level -1",""
"at:42:3640:9","Zugang West","46.65088725","14.31477982","","2","Pat:42:3640","Level 0",""
"at:42:3641:0:2","Klagenfurt Ostbahnhof g2","46.62132356","14.32208312","","","Pat:42:3641","Level 0","2"
"at:42:3641:0:4","Klagenfurt Ostbahnhof g1","46.62131739","14.32197532","","","Pat:42:3641","Level 0","1"
"at:42:3641:1","Bus","46.62160120","14.32122972","","","Pat:42:3641","Level 0",""
"at:42:3641:10","Unterführung","46.62205776","14.32184057","","3","Pat:42:3641","Level -1",""
"at:42:3641:11","P+R","46.62161354","14.32175973","","3","Pat:42:3641","Level 0",""
"at:42:3641:12","B+R","46.62211946","14.32174176","","3","Pat:42:3641","Level 0",""
"at:42:3641:9","Zugang","46.62198372","14.32173278","","2","Pat:42:3641","Level 0",""
"at:42:3642:0:2","Klagenfurt Hauptbahnhof","46.61580749","14.31366591","","","Pat:42:3642","Level 0","1"
"at:42:3642:0:3","Klagenfurt Hauptbahnhof","46.61572728","14.31066553","","","Pat:42:3642","Level 0","21"
"at:42:3642:0:4","Klagenfurt Hauptbahnhof","46.61557302","14.31370184","","","Pat:42:3642","Level 0","4"
"at:42:3642:0:47","Klagenfurt Hauptbahnhof","46.61592473","14.31612729","","","Pat:42:3642","Level 0","11"
"at:42:3642:0:5","Klagenfurt Hauptbahnhof","46.61548663","14.31371082","","","Pat:42:3642","Level 0","5"
"at:42:3642:0:6","Klagenfurt Hauptbahnhof","46.61573962","14.31368387","","","Pat:42:3642","Level 0","2"
"at:42:3642:0:7","Klagenfurt Hauptbahnhof","46.61563472","14.31370184","","","Pat:42:3642","Level 0","3"
"at:42:3642:1","Stadtbus","46.61616538","14.31271369","","","Pat:42:3642","Level 0",""
"at:42:3642:10","B+R Nord","46.61603580","14.31505829","","3","Pat:42:3642","Level 0",""
"at:42:3642:11","K+R Nord","46.61613452","14.31391743","","3","Pat:42:3642","Level 0",""
"at:42:3642:12","K+R Süd","46.61515343","14.31312692","","3","Pat:42:3642","Level 0",""
"at:42:3642:13","B+R Süd","46.61518428","14.31381862","","3","Pat:42:3642","Level 0",""
"at:42:3642:14","Überführung","46.61570260","14.31357607","","3","Pat:42:3642","Level 1",""
"at:42:3642:15","FernVerkehr Bus","46.61625793","14.31248013","","","Pat:42:3642","Level 0",""
"at:42:3642:2","Haupteingang","46.61612218","14.31354014","","2","Pat:42:3642","Level 0",""
"at:42:3642:3","Eingang Bf-Platz","46.61597409","14.31238131","","2","Pat:42:3642","Level 0",""
"at:42:3642:4","Eingang Süd","46.61512257","14.31335150","","2","Pat:42:3642","Level 0",""
"at:42:3642:5","z-ost","46.61606665","14.31515711","","2","Pat:42:3642","Level 0",""
"at:42:3642:9","Busterminal","46.61636283","14.31158181","","","Pat:42:3642","Level 0",""
"at:42:3643:0:1","Klagenfurt West Bahnhst","46.62292151","14.26672893","","","Pat:42:3643","Level 1","1"
"at:42:3643:0:2","Klagenfurt West Bahnhst","46.62298321","14.26673792","","","Pat:42:3643","Level 1","2"
"at:42:3643:1","Bus","46.62275493","14.26697148","","","Pat:42:3643","Level 0",""
"at:42:3643:10","P+R","46.62271174","14.26661215","","3","Pat:42:3643","Level 0",""
"at:42:3643:11","Zugang Nord","46.62300788","14.26892980","","2","Pat:42:3643","Level 0",""
"at:42:3643:12","Zugang Süd","46.62268090","14.26722301","","2","Pat:42:3643","Level 0",""
"at:42:3643:2","Unterführung","46.62297704","14.26636961","","3","Pat:42:3643","Level -1",""
"at:42:3643:9","B+R","46.62276727","14.26746555","","3","Pat:42:3643","Level 0",""
"at:42:3645:0:1","Klagenfurt Lend Bahnhst","46.62139760","14.28433591","","","Pat:42:3645","Level 0","1"
"at:42:3645:0:2","Klagenfurt Lend Bahnhst","46.62149014","14.28438083","","","Pat:42:3645","Level 0","2"
"at:42:3645:10","P+R","46.62132973","14.28357234","","3","Pat:42:3645","Level 0",""
"at:42:3645:12","Zugang 2","46.62153950","14.28360828","","2","Pat:42:3645","Level 0",""
"at:42:3645:13","Zugang 1","46.62181097","14.28319505","","2","Pat:42:3645","Level -1",""
"at:42:3645:14","Zugang 3","46.62158886","14.28326692","","2","Pat:42:3645","Level -1",""
"at:42:3645:3","Bus","46.62103358","14.28297047","","","Pat:42:3645","Level 0",""
"at:42:3645:7","Unterführung","46.62166290","14.28323098","","3","Pat:42:3645","Level -1",""
"at:42:3645:9","B+R","46.62143462","14.28348251","","3","Pat:42:3645","Level 0",""
"at:42:3646:0:2","Krumpendorf/Wörthersee Bahnhof","46.62622215","14.22113045","","","Pat:42:3646","Level 0","2"
"at:42:3646:0:4","Krumpendorf/Wörthersee Bahnhof","46.62625299","14.22097773","","","Pat:42:3646","Level 0","1"
"at:42:3646:0:6","Krumpendorf/Wörthersee Bahnhof","46.62616662","14.22114841","","","Pat:42:3646","Level 0","3"
"at:42:3646:1","Bus B83","46.62712901","14.22252284","","","Pat:42:3646","Level 0",""
"at:42:3646:10","B+R Nord","46.62653678","14.22158859","","3","Pat:42:3646","Level 0",""
"at:42:3646:11","B+R Süd","46.62609876","14.22156164","","3","Pat:42:3646","Level 0",""
"at:42:3646:12","P+R Nord","46.62653678","14.22124723","","3","Pat:42:3646","Level 0",""
"at:42:3646:13","P+R Süd","46.62614812","14.22233419","","3","Pat:42:3646","Level 0",""
"at:42:3646:14","Zugang Nord","46.62664782","14.22153469","","2","Pat:42:3646","Level 0",""
"at:42:3646:15","Zugang Süd","46.62600005","14.22166944","","2","Pat:42:3646","Level 0",""
"at:42:3646:16","Unterführung","46.62624065","14.22154367","","3","Pat:42:3646","Level -1",""
"at:42:3646:2","Bus Vorplatz","46.62670334","14.22173232","","","Pat:42:3646","Level 0",""
"at:42:3647:0:1","Pritschitz Bahnhst","46.62780761","14.17120208","","","","Level 0","1"
"at:42:3647:0:2","Pritschitz Bahnhst","46.62799885","14.17081581","","","","Level 0","2"
"at:42:3648:0:1","Pörtschach/Wörthersee Bahnhof","46.63623387","14.14580671","","","Pat:42:3648","Level 0","1"
"at:42:3648:0:2","Pörtschach/Wörthersee Bahnhof","46.63628938","14.14583366","","","Pat:42:3648","Level 0","2"
"at:42:3648:1","Bus","46.63591930","14.14648943","","","Pat:42:3648","Level 0",""
"at:42:3648:10","B+R Süd","46.63595631","14.14669604","","3","Pat:42:3648","Level 0",""
"at:42:3648:11","P+R Nord","46.63641891","14.14612112","","3","Pat:42:3648","Level 0",""
"at:42:3648:12","Zugang Nord","46.63644975","14.14599536","","2","Pat:42:3648","Level 0",""
"at:42:3648:13","Zugang Süd","46.63591930","14.14600434","","2","Pat:42:3648","Level 0",""
"at:42:3648:14","Unterführung","46.63630172","14.14594146","","3","Pat:42:3648","Level -1",""
"at:42:3648:15","P+R Süd","46.63612285","14.14552823","","3","Pat:42:3648","Level 0",""
"at:42:3648:9","B+R Nord","46.63637574","14.14616604","","3","Pat:42:3648","Level 0",""
"at:42:3649:0:1","Töschling Bahnhst","46.63317442","14.11150903","","","Pat:42:3649","Level 0","1"
"at:42:3649:0:2","Töschling Bahnhst","46.63322376","14.11150903","","","Pat:42:3649","Level 0","2"
"at:42:3649:1","Bus (B83)","46.63438958","14.11148208","","","Pat:42:3649","Level 0",""
"at:42:3649:10","Zugang Südwest","46.63308806","14.11028733","","2","Pat:42:3649","Level -1",""
"at:42:3649:11","P+R","46.63331629","14.11041309","","3","Pat:42:3649","Level 0",""
"at:42:3649:12","B+R","46.63332863","14.11049394","","3","Pat:42:3649","Level 0",""
"at:42:3649:13","Zugang Nordwest","46.63321143","14.11029631","","2","Pat:42:3649","Level -1",""
"at:42:3649:14","Unterführung","46.63314357","14.11026936","","3","Pat:42:3649","Level -1",""
"at:42:3649:9","Zugang Nord","46.63327928","14.11050292","","2","Pat:42:3649","Level 0",""
"at:42:3650:0:1","Velden/Wörthersee Bahnhof","46.61998470","14.04482709","","","Pat:42:3650","Level 0","1"
"at:42:3650:0:2","Velden/Wörthersee Bahnhof","46.61987981","14.04409047","","","Pat:42:3650","Level 0","2"
"at:42:3650:1","Bus","46.61975641","14.04462946","","","Pat:42:3650","Level 0",""
"at:42:3650:10","B+R","46.61999087","14.04523133","","3","Pat:42:3650","Level 0",""
"at:42:3650:11","P+R1","46.61959599","14.04430607","","3","Pat:42:3650","Level 0",""
"at:42:3650:12","P+R2","46.61941089","14.04269808","","3","Pat:42:3650","Level 0",""
"at:42:3650:13","Unterführung","46.61996619","14.04464743","","3","Pat:42:3650","Level -1",""
"at:42:3650:14","Zungang 2","46.61939238","14.04283283","","2","Pat:42:3650","Level 0",""
"at:42:3650:9","Zugang","46.61974407","14.04474624","","2","Pat:42:3650","Level 0",""
"at:42:3651:0:1","Lind-Rosegg Bahnhst","46.60622400","14.00096236","","","Pat:42:3651","Level 0","1"
"at:42:3651:0:2","Lind-Rosegg Bahnhst","46.60627954","14.00091744","","","Pat:42:3651","Level 0","2"
"at:42:3651:1","Bus","46.60573645","14.00061201","","","Pat:42:3651","Level 0",""
"at:42:3651:10","Zugang Süd","46.60584136","14.00013591","","2","Pat:42:3651","Level 0",""
"at:42:3651:11","P+R","46.60571793","14.00039642","","3","Pat:42:3651","Level 0",""
"at:42:3651:12","B+R","46.60579816","14.00016285","","3","Pat:42:3651","Level 0",""
"at:42:3651:14","Zugang 3","46.60575496","13.99995624","","2","Pat:42:3651","Level -1",""
"at:42:3651:15","Unterführung","46.60580433","13.99988438","","3","Pat:42:3651","Level -1",""
"at:42:3651:9","Zugang Nord","46.60584753","13.99987539","","2","Pat:42:3651","Level -1",""
"at:42:3652:0:1","Föderlach Bahnhof","46.60207042","13.95903798","","","Pat:42:3652","Level 0","1"
"at:42:3652:0:2","Föderlach Bahnhof","46.60213214","13.95905595","","","Pat:42:3652","Level 0","2"
"at:42:3652:1","Bus Dueler Straße","46.60181736","13.95734915","","","Pat:42:3652","Level 0",""
"at:42:3652:10","P+R","46.60186057","13.96001714","","3","Pat:42:3652","Level 0",""
"at:42:3652:11","B+R","46.60185440","13.95938832","","3","Pat:42:3652","Level 0",""
"at:42:3652:12","Unterführung","46.60203956","13.95920866","","3","Pat:42:3652","Level -1",""
"at:42:3652:2","Bus Landesstraße","46.60178650","13.95963087","","","Pat:42:3652","Level 0",""
"at:42:3652:9","Zugang","46.60177416","13.95931646","","2","Pat:42:3652","Level 0",""
"at:42:3653:0:1","Villach Seebach Bahnhst","46.62104592","13.87331175","","","Pat:42:3653","Level 0","1"
"at:42:3653:0:2","Villach Seebach Bahnhst","46.62111996","13.87333870","","","Pat:42:3653","Level 0","2"
"at:42:3653:1","Bus","46.62060786","13.87474007","","","Pat:42:3653","Level 0",""
"at:42:3653:10","B+R S","46.62062637","13.87458736","","3","Pat:42:3653","Level 0",""
"at:42:3653:11","P+R","46.62105826","13.87448855","","3","Pat:42:3653","Level 0",""
"at:42:3653:12","Zugang Nord","46.62098422","13.87490177","","2","Pat:42:3653","Level 0",""
"at:42:3653:13","Zugang Süd","46.62058935","13.87458736","","2","Pat:42:3653","Level 0",""
"at:42:3653:14","Unterführung","46.62076828","13.87464126","","3","Pat:42:3653","Level -1",""
"at:42:3653:9","B+R N","46.62097188","13.87480296","","3","Pat:42:3653","Level 0",""
"at:42:3654:0:1","Villach Hauptbahnhof","46.61854092","13.84890453","","","Pat:42:3654","Level 0","2"
"at:42:3654:0:2","Villach Hauptbahnhof","46.61975024","13.84727858","","","Pat:42:3654","Level 0","8"
"at:42:3654:0:3","Villach Hauptbahnhof","46.61898516","13.84880571","","","Pat:42:3654","Level 0","7"
"at:42:3654:0:33","Villach Hauptbahnhof","46.61905920","13.84876080","","","Pat:42:3654","Level 0","91"
"at:42:3654:0:34","Villach Hauptbahnhof","46.61912090","13.84874283","","","Pat:42:3654","Level 0","92"
"at:42:3654:0:4","Villach Hauptbahnhof","46.61890495","13.84882368","","","Pat:42:3654","Level 0","6"
"at:42:3654:0:5","Villach Hauptbahnhof","46.61879389","13.84885063","","","Pat:42:3654","Level 0","5"
"at:42:3654:0:6","Villach Hauptbahnhof","46.61831262","13.84795231","","","Pat:42:3654","Level 0","1"
"at:42:3654:0:7","Villach Hauptbahnhof","46.61871985","13.84885961","","","Pat:42:3654","Level 0","4"
"at:42:3654:0:8","Villach Hauptbahnhof","46.61862730","13.84888656","","","Pat:42:3654","Level 0","3"
"at:42:3654:1","Bus West","46.61789305","13.84804214","","","Pat:42:3654","Level 0",""
"at:42:3654:10","Autoverladung1","46.61854709","13.85039573","","","Pat:42:3654","Level 0",""
"at:42:3654:11","B+R Nord","46.61988598","13.84833859","","3","Pat:42:3654","Level 0",""
"at:42:3654:12","B+R Süd","46.61807816","13.84731451","","3","Pat:42:3654","Level 0",""
"at:42:3654:13","K+R","46.61812135","13.84901232","","3","Pat:42:3654","Level 0",""
"at:42:3654:14","Haupteingang","46.61805965","13.84859012","","2","Pat:42:3654","Level 0",""
"at:42:3654:15","Zugang Nord","46.61990449","13.84841944","","2","Pat:42:3654","Level 0",""
"at:42:3654:16","Zugang Nord 2","46.61981811","13.84744027","","2","Pat:42:3654","Level 0",""
"at:42:3654:2","Bus Ost","46.61803497","13.84933572","","","Pat:42:3654","Level 0",""
"at:42:3654:3","Unterführung","46.61877538","13.84845537","","3","Pat:42:3654","Level -1",""
"at:42:3655:0:1","Villach Landskron Bahnhst","46.62980635","13.87567432","","","Pat:42:3655","Level 0","1"
"at:42:3655:10","Millstätter Straße","46.62909693","13.87596178","","","Pat:42:3655","Level 0",""
"at:42:3655:11","Unterführung","46.62956576","13.87573720","","3","Pat:42:3655","Level -1",""
"at:42:3655:9","Zugang","46.62962128","13.87569229","","2","Pat:42:3655","Level 0",""
"at:42:3656:0:1","Villach Westbahnhof","46.60835312","13.84033460","","","Pat:42:3656","Level 0","1"
"at:42:3656:0:2","Villach Westbahnhof","46.60836547","13.84024477","","","Pat:42:3656","Level 0","2"
"at:42:3656:1","Bus","46.60919858","13.84096342","","","Pat:42:3656","Level 0",""
"at:42:3656:10","Unterführung","46.60844569","13.84043341","","3","Pat:42:3656","Level -1",""
"at:42:3656:11","P+R","46.60781622","13.84044240","","3","Pat:42:3656","Level 0",""
"at:42:3656:12","B+R","46.60850741","13.84054121","","3","Pat:42:3656","Level 0",""
"at:42:3656:13","Zugang 2","46.60809393","13.84041545","","2","Pat:42:3656","Level 0",""
"at:42:3656:9","Zugang","46.60843335","13.84053223","","2","Pat:42:3656","Level 0",""
"at:42:3657:0:2","Villach Warmbad Bahnhst","46.58910154","13.82880023","","","Pat:42:3657","Level 0","2"
"at:42:3657:0:3","Villach Warmbad Bahnhst","46.58908302","13.82889006","","","Pat:42:3657","Level 0","3"
"at:42:3657:1","Bus","46.58828047","13.82806361","","","Pat:42:3657","Level 0",""
"at:42:3657:10","Zugang2","46.58705809","13.82849480","","2","Pat:42:3657","Level 0",""
"at:42:3657:11","Unterführung","46.58782362","13.82823429","","3","Pat:42:3657","Level -1",""
"at:42:3657:12","B+R","46.58821873","13.82813548","","3","Pat:42:3657","Level 0",""
"at:42:3657:7","Bahnbereich 1","46.58906450","13.82866548","","","Pat:42:3657","Level 0",""
"at:42:3657:9","Zugang1","46.58831751","13.82809056","","2","Pat:42:3657","Level 0",""
"at:42:3659:0:1","Fürnitz Bahnhof","46.56318537","13.81311565","","","Pat:42:3659","Level 0","1"
"at:42:3659:0:2","Fürnitz Bahnhof","46.56324095","13.81311565","","","Pat:42:3659","Level 0","2"
"at:42:3659:1","Bus","46.56304331","13.81421159","","","Pat:42:3659","Level 0",""
"at:42:3659:10","P+R","46.56312360","13.81423854","","3","Pat:42:3659","Level 0",""
"at:42:3659:11","B+R","46.56307419","13.81401396","","3","Pat:42:3659","Level 0",""
"at:42:3659:12","Unterführung","46.56324095","13.81401396","","3","Pat:42:3659","Level -1",""
"at:42:3659:13","Zugang Nord","46.56351889","13.81409481","","2","Pat:42:3659","Level 0",""
"at:42:3659:9","Zugang","46.56303095","13.81407684","","2","Pat:42:3659","Level 0",""
"at:42:3660:0:1","Neuhaus a.d. Gail Bahnhst","46.55493306","13.77858441","","","Pat:42:3660","Level 0","1"
"at:42:3660:0:2","Neuhaus a.d. Gail Bahnhst","46.55500101","13.77858441","","","Pat:42:3660","Level 0","2"
"at:42:3660:1","Bus","46.55483422","13.78017442","","","Pat:42:3660","Level 0",""
"at:42:3660:10","Zugang Süd","46.55493306","13.78014748","","2","Pat:42:3660","Level 0",""
"at:42:3660:11","Unterführung","46.55508749","13.78031816","","3","Pat:42:3660","Level -1",""
"at:42:3660:12","P+R","46.55495777","13.78047985","","3","Pat:42:3660","Level 0",""
"at:42:3660:9","Zugang Nord","46.55526046","13.78028222","","2","Pat:42:3660","Level 0",""
"at:42:3661:0:1","Pöckau Bahnhst","46.55206670","13.74496047","","","Pat:42:3661","Level 0","1"
"at:42:3661:0:2","Pöckau Bahnhst","46.55199874","13.74493352","","","Pat:42:3661","Level 0","2"
"at:42:3661:1","Bus","46.55146746","13.74569708","","","Pat:42:3661","Level 0",""
"at:42:3661:11","Unterführung","46.55179488","13.74670320","","3","Pat:42:3661","Level -1",""
"at:42:3661:12","P+R","46.55173928","13.74613726","","3","Pat:42:3661","Level 0",""
"at:42:3661:13","B+R","46.55170221","13.74627201","","3","Pat:42:3661","Level 0",""
"at:42:3661:9","Zugang","46.55181959","13.74671218","","2","Pat:42:3661","Level -1",""
"at:42:3662:0:1","Arnoldstein Bahnhof","46.55142422","13.70794988","","","Pat:42:3662","Level 0","1"
"at:42:3662:0:2","Arnoldstein Bahnhof","46.55155395","13.70639579","","","Pat:42:3662","Level 0","2"
"at:42:3662:0:3","Arnoldstein Bahnhof","46.55161573","13.70639579","","","Pat:42:3662","Level 0","3"
"at:42:3662:1","Bus","46.55118946","13.70752767","","","Pat:42:3662","Level 0",""
"at:42:3662:10","Unterführung","46.55146128","13.70747377","","3","Pat:42:3662","Level -1",""
"at:42:3662:11","P+R","46.55124506","13.70713241","","3","Pat:42:3662","Level 0",""
"at:42:3662:12","B+R","46.55123271","13.70778818","","3","Pat:42:3662","Level 0",""
"at:42:3662:9","Zugang","46.55126977","13.70778818","","2","Pat:42:3662","Level 0",""
"at:42:3663:0:1","Thörl-Maglern Bahnhof","46.54040818","13.64824784","","","Pat:42:3663","Level 0","1"
"at:42:3663:1","Bus","46.54076038","13.64841852","","","Pat:42:3663","Level 0",""
"at:42:3663:10","P+R","46.54105079","13.64875988","","3","Pat:42:3663","Level 0",""
"at:42:3663:11","B+R","46.54065534","13.64814903","","3","Pat:42:3663","Level 0",""
"at:42:3663:9","Zugang","46.54051940","13.64809513","","2","Pat:42:3663","Level 0",""
"at:42:3715:0:1","Wolfsberg Bahnhof","46.84206467","14.83858746","","","Pat:42:3715","Level 0","1"
"at:42:3715:0:2","Wolfsberg Bahnhof","46.84207696","14.83849763","","","Pat:42:3715","Level 0","2"
"at:42:3715:1","Bus","46.84171442","14.83873119","","","Pat:42:3715","Level 0",""
"at:42:3715:10","P+R","46.84234117","14.83898272","","3","Pat:42:3715","Level 0",""
"at:42:3715:11","Haupteingang","46.84196021","14.83904560","","2","Pat:42:3715","Level 0",""
"at:42:3715:12","Zugang 2","46.84173286","14.83785982","","2","Pat:42:3715","Level 0",""
"at:42:3715:13","B+R2","46.84184346","14.83793169","","3","Pat:42:3715","Level 0",""
"at:42:3715:14","P+R2","46.84187418","14.83751846","","3","Pat:42:3715","Level 0",""
"at:42:3715:15","Unterführung","46.84181888","14.83826407","","3","Pat:42:3715","Level -1",""
"at:42:3715:9","B+R","46.84250093","14.83881204","","3","Pat:42:3715","Level 0",""
"at:42:3716:0:1","Wolfsberg Reding Bahnhst","46.82562540","14.84573805","","","Pat:42:3716","Level 0","1"
"at:42:3716:1","Bus","46.82454975","14.84569313","","","Pat:42:3716","Level 0",""
"at:42:3716:10","P+R","46.82507221","14.84586381","","3","Pat:42:3716","Level 0",""
"at:42:3716:11","Zugang","46.82495543","14.84608839","","2","Pat:42:3716","Level 0",""
"at:42:3716:9","B+R","46.82498616","14.84603449","","3","Pat:42:3716","Level 0",""
"at:42:3717:0:1","St.Stefan Bahnhof","46.80705373","14.84623212","","","Pat:42:3717","Level 0","1"
"at:42:3717:0:2","St.Stefan Bahnhof","46.80704758","14.84616026","","","Pat:42:3717","Level 0","2"
"at:42:3717:1","Bus","46.80686312","14.84659145","","","Pat:42:3717","Level 0",""
"at:42:3717:10","P+R","46.80709677","14.84661840","","3","Pat:42:3717","Level 0",""
"at:42:3717:11","B+R","46.80682623","14.84636687","","3","Pat:42:3717","Level 0",""
"at:42:3717:9","Zugang","46.80686927","14.84631297","","2","Pat:42:3717","Level 0",""
"at:42:3718:0:1","St.Andrä Bahnhof","46.76355336","14.84160580","","","Pat:42:3718","Level 0","1"
"at:42:3718:0:2","St.Andrä Bahnhof","46.76355951","14.84168665","","","Pat:42:3718","Level 0","2"
"at:42:3718:1","Bus","46.76306723","14.84133630","","","Pat:42:3718","Level 0",""
"at:42:3718:10","P+R","46.76301184","14.84144410","","3","Pat:42:3718","Level 0",""
"at:42:3718:11","B+R","46.76292569","14.84139020","","3","Pat:42:3718","Level 0",""
"at:42:3718:9","Zugang","46.76279647","14.84153393","","2","Pat:42:3718","Level 0",""
"at:42:3721:0:2","St.Paul im Lavanttal Bahnhof","46.72139117","14.85614952","","","Pat:42:3721","Level 0","1"
"at:42:3721:0:3","St.Paul im Lavanttal Bahnhof","46.72142196","14.85600579","","","Pat:42:3721","Level 0","2"
"at:42:3721:0:5","St.Paul im Lavanttal Bahnhof","46.72150202","14.85570935","","","Pat:42:3721","Level 0","3"
"at:42:3721:0:6","St.Paul im Lavanttal Bahnhof","46.72152665","14.85558358","","","Pat:42:3721","Level 0","4"
"at:42:3721:1","Bus","46.72118179","14.85689512","","","Pat:42:3721","Level 0",""
"at:42:3721:2","P+R","46.72051052","14.85652681","","3","Pat:42:3721","Level 0",""
"at:42:3721:3","B+R","46.72103398","14.85676936","","3","Pat:42:3721","Level 0",""
"at:42:3721:5","Zugang","46.72128032","14.85651783","","2","Pat:42:3721","Level 0",""
"at:42:3721:7","Unterführung","46.72144660","14.85589799","","3","Pat:42:3721","Level -1",""
"at:42:3800:0:1","St.Veit an der Glan Westbahnhof","46.76251340","14.36141136","","","Pat:42:3800","Level 0","1"
"at:42:3800:1","Bus","46.76266724","14.36115085","","","Pat:42:3800","Level 0",""
"at:42:3800:10","B+R","46.76269185","14.36169882","","3","Pat:42:3800","Level 0",""
"at:42:3800:11","P+R","46.76282723","14.36208510","","3","Pat:42:3800","Level 0",""
"at:42:3800:9","Zugang","46.76275954","14.36190544","","2","Pat:42:3800","Level 0",""
"at:42:3802:0:1","Liebenfels Bahnhst","46.73608304","14.29260940","","","Pat:42:3802","Level 0","1"
"at:42:3802:1","Bus","46.73574442","14.29160328","","","Pat:42:3802","Level 0",""
"at:42:3802:10","B+R","46.73572595","14.29188176","","3","Pat:42:3802","Level 0",""
"at:42:3802:11","P+R","46.73581830","14.29172905","","3","Pat:42:3802","Level 0",""
"at:42:3802:9","Zugang","46.73575058","14.29198057","","2","Pat:42:3802","Level 0",""
"at:42:3803:0:1","Tauchendorf-Haidensee Bahnhst","46.72848515","14.23706656","","","Pat:42:3803","Level 0","1"
"at:42:3803:1","Bus","46.72763540","14.23566519","","","Pat:42:3803","Level 0",""
"at:42:3803:9","Zugang","46.72820806","14.23659944","","2","Pat:42:3803","Level 0",""
"at:42:3804:0:1","Glanegg in Ktn Bahnhst","46.71782536","14.21156339","","","Pat:42:3804","Level 0","1"
"at:42:3804:0:2","Glanegg in Ktn Bahnhst","46.71784999","14.21149153","","","Pat:42:3804","Level 0","2"
"at:42:3804:1","Bus","46.71696312","14.21109627","","","Pat:42:3804","Level 0",""
"at:42:3804:10","P+R","46.71709862","14.21124000","","3","Pat:42:3804","Level 0",""
"at:42:3804:11","B+R","46.71751742","14.21150949","","3","Pat:42:3804","Level 0",""
"at:42:3804:9","Zugang","46.71717868","14.21123101","","2","Pat:42:3804","Level 0",""
"at:42:3805:0:1","Mautbrücken Bahnhst","46.72149586","14.18908754","","","Pat:42:3805","Level 0","1"
"at:42:3805:1","Bus","46.72118179","14.18950975","","","Pat:42:3805","Level 0",""
"at:42:3805:10","P+R","46.72120026","14.18937500","","3","Pat:42:3805","Level 0",""
"at:42:3805:11","B+R","46.72115099","14.18957263","","3","Pat:42:3805","Level 0",""
"at:42:3805:9","Zugang","46.72124953","14.18929415","","2","Pat:42:3805","Level 0",""
"at:42:3806:0:1","St.Martin-Sittich Bahnhst (Bundesstraße)","46.73243815","14.15300222","","","Pat:42:3806","Level -1","1"
"at:42:3806:1","Bus","46.73261671","14.15307408","","","Pat:42:3806","Level 0",""
"at:42:3806:10","Zugang Sued","46.73213030","14.15258001","","2","Pat:42:3806","Level 0",""
"at:42:3806:11","Zugang Nord","46.73252435","14.15290340","","2","Pat:42:3806","Level 0",""
"at:42:3806:12","Unterführung","46.73230886","14.15289442","","3","Pat:42:3806","Level -2",""
"at:42:3806:13","B+R","46.73223497","14.15276866","","3","Pat:42:3806","Level 0",""
"at:42:3806:8","Bahnbereich","46.73198868","14.15225662","","","Pat:42:3806","Level -1",""
"at:42:3806:9","P+R","46.73198868","14.15289442","","3","Pat:42:3806","Level 0",""
"at:42:3807:0:1","Feldkirchen in Ktn Bahnhof","46.72156976","14.09973212","","","Pat:42:3807","Level 0","1"
"at:42:3807:0:2","Feldkirchen in Ktn Bahnhof","46.72151434","14.09974110","","","Pat:42:3807","Level 0","2"
"at:42:3807:1","Bus","46.72176683","14.09905838","","","Pat:42:3807","Level 0",""
"at:42:3807:11","P+R","46.72179146","14.09976805","","3","Pat:42:3807","Level 0",""
"at:42:3807:12","B+R","46.72152050","14.09835770","","3","Pat:42:3807","Level 0",""
"at:42:3807:9","Zugang","46.72149586","14.09874397","","2","Pat:42:3807","Level 0",""
"at:42:3808:0:1","Tiffen Bahnhst","46.70166847","14.06046676","","","Pat:42:3808","Level 0","1"
"at:42:3808:1","Bus","46.70094151","14.05993675","","","Pat:42:3808","Level 0",""
"at:42:3808:10","B+R","46.70135427","14.05989184","","3","Pat:42:3808","Level 0",""
"at:42:3808:9","Zugang","46.70128651","14.05978404","","2","Pat:42:3808","Level 0",""
"at:42:3809:0:1","Steindorf am Ossiacher See Bahnhst","46.69850798","14.01468861","","","Pat:42:3809","Level 0","1"
"at:42:3809:0:2","Steindorf am Ossiacher See Bahnhst","46.69848333","14.01471556","","","Pat:42:3809","Level 0","2"
"at:42:3809:1","Bus","46.69815680","14.01242486","","","Pat:42:3809","Level 0",""
"at:42:3809:10","P+R","46.69843404","14.01318843","","3","Pat:42:3809","Level 0",""
"at:42:3809:11","B+R","46.69840940","14.01415861","","3","Pat:42:3809","Level 0",""
"at:42:3809:12","Kirchweg","46.69826770","14.01212841","","","Pat:42:3809","Level 0",""
"at:42:3809:9","Zugang","46.69821841","14.01363758","","2","Pat:42:3809","Level 0",""
"at:42:3810:0:2","Ossiach-Bodensdorf Bahnhof","46.68283216","13.97445307","","","Pat:42:3810","Level 0","2"
"at:42:3810:1","Bus","46.68254251","13.97375239","","","Pat:42:3810","Level 0",""
"at:42:3810:10","P+R","46.68246856","13.97358171","","3","Pat:42:3810","Level 0",""
"at:42:3810:11","Zugang","46.68234530","13.97373442","","2","Pat:42:3810","Level 0",""
"at:42:3810:9","B+R","46.68251786","13.97378832","","3","Pat:42:3810","Level 0",""
"at:42:3811:0:1","St.Urban/Ossiacher See Bahnhst","46.67485079","13.96009799","","","Pat:42:3811","Level 0","1"
"at:42:3811:1","Bus","46.67467820","13.95926256","","","Pat:42:3811","Level 0",""
"at:42:3811:10","Zugang","46.67438851","13.95943324","","2","Pat:42:3811","Level 0",""
"at:42:3811:9","Schiff","46.67356873","13.96043935","","","Pat:42:3811","Level 0",""
"at:42:3812:0:1","Sattendorf Bahnhof","46.66287960","13.91715852","","","Pat:42:3812","Level 0","1"
"at:42:3812:0:2","Sattendorf Bahnhof","46.66284877","13.91715852","","","Pat:42:3812","Level 0","2"
"at:42:3812:1","Bus Dorfstraße","46.66388449","13.91705971","","","Pat:42:3812","Level 0",""
"at:42:3812:10","B+R","46.66305838","13.91664648","","3","Pat:42:3812","Level 0",""
"at:42:3812:11","P+R","46.66303372","13.91663750","","3","Pat:42:3812","Level 0",""
"at:42:3812:12","Zugang","46.66292275","13.91615241","","2","Pat:42:3812","Level 0",""
"at:42:3812:2","Bus B94","46.66346527","13.91583800","","","Pat:42:3812","Level 0",""
"at:42:3812:9","Schiff","46.66259600","13.91706869","","","Pat:42:3812","Level 0",""
"at:42:3813:0:1","Annenheim Bahnhst","46.65881051","13.89858136","","","Pat:42:3813","Level 0","1"
"at:42:3813:1","Bus","46.65872420","13.90065647","","","Pat:42:3813","Level 0",""
"at:42:3813:9","Schiff","46.65808914","13.90121343","","","Pat:42:3813","Level -1",""
"at:42:3814:0:1","Villach St.Ruprecht Bahnhof","46.64164301","13.87583602","","","Pat:42:3814","Level 0","1"
"at:42:3814:0:2","Villach St.Ruprecht Bahnhof","46.64165534","13.87587195","","","Pat:42:3814","Level 0","2"
"at:42:3814:1","Bus","46.64000861","13.87554856","","","Pat:42:3814","Level 0",""
"at:42:3814:10","P+R","46.64063770","13.87638399","","3","Pat:42:3814","Level 0",""
"at:42:3814:11","B+R","46.64127296","13.87588094","","3","Pat:42:3814","Level 0",""
"at:42:3814:9","Zugang","46.64102626","13.87614145","","2","Pat:42:3814","Level 0",""
"at:42:3819:0:1","Klagenfurt Ebenthal Bahnhst g1","46.61659113","14.33347376","","","Pat:42:3819","Level 0","1"
"at:42:3819:0:2","Klagenfurt Ebenthal Bahnhst g2","46.61664049","14.33331206","","","Pat:42:3819","Level 0","2"
"at:42:3819:10","Zugang2","46.61646772","14.33343783","","2","Pat:42:3819","Level -1",""
"at:42:3819:11","Zugang3","46.61671454","14.33333901","","2","Pat:42:3819","Level 0",""
"at:42:3819:12","B+R","46.61671454","14.33351867","","3","Pat:42:3819","Level 0",""
"at:42:3819:13","Zugang4","46.61673305","14.33439902","","2","Pat:42:3819","Level -1",""
"at:42:3819:14","Zugang5","46.61658496","14.33451580","","2","Pat:42:3819","Level -1",""
"at:42:3819:15","Unterführung","46.61664666","14.33456970","","3","Pat:42:3819","Level -1",""
"at:42:3819:7","K+R","46.61687496","14.33350071","","3","Pat:42:3819","Level 0",""
"at:42:3819:9","Zugang1","46.61645538","14.33386003","","2","Pat:42:3819","Level -1",""
"at:42:3820:0:1","Grafenstein Bahnhof","46.61896665","14.45930976","","","Pat:42:3820","Level -1","1"
"at:42:3820:0:2","Grafenstein Bahnhof","46.61912707","14.45937264","","","Pat:42:3820","Level -1","2"
"at:42:3820:1","Bus","46.61924430","14.45941756","","","Pat:42:3820","Level 0",""
"at:42:3820:10","B+R s","46.61888027","14.45919298","","3","Pat:42:3820","Level 0",""
"at:42:3820:11","Zugang1","46.61882474","14.45930976","","2","Pat:42:3820","Level 0",""
"at:42:3820:12","Zugang2","46.61928749","14.45961519","","2","Pat:42:3820","Level 0",""
"at:42:3820:13","Zugang3","46.61896665","14.45908518","","2","Pat:42:3820","Level 0",""
"at:42:3820:14","Zugang4","46.61936770","14.45929180","","2","Pat:42:3820","Level 0",""
"at:42:3820:15","Ueberfuehrung","46.61911473","14.45922891","","3","Pat:42:3820","Level 1",""
"at:42:3820:16","P+R Nord","46.61939238","14.45972299","","3","Pat:42:3820","Level 0",""
"at:42:3820:17","P+R Sued","46.61870134","14.45941756","","3","Pat:42:3820","Level 0",""
"at:42:3820:9","B+R nord","46.61936153","14.45951638","","3","Pat:42:3820","Level 0",""
"at:42:3823:0:1","Mittlern Bahnhst","46.59865103","14.71541945","","","Pat:42:3823","Level 0","1"
"at:42:3823:1","Bus","46.59839179","14.71605725","","","Pat:42:3823","Level 0",""
"at:42:3823:10","Zugang","46.59870658","14.71502419","","2","Pat:42:3823","Level 0",""
"at:42:3823:11","P+R","46.59858314","14.71534758","","3","Pat:42:3823","Level 0",""
"at:42:3823:9","B+R","46.59866955","14.71504216","","3","Pat:42:3823","Level 0",""
"at:42:3824:0:1","St.Michael ob Bleiburg Bahnhst","46.58269929","14.75031900","","","Pat:42:3824","Level 1","1"
"at:42:3824:1","Bus","46.58234119","14.75063341","","","Pat:42:3824","Level 0",""
"at:42:3824:10","P+R","46.58250789","14.75016629","","3","Pat:42:3824","Level 0",""
"at:42:3824:11","B+R","46.58226092","14.75042680","","3","Pat:42:3824","Level 0",""
"at:42:3824:9","Zugang","46.58200161","14.75114545","","2","Pat:42:3824","Level 0",""
"at:42:3825:0:1","Bleiburg Bahnhof","46.57427705","14.78652110","","","Pat:42:3825","Level 0","1"
"at:42:3825:0:2","Bleiburg Bahnhof","46.57420295","14.78651212","","","Pat:42:3825","Level 0","2"
"at:42:3825:0:3","Bleiburg Bahnhof","46.57414738","14.78648517","","","Pat:42:3825","Level 0","3"
"at:42:3825:1","Bus","46.57460434","14.78654805","","","Pat:42:3825","Level 0",""
"at:42:3825:10","K+R Süd","46.57364101","14.78743739","","3","Pat:42:3825","Level 0",""
"at:42:3825:11","B+R Süd","46.57369659","14.78728467","","3","Pat:42:3825","Level 0",""
"at:42:3825:12","B+R Nord","46.57444996","14.78717688","","3","Pat:42:3825","Level 0",""
"at:42:3825:13","Zugang Süd","46.57367189","14.78736552","","2","Pat:42:3825","Level 0",""
"at:42:3825:14","Zugang Nord","46.57444996","14.78671873","","2","Pat:42:3825","Level 0",""
"at:42:3825:15","Unterfuehrung1","46.57393742","14.78727569","","3","Pat:42:3825","Level -1",""
"at:42:3825:17","P+R Nord","46.57457346","14.78606296","","3","Pat:42:3825","Level 0",""
"at:42:3825:18","P+R Süd","46.57360396","14.78770688","","3","Pat:42:3825","Level 0",""
"at:42:3825:9","K+R Nord","46.57448701","14.78664687","","3","Pat:42:3825","Level 0",""
"at:42:3826:0:1","Bleiburg Stadt Bahnhst","46.59062636","14.79414780","","","Pat:42:3826","Level 0","1"
"at:42:3826:1","Bus","46.58996582","14.79443526","","","Pat:42:3826","Level 0",""
"at:42:3826:10","Zugang2","46.58996582","14.79422865","","2","Pat:42:3826","Level 0",""
"at:42:3826:11","P+R","46.59009546","14.79464188","","3","Pat:42:3826","Level 0",""
"at:42:3826:12","B+R","46.59015719","14.79447120","","3","Pat:42:3826","Level 0",""
"at:42:3826:9","Zugang1","46.59029918","14.79422865","","2","Pat:42:3826","Level 0",""
"at:42:3831:0:3","Kühnsdorf-Klopeiner See Bahnhof","46.62490192","14.62064719","","","Pat:42:3831","Level -1","1"
"at:42:3831:0:4","Kühnsdorf-Klopeiner See Bahnhof","46.62475385","14.62068312","","","Pat:42:3831","Level -1","2"
"at:42:3831:1","Bus","46.62529059","14.62107838","","","Pat:42:3831","Level 0",""
"at:42:3831:10","Überführung","46.62485873","14.62091668","","3","Pat:42:3831","Level 1",""
"at:42:3831:2","P+R Nord","46.62528442","14.62021600","","3","Pat:42:3831","Level 0",""
"at:42:3831:3","B+R Nord","46.62518571","14.62057532","","3","Pat:42:3831","Level 0",""
"at:42:3831:5","Zugang Nord","46.62521655","14.62084482","","2","Pat:42:3831","Level 0",""
"at:42:3831:6","Zugang Süd","46.62448857","14.62098855","","2","Pat:42:3831","Level 0",""
"at:42:3831:7","P+R Süd","46.62434050","14.62061126","","3","Pat:42:3831","Level 0",""
"at:42:3831:8","B+R Süd","46.62458728","14.62110533","","3","Pat:42:3831","Level 0",""
"at:42:3832:0:3","Wiederndorf-Aich Bahnhst","46.62089167","14.79505510","","","Pat:42:3832","Level 0","1"
"at:42:3832:1","Bus","46.62090401","14.79531561","","","Pat:42:3832","Level 0",""
"at:42:3832:2","P+R","46.62118166","14.79541443","","3","Pat:42:3832","Level 0",""
"at:42:3832:3","B+R","46.62147163","14.79619596","","3","Pat:42:3832","Level 0",""
"at:42:3832:4","Zugang","46.62092252","14.79520781","","2","Pat:42:3832","Level 0",""
"at:42:3842:0:1","Klagenfurt Süd Bahnhst","46.61112395","14.30219442","","","Pat:42:3842","Level 0","1"
"at:42:3842:2","Bus","46.61012425","14.30306579","","","Pat:42:3842","Level 0",""
"at:42:3842:3","Zugang Süd","46.61074135","14.30240103","","2","Pat:42:3842","Level 0",""
"at:42:3842:4","Zugang Nord","46.61154974","14.30208662","","2","Pat:42:3842","Level 0",""
"at:42:3842:5","B+R","46.61048834","14.30243696","","3","Pat:42:3842","Level 0",""
"at:42:3842:6","K+R","46.61032789","14.30248188","","3","Pat:42:3842","Level 0",""
"at:42:3843:0:1","Maria Rain Bahnhst","46.56256772","14.28398557","","","Pat:42:3843","Level 0","1"
"at:42:3843:0:2","Maria Rain Bahnhst","46.56275919","14.28406642","","","Pat:42:3843","Level 0","2"
"at:42:3843:1","Bus","46.56259243","14.28417421","","","Pat:42:3843","Level 0",""
"at:42:3843:10","Zugang","46.56375977","14.28468625","","2","Pat:42:3843","Level 0",""
"at:42:3843:11","P+R","46.56351889","14.28464134","","3","Pat:42:3843","Level 0",""
"at:42:3843:9","B+R","46.56373506","14.28462337","","3","Pat:42:3843","Level 0",""
"at:42:3844:0:1","Weizelsdorf Bahnhof","46.53953694","14.24291459","","","Pat:42:3844","Level 0","1"
"at:42:3844:1","Bus","46.53967288","14.24264510","","","Pat:42:3844","Level 0",""
"at:42:3844:10","P+R","46.53982117","14.24259120","","3","Pat:42:3844","Level 0",""
"at:42:3844:11","Zugang","46.53962962","14.24308527","","2","Pat:42:3844","Level 0",""
"at:42:3844:9","B+R","46.53957401","14.24320205","","3","Pat:42:3844","Level 0",""
"at:42:3847:0:1","Köttmannsdorf Lambichl Bahnhst","46.57998876","14.28286267","","","Pat:42:3847","Level 0","1"
"at:42:3847:5","Bus","46.58024809","14.28331183","","","Pat:42:3847","Level 0",""
"at:42:3847:6","P+R","46.58034688","14.28343760","","3","Pat:42:3847","Level 0",""
"at:42:3847:7","B+R","46.58009990","14.28347353","","3","Pat:42:3847","Level 0",""
"at:42:3847:8","Zugang","46.58005668","14.28307827","","2","Pat:42:3847","Level 0",""
"at:42:3861:0:1","Lendorf im Drautal Bahnhst","46.82761681","13.41802760","","","Pat:42:3861","Level 0","1"
"at:42:3861:1","Bus","46.82740784","13.41941101","","","Pat:42:3861","Level 0",""
"at:42:3861:10","P+R","46.82746316","13.41898880","","3","Pat:42:3861","Level 0",""
"at:42:3861:11","B+R","46.82743243","13.41930321","","3","Pat:42:3861","Level 0",""
"at:42:3862:0:1","Möllbrücke-Sachsenburg Bahnhof","46.83112620","13.36694939","","","Pat:42:3862","Level 0","1"
"at:42:3862:0:2","Möllbrücke-Sachsenburg Bahnhof","46.83107703","13.36691346","","","Pat:42:3862","Level 0","2"
"at:42:3862:1","Bus","46.83127370","13.36804534","","","Pat:42:3862","Level 0",""
"at:42:3862:10","P+R","46.83106474","13.36779381","","3","Pat:42:3862","Level 0",""
"at:42:3862:11","B+R","46.83113849","13.36821602","","3","Pat:42:3862","Level 0",""
"at:42:3862:9","Zugang","46.83089266","13.36811720","","2","Pat:42:3862","Level 0",""
"at:42:3863:0:1","Sachsenburg Markt Bahnhst","46.82605565","13.34790511","","","Pat:42:3863","Level 0","1"
"at:42:3863:1","Bus","46.82539183","13.34829139","","","Pat:42:3863","Level 0",""
"at:42:3863:10","P+R","46.82584052","13.34831834","","3","Pat:42:3863","Level 0",""
"at:42:3863:11","B+R","46.82573603","13.34846207","","3","Pat:42:3863","Level 0",""
"at:42:3863:2","SEV","46.82568686","13.34856986","","","Pat:42:3863","Level 0",""
"at:42:3863:9","Zugang","46.82582823","13.34813867","","2","Pat:42:3863","Level 0",""
"at:42:3864:0:1","Kleblach-Lind Bahnhof","46.77134935","13.34180555","","","Pat:42:3864","Level 0","1"
"at:42:3864:0:2","Kleblach-Lind Bahnhof","46.77133704","13.34185046","","","Pat:42:3864","Level 0","2"
"at:42:3864:1","Bus","46.77110939","13.34130249","","","Pat:42:3864","Level 0",""
"at:42:3864:10","P+R","46.77091866","13.34097910","","3","Pat:42:3864","Level 0",""
"at:42:3864:11","B+R","46.77084483","13.34117673","","3","Pat:42:3864","Level 0",""
"at:42:3864:9","Eingang","46.77090636","13.34106893","","2","Pat:42:3864","Level 0",""
"at:42:3865:0:1","Steinfeld im Drautal Bahnhof","46.75316516","13.26048107","","","Pat:42:3865","Level 0","1"
"at:42:3865:0:2","Steinfeld im Drautal Bahnhof","46.75313438","13.26052598","","","Pat:42:3865","Level 0","2"
"at:42:3865:1","Bus","46.75232810","13.25885512","","","Pat:42:3865","Level 0",""
"at:42:3865:10","P+R","46.75280818","13.25941207","","3","Pat:42:3865","Level 0",""
"at:42:3865:11","B+R","46.75256814","13.25907969","","3","Pat:42:3865","Level 0",""
"at:42:3865:2","SEV","46.75242658","13.25907071","","","Pat:42:3865","Level 0",""
"at:42:3865:9","Zugang","46.75266662","13.25951987","","2","Pat:42:3865","Level 0",""
"at:42:3866:0:1","Greifenburg-Weißensee Bahnhof","46.74169765","13.19209232","","","Pat:42:3866","Level 0","1"
"at:42:3866:0:2","Greifenburg-Weißensee Bahnhof","46.74165456","13.19213724","","","Pat:42:3866","Level 0","2"
"at:42:3866:1","Bus","46.74137138","13.19062807","","","Pat:42:3866","Level 0",""
"at:42:3866:10","P+R","46.74115592","13.19040349","","3","Pat:42:3866","Level 0",""
"at:42:3866:11","B+R","46.74125441","13.19073587","","3","Pat:42:3866","Level 0",""
"at:42:3866:9","Zugang","46.74121132","13.19087062","","2","Pat:42:3866","Level 0",""
"at:42:3867:0:1","Berg im Drautal Bahnhst","46.74280573","13.12714413","","","Pat:42:3867","Level 0","1"
"at:42:3867:1","Bus","46.74245484","13.12803346","","","Pat:42:3867","Level 0",""
"at:42:3867:10","P+R","46.74191311","13.12896771","","3","Pat:42:3867","Level 0",""
"at:42:3867:11","B+R","46.74214704","13.12842872","","3","Pat:42:3867","Level 0",""
"at:42:3867:12","Zugang2","46.74223938","13.12802448","","2","Pat:42:3867","Level 0",""
"at:42:3867:9","Zugang1","46.74259643","13.12751244","","2","Pat:42:3867","Level 0",""
"at:42:3868:0:1","Dellach im Drautal Bahnhof","46.73586140","13.07523947","","","Pat:42:3868","Level 0","1"
"at:42:3868:0:2","Dellach im Drautal Bahnhof","46.73580599","13.07522151","","","Pat:42:3868","Level 0","2"
"at:42:3868:1","Bus","46.73615692","13.07573355","","","Pat:42:3868","Level 0",""
"at:42:3868:10","P+R","46.73605841","13.07602101","","3","Pat:42:3868","Level 0",""
"at:42:3868:11","B+R","46.73593528","13.07576948","","3","Pat:42:3868","Level 0",""
"at:42:3868:9","Zugang","46.73586756","13.07557185","","2","Pat:42:3868","Level 0",""
"at:42:3869:0:1","Irschen Bahnhst g1","46.74052183","13.01353419","","","Pat:42:3869","Level 0","1"
"at:42:3869:1","Bus","46.74085427","13.01266283","","","Pat:42:3869","Level 0",""
"at:42:3869:10","P+R","46.74063264","13.01351623","","3","Pat:42:3869","Level 0",""
"at:42:3869:11","B+R","46.74082348","13.01286944","","3","Pat:42:3869","Level 0",""
"at:42:3869:9","Zugang","46.74070036","13.01291436","","2","Pat:42:3869","Level 0",""
"at:42:3870:0:1","Oberdrauburg Bahnhof","46.74633296","12.97443951","","","Pat:42:3870","Level 0","1"
"at:42:3870:0:2","Oberdrauburg Bahnhof","46.74626525","12.97443053","","","Pat:42:3870","Level 0","2"
"at:42:3870:1","Bus","46.74669613","12.97374781","","","Pat:42:3870","Level 0",""
"at:42:3870:10","Zugang","46.74644376","12.97372086","","2","Pat:42:3870","Level 0",""
"at:42:3870:11","Eingang","46.74660996","12.97375679","","2","Pat:42:3870","Level 0",""
"at:42:3870:12","P+R","46.74665304","12.97348730","","3","Pat:42:3870","Level 0",""
"at:42:3870:13","B+R","46.74654840","12.97347832","","3","Pat:42:3870","Level 0",""
"at:42:3870:9","K+R","46.74656687","12.97362205","","3","Pat:42:3870","Level 0",""
"at:42:3901:0:1","Nötsch Bahnhof","46.58863853","13.62605945","","","Pat:42:3901","Level 0","1"
"at:42:3901:0:2","Nötsch Bahnhof","46.58861384","13.62605945","","","Pat:42:3901","Level 0","2"
"at:42:3901:1","Bus","46.58885460","13.62503538","","","Pat:42:3901","Level 0",""
"at:42:3901:10","B+R","46.58878670","13.62472995","","3","Pat:42:3901","Level 0",""
"at:42:3901:8","Zugang","46.58873113","13.62525995","","2","Pat:42:3901","Level 0",""
"at:42:3901:9","P+R","46.58881756","13.62433469","","3","Pat:42:3901","Level 0",""
"at:42:3902:0:1","Emmersdorf im Gailtal Bahnhst","46.59533637","13.57230427","","","Pat:42:3902","Level 0","1"
"at:42:3902:1","Bus","46.59575612","13.57193596","","","Pat:42:3902","Level 0",""
"at:42:3902:10","P+R","46.59540427","13.57223240","","3","Pat:42:3902","Level 0",""
"at:42:3902:11","B+R","46.59544131","13.57249291","","3","Pat:42:3902","Level 0",""
"at:42:3902:9","Zugang","46.59539193","13.57242105","","2","Pat:42:3902","Level 0",""
"at:42:3903:0:1","St.Stefan-Vorderberg Bahnhof","46.60043482","13.53311077","","","Pat:42:3903","Level 0","1"
"at:42:3903:0:2","St.Stefan-Vorderberg Bahnhof","46.60039779","13.53309281","","","Pat:42:3903","Level 0","2"
"at:42:3903:1","Bus","46.60053357","13.53307484","","","Pat:42:3903","Level 0",""
"at:42:3903:10","P+R","46.60043482","13.53354196","","3","Pat:42:3903","Level 0",""
"at:42:3903:11","B+R","46.60032989","13.53403604","","3","Pat:42:3903","Level 0",""
"at:42:3903:9","Zugang","46.60036075","13.53391027","","2","Pat:42:3903","Level 0",""
"at:42:3904:0:1","Görtschach-Förolach Bahnhof","46.62290917","13.47107312","","","Pat:42:3904","Level 0","1"
"at:42:3904:1","Bus","46.62302022","13.47113600","","","Pat:42:3904","Level 0",""
"at:42:3904:10","P+R","46.62306958","13.47107312","","3","Pat:42:3904","Level 0",""
"at:42:3904:11","B+R","46.62342125","13.47074973","","3","Pat:42:3904","Level 0",""
"at:42:3904:9","Zugang","46.62293385","13.47115397","","2","Pat:42:3904","Level 0",""
"at:42:3905:0:1","Pressegger See Bahnhst","46.63152125","13.43658679","","","Pat:42:3905","Level 0","1"
"at:42:3905:1","Bus","46.63134853","13.43760189","","","Pat:42:3905","Level 0",""
"at:42:3905:9","Zugang","46.63184202","13.43725155","","2","Pat:42:3905","Level 0",""
"at:42:3906:0:1","Vellach-Khünburg Bahnhst","46.63129918","13.40819105","","","Pat:42:3906","Level 0","1"
"at:42:3906:1","Bus","46.63156443","13.41003260","","","Pat:42:3906","Level 0",""
"at:42:3906:10","P+R","46.63121899","13.40872105","","3","Pat:42:3906","Level 0",""
"at:42:3906:11","B+R","46.63117581","13.40837071","","3","Pat:42:3906","Level 0",""
"at:42:3906:9","Zugang","46.63123132","13.40862224","","2","Pat:42:3906","Level 0",""
"at:42:3907:0:1","Hermagor Bahnhof","46.62598771","13.37516898","","","Pat:42:3907","Level 0","1"
"at:42:3907:0:2","Hermagor Bahnhof","46.62596304","13.37523186","","","Pat:42:3907","Level 0","2"
"at:42:3907:1","Bus","46.62715369","13.37622001","","","Pat:42:3907","Level 0",""
"at:42:3907:10","P+R","46.62731409","13.37626492","","3","Pat:42:3907","Level 0",""
"at:42:3907:11","B+R","46.62635170","13.37519593","","3","Pat:42:3907","Level 0",""
"at:42:3907:9","Eingang","46.62657379","13.37567204","","2","Pat:42:3907","Level 0",""
"at:42:99979:0:1","TP Bleiburg Staatsgrenze","46.56668727","14.83960256","","","Pat:42:99979","Level 0","1"
"at:43:20307:0:1","Unterretzbach Bahnhof","48.76511562","16.00803226","","","Pat:43:20307","Level 0","1"
"at:43:20307:2","Bus","48.76506825","16.00757412","","","Pat:43:20307","Level 0",""
"at:43:3004:0:1","Absdorf-Hippersdorf Bahnhof","48.40182230","15.98586184","","","Pat:43:3004","Level 0","1"
"at:43:3004:0:3","Absdorf-Hippersdorf Bahnhof","48.40196544","15.98604150","","","Pat:43:3004","Level 0","4"
"at:43:3004:0:4","Absdorf-Hippersdorf Bahnhof","48.40192965","15.98598760","","","Pat:43:3004","Level 0","3"
"at:43:3004:0:5","Absdorf-Hippersdorf Bahnhof","48.40185809","15.98590676","","","Pat:43:3004","Level 0","2"
"at:43:3004:2","Bus","48.40160164","15.98547557","","","Pat:43:3004","Level 0",""
"at:43:3004:3","Zugang","48.40197736","15.98639185","","2","Pat:43:3004","Level 0",""
"at:43:3004:4","P+R","48.40068318","15.98696677","","3","Pat:43:3004","Level 0",""
"at:43:3004:6","ZG","48.40164935","15.98639185","","3","Pat:43:3004","Level -1",""
"at:43:3005:0:1","Altenhof/Kamp Bahnhof","48.54423804","15.68611200","","","Pat:43:3005","Level 0","1"
"at:43:3005:2","Bus","48.54435698","15.68607606","","","Pat:43:3005","Level 0",""
"at:43:3005:3","Zugang","48.54423209","15.68579759","","2","Pat:43:3005","Level 0",""
"at:43:3008:0:1","Achau Bahnhof","48.08106036","16.37799443","","","Pat:43:3008","Level 1","1"
"at:43:3008:0:3","Achau Bahnhof","48.08103035","16.37792256","","","Pat:43:3008","Level 1","2"
"at:43:3008:0:4","Achau Bahnhof","48.08098834","16.37781477","","","Pat:43:3008","Level 1","3"
"at:43:3008:0:6","Achau Bahnhof","48.08096433","16.37775188","","","Pat:43:3008","Level 1","4"
"at:43:3008:2","Bus","48.08085030","16.37853342","","","Pat:43:3008","Level 0",""
"at:43:3008:3","Zugang B11","48.08104235","16.37815613","","2","Pat:43:3008","Level 0",""
"at:43:3008:4","Zugang P+R","48.08053222","16.37780578","","2","Pat:43:3008","Level 0",""
"at:43:3008:5","P+R","48.08019614","16.37781477","","3","Pat:43:3008","Level 0",""
"at:43:3008:7","ZG","48.08095833","16.37794053","","3","Pat:43:3008","Level 0",""
"at:43:3046:0:1","Angern","48.38523985","16.82726885","","","Pat:43:3046","Level 0","1"
"at:43:3046:0:4","Angern","48.38528162","16.82720597","","","Pat:43:3046","Level 0","2"
"at:43:3046:2","P+R","48.38441059","16.82661308","","3","Pat:43:3046","Level 0",""
"at:43:3046:3","Zugang","48.38402877","16.82586748","","2","Pat:43:3046","Level 0",""
"at:43:3046:4","Bus","48.38417195","16.82637054","","","Pat:43:3046","Level 0",""
"at:43:3046:5","zg","48.38448218","16.82621782","","3","Pat:43:3046","Level -1",""
"at:43:3064:0:1","Atzenbrugg Bahnhof","48.29702958","15.91826362","","","Pat:43:3064","Level 0","1"
"at:43:3064:2","Bus","48.29692201","15.91901820","","","Pat:43:3064","Level 0",""
"at:43:3064:3","Zugang","48.29680248","15.91862294","","2","Pat:43:3064","Level 0",""
"at:43:3064:4","B+R","48.29689810","15.91838040","","3","Pat:43:3064","Level 0",""
"at:43:3064:5","P+R","48.29681443","15.91850616","","3","Pat:43:3064","Level 0",""
"at:43:3079:0:3","Bad Deutsch-Altenburg Bahnhof","48.13322251","16.91074031","","","Pat:43:3079","Level 0","2"
"at:43:3079:2","Bus","48.13253304","16.90977911","","","Pat:43:3079","Level 0",""
"at:43:3079:3","Zugang","48.13271890","16.90994979","","2","Pat:43:3079","Level 0",""
"at:43:3079:4","P+R","48.13233519","16.91057861","","3","Pat:43:3079","Level 0",""
"at:43:3090:0:1","Bad Vöslau Bahnhof","47.96987157","16.22378064","","","Pat:43:3090","Level 0","1"
"at:43:3090:0:3","Bad Vöslau Bahnhof","47.96988360","16.22401421","","","Pat:43:3090","Level 0","2"
"at:43:3090:2","Bus","47.96957085","16.22335844","","","Pat:43:3090","Level 0",""
"at:43:3090:3","Zugang","47.96935433","16.22331352","","2","Pat:43:3090","Level 0",""
"at:43:3090:4","P+R","47.96915585","16.22325064","","3","Pat:43:3090","Level 0",""
"at:43:3090:6","ZG","47.96911976","16.22398726","","3","Pat:43:3090","Level -1",""
"at:43:3090:7","P+RO","47.96984751","16.22444540","","3","Pat:43:3090","Level 0",""
"at:43:3101:0:1","Baden Bahnhof","48.00394399","16.24260933","","","Pat:43:3101","Level 1","1"
"at:43:3101:0:4","Baden Bahnhof","48.00388990","16.24267221","","","Pat:43:3101","Level 1","2"
"at:43:3101:2","Bus","48.00395601","16.24197153","","","Pat:43:3101","Level 0",""
"at:43:3101:3","Zugang","48.00349922","16.24210628","","2","Pat:43:3101","Level 0",""
"at:43:3101:4","P+R","48.00398006","16.24376816","","3","Pat:43:3101","Level 0",""
"at:43:3155:0:1","Berndorf/Triesting Fabrik Bahnhof","47.94032032","16.13333826","","","Pat:43:3155","Level 0","1"
"at:43:3155:0:4","Berndorf/Triesting Fabrik Bahnhof","47.94037449","16.13336521","","","Pat:43:3155","Level 0","2"
"at:43:3155:2","Bus","47.94008563","16.13492828","","","Pat:43:3155","Level 0",""
"at:43:3155:3","Zugang","47.94015784","16.13456895","","2","Pat:43:3155","Level 0",""
"at:43:3160:0:1","Berndorf Stadt Bahnhof","47.94476733","16.10871544","","","Pat:43:3160","Level 0","1"
"at:43:3160:2","Bus","47.94578425","16.10956884","","","Pat:43:3160","Level 0",""
"at:43:3160:3","Zugang","47.94488166","16.10833815","","2","Pat:43:3160","Level 0",""
"at:43:3162:0:1","Bernhardsthal Bahnhof","48.68813410","16.87893096","","","Pat:43:3162","Level 0","1"
"at:43:3162:0:3","Bernhardsthal Bahnhof","48.68815189","16.87903876","","","Pat:43:3162","Level 0","2"
"at:43:3162:2","Bus","48.68748176","16.87870638","","","Pat:43:3162","Level 0",""
"at:43:3162:3","Zugang","48.68733943","16.87856265","","2","Pat:43:3162","Level 0",""
"at:43:3162:4","P+R","48.68814003","16.87882317","","3","Pat:43:3162","Level 0",""
"at:43:3162:6","zg","48.68779607","16.87912859","","3","Pat:43:3162","Level -1",""
"at:43:3170:0:1","Bisamberg Bahnhof","48.31631715","16.34725408","","","Pat:43:3170","Level 1","1"
"at:43:3170:0:3","Bisamberg Bahnhof","48.31634105","16.34733493","","","Pat:43:3170","Level 1","2"
"at:43:3170:2","Bus","48.31566599","16.34792782","","","Pat:43:3170","Level 0",""
"at:43:3170:3","Zugang","48.31690857","16.34720916","","2","Pat:43:3170","Level 1",""
"at:43:3170:4","B+R","48.31638884","16.34707442","","3","Pat:43:3170","Level 1",""
"at:43:3189:0:1","Breiteneich bei Horn Bahnhof","48.67178163","15.68799846","","","Pat:43:3189","Level 0","1"
"at:43:3189:2","Bus","48.67233925","15.68849253","","","Pat:43:3189","Level 0",""
"at:43:3189:3","Zugang","48.67223841","15.68848355","","2","Pat:43:3189","Level 0",""
"at:43:3204:0:1","Breitensee Bahnhof","48.25480811","16.87866147","","","Pat:43:3204","Level 0","1"
"at:43:3204:0:3","Breitensee NÖ","48.25485596","16.87865249","","","Pat:43:3204","Level 0","2"
"at:43:3204:2","Bus","48.25464064","16.87778112","","","Pat:43:3204","Level 0",""
"at:43:3204:4","P+R","48.25438943","16.87832011","","3","Pat:43:3204","Level 0",""
"at:43:3204:5","ZG","48.25477222","16.87786197","","3","Pat:43:3204","Level -1",""
"at:43:3204:6","Zugang Nord","48.25487390","16.87768231","","2","Pat:43:3204","Level -1",""
"at:43:3205:0:1","Breitenwaida Bahnhof","48.51538580","16.07442674","","","Pat:43:3205","Level 0","1"
"at:43:3205:2","Bus","48.51491570","16.07439081","","","Pat:43:3205","Level 0",""
"at:43:3205:3","Zugang","48.51488595","16.07475014","","2","Pat:43:3205","Level 0",""
"at:43:3205:4","B+R","48.51490975","16.07466929","","3","Pat:43:3205","Level 0",""
"at:43:3209:0:1","Bruck/Leitha Bahnhof","48.01907607","16.78146376","","","Pat:43:3209","Level 0","1"
"at:43:3209:0:4","Bruck/Leitha Bahnhof","48.01902199","16.78146376","","","Pat:43:3209","Level 0","2"
"at:43:3209:0:5","Bruck/Leitha Bahnhof","48.01892585","16.78145477","","","Pat:43:3209","Level 0","3"
"at:43:3209:0:6","Bruck/Leitha Bahnhof","48.01887778","16.78145477","","","Pat:43:3209","Level 0","4"
"at:43:3209:2","Bus","48.01926835","16.78004442","","","Pat:43:3209","Level 0",""
"at:43:3209:3","ZG","48.01896190","16.78094273","","3","Pat:43:3209","Level -1",""
"at:43:3209:4","Zugang Bahnhof","48.01926234","16.78051154","","2","Pat:43:3209","Level 0",""
"at:43:3209:5","Zugang P+R","48.01846318","16.78074510","","2","Pat:43:3209","Level 0",""
"at:43:3209:6","P+R","48.01840309","16.78026900","","3","Pat:43:3209","Level 0",""
"at:43:3209:7","SEV","48.01923830","16.78137392","","","Pat:43:3209","Level 0",""
"at:43:3255:0:1","Brunn-Maria Enzersdorf Bahnhof","48.10551646","16.28800120","","","Pat:43:3255","Level 1","1"
"at:43:3255:0:3","Brunn-Maria Enzersdorf Bahnhof","48.10551646","16.28809103","","","Pat:43:3255","Level 1","2"
"at:43:3255:2","Bus","48.10444270","16.28896240","","","Pat:43:3255","Level 0",""
"at:43:3255:3","Zugang","48.10469464","16.28817188","","2","Pat:43:3255","Level 0",""
"at:43:3255:4","P+R","48.10515654","16.28715679","","3","Pat:43:3255","Level 0",""
"at:43:3255:5","Zugang P+R","48.10505456","16.28731848","","2","Pat:43:3255","Level 0",""
"at:43:3255:6","G2","48.10551046","16.28812697","","","Pat:43:3255","Level 1",""
"at:43:3260:0:1","Buchberg/Kamp Bahnhof","48.57606944","15.65881220","","","Pat:43:3260","Level 0","1"
"at:43:3260:2","Bus","48.57583170","15.66037526","","","Pat:43:3260","Level 0",""
"at:43:3260:3","Zugang","48.57573066","15.65893796","","2","Pat:43:3260","Level 0",""
"at:43:3264:0:1","Böheimkirchen Bahnhof","48.20021891","15.75390785","","","Pat:43:3264","Level 0","1"
"at:43:3264:0:3","Böheimkirchen Bahnhof","48.20135653","15.75309038","","","Pat:43:3264","Level 0","2"
"at:43:3264:2","Bus","48.19981175","15.75432108","","","Pat:43:3264","Level 0",""
"at:43:3264:3","Zugang","48.19962015","15.75442887","","2","Pat:43:3264","Level 0",""
"at:43:3264:4","P+R","48.19999138","15.75477922","","3","Pat:43:3264","Level 0",""
"at:43:3264:6","ZG","48.20036261","15.75370124","","3","Pat:43:3264","Level -1",""
"at:43:3279:0:4","Deutsch-Wagram Bahnhof","48.30293971","16.56373908","","","Pat:43:3279","Level 0","2"
"at:43:3279:0:5","Deutsch-Wagram Bahnhof","48.30299349","16.56372111","","","Pat:43:3279","Level 0","3"
"at:43:3279:1","G1","48.30262898","16.56275093","","","Pat:43:3279","Level 0",""
"at:43:3279:2","Bus","48.30289788","16.56493384","","","Pat:43:3279","Level 0",""
"at:43:3279:3","Zugang","48.30292178","16.56447570","","2","Pat:43:3279","Level 0",""
"at:43:3279:4","Zugang P+R","48.30343568","16.56325399","","","Pat:43:3279","Level 0",""
"at:43:3279:5","P+R","48.30299947","16.56233771","","3","Pat:43:3279","Level 0",""
"at:43:3279:7","zg","48.30308910","16.56419722","","3","Pat:43:3279","Level -1",""
"at:43:3292:0:1","Helmahof Bahnhof","48.31048624","16.59762353","","","Pat:43:3292","Level 0","1"
"at:43:3292:0:4","Helmahof Bahnhof","48.31042052","16.59765048","","","Pat:43:3292","Level 0","2"
"at:43:3292:2","Bus","48.31158556","16.59756963","","","Pat:43:3292","Level 0",""
"at:43:3292:3","Zugang","48.31042649","16.59703963","","2","Pat:43:3292","Level 0",""
"at:43:3292:4","P+R","48.31059378","16.59676115","","3","Pat:43:3292","Level 0",""
"at:43:3292:6","zg","48.31012776","16.59618623","","3","Pat:43:3292","Level -1",""
"at:43:3309:0:1","Drösing Bahnhof","48.53939082","16.89575641","","","Pat:43:3309","Level 0","1"
"at:43:3309:0:3","Drösing Bahnhof","48.53939677","16.89566658","","","Pat:43:3309","Level 0","2"
"at:43:3309:2","Bus","48.54015213","16.89638523","","","Pat:43:3309","Level 0",""
"at:43:3309:3","Zugang","48.54061010","16.89613370","","2","Pat:43:3309","Level 0",""
"at:43:3309:4","P+R","48.54026514","16.89640320","","3","Pat:43:3309","Level 0",""
"at:43:3309:5","zg","48.54048520","16.89598099","","3","Pat:43:3309","Level -1",""
"at:43:3310:0:3","Dürnkrut Bahnhof","48.47104031","16.86106347","","","Pat:43:3310","Level 0","2"
"at:43:3310:0:4","Dürnkrut Bahnhof","48.47105818","16.86099161","","","Pat:43:3310","Level 0","3"
"at:43:3310:1","G1","48.47101053","16.86118025","","","Pat:43:3310","Level 0",""
"at:43:3310:2","P+R","48.46889617","16.86013821","","3","Pat:43:3310","Level 0",""
"at:43:3310:3","zu Bf","48.46928927","16.86045262","","2","Pat:43:3310","Level 0",""
"at:43:3310:4","Bus","48.46955133","16.86067720","","","Pat:43:3310","Level 0",""
"at:43:3310:6","zg","48.47011715","16.86044364","","3","Pat:43:3310","Level -1",""
"at:43:3314:0:1","Dürrwien Bahnhof","48.17844360","16.06188626","","","Pat:43:3314","Level 0","1"
"at:43:3314:0:2","Dürrwien Bahnhof","48.17849751","16.06183236","","","Pat:43:3314","Level 0","2"
"at:43:3314:2","Bus","48.17857538","16.06281153","","","Pat:43:3314","Level -1",""
"at:43:3314:3","zus","48.17856939","16.06270373","","2","Pat:43:3314","Level -1",""
"at:43:3314:5","zun","48.17897072","16.06235339","","2","Pat:43:3314","Level -1",""
"at:43:3318:0:1","Ebenfurth Bahnhof","47.87770279","16.36279493","","","Pat:43:3318","Level 0","1"
"at:43:3318:0:5","Ebenfurth Bahnhof","47.87782330","16.36274104","","","Pat:43:3318","Level 0","3"
"at:43:3318:2","Bus","47.87731718","16.36168102","","","Pat:43:3318","Level 0",""
"at:43:3318:3","Zugang","47.87752204","16.36256137","","2","Pat:43:3318","Level 0",""
"at:43:3318:4","P+R","47.87758832","16.36292968","","3","Pat:43:3318","Level 0",""
"at:43:3339:0:4","Eggenburg Bahnhof","48.63799819","15.81294513","","","Pat:43:3339","Level 0","2"
"at:43:3339:0:5","Eggenburg Bahnhof","48.63794476","15.81292717","","","Pat:43:3339","Level 0","3"
"at:43:3339:2","Bus","48.63802787","15.81509211","","","Pat:43:3339","Level 0",""
"at:43:3339:3","Zugang","48.63816440","15.81548736","","2","Pat:43:3339","Level -1",""
"at:43:3339:4","P+R N","48.63818221","15.81357395","","3","Pat:43:3339","Level 0",""
"at:43:3339:5","P+R Süd","48.63764201","15.81546041","","3","Pat:43:3339","Level 0",""
"at:43:3339:6","G1","48.63796257","15.81449922","","","Pat:43:3339","Level 0",""
"at:43:3339:7","ZG","48.63779636","15.81527177","","3","Pat:43:3339","Level -1",""
"at:43:3347:0:1","Eichgraben-Altlengbach Bahnhof","48.17365730","15.98179247","","","Pat:43:3347","Level 0","1"
"at:43:3347:0:3","Eichgraben-Altlengbach Bahnhof","48.17360937","15.98183739","","","Pat:43:3347","Level 0","2"
"at:43:3347:2","Bus","48.17332182","15.98153196","","","Pat:43:3347","Level 0",""
"at:43:3347:3","Zugang","48.17341168","15.98173857","","2","Pat:43:3347","Level 0",""
"at:43:3347:4","P+R","48.17345961","15.98205298","","3","Pat:43:3347","Level 0",""
"at:43:3347:6","ZG","48.17335776","15.98132535","","3","Pat:43:3347","Level -1",""
"at:43:3388:0:1","Enzersdorf bei Staatz Bahnhof","48.67233925","16.51124153","","","Pat:43:3388","Level 0","1"
"at:43:3388:0:3","Enzersdorf bei Staatz Bahnhof","48.67232739","16.51116069","","","Pat:43:3388","Level 0","2"
"at:43:3388:2","Bus","48.67297992","16.51132238","","","Pat:43:3388","Level 0",""
"at:43:3388:3","Zugang","48.67316975","16.51113374","","2","Pat:43:3388","Level 0",""
"at:43:3401:0:1","Enzesfeld-Lindabrunn Bahnhof","47.92120409","16.18770430","","","Pat:43:3401","Level 0","1"
"at:43:3401:0:5","Enzesfeld-Lindabrunn Bahnhof","47.92125225","16.18772227","","","Pat:43:3401","Level 0","2"
"at:43:3401:2","Bus","47.92215525","16.18601547","","","Pat:43:3401","Level 0",""
"at:43:3401:3","SEV","47.92115593","16.18720125","","","Pat:43:3401","Level 0",""
"at:43:3401:4","B+R","47.92116797","16.18733599","","3","Pat:43:3401","Level 0",""
"at:43:3401:5","P+R","47.92112583","16.18755159","","3","Pat:43:3401","Level 0",""
"at:43:3408:0:1","Etsdorf-Straß Bahnhof","48.45320546","15.72932096","","","Pat:43:3408","Level 0","1"
"at:43:3408:0:3","Etsdorf-Straß Bahnhof","48.45309226","15.72998572","","","Pat:43:3408","Level 0","2"
"at:43:3408:2","Bus","48.45342590","15.72944673","","","Pat:43:3408","Level 0",""
"at:43:3408:3","Zugang","48.45331270","15.73049775","","2","Pat:43:3408","Level 0",""
"at:43:3408:4","P+R","48.45331866","15.72982402","","3","Pat:43:3408","Level 0",""
"at:43:3408:6","ZG","48.45312801","15.72996775","","3","Pat:43:3408","Level -1",""
"at:43:3415:0:1","Felixdorf Bahnhof","47.88829390","16.24785549","","","Pat:43:3415","Level 0","1"
"at:43:3415:0:3","Felixdorf Bahnhof","47.88829993","16.24803516","","","Pat:43:3415","Level 0","2"
"at:43:3415:0:4","Felixdorf Bahnhof","47.88831198","16.24810702","","","Pat:43:3415","Level 0","3"
"at:43:3415:2","Bus","47.88684212","16.24741532","","","Pat:43:3415","Level 0",""
"at:43:3415:3","Zugang","47.88668550","16.24781956","","2","Pat:43:3415","Level 0",""
"at:43:3415:4","p+r","47.88728790","16.24847533","","3","Pat:43:3415","Level 0",""
"at:43:3415:6","ZG","47.88720959","16.24816990","","3","Pat:43:3415","Level -1",""
"at:43:3420:0:1","Fels am Wagram Bahnhof","48.42887945","15.82186540","","","Pat:43:3420","Level 0","1"
"at:43:3420:0:2","Fels am Wagram Bahnhof","48.42900462","15.82323084","","","Pat:43:3420","Level 0","2"
"at:43:3420:2","Bus","48.42927882","15.82315898","","","Pat:43:3420","Level 0",""
"at:43:3420:3","Zugang","48.42914172","15.82329372","","2","Pat:43:3420","Level 0",""
"at:43:3420:4","P+R","48.42913576","15.82323084","","3","Pat:43:3420","Level 0",""
"at:43:3420:6","zuS","48.42935035","15.82520714","","2","Pat:43:3420","Level -1",""
"at:43:3430:0:1","Fischamend Bahnhof","48.11637277","16.61554492","","","Pat:43:3430","Level 0","1"
"at:43:3430:0:3","Fischamend Bahnhof","48.11635478","16.61552696","","","Pat:43:3430","Level 0","2"
"at:43:3430:2","Bus","48.11692452","16.61477237","","","Pat:43:3430","Level 0",""
"at:43:3430:3","Zugang","48.11671462","16.61514966","","2","Pat:43:3430","Level 0",""
"at:43:3430:4","P+R","48.11633679","16.61583238","","3","Pat:43:3430","Level 0",""
"at:43:3449:0:1","Frättingsdorf Bahnhof","48.64237891","16.51362207","","","Pat:43:3449","Level 0","1"
"at:43:3449:0:2","Frättingsdorf Bahnhof","48.64242639","16.51367597","","","Pat:43:3449","Level 0","2"
"at:43:3449:2","Bus","48.64258666","16.51269681","","","Pat:43:3449","Level 0",""
"at:43:3449:3","Zugang","48.64272318","16.51250816","","2","Pat:43:3449","Level 0",""
"at:43:3449:4","P+R","48.64288344","16.51230155","","3","Pat:43:3449","Level 0",""
"at:43:3481:0:1","Gaisruck Bahnhof","48.39405070","16.06528189","","","Pat:43:3481","Level 0","1"
"at:43:3481:2","Bus","48.39433105","16.06409612","","","Pat:43:3481","Level 0",""
"at:43:3481:3","Zugang","48.39417596","16.06423087","","2","Pat:43:3481","Level 0",""
"at:43:3481:4","P+R","48.39430122","16.06376374","","3","Pat:43:3481","Level 0",""
"at:43:3486:0:1","Gars-Thunau Bahnhof","48.59731292","15.65523690","","","Pat:43:3486","Level 0","1"
"at:43:3486:0:4","Gars-Thunau Bahnhof","48.59729509","15.65514707","","","Pat:43:3486","Level 0","2"
"at:43:3486:2","Bus","48.59759808","15.65553334","","","Pat:43:3486","Level 0",""
"at:43:3486:3","Zugang","48.59760997","15.65529080","","2","Pat:43:3486","Level 0",""
"at:43:3486:4","P+R","48.59746738","15.65561419","","3","Pat:43:3486","Level 0",""
"at:43:3493:0:1","Gedersdorf Bahnhof","48.43293261","15.69237325","","","Pat:43:3493","Level 0","1"
"at:43:3493:2","Bus","48.43218160","15.69112460","","","Pat:43:3493","Level 0",""
"at:43:3493:3","Zugang","48.43213988","15.69116951","","2","Pat:43:3493","Level 0",""
"at:43:3496:0:1","Gemeinlebarn Bahnhof","48.33605725","15.80458182","","","Pat:43:3496","Level 0","1"
"at:43:3496:2","Bus","48.33615280","15.80382723","","","Pat:43:3496","Level 0",""
"at:43:3496:3","Zugang","48.33632001","15.80409673","","2","Pat:43:3496","Level 0",""
"at:43:3496:4","SEV","48.33608711","15.80429436","","","Pat:43:3496","Level 0",""
"at:43:3499:0:2","Gerasdorf Bahnhof","48.29388002","16.48395970","","","Pat:43:3499","Level 0","2"
"at:43:3499:0:3","Gerasdorf Bahnhof","48.29386209","16.48404055","","","Pat:43:3499","Level 0","1"
"at:43:3499:2","Bus","48.29301340","16.48317817","","","Pat:43:3499","Level 0",""
"at:43:3499:3","Zugang","48.29299547","16.48381597","","2","Pat:43:3499","Level 0",""
"at:43:3499:4","SEV","48.29319868","16.48394173","","","Pat:43:3499","Level 0",""
"at:43:3499:5","P+R","48.29356326","16.48411241","","3","Pat:43:3499","Level 0",""
"at:43:3499:6","ZG","48.29325845","16.48368122","","3","Pat:43:3499","Level -1",""
"at:43:3527:0:1","Glinzendorf Bahnhof","48.24215042","16.63990723","","","Pat:43:3527","Level 0","1"
"at:43:3527:0:3","Glinzendorf Bahnhof","48.24213846","16.64023961","","","Pat:43:3527","Level 0","2"
"at:43:3527:2","Bus","48.24234187","16.63990723","","","Pat:43:3527","Level 0",""
"at:43:3527:3","Zugang","48.24227606","16.63972757","","2","Pat:43:3527","Level -1",""
"at:43:3528:0:1","Gobelsburg Bahnhof","48.46269553","15.70118573","","","Pat:43:3528","Level 0","1"
"at:43:3528:2","Bus","48.46224281","15.70174268","","","Pat:43:3528","Level 0",""
"at:43:3528:3","Zugang","48.46221898","15.70170675","","2","Pat:43:3528","Level 0",""
"at:43:3538:0:3","Gramatneusiedl Bahnhof","48.03577149","16.48952925","","","Pat:43:3538","Level 0","2"
"at:43:3538:0:4","Gramatneusiedl Bahnhof","48.03583756","16.48958315","","","Pat:43:3538","Level 0","3"
"at:43:3538:0:5","Gramatneusiedl Bahnhof","48.03588561","16.48961909","","","Pat:43:3538","Level 0","4"
"at:43:3538:2","Bus","48.03496658","16.49059825","","","Pat:43:3538","Level 0",""
"at:43:3538:3","Zugang","48.03523088","16.49029282","","2","Pat:43:3538","Level 0",""
"at:43:3538:4","P+R","48.03497859","16.49048147","","3","Pat:43:3538","Level 0",""
"at:43:3538:5","ZG","48.03553122","16.49010418","","3","Pat:43:3538","Level -1",""
"at:43:3538:7","G1","48.03533900","16.49070605","","","Pat:43:3538","Level 0",""
"at:43:3544:0:1","Greifenstein-Altenberg Bahnhof","48.34487661","16.23986049","","","Pat:43:3544","Level 0","1"
"at:43:3544:0:4","Greifenstein-Altenberg Bahnhof","48.34473928","16.23957303","","","Pat:43:3544","Level 0","2"
"at:43:3544:2","Bus","48.34474525","16.23995032","","","Pat:43:3544","Level 0",""
"at:43:3544:3","Zugang","48.34515723","16.23975269","","2","Pat:43:3544","Level -2",""
"at:43:3544:5","zg","48.34496617","16.23990540","","3","Pat:43:3544","Level -1",""
"at:43:3580:0:1","Großweikersdorf Bahnhof","48.46999208","15.97571986","","","Pat:43:3580","Level 0","1"
"at:43:3580:0:3","Großweikersdorf Bahnhof","48.46998016","15.97565698","","","Pat:43:3580","Level 0","2"
"at:43:3580:2","Bus","48.46943221","15.97793870","","","Pat:43:3580","Level 0",""
"at:43:3580:3","Bahnhofsvorplatz","48.46897956","15.97674394","","","Pat:43:3580","Level 0",""
"at:43:3580:4","P+R","48.46923567","15.97636665","","3","Pat:43:3580","Level 0",""
"at:43:3602:0:1","Gumpoldskirchen Bahnhof","48.04054061","16.28438099","","","Pat:43:3602","Level 0","1"
"at:43:3602:0:5","Gumpoldskirchen Bahnhof","48.04049857","16.28445286","","","Pat:43:3602","Level 0","2"
"at:43:3602:2","Bus","48.04161571","16.28541406","","","Pat:43:3602","Level 0",""
"at:43:3602:3","Zugang","48.04150159","16.28566558","","2","Pat:43:3602","Level 0",""
"at:43:3602:4","p+r","48.04076284","16.28501880","","3","Pat:43:3602","Level 0",""
"at:43:3608:0:1","Guntersdorf Bahnhof","48.64242639","16.05303786","","","Pat:43:3608","Level 0","1"
"at:43:3608:0:4","Guntersdorf Bahnhof","48.64238484","16.05301989","","","Pat:43:3608","Level 0","2"
"at:43:3608:2","Bus","48.64245607","16.05429550","","","Pat:43:3608","Level 0",""
"at:43:3608:3","Zugang","48.64229581","16.05434041","","2","Pat:43:3608","Level 0",""
"at:43:3608:4","P+R","48.64212367","16.05571484","","3","Pat:43:3608","Level 0",""
"at:43:3608:5","Zg","48.64213554","16.05452906","","3","Pat:43:3608","Level -1",""
"at:43:3616:0:1","Guntramsdorf Thallern Bahnhof","48.05172290","16.29717300","","","Pat:43:3616","Level 0","1"
"at:43:3616:0:2","Guntramsdorf Thallern Bahnhof","48.05168087","16.29723588","","","Pat:43:3616","Level 0","2"
"at:43:3616:2","Bus","48.05188503","16.29786471","","","Pat:43:3616","Level 0",""
"at:43:3616:3","Zugang","48.05241346","16.29802640","","2","Pat:43:3616","Level 1",""
"at:43:3617:0:1","Guntramsdorf Kaiserau Bahnhof","48.04424629","16.32500281","","","Pat:43:3617","Level 0","1"
"at:43:3617:2","Bus","48.04437842","16.32475128","","","Pat:43:3617","Level 0",""
"at:43:3617:3","Zugang","48.04466669","16.32497586","","2","Pat:43:3617","Level 0",""
"at:43:3622:0:1","Gänserndorf Bahnhof","48.34035666","16.73347575","","","Pat:43:3622","Level 0","1"
"at:43:3622:0:4","Gänserndorf Bahnhof","48.34041637","16.73343982","","","Pat:43:3622","Level 0","2"
"at:43:3622:0:5","Gänserndorf Bahnhof","48.34048802","16.73340389","","","Pat:43:3622","Level 0","3"
"at:43:3622:0:6","Gänserndorf Bahnhof","48.34054773","16.73336795","","","Pat:43:3622","Level 0","4"
"at:43:3622:0:8","Gänserndorf Bahnhof","48.34085823","16.73490407","","","Pat:43:3622","Level 0","21"
"at:43:3622:2","Vorplatz","48.33972968","16.73167912","","","Pat:43:3622","Level 0",""
"at:43:3622:3","Zugang","48.33993270","16.73228998","","2","Pat:43:3622","Level 0",""
"at:43:3622:4","P+R","48.33969385","16.73135573","","3","Pat:43:3622","Level 0",""
"at:43:3622:5","Lagerhausstraße","48.34067313","16.73184082","","","Pat:43:3622","Level 0",""
"at:43:3622:6","zg","48.34016558","16.73211930","","3","Pat:43:3622","Level -1",""
"at:43:3647:0:1","Göllersdorf Bahnhof","48.49185758","16.12715785","","","Pat:43:3647","Level 0","1"
"at:43:3647:0:5","Göllersdorf Bahnhof","48.49192902","16.12731057","","","Pat:43:3647","Level 0","3"
"at:43:3647:2","Bus","48.49221478","16.12608886","","","Pat:43:3647","Level 0",""
"at:43:3647:3","Zugang","48.49225050","16.12600801","","2","Pat:43:3647","Level 0",""
"at:43:3647:4","P+R","48.49200641","16.12566665","","3","Pat:43:3647","Level 0",""
"at:43:3647:6","Zg","48.49238742","16.12660988","","3","Pat:43:3647","Level -1",""
"at:43:3653:0:1","Ebreichsdorf Bahnhof","47.96418162","16.41916422","","","Pat:43:3653","Level 1","1"
"at:43:3653:0:2","Ebreichsdorf Bahnhof","47.96418162","16.41924507","","","Pat:43:3653","Level 1","2"
"at:43:3653:0:4","Ebreichsdorf Bahnhof","47.96419365","16.41946965","","","Pat:43:3653","Level 1","4"
"at:43:3653:3","Bus","47.96415154","16.41901150","","","Pat:43:3653","Level 0",""
"at:43:3653:4","Zwischengeschoss","47.96417560","16.41932591","","3","Pat:43:3653","Level 0",""
"at:43:3653:5","Zugang Ost","47.96415154","16.41970321","","2","Pat:43:3653","Level 0",""
"at:43:3653:6","P+R","47.96350793","16.41884981","","3","Pat:43:3653","Level 0",""
"at:43:3655:0:1","Götzendorf Bahnhof","48.02564314","16.58570289","","","Pat:43:3655","Level 0","1"
"at:43:3655:0:3","Götzendorf Bahnhof","48.02569721","16.58570289","","","Pat:43:3655","Level 0","2"
"at:43:3655:0:4","Götzendorf Bahnhof","48.02577531","16.58569391","","","Pat:43:3655","Level 0","3"
"at:43:3655:2","Bus","48.02542084","16.58836190","","","Pat:43:3655","Level 0",""
"at:43:3655:3","Zugang","48.02551697","16.58777800","","2","Pat:43:3655","Level 0",""
"at:43:3655:4","P+R","48.02534274","16.58747257","","3","Pat:43:3655","Level 0",""
"at:43:3655:6","ZG","48.02561911","16.58765223","","3","Pat:43:3655","Level -1",""
"at:43:3660:0:1","Hadersdorf/Kamp Bahnhof","48.44640107","15.71455266","","","Pat:43:3660","Level 0","1"
"at:43:3660:0:5","Hadersdorf/Kamp Bahnhof","48.44576349","15.71448978","","","Pat:43:3660","Level 0","2"
"at:43:3660:0:6","Hadersdorf/Kamp Bahnhof","48.44575157","15.71457062","","","Pat:43:3660","Level 0","3"
"at:43:3660:0:7","Hadersdorf/Kamp Bahnhof","48.44656792","15.71496588","","","Pat:43:3660","Level 0","4"
"at:43:3660:2","Bus","48.44709824","15.71360044","","","Pat:43:3660","Level 0",""
"at:43:3660:3","Zugang","48.44653812","15.71406757","","2","Pat:43:3660","Level 0",""
"at:43:3660:4","P+R","48.44625806","15.71395977","","3","Pat:43:3660","Level 0",""
"at:43:3660:5","ZG","48.44696715","15.71480419","","3","Pat:43:3660","Level -1",""
"at:43:3677:0:1","Hainburg/Donau Ungartor/B9","48.14808287","16.94864921","","","Pat:43:3677","Level 0","1"
"at:43:3677:2","Bus","48.14721378","16.94722987","","","Pat:43:3677","Level 0",""
"at:43:3677:3","Zugang","48.14843649","16.94749039","","2","Pat:43:3677","Level 0",""
"at:43:3681:0:1","Hainburg/Donau Kulturfabrik Bhf.","48.14459446","16.93169800","","","Pat:43:3681","Level 0","1"
"at:43:3681:0:2","Hainburg/Donau Kulturfabrik Bhf.","48.14462443","16.93166207","","","Pat:43:3681","Level 0","2"
"at:43:3681:2","Bus","48.14469036","16.93246157","","","Pat:43:3681","Level 0",""
"at:43:3681:3","Zugang","48.14479226","16.93251547","","2","Pat:43:3681","Level 0",""
"at:43:3681:4","P+R","48.14491214","16.93299158","","3","Pat:43:3681","Level 0",""
"at:43:3686:0:1","Hainburg/Donau Personenbhf.","48.14894594","16.93979182","","","Pat:43:3686","Level 0","1"
"at:43:3686:2","Bus","48.14888601","16.93998047","","","Pat:43:3686","Level 0",""
"at:43:3686:3","Zugang","48.14895193","16.94000742","","2","Pat:43:3686","Level 0",""
"at:43:3706:0:1","Haslau an der Donau Bahnhof","48.10967332","16.71077533","","","Pat:43:3706","Level 0","1"
"at:43:3706:2","Bus","48.10978128","16.71001176","","","Pat:43:3706","Level 0",""
"at:43:3706:3","Zugang","48.10979328","16.71027227","","2","Pat:43:3706","Level 0",""
"at:43:3709:0:1","Hausleiten Bahnhof","48.39126504","16.10837408","","","Pat:43:3709","Level 0","1"
"at:43:3709:0:3","Hausleiten Bahnhof","48.39121135","16.10836510","","","Pat:43:3709","Level 0","2"
"at:43:3709:2","Bus","48.39166470","16.10504133","","","Pat:43:3709","Level 0",""
"at:43:3709:3","Zugang","48.39150364","16.10647863","","2","Pat:43:3709","Level 0",""
"at:43:3712:0:1","Hautzendorf Bahnhof","48.45116782","16.49286200","","","Pat:43:3712","Level 0","1"
"at:43:3712:3","Zugang","48.45095332","16.49301472","","2","Pat:43:3712","Level 0",""
"at:43:3723:0:1","Hennersdorf Bahnhof","48.11274426","16.35850099","","","Pat:43:3723","Level 1","1"
"at:43:3723:0:3","Hennersdorf Bahnhof","48.11275626","16.35840217","","","Pat:43:3723","Level 1","2"
"at:43:3723:0:4","Hennersdorf Bahnhof","48.11276825","16.35829437","","","Pat:43:3723","Level 1","3"
"at:43:3723:2","Bus","48.11213248","16.35817759","","","Pat:43:3723","Level 0",""
"at:43:3723:3","Zugang","48.11242038","16.35885133","","2","Pat:43:3723","Level 0",""
"at:43:3723:4","B+R","48.11231242","16.35844709","","3","Pat:43:3723","Level 0",""
"at:43:3733:0:4","Hetzmannsdorf-Wullersdorf Bhf.","48.61741914","16.09150372","","","Pat:43:3733","Level 0","2"
"at:43:3733:2","Bus","48.61648083","16.09251881","","","Pat:43:3733","Level 0",""
"at:43:3733:3","Zugang","48.61659960","16.09214152","","2","Pat:43:3733","Level 0",""
"at:43:3733:4","P+R","48.61626703","16.09217745","","3","Pat:43:3733","Level 0",""
"at:43:3733:5","Zg","48.61686090","16.09185406","","3","Pat:43:3733","Level -1",""
"at:43:3766:0:1","Hirtenberg Bahnhof","47.92900552","16.17644841","","","Pat:43:3766","Level 0","1"
"at:43:3766:2","Bus","47.92931250","16.17624180","","","Pat:43:3766","Level 0",""
"at:43:3766:3","Zugang","47.92929444","16.17631366","","2","Pat:43:3766","Level 0",""
"at:43:3778:0:1","Hohenau","48.59845357","16.90102054","","","Pat:43:3778","Level 0","1"
"at:43:3778:0:3","Hohenau","48.59747926","16.90082291","","","Pat:43:3778","Level 0","2"
"at:43:3778:0:4","Hohenau","48.59747926","16.90074206","","","Pat:43:3778","Level 0","3"
"at:43:3778:2","Bus","48.59876250","16.90112833","","","Pat:43:3778","Level 0",""
"at:43:3778:3","Zugang","48.59864962","16.90120918","","2","Pat:43:3778","Level 0",""
"at:43:3778:4","P+R","48.59970708","16.90154156","","3","Pat:43:3778","Level 0",""
"at:43:3778:6","zg","48.59881596","16.90099359","","3","Pat:43:3778","Level -1",""
"at:43:3780:0:10","Hollabrunn Bahnhof","48.56305155","16.07225282","","","Pat:43:3780","Level 0","3"
"at:43:3780:0:2","Hollabrunn Bahnhof","48.56305749","16.07244147","","","Pat:43:3780","Level 0","1"
"at:43:3780:0:9","Hollabrunn Bahnhof","48.56305749","16.07233367","","","Pat:43:3780","Level 0","2"
"at:43:3780:2","Bus","48.56280780","16.07322300","","","Pat:43:3780","Level 0",""
"at:43:3780:3","Zugang","48.56264729","16.07258520","","2","Pat:43:3780","Level 0",""
"at:43:3780:4","P+R","48.56180903","16.07153417","","3","Pat:43:3780","Level 0",""
"at:43:3780:5","ZG","48.56264729","16.07227977","","3","Pat:43:3780","Level -1",""
"at:43:3780:6","Wiesel","48.56264729","16.07204621","","","Pat:43:3780","Level 0",""
"at:43:3784:0:1","Horn Bahnhof","48.66585499","15.67266422","","","Pat:43:3784","Level 0","2"
"at:43:3784:0:4","Horn Bahnhof","48.66581939","15.67266422","","","Pat:43:3784","Level 0","3"
"at:43:3784:2","Bus","48.66617537","15.67102030","","","Pat:43:3784","Level 0",""
"at:43:3784:3","Zugang","48.66595585","15.67233184","","2","Pat:43:3784","Level 0",""
"at:43:3784:4","P+R","48.66600331","15.67317626","","3","Pat:43:3784","Level 0",""
"at:43:3784:5","Busbahnhof","48.66605671","15.67250252","","","Pat:43:3784","Level 0",""
"at:43:3794:0:1","Höbersdorf Bahnhof","48.44796819","16.17309770","","","Pat:43:3794","Level 0","1"
"at:43:3794:2","Bus","48.44865937","16.17334922","","","Pat:43:3794","Level 0",""
"at:43:3794:3","Zugang","48.44865937","16.17333126","","2","Pat:43:3794","Level 0",""
"at:43:3800:0:1","Höflein/Donau Bahnhof","48.35002899","16.27158000","","","Pat:43:3800","Level 0","1"
"at:43:3800:0:4","Höflein/Donau Bahnhof","48.35009466","16.27158000","","","Pat:43:3800","Level 0","2"
"at:43:3800:2","Bus","48.34984988","16.27242442","","","Pat:43:3800","Level 0",""
"at:43:3800:3","Zugang","48.35007078","16.27265798","","2","Pat:43:3800","Level -1",""
"at:43:3800:4","Wendestelle","48.34976630","16.27004388","","","Pat:43:3800","Level 0",""
"at:43:3806:0:1","Hörersdorf Bahnhof","48.61992517","16.51692787","","","Pat:43:3806","Level 0","1"
"at:43:3806:2","Bus","48.62046556","16.51616430","","","Pat:43:3806","Level 0",""
"at:43:3806:3","Zugang","48.62051900","16.51617329","","2","Pat:43:3806","Level 0",""
"at:43:3830:0:1","Jedenspeigen Bahnhof","48.49485799","16.87810451","","","Pat:43:3830","Level 0","1"
"at:43:3830:0:2","Jedenspeigen Bahnhof","48.49482822","16.87821231","","","Pat:43:3830","Level 0","2"
"at:43:3830:2","Bus","48.49617359","16.87852672","","","Pat:43:3830","Level 0",""
"at:43:3830:3","Zugang","48.49600095","16.87888605","","2","Pat:43:3830","Level 0",""
"at:43:3851:0:1","Kamegg Bahnhof","48.61022696","15.65743777","","","Pat:43:3851","Level 0","1"
"at:43:3851:2","Bus","48.61035169","15.65688980","","","Pat:43:3851","Level 0",""
"at:43:3851:3","Zugang","48.61018538","15.65732998","","2","Pat:43:3851","Level 0",""
"at:43:3852:0:1","Kapellerfeld Bahnhof","48.31692052","16.49508084","","","Pat:43:3852","Level 0","1"
"at:43:3852:0:4","Kapellerfeld Bahnhof","48.31691454","16.49515271","","","Pat:43:3852","Level 0","2"
"at:43:3852:2","Bus","48.31653819","16.49477542","","","Pat:43:3852","Level 0",""
"at:43:3852:3","Zugang","48.31644260","16.49500898","","2","Pat:43:3852","Level 0",""
"at:43:3852:4","zg","48.31613196","16.49473948","","3","Pat:43:3852","Level -1",""
"at:43:3867:0:1","Katzelsdorf Bahnhof","47.79273300","16.26637875","","","Pat:43:3867","Level 0","1"
"at:43:3867:2","Bus","47.79190017","16.26736690","","","Pat:43:3867","Level 0",""
"at:43:3867:3","Zugang","47.79254592","16.26731300","","2","Pat:43:3867","Level 0",""
"at:43:3880:0:1","Kirchberg am Wagram Bhf.","48.42787803","15.89309282","","","Pat:43:3880","Level 0","1"
"at:43:3880:0:4","Kirchberg am Wagram Bhf.","48.42719252","15.89521285","","","Pat:43:3880","Level 0","2"
"at:43:3880:2","Lagerhausstr.","48.42770516","15.89454809","","","Pat:43:3880","Level 0",""
"at:43:3880:3","Zugang","48.42781842","15.89376656","","2","Pat:43:3880","Level 0",""
"at:43:3880:4","P+R","48.42786015","15.89347011","","3","Pat:43:3880","Level 0",""
"at:43:3880:5","Industriestraße","48.42732366","15.89411690","","","Pat:43:3880","Level 0",""
"at:43:3880:7","ZG","48.42756806","15.89396419","","3","Pat:43:3880","Level -1",""
"at:43:3885:0:1","Kirchstetten Bahnhof","48.19026067","15.82121862","","","Pat:43:3885","Level 0","1"
"at:43:3885:0:3","Kirchstetten Bahnhof","48.19030259","15.82122760","","","Pat:43:3885","Level 0","2"
"at:43:3885:2","Bus","48.18988937","15.82126353","","","Pat:43:3885","Level 0",""
"at:43:3885:3","Zugang","48.18997321","15.82129946","","2","Pat:43:3885","Level 0",""
"at:43:3885:4","P+R","48.18989535","15.82199117","","3","Pat:43:3885","Level 0",""
"at:43:3885:5","ZG","48.19017682","15.82148811","","3","Pat:43:3885","Level -1",""
"at:43:3895:0:1","Kledering Bahnhof","48.13360621","16.43884631","","","Pat:43:3895","Level 1","1"
"at:43:3895:0:4","Kledering Bahnhof","48.13362420","16.43891817","","","Pat:43:3895","Level 1","2"
"at:43:3895:2","Bus","48.13196946","16.43845105","","","Pat:43:3895","Level 0",""
"at:43:3895:3","Zugang","48.13271890","16.43938530","","2","Pat:43:3895","Level 0",""
"at:43:3895:4","Vorplatz","48.13257501","16.43934936","","","Pat:43:3895","Level 0",""
"at:43:3952:0:1","Klosterneuburg-Kierling","48.31006204","16.32600892","","","Pat:43:3952","Level 1","1"
"at:43:3952:0:4","Klosterneuburg-Kierling","48.31010386","16.32609875","","","Pat:43:3952","Level 1","2"
"at:43:3952:2","Bus","48.30967965","16.32580231","","","Pat:43:3952","Level 0",""
"at:43:3952:3","Zugang","48.31013373","16.32600892","","2","Pat:43:3952","Level 0",""
"at:43:3952:4","P+R","48.30968563","16.32704199","","3","Pat:43:3952","Level 0",""
"at:43:3952:5","SEV","48.30947054","16.32641316","","","Pat:43:3952","Level 0",""
"at:43:3953:0:1","Klosterneuburg-Weidling Bhf.","48.29689212","16.33494716","","","Pat:43:3953","Level 0","1"
"at:43:3953:0:6","Klosterneuburg-Weidling Bhf.","48.29694591","16.33503699","","","Pat:43:3953","Level 0","2"
"at:43:3953:2","Bus West","48.29765110","16.33405783","","","Pat:43:3953","Level 0",""
"at:43:3953:3","Zugang","48.29728058","16.33404884","","2","Pat:43:3953","Level 0",""
"at:43:3953:4","P+R","48.29812321","16.33400393","","3","Pat:43:3953","Level 0",""
"at:43:3953:5","Bus Ost","48.29707739","16.33544123","","","Pat:43:3953","Level 0",""
"at:43:3953:6","Zwischenebene","48.29740608","16.33472258","","3","Pat:43:3953","Level -1",""
"at:43:3963:0:1","Korneuburg Bahnhof","48.34346155","16.32856912","","","Pat:43:3963","Level 0","1"
"at:43:3963:0:8","Korneuburg Bahnhof","48.34349738","16.32872184","","","Pat:43:3963","Level 0","11"
"at:43:3963:0:9","Korneuburg Bahnhof","48.34344961","16.32852421","","","Pat:43:3963","Level 0","2"
"at:43:3963:2","Bus","48.34366456","16.32872184","","","Pat:43:3963","Level 0",""
"at:43:3963:3","Zugang","48.34380189","16.32865895","","2","Pat:43:3963","Level 0",""
"at:43:3963:4","P+R","48.34430343","16.32954829","","3","Pat:43:3963","Level 0",""
"at:43:3963:5","Zg","48.34370038","16.32838048","","3","Pat:43:3963","Level -1",""
"at:43:3989:0:1","Kottingbrunn Bahnhof","47.95000816","16.22699661","","","Pat:43:3989","Level 0","1"
"at:43:3989:0:4","Kottingbrunn Bahnhof","47.95002621","16.22710441","","","Pat:43:3989","Level 0","2"
"at:43:3989:2","Zugang","47.95030298","16.22740085","","2","Pat:43:3989","Level 0",""
"at:43:3989:3","P+R","47.95044136","16.22640372","","3","Pat:43:3989","Level 0",""
"at:43:3989:4","Bus","47.95097684","16.22659237","","","Pat:43:3989","Level 0",""
"at:43:3989:6","ZG","47.95067601","16.22688881","","3","Pat:43:3989","Level -1",""
"at:43:3991:0:1","Kottingneusiedl Bahnhof","48.70346158","16.46434049","","","Pat:43:3991","Level 0","1"
"at:43:3991:2","Bus","48.70315922","16.46489745","","","Pat:43:3991","Level 0",""
"at:43:3991:3","Zugang","48.70326594","16.46511304","","2","Pat:43:3991","Level 0",""
"at:43:3993:0:1","Krems Bahnhof","48.40880559","15.60461683","","","Pat:43:3993","Level 0","1"
"at:43:3993:0:11","Krems Bahnhof","48.40875192","15.60467972","","","Pat:43:3993","Level 1","2"
"at:43:3993:0:14","Krems Bahnhof","48.40855514","15.60405090","","","Pat:43:3993","Level 0","21"
"at:43:3993:0:3","Krems Bahnhof","48.40953905","15.60569481","","","Pat:43:3993","Level 0","11"
"at:43:3993:0:9","Krems Bahnhof","48.40869826","15.60476056","","","Pat:43:3993","Level 1","3"
"at:43:3993:2","Bus","48.40925282","15.60458988","","","Pat:43:3993","Level 0",""
"at:43:3993:3","Zugang","48.40926475","15.60472463","","2","Pat:43:3993","Level 0",""
"at:43:3993:4","P+R","48.40848955","15.60595532","","3","Pat:43:3993","Level 0",""
"at:43:3993:6","ZG","48.40908586","15.60515582","","3","Pat:43:3993","Level -1",""
"at:43:3995:0:1","Kritzendorf Bahnhof","48.33583630","16.29902353","","","Pat:43:3995","Level 0","1"
"at:43:3995:0:4","Kritzendorf Bahnhof","48.33566910","16.29940082","","","Pat:43:3995","Level 0","2"
"at:43:3995:2","Bus","48.33660664","16.29749640","","","Pat:43:3995","Level 0",""
"at:43:3995:3","Zugang","48.33649915","16.29905048","","2","Pat:43:3995","Level -1",""
"at:43:3995:4","P+R","48.33629612","16.29844861","","3","Pat:43:3995","Level 0",""
"at:43:3995:5","SEV","48.33614086","16.29842166","","","Pat:43:3995","Level 0",""
"at:43:3995:7","fb","48.33636181","16.29877200","","3","Pat:43:3995","Level 1",""
"at:43:4003:0:1","Unterkritzendorf Bahnhof","48.32362278","16.30966857","","","Pat:43:4003","Level 0","1"
"at:43:4003:0:2","Unterkritzendorf Bahnhof","48.32365264","16.30974942","","","Pat:43:4003","Level 0","2"
"at:43:4003:2","Bus","48.32414841","16.30891398","","","Pat:43:4003","Level 0",""
"at:43:4003:3","Zugang","48.32442316","16.30916551","","2","Pat:43:4003","Level -1",""
"at:43:4003:4","P+R","48.32402894","16.30893195","","3","Pat:43:4003","Level 0",""
"at:43:4003:6","zg","48.32436941","16.30903076","","3","Pat:43:4003","Level -1",""
"at:43:40081:0:1","Marktl Ort","48.02298156","15.60168833","","","Pat:43:40081","Level 0","1"
"at:43:40081:0:2","Marktl Ort","48.02287942","15.60176917","","","Pat:43:40081","Level 0","2"
"at:43:4015:0:1","Laa/Thaya Bahnhof","48.72412997","16.40242860","","","Pat:43:4015","Level 0","1"
"at:43:4015:0:4","Laa/Thaya Bahnhof","48.72414775","16.40251844","","","Pat:43:4015","Level 0","2"
"at:43:4015:2","Bus","48.72308105","16.40250047","","","Pat:43:4015","Level 0",""
"at:43:4015:3","Zugang","48.72318179","16.40273403","","2","Pat:43:4015","Level 0",""
"at:43:4015:4","P+R","48.72404700","16.40223996","","3","Pat:43:4015","Level 0",""
"at:43:4016:0:1","St. Pölten Bildungscampus Bahnhof","48.18944620","15.61516306","","","Pat:43:4016","Level 0","1"
"at:43:4016:2","Bus","48.18924258","15.61451627","","","Pat:43:4016","Level 0",""
"at:43:4016:3","zugang","48.18935038","15.61520797","","2","Pat:43:4016","Level 0",""
"at:43:4025:0:1","Ladendorf Bahnhof","48.53632762","16.51029830","","","Pat:43:4025","Level 0","1"
"at:43:4025:0:4","Ladendorf Bahnhof","48.53628598","16.51036119","","","Pat:43:4025","Level 0","2"
"at:43:4025:2","Bus","48.53607185","16.50907659","","","Pat:43:4025","Level 0",""
"at:43:4025:3","Zugang","48.53601236","16.50922033","","2","Pat:43:4025","Level 0",""
"at:43:4025:4","P+R","48.53636925","16.50984016","","3","Pat:43:4025","Level 0",""
"at:43:4029:0:1","Langenlebarn Bahnhof","48.32742153","16.12107626","","","Pat:43:4029","Level 0","1"
"at:43:4029:0:2","Langenlebarn Bahnhof","48.32748722","16.12105829","","","Pat:43:4029","Level 0","2"
"at:43:4029:2","Bus","48.32768432","16.12228898","","","Pat:43:4029","Level 0",""
"at:43:4029:3","Zugang","48.32758876","16.12230695","","2","Pat:43:4029","Level 0",""
"at:43:4036:0:1","Langenlois Bahnhof","48.47693027","15.68621081","","","Pat:43:4036","Level 0","1"
"at:43:4036:0:3","Langenlois Bahnhof","48.47693027","15.68623776","","","Pat:43:4036","Level 0","2"
"at:43:4036:2","Bus","48.47683499","15.68586047","","","Pat:43:4036","Level 0",""
"at:43:4036:3","Zugang","48.47723398","15.68601318","","2","Pat:43:4036","Level 0",""
"at:43:4045:0:1","Langenzersdorf Bahnhof","48.30634564","16.35607554","","","Pat:43:4045","Level 0","1"
"at:43:4045:0:3","Langenzersdorf Bahnhof","48.30638150","16.35613842","","","Pat:43:4045","Level 0","2"
"at:43:4045:2","Bus","48.30632174","16.35409026","","","Pat:43:4045","Level 0",""
"at:43:4045:3","Zugang","48.30720605","16.35538383","","2","Pat:43:4045","Level 0",""
"at:43:4045:4","P+R","48.30676390","16.35488078","","3","Pat:43:4045","Level 0",""
"at:43:4045:5","ZG","48.30714033","16.35516824","","3","Pat:43:4045","Level -1",""
"at:43:4045:6","zuw","48.30695510","16.35517722","","2","Pat:43:4045","Level 0",""
"at:43:4045:7","zu-s","48.30563460","16.35730623","","2","Pat:43:4045","Level 0",""
"at:43:4045:8","zg-s","48.30554497","16.35711758","","3","Pat:43:4045","Level -1",""
"at:43:4054:0:1","Lanzendorf-Rannersdorf Bahnhof","48.11369789","16.44754200","","","Pat:43:4054","Level 1","1"
"at:43:4054:0:4","Lanzendorf-Rannersdorf Bahnhof","48.11370389","16.44742522","","","Pat:43:4054","Level 1","2"
"at:43:4054:2","Bus","48.11346399","16.44861099","","","Pat:43:4054","Level 0",""
"at:43:4054:3","Zugang","48.11304415","16.44747912","","2","Pat:43:4054","Level 0",""
"at:43:4067:0:2","Laxenburg-Biedermannsdorf Bhf.","48.07750137","16.35665046","","","Pat:43:4067","Level 0","2"
"at:43:4067:2","SEV","48.07713526","16.35576113","","","Pat:43:4067","Level 0",""
"at:43:4067:3","Zugang","48.07751338","16.35631808","","2","Pat:43:4067","Level 0",""
"at:43:4083:0:1","Leobendorf-Burg Kreuzenstein Bhf.","48.36449823","16.30195204","","","Pat:43:4083","Level 0","1"
"at:43:4083:0:2","Leobendorf-Burg Kreuzenstein Bhf.","48.36456388","16.30205085","","","Pat:43:4083","Level 0","2"
"at:43:4083:2","Bus","48.36446839","16.30178136","","","Pat:43:4083","Level 0",""
"at:43:4083:3","Zugang","48.36477874","16.30174543","","2","Pat:43:4083","Level 0",""
"at:43:4083:4","P+R","48.36483245","16.30177238","","3","Pat:43:4083","Level 0",""
"at:43:4084:0:1","Leobersdorf Bahnhof","47.93818394","16.23095818","","","Pat:43:4084","Level 0","1"
"at:43:4084:0:4","Leobersdorf Bahnhof","47.93818996","16.23102106","","","Pat:43:4084","Level 0","2"
"at:43:4084:0:5","Leobersdorf Bahnhof","47.93823811","16.23126361","","","Pat:43:4084","Level 0","3"
"at:43:4084:0:6","Leobersdorf Bahnhof","47.93825014","16.23132649","","","Pat:43:4084","Level 0","4"
"at:43:4084:2","Bus","47.93751593","16.23090428","","","Pat:43:4084","Level 0",""
"at:43:4084:3","Zugang","47.93787100","16.23089530","","2","Pat:43:4084","Level 0",""
"at:43:4084:4","P+R","47.93775064","16.23221582","","3","Pat:43:4084","Level 0",""
"at:43:4084:6","zuO","47.93803951","16.23150616","","2","Pat:43:4084","Level 0",""
"at:43:4084:7","ZG","47.93800942","16.23123666","","3","Pat:43:4084","Level -1",""
"at:43:4084:8","Schulgasse","47.93817191","16.23244939","","","Pat:43:4084","Level 0",""
"at:43:4102:0:1","Limberg-Maissau Bahnhof","48.59228065","15.86467013","","","Pat:43:4102","Level 0","1"
"at:43:4102:0:2","Limberg-Maissau Bahnhof","48.59223312","15.86467013","","","Pat:43:4102","Level 0","2"
"at:43:4102:2","Bus","48.59281539","15.86301723","","","Pat:43:4102","Level 0",""
"at:43:4102:3","Zugang","48.59253020","15.86227162","","2","Pat:43:4102","Level 0",""
"at:43:4102:4","P+R","48.59263121","15.86295434","","3","Pat:43:4102","Level 0",""
"at:43:4132:0:1","Marchegg Bahnhof","48.25026821","16.91678597","","","Pat:43:4132","Level 0","1"
"at:43:4132:0:3","Marchegg Bahnhof","48.24973584","16.91778310","","","Pat:43:4132","Level 0","2"
"at:43:4132:0:4","Marchegg Bahnhof","48.24968799","16.91772920","","","Pat:43:4132","Level 0","3"
"at:43:4132:2","P+R","48.25025027","16.91738784","","3","Pat:43:4132","Level 0",""
"at:43:4132:3","ZG","48.24976575","16.91780107","","3","Pat:43:4132","Level -1",""
"at:43:4132:4","Bus","48.24986744","16.91782802","","","Pat:43:4132","Level 0",""
"at:43:4140:0:2","Maria Anzbach Bahnhof","48.18699073","15.93728993","","","Pat:43:4140","Level 0","2"
"at:43:4140:1","G1","48.18677512","15.93733485","","","Pat:43:4140","Level 0",""
"at:43:4140:2","Bus","48.18690090","15.93764028","","","Pat:43:4140","Level 0",""
"at:43:4140:3","Zugang","48.18688892","15.93710129","","2","Pat:43:4140","Level 0",""
"at:43:4140:5","ZG","48.18697276","15.93721807","","3","Pat:43:4140","Level -1",""
"at:43:4142:0:1","Maria Ellend Bahnhof","48.10975129","16.68829049","","","Pat:43:4142","Level 0","1"
"at:43:4142:0:3","Maria Ellend Bahnhof","48.10982327","16.68826354","","","Pat:43:4142","Level 0","2"
"at:43:4142:2","Bus","48.10981127","16.68741015","","","Pat:43:4142","Level 0",""
"at:43:4142:3","Zugang","48.10968531","16.68716760","","2","Pat:43:4142","Level 0",""
"at:43:4165:0:1","Maria Lanzendorf Bahnhof","48.10248708","16.41966727","","","Pat:43:4165","Level 0","1"
"at:43:4165:0:3","Maria Lanzendorf Bahnhof","48.10250507","16.41965829","","","Pat:43:4165","Level 0","2"
"at:43:4165:2","Bus","48.10221112","16.41943371","","","Pat:43:4165","Level 0",""
"at:43:4165:3","Zugang","48.10233710","16.41970321","","2","Pat:43:4165","Level 0",""
"at:43:4196:0:1","Michelhausen Bahnhof","48.29653953","15.93439736","","","Pat:43:4196","Level 0","1"
"at:43:4196:2","Bus","48.29667698","15.93375057","","","Pat:43:4196","Level 0",""
"at:43:4196:3","Zugang","48.29668296","15.93418176","","2","Pat:43:4196","Level 0",""
"at:43:4196:4","P+R","48.29670686","15.93439736","","3","Pat:43:4196","Level 0",""
"at:43:4202:0:7","Mistelbach Bahnhof","48.56609530","16.56506859","","","Pat:43:4202","Level 0","1"
"at:43:4202:0:8","Mistelbach Bahnhof","48.56553056","16.56328992","","","Pat:43:4202","Level 0","2"
"at:43:4202:0:9","Mistelbach Bahnhof","48.56557811","16.56324501","","","Pat:43:4202","Level 0","3"
"at:43:4202:2","Bus","48.56591696","16.56514943","","","Pat:43:4202","Level 0",""
"at:43:4202:3","Zugang","48.56585157","16.56481706","","2","Pat:43:4202","Level 0",""
"at:43:4202:4","P+R","48.56617258","16.56412536","","3","Pat:43:4202","Level 0",""
"at:43:4202:6","zg","48.56598235","16.56446672","","3","Pat:43:4202","Level -1",""
"at:43:4207:0:1","Mistelbach Stadt","48.57022072","16.56882354","","","Pat:43:4207","Level 0","1"
"at:43:4207:2","Bus","48.57101129","16.56864388","","","Pat:43:4207","Level 0",""
"at:43:4207:3","Zugang","48.57093402","16.56865286","","2","Pat:43:4207","Level 0",""
"at:43:4216:0:1","Moosbierbaum-Heiligeneich Bahnhof","48.30605286","15.90086325","","","Pat:43:4216","Level 0","1"
"at:43:4216:0:4","Moosbierbaum-Heiligeneich Bahnhof","48.30607676","15.90089020","","","Pat:43:4216","Level 0","2"
"at:43:4216:2","Bus","48.30631577","15.89913848","","","Pat:43:4216","Level 0",""
"at:43:4216:3","Zugang","48.30611859","15.90001883","","2","Pat:43:4216","Level 0",""
"at:43:4216:4","P+R","48.30620224","15.89980324","","3","Pat:43:4216","Level 0",""
"at:43:4225:0:1","Muckendorf-Wipfing Bahnhof","48.32820394","16.15081049","","","Pat:43:4225","Level 0","1"
"at:43:4225:0:2","Muckendorf-Wipfing Bahnhof","48.32826366","16.15088236","","","Pat:43:4225","Level 0","2"
"at:43:4225:2","Bus","48.32801281","16.14904980","","","Pat:43:4225","Level 0",""
"at:43:4225:3","Zugang","48.32832936","16.14965167","","2","Pat:43:4225","Level 0",""
"at:43:4231:0:1","Münchendorf Bahnhof","48.03224541","16.38607927","","","Pat:43:4231","Level 0","1"
"at:43:4231:0:4","Münchendorf Bahnhof","48.03224541","16.38613317","","","Pat:43:4231","Level 0","2"
"at:43:4231:0:7","Münchendorf Bahnhof","48.03225142","16.38625893","","","Pat:43:4231","Level 0","3"
"at:43:4231:2","Bus","48.03258181","16.38565706","","","Pat:43:4231","Level 0",""
"at:43:4231:3","Zugang","48.03242563","16.38590859","","2","Pat:43:4231","Level 0",""
"at:43:4231:4","P+R","48.03241361","16.38552231","","3","Pat:43:4231","Level 0",""
"at:43:4231:6","zg","48.03225142","16.38617808","","3","Pat:43:4231","Level -1",""
"at:43:4239:0:1","Mödling Bahnhof","48.08628735","16.29525061","","","Pat:43:4239","Level -1","1"
"at:43:4239:0:13","Mödling Bahnhof","48.08635936","16.29553807","","","Pat:43:4239","Level -1","4"
"at:43:4239:0:14","Mödling Bahnhof","48.08633536","16.29544824","","","Pat:43:4239","Level -1","3"
"at:43:4239:0:15","Mödling Bahnhof","48.08630536","16.29533146","","","Pat:43:4239","Level -1","2"
"at:43:4239:2","Bus","48.08545323","16.29534942","","","Pat:43:4239","Level 0",""
"at:43:4239:3","Zu Bahnhof","48.08552524","16.29518773","","2","Pat:43:4239","Level 0",""
"at:43:4239:4","Zu Bahnbrücke","48.08647938","16.29492721","","2","Pat:43:4239","Level 0",""
"at:43:4239:5","ZG","48.08586129","16.29565485","","3","Pat:43:4239","Level -2",""
"at:43:4239:6","P+R","48.08579528","16.29620282","","3","Pat:43:4239","Level 0",""
"at:43:4239:7","Zu Bahnstraße","48.08573527","16.29615791","","2","Pat:43:4239","Level 0",""
"at:43:4301:0:1","Möllersdorf Aspangbahn","48.02980645","16.31311810","","","Pat:43:4301","Level 0","1"
"at:43:4301:2","Bus","48.02854488","16.31221978","","","Pat:43:4301","Level 0",""
"at:43:4301:3","Zugang","48.02999869","16.31312708","","2","Pat:43:4301","Level 0",""
"at:43:4318:0:4","Neubau-Kreuzstetten Bahnhof","48.49735224","16.50071328","","","Pat:43:4318","Level 0","2"
"at:43:4318:0:5","Neubau-Kreuzstetten Bahnhof","48.49738200","16.50064141","","","Pat:43:4318","Level 0","3"
"at:43:4318:1","G1","48.49709627","16.50059650","","","Pat:43:4318","Level 0",""
"at:43:4318:2","Bus","48.49730462","16.50175533","","","Pat:43:4318","Level 0",""
"at:43:4318:3","Zugang","48.49721533","16.50109057","","2","Pat:43:4318","Level 0",""
"at:43:4318:5","zg","48.49751296","16.50097379","","3","Pat:43:4318","Level -1",""
"at:43:4337:0:1","Neulengbach Bahnhof","48.19964410","15.89271553","","","Pat:43:4337","Level 0","1"
"at:43:4337:0:2","Neulengbach Bahnhof","48.19939262","15.89313774","","","Pat:43:4337","Level 0","2"
"at:43:4337:0:3","Neulengbach Bahnhof","48.19932676","15.89310180","","","Pat:43:4337","Level 0","3"
"at:43:4337:2","Bus","48.19985966","15.89271553","","","Pat:43:4337","Level 0",""
"at:43:4337:3","Zugang","48.19975188","15.89292214","","2","Pat:43:4337","Level 0",""
"at:43:4337:4","P+R","48.19944052","15.89390131","","3","Pat:43:4337","Level 0",""
"at:43:4337:6","ZG","48.19975787","15.89187111","","3","Pat:43:4337","Level -1",""
"at:43:4338:0:4","Neulengbach Stadt Bahnhof","48.19615321","15.90715146","","","Pat:43:4338","Level 1","2"
"at:43:4338:1","G1","48.19608135","15.90710654","","","Pat:43:4338","Level 1",""
"at:43:4338:2","Bahnstr.","48.19643465","15.90655857","","","Pat:43:4338","Level 1",""
"at:43:4338:3","Zugang","48.19645261","15.90625314","","2","Pat:43:4338","Level 0",""
"at:43:4338:4","P+R","48.19697955","15.90539974","","3","Pat:43:4338","Level 0",""
"at:43:4338:5","Alter Markt","48.19600351","15.90574110","","","Pat:43:4338","Level 0",""
"at:43:4338:7","ZG","48.19649453","15.90552550","","3","Pat:43:4338","Level 0",""
"at:43:4377:0:1","Niederkreuzstetten Bahnhof","48.47829398","16.47996220","","","Pat:43:4377","Level 0","1"
"at:43:4377:2","Bus","48.47782353","16.47939626","","","Pat:43:4377","Level 0",""
"at:43:4377:3","Zugang","48.47769848","16.47943219","","2","Pat:43:4377","Level 0",""
"at:43:4395:0:1","Obereggendorf Bahnhof","47.84947939","16.29644537","","","Pat:43:4395","Level 0","1"
"at:43:4395:0:3","Obereggendorf Bahnhof","47.84952159","16.29639147","","","Pat:43:4395","Level 0","2"
"at:43:4395:2","Bus","47.84985315","16.29808928","","","Pat:43:4395","Level 0",""
"at:43:4395:3","Zugang","47.84969641","16.29748741","","2","Pat:43:4395","Level 0",""
"at:43:4395:4","zg","47.85000386","16.29770301","","3","Pat:43:4395","Level -1",""
"at:43:4408:0:1","Oberolberndorf Bahnhof","48.41397535","16.17361872","","","Pat:43:4408","Level 0","1"
"at:43:4408:2","Bus","48.41395150","16.17629570","","","Pat:43:4408","Level 0",""
"at:43:4408:3","Zugang","48.41346257","16.17449907","","2","Pat:43:4408","Level 0",""
"at:43:4417:0:1","Obersdorf Bahnhof","48.36211085","16.51671227","","","Pat:43:4417","Level 1","1"
"at:43:4417:0:2","Obersdorf Bahnhof","48.36211682","16.51662244","","","Pat:43:4417","Level 1","2"
"at:43:4417:2","Bus","48.36264802","16.51719736","","","Pat:43:4417","Level 0",""
"at:43:4417:3","Zugang","48.36253462","16.51696380","","2","Pat:43:4417","Level 0",""
"at:43:4417:4","P+R","48.36286885","16.51741296","","3","Pat:43:4417","Level 0",""
"at:43:4423:0:1","Oberwaltersdorf Bahnhof","47.97528425","16.32843437","","","Pat:43:4423","Level 0","1"
"at:43:4423:2","Bus","47.97521810","16.32797623","","","Pat:43:4423","Level 0",""
"at:43:4423:3","Zugang","47.97541656","16.32808403","","2","Pat:43:4423","Level 0",""
"at:43:4429:0:1","Oberweiden Bahnhof","48.30644722","16.83347621","","","Pat:43:4429","Level 0","1"
"at:43:4429:2","Bus","48.30604091","16.83370079","","","Pat:43:4429","Level 0",""
"at:43:4429:3","Zugang","48.30610066","16.83379062","","2","Pat:43:4429","Level 0",""
"at:43:4440:0:1","Ollersbach Bahnhof","48.19151229","15.84782671","","","Pat:43:4440","Level 0","1"
"at:43:4440:0:4","Ollersbach Bahnhof","48.19157218","15.84779976","","","Pat:43:4440","Level 0","2"
"at:43:4440:2","Bus","48.19136258","15.84896757","","","Pat:43:4440","Level 0",""
"at:43:4440:3","Zugang","48.19162607","15.84868910","","2","Pat:43:4440","Level 0",""
"at:43:4455:0:1","Paasdorf Bahnhof","48.54667039","16.53512774","","","Pat:43:4455","Level 0","1"
"at:43:4455:2","Bus","48.54602812","16.53510079","","","Pat:43:4455","Level 0",""
"at:43:4455:3","Zugang","48.54647414","16.53489418","","2","Pat:43:4455","Level 0",""
"at:43:4455:4","P+R","48.54614111","16.53514570","","3","Pat:43:4455","Level 0",""
"at:43:4500:0:3","Perchtoldsdorf Bahnhof","48.12265759","16.28559372","","","Pat:43:4500","Level -1","1"
"at:43:4500:0:4","Perchtoldsdorf Bahnhof","48.12265159","16.28552185","","","Pat:43:4500","Level -1","2"
"at:43:4500:2","Bus","48.12325125","16.28454269","","","Pat:43:4500","Level 0",""
"at:43:4500:3","Zu","48.12337718","16.28518049","","2","Pat:43:4500","Level 0",""
"at:43:4500:5","P+R","48.12370699","16.28500981","","3","Pat:43:4500","Level 0",""
"at:43:4531:0:1","Petronell-Carnuntum Bahnhof","48.10625428","16.86838474","","","Pat:43:4531","Level 0","1"
"at:43:4531:0:4","Petronell-Carnuntum Bahnhof","48.10620629","16.86843864","","","Pat:43:4531","Level 0","2"
"at:43:4531:2","Bus","48.10605033","16.86722592","","","Pat:43:4531","Level 0",""
"at:43:4531:3","Zugang","48.10599034","16.86765711","","2","Pat:43:4531","Level 0",""
"at:43:4531:4","P+R","48.10553445","16.86656116","","3","Pat:43:4531","Level 0",""
"at:43:4533:0:1","Pfaffstätten Bahnhof","48.01814472","16.25869816","","","Pat:43:4533","Level 0","1"
"at:43:4533:0:3","Pfaffstätten Bahnhof","48.01801853","16.25885986","","","Pat:43:4533","Level 0","2"
"at:43:4533:2","Bus","48.01859537","16.25910240","","","Pat:43:4533","Level 0",""
"at:43:4533:3","Zugang Ost","48.01783226","16.25929105","","2","Pat:43:4533","Level 0",""
"at:43:4533:4","Zugang West","48.01846919","16.25886884","","2","Pat:43:4533","Level 0",""
"at:43:4533:6","ZG","48.01874559","16.25955156","","3","Pat:43:4533","Level -1",""
"at:43:4549:0:1","Plank am Kamp Bahnhof","48.55768886","15.67336490","","","Pat:43:4549","Level 0","1"
"at:43:4549:0:4","Plank am Kamp Bahnhof","48.55768886","15.67332897","","","Pat:43:4549","Level 0","2"
"at:43:4549:2","Bus","48.55828342","15.67340982","","","Pat:43:4549","Level 0",""
"at:43:4549:3","Zugang","48.55799804","15.67354457","","2","Pat:43:4549","Level 0",""
"at:43:4552:0:1","Platt Bahnhof","48.67455190","15.96644026","","","Pat:43:4552","Level 0","1"
"at:43:4552:2","Bus","48.67440360","15.96615280","","","Pat:43:4552","Level 0",""
"at:43:4552:3","Zugang","48.67450444","15.96608992","","2","Pat:43:4552","Level 0",""
"at:43:4552:4","P+R","48.67478324","15.96568568","","3","Pat:43:4552","Level -1",""
"at:43:4556:0:1","Pottenbrunn Bahnhof","48.22362483","15.70182353","","","Pat:43:4556","Level 0","1"
"at:43:4556:0:4","Pottenbrunn Bahnhof","48.22369066","15.70181455","","","Pat:43:4556","Level 0","2"
"at:43:4556:2","Bus","48.22393604","15.70238947","","","Pat:43:4556","Level 0",""
"at:43:4556:3","Zugang","48.22382831","15.70157200","","2","Pat:43:4556","Level 0",""
"at:43:4562:0:1","Pottendorf-Landegg Bahnhof","47.90585062","16.39673329","","","Pat:43:4562","Level 0","1"
"at:43:4562:0:3","Pottendorf-Landegg Bahnhof","47.90579642","16.39681413","","","Pat:43:4562","Level 0","2"
"at:43:4562:2","Bus","47.90506175","16.39521513","","","Pat:43:4562","Level 0",""
"at:43:4562:3","Zugang","47.90505572","16.39483784","","2","Pat:43:4562","Level 0",""
"at:43:4562:4","P+R","47.90476065","16.39478394","","3","Pat:43:4562","Level 0",""
"at:43:4562:5","zg","47.90509186","16.39573616","","3","Pat:43:4562","Level -1",""
"at:43:4565:0:1","Pottenstein an der Triesting Bhf.","47.96184170","16.08920403","","","Pat:43:4565","Level 0","1"
"at:43:4565:0:4","Pottenstein an der Triesting Bhf.","47.96181764","16.08915013","","","Pat:43:4565","Level 0","2"
"at:43:4565:2","Bus","47.96176952","16.08959031","","","Pat:43:4565","Level 0",""
"at:43:4565:3","Zugang","47.96187178","16.08945556","","2","Pat:43:4565","Level 0",""
"at:43:4574:0:1","Pressbaum Bahnhof","48.18139662","16.07796611","","","Pat:43:4574","Level 0","1"
"at:43:4574:0:2","Pressbaum Bahnhof","48.18145652","16.07791221","","","Pat:43:4574","Level 0","2"
"at:43:4574:2","Bus","48.18025257","16.07545981","","","Pat:43:4574","Level 0",""
"at:43:4574:3","Zugang","48.18163022","16.07936748","","2","Pat:43:4574","Level 0",""
"at:43:4574:4","zu-n","48.18086952","16.07611558","","2","Pat:43:4574","Level 0",""
"at:43:4574:5","zg","48.18209143","16.07929561","","3","Pat:43:4574","Level -1",""
"at:43:4601:0:3","Purkersdorf Sanatorium Bhf.","48.20628393","16.20074784","","","Pat:43:4601","Level 1","1"
"at:43:4601:0:4","Purkersdorf Sanatorium Bhf.","48.20635577","16.20072987","","","Pat:43:4601","Level 1","2"
"at:43:4601:2","Bus","48.20517036","16.19834035","","","Pat:43:4601","Level 0",""
"at:43:4601:3","Zu","48.20628393","16.20156531","","2","Pat:43:4601","Level 0",""
"at:43:4601:5","ZG","48.20634379","16.20095445","","3","Pat:43:4601","Level 0",""
"at:43:4603:0:3","Purkersdorf Zentrum Bahnhof","48.20599057","16.17537942","","","Pat:43:4603","Level 0","1"
"at:43:4603:0:4","Purkersdorf Zentrum Bahnhof","48.20588281","16.17532552","","","Pat:43:4603","Level 0","2"
"at:43:4603:2","Bus","48.20576307","16.17745452","","","Pat:43:4603","Level 0",""
"at:43:4603:3","Zugang","48.20582294","16.17480449","","2","Pat:43:4603","Level 0",""
"at:43:4603:4","P+R","48.20588879","16.17694248","","3","Pat:43:4603","Level 0",""
"at:43:4603:5","ZG","48.20652938","16.17659214","","3","Pat:43:4603","Level -1",""
"at:43:4605:0:3","Unterpurkersdorf Bahnhof","48.20756509","16.19059688","","","Pat:43:4605","Level 0","1"
"at:43:4605:0:4","Unterpurkersdorf Bahnhof","48.20763094","16.19063281","","","Pat:43:4605","Level 0","2"
"at:43:4605:2","Bus","48.20600254","16.18960873","","","Pat:43:4605","Level 0",""
"at:43:4605:3","Zugang Bahnhofstr","48.20746930","16.18915957","","2","Pat:43:4605","Level 0",""
"at:43:4605:4","Zugang Winterg","48.20848703","16.18964466","","2","Pat:43:4605","Level 0",""
"at:43:4605:5","P+R","48.20753516","16.18788396","","3","Pat:43:4605","Level 0",""
"at:43:4605:6","SEV","48.20735556","16.18843194","","","Pat:43:4605","Level 0",""
"at:43:4613:0:1","Raasdorf Bahnhof","48.23905731","16.58305286","","","Pat:43:4613","Level 0","1"
"at:43:4613:0:3","Raasdorf Bahnhof","48.23911115","16.58304388","","","Pat:43:4613","Level 0","2"
"at:43:4613:2","Bus","48.23862055","16.58201081","","","Pat:43:4613","Level 0",""
"at:43:4613:3","Zugang","48.23866841","16.58234319","","2","Pat:43:4613","Level 0",""
"at:43:4613:4","ZG","48.23894363","16.58204675","","3","Pat:43:4613","Level -1",""
"at:43:4616:0:1","Rabensburg Bahnhof","48.65116295","16.89505572","","","Pat:43:4616","Level 0","1"
"at:43:4616:0:2","Rabensburg Bahnhof","48.65113921","16.89494793","","","Pat:43:4616","Level 0","2"
"at:43:4616:2","Bus","48.65221931","16.89633133","","","Pat:43:4616","Level 0",""
"at:43:4616:3","Zugang","48.65230832","16.89449877","","2","Pat:43:4616","Level 0",""
"at:43:4616:4","P+R","48.65188104","16.89501979","","3","Pat:43:4616","Level 0",""
"at:43:4639:0:1","Regelsbrunn Bahnhof","48.10708807","16.78070019","","","Pat:43:4639","Level 0","1"
"at:43:4639:0:4","Regelsbrunn Bahnhof","48.10701009","16.78063731","","","Pat:43:4639","Level 0","2"
"at:43:4639:2","Bus","48.10731600","16.78179613","","","Pat:43:4639","Level 0",""
"at:43:4639:3","Zugang","48.10721403","16.78057442","","2","Pat:43:4639","Level 0",""
"at:43:4651:0:1","Rekawinkel Bahnhof","48.17988719","16.03258322","","","Pat:43:4651","Level 0","1"
"at:43:4651:0:3","Rekawinkel Bahnhof","48.17973145","16.03109202","","","Pat:43:4651","Level 0","2"
"at:43:4651:2","Bus","48.17999500","16.03170287","","","Pat:43:4651","Level 0",""
"at:43:4651:3","Zugang","48.18001896","16.03128066","","2","Pat:43:4651","Level 0",""
"at:43:4651:4","P+R","48.18007287","16.03092134","","3","Pat:43:4651","Level 0",""
"at:43:4651:6","ZG","48.17980333","16.03163100","","3","Pat:43:4651","Level -1",""
"at:43:4656:0:1","Retz Bahnhof","48.75293419","15.95653185","","","Pat:43:4656","Level 0","1"
"at:43:4656:0:4","Retz Bahnhof","48.75290457","15.95660371","","","Pat:43:4656","Level 0","2"
"at:43:4656:2","Bus","48.75386403","15.95674744","","","Pat:43:4656","Level 0",""
"at:43:4656:3","Zugang","48.75349683","15.95655880","","2","Pat:43:4656","Level 0",""
"at:43:4656:4","P+R","48.75328954","15.95642405","","3","Pat:43:4656","Level 0",""
"at:43:4671:0:1","Rohrendorf bei Krems Bahnhof","48.42304353","15.65608132","","","Pat:43:4671","Level 0","1"
"at:43:4671:2","Bus","48.42353832","15.65715930","","","Pat:43:4671","Level 0",""
"at:43:4671:3","Zugang","48.42317468","15.65720421","","2","Pat:43:4671","Level 0",""
"at:43:4674:0:1","Rosenburg Bahnhof","48.62841626","15.64345100","","","Pat:43:4674","Level 0","1"
"at:43:4674:2","Bus","48.62871312","15.64312761","","","Pat:43:4674","Level 0",""
"at:43:4674:3","Zugang","48.62818470","15.64223828","","2","Pat:43:4674","Level 0",""
"at:43:4688:0:1","Sarasdorf Bahnhof","48.02317983","16.67729511","","","Pat:43:4688","Level 0","1"
"at:43:4688:0:2","Sarasdorf Bahnhof","48.02326996","16.67730410","","","Pat:43:4688","Level 0","2"
"at:43:4688:3","Zugang","48.02333004","16.67727715","","2","Pat:43:4688","Level 0",""
"at:43:4695:0:1","Schleinbach Bahnhof","48.42246526","16.48974485","","","Pat:43:4695","Level 0","1"
"at:43:4695:0:4","Schleinbach Bahnhof","48.42244738","16.48965502","","","Pat:43:4695","Level 0","2"
"at:43:4695:2","Bus","48.42229238","16.49084079","","","Pat:43:4695","Level 0",""
"at:43:4695:3","Zugang","48.42214930","16.49031977","","2","Pat:43:4695","Level 0",""
"at:43:4695:4","P+R","48.42186314","16.48969095","","3","Pat:43:4695","Level 0",""
"at:43:4695:5","Busneu","48.42198834","16.49044554","","","Pat:43:4695","Level 0",""
"at:43:4695:6","zg","48.42169622","16.49003231","","3","Pat:43:4695","Level -1",""
"at:43:4708:0:1","Flughafen Wien Bahnhof","48.12022292","16.56443078","","","Pat:43:4708","Level -2","1"
"at:43:4708:0:2","Flughafen Wien Bahnhof","48.12054675","16.56399061","","","Pat:43:4708","Level -2","3"
"at:43:4708:0:4","Flughafen Wien Bahnhof","48.12015695","16.56430502","","","Pat:43:4708","Level -2","2"
"at:43:4708:2","Bus","48.11993506","16.56398162","","","Pat:43:4708","Level 0",""
"at:43:4708:3","Zugang","48.12090656","16.56295755","","2","Pat:43:4708","Level 0",""
"at:43:4708:4","Zwischengeschoß","48.12013896","16.56441282","","3","Pat:43:4708","Level -1",""
"at:43:4708:5","Lift","48.12094254","16.56302043","","2","Pat:43:4708","Level 0",""
"at:43:4708:7","ZugangT3","48.11995305","16.56434993","","2","Pat:43:4708","Level 0",""
"at:43:4708:8","Flughafen","48.11974916","16.56161906","","3","Pat:43:4708","Level 0",""
"at:43:4710:0:4","Schwechat Bahnhof","48.14349154","16.48153425","","","Pat:43:4710","Level 0","2"
"at:43:4710:0:5","Schwechat Bahnhof","48.14355148","16.48159713","","","Pat:43:4710","Level 0","1"
"at:43:4710:2","Bus","48.14275425","16.48219002","","","Pat:43:4710","Level 0",""
"at:43:4710:3","Zugang","48.14296405","16.48223493","","2","Pat:43:4710","Level 0",""
"at:43:4710:4","ZG Ost","48.14302399","16.48229782","","3","Pat:43:4710","Level -1",""
"at:43:4710:5","P+R","48.14228670","16.48186662","","3","Pat:43:4710","Level 0",""
"at:43:4710:6","ZG West","48.14404300","16.48093238","","3","Pat:43:4710","Level -1",""
"at:43:4710:7","Zugang West","48.14373730","16.48073475","","2","Pat:43:4710","Level 0",""
"at:43:4742:0:1","Schönberg/Kamp Bahnhof","48.51532034","15.69662229","","","Pat:43:4742","Level 0","1"
"at:43:4742:0:4","Schönberg/Kamp Bahnhof","48.51534414","15.69668517","","","Pat:43:4742","Level 0","2"
"at:43:4742:2","Bus","48.51561787","15.69614618","","","Pat:43:4742","Level 0",""
"at:43:4742:3","Zugang","48.51559407","15.69625398","","2","Pat:43:4742","Level 0",""
"at:43:4743:0:1","Schönborn-Mallebarn","48.46806232","16.15957805","","","Pat:43:4743","Level 0","1"
"at:43:4743:2","Bus","48.46861028","16.15875160","","","Pat:43:4743","Level 0",""
"at:43:4743:3","Zugang","48.46859241","16.15889533","","2","Pat:43:4743","Level 0",""
"at:43:4745:0:1","Schönfeld-Lassee Bahnhof","48.25108770","16.80738913","","","Pat:43:4745","Level 0","1"
"at:43:4745:0:2","Schönfeld-Lassee Bahnhof","48.25117144","16.80738913","","","Pat:43:4745","Level 0","2"
"at:43:4745:2","Bus","48.25080656","16.80726337","","","Pat:43:4745","Level 0",""
"at:43:4745:3","Zugang","48.25140472","16.80730829","","2","Pat:43:4745","Level 0",""
"at:43:4745:4","ZG","48.25110564","16.80685913","","3","Pat:43:4745","Level -1",""
"at:43:4759:0:1","Seyring Bahnhof","48.33022262","16.50153973","","","Pat:43:4759","Level 0","1"
"at:43:4759:0:3","Seyring Bahnhof","48.33021068","16.50161159","","","Pat:43:4759","Level 0","2"
"at:43:4759:2","Bus","48.33097513","16.50043480","","","Pat:43:4759","Level 0",""
"at:43:4759:3","Zugang","48.33095721","16.50154871","","2","Pat:43:4759","Level 0",""
"at:43:4759:4","zg","48.33098708","16.50195295","","3","Pat:43:4759","Level -1",""
"at:43:4759:5","zuo","48.33115430","16.50226736","","2","Pat:43:4759","Level 0",""
"at:43:4764:0:1","Siebenbrunn-Leopoldsdorf Bahnhof","48.24563220","16.70371457","","","Pat:43:4764","Level 0","1"
"at:43:4764:0:3","Siebenbrunn-Leopoldsdorf Bahnhof","48.24555443","16.70371457","","","Pat:43:4764","Level 0","2"
"at:43:4764:2","Bus","48.24588943","16.70410084","","","Pat:43:4764","Level 0",""
"at:43:4764:3","Zugang","48.24585354","16.70348101","","2","Pat:43:4764","Level 0",""
"at:43:4764:4","ZG","48.24565613","16.70474763","","3","Pat:43:4764","Level -1",""
"at:43:4764:5","G23","48.24553050","16.70372355","","","Pat:43:4764","Level 0",""
"at:43:4765:0:1","Siebenhirten (NÖ) Haltestelle","48.61143266","16.53115718","","","Pat:43:4765","Level 0","1"
"at:43:4765:2","Bus","48.61084466","16.53200160","","","Pat:43:4765","Level 0",""
"at:43:4765:3","Zugang","48.61102284","16.53223516","","2","Pat:43:4765","Level 0",""
"at:43:4783:0:1","Sierndorf bei Stockerau Bahnhof","48.42894502","16.17498416","","","Pat:43:4783","Level 0","1"
"at:43:4783:0:4","Sierndorf bei Stockerau Bahnhof","48.42892117","16.17505602","","","Pat:43:4783","Level 0","2"
"at:43:4783:2","Bus","48.42907615","16.17460687","","","Pat:43:4783","Level 0",""
"at:43:4783:3","Zugang","48.42892117","16.17457992","","2","Pat:43:4783","Level 0",""
"at:43:4783:4","P+R","48.42870062","16.17450805","","3","Pat:43:4783","Level 0",""
"at:43:4787:0:1","Sierndorf an der March Bahnhof","48.51067865","16.89069889","","","Pat:43:4787","Level 0","1"
"at:43:4787:0:3","Sierndorf an der March Bahnhof","48.51065484","16.89079771","","","Pat:43:4787","Level 0","2"
"at:43:4787:2","Bus","48.51177365","16.89115703","","","Pat:43:4787","Level 0",""
"at:43:4787:3","Zugang","48.51165463","16.89118398","","2","Pat:43:4787","Level 0",""
"at:43:4787:4","P+R","48.51192243","16.89115703","","3","Pat:43:4787","Level 0",""
"at:43:4789:0:1","Sigmundsherberg Bahnhof","48.68587461","15.74476300","","","Pat:43:4789","Level 0","1"
"at:43:4789:0:4","Sigmundsherberg Bahnhof","48.68623044","15.74358621","","","Pat:43:4789","Level 0","2"
"at:43:4789:0:5","Sigmundsherberg Bahnhof","48.68618300","15.74355028","","","Pat:43:4789","Level 0","3"
"at:43:4789:2","Bus","48.68565518","15.74547267","","","Pat:43:4789","Level 0",""
"at:43:4789:3","Zugang","48.68575600","15.74511334","","2","Pat:43:4789","Level 0",""
"at:43:4789:4","P+R","48.68615334","15.74440368","","3","Pat:43:4789","Level 0",""
"at:43:4789:6","brücke","48.68610590","15.74384672","","","Pat:43:4789","Level 1",""
"at:43:4790:0:1","Silberwald Bahnhof","48.32807254","16.67710647","","","Pat:43:4790","Level 0","1"
"at:43:4790:0:4","Silberwald Bahnhof","48.32851451","16.67944209","","","Pat:43:4790","Level 0","2"
"at:43:4790:2","Bus","48.32837117","16.67817546","","","Pat:43:4790","Level 0",""
"at:43:4790:3","Zugang","48.32849062","16.67813953","","2","Pat:43:4790","Level 0",""
"at:43:4790:4","P+R","48.32858618","16.67805868","","3","Pat:43:4790","Level 0",""
"at:43:4798:0:1","Sitzenberg-Reidling Bahnhof","48.33219943","15.81864943","","","Pat:43:4798","Level 0","1"
"at:43:4798:2","Bus","48.33136930","15.82071556","","","Pat:43:4798","Level 0",""
"at:43:4798:3","Zugang","48.33167985","15.82021250","","2","Pat:43:4798","Level 0",""
"at:43:4798:4","P+R","48.33168582","15.81978131","","3","Pat:43:4798","Level 0",""
"at:43:4801:0:1","Sollenau Bahnhof","47.89852149","16.24554682","","","Pat:43:4801","Level 0","1"
"at:43:4801:0:3","Sollenau Bahnhof","47.89850944","16.24544801","","","Pat:43:4801","Level 0","2"
"at:43:4801:0:4","Sollenau Bahnhof","47.89848535","16.24534919","","","Pat:43:4801","Level 0","3"
"at:43:4801:2","Bus","47.89785898","16.24638226","","","Pat:43:4801","Level 0",""
"at:43:4801:3","Zugang","47.89768432","16.24553784","","2","Pat:43:4801","Level 0",""
"at:43:4801:4","P+R","47.89779273","16.24631039","","3","Pat:43:4801","Level 0",""
"at:43:4801:6","ZG","47.89771444","16.24568157","","3","Pat:43:4801","Level -1",""
"at:43:4814:0:1","Spillern Bahnhof","48.37581289","16.25685661","","","Pat:43:4814","Level 0","1"
"at:43:4814:0:3","Spillern Bahnhof","48.37577709","16.25684763","","","Pat:43:4814","Level 0","2"
"at:43:4814:2","Bus","48.37624848","16.25598525","","","Pat:43:4814","Level 0",""
"at:43:4814:3","Zugang","48.37598593","16.25619186","","2","Pat:43:4814","Level 0",""
"at:43:4814:4","P+R","48.37621864","16.25619186","","3","Pat:43:4814","Level 0",""
"at:43:4824:0:1","St. Andrä-Wördern Bahnhof","48.33410449","16.20977591","","","Pat:43:4824","Level 0","1"
"at:43:4824:0:3","St. Andrä-Wördern Bahnhof","48.33417018","16.20947946","","","Pat:43:4824","Level 0","2"
"at:43:4824:2","Bus","48.33362076","16.20896742","","","Pat:43:4824","Level 0",""
"at:43:4824:3","Zugang","48.33409852","16.20911116","","2","Pat:43:4824","Level -1",""
"at:43:4824:4","P+R","48.33342369","16.20832064","","3","Pat:43:4824","Level 0",""
"at:43:4824:6","zg","48.33398505","16.20923692","","3","Pat:43:4824","Level -1",""
"at:43:4848:0:1","St. Pölten Hauptbahnhof","48.20827750","15.62574521","","","Pat:43:4848","Level 1","4"
"at:43:4848:0:10","St. Pölten Hauptbahnhof","48.20819369","15.62556555","","","Pat:43:4848","Level 1","3"
"at:43:4848:0:11","St. Pölten Hauptbahnhof","48.20812784","15.62556555","","","Pat:43:4848","Level 1","2"
"at:43:4848:0:14","St. Pölten Hauptbahnhof","48.20848104","15.62587996","","","Pat:43:4848","Level 1","7"
"at:43:4848:0:15","St. Pölten Hauptbahnhof","48.20842118","15.62587996","","","Pat:43:4848","Level 1","6"
"at:43:4848:0:16","St. Pölten Hauptbahnhof","48.20834335","15.62575419","","","Pat:43:4848","Level 1","5"
"at:43:4848:0:7","St. Pölten Hauptbahnhof","48.20813382","15.62199025","","","Pat:43:4848","Level 1","11"
"at:43:4848:0:8","St. Pölten Hauptbahnhof","48.20806797","15.62462232","","","Pat:43:4848","Level 1","1"
"at:43:4848:12","Zwischengeschoss","48.20799613","15.62465825","","3","Pat:43:4848","Level 0",""
"at:43:4848:13","Zugang Nord","48.20868459","15.62472113","","2","Pat:43:4848","Level 0",""
"at:43:4848:2","Süd","48.20764292","15.62422706","","","Pat:43:4848","Level 0",""
"at:43:4848:3","Zugang Vorplatz","48.20782252","15.62460435","","2","Pat:43:4848","Level 0",""
"at:43:4848:4","Nord","48.20873248","15.62429892","","","Pat:43:4848","Level 0",""
"at:43:4848:5","P+R","48.20966039","15.61986124","","3","Pat:43:4848","Level 0",""
"at:43:4848:6","Zugang P+R","48.20966039","15.61986124","","2","Pat:43:4848","Level 0",""
"at:43:4848:7","Zugang Mühlweg","48.20809790","15.62779337","","2","Pat:43:4848","Level 0",""
"at:43:4848:8","MZB","48.20804402","15.62199025","","","Pat:43:4848","Level 1",""
"at:43:4849:0:1","St. Veit an der Triesting Bhf.","47.93344146","16.14965167","","","Pat:43:4849","Level 0","1"
"at:43:4849:2","Bus","47.93338128","16.14898691","","","Pat:43:4849","Level 0",""
"at:43:4849:3","Zugang","47.93337526","16.14896895","","2","Pat:43:4849","Level 0",""
"at:43:4852:0:1","Staatz Bahnhof","48.69972649","16.49280811","","","Pat:43:4852","Level 0","1"
"at:43:4852:2","Bus","48.69955455","16.49284404","","","Pat:43:4852","Level 0",""
"at:43:4852:3","Zugang","48.69937668","16.49243081","","2","Pat:43:4852","Level 0",""
"at:43:4852:4","P+R","48.69945376","16.49272726","","3","Pat:43:4852","Level 0",""
"at:43:4875:0:1","Mannswörth Bahnhof","48.13648388","16.50776505","","","Pat:43:4875","Level 0","1"
"at:43:4875:0:4","Mannswörth Bahnhof","48.13641794","16.50773811","","","Pat:43:4875","Level 0","2"
"at:43:4875:2","Bus","48.13639995","16.50666013","","","Pat:43:4875","Level 0",""
"at:43:4875:3","Zugang","48.13662776","16.50660623","","2","Pat:43:4875","Level 0",""
"at:43:4881:0:1","Stiefern Bahnhof","48.53476918","15.69140307","","","Pat:43:4881","Level 0","1"
"at:43:4881:2","Bus","48.53498927","15.69127731","","","Pat:43:4881","Level 0",""
"at:43:4881:3","Zugang","48.53498332","15.69112460","","2","Pat:43:4881","Level 0",""
"at:43:4882:0:1","Stillfried Bahnhof","48.41203750","16.84649280","","","Pat:43:4882","Level 0","1"
"at:43:4882:0:3","Stillfried Bahnhof","48.41204346","16.84659161","","","Pat:43:4882","Level 0","2"
"at:43:4882:2","Bus","48.41142333","16.84613347","","","Pat:43:4882","Level 0",""
"at:43:4882:3","Zugang","48.41080320","16.84583703","","2","Pat:43:4882","Level 0",""
"at:43:4882:5","FB","48.41103575","16.84650178","","3","Pat:43:4882","Level 1",""
"at:43:4884:0:1","Stockerau Bahnhof","48.38226876","16.21412375","","","Pat:43:4884","Level 0","1"
"at:43:4884:0:4","Stockerau Bahnhof","48.38222103","16.21410579","","","Pat:43:4884","Level 0","2"
"at:43:4884:0:5","Stockerau Bahnhof","48.38213750","16.21408782","","","Pat:43:4884","Level 0","3"
"at:43:4884:0:6","Stockerau Bahnhof","48.38209574","16.21406986","","","Pat:43:4884","Level 0","4"
"at:43:4884:2","Bus","48.38291907","16.21299188","","","Pat:43:4884","Level 0",""
"at:43:4884:3","Zu Vorplatz","48.38275799","16.21284815","","2","Pat:43:4884","Level 0",""
"at:43:4884:4","P+R","48.38188095","16.21113236","","3","Pat:43:4884","Level 0",""
"at:43:4884:5","Zu Donaulände","48.38197045","16.21265052","","","Pat:43:4884","Level 0",""
"at:43:4884:6","zg","48.38238808","16.21269543","","3","Pat:43:4884","Level -1",""
"at:43:4922:0:1","Strasshof Bahnhof","48.31840799","16.63373581","","","Pat:43:4922","Level 0","1"
"at:43:4922:0:4","Strasshof Bahnhof","48.31847370","16.63370886","","","Pat:43:4922","Level 0","2"
"at:43:4922:2","Bus","48.31778075","16.63513718","","","Pat:43:4922","Level 0",""
"at:43:4922:3","Zugang","48.31855733","16.63436463","","","Pat:43:4922","Level -1",""
"at:43:4922:4","P+R","48.31942949","16.63396937","","3","Pat:43:4922","Level 0",""
"at:43:4975:0:1","Tallesbrunn Bahnhof","48.36372831","16.78628771","","","Pat:43:4975","Level 0","1"
"at:43:4975:0:2","Tallesbrunn Bahnhof","48.36352538","16.78606313","","","Pat:43:4975","Level 0","2"
"at:43:4975:2","Bus","48.36397898","16.78729382","","","Pat:43:4975","Level 0",""
"at:43:4975:3","Zugang","48.36407448","16.78731179","","2","Pat:43:4975","Level 0",""
"at:43:4978:0:3","Tattendorf Bahnhof","47.95562748","16.30603039","","","Pat:43:4978","Level 0","2"
"at:43:4978:2","Bus","47.95575983","16.30576090","","","Pat:43:4978","Level 0",""
"at:43:4978:3","Zugang","47.95560341","16.30558123","","2","Pat:43:4978","Level 0",""
"at:43:4983:0:1","Teesdorf Bahnhof","47.94275750","16.29003140","","","Pat:43:4983","Level 0","1"
"at:43:4983:2","Bus","47.94214972","16.28951037","","","Pat:43:4983","Level 0",""
"at:43:4983:3","Zugang","47.94228813","16.28945647","","2","Pat:43:4983","Level 0",""
"at:43:4990:0:1","Theresienfeld Bahnhof","47.86096226","16.24415443","","","Pat:43:4990","Level 1","1"
"at:43:4990:0:2","Theresienfeld Bahnhof","47.86097431","16.24405562","","","Pat:43:4990","Level 1","2"
"at:43:4990:2","Bus","47.86068501","16.24319324","","","Pat:43:4990","Level 1",""
"at:43:4990:3","Zugang","47.86072117","16.24521445","","2","Pat:43:4990","Level 0",""
"at:43:4990:5","ZG","47.86085377","16.24407359","","3","Pat:43:4990","Level -1",""
"at:43:4995:0:4","Traiskirchen Aspangbahn","48.01792840","16.30330850","","","Pat:43:4995","Level 0","2"
"at:43:4995:0:5","Traiskirchen Aspangbahn","48.01789835","16.30341629","","","Pat:43:4995","Level 0","3"
"at:43:4995:2","Bus","48.01795844","16.30308392","","","Pat:43:4995","Level 0",""
"at:43:4995:3","Zugang","48.01770006","16.30302103","","2","Pat:43:4995","Level 0",""
"at:43:5005:0:1","Traismauer Bahnhof","48.34794541","15.74542775","","","Pat:43:5005","Level 0","1"
"at:43:5005:0:4","Traismauer Bahnhof","48.34789765","15.74541877","","","Pat:43:5005","Level 0","2"
"at:43:5005:2","Bus","48.34820810","15.74495165","","","Pat:43:5005","Level 0",""
"at:43:5005:3","Zugang","48.34808273","15.74556250","","2","Pat:43:5005","Level 0",""
"at:43:5005:4","P+R","48.34807676","15.74599369","","3","Pat:43:5005","Level 0",""
"at:43:5006:0:1","Trasdorf Bahnhof","48.31517014","15.87997742","","","Pat:43:5006","Level 0","1"
"at:43:5006:2","Bus","48.31511637","15.87944741","","","Pat:43:5006","Level 0",""
"at:43:5006:3","Zugang","48.31506858","15.87986962","","2","Pat:43:5006","Level 0",""
"at:43:5013:0:1","Trautmannsdorf/Leitha Bhf.","48.02415315","16.64354541","","","Pat:43:5013","Level 0","1"
"at:43:5013:0:2","Trautmannsdorf/Leitha Bhf.","48.02421924","16.64354541","","","Pat:43:5013","Level 0","2"
"at:43:5013:2","Bus","48.02389480","16.64235065","","","Pat:43:5013","Level 0",""
"at:43:5013:3","Zugang","48.02393686","16.64239557","","2","Pat:43:5013","Level 0",""
"at:43:5013:4","P+R","48.02390682","16.64184759","","3","Pat:43:5013","Level 0",""
"at:43:5023:0:1","Trumau Bahnhof","47.99264914","16.33215340","","","Pat:43:5023","Level 0","1"
"at:43:5023:3","Zugang","47.99344268","16.33244984","","2","Pat:43:5023","Level 0",""
"at:43:5034:0:1","Tulln Bahnhof","48.32749917","16.06434765","","","Pat:43:5034","Level 0","1"
"at:43:5034:0:3","Tulln Bahnhof","48.32754098","16.06439256","","","Pat:43:5034","Level 0","2"
"at:43:5034:0:4","Tulln Bahnhof","48.32760668","16.06445544","","","Pat:43:5034","Level 0","3"
"at:43:5034:0:7","Tulln Bahnhof","48.32764251","16.06450934","","","Pat:43:5034","Level 0","4"
"at:43:5034:2","Bus","48.32685412","16.06473392","","","Pat:43:5034","Level 0",""
"at:43:5034:3","Zugang West","48.32704525","16.06465307","","2","Pat:43:5034","Level 0",""
"at:43:5034:4","P+R","48.32651367","16.06374578","","3","Pat:43:5034","Level 0",""
"at:43:5034:5","Unterführung","48.32730207","16.06499443","","3","Pat:43:5034","Level -1",""
"at:43:5034:6","Zugang Ost","48.32781572","16.06555139","","2","Pat:43:5034","Level 0",""
"at:43:5057:0:1","Tulln Stadt Bahnhof","48.32840103","16.05372956","","","Pat:43:5057","Level 0","1"
"at:43:5057:0:2","Tulln Stadt Bahnhof","48.32838909","16.05394516","","","Pat:43:5057","Level 0","2"
"at:43:5057:2","Bus","48.32874744","16.05420567","","","Pat:43:5057","Level 0",""
"at:43:5057:3","Zugang","48.32869966","16.05411584","","2","Pat:43:5057","Level 0",""
"at:43:5057:4","P+R","48.32852645","16.05348702","","3","Pat:43:5057","Level 0",""
"at:43:5068:0:1","Tullnerbach-Pressbaum Bahnhof","48.18608637","16.09327340","","","Pat:43:5068","Level 0","1"
"at:43:5068:0:4","Tullnerbach-Pressbaum Bahnhof","48.18611033","16.09325543","","","Pat:43:5068","Level 0","2"
"at:43:5068:0:6","Tullnerbach-Pressbaum Bahnhof","48.18615225","16.09421663","","","Pat:43:5068","Level 0","11"
"at:43:5068:2","Bus","48.18585878","16.09340815","","","Pat:43:5068","Level 0",""
"at:43:5068:3","Zugang","48.18590071","16.09294102","","2","Pat:43:5068","Level 0",""
"at:43:5068:4","P+R","48.18584680","16.09241102","","3","Pat:43:5068","Level 0",""
"at:43:5068:5","B+R","48.18586477","16.09279729","","3","Pat:43:5068","Level 0",""
"at:43:5068:6","Unterführung","48.18605044","16.09290509","","3","Pat:43:5068","Level -2",""
"at:43:5068:7","Rechter Bahnweg","48.18612231","16.09193491","","2","Pat:43:5068","Level 0",""
"at:43:5070:0:1","Ulrichskirchen Bahnhof","48.40207875","16.48811890","","","Pat:43:5070","Level 0","1"
"at:43:5070:3","Zugang","48.40241273","16.48855009","","2","Pat:43:5070","Level 0",""
"at:43:5072:0:1","Untereggendorf Bahnhof","47.86163126","16.32200244","","","Pat:43:5072","Level 0","1"
"at:43:5072:0:2","Untereggendorf Bahnhof","47.86173372","16.32205634","","","Pat:43:5072","Level 0","2"
"at:43:5072:2","Bus","47.86096226","16.32149938","","","Pat:43:5072","Level 0",""
"at:43:5072:3","Zugang","47.86111896","16.32133768","","2","Pat:43:5072","Level 0",""
"at:43:5072:4","zg","47.86118526","16.32096039","","3","Pat:43:5072","Level -1",""
"at:43:5090:0:1","Untersiebenbrunn Bahnhof","48.24800709","16.74845965","","","Pat:43:5090","Level 0","1"
"at:43:5090:0:3","Untersiebenbrunn Bahnhof","48.24791736","16.74847762","","","Pat:43:5090","Level 0","G2"
"at:43:5090:2","Bus","48.24809083","16.74739066","","","Pat:43:5090","Level 0",""
"at:43:5090:3","Zugang Nord","48.24803700","16.74830694","","2","Pat:43:5090","Level 0",""
"at:43:5090:5","Zugang Süd","48.24784557","16.74835185","","2","Pat:43:5090","Level 0",""
"at:43:5090:6","ZG","48.24792932","16.74775897","","3","Pat:43:5090","Level -1",""
"at:43:5094:0:1","Untertullnerbach Bahnhof","48.19174584","16.12836159","","","Pat:43:5094","Level 1","1"
"at:43:5094:0:2","Untertullnerbach Bahnhof","48.19179974","16.12830770","","","Pat:43:5094","Level 1","2"
"at:43:5094:2","Irenentalstr.","48.19030858","16.12705904","","","Pat:43:5094","Level 0",""
"at:43:5094:3","Zugang","48.19082959","16.12722972","","2","Pat:43:5094","Level 0",""
"at:43:5094:4","Hauptstr.","48.18973366","16.12645717","","","Pat:43:5094","Level 0",""
"at:43:5094:5","ZG","48.19146438","16.12759803","","3","Pat:43:5094","Level 2",""
"at:43:5094:6","G2","48.19181771","16.12829871","","","Pat:43:5094","Level 1",""
"at:43:5138:0:1","Wagram-Grafenegg Bahnhof","48.43405313","15.77698557","","","Pat:43:5138","Level 0","1"
"at:43:5138:2","Bus","48.43447034","15.77537759","","","Pat:43:5138","Level 0",""
"at:43:5138:3","Zugang","48.43347499","15.77828813","","2","Pat:43:5138","Level 0",""
"at:43:5138:4","P+R","48.43448226","15.77509013","","3","Pat:43:5138","Level 0",""
"at:43:5147:0:1","Wampersdorf Bahnhof","47.93043205","16.41700826","","","Pat:43:5147","Level 1","1"
"at:43:5147:0:4","Wampersdorf Bahnhof","47.93044409","16.41695436","","","Pat:43:5147","Level 1","2"
"at:43:5147:0:5","Wampersdorf Bahnhof","47.93089551","16.41693640","","","Pat:43:5147","Level 1","3"
"at:43:5147:0:6","Wampersdorf Bahnhof","47.93091958","16.41683758","","","Pat:43:5147","Level 1","4"
"at:43:5147:2","Bus","47.93097375","16.41768200","","","Pat:43:5147","Level 0",""
"at:43:5147:3","Zugang","47.93104598","16.41746640","","2","Pat:43:5147","Level 0",""
"at:43:5147:4","P+R","47.93124461","16.41790658","","3","Pat:43:5147","Level 0",""
"at:43:5147:6","ZG","47.93113627","16.41710708","","3","Pat:43:5147","Level -1",""
"at:43:5147:7","zuW","47.93156963","16.41690046","","2","Pat:43:5147","Level 0",""
"at:43:5189:0:1","Weikendorf-Dörfles Bahnhof","48.34930064","16.75840400","","","Pat:43:5189","Level 0","1"
"at:43:5189:0:2","Weikendorf-Dörfles Bahnhof","48.34924094","16.75848485","","","Pat:43:5189","Level 0","2"
"at:43:5189:2","Bus","48.34939616","16.76005690","","","Pat:43:5189","Level 0",""
"at:43:5189:3","Zugang","48.34990958","16.75967961","","2","Pat:43:5189","Level -1",""
"at:43:5195:0:1","Weissenbach-Neuhaus Bahnhof","47.98421996","16.04647117","","","Pat:43:5195","Level 0","1"
"at:43:5195:0:5","Weissenbach-Neuhaus Bahnhof","47.98425604","16.04648016","","","Pat:43:5195","Level 0","2"
"at:43:5195:2","Bus","47.98376900","16.04553693","","","Pat:43:5195","Level 0",""
"at:43:5195:3","Zugang","47.98381711","16.04566269","","2","Pat:43:5195","Level 0",""
"at:43:5210:0:1","Wiener Neustadt Hauptbahnhof","47.81060564","16.23321295","","","Pat:43:5210","Level 1","6"
"at:43:5210:0:10","Wiener Neustadt Hauptbahnhof","47.81062374","16.23310516","","","Pat:43:5210","Level 1","7"
"at:43:5210:0:11","Wiener Neustadt Hauptbahnhof","47.81059357","16.23330279","","","Pat:43:5210","Level 1","5"
"at:43:5210:0:2","Wiener Neustadt Hauptbahnhof","47.81055737","16.23353635","","","Pat:43:5210","Level 1","3"
"at:43:5210:0:3","Wiener Neustadt Hauptbahnhof","47.81056944","16.23343753","","","Pat:43:5210","Level 1","4"
"at:43:5210:0:4","Wiener Neustadt Hauptbahnhof","47.81053324","16.23367109","","","Pat:43:5210","Level 1","2"
"at:43:5210:0:5","Wiener Neustadt Hauptbahnhof","47.81065993","16.23288058","","","Pat:43:5210","Level 1","9"
"at:43:5210:0:6","Wiener Neustadt Hauptbahnhof","47.81064184","16.23299736","","","Pat:43:5210","Level 1","8"
"at:43:5210:0:8","Wiener Neustadt Hauptbahnhof","47.81050911","16.23386872","","","Pat:43:5210","Level 1","21"
"at:43:5210:0:9","Wiener Neustadt Hauptbahnhof","47.81052118","16.23376093","","","Pat:43:5210","Level 1","1"
"at:43:5210:11","P+R (West)","47.81123306","16.23255718","","3","Pat:43:5210","Level 0",""
"at:43:5210:12","zu Haidbrunngasse","47.81138991","16.23284464","","2","Pat:43:5210","Level 0",""
"at:43:5210:13","B+R (Ost)","47.81228880","16.23440771","","3","Pat:43:5210","Level 0",""
"at:43:5210:14","SEV","47.81038242","16.23389567","","","Pat:43:5210","Level 0",""
"at:43:5210:2","Bus","47.81225864","16.23478501","","","Pat:43:5210","Level 0",""
"at:43:5210:3","Zugang Vorplatz","47.81168552","16.23460534","","2","Pat:43:5210","Level 0",""
"at:43:5210:4","Zwischengeschoß","47.81135975","16.23356330","","3","Pat:43:5210","Level -1",""
"at:43:5210:5","P+R (Ost)","47.80964639","16.23445263","","3","Pat:43:5210","Level 2",""
"at:43:5210:6","Zugang Zehnergass","47.81199320","16.23306024","","2","Pat:43:5210","Level 0",""
"at:43:5223:0:1","Wiener Neustadt Nord","47.83543127","16.23894421","","","Pat:43:5223","Level 1","1"
"at:43:5223:0:4","Wiener Neustadt Nord","47.83543730","16.23883641","","","Pat:43:5223","Level 1","2"
"at:43:5223:2","Bus","47.83465942","16.23807284","","","Pat:43:5223","Level 0",""
"at:43:5223:3","Zugang","47.83406846","16.23860285","","2","Pat:43:5223","Level 0",""
"at:43:5227:0:1","Wiener Neustadt Civitas Nova","47.83334483","16.25461981","","","Pat:43:5227","Level 1","1"
"at:43:5227:0:2","Wiener Neustadt Civitas Nova","47.83341116","16.25458387","","","Pat:43:5227","Level 1","2"
"at:43:5227:2","Bus","47.83420112","16.25638051","","","Pat:43:5227","Level 0",""
"at:43:5227:3","Zugang","47.83363428","16.25629966","","2","Pat:43:5227","Level 0",""
"at:43:5227:5","uf","47.83381519","16.25621881","","3","Pat:43:5227","Level -1",""
"at:43:5235:0:1","Wildungsmauer Bahnhof","48.10807779","16.80142432","","","Pat:43:5235","Level 0","1"
"at:43:5235:2","Bus","48.10807779","16.80286163","","","Pat:43:5235","Level 0",""
"at:43:5235:3","Zugang","48.10805980","16.80241247","","2","Pat:43:5235","Level 0",""
"at:43:5239:0:1","Wilfleinsdorf Bahnhof","48.02200221","16.71868050","","","Pat:43:5239","Level 0","1"
"at:43:5239:0:2","Wilfleinsdorf Bahnhof","48.02206830","16.71868050","","","Pat:43:5239","Level 0","2"
"at:43:5239:2","Bus","48.02178591","16.71966865","","","Pat:43:5239","Level 0",""
"at:43:5239:3","Zugang","48.02183999","16.71965966","","2","Pat:43:5239","Level 0",""
"at:43:5255:0:1","Wittmannsdorf Bahnhof","47.92027699","16.22046586","","","Pat:43:5255","Level 0","1"
"at:43:5255:0:2","Wittmannsdorf Bahnhof","47.92021679","16.22046586","","","Pat:43:5255","Level 0","2"
"at:43:5255:2","Bus","47.92066830","16.21931602","","","Pat:43:5255","Level 0",""
"at:43:5255:3","Zugang","47.92054188","16.21934297","","2","Pat:43:5255","Level 0",""
"at:43:5271:0:1","Wolfsthal","48.13550669","17.00644682","","","Pat:43:5271","Level 0","1"
"at:43:5271:0:3","Wolfsthal","48.13546473","17.00641089","","","Pat:43:5271","Level 0","2"
"at:43:5271:0:4","Wolfsthal","48.13542876","17.00638394","","","Pat:43:5271","Level 0","3"
"at:43:5271:2","Bus","48.13559062","17.00632105","","","Pat:43:5271","Level 0",""
"at:43:5271:3","Zugang","48.13589637","17.00598868","","2","Pat:43:5271","Level 0",""
"at:43:5271:4","P+R","48.13596831","17.00571918","","3","Pat:43:5271","Level 0",""
"at:43:5274:0:1","Wolkersdorf Bahnhof","48.37902303","16.51242731","","","Pat:43:5274","Level 0","1"
"at:43:5274:0:2","Wolkersdorf Bahnhof","48.37777002","16.51295732","","","Pat:43:5274","Level 0","2"
"at:43:5274:0:3","Wolkersdorf Bahnhof","48.37775212","16.51287647","","","Pat:43:5274","Level 0","3"
"at:43:5274:2","Bus","48.37865310","16.51315495","","","Pat:43:5274","Level 0",""
"at:43:5274:3","Zugang","48.37883210","16.51268782","","2","Pat:43:5274","Level 0",""
"at:43:5274:4","P+R","48.37800869","16.51124153","","3","Pat:43:5274","Level 0",""
"at:43:5274:5","West","48.37860536","16.51209493","","","Pat:43:5274","Level 0",""
"at:43:5274:7","zg","48.37866503","16.51243629","","3","Pat:43:5274","Level -1",""
"at:43:5301:0:1","Zeiselmauer-Königstetten Bhf.","48.32654354","16.17572976","","","Pat:43:5301","Level 0","1"
"at:43:5301:0:3","Zeiselmauer-Königstetten Bhf.","48.32660924","16.17573874","","","Pat:43:5301","Level 0","2"
"at:43:5301:2","Bus","48.32654951","16.17494822","","","Pat:43:5301","Level 0",""
"at:43:5301:3","Zugang","48.32665702","16.17457093","","2","Pat:43:5301","Level 0",""
"at:43:5301:4","P+R","48.32648381","16.17581061","","3","Pat:43:5301","Level 0",""
"at:43:5303:0:3","Zellerndorf Bahnhof","48.69497126","15.96840757","","","Pat:43:5303","Level 0","2"
"at:43:5303:2","Bus","48.69577174","15.96833571","","","Pat:43:5303","Level 0",""
"at:43:5303:3","Zugang","48.69615715","15.96803028","","2","Pat:43:5303","Level 0",""
"at:43:5303:4","P+R","48.69637653","15.96781469","","3","Pat:43:5303","Level 0",""
"at:43:5303:5","Zg","48.69593776","15.96791350","","3","Pat:43:5303","Level -1",""
"at:43:5304:0:1","Ziersdorf Bahnhof","48.52742840","15.92280909","","","Pat:43:5304","Level 0","1"
"at:43:5304:0:4","Ziersdorf Bahnhof","48.52738676","15.92275519","","","Pat:43:5304","Level 0","2"
"at:43:5304:2","Bus","48.52866582","15.92136280","","","Pat:43:5304","Level 0",""
"at:43:5304:3","Zugang","48.52842191","15.92163230","","2","Pat:43:5304","Level 0",""
"at:43:5304:4","P+R","48.52851114","15.92067110","","3","Pat:43:5304","Level 0",""
"at:43:5323:0:1","Zöbing Bahnhof","48.49068475","15.69381954","","","Pat:43:5323","Level 0","1"
"at:43:5323:2","Bus","48.49077405","15.69336140","","","Pat:43:5323","Level 0",""
"at:43:5323:3","Zugang","48.49113721","15.69336140","","2","Pat:43:5323","Level 0",""
"at:43:5759:0:1","Tullnerfeld Bahnhof","48.29500360","15.99621942","","","Pat:43:5759","Level 1","1"
"at:43:5759:0:2","Tullnerfeld Bahnhof","48.29541000","15.99626433","","","Pat:43:5759","Level 1","5"
"at:43:5759:0:6","Tullnerfeld Bahnhof","48.29530242","15.99622840","","","Pat:43:5759","Level 1","4"
"at:43:5759:0:7","Tullnerfeld Bahnhof","48.29525461","15.99622840","","","Pat:43:5759","Level 1","3"
"at:43:5759:0:8","Tullnerfeld Bahnhof","48.29503348","15.99622840","","","Pat:43:5759","Level 1","2"
"at:43:5759:10","ZG","48.29514106","15.99653383","","3","Pat:43:5759","Level 0",""
"at:43:5759:2","Bus","48.29459122","15.99621043","","","Pat:43:5759","Level 0",""
"at:43:5759:3","Zugang Süd","48.29483028","15.99651586","","2","Pat:43:5759","Level 0",""
"at:43:5759:4","P+R Süd","48.29438205","15.99736926","","3","Pat:43:5759","Level 0",""
"at:43:5759:5","P+R Nord","48.29588811","15.99656078","","3","Pat:43:5759","Level 0",""
"at:43:5759:6","B+R","48.29426252","15.99686620","","3","Pat:43:5759","Level 0",""
"at:43:5759:7","Zugang Nord","48.29546379","15.99655179","","2","Pat:43:5759","Level 0",""
"at:43:6003:0:1","Wiener Neustadt Anemonensee","47.81185444","16.21004540","","","Pat:43:6003","Level 0","1"
"at:43:6003:2","Bus","47.81178808","16.20965014","","","Pat:43:6003","Level 0",""
"at:43:6003:3","Zugang","47.81165536","16.21050354","","2","Pat:43:6003","Level 0",""
"at:43:7032:0:1","Bad Erlach Bahnhof","47.73131464","16.21132999","","","Pat:43:7032","Level 0","1"
"at:43:7032:0:4","Bad Erlach Bahnhof","47.73133276","16.21127609","","","Pat:43:7032","Level 0","2"
"at:43:7032:2","Bus","47.73194301","16.21286611","","","Pat:43:7032","Level 0",""
"at:43:7032:3","Zugang","47.73232366","16.21233611","","2","Pat:43:7032","Level 0",""
"at:43:7032:4","P+R","47.73196718","16.21205763","","3","Pat:43:7032","Level 0",""
"at:43:7033:0:1","Brunn an der Pitten Bahnhof","47.72255279","16.18830617","","","Pat:43:7033","Level 0","1"
"at:43:7033:2","Bus","47.72251653","16.18709345","","","Pat:43:7033","Level 0",""
"at:43:7034:0:1","Pitten Bahnhof","47.71712575","16.17956557","","","Pat:43:7034","Level 0","1"
"at:43:7034:0:3","Pitten Bahnhof","47.71713180","16.17953862","","","Pat:43:7034","Level 0","2"
"at:43:7034:2","Bus","47.71727685","16.17989794","","","Pat:43:7034","Level 0",""
"at:43:7034:3","Zugang","47.71734333","16.18001472","","2","Pat:43:7034","Level 0",""
"at:43:7035:0:1","Sautern-Schiltern Bahnhof","47.70750315","16.15673039","","","Pat:43:7035","Level 0","1"
"at:43:7035:2","Bus","47.70677776","16.15584106","","","Pat:43:7035","Level 0",""
"at:43:7035:3","SEV","47.70785376","16.15513139","","","Pat:43:7035","Level 0",""
"at:43:7036:0:1","Seebenstein Bahnhof","47.70345291","16.14299515","","","Pat:43:7036","Level 0","1"
"at:43:7036:0:3","Seebenstein Bahnhof","47.70347105","16.14296820","","","Pat:43:7036","Level 0","2"
"at:43:7036:2","Bus","47.70308414","16.14279752","","","Pat:43:7036","Level 0",""
"at:43:7037:0:1","Gleißenfeld Bahnhof","47.67731826","16.12924194","","","Pat:43:7037","Level 0","1"
"at:43:7037:2","Bus","47.67959241","16.12944856","","","Pat:43:7037","Level 0",""
"at:43:7037:3","zu","47.67696745","16.12932279","","2","Pat:43:7037","Level 0",""
"at:43:7038:0:2","Scheiblingkirchen-Warth Bhf.","47.66234631","16.13109247","","","Pat:43:7038","Level 0","1"
"at:43:7038:0:3","Scheiblingkirchen-Warth Bhf.","47.66235236","16.13102959","","","Pat:43:7038","Level 0","2"
"at:43:7038:2","Bus","47.66200750","16.13130807","","","Pat:43:7038","Level 0",""
"at:43:7038:3","Zugang","47.66209220","16.13114637","","2","Pat:43:7038","Level 0",""
"at:43:7039:0:1","Petersbaumgarten Bahnhof","47.63367893","16.13237706","","","Pat:43:7039","Level 0","1"
"at:43:7039:2","Bus","47.63370315","16.13220638","","","Pat:43:7039","Level 0",""
"at:43:7040:0:1","Edlitz-Grimmenstein Bahnhof","47.61767113","16.12817295","","","Pat:43:7040","Level 0","1"
"at:43:7040:0:3","Edlitz-Grimmenstein Bahnhof","47.61765902","16.12822685","","","Pat:43:7040","Level 0","2"
"at:43:7040:2","Bus","47.61685366","16.12751718","","","Pat:43:7040","Level 0",""
"at:43:7040:3","Zugang","47.61656905","16.12738243","","2","Pat:43:7040","Level 0",""
"at:43:7040:4","P+R","47.61628445","16.12727463","","3","Pat:43:7040","Level 0",""
"at:43:7041:0:1","Aspang Markt Bahnhof","47.56267814","16.09972330","","","Pat:43:7041","Level 0","1"
"at:43:7041:0:3","Aspang Markt Bahnhof","47.56156884","16.09908550","","","Pat:43:7041","Level 0","2"
"at:43:7041:0:4","Aspang Markt Bahnhof","47.56155066","16.09916635","","","Pat:43:7041","Level 0","3"
"at:43:7041:2","Bus","47.56238112","16.09903160","","","Pat:43:7041","Level 0",""
"at:43:7041:3","Zugang","47.56218714","16.09886990","","2","Pat:43:7041","Level 0",""
"at:43:7041:4","P+R","47.56212047","16.09886990","","3","Pat:43:7041","Level 0",""
"at:43:7041:5","B+R","47.56261146","16.09934601","","3","Pat:43:7041","Level 0",""
"at:43:7042:0:1","Ausschlag-Zöbern Bahnhof","47.53263997","16.08334702","","","Pat:43:7042","Level 0","1"
"at:43:7042:0:3","Ausschlag-Zöbern Bahnhof","47.53265816","16.08343685","","","Pat:43:7042","Level 0","2"
"at:43:7042:2","Bus","47.53244588","16.08175700","","","Pat:43:7042","Level 0",""
"at:43:7042:3","Zugang","47.53252473","16.08287989","","2","Pat:43:7042","Level 0",""
"at:43:7042:4","P+R","47.53270668","16.08307752","","3","Pat:43:7042","Level 0",""
"at:43:7057:0:1","Lanzenkirchen Bahnhof","47.75131029","16.24239374","","","Pat:43:7057","Level 0","1"
"at:43:7057:0:3","Lanzenkirchen Bahnhof","47.75131633","16.24233984","","","Pat:43:7057","Level 0","2"
"at:43:7057:2","Zugang","47.75034391","16.24251052","","2","Pat:43:7057","Level 0",""
"at:43:7057:3","Bus","47.75062778","16.24297764","","","Pat:43:7057","Level 0",""
"at:43:7091:0:3","Bad Fischau-Brunn Bahnhof","47.82660855","16.17359177","","","Pat:43:7091","Level 0","1"
"at:43:7091:0:4","Bad Fischau-Brunn Bahnhof","47.82655427","16.17352889","","","Pat:43:7091","Level 0","2"
"at:43:7091:0:5","Bad Fischau-Brunn Bahnhof","47.82652412","16.17349295","","","Pat:43:7091","Level 0","3"
"at:43:7091:2","Bus","47.82729006","16.17283718","","","Pat:43:7091","Level 0",""
"at:43:7091:4","B+R","47.82718753","16.17271142","","3","Pat:43:7091","Level 0",""
"at:43:7092:0:1","Bad Fischau Bahnhof","47.83129449","16.17132801","","","Pat:43:7092","Level 0","1"
"at:43:7092:2","Bus","47.83124021","16.17103157","","","Pat:43:7092","Level 0",""
"at:43:7093:0:1","Feuerwerksanstalt Bahnhof","47.84891874","16.18935720","","","Pat:43:7093","Level 0","1"
"at:43:7093:0:2","Feuerwerksanstalt Bahnhof","47.84891874","16.18930330","","","Pat:43:7093","Level 0","2"
"at:43:7093:2","Bus","47.84930456","16.19101010","","","Pat:43:7093","Level 0",""
"at:43:7094:0:1","Wöllersdorf Bahnhof","47.86130580","16.17856844","","","Pat:43:7094","Level 0","1"
"at:43:7094:0:2","Wöllersdorf Bahnhof","47.86127566","16.17853250","","","Pat:43:7094","Level 0","2"
"at:43:7094:2","Bus","47.86123348","16.17793961","","","Pat:43:7094","Level 0",""
"at:43:7094:3","Zugang","47.86168550","16.17805640","","2","Pat:43:7094","Level 0",""
"at:43:7096:0:1","Dreistetten Bahnhof","47.87236425","16.11073665","","","Pat:43:7096","Level 0","1"
"at:43:7096:2","Zugang","47.87247874","16.11050309","","2","Pat:43:7096","Level 0",""
"at:43:7096:3","Bus","47.87257515","16.11032342","","","Pat:43:7096","Level 0",""
"at:43:7097:0:1","Oberpiesting Bahnhof","47.87443707","16.09707327","","","Pat:43:7097","Level 0","1"
"at:43:7097:0:4","Oberpiesting Bahnhof","47.87446719","16.09705531","","","Pat:43:7097","Level 0","2"
"at:43:7097:2","Bus","47.87450335","16.09795362","","","Pat:43:7097","Level 0",""
"at:43:7097:3","zugang","47.87459976","16.09809735","","2","Pat:43:7097","Level 0",""
"at:43:7098:0:1","Wopfing Bahnhof","47.87369592","16.07709474","","","Pat:43:7098","Level 0","1"
"at:43:7098:2","Bus","47.87444309","16.07899917","","","Pat:43:7098","Level 0",""
"at:43:7098:3","Zugang","47.87400925","16.07784034","","2","Pat:43:7098","Level 0",""
"at:43:7099:0:1","Waldegg Bahnhof","47.86891740","16.05826605","","","Pat:43:7099","Level 0","1"
"at:43:7099:0:2","Waldegg Bahnhof","47.86887522","16.05828402","","","Pat:43:7099","Level 0","2"
"at:43:7099:2","Bus","47.86915844","16.05917335","","","Pat:43:7099","Level 0",""
"at:43:7099:3","SEV","47.86942359","16.05932606","","","Pat:43:7099","Level 0",""
"at:43:7100:0:1","Oed/Piesting Bahnhof","47.87878128","16.02700468","","","Pat:43:7100","Level 0","1"
"at:43:7100:0:2","Oed/Piesting Bahnhof","47.87874513","16.02701366","","","Pat:43:7100","Level 0","2"
"at:43:7100:2","Bus","47.87894998","16.02493856","","","Pat:43:7100","Level 0",""
"at:43:7101:0:1","Miesenbach-Waidmannsfeld Bhf.","47.87755819","16.00527443","","","Pat:43:7101","Level 0","1"
"at:43:7101:2","Bus","47.87725091","16.00485223","","","Pat:43:7101","Level 0",""
"at:43:7101:3","Zugang","47.87742564","16.00556189","","2","Pat:43:7101","Level 0",""
"at:43:7101:4","P+R","47.87745576","16.00509477","","3","Pat:43:7101","Level 0",""
"at:43:7102:0:1","Pernitz Ortmann Bahnhof","47.89348023","15.97916939","","","Pat:43:7102","Level 0","1"
"at:43:7102:2","Bus","47.89340795","15.97965448","","","Pat:43:7102","Level 0",""
"at:43:7102:3","Zugang","47.89329351","15.97970838","","2","Pat:43:7102","Level 0",""
"at:43:7104:0:1","Pernitz-Muggendorf Bahnhof","47.89579915","15.95766372","","","Pat:43:7104","Level 0","1"
"at:43:7104:0:4","Pernitz-Muggendorf Bahnhof","47.89576301","15.95769067","","","Pat:43:7104","Level 0","2"
"at:43:7104:2","Bus","47.89601598","15.95808593","","","Pat:43:7104","Level 0",""
"at:43:7104:3","Zugang","47.89608825","15.95819373","","2","Pat:43:7104","Level 0",""
"at:43:7104:4","P+R","47.89626292","15.95905611","","3","Pat:43:7104","Level 0",""
"at:43:7105:0:1","Gutenstein Bahnhof","47.87707015","15.91099624","","","Pat:43:7105","Level 0","1"
"at:43:7105:0:3","Gutenstein Bahnhof","47.87703400","15.91105014","","","Pat:43:7105","Level 0","2"
"at:43:7105:2","Bus","47.87684119","15.90999911","","","Pat:43:7105","Level 0",""
"at:43:7105:3","Zugang","47.87643147","15.90965776","","2","Pat:43:7105","Level 0",""
"at:43:7105:4","B+R","47.87714245","15.91080760","","3","Pat:43:7105","Level 0",""
"at:43:7106:0:1","Wöllersdorf Marchgraben Bf","47.86512078","16.16460862","","","Pat:43:7106","Level 0","1"
"at:43:7106:2","Zugang","47.86479534","16.16547100","","2","Pat:43:7106","Level 0",""
"at:43:7108:0:1","Waldegg-Dürnbach Bahnhof","47.86758560","16.05143886","","","Pat:43:7108","Level 0","1"
"at:43:7108:2","Zugang","47.86746507","16.05108851","","2","Pat:43:7108","Level 0",""
"at:43:7108:3","Bus","47.86742289","16.05132208","","","Pat:43:7108","Level 0",""
"at:43:7109:0:1","Markt Piesting Bahnhof","47.87483475","16.12510071","","","Pat:43:7109","Level 0","1"
"at:43:7109:0:4","Markt Piesting Bahnhof","47.87487693","16.12507376","","","Pat:43:7109","Level 0","2"
"at:43:7109:2","Bus","47.87447322","16.12455274","","","Pat:43:7109","Level 0",""
"at:43:7109:3","Zugang","47.87455758","16.12451680","","2","Pat:43:7109","Level 0",""
"at:43:7110:0:1","Piesting Harzwerk","47.87644955","16.13604219","","","Pat:43:7110","Level 0","1"
"at:43:7110:2","Bus","47.87632302","16.13564693","","","Pat:43:7110","Level 0",""
"at:43:7110:3","Zugang","47.87640135","16.13597931","","2","Pat:43:7110","Level 0",""
"at:43:7112:0:1","Winzendorf Bahnhof","47.81079869","16.11141038","","","Pat:43:7112","Level 0","1"
"at:43:7112:0:4","Winzendorf Bahnhof","47.81081076","16.11136547","","","Pat:43:7112","Level 0","2"
"at:43:7112:2","Bus","47.81102191","16.11194039","","","Pat:43:7112","Level 0",""
"at:43:7112:3","Zugang","47.81129942","16.11190446","","2","Pat:43:7112","Level 0",""
"at:43:7112:4","P+R","47.81154073","16.11201226","","3","Pat:43:7112","Level 0",""
"at:43:7113:0:1","Urschendorf Bahnhof","47.79745217","16.09012031","","","Pat:43:7113","Level 0","1"
"at:43:7113:2","Bus","47.79803751","16.08884470","","","Pat:43:7113","Level 0",""
"at:43:7114:0:1","Willendorf Bahnhof","47.78930500","16.06087117","","","Pat:43:7114","Level 0","1"
"at:43:7114:0:2","Willendorf Bahnhof","47.78932915","16.06086218","","","Pat:43:7114","Level 0","2"
"at:43:7114:2","Bus","47.78877992","16.05973031","","","Pat:43:7114","Level 0",""
"at:43:7114:3","Zugang","47.78887045","16.05990997","","2","Pat:43:7114","Level 0",""
"at:43:7115:0:1","Unterhöflein Bahnhof","47.79066295","16.03296051","","","Pat:43:7115","Level 0","1"
"at:43:7115:2","Bus","47.79148978","16.03297848","","","Pat:43:7115","Level 0",""
"at:43:7116:0:1","Grünbach/Schneeberg Bahnhof","47.79748838","15.99797113","","","Pat:43:7116","Level 0","1"
"at:43:7116:0:2","Grünbach/Schneeberg Bahnhof","47.79744614","15.99791723","","","Pat:43:7116","Level 0","2"
"at:43:7116:2","Bus","47.79823061","15.99658773","","","Pat:43:7116","Level 0",""
"at:43:7117:0:1","Grünbach/Schneeberg Schule","47.80141666","15.98149603","","","Pat:43:7117","Level 0","1"
"at:43:7117:3","zu","47.80172440","15.98186434","","2","Pat:43:7117","Level 0",""
"at:43:7118:0:1","Grünbach/Schneeberg Kohlenwerk","47.79829095","15.97203677","","","Pat:43:7118","Level 0","1"
"at:43:7118:2","Bus","47.79709614","15.97216253","","","Pat:43:7118","Level 0",""
"at:43:7118:3","zu","47.79867112","15.97253084","","2","Pat:43:7118","Level 0",""
"at:43:7119:0:1","Rothengrub Bahnhof","47.78922654","16.05095377","","","Pat:43:7119","Level 0","1"
"at:43:7119:2","Bus","47.78937139","16.05098072","","","Pat:43:7119","Level 0",""
"at:43:7120:0:1","Puchberg am Schneeberg Bahnhof","47.79043361","15.91074472","","","Pat:43:7120","Level 0","1"
"at:43:7120:2","Bus","47.79035516","15.91134659","","","Pat:43:7120","Level 0",""
"at:43:7120:3","Zugang","47.79040947","15.91109506","","2","Pat:43:7120","Level 0",""
"at:43:7120:4","P+R","47.79059053","15.91150828","","3","Pat:43:7120","Level 0",""
"at:43:7120:5","NÖVOG","47.79055432","15.91044827","","","Pat:43:7120","Level 0",""
"at:43:7161:0:3","Hötzelsdorf-Geras Bahnhof","48.74263955","15.66984351","","","Pat:43:7161","Level 0","2"
"at:43:7161:2","Bus","48.74190499","15.67130776","","","Pat:43:7161","Level 0",""
"at:43:7161:3","Zugang","48.74235520","15.67085860","","2","Pat:43:7161","Level 0",""
"at:43:7161:4","P+R","48.74223673","15.67091250","","3","Pat:43:7161","Level 0",""
"at:43:7162:0:1","Irnfritz Bahnhof","48.74844461","15.53879727","","","Pat:43:7162","Level 0","1"
"at:43:7162:0:3","Irnfritz Bahnhof","48.74850384","15.53880626","","","Pat:43:7162","Level 0","2"
"at:43:7162:2","Bus","48.74813660","15.54036933","","","Pat:43:7162","Level 0",""
"at:43:7162:3","Zugang","48.74835576","15.53974949","","2","Pat:43:7162","Level 0",""
"at:43:7162:4","P+R","48.74833799","15.54026153","","3","Pat:43:7162","Level 0",""
"at:43:7163:0:1","Göpfritz","48.72977125","15.39530039","","","Pat:43:7163","Level 0","1"
"at:43:7163:0:4","Göpfritz","48.72982458","15.39529141","","","Pat:43:7163","Level 0","2"
"at:43:7163:2","Bus","48.72945128","15.39401580","","","Pat:43:7163","Level 0",""
"at:43:7163:3","Zugang","48.72955794","15.39415953","","2","Pat:43:7163","Level 0",""
"at:43:7163:4","P+R","48.72953424","15.39341393","","3","Pat:43:7163","Level 0",""
"at:43:7164:0:1","Allentsteig Bahnhof","48.71545941","15.33072949","","","Pat:43:7164","Level 0","1"
"at:43:7164:0:3","Allentsteig Bahnhof","48.71550089","15.33078339","","","Pat:43:7164","Level 0","2"
"at:43:7164:2","Bus","48.71574390","15.32981321","","","Pat:43:7164","Level 0",""
"at:43:7164:3","Zugang","48.71568463","15.32991202","","2","Pat:43:7164","Level 0",""
"at:43:7164:4","B+R","48.71567871","15.32996592","","3","Pat:43:7164","Level 0",""
"at:43:7165:0:1","Schwarzenau Bahnhof","48.74731327","15.26767674","","","Pat:43:7165","Level 0","1"
"at:43:7165:0:3","Schwarzenau Bahnhof","48.74732512","15.26760487","","","Pat:43:7165","Level 0","2"
"at:43:7165:2","Bus","48.74559548","15.26731741","","","Pat:43:7165","Level 0",""
"at:43:7165:3","Zugang","48.74581465","15.26731741","","2","Pat:43:7165","Level 0",""
"at:43:7165:4","P+R","48.74615228","15.26751504","","3","Pat:43:7165","Level 0",""
"at:43:7166:0:1","Vitis Bahnhof","48.75294603","15.17243735","","","Pat:43:7166","Level 0","1"
"at:43:7166:0:4","Vitis Bahnhof","48.75289865","15.17246430","","","Pat:43:7166","Level 0","2"
"at:43:7166:2","Bus","48.75355014","15.17431483","","","Pat:43:7166","Level 0",""
"at:43:7166:3","Zugang","48.75328362","15.17337160","","2","Pat:43:7166","Level 0",""
"at:43:7167:0:1","Hirschbach bei Gmünd Bahnhof","48.74955223","15.12624598","","","Pat:43:7167","Level 0","1"
"at:43:7167:2","Bus","48.74869338","15.12720718","","","Pat:43:7167","Level 0",""
"at:43:7167:3","Zugang","48.74908431","15.12739582","","2","Pat:43:7167","Level 0",""
"at:43:7168:0:4","Pürbach-Schrems Bahnhof","48.76373003","15.08386346","","","Pat:43:7168","Level 0","2"
"at:43:7168:2","Bus","48.76314381","15.08484263","","","Pat:43:7168","Level 0",""
"at:43:7168:3","Zugang","48.76317934","15.08584874","","2","Pat:43:7168","Level 0",""
"at:43:7169:0:1","Gmünd Bahnhof","48.76432809","14.98513861","","","","Level 0","1"
"at:43:7169:0:6","Gmünd Bahnhof","48.76418005","14.98580337","","","","Level 0","2"
"at:43:7169:0:7","Gmünd Bahnhof","48.76412084","14.98579438","","","","Level 0","3"
"at:43:7211:0:1","St. Pantaleon Bahnhof","48.22779008","14.52862377","","","Pat:43:7211","Level 0","1"
"at:43:7211:2","Bus","48.22761654","14.52831834","","","Pat:43:7211","Level 0",""
"at:43:7211:3","Zugang","48.22775418","14.52840817","","2","Pat:43:7211","Level 0",""
"at:43:7222:0:3","Prinzersdorf Bahnhof","48.20300304","15.52532254","","","Pat:43:7222","Level 0","1"
"at:43:7222:0:4","Prinzersdorf Bahnhof","48.20334431","15.52782884","","","Pat:43:7222","Level 0","2"
"at:43:7222:2","Bus","48.20322456","15.52521475","","","Pat:43:7222","Level 0",""
"at:43:7222:3","Zugang","48.20322456","15.52567289","","2","Pat:43:7222","Level 0",""
"at:43:7222:4","P+R","48.20327246","15.52629272","","3","Pat:43:7222","Level 0",""
"at:43:7222:6","ZG","48.20308686","15.52623883","","3","Pat:43:7222","Level -1",""
"at:43:7223:0:1","Markersdorf an der Pielach Bf.","48.19608734","15.49575899","","","Pat:43:7223","Level 0","1"
"at:43:7223:0:4","Markersdorf an der Pielach Bf.","48.19615321","15.49572306","","","Pat:43:7223","Level 0","2"
"at:43:7223:2","Bus","48.19599752","15.49805868","","","Pat:43:7223","Level 0",""
"at:43:7223:3","G2","48.19616519","15.49571407","","","Pat:43:7223","Level 0",""
"at:43:7223:4","ZG","48.19659033","15.49756460","","3","Pat:43:7223","Level -1",""
"at:43:7224:0:1","Groß Sierning Bahnhof","48.18782321","15.45673617","","","Pat:43:7224","Level 0","1"
"at:43:7224:0:2","Groß Sierning Bahnhof","48.18812266","15.45668227","","","Pat:43:7224","Level 0","2"
"at:43:7224:2","Bus","48.18824243","15.45855975","","","Pat:43:7224","Level 0",""
"at:43:7224:3","ZG","48.18802683","15.45851484","","3","Pat:43:7224","Level -1",""
"at:43:7225:0:1","Loosdorf/Melk Bahnhof","48.19450049","15.40586458","","","Pat:43:7225","Level 0","1"
"at:43:7225:0:4","Loosdorf/Melk Bahnhof","48.19443462","15.40580170","","","Pat:43:7225","Level 0","2"
"at:43:7225:2","Bus","48.19508134","15.40486745","","","Pat:43:7225","Level 0",""
"at:43:7225:3","Zugang","48.19520111","15.40534355","","2","Pat:43:7225","Level 0",""
"at:43:7225:4","P+R","48.19432085","15.40446321","","3","Pat:43:7225","Level 0",""
"at:43:7225:5","Bus Süd","48.19388969","15.40422066","","","Pat:43:7225","Level 0",""
"at:43:7226:0:2","Melk Bahnhof","48.22452853","15.33165475","","","Pat:43:7226","Level 1","2"
"at:43:7226:0:7","Melk Bahnhof","48.22459436","15.33167272","","","Pat:43:7226","Level 1","1"
"at:43:7226:2","Bus","48.22460034","15.33186136","","","Pat:43:7226","Level 0",""
"at:43:7226:3","zu","48.22487564","15.33083728","","2","Pat:43:7226","Level 0",""
"at:43:7226:4","P+R","48.22443876","15.33109780","","3","Pat:43:7226","Level 0",""
"at:43:7226:5","G2","48.22451057","15.33164577","","","Pat:43:7226","Level 0",""
"at:43:7226:6","ZG","48.22459436","15.33138526","","3","Pat:43:7226","Level -1",""
"at:43:7227:0:1","Pöchlarn Bahnhof","48.20822362","15.21713752","","","Pat:43:7227","Level 0","Gleis 1"
"at:43:7227:0:6","Pöchlarn Bahnhof","48.20815178","15.21714650","","","Pat:43:7227","Level 0","2"
"at:43:7227:0:7","Pöchlarn Bahnhof","48.20794824","15.21716447","","","Pat:43:7227","Level 0","4"
"at:43:7227:0:8","Pöchlarn Bahnhof","48.20788837","15.21716447","","","Pat:43:7227","Level 0","5"
"at:43:7227:2","Bus","48.20846308","15.21631107","","","Pat:43:7227","Level 0",""
"at:43:7227:3","Zugang","48.20846308","15.21546665","","2","Pat:43:7227","Level 0",""
"at:43:7227:4","P+R","48.20840322","15.21438867","","3","Pat:43:7227","Level 0",""
"at:43:7227:7","ZG","48.20810389","15.21685904","","3","Pat:43:7227","Level -1",""
"at:43:7228:0:1","Krummnußbaum Bahnhof","48.20802008","15.15879194","","","Pat:43:7228","Level 0","1"
"at:43:7228:0:2","Krummnußbaum Bahnhof","48.20795422","15.15877398","","","Pat:43:7228","Level 0","2"
"at:43:7228:2","Zugang","48.20771476","15.16040891","","2","Pat:43:7228","Level 0",""
"at:43:7229:0:1","Säusenstein Bahnhof","48.19311720","15.11375940","","","Pat:43:7229","Level 0","1"
"at:43:7229:0:2","Säusenstein Bahnhof","48.19309923","15.11360668","","","Pat:43:7229","Level 0","2"
"at:43:7229:2","Zugang","48.19215905","15.11404686","","2","Pat:43:7229","Level -1",""
"at:43:7230:0:4","Ybbs/Donau Bahnhof","48.15906801","15.09982653","","","Pat:43:7230","Level 0","2"
"at:43:7230:0:5","Ybbs/Donau Bahnhof","48.15910996","15.09977263","","","Pat:43:7230","Level 0","3"
"at:43:7230:1","Bahn","48.15887026","15.09995229","","","Pat:43:7230","Level 0",""
"at:43:7230:2","Bus","48.15859461","15.09988941","","","Pat:43:7230","Level 0",""
"at:43:7230:3","Zugang","48.15887626","15.10032060","","2","Pat:43:7230","Level 0",""
"at:43:7230:4","P+R","48.15931370","15.09922466","","3","Pat:43:7230","Level 0",""
"at:43:7230:6","ZG","48.15875641","15.09941330","","3","Pat:43:7230","Level -1",""
"at:43:7231:0:1","Neumarkt/Ybbs-Karlsbach Bf.","48.14222076","15.05060783","","","Pat:43:7231","Level 1","1"
"at:43:7231:0:4","Neumarkt/Ybbs-Karlsbach Bf.","48.14217880","15.05063478","","","Pat:43:7231","Level 1","2"
"at:43:7231:2","Bus","48.14281420","15.05090428","","","Pat:43:7231","Level 0",""
"at:43:7231:3","Zugang","48.14220877","15.05182954","","2","Pat:43:7231","Level 0",""
"at:43:7233:0:1","Blindenmarkt Bahnhof","48.12506217","14.98058416","","","Pat:43:7233","Level 0","1"
"at:43:7233:0:2","Blindenmarkt Bahnhof","48.12509815","14.98058416","","","Pat:43:7233","Level 0","2"
"at:43:7233:2","Bus","48.12472638","14.97956906","","","Pat:43:7233","Level 0",""
"at:43:7233:3","Zugang","48.12530202","14.97973076","","2","Pat:43:7233","Level 0",""
"at:43:7233:4","P+R","48.12495424","14.97898515","","3","Pat:43:7233","Level 0",""
"at:43:7233:5","B+R","48.12492426","14.97951516","","3","Pat:43:7233","Level 0",""
"at:43:7234:0:1","Amstetten Bahnhof","48.12166814","14.87888588","","","Pat:43:7234","Level 0","1"
"at:43:7234:0:2","Amstetten Bahnhof","48.12142827","14.88040404","","","Pat:43:7234","Level 0","5"
"at:43:7234:0:3","Amstetten Bahnhof","48.12153622","14.87941589","","","Pat:43:7234","Level 0","3"
"at:43:7234:0:4","Amstetten Bahnhof","48.12150024","14.88039505","","","Pat:43:7234","Level 0","4"
"at:43:7234:0:5","Amstetten Bahnhof","48.12162017","14.87941589","","","Pat:43:7234","Level 0","2"
"at:43:7234:0:6","Amstetten Bahnhof","48.12138630","14.87812231","","","Pat:43:7234","Level 0","11"
"at:43:7234:2","Bus","48.12180007","14.87700840","","","Pat:43:7234","Level 0",""
"at:43:7234:3","Zugang","48.12192000","14.87847266","","2","Pat:43:7234","Level 0",""
"at:43:7234:4","P+R","48.12212989","14.88043098","","3","Pat:43:7234","Level 0",""
"at:43:7234:7","ZG","48.12150623","14.87916436","","","Pat:43:7234","Level -1",""
"at:43:7235:0:1","Mauer-Öhling Bahnhof","48.09469985","14.80029228","","","Pat:43:7235","Level 0","1"
"at:43:7235:0:3","Mauer-Öhling Bahnhof","48.09474785","14.80024736","","","Pat:43:7235","Level 0","2"
"at:43:7235:2","Bus","48.09415986","14.79986109","","","Pat:43:7235","Level 0",""
"at:43:7235:3","Zugang","48.09439985","14.79969041","","2","Pat:43:7235","Level 0",""
"at:43:7236:0:1","Aschbach Bahnhof","48.06960231","14.75627483","","","Pat:43:7236","Level 0","1"
"at:43:7236:0:4","Aschbach Bahnhof","48.06965033","14.75621195","","","Pat:43:7236","Level 0","2"
"at:43:7236:2","Bus","48.06960831","14.75672399","","","Pat:43:7236","Level 0",""
"at:43:7236:3","P+R","48.06948225","14.75638263","","3","Pat:43:7236","Level 0",""
"at:43:7236:4","Zugang","48.06979440","14.75592449","","2","Pat:43:7236","Level 0",""
"at:43:7237:0:1","Krenstetten-Biberbach Bahnhof","48.05507951","14.69959113","","","Pat:43:7237","Level 1","1"
"at:43:7237:0:4","Krenstetten-Biberbach Bahnhof","48.05512155","14.69958215","","","Pat:43:7237","Level 1","2"
"at:43:7237:2","Bus","48.05595616","14.69944740","","","Pat:43:7237","Level 0",""
"at:43:7237:3","Zugang","48.05494141","14.69841434","","2","Pat:43:7237","Level 0",""
"at:43:7238:0:1","St. Peter-Seitenstetten Bhf.","48.05480931","14.64527001","","","Pat:43:7238","Level 0","1"
"at:43:7238:0:4","St. Peter-Seitenstetten Bhf.","48.05487536","14.64528798","","","Pat:43:7238","Level 0","2"
"at:43:7238:2","Bus","48.05440701","14.64585391","","","Pat:43:7238","Level 0",""
"at:43:7238:3","Zugang","48.05451509","14.64557544","","2","Pat:43:7238","Level 0",""
"at:43:7238:4","P+R","48.05454511","14.64523408","","3","Pat:43:7238","Level 0",""
"at:43:7239:0:1","St. Johann-Weistrach Bahnhof","48.07499853","14.61311032","","","Pat:43:7239","Level 1","1"
"at:43:7239:0:2","St. Johann-Weistrach Bahnhof","48.07502854","14.61319117","","","Pat:43:7239","Level 1","2"
"at:43:7239:2","Bus","48.07492050","14.61293964","","","Pat:43:7239","Level 0",""
"at:43:7239:3","Zugang","48.07475845","14.61388287","","2","Pat:43:7239","Level 0",""
"at:43:7241:0:1","Stadt Haag Bahnhof","48.11565309","14.56600267","","","Pat:43:7241","Level 0","1"
"at:43:7241:0:2","Stadt Haag Bahnhof","48.11571906","14.56598470","","","Pat:43:7241","Level 0","2"
"at:43:7241:2","Bus","48.11561710","14.56613742","","","Pat:43:7241","Level 0",""
"at:43:7241:3","P+R","48.11532923","14.56593080","","3","Pat:43:7241","Level 0",""
"at:43:7241:5","ZG","48.11571306","14.56610148","","3","Pat:43:7241","Level -1",""
"at:43:7242:0:1","St. Valentin Bahnhof","48.17836573","14.52244336","","","Pat:43:7242","Level 0","1"
"at:43:7242:0:11","St. Valentin Bahnhof","48.17933012","14.52159894","","","Pat:43:7242","Level 0","2"
"at:43:7242:0:2","St. Valentin Bahnhof","48.17962363","14.52179657","","","Pat:43:7242","Level 0","11"
"at:43:7242:0:3","St. Valentin Bahnhof","48.17920433","14.52112284","","","Pat:43:7242","Level 0","7"
"at:43:7242:0:4","St. Valentin Bahnhof","48.17964759","14.52190437","","","Pat:43:7242","Level 0","12"
"at:43:7242:0:5","St. Valentin Bahnhof","48.17922829","14.52120369","","","Pat:43:7242","Level 0","6"
"at:43:7242:0:6","St. Valentin Bahnhof","48.17925225","14.52131148","","","Pat:43:7242","Level 0","5"
"at:43:7242:0:8","St. Valentin Bahnhof","48.17928220","14.52140132","","","Pat:43:7242","Level 0","4"
"at:43:7242:0:9","St. Valentin Bahnhof","48.17930616","14.52150911","","","Pat:43:7242","Level 0","3"
"at:43:7242:10","Westbahnstr. 33","48.17989917","14.52203912","","","Pat:43:7242","Level 0",""
"at:43:7242:11","SEValt","48.17866523","14.52042215","","","Pat:43:7242","Level 0",""
"at:43:7242:2","Bus","48.17910849","14.52258709","","","Pat:43:7242","Level 0",""
"at:43:7242:3","Zu Kohlenplatzstr","48.17858137","14.52078148","","2","Pat:43:7242","Level 0",""
"at:43:7242:4","Zwischengeschoß","48.17870716","14.52179657","","3","Pat:43:7242","Level -1",""
"at:43:7242:5","P+R","48.17865325","14.52049402","","3","Pat:43:7242","Level 0",""
"at:43:7242:9","Zu Westbahnstr","48.17878503","14.52263201","","2","Pat:43:7242","Level 0",""
"at:43:7243:0:1","Ennsdorf Bahnhof","48.21607145","14.49687731","","","Pat:43:7243","Level 1","1"
"at:43:7243:0:4","Ennsdorf Bahnhof","48.21612533","14.49694019","","","Pat:43:7243","Level 1","2"
"at:43:7243:2","Bus","48.21707704","14.49665273","","","Pat:43:7243","Level 0",""
"at:43:7243:3","Zugang","48.21674185","14.49559272","","2","Pat:43:7243","Level 0",""
"at:43:7243:4","P+R","48.21662812","14.49641018","","3","Pat:43:7243","Level 0",""
"at:43:7370:0:1","St. Pölten Traisenpark/P+R Nord","48.22050067","15.64122318","","","Pat:43:7370","Level 0","1"
"at:43:7370:2","Bus","48.22053658","15.64069318","","","Pat:43:7370","Level 0",""
"at:43:7370:3","Zugang","48.22109320","15.64093572","","2","Pat:43:7370","Level 0",""
"at:43:7371:0:2","St. Pölten Alpenbahnhof-Kaiserwald","48.19847651","15.61394135","","","Pat:43:7371","Level 0","1"
"at:43:7371:0:3","St. Pölten Alpenbahnhof-Kaiserwald","48.19847651","15.61390541","","","Pat:43:7371","Level 0","2"
"at:43:7371:2","Zugang MzB","48.19838669","15.61262981","","2","Pat:43:7371","Level 0",""
"at:43:7371:3","Zugang TrB","48.19914713","15.61433661","","2","Pat:43:7371","Level 0",""
"at:43:7371:4","MZB","48.19835076","15.61292625","","","Pat:43:7371","Level 0",""
"at:43:7371:5","SEV MZB","48.19852441","15.61269269","","","Pat:43:7371","Level 0",""
"at:43:7371:6","SEV ÖBB","48.20016502","15.61456118","","","Pat:43:7371","Level 0",""
"at:43:7372:0:1","St. Pölten Porschestraße","48.18321747","15.61700460","","","Pat:43:7372","Level 0","1"
"at:43:7372:2","Bus","48.18325940","15.61736393","","","Pat:43:7372","Level 0",""
"at:43:7372:3","Zugang","48.18345106","15.61685189","","2","Pat:43:7372","Level 0",""
"at:43:7372:4","P+R","48.18324143","15.61639375","","3","Pat:43:7372","Level 0",""
"at:43:7376:0:1","St. Georgen am Steinfelde Bahnhof","48.13813847","15.61455220","","","Pat:43:7376","Level 0","1"
"at:43:7376:2","Bus","48.13778478","15.61404016","","","Pat:43:7376","Level 0",""
"at:43:7376:3","Zugang","48.13776679","15.61456118","","2","Pat:43:7376","Level 0",""
"at:43:7377:0:1","Wilhelmsburg/Traisen Bahnhof","48.11219846","15.60853349","","","Pat:43:7377","Level 0","1"
"at:43:7377:0:4","Wilhelmsburg/Traisen Bahnhof","48.11219246","15.60860535","","","Pat:43:7377","Level 0","2"
"at:43:7377:2","Bus","48.11152670","15.60783280","","","Pat:43:7377","Level 0",""
"at:43:7378:0:1","Kreisbach Bahnhof","48.10098732","15.60803942","","","Pat:43:7378","Level 0","1"
"at:43:7378:2","Bus","48.10033941","15.60791365","","","Pat:43:7378","Level 0",""
"at:43:7381:0:1","Traisen Bahnhof","48.05635245","15.61328558","","","Pat:43:7381","Level 0","1"
"at:43:7381:0:2","Traisen Bahnhof","48.05664666","15.61214472","","","Pat:43:7381","Level 0","1"
"at:43:7381:0:4","Traisen Bahnhof","48.05640649","15.61333948","","","Pat:43:7381","Level 0","2"
"at:43:7382:0:1","Traisen Markt Bahnhof","48.04004210","15.61186624","","","Pat:43:7382","Level 0","1"
"at:43:7382:0:2","Traisen Markt Bahnhof","48.04001206","15.61209980","","","Pat:43:7382","Level 0","1"
"at:43:7382:0:3","Traisen Markt Bahnhof","48.03984389","15.61207285","","","Pat:43:7382","Level 0","2"
"at:43:7383:0:1","Marktl Bahnhof","48.02154558","15.60007136","","","Pat:43:7383","Level 0","1"
"at:43:7383:2","Bus","48.02161167","15.60070916","","","Pat:43:7383","Level 0",""
"at:43:7384:0:1","Lilienfeld Bahnhof","48.01377614","15.59340586","","","Pat:43:7384","Level 0","1"
"at:43:7384:0:4","Lilienfeld Bahnhof","48.01350572","15.59233686","","","Pat:43:7384","Level 0","C"
"at:43:7384:0:5","Lilienfeld Bahnhof","48.01380619","15.59339688","","","Pat:43:7384","Level 0","2"
"at:43:7384:3","Zugang","48.01331342","15.59336094","","2","Pat:43:7384","Level 0",""
"at:43:7385:0:1","Lilienfeld Krankenhaus Bahnhof","48.00887833","15.57831416","","","Pat:43:7385","Level 0","1"
"at:43:7385:0:2","Lilienfeld Krankenhaus Bahnhof","48.00926296","15.57843993","","","Pat:43:7385","Level 0","1"
"at:43:7385:0:3","Lilienfeld Krankenhaus Bahnhof","48.00892641","15.57830518","","","Pat:43:7385","Level 0","2"
"at:43:7385:3","Zugang","48.00874611","15.57807162","","2","Pat:43:7385","Level 0",""
"at:43:7386:0:1","Schrambach Bahnhof","48.00218891","15.57546650","","","Pat:43:7386","Level 0","1"
"at:43:7386:0:3","Schrambach Bahnhof","48.00058405","15.57354411","","","Pat:43:7386","Level 0","2"
"at:43:7399:0:1","Wiesenfeld-Schwarzenbach Bf.","48.05110439","15.64889479","","","Pat:43:7399","Level 0","1"
"at:43:7399:2","Bus","48.05157278","15.64799648","","","Pat:43:7399","Level 0",""
"at:43:7400:0:1","St. Veit an der Gölsen Bahnhof","48.04515915","15.67162217","","","Pat:43:7400","Level 0","1"
"at:43:7400:2","Bus","48.04484085","15.67167607","","","Pat:43:7400","Level 0",""
"at:43:7400:3","Zugang","48.04485287","15.67164014","","2","Pat:43:7400","Level 0",""
"at:43:7401:0:1","Rainfeld-Kleinzell Bahnhof","48.05046186","15.70661155","","","Pat:43:7401","Level 0","1"
"at:43:7401:2","Bus","48.05018563","15.70848005","","","Pat:43:7401","Level 0",""
"at:43:7402:0:1","Rohrbach an der Gölsen Bahnhof","48.04752532","15.74327180","","","Pat:43:7402","Level 0","1"
"at:43:7402:2","Bus","48.04767546","15.74236450","","","Pat:43:7402","Level 0",""
"at:43:7403:0:1","Hainfeld Bahnhof","48.03984990","15.76731072","","","Pat:43:7403","Level 0","1"
"at:43:7403:0:4","Hainfeld Bahnhof","48.03989194","15.76733766","","","Pat:43:7403","Level 0","2"
"at:43:7403:2","Bus","48.03885285","15.76926006","","","Pat:43:7403","Level 0",""
"at:43:7403:3","Zugang","48.03918320","15.76849649","","2","Pat:43:7403","Level 0",""
"at:43:7403:4","P+R","48.03915917","15.76881988","","3","Pat:43:7403","Level 0",""
"at:43:7403:5","B+R","48.03936339","15.76829886","","3","Pat:43:7403","Level 0",""
"at:43:7435:0:1","Erlauf Bahnhof","48.18384038","15.18212119","","","Pat:43:7435","Level 0","1"
"at:43:7435:0:2","Erlauf Bahnhof","48.18384038","15.18208526","","","Pat:43:7435","Level 0","2"
"at:43:7435:2","Bus","48.18375652","15.18223797","","","Pat:43:7435","Level 0",""
"at:43:7435:3","Zugang","48.18400209","15.18222000","","2","Pat:43:7435","Level 0",""
"at:43:7435:4","P+R","48.18419375","15.18222899","","3","Pat:43:7435","Level 0",""
"at:43:7442:0:1","Petzenkirchen Bahnhof","48.14360543","15.15710311","","","Pat:43:7442","Level 0","1"
"at:43:7442:2","Bus","48.14347955","15.15710311","","","Pat:43:7442","Level 0",""
"at:43:7443:0:1","Wieselburg Bahnhof","48.13217331","15.14253244","","","Pat:43:7443","Level 0","1"
"at:43:7443:0:4","Wieselburg Bahnhof","48.13216132","15.14255938","","","Pat:43:7443","Level 0","2"
"at:43:7443:2","Bus","48.13236517","15.14224497","","","Pat:43:7443","Level 0",""
"at:43:7444:0:1","Mühling Bahnhof","48.11106486","15.13557947","","","Pat:43:7444","Level 0","1"
"at:43:7444:2","Bus","48.11081295","15.13567829","","","Pat:43:7444","Level 0",""
"at:43:7445:0:1","Mühling-Plaika Bahnhof","48.10333292","15.13276775","","","Pat:43:7445","Level 0","1"
"at:43:7445:2","Bus","48.10260106","15.13472608","","","Pat:43:7445","Level 0",""
"at:43:7445:3","Zugang","48.10307497","15.13267792","","2","Pat:43:7445","Level 0",""
"at:43:7446:0:1","Schauboden Bahnhof","48.07889379","15.13693593","","","Pat:43:7446","Level 0","1"
"at:43:7446:2","Bus","48.07943994","15.13716051","","","Pat:43:7446","Level 0",""
"at:43:7447:0:1","Purgstall/Erlauf Bahnhof","48.05873611","15.13108790","","","Pat:43:7447","Level 0","1"
"at:43:7447:0:4","Purgstall/Erlauf Bahnhof","48.05940256","15.13115976","","","Pat:43:7447","Level 0","2"
"at:43:7447:2","Bus","48.05892224","15.13146519","","","Pat:43:7447","Level 0",""
"at:43:7448:0:1","Sölling Bahnhof","48.03903904","15.14035851","","","Pat:43:7448","Level 0","1"
"at:43:7448:2","Bus","48.03850448","15.14331397","","","Pat:43:7448","Level 0",""
"at:43:7448:3","Zugang","48.03879879","15.14075377","","2","Pat:43:7448","Level 0",""
"at:43:7449:0:1","Saffen Bahnhof","48.02171982","15.15252170","","","Pat:43:7449","Level 0","1"
"at:43:7449:2","Bus","48.02214040","15.15188390","","","Pat:43:7449","Level 0",""
"at:43:7449:3","Zugang","48.02206230","15.15131796","","2","Pat:43:7449","Level 0",""
"at:43:7450:0:1","Scheibbs Bahnhof","48.00526627","15.16433455","","","Pat:43:7450","Level 0","1"
"at:43:7450:2","Bus","48.00523622","15.16472082","","","Pat:43:7450","Level 0",""
"at:43:7893:0:1","Greinsfurth Bahnhof","48.10796383","14.83856051","","","Pat:43:7893","Level 0","1"
"at:43:7893:2","Bus","48.10903751","14.84019544","","","Pat:43:7893","Level 0",""
"at:43:7894:0:3","Ulmerfeld-Hausmening Bahnhof","48.07501054","14.81594093","","","Pat:43:7894","Level 0","1"
"at:43:7894:0:4","Ulmerfeld-Hausmening Bahnhof","48.07504655","14.81587805","","","Pat:43:7894","Level 0","2"
"at:43:7894:2","Bus","48.07470443","14.81592296","","","Pat:43:7894","Level 0",""
"at:43:7894:3","Zugang","48.07450635","14.81550076","","2","Pat:43:7894","Level 0",""
"at:43:7895:0:1","Kröllendorf Bahnhof","48.04254664","14.78898249","","","Pat:43:7895","Level 0","1"
"at:43:7895:2","Bus","48.04208418","14.78853333","","","Pat:43:7895","Level 0",""
"at:43:7895:3","Zugang","48.04261871","14.78925198","","2","Pat:43:7895","Level 0",""
"at:43:7896:0:1","Hilm-Kematen Bahnhof","48.02264510","14.76204201","","","Pat:43:7896","Level 0","1"
"at:43:7896:0:4","Hilm-Kematen Bahnhof","48.02259103","14.76188032","","","Pat:43:7896","Level 0","2"
"at:43:7896:2","Bus","48.02294551","14.76269778","","","Pat:43:7896","Level 0",""
"at:43:7896:3","Zugang","48.02257300","14.76232049","","2","Pat:43:7896","Level 0",""
"at:43:7897:0:3","Rosenau am Sonntagberg Bahnhof","48.01018246","14.74094059","","","Pat:43:7897","Level 0","1"
"at:43:7897:2","Bus","48.01030866","14.74256654","","","Pat:43:7897","Level 0",""
"at:43:7897:3","Zugang","48.01044688","14.74216230","","2","Pat:43:7897","Level 0",""
"at:43:7898:0:1","Sonntagberg Bahnhof","47.99204194","14.73829954","","","Pat:43:7898","Level 0","1"
"at:43:7898:2","Bus","47.99262509","14.73798513","","","Pat:43:7898","Level 0",""
"at:43:7898:3","Zugang","47.99257098","14.73816479","","2","Pat:43:7898","Level 0",""
"at:43:7899:0:1","Böhlerwerk an der Ybbs Bahnhof","47.98319778","14.75406497","","","Pat:43:7899","Level 0","1"
"at:43:7899:2","Bus","47.98352849","14.75379548","","","Pat:43:7899","Level 0",""
"at:43:7899:3","Zugang","47.98331203","14.75383141","","2","Pat:43:7899","Level 0",""
"at:43:7899:4","B+R","47.98316772","14.75384938","","","Pat:43:7899","Level 0",""
"at:43:7900:0:1","Waidhofen/Ybbs Bahnhof","47.96816345","14.76535680","","","Pat:43:7900","Level 0","1"
"at:43:7900:0:4","Waidhofen/Ybbs Bahnhof","47.96812736","14.76532086","","","Pat:43:7900","Level 0","2"
"at:43:7900:2","Bus","47.96816345","14.76593172","","","Pat:43:7900","Level 0",""
"at:43:7900:3","Zugang","47.96842809","14.76568917","","2","Pat:43:7900","Level 0",""
"at:43:7900:4","P+R","47.96854237","14.76593172","","3","Pat:43:7900","Level 0",""
"at:43:7900:5","NÖVOG","47.96820555","14.76603952","","","Pat:43:7900","Level 0",""
"at:43:7900:6","G3","47.96750785","14.76622816","","","Pat:43:7900","Level 0",""
"at:43:7901:0:1","Waidhofen/Ybbs Stadt","47.95880386","14.76816852","","","Pat:43:7901","Level 0","1"
"at:43:7901:2","Bus","47.95823237","14.76778225","","","Pat:43:7901","Level 0",""
"at:43:8000:0:1","Furth-Göttweig Bahnhof","48.37343201","15.61607934","","","Pat:43:8000","Level 0","1"
"at:43:8000:2","Bus","48.37288302","15.61545950","","","Pat:43:8000","Level 0",""
"at:43:8001:0:4","Furth-Palt Bahnhof","48.38474468","15.60538040","","","Pat:43:8001","Level 0","2"
"at:43:8001:2","Bus","48.38408843","15.60678177","","","Pat:43:8001","Level 0",""
"at:43:8001:3","P+R","48.38403473","15.60692550","","3","Pat:43:8001","Level 0",""
"at:43:8002:0:1","Getzersdorf/Traisen Bahnhof","48.32424995","15.71536114","","","Pat:43:8002","Level 0","1"
"at:43:8002:2","Bus","48.32427384","15.71511860","","","Pat:43:8002","Level 0",""
"at:43:8002:3","Zugang","48.32432162","15.71517250","","2","Pat:43:8002","Level 0",""
"at:43:8003:0:1","Herzogenburg Bahnhof","48.27612648","15.69627194","","","Pat:43:8003","Level 0","1"
"at:43:8003:0:4","Herzogenburg Bahnhof","48.27627595","15.69638872","","","Pat:43:8003","Level 0","2"
"at:43:8003:0:5","Herzogenburg Bahnhof","48.27627595","15.69646957","","","Pat:43:8003","Level 0","3"
"at:43:8003:2","Bus","48.27672434","15.69596652","","","Pat:43:8003","Level 0",""
"at:43:8003:3","Zugang","48.27640748","15.69602940","","2","Pat:43:8003","Level 0",""
"at:43:8003:4","P+R","48.27917551","15.69636177","","3","Pat:43:8003","Level 0",""
"at:43:8003:5","Zugang P+R","48.27910377","15.69641567","","2","Pat:43:8003","Level 0",""
"at:43:8003:7","ZG","48.27701729","15.69642466","","3","Pat:43:8003","Level -1",""
"at:43:8004:0:1","Herzogenburg Stadt","48.28453179","15.70056589","","","Pat:43:8004","Level 0","1"
"at:43:8004:2","Bus","48.28405357","15.69929927","","","Pat:43:8004","Level 0",""
"at:43:8004:3","Zugang","48.28454374","15.70018860","","2","Pat:43:8004","Level 0",""
"at:43:8005:0:1","Herzogenburg-Wielandsthal","48.28501000","15.69071137","","","Pat:43:8005","Level 0","1"
"at:43:8005:2","Bus","48.28509966","15.69080120","","","Pat:43:8005","Level 0",""
"at:43:8008:0:1","Oberradlberg Bahnhof","48.24063081","15.67049928","","","Pat:43:8008","Level 0","1"
"at:43:8008:2","Bus","48.24056500","15.67015792","","","Pat:43:8008","Level 0",""
"at:43:8008:3","Zugang","48.24066671","15.67024775","","2","Pat:43:8008","Level 0",""
"at:43:8009:0:1","Paudorf Bahnhof","48.35119312","15.61617815","","","Pat:43:8009","Level 0","1"
"at:43:8009:0:2","Paudorf Bahnhof","48.35117521","15.61611527","","","Pat:43:8009","Level 0","2"
"at:43:8009:2","Bus","48.35268557","15.61566611","","","Pat:43:8009","Level 0",""
"at:43:8009:3","P+R","48.35173638","15.61589069","","3","Pat:43:8009","Level 0",""
"at:43:8010:0:1","Statzendorf Bahnhof","48.30960198","15.63200647","","","Pat:43:8010","Level 0","1"
"at:43:8010:0:4","Statzendorf Bahnhof","48.30963783","15.63206037","","","Pat:43:8010","Level 0","2"
"at:43:8010:2","Bus","48.30901048","15.63206037","","","Pat:43:8010","Level 0",""
"at:43:8010:3","P+R","48.30938689","15.63182680","","3","Pat:43:8010","Level 0",""
"at:43:8011:0:1","Unterradlberg Bahnhof","48.25516698","15.68671387","","","Pat:43:8011","Level 0","1"
"at:43:8011:2","Bus","48.25465858","15.68562691","","","Pat:43:8011","Level 0",""
"at:43:8011:3","Zugang","48.25495764","15.68604911","","2","Pat:43:8011","Level 0",""
"at:43:8012:0:1","Viehofen Bahnhof","48.23082404","15.65292823","","","Pat:43:8012","Level 0","1"
"at:43:8012:2","Bus","48.23115914","15.65320671","","","Pat:43:8012","Level 0",""
"at:43:8012:3","Zugang","48.23121898","15.65327857","","2","Pat:43:8012","Level 0",""
"at:43:8012:4","P+R","48.23131472","15.65344027","","3","Pat:43:8012","Level 0",""
"at:43:8022:0:1","Brunn an der Schneebergbahn Bhf.","47.82567976","16.15776345","","","Pat:43:8022","Level 0","1"
"at:43:8022:2","Bus","47.82546867","16.15724243","","","Pat:43:8022","Level 0",""
"at:43:8059:0:1","Pernitz Wipfelhofstraße/Bf.","47.89569676","15.96829978","","","Pat:43:8059","Level 0","1"
"at:43:8059:2","Bus","47.89631713","15.96848842","","","Pat:43:8059","Level 0",""
"at:43:8068:0:1","Pfennigbach Bahnhof","47.79573232","15.92388707","","","Pat:43:8068","Level 0","1"
"at:43:8068:2","Bus","47.79607629","15.92412063","","","Pat:43:8068","Level 0",""
"at:43:8074:0:1","Pernitz Raimundviertel Bahnhof","47.89195029","15.94613834","","","Pat:43:8074","Level 0","1"
"at:43:8074:2","Bus","47.89220930","15.94638088","","","Pat:43:8074","Level 0",""
"at:43:8240:0:1","Herzograd Bahnhof","48.16105144","14.50285110","","","Pat:43:8240","Level 0","1"
"at:43:8240:2","Bus","48.16099751","14.50396502","","","Pat:43:8240","Level 0",""
"at:43:8241:0:1","Ernsthofen Bahnhof","48.12712486","14.47980033","","","Pat:43:8241","Level 0","1"
"at:43:8241:0:3","Ernsthofen Bahnhof","48.12710687","14.47970152","","","Pat:43:8241","Level 0","2"
"at:43:8241:2","Bus","48.12660920","14.48017763","","","Pat:43:8241","Level 0",""
"at:43:8241:3","Zugang","48.12675910","14.48013271","","2","Pat:43:8241","Level 0",""
"at:43:8241:4","ZG","48.12675910","14.47999796","","3","Pat:43:8241","Level -1",""
"at:43:8241:5","P+R","48.12639933","14.48028542","","3","Pat:43:8241","Level 0",""
"at:43:8242:0:1","Dorf an der Enns","48.09179583","14.47312585","","","Pat:43:8242","Level 0","1"
"at:43:8242:2","Bus","48.09109380","14.47284737","","","Pat:43:8242","Level 0",""
"at:43:8243:0:1","Ramingdorf-Haidershofen Bf.","48.06727918","14.45904925","","","Pat:43:8243","Level 0","1"
"at:43:8243:2","Bus","48.06801755","14.45922891","","","Pat:43:8243","Level 0",""
"at:43:8243:3","Zugang","48.06778343","14.45928281","","2","Pat:43:8243","Level 0",""
"at:43:8757:0:1","St. Egyden/Stfd Bahnhof","47.76117238","16.14696570","","","Pat:43:8757","Level 0","1"
"at:43:8757:0:2","St. Egyden/Stfd Bahnhof","47.76111803","16.14703757","","","Pat:43:8757","Level 0","2"
"at:43:8757:2","Bus","47.76062890","16.14655248","","","Pat:43:8757","Level 0",""
"at:43:8757:3","P+R","47.76038131","16.14685791","","3","Pat:43:8757","Level 0",""
"at:43:8757:5","zu","47.76063493","16.14594162","","2","Pat:43:8757","Level -1",""
"at:43:8758:0:5","Neunkirchen Bahnhof","47.73175571","16.08587128","","","Pat:43:8758","Level 0","2"
"at:43:8758:0:6","Neunkirchen Bahnhof","47.73182217","16.08583535","","","Pat:43:8758","Level 0","3"
"at:43:8758:2","Bus","47.73165299","16.08438906","","","Pat:43:8758","Level 0",""
"at:43:8758:3","SEV","47.73132672","16.08486517","","","Pat:43:8758","Level 0",""
"at:43:8758:4","P+R","47.73149590","16.08570060","","3","Pat:43:8758","Level 0",""
"at:43:8758:6","ZG","47.73149590","16.08463161","","3","Pat:43:8758","Level -1",""
"at:43:8759:0:3","Ternitz Bahnhof","47.71348727","16.03284373","","","Pat:43:8759","Level 0","1"
"at:43:8759:0:4","Ternitz Bahnhof","47.71345100","16.03287966","","","Pat:43:8759","Level 0","2"
"at:43:8759:0:6","Ternitz Bahnhof","47.71340869","16.03293356","","","Pat:43:8759","Level 0","3"
"at:43:8759:2","Bus","47.71412795","16.03335577","","","Pat:43:8759","Level 0",""
"at:43:8759:3","Zugang","47.71405542","16.03323001","","2","Pat:43:8759","Level 0",""
"at:43:8759:4","P+R","47.71374717","16.03262813","","3","Pat:43:8759","Level 0",""
"at:43:8759:5","Werk","47.71512522","16.03584410","","","Pat:43:8759","Level 0",""
"at:43:8759:7","ZG","47.71380761","16.03348153","","3","Pat:43:8759","Level -1",""
"at:43:8759:8","P+RS","47.71382574","16.03424510","","3","Pat:43:8759","Level 0",""
"at:43:8760:0:1","Pottschach Bahnhof","47.69710488","16.00626258","","","Pat:43:8760","Level 0","1"
"at:43:8760:0:2","Pottschach Bahnhof","47.69715325","16.00621767","","","Pat:43:8760","Level 0","2"
"at:43:8760:2","Bus","47.69689327","16.00616377","","","Pat:43:8760","Level 0",""
"at:43:8760:3","Zugang","47.69679653","16.00602004","","2","Pat:43:8760","Level 0",""
"at:43:8760:4","P+R","47.69722580","16.00686445","","3","Pat:43:8760","Level 0",""
"at:43:8760:6","ZG","47.69669979","16.00529240","","3","Pat:43:8760","Level -1",""
"at:43:8761:0:3","Gloggnitz Bahnhof","47.67757834","15.94617427","","","Pat:43:8761","Level 0","1"
"at:43:8761:0:5","Gloggnitz Bahnhof","47.67786261","15.94615631","","","Pat:43:8761","Level 0","3"
"at:43:8761:2","Bus","47.67734245","15.94642580","","","Pat:43:8761","Level 0",""
"at:43:8761:3","Zugang","47.67740898","15.94617427","","2","Pat:43:8761","Level 0",""
"at:43:8761:4","P+R","47.67735455","15.94499748","","3","Pat:43:8761","Level 0",""
"at:43:8761:6","ZG","47.67769931","15.94653360","","3","Pat:43:8761","Level -1",""
"at:43:8761:7","zuN","47.67801987","15.94651563","","2","Pat:43:8761","Level 0",""
"at:43:8762:0:1","Schlöglmühl Bahnhof","47.68246520","15.91449967","","","Pat:43:8762","Level 0","1"
"at:43:8762:0:2","Schlöglmühl Bahnhof","47.68252567","15.91451764","","","Pat:43:8762","Level 0","2"
"at:43:8762:2","Bus","47.68227771","15.91337678","","","Pat:43:8762","Level 0",""
"at:43:8762:4","ZG","47.68268292","15.91328695","","3","Pat:43:8762","Level -1",""
"at:43:8763:0:4","Payerbach-Reichenau Bahnhof","47.69600448","15.86272976","","","Pat:43:8763","Level 0","1"
"at:43:8763:0:5","Payerbach-Reichenau Bahnhof","47.69615563","15.86274773","","","Pat:43:8763","Level 0","2"
"at:43:8763:2","Bus","47.69572031","15.86413114","","","Pat:43:8763","Level 0",""
"at:43:8763:3","Zugang","47.69579891","15.86326875","","2","Pat:43:8763","Level 0",""
"at:43:8763:4","P+R","47.69566589","15.86468809","","3","Pat:43:8763","Level 0",""
"at:43:8763:6","ZG","47.69608308","15.86260400","","3","Pat:43:8763","Level -1",""
"at:43:8763:7","zun","47.69628261","15.86160687","","2","Pat:43:8763","Level 0",""
"at:43:8764:0:1","Küb Bahnhof","47.68138263","15.87654585","","","","Level 0","1"
"at:43:8764:0:2","Küb Bahnhof","47.68138868","15.87645602","","","","Level 0","2"
"at:43:8765:0:1","Eichberg am Semmering Bahnhof","47.67230994","15.91087946","","","Pat:43:8765","Level 0","1"
"at:43:8765:0:2","Eichberg am Semmering Bahnhof","47.67220106","15.91082557","","","Pat:43:8765","Level 0","2"
"at:43:8765:2","Bus","47.67182602","15.91175083","","","Pat:43:8765","Level 0",""
"at:43:8765:4","ZG","47.67195910","15.91184964","","3","Pat:43:8765","Level -1",""
"at:43:8766:0:2","Klamm-Schottwien Bahnhof","47.66525635","15.87320412","","","Pat:43:8766","Level 0","1"
"at:43:8766:0:4","Klamm-Schottwien Bahnhof","47.66530474","15.87320412","","","Pat:43:8766","Level 0","2"
"at:43:8766:2","Bus","47.66494781","15.87281785","","","Pat:43:8766","Level 0",""
"at:43:8766:3","Zugang","47.66527450","15.87186563","","2","Pat:43:8766","Level -1",""
"at:43:8767:0:1","Breitenstein Bahnhof","47.66037393","15.82102997","","","Pat:43:8767","Level 0","1"
"at:43:8767:0:2","Breitenstein Bahnhof","47.66027712","15.82067064","","","Pat:43:8767","Level 0","2"
"at:43:8767:2","Bus","47.65984754","15.81965555","","","Pat:43:8767","Level 0",""
"at:43:8767:4","ZG","47.65959342","15.81987114","","3","Pat:43:8767","Level -1",""
"at:43:8767:5","zus","47.65945426","15.82031132","","2","Pat:43:8767","Level -1",""
"at:43:8767:6","zun","47.66073695","15.82173964","","2","Pat:43:8767","Level 0",""
"at:43:8768:0:1","Wolfsbergkogel Bahnhof","47.64955475","15.82727326","","","Pat:43:8768","Level 0","1"
"at:43:8768:0:2","Wolfsbergkogel Bahnhof","47.64950634","15.82721038","","","Pat:43:8768","Level 0","2"
"at:43:8768:2","Bus","47.64979076","15.82703072","","","Pat:43:8768","Level 0",""
"at:43:8768:4","zu","47.65007519","15.82599765","","2","Pat:43:8768","Level 0",""
"at:43:8769:0:2","Semmering Bahnhof","47.64016784","15.83100127","","","Pat:43:8769","Level 0","1"
"at:43:8769:0:3","Semmering Bahnhof","47.64014968","15.83111805","","","Pat:43:8769","Level 0","2"
"at:43:8769:2","Bus","47.63915703","15.83029160","","","Pat:43:8769","Level 0",""
"at:43:8769:3","Zugang","47.63944151","15.83047126","","2","Pat:43:8769","Level 0",""
"at:43:99980:0:1","TP Gmünd Lainsitzbrücke Schiene","48.76586169","14.96542059","","","Pat:43:99980","Level 0","1"
"at:43:99980:1","SEV","48.76553010","14.96966963","","","Pat:43:99980","Level 0",""
"at:43:99985:0:1","Kittsee Tarifpunkt A6/Staatsgrenze","48.10291900","17.08437567","","","Pat:43:99985","Level 0","Z"
"at:43:99986:0:1","Marchegg Tarifpunkt","48.24133079","16.94590935","","","Pat:43:99986","Level 0","1"
"at:43:99986:1","ZU","48.24145643","16.94526256","","","Pat:43:99986","Level 0",""
"at:43:99987:0:1","TP Unterretzbach(Gr)","48.77362961","16.01457200","","","Pat:43:99987","Level 0","1"
"at:44:40156:0:1","Neumarkt-Kallham Bahnhof","48.27176785","13.72584432","","","Pat:44:40156","Level 0","1"
"at:44:40156:0:2","Neumarkt-Kallham Bahnhof","48.27153466","13.72491905","","","Pat:44:40156","Level 0","2"
"at:44:40156:0:3","Neumarkt-Kallham Bahnhof","48.27146889","13.72493702","","","Pat:44:40156","Level 0","3"
"at:44:40156:0:4","Neumarkt-Kallham Bahnhof","48.27126560","13.72423633","","","Pat:44:40156","Level 0","4"
"at:44:40156:0:5","Neumarkt-Kallham Bahnhof","48.27120581","13.72425430","","","Pat:44:40156","Level 0","5"
"at:44:40156:4","Standard + SEV","48.27189939","13.72537719","","","Pat:44:40156","Level 0",""
"at:44:40156:5","Zugang Nord","48.27184558","13.72506278","","2","Pat:44:40156","Level 0",""
"at:44:40156:6","Zugang Süd","48.27127756","13.72549397","","2","Pat:44:40156","Level 0",""
"at:44:40156:7","Unterführung","48.27146889","13.72519753","","3","Pat:44:40156","Level -1",""
"at:44:40156:8","Bike and Ride Nord","48.27184558","13.72535024","","3","Pat:44:40156","Level 0",""
"at:44:40156:9","Park and Ride","48.27152270","13.72371531","","3","Pat:44:40156","Level 0",""
"at:44:40179:0:1","Lengau Bahnhst","48.00821724","13.22010179","","","Pat:44:40179","Level 0","1"
"at:44:40179:0:21","Lengau Bahnhst","48.00867400","13.21993111","","","Pat:44:40179","Level 0","21"
"at:44:40179:2","Zugang 1","48.00861390","13.21972450","","2","Pat:44:40179","Level 0",""
"at:44:40179:3","Bike and Ride","48.00858385","13.21994010","","3","Pat:44:40179","Level 0",""
"at:44:40179:5","Park+Ride","48.00858385","13.22001196","","3","Pat:44:40179","Level 0",""
"at:44:40222:0:1","Perg Schulzentrum Bahnhst","48.24246152","14.64062572","","","Pat:44:40222","Level 0","1"
"at:44:40222:2","Standard + SEV","48.24240768","14.64041911","","","Pat:44:40222","Level 0",""
"at:44:40222:3","Park and Ride","48.24221623","14.64028436","","3","Pat:44:40222","Level 0",""
"at:44:40222:4","Bike and Ride","48.24232990","14.64041012","","3","Pat:44:40222","Level 0",""
"at:44:40222:5","Zugang","48.24251536","14.64001487","","2","Pat:44:40222","Level 0",""
"at:44:41027:0:1","Linz Pichling","48.24287432","14.37911716","","","Pat:44:41027","Level 1","1"
"at:44:41027:0:2","Linz Pichling","48.24292816","14.37916207","","","Pat:44:41027","Level 1","2"
"at:44:41027:2","Zugang 2 Süd","48.24219230","14.38094972","","2","Pat:44:41027","Level 0",""
"at:44:41027:3","Zugang 3 Nord","48.24252733","14.38120125","","2","Pat:44:41027","Level 0",""
"at:44:41027:5","Raffelstettner Str.","48.24212051","14.38088684","","","Pat:44:41027","Level 0",""
"at:44:41027:6","Park and Ride","48.24195898","14.38019514","","3","Pat:44:41027","Level 0",""
"at:44:41027:7","Zugang 1 Süd","48.24265296","14.37935072","","2","Pat:44:41027","Level 0",""
"at:44:41027:8","Zugang 4 Nord","48.24305977","14.37975496","","2","Pat:44:41027","Level 0",""
"at:44:41060:0:1","Linz/Donau Franckstraße Bahnhof","48.28587077","14.32399653","","","Pat:44:41060","Level 0","1"
"at:44:41060:0:2","Linz/Donau Franckstraße Bahnhof","48.28582295","14.32397857","","","Pat:44:41060","Level 0","2"
"at:44:41060:2","Zugang Nord","48.28633103","14.32300838","","2","Pat:44:41060","Level 0",""
"at:44:41060:3","Unterführung","48.28606205","14.32352941","","3","Pat:44:41060","Level -1",""
"at:44:41060:4","Zugang Süd","48.28502195","14.32331381","","2","Pat:44:41060","Level 0",""
"at:44:41060:5","Aufgelassen","48.28589468","14.32345754","","3","Pat:44:41060","Level -1",""
"at:44:41072:0:1","Leonding Westbahn Bahnhof","48.27400401","14.25271521","","","Pat:44:41072","Level 0","1"
"at:44:41072:0:2","Leonding Westbahn Bahnhof","48.27407576","14.25541016","","","Pat:44:41072","Level 0","2"
"at:44:41072:3","Zugang Süd","48.27387845","14.25398184","","2","Pat:44:41072","Level 0",""
"at:44:41072:4","Unterführung","48.27403989","14.25399082","","3","Pat:44:41072","Level -1",""
"at:44:41072:5","Zugang Nord","48.27411163","14.25410760","","2","Pat:44:41072","Level 0",""
"at:44:41072:6","B+R Süd","48.27390835","14.25391896","","3","Pat:44:41072","Level 0",""
"at:44:41072:7","SEV für Bahnhof","48.27508020","14.25359556","","","Pat:44:41072","Level 0",""
"at:44:41121:0:1","Linz Ebelsberg","48.25196698","14.34673289","","","Pat:44:41121","Level 1","1"
"at:44:41121:0:2","Linz Ebelsberg","48.25203278","14.34674187","","","Pat:44:41121","Level 1","2"
"at:44:41121:1","Straßenbahn","48.25195502","14.34756832","","","Pat:44:41121","Level 0",""
"at:44:41121:3","Zugang","48.25198493","14.34746951","","2","Pat:44:41121","Level 0",""
"at:44:41121:4","Standard + SEV","48.25213447","14.34783782","","","Pat:44:41121","Level 0",""
"at:44:41121:5","Bike and Ride","48.25175165","14.34740663","","3","Pat:44:41121","Level 0",""
"at:44:41121:6","Park and Ride","48.25244550","14.34731680","","3","Pat:44:41121","Level 0",""
"at:44:41164:0:1","Linz/Donau Hauptbahnhof 1","48.29099922","14.29198057","","","Pat:44:41164","Level 0","1"
"at:44:41164:0:10","Linz/Donau Hauptbahnhof 10","48.29010268","14.29225905","","","Pat:44:41164","Level 0","10"
"at:44:41164:0:11","Linz/Donau Hauptbahnhof 11","48.29006084","14.29235787","","","Pat:44:41164","Level 0","11"
"at:44:41164:0:12","Linz/Donau Hauptbahnhof 12","48.29003095","14.29242973","","","Pat:44:41164","Level 0","12"
"at:44:41164:0:2","Linz/Donau Hauptbahnhof 2","48.29096934","14.29206142","","","Pat:44:41164","Level 0","2"
"at:44:41164:0:21","Linz/Donau Hauptbahnhof 21","48.29148933","14.29229499","","","Pat:44:41164","Level 0","21"
"at:44:41164:0:22","Linz/Donau Hauptbahnhof 22","48.29144151","14.29239380","","","Pat:44:41164","Level 0","22"
"at:44:41164:0:3","Linz/Donau Hauptbahnhof 3","48.29033578","14.29163921","","","Pat:44:41164","Level 0","3"
"at:44:41164:0:4","Linz/Donau Hauptbahnhof 4","48.29030589","14.29172006","","","Pat:44:41164","Level 0","4"
"at:44:41164:0:5","Linz/Donau Hauptbahnhof 5","48.29026406","14.29182786","","","Pat:44:41164","Level 0","5"
"at:44:41164:0:6","Linz/Donau Hauptbahnhof 6","48.29023417","14.29189973","","","Pat:44:41164","Level 0","6"
"at:44:41164:0:7","Linz/Donau Hauptbahnhof 7","48.29019831","14.29199854","","","Pat:44:41164","Level 0","7"
"at:44:41164:0:8","Linz/Donau Hauptbahnhof 8","48.29016842","14.29207939","","","Pat:44:41164","Level 0","8"
"at:44:41164:0:9","Linz/Donau Hauptbahnhof 9","48.29013256","14.29217820","","","Pat:44:41164","Level 0","9"
"at:44:41164:1","Straßenbahn Ri Süd","48.29082589","14.29150447","","","Pat:44:41164","Level -2",""
"at:44:41164:10","Kaerntnerstr","48.29126818","14.29037259","","","Pat:44:41164","Level 0",""
"at:44:41164:11","Zug Linz Linien","48.29097531","14.29199854","","","Pat:44:41164","Level 0",""
"at:44:41164:14","Bike+Ride","48.29120841","14.29088463","","3","Pat:44:41164","Level 0",""
"at:44:41164:15","Straßenbahn Ri Nord","48.29090957","14.29157633","","","Pat:44:41164","Level -2",""
"at:44:41164:16","Zwischengeschoss B+Z","48.29065854","14.29142362","","3","Pat:44:41164","Level -1",""
"at:44:41164:17","Zugang Busterminal","48.29150726","14.29197159","","2","Pat:44:41164","Level 0",""
"at:44:41164:7","Busterminal","48.29195552","14.29217820","","","Pat:44:41164","Level 0",""
"at:44:41164:8","Haupteingang HBF+SEV","48.29077808","14.29099243","","","Pat:44:41164","Level 0",""
"at:44:41164:9","Zugang 2","48.29158496","14.29081276","","2","Pat:44:41164","Level 0",""
"at:44:41224:0:1","Linz/Donau Oed Bahnhst","48.26525612","14.27649362","","","Pat:44:41224","Level 0","1"
"at:44:41224:0:2","Linz/Donau Oed Bahnhst","48.26525014","14.27643074","","","Pat:44:41224","Level 0","2"
"at:44:41224:2","Unterführung","48.26432324","14.27675413","","3","Pat:44:41224","Level -1",""
"at:44:41224:3","Zugang","48.26422158","14.27696074","","2","Pat:44:41224","Level 0",""
"at:44:41224:4","Bike+Ride","48.26444882","14.27693379","","3","Pat:44:41224","Level 0",""
"at:44:41272:0:1","Linz/Donau Urfahr Bahnhof","48.31188428","14.27927840","","","Pat:44:41272","Level 0","1"
"at:44:41272:0:2","Linz/Donau Urfahr Bahnhof","48.31192013","14.27924246","","","Pat:44:41272","Level 0","2"
"at:44:41272:2","Bus Schienenersat","48.31221288","14.28043722","","","Pat:44:41272","Level 0",""
"at:44:41272:3","Bike and Ride","48.31209339","14.28024858","","3","Pat:44:41272","Level 0",""
"at:44:41272:5","Zugang","48.31201572","14.27987128","","2","Pat:44:41272","Level 0",""
"at:44:41298:0:1","Linz/Donau Wegscheid Bahnhof","48.24916159","14.27553242","","","Pat:44:41298","Level 0","1"
"at:44:41298:0:2","Linz/Donau Wegscheid Bahnhof","48.24916159","14.27546056","","","Pat:44:41298","Level 0","2"
"at:44:41298:2","Zugang 1","48.24965210","14.27621514","","2","Pat:44:41298","Level 0",""
"at:44:41298:3","Unterführung","48.24962219","14.27576598","","3","Pat:44:41298","Level -1",""
"at:44:41298:4","Park+Ride","48.24969995","14.27633192","","3","Pat:44:41298","Level 0",""
"at:44:41298:5","Bike+Ride","48.24948461","14.27614328","","3","Pat:44:41298","Level 0",""
"at:44:41298:6","Bus Schienenersat","48.24959228","14.27621514","","","Pat:44:41298","Level 0",""
"at:44:41500:0:1","Pasching b.Linz Bahnhst","48.25694334","14.20839234","","","Pat:44:41500","Level 0","1"
"at:44:41500:0:2","Pasching b.Linz Bahnhst","48.25699119","14.20831149","","","Pat:44:41500","Level 0","2"
"at:44:41500:3","Zugang Süd","48.25712875","14.20896726","","2","Pat:44:41500","Level 0",""
"at:44:41500:4","Unterführung","48.25746966","14.20914692","","3","Pat:44:41500","Level -1",""
"at:44:41500:5","Bike and Ride Süd","48.25706894","14.20888641","","2","Pat:44:41500","Level 0",""
"at:44:41500:6","Bike and Ride Nord","48.25709286","14.20841929","","3","Pat:44:41500","Level 0",""
"at:44:41500:7","Zugang West","48.25703903","14.20836539","","2","Pat:44:41500","Level 0",""
"at:44:41500:8","Park and Ride","48.25706894","14.20903014","","3","Pat:44:41500","Level 0",""
"at:44:41500:9","Zugang Ost","48.25723042","14.20953320","","2","Pat:44:41500","Level 0",""
"at:44:41501:0:1","Hörsching Bahnhst","48.24606292","14.18717413","","","Pat:44:41501","Level 0","1"
"at:44:41501:0:2","Hörsching Bahnhst","48.24542880","14.18553920","","","Pat:44:41501","Level 0","2"
"at:44:41501:3","Standard","48.24544077","14.18630276","","","Pat:44:41501","Level 0",""
"at:44:41501:4","Park and Ride","48.24585354","14.18697650","","3","Pat:44:41501","Level 0",""
"at:44:41501:5","Bike and Ride","48.24536898","14.18619497","","3","Pat:44:41501","Level 0",""
"at:44:41501:6","Unterführung","48.24551853","14.18593446","","3","Pat:44:41501","Level -1",""
"at:44:41501:7","Zugang 1","48.24569800","14.18682379","","2","Pat:44:41501","Level 0",""
"at:44:41501:8","Zugang Nordseite","48.24563220","14.18557513","","2","Pat:44:41501","Level 0",""
"at:44:41570:0:1","Oftering Bahnhst","48.22826284","14.15247221","","","Pat:44:41570","Level 0","1"
"at:44:41570:0:2","Oftering Bahnhst","48.22831670","14.15241831","","","Pat:44:41570","Level 0","2"
"at:44:41570:10","Zugang Nord","48.22804741","14.15184339","","2","Pat:44:41570","Level 0",""
"at:44:41570:3","Standard","48.22832268","14.14945387","","","Pat:44:41570","Level 0",""
"at:44:41570:4","Unterführung","48.22751480","14.15095406","","3","Pat:44:41570","Level -1",""
"at:44:41570:5","Bike+Ride 1","48.22795764","14.15155593","","3","Pat:44:41570","Level 0",""
"at:44:41570:6","Park+Ride 1","48.22778410","14.15070253","","3","Pat:44:41570","Level 0",""
"at:44:41570:7","Park+Ride 2","48.22818505","14.15197814","","3","Pat:44:41570","Level 0",""
"at:44:41570:9","Zugang Süd","48.22761055","14.15125949","","2","Pat:44:41570","Level 0",""
"at:44:41600:0:1","Traun OÖ Bahnhof","48.22600074","14.25406269","","","Pat:44:41600","Level 0","1"
"at:44:41600:0:2","Traun OÖ Bahnhof","48.22622217","14.25440405","","","Pat:44:41600","Level 0","2"
"at:44:41600:0:3","Traun OÖ Bahnhof","48.22619225","14.25446693","","","Pat:44:41600","Level 0","3"
"at:44:41600:10","Bus SEV","48.22531252","14.25305657","","","Pat:44:41600","Level 0",""
"at:44:41600:11","Park and Ride","48.22574341","14.25357760","","3","Pat:44:41600","Level 0",""
"at:44:41600:12","Bike and Ride","48.22568955","14.25250860","","3","Pat:44:41600","Level 0",""
"at:44:41600:13","Bike and Ride","48.22581522","14.25349675","","3","Pat:44:41600","Level 0",""
"at:44:41600:14","Zugang3","48.22561773","14.25262538","","2","Pat:44:41600","Level 0",""
"at:44:41600:15","Zugang4","48.22581522","14.25375726","","2","Pat:44:41600","Level 0",""
"at:44:41600:16","Zugang5","48.22673085","14.25464659","","2","Pat:44:41600","Level 0",""
"at:44:41600:18","Zugang6","48.22756268","14.25536524","","2","Pat:44:41600","Level 0",""
"at:44:41600:19","Zugang7","48.22739512","14.25588627","","2","Pat:44:41600","Level 0",""
"at:44:41600:3","Bus Fürstenstr.","48.22607256","14.25196063","","","Pat:44:41600","Level 0",""
"at:44:41600:4","Bus Roithner","48.22593491","14.25259843","","","Pat:44:41600","Level 0",""
"at:44:41600:6","Park and Ride","48.22501329","14.25252657","","3","Pat:44:41600","Level 0",""
"at:44:41600:7","Unterführung","48.22730535","14.25548202","","3","Pat:44:41600","Level -1",""
"at:44:41600:8","Zugang1","48.22537236","14.25319132","","2","Pat:44:41600","Level 0",""
"at:44:41600:9","Zugang2","48.22705401","14.25546406","","2","Pat:44:41600","Level 0",""
"at:44:41601:0:1","Traun OÖ St.Martin Bahnhst","48.23651447","14.26490535","","","Pat:44:41601","Level 0","1"
"at:44:41601:0:2","Traun OÖ St.Martin Bahnhst","48.23656832","14.26486044","","","Pat:44:41601","Level 0","2"
"at:44:41601:3","Zugang Süd","48.23635292","14.26478857","","2","Pat:44:41601","Level 0",""
"at:44:41601:4","Unterführung","48.23649054","14.26477959","","3","Pat:44:41601","Level -1",""
"at:44:41601:5","Zugang Nord","48.23668799","14.26458196","","2","Pat:44:41601","Level 0",""
"at:44:41601:6","B+R Süd","48.23633497","14.26480654","","3","Pat:44:41601","Level 0",""
"at:44:41601:7","B+R Nord","48.23643070","14.26416873","","3","Pat:44:41601","Level 0",""
"at:44:41602:0:1","Ansfelden Bahnhof","48.20930718","14.26105158","","","Pat:44:41602","Level 0","1"
"at:44:41602:0:2","Ansfelden Bahnhof","48.20930718","14.26115039","","","Pat:44:41602","Level 0","2"
"at:44:41602:12","Bike and Ride","48.20866064","14.26154565","","3","Pat:44:41602","Level 0",""
"at:44:41602:2","Schärf-Straße","48.20784048","14.25920105","","","Pat:44:41602","Level 0",""
"at:44:41602:3","Industriestr.","48.20909766","14.25978495","","","Pat:44:41602","Level 0",""
"at:44:41602:4","Unterführung","48.20867261","14.26110548","","3","Pat:44:41602","Level -1",""
"at:44:41602:5","Park and Ride","48.20870255","14.26061140","","3","Pat:44:41602","Level 0",""
"at:44:41602:6","Bike and Ride","48.20860078","14.26088090","","3","Pat:44:41602","Level 0",""
"at:44:41602:7","Schienenersatzv.","48.20892405","14.26083598","","","Pat:44:41602","Level 0",""
"at:44:41602:8","Zugang 1","48.20849900","14.26113243","","2","Pat:44:41602","Level 0",""
"at:44:41740:0:1","Nettingsdorf Bahnhof","48.18966179","14.25831172","","","Pat:44:41740","Level 0","1"
"at:44:41740:0:2","Nettingsdorf Bahnhof","48.18926653","14.25859020","","","Pat:44:41740","Level 0","2"
"at:44:41740:0:3","Nettingsdorf Bahnhof","48.18928450","14.25866206","","","Pat:44:41740","Level 0","3"
"at:44:41740:3","Bus","48.18839216","14.25862613","","","Pat:44:41740","Level 0",""
"at:44:41740:4","Zugang 1","48.18973366","14.25803324","","2","Pat:44:41740","Level 0",""
"at:44:41740:5","Unterführung","48.18936235","14.25848240","","3","Pat:44:41740","Level -1",""
"at:44:41740:6","Park and Ride Nord","48.18982349","14.25811409","","3","Pat:44:41740","Level 0",""
"at:44:41740:7","Bike and Ride","48.18918269","14.25846443","","3","Pat:44:41740","Level 0",""
"at:44:41740:8","Park and Ride Süd","48.18921263","14.25833867","","3","Pat:44:41740","Level 0",""
"at:44:41740:9","Zugang 2","48.18932043","14.25823985","","2","Pat:44:41740","Level 0",""
"at:44:41760:0:1","Nöstlbach-St.Marien Bahnhst","48.16347220","14.24607666","","","Pat:44:41760","Level 0","1"
"at:44:41760:2","Bus","48.16390960","14.24626531","","","Pat:44:41760","Level 0",""
"at:44:41760:3","Bike and Ride","48.16401146","14.24637311","","3","Pat:44:41760","Level 0",""
"at:44:41760:4","Park and Ride","48.16397551","14.24615751","","3","Pat:44:41760","Level 0",""
"at:44:41760:5","Zugang","48.16398150","14.24629226","","2","Pat:44:41760","Level 0",""
"at:44:41761:0:1","Neuhofen/Krems Bahnhof","48.13601028","14.23834217","","","Pat:44:41761","Level 0","1"
"at:44:41761:0:2","Neuhofen/Krems Bahnhof","48.13550070","14.23831522","","","Pat:44:41761","Level 0","2"
"at:44:41761:2","Bus","48.13634000","14.23807267","","","Pat:44:41761","Level 0",""
"at:44:41761:3","Park and Ride","48.13580045","14.23787505","","3","Pat:44:41761","Level 0",""
"at:44:41761:4","Bike and Ride Süd","48.13578247","14.23813556","","3","Pat:44:41761","Level 0",""
"at:44:41761:5","Bike and Ride Nord","48.13644192","14.23830624","","3","Pat:44:41761","Level 0",""
"at:44:41761:6","Zugang","48.13626207","14.23830624","","2","Pat:44:41761","Level 0",""
"at:44:41770:0:1","Kematen/Krems-Piberbach Bahnhof","48.11357194","14.20377500","","","Pat:44:41770","Level 0","1"
"at:44:41770:0:2","Kematen/Krems-Piberbach Bahnhof","48.11354795","14.20381991","","","Pat:44:41770","Level 0","2"
"at:44:41770:2","Zugang 1","48.11298417","14.20284973","","2","Pat:44:41770","Level 0",""
"at:44:41770:3","Bike+Ride","48.11330805","14.20318211","","3","Pat:44:41770","Level 0",""
"at:44:41770:4","Park+Ride","48.11324807","14.20275990","","3","Pat:44:41770","Level 0",""
"at:44:41770:5","Bus Schienenersat","48.11289420","14.20249939","","","Pat:44:41770","Level 0",""
"at:44:41900:0:1","Asten-Fisching","48.22734126","14.42727584","","","Pat:44:41900","Level 0","1"
"at:44:41900:0:2","Asten-Fisching","48.22740709","14.42732974","","","Pat:44:41900","Level 0","2"
"at:44:41900:3","Einsiedlstraße","48.22611445","14.42925213","","","Pat:44:41900","Level 0",""
"at:44:41900:4","Park and Ride","48.22686849","14.42755432","","3","Pat:44:41900","Level 0",""
"at:44:41900:5","Zugang 1","48.22708393","14.42759923","","2","Pat:44:41900","Level 0",""
"at:44:41900:6","Vorplatz","48.22710787","14.42745550","","","Pat:44:41900","Level 0",""
"at:44:41900:7","Unterführung","48.22728740","14.42748245","","3","Pat:44:41900","Level -1",""
"at:44:41900:8","B and Ride","48.22695227","14.42773398","","3","Pat:44:41900","Level 0",""
"at:44:41910:0:1","Enns Bahnhof","48.22109918","14.46708019","","","Pat:44:41910","Level 0","1"
"at:44:41910:0:2","Enns Bahnhof","48.22130268","14.46706222","","","Pat:44:41910","Level 0","2"
"at:44:41910:10","Zugang 2","48.22090167","14.46667595","","2","Pat:44:41910","Level 0",""
"at:44:41910:11","Unterführung 2","48.22114108","14.46669391","","3","Pat:44:41910","Level -1",""
"at:44:41910:3","bus","48.22043483","14.46596628","","","Pat:44:41910","Level 0",""
"at:44:41910:4","Bike+Ride","48.22094956","14.46752036","","3","Pat:44:41910","Level 0",""
"at:44:41910:5","Park+Ride 1","48.22089569","14.46560695","","3","Pat:44:41910","Level 0",""
"at:44:41910:6","Park+Ride 2","48.22063833","14.46531949","","3","Pat:44:41910","Level 0",""
"at:44:41910:7","Park+Ride 3","48.22093758","14.46811325","","3","Pat:44:41910","Level 0",""
"at:44:41910:8","Zugang1","48.22163185","14.46790664","","2","Pat:44:41910","Level 0",""
"at:44:41910:9","Unterführung 1","48.22127275","14.46755630","","3","Pat:44:41910","Level -1",""
"at:44:42107:0:1","Wels Hauptbahnhof","48.16570111","14.02624095","","","Pat:44:42107","Level 0","1"
"at:44:42107:0:11","Wels Hauptbahnhof","48.16532963","14.02517195","","","Pat:44:42107","Level 0","11"
"at:44:42107:0:12","Wels Hauptbahnhof","48.16538955","14.02567501","","","Pat:44:42107","Level 0","12"
"at:44:42107:0:2","Wels Hauptbahnhof","48.16606659","14.02717520","","","Pat:44:42107","Level 0","2"
"at:44:42107:0:3","Wels Hauptbahnhof","48.16610853","14.02714825","","","Pat:44:42107","Level 0","3"
"at:44:42107:0:4","Wels Hauptbahnhof","48.16624035","14.02712130","","","Pat:44:42107","Level 0","4"
"at:44:42107:0:5","Wels Hauptbahnhof","48.16619242","14.02715723","","","Pat:44:42107","Level 0","5"
"at:44:42107:0:6","Wels Hauptbahnhof","48.16627630","14.02696858","","","Pat:44:42107","Level 0","6"
"at:44:42107:0:8","Wels Hauptbahnhof","48.16636617","14.02691468","","","Pat:44:42107","Level 0","8"
"at:44:42107:10","Bik+Ride Nord1","48.16667173","14.02659129","","3","Pat:44:42107","Level 0",""
"at:44:42107:11","taxi","48.16577301","14.02754350","","3","Pat:44:42107","Level 0",""
"at:44:42107:12","Park+Ride1","48.16634220","14.02561213","","3","Pat:44:42107","Level 0",""
"at:44:42107:15","Zugang 3","48.16532364","14.02702248","","2","Pat:44:42107","Level 0",""
"at:44:42107:16","Park+Ride Parkhaus","48.16754049","14.02942098","","3","Pat:44:42107","Level 0",""
"at:44:42107:5","Zugang 1","48.16549739","14.02683384","","2","Pat:44:42107","Level 0",""
"at:44:42107:6","Zugang 2","48.16664777","14.02610620","","2","Pat:44:42107","Level 0",""
"at:44:42107:7","Überführung","48.16606659","14.02647451","","3","Pat:44:42107","Level 1",""
"at:44:42107:8","Bike+Ride Süd1","48.16541351","14.02619603","","3","Pat:44:42107","Level 0",""
"at:44:42107:9","Bike+Ride Süd2","48.16597672","14.02801961","","3","Pat:44:42107","Level 0",""
"at:44:42146:0:2","Wels Lokalbahn Bahnhof","48.15661708","14.01729373","","","Pat:44:42146","Level 0","2"
"at:44:42146:2","Zugang1","48.15662308","14.01766204","","2","Pat:44:42146","Level 0",""
"at:44:42146:3","Vorplatz","48.15661109","14.01789560","","","Pat:44:42146","Level 0",""
"at:44:42268:0:1","Wels Messe Bahnhof","48.15245203","14.01964731","","","Pat:44:42268","Level 1","1"
"at:44:42268:2","Zugang Nord","48.15294347","14.01945867","","2","Pat:44:42268","Level 0",""
"at:44:42268:3","Zugang Süd","48.15242207","14.02045580","","2","Pat:44:42268","Level 0",""
"at:44:42300:0:1","Marchtrenk Bahnhof","48.19954231","14.09665988","","","Pat:44:42300","Level 0","11"
"at:44:42300:0:2","Marchtrenk Bahnhof","48.20108709","14.09992077","","","Pat:44:42300","Level 0","2"
"at:44:42300:10","Park and Ride 2","48.20176966","14.10054060","","3","Pat:44:42300","Level 0",""
"at:44:42300:11","Park and Ride 3","48.19997342","14.09696531","","3","Pat:44:42300","Level 0",""
"at:44:42300:12","Bus und SEV","48.20131462","14.09940873","","","Pat:44:42300","Level 0",""
"at:44:42300:13","Zugang 3","48.20033267","14.09741447","","2","Pat:44:42300","Level 0",""
"at:44:42300:14","Zugang 4","48.19958423","14.09634547","","2","Pat:44:42300","Level 0",""
"at:44:42300:3","Bus","48.20079371","14.09981297","","","Pat:44:42300","Level 0",""
"at:44:42300:4","Zugang 1","48.20103321","14.09892364","","2","Pat:44:42300","Level 0",""
"at:44:42300:5","Zugang 2","48.20067396","14.09950754","","2","Pat:44:42300","Level 0",""
"at:44:42300:6","Unterführung","48.20095537","14.09940873","","3","Pat:44:42300","Level -1",""
"at:44:42300:7","Bike and Ride 1","48.20114098","14.09906737","","3","Pat:44:42300","Level 0",""
"at:44:42300:8","Bike and Ride 2","48.20076976","14.10001958","","3","Pat:44:42300","Level 0",""
"at:44:42300:9","Park and Ride 1","48.20050631","14.09977704","","3","Pat:44:42300","Level 0",""
"at:44:42390:0:1","Kremsmünster Bahnhof","48.05302594","14.14019224","","","Pat:44:42390","Level 0","1"
"at:44:42390:0:2","Kremsmünster Bahnhof","48.05298991","14.14023716","","","Pat:44:42390","Level 0","2"
"at:44:42390:0:21","Kremsmünster Bahnhof","48.05341024","14.14079411","","","Pat:44:42390","Level 0","21"
"at:44:42390:0:22","Kremsmünster Bahnhof","48.05328414","14.14050665","","","Pat:44:42390","Level 0","22"
"at:44:42390:3","Park+Ride","48.05314003","14.13944664","","3","Pat:44:42390","Level 0",""
"at:44:42390:4","Bike+Ride","48.05321809","14.14031801","","3","Pat:44:42390","Level 0",""
"at:44:42390:5","Zugang","48.05322410","14.14015631","","2","Pat:44:42390","Level 0",""
"at:44:42410:0:1","Schauersberg Bahnhst","48.13593234","14.00865193","","","Pat:44:42410","Level 1","1"
"at:44:42410:2","Bike and Ride","48.13583642","14.00855312","","3","Pat:44:42410","Level 0",""
"at:44:42410:3","Park and Ride","48.13575249","14.00858007","","3","Pat:44:42410","Level 0",""
"at:44:42410:4","Zugang Süd","48.13569254","14.00866092","","2","Pat:44:42410","Level 0",""
"at:44:42410:5","SEV","48.13575849","14.00848125","","","Pat:44:42410","Level 0",""
"at:44:42410:6","Zugang Nord","48.13613018","14.00839142","","2","Pat:44:42410","Level 0",""
"at:44:42411:0:1","Steinhaus b.Wels Bahnhst","48.11922143","14.01794051","","","Pat:44:42411","Level 0","1"
"at:44:42411:0:2","Steinhaus b.Wels Bahnhst","48.11919744","14.01803035","","","Pat:44:42411","Level 0","2"
"at:44:42411:2","Bike and Ride","48.11917345","14.01778780","","3","Pat:44:42411","Level 0",""
"at:44:42411:3","Park and Ride","48.11891558","14.01802136","","3","Pat:44:42411","Level 0",""
"at:44:42411:4","Zugang","48.11912547","14.01785068","","2","Pat:44:42411","Level 0",""
"at:44:42411:5","SEV","48.11899954","14.01788662","","","Pat:44:42411","Level 0",""
"at:44:42412:0:1","Oberhart b.Steinhaus Bahnhst","48.10395080","14.03920364","","","Pat:44:42412","Level 0","1"
"at:44:42412:2","Standard + SEV","48.10273303","14.03959890","","","Pat:44:42412","Level 0",""
"at:44:42412:3","Zugang Nord","48.10416076","14.03929347","","2","Pat:44:42412","Level 0",""
"at:44:42412:4","Zugang Süd","48.10362686","14.03941025","","2","Pat:44:42412","Level 0",""
"at:44:42430:0:1","Unterhart b.Sattledt Bahnhst","48.08909567","14.04264418","","","Pat:44:42430","Level 0","1"
"at:44:42430:2","Zugang","48.08934169","14.04247350","","2","Pat:44:42430","Level 0",""
"at:44:42430:3","Standard + SEV","48.08958171","14.04316521","","","Pat:44:42430","Level 0",""
"at:44:42431:0:1","Sattledt Bahnhof","48.07406219","14.05807724","","","Pat:44:42431","Level 0","1"
"at:44:42431:0:2","Sattledt Bahnhof","48.07414022","14.05795148","","","Pat:44:42431","Level 0","2"
"at:44:42431:2","Standard + SEV","48.07394214","14.05759215","","","Pat:44:42431","Level 0",""
"at:44:42431:3","Bike and Ride","48.07394214","14.05803233","","3","Pat:44:42431","Level 0",""
"at:44:42431:4","Park and Ride","48.07386411","14.05782571","","3","Pat:44:42431","Level 0",""
"at:44:42431:5","Zugang","48.07406219","14.05783470","","2","Pat:44:42431","Level 0",""
"at:44:42451:0:1","Großendorf Bahnhst","48.03879879","14.05569671","","","Pat:44:42451","Level 0","1"
"at:44:42451:2","Park and Ride","48.03857655","14.05552603","","3","Pat:44:42451","Level 0",""
"at:44:42451:3","Bike and Ride","48.03869068","14.05557094","","3","Pat:44:42451","Level 0",""
"at:44:42451:4","Landesstraße","48.03852250","14.05521162","","","Pat:44:42451","Level 0",""
"at:44:42451:5","Zugang","48.03877476","14.05558891","","2","Pat:44:42451","Level 0",""
"at:44:42452:0:1","Ried im Traunkreis Wiesmühle Bahnhst","48.02177390","14.04370420","","","Pat:44:42452","Level 1","1"
"at:44:42452:2","Zugang","48.02219448","14.04408149","","2","Pat:44:42452","Level 0",""
"at:44:42452:3","Bundesstraße","48.01934045","14.06034998","","","Pat:44:42452","Level 0",""
"at:44:42453:0:1","Voitsdorf Bahnhst","48.01248413","14.04710881","","","Pat:44:42453","Level 0","1"
"at:44:42453:0:2","Voitsdorf Bahnhst","48.01249014","14.04703695","","","Pat:44:42453","Level 0","2"
"at:44:42453:2","Bike and Ride","48.01236394","14.04715373","","3","Pat:44:42453","Level 0",""
"at:44:42453:3","Zugang","48.01222572","14.04705491","","2","Pat:44:42453","Level 0",""
"at:44:42453:4","Park and Ride","48.01233990","14.04727949","","3","Pat:44:42453","Level 0",""
"at:44:42453:5","Nr.28","48.01156467","14.04819577","","","Pat:44:42453","Level 0",""
"at:44:42750:0:1","Gunskirchen Bahnhof","48.13222727","13.94532969","","","Pat:44:42750","Level 0","1"
"at:44:42750:0:2","Gunskirchen Bahnhof","48.13210136","13.94548240","","","Pat:44:42750","Level 0","2"
"at:44:42750:10","Park+Ride2","48.13210136","13.94499731","","3","Pat:44:42750","Level 0",""
"at:44:42750:3","Standard","48.13276086","13.94566207","","","Pat:44:42750","Level 0",""
"at:44:42750:4","Bike+Ride1","48.13256901","13.94551834","","3","Pat:44:42750","Level 0",""
"at:44:42750:5","Zugang1","48.13270691","13.94585970","","2","Pat:44:42750","Level 0",""
"at:44:42750:6","Unterführung","48.13243112","13.94585970","","3","Pat:44:42750","Level -1",""
"at:44:42750:7","Park+Ride1","48.13306663","13.94636275","","3","Pat:44:42750","Level 0",""
"at:44:42750:8","Zugang 2","48.13237116","13.94624597","","2","Pat:44:42750","Level 0",""
"at:44:42790:0:2","Lambach OÖ Bahnhof","48.09414786","13.88861006","","","Pat:44:42790","Level 0","2"
"at:44:42790:0:3","Lambach OÖ Bahnhof","48.09418986","13.88855616","","","Pat:44:42790","Level 0","3"
"at:44:42790:1","Zug Steig 1","48.09386586","13.88836752","","","Pat:44:42790","Level 0",""
"at:44:42790:3","Standard + SEV","48.09377586","13.88876278","","","Pat:44:42790","Level 0",""
"at:44:42790:4","Zugang1","48.09369786","13.88867294","","2","Pat:44:42790","Level 0",""
"at:44:42790:5","Unterführung","48.09425586","13.88885261","","3","Pat:44:42790","Level -1",""
"at:44:42790:6","Park and Ride1","48.09426185","13.88983177","","3","Pat:44:42790","Level 0",""
"at:44:42790:7","Bike and Ride1","48.09414786","13.88964313","","3","Pat:44:42790","Level 0",""
"at:44:42791:0:1","Lambach OÖ Markt Bahnhst","48.09433385","13.87003290","","","Pat:44:42791","Level 0","1"
"at:44:42791:2","Bike+Ride","48.09457385","13.86990714","","3","Pat:44:42791","Level 0",""
"at:44:42791:3","Park+Ride","48.09465785","13.86966459","","3","Pat:44:42791","Level 0",""
"at:44:42791:4","Unterführung","48.09444785","13.86980832","","3","Pat:44:42791","Level -1",""
"at:44:42791:5","Zugang Süd","48.09423786","13.87039223","","2","Pat:44:42791","Level 0",""
"at:44:42791:6","Zugang Nord","48.09461585","13.86982629","","2","Pat:44:42791","Level 0",""
"at:44:42850:0:1","Neukirchen b.Lambach Bahnhst 1","48.09507784","13.83233959","","","Pat:44:42850","Level 0","1"
"at:44:42850:0:2","Neukirchen b.Lambach Bahnhst 2","48.09514983","13.83232163","","","Pat:44:42850","Level 0","2"
"at:44:42850:10","Zugang 2","48.09513183","13.83370503","","2","Pat:44:42850","Level 0",""
"at:44:42850:3","Standrad","48.09541383","13.83202518","","","Pat:44:42850","Level 0",""
"at:44:42850:4","Unterführung","48.09511984","13.83239349","","3","Pat:44:42850","Level -1",""
"at:44:42850:5","Park+Ride","48.09548582","13.83268095","","3","Pat:44:42850","Level 0",""
"at:44:42850:6","Bike and Ride Süd","48.09516183","13.83378588","","3","Pat:44:42850","Level 0",""
"at:44:42850:7","Zugang 1","48.09531783","13.83226773","","2","Pat:44:42850","Level 0",""
"at:44:42850:9","Bike and Ride Nord","48.09525183","13.83223180","","3","Pat:44:42850","Level 0",""
"at:44:42940:0:2","Haiding Bahnhof","48.20991780","13.97472257","","","Pat:44:42940","Level 0","2"
"at:44:42940:0:3","Haiding Bahnhof","48.20989386","13.97465968","","","Pat:44:42940","Level 0","3"
"at:44:42940:1","Zug Steig 1","48.20967236","13.97509088","","","Pat:44:42940","Level 0",""
"at:44:42940:3","Schienenersatzver","48.21011535","13.97501901","","","Pat:44:42940","Level 0",""
"at:44:42940:4","Unterführung","48.20963644","13.97490223","","3","Pat:44:42940","Level -1",""
"at:44:42940:5","Park+Ride","48.20978011","13.97525257","","3","Pat:44:42940","Level 0",""
"at:44:42940:6","Zugang West","48.20945086","13.97476748","","2","Pat:44:42940","Level 0",""
"at:44:42940:7","Zugang Ost","48.20958256","13.97526155","","2","Pat:44:42940","Level 0",""
"at:44:42940:8","Bike+Ride","48.20953467","13.97530647","","3","Pat:44:42940","Level 0",""
"at:44:43005:0:1","Steyr","48.03842639","14.42325139","","","Pat:44:43005","Level 0","1"
"at:44:43005:0:2","Steyr","48.03836633","14.42331427","","","Pat:44:43005","Level 0","2"
"at:44:43005:0:3","Steyr","48.03833029","14.42337715","","","Pat:44:43005","Level 0","3"
"at:44:43005:1","Bus SEV","48.03873272","14.42311664","","","Pat:44:43005","Level 0",""
"at:44:43005:4","Zugang STADT","48.03902103","14.42393411","","2","Pat:44:43005","Level 0",""
"at:44:43005:5","Zugang1","48.03858857","14.42303579","","2","Pat:44:43005","Level 0",""
"at:44:43005:6","Zugang2","48.03733922","14.42326935","","2","Pat:44:43005","Level 0",""
"at:44:43005:7","Zwischengeschoss","48.03816211","14.42300884","","3","Pat:44:43005","Level 1",""
"at:44:43005:8","Park+Ride","48.03881681","14.42315257","","3","Pat:44:43005","Level 0",""
"at:44:43005:9","Unterführung","48.03855253","14.42346698","","3","Pat:44:43005","Level -1",""
"at:44:43133:0:1","Steyr-Münichholz","48.04819191","14.44955406","","","Pat:44:43133","Level 0","1"
"at:44:43133:2","Zugang Vorplatz","48.04762741","14.44916778","","2","Pat:44:43133","Level 0",""
"at:44:43133:3","Zugang Seitenstet","48.04733315","14.44888931","","2","Pat:44:43133","Level 0",""
"at:44:43133:4","Park and Ride 1","48.04721304","14.44880846","","3","Pat:44:43133","Level 0",""
"at:44:43133:5","Bike and Ride","48.04771149","14.44909592","","3","Pat:44:43133","Level 0",""
"at:44:43133:6","Park and Ride 2","48.04750130","14.44896117","","3","Pat:44:43133","Level 0",""
"at:44:43450:0:1","Rohr-Bad Hall Bahnhof","48.06978239","14.19162079","","","Pat:44:43450","Level 0",""
"at:44:43450:0:2","Rohr-Bad Hall Bahnhof","48.06974037","14.19165672","","","Pat:44:43450","Level 0",""
"at:44:43450:2","Bus","48.06911008","14.19072248","","","Pat:44:43450","Level 0",""
"at:44:43450:3","Park and Ride","48.06965633","14.19216876","","3","Pat:44:43450","Level 0",""
"at:44:43450:4","Bike and Ride","48.06936220","14.19127943","","3","Pat:44:43450","Level 0",""
"at:44:43450:5","Zugang","48.06918811","14.19115367","","2","Pat:44:43450","Level 0",""
"at:44:43500:0:1","Kirchdorf/Krems Bahnhof","47.90647689","14.11633299","","","Pat:44:43500","Level 0","1"
"at:44:43500:0:2","Kirchdorf/Krems Bahnhof","47.90612762","14.11632400","","","Pat:44:43500","Level 0","2"
"at:44:43500:0:21","Kirchdorf/Krems Bahnhof","47.90638054","14.11666536","","","Pat:44:43500","Level 0","21"
"at:44:43500:0:22","Kirchdorf/Krems Bahnhof","47.90632634","14.11668333","","","Pat:44:43500","Level 0","22"
"at:44:43500:0:3","Kirchdorf/Krems Bahnhof","47.90611558","14.11625214","","","Pat:44:43500","Level 0","3"
"at:44:43500:4","Bike+Ride1","47.90639860","14.11660248","","3","Pat:44:43500","Level 0",""
"at:44:43500:5","Bike+Ride 2","47.90628419","14.11482382","","3","Pat:44:43500","Level 0",""
"at:44:43500:6","Unterführung","47.90631430","14.11627011","","3","Pat:44:43500","Level -1",""
"at:44:43500:7","Park+Ride","47.90666356","14.11676418","","3","Pat:44:43500","Level 0",""
"at:44:43500:8","Zugang Ost","47.90644075","14.11674621","","2","Pat:44:43500","Level 0",""
"at:44:43500:9","Zugang West","47.90629021","14.11509331","","2","Pat:44:43500","Level 0",""
"at:44:43510:0:1","Micheldorf in OÖ Bahnhof","47.88311309","14.12639412","","","Pat:44:43510","Level 0","1"
"at:44:43510:0:2","Micheldorf in OÖ Bahnhof","47.88310706","14.12630429","","","Pat:44:43510","Level 0","2"
"at:44:43510:0:21","Micheldorf in OÖ Bahnhof A","47.88336612","14.12665463","","","Pat:44:43510","Level 0","A"
"at:44:43510:3","Park+Ride","47.88292030","14.12692412","","3","Pat:44:43510","Level 0",""
"at:44:43510:4","Bike+Ride","47.88346853","14.12626835","","3","Pat:44:43510","Level 0",""
"at:44:43510:5","Zugang","47.88319140","14.12644802","","2","Pat:44:43510","Level 0",""
"at:44:43520:0:1","Schlierbach/Krems Bahnhof","47.93791313","14.11175158","","","Pat:44:43520","Level 1","1"
"at:44:43520:0:2","Schlierbach/Krems Bahnhof","47.93793118","14.11166175","","","Pat:44:43520","Level 1","2"
"at:44:43520:2","bus","47.93628821","14.11123056","","","Pat:44:43520","Level 0",""
"at:44:43520:3","Bike+Ride","47.93631830","14.11123056","","3","Pat:44:43520","Level 0",""
"at:44:43520:4","Bahnsteig","47.93704049","14.11129344","","3","Pat:44:43520","Level 1",""
"at:44:43520:5","Park+Ride","47.93657107","14.11154497","","3","Pat:44:43520","Level 0",""
"at:44:43520:6","Zugang","47.93623404","14.11090716","","2","Pat:44:43520","Level 0",""
"at:44:43521:0:1","Schlierbach/Krems Abzw Bahnhof","47.93659514","14.11712350","","","Pat:44:43521","Level 0","1"
"at:44:43521:0:2","Schlierbach/Krems Abzw Bahnhof","47.93658912","14.11730317","","","Pat:44:43521","Level 0","2"
"at:44:43530:0:1","Nußbach Bahnhst","47.97174803","14.12339375","","","Pat:44:43530","Level 0","1"
"at:44:43530:0:2","Nußbach Bahnhst","47.97169992","14.12331290","","","Pat:44:43530","Level 0","2"
"at:44:43530:3","Bike+Ride","47.97192846","14.12353748","","3","Pat:44:43530","Level 0",""
"at:44:43530:4","Unterführung","47.97179013","14.12332188","","3","Pat:44:43530","Level -1",""
"at:44:43530:5","Park+Ride","47.97199461","14.12353748","","3","Pat:44:43530","Level 0",""
"at:44:43530:6","Zugang Ost","47.97197657","14.12378900","","2","Pat:44:43530","Level 0",""
"at:44:43530:7","Zugang West","47.97122479","14.12333985","","2","Pat:44:43530","Level 0",""
"at:44:43540:0:1","Wartberg/Krems Bahnhof","47.98893975","14.12150728","","","Pat:44:43540","Level 0","1"
"at:44:43540:0:2","Wartberg/Krems Bahnhof","47.98895177","14.12160610","","","Pat:44:43540","Level 0","2"
"at:44:43540:0:21","Wartberg/Krems Bahnhof","47.98895778","14.12126474","","","Pat:44:43540","Level 0","Vorplatz"
"at:44:43540:3","Bike+Ride","47.98925238","14.12120186","","3","Pat:44:43540","Level 0",""
"at:44:43540:4","Unterführung","47.98930048","14.12136355","","3","Pat:44:43540","Level -1",""
"at:44:43540:5","Park+Ride 1","47.98843472","14.12151627","","3","Pat:44:43540","Level 0",""
"at:44:43540:6","Zugang","47.98924036","14.12115694","","2","Pat:44:43540","Level 0",""
"at:44:43540:7","Park+Ride 2","47.98961311","14.12093236","","3","Pat:44:43540","Level 0",""
"at:44:43589:0:1","Klaus an der Pyhrnbahn Bahnhof","47.83318804","14.15517614","","","Pat:44:43589","Level 0","1"
"at:44:43589:0:2","Klaus an der Pyhrnbahn Bahnhof","47.83338101","14.15516716","","","Pat:44:43589","Level 0","2"
"at:44:43589:0:21","Klaus an der Pyhrnbahn Bahnhof","47.83266340","14.15540970","","","Pat:44:43589","Level 0","21"
"at:44:43589:3","Park+Ride","47.83332071","14.15555343","","3","Pat:44:43589","Level 0",""
"at:44:43589:4","B&R","47.83315186","14.15539174","","3","Pat:44:43589","Level 0",""
"at:44:43589:5","Zugang","47.83311568","14.15553547","","2","Pat:44:43589","Level 0",""
"at:44:43620:0:1","Hinterstoder Bahnhof","47.77457652","14.17908929","","","Pat:44:43620","Level 0","1"
"at:44:43620:0:2","Hinterstoder Bahnhof","47.77461274","14.17912523","","","Pat:44:43620","Level 0","2"
"at:44:43620:0:21","Hinterstoder Bahnhof","47.77428070","14.17899048","","","Pat:44:43620","Level 0","21"
"at:44:43620:3","Park and Ride","47.77429277","14.17931387","","3","Pat:44:43620","Level 0",""
"at:44:43620:4","Bike and Ride","47.77442559","14.17876590","","3","Pat:44:43620","Level 0",""
"at:44:43620:5","Zugang","47.77461274","14.17887370","","2","Pat:44:43620","Level 0",""
"at:44:43640:0:1","Roßleithen Bahnhst","47.72448657","14.30873415","","","Pat:44:43640","Level 0","1"
"at:44:43640:0:21","Roßleithen Bahnhst","47.72354386","14.30956060","","","Pat:44:43640","Level 0","21"
"at:44:43640:0:22","Roßleithen Bahnhst","47.72457721","14.30795262","","","Pat:44:43640","Level 0","22"
"at:44:43640:3","Park+Ride","47.72455908","14.30831195","","3","Pat:44:43640","Level 0",""
"at:44:43640:4","Bike+Ride","47.72427506","14.30870721","","3","Pat:44:43640","Level 0",""
"at:44:43640:5","Zugang","47.72438988","14.30860839","","2","Pat:44:43640","Level 0",""
"at:44:43649:0:1","Windischgarsten Bahnhof","47.71533676","14.32798505","","","Pat:44:43649","Level 0","1"
"at:44:43649:0:21","Windischgarsten Bahnhof","47.71575984","14.32722148","","","Pat:44:43649","Level -1","Vorplatz"
"at:44:43649:0:22","Windischgarsten Bahnhof","47.71595929","14.32742810","","","Pat:44:43649","Level -1","Vorplatz"
"at:44:43649:3","Bike+Ride","47.71559061","14.32736521","","2","Pat:44:43649","Level -1",""
"at:44:43649:4","Park+Ride","47.71543951","14.32759878","","3","Pat:44:43649","Level 0",""
"at:44:43649:5","Zugang Ost","47.71541533","14.32794912","","2","Pat:44:43649","Level 0",""
"at:44:43649:7","Zugang West","47.71559061","14.32723047","","2","Pat:44:43649","Level -1",""
"at:44:43660:0:1","Spital am Pyhrn Bahnhof","47.67381007","14.34735273","","","Pat:44:43660","Level 0","1"
"at:44:43660:0:2","Spital am Pyhrn Bahnhof","47.67380402","14.34744256","","","Pat:44:43660","Level 0","2"
"at:44:43660:2","Standard","47.67293903","14.34717307","","","Pat:44:43660","Level 0",""
"at:44:43660:3","Bike+Ride","47.67338060","14.34720900","","3","Pat:44:43660","Level 0",""
"at:44:43660:4","Park+Ride","47.67282410","14.34726290","","3","Pat:44:43660","Level 0",""
"at:44:43790:0:1","Steinbachbrücke Bahnhst","47.93210530","13.99299430","","","Pat:44:43790","Level 0","1"
"at:44:43790:2","Zugang","47.93241226","13.99329074","","2","Pat:44:43790","Level 0",""
"at:44:43790:3","Bike and Ride","47.93240624","13.99333566","","3","Pat:44:43790","Level 0",""
"at:44:43790:4","Park and Ride","47.93277339","13.99340752","","3","Pat:44:43790","Level 0",""
"at:44:43835:0:1","Pettenbach OÖ Bahnhof","47.96209435","14.01121213","","","Pat:44:43835","Level 0","1"
"at:44:43835:0:2","Pettenbach OÖ Bahnhof","47.96214848","14.01131095","","","Pat:44:43835","Level 0","2"
"at:44:43835:2","Vorplatz","47.96196201","14.01165231","","","Pat:44:43835","Level 0",""
"at:44:43835:3","Bahnhofstraße","47.96199209","14.01339504","","","Pat:44:43835","Level 0",""
"at:44:43835:4","Bike and Ride","47.96214247","14.01227214","","3","Pat:44:43835","Level 0",""
"at:44:43835:5","Park and Ride","47.96220864","14.01268537","","3","Pat:44:43835","Level 0",""
"at:44:43835:6","Zugang","47.96208833","14.01233503","","2","Pat:44:43835","Level 0",""
"at:44:43835:7","Vorchdorfer Straße","47.96326131","14.01257757","","","Pat:44:43835","Level 0",""
"at:44:43860:0:1","Wilfling Bahnhst","47.98044983","14.02903471","","","Pat:44:43860","Level 0","1"
"at:44:43860:2","Zugang","47.98085272","14.02901674","","2","Pat:44:43860","Level 0",""
"at:44:43860:3","Park and Ride","47.98076853","14.02899878","","3","Pat:44:43860","Level 0",""
"at:44:43860:4","Bike and Ride","47.98065428","14.02901674","","3","Pat:44:43860","Level 0",""
"at:44:43860:5","Landesstraße","47.98098500","14.02184819","","","Pat:44:43860","Level 0",""
"at:44:43900:0:1","Garsten Bahnhof","48.02342617","14.40723443","","","Pat:44:43900","Level 0","1"
"at:44:43900:0:2","Garsten Bahnhof","48.02339613","14.40727036","","","Pat:44:43900","Level 0","2"
"at:44:43900:2","SEV","48.02403900","14.40851003","","","Pat:44:43900","Level 0",""
"at:44:43900:3","Park and Ride","48.02326996","14.40639899","","3","Pat:44:43900","Level 0",""
"at:44:43900:4","Bike and Ride","48.02339012","14.40698290","","3","Pat:44:43900","Level 0",""
"at:44:43900:5","Zugang 1","48.02345621","14.40718053","","2","Pat:44:43900","Level 0",""
"at:44:43934:0:1","Lahrndorf b.Garsten Bahnhof","47.99487945","14.37453575","","","Pat:44:43934","Level 0","1"
"at:44:43934:0:2","Lahrndorf b.Garsten Bahnhof","47.99495760","14.37451778","","","Pat:44:43934","Level 0","2"
"at:44:43934:3","Park+Ride","47.99462095","14.37297268","","3","Pat:44:43934","Level 0",""
"at:44:43934:4","Zugang 1","47.99464500","14.37321523","","2","Pat:44:43934","Level 0",""
"at:44:43934:5","Zugang 2","47.99479529","14.37574847","","2","Pat:44:43934","Level 0",""
"at:44:43934:6","Unterführung","47.99465101","14.37214623","","3","Pat:44:43934","Level -1",""
"at:44:43940:0:1","Dürnbach/Enns Bahnhst","47.97809261","14.35403619","","","Pat:44:43940","Level 0","1"
"at:44:43940:2","Bus SEV","47.97839930","14.35404518","","","Pat:44:43940","Level 0",""
"at:44:43940:3","Bike+Ride","47.97834518","14.35391043","","3","Pat:44:43940","Level 0",""
"at:44:43940:4","Zugang 1","47.97836322","14.35407213","","2","Pat:44:43940","Level 0",""
"at:44:43940:5","Zugang 2","47.97874206","14.35348822","","2","Pat:44:43940","Level 0",""
"at:44:43940:6","Unterführung","47.97886233","14.35352415","","3","Pat:44:43940","Level -1",""
"at:44:43941:0:1","Ternberg Bahnhof","47.94870251","14.35497044","","","Pat:44:43941","Level 0","1"
"at:44:43941:0:2","Ternberg Bahnhof","47.94870853","14.35488959","","","Pat:44:43941","Level 0","2"
"at:44:43941:2","Bus + SEV","47.94925005","14.35530282","","","Pat:44:43941","Level 0",""
"at:44:43941:3","Park and Ride","47.94953885","14.35520400","","3","Pat:44:43941","Level 0",""
"at:44:43941:4","Bike and Ride","47.94952080","14.35542858","","3","Pat:44:43941","Level 0",""
"at:44:43941:5","Zugang Bahnhofsge","47.94930420","14.35528485","","2","Pat:44:43941","Level 0",""
"at:44:43950:0:1","Trattenbach/Enns Bahnhst","47.93045010","14.35442247","","","Pat:44:43950","Level 0","1"
"at:44:43950:2","Bus SEV","47.93003479","14.35476383","","","Pat:44:43950","Level 0",""
"at:44:43950:3","Aufgelassen!","47.93010702","14.35468298","","3","Pat:44:43950","Level 0",""
"at:44:43950:4","Aufgelassen!","47.92972782","14.35501536","","3","Pat:44:43950","Level 0",""
"at:44:43950:5","Zugang","47.93014313","14.35473688","","2","Pat:44:43950","Level 0",""
"at:44:43960:0:1","Losenstein Bahnhst","47.92401539","14.43113860","","","Pat:44:43960","Level 0","1"
"at:44:43960:0:2","Losenstein Bahnhst","47.92399131","14.43110266","","","Pat:44:43960","Level 0","2"
"at:44:43960:3","Standard","47.92355187","14.43228844","","","Pat:44:43960","Level 0",""
"at:44:43960:4","Park and Ride","47.92382276","14.43195606","","3","Pat:44:43960","Level 0",""
"at:44:43960:5","Bike and Ride","47.92363615","14.43200996","","3","Pat:44:43960","Level 0",""
"at:44:43960:6","Zugang Nord","47.92352177","14.43211776","","2","Pat:44:43960","Level 0",""
"at:44:43960:7","Zugang Süd","47.92413579","14.43056367","","2","Pat:44:43960","Level 0",""
"at:44:43960:8","Unterführung","47.92421404","14.43078825","","3","Pat:44:43960","Level -1",""
"at:44:43981:0:1","Reichraming Bahnhof","47.89151659","14.47145499","","","Pat:44:43981","Level 0","1"
"at:44:43981:0:2","Reichraming Bahnhof","47.89149852","14.47145499","","","Pat:44:43981","Level 0","2"
"at:44:43981:2","Standard + SEV","47.89162502","14.47264974","","","Pat:44:43981","Level 0",""
"at:44:43981:3","Park+Ride","47.89161297","14.47235330","","3","Pat:44:43981","Level 0",""
"at:44:43981:4","Bike+Ride","47.89160092","14.47249703","","3","Pat:44:43981","Level 0",""
"at:44:43981:5","Unterführung","47.89140215","14.47353009","","3","Pat:44:43981","Level -1",""
"at:44:43981:6","Zugang Süd","47.89114313","14.47360196","","2","Pat:44:43981","Level 1",""
"at:44:43981:7","Zugang Gleise","47.89154069","14.47268568","","2","Pat:44:43981","Level 0",""
"at:44:44000:0:1","Puchenau Bahnhst","48.31163335","14.23852183","","","Pat:44:44000","Level 0","1"
"at:44:44000:2","Zugang West","48.31154971","14.23796488","","2","Pat:44:44000","Level 0",""
"at:44:44000:3","Park+Ride","48.31158556","14.23887218","","3","Pat:44:44000","Level 0",""
"at:44:44000:4","Bike+Ride","48.31158556","14.23855776","","3","Pat:44:44000","Level 0",""
"at:44:44000:6","Zugang Ost","48.31162738","14.23940218","","2","Pat:44:44000","Level 0",""
"at:44:44001:0:1","Puchenau West Bahnhst","48.31248173","14.22188503","","","Pat:44:44001","Level 0","1"
"at:44:44001:0:2","Puchenau West Bahnhst","48.31255342","14.22188503","","","Pat:44:44001","Level 0","2"
"at:44:44001:3","Bus West","48.31256537","14.22259470","","","Pat:44:44001","Level 0",""
"at:44:44001:4","Unterführung","48.31252952","14.22367268","","3","Pat:44:44001","Level -1",""
"at:44:44001:5","Bike and Ride","48.31242198","14.22267555","","3","Pat:44:44001","Level 0",""
"at:44:44001:6","Park and Ride","48.31242796","14.22307081","","3","Pat:44:44001","Level 0",""
"at:44:44001:7","Bus Ost","48.31242198","14.22484947","","","Pat:44:44001","Level 0",""
"at:44:44001:8","Zugang","48.31239809","14.22254080","","2","Pat:44:44001","Level 0",""
"at:44:44002:0:1","Dürnberg b.Ottensheim Bahnhof","48.33148874","14.19237538","","","Pat:44:44002","Level 0","1"
"at:44:44002:2","Zugang 1","48.33156041","14.19237538","","2","Pat:44:44002","Level 0",""
"at:44:44002:3","SEV Bundesstraße","48.33157235","14.19288742","","","Pat:44:44002","Level 0",""
"at:44:44002:4","Bike and Ride","48.33160221","14.19248317","","3","Pat:44:44002","Level 0",""
"at:44:44002:5","Unterführung","48.33178138","14.19274369","","3","Pat:44:44002","Level -1",""
"at:44:44002:6","SEV Vorplatz","48.33153652","14.19254606","","","Pat:44:44002","Level 0",""
"at:44:44003:0:1","Ottensheim Bahnhof","48.33761583","14.17772385","","","Pat:44:44003","Level 0","1"
"at:44:44003:0:2","Ottensheim Bahnhof","48.33766360","14.17775080","","","Pat:44:44003","Level 0","2"
"at:44:44003:2","bus","48.33760986","14.17551400","","","Pat:44:44003","Level 0",""
"at:44:44003:4","B+R Bushst","48.33753820","14.17548705","","3","Pat:44:44003","Level 0",""
"at:44:44003:5","Park+Ride","48.33814729","14.17546010","","3","Pat:44:44003","Level 0",""
"at:44:44003:6","B+R Bahnhof","48.33783080","14.17646621","","3","Pat:44:44003","Level 0",""
"at:44:44003:7","Bus Schienenersat","48.33774720","14.17657401","","","Pat:44:44003","Level 0",""
"at:44:44003:8","Zugang","48.33784872","14.17662791","","2","Pat:44:44003","Level 0",""
"at:44:44009:0:1","Achleitnersiedlung Bahnhst","48.32157396","14.20561654","","","Pat:44:44009","Level 0","1"
"at:44:44009:2","Standard + SEV","48.32195625","14.20517637","","","Pat:44:44009","Level 0",""
"at:44:44009:3","Zugang 1","48.32198015","14.20535603","","2","Pat:44:44009","Level 0",""
"at:44:44009:4","Bike and Ride","48.32177705","14.20532908","","3","Pat:44:44009","Level 0",""
"at:44:44009:5","Zugang 2","48.32150228","14.20581417","","2","Pat:44:44009","Level 0",""
"at:44:44009:6","Unterführung","48.32201599","14.20507755","","3","Pat:44:44009","Level -1",""
"at:44:44020:0:1","Walding b.Linz Bahnhst","48.34859616","14.15330764","","","Pat:44:44020","Level 0","1"
"at:44:44020:2","Bus Sued","48.34832750","14.15234645","","","Pat:44:44020","Level 0",""
"at:44:44020:3","Bike+Ride Bus","48.34834542","14.15229255","","3","Pat:44:44020","Level 0",""
"at:44:44020:4","Bike+Ride Bahn","48.34859616","14.15395443","","3","Pat:44:44020","Level 0",""
"at:44:44020:5","Park+Ride","48.34873348","14.15397240","","3","Pat:44:44020","Level 0",""
"at:44:44020:6","Zugang","48.34840512","14.15371189","","2","Pat:44:44020","Level 0",""
"at:44:44020:7","Bus Nord","48.34845288","14.15258899","","","Pat:44:44020","Level 0",""
"at:44:44040:0:1","Rottenegg Bahnhof","48.35984273","14.13789255","","","Pat:44:44040","Level 0","1"
"at:44:44040:0:2","Rottenegg Bahnhof","48.35988451","14.13799137","","","Pat:44:44040","Level 0","2"
"at:44:44040:0:3","Rottenegg Bahnhof","48.35991436","14.13802730","","","Pat:44:44040","Level 0","3"
"at:44:44040:1","bus","48.35992630","14.13729068","","","Pat:44:44040","Level 0",""
"at:44:44040:3","Bike+Ride","48.36032621","14.13714695","","3","Pat:44:44040","Level 0",""
"at:44:44040:4","Park+Ride","48.36064255","14.13678763","","3","Pat:44:44040","Level 0",""
"at:44:44040:5","Zugang 1","48.36037396","14.13724577","","2","Pat:44:44040","Level 0",""
"at:44:44040:6","Zugang 2","48.35965173","14.13798239","","2","Pat:44:44040","Level 0",""
"at:44:44040:7","Zugang 3","48.36009342","14.13727272","","2","Pat:44:44040","Level 0",""
"at:44:44050:0:1","Lacken im Mühlkreis Bahnhst","48.38605121","14.09135084","","","Pat:44:44050","Level 0","1"
"at:44:44050:2","Bus B127","48.38569326","14.09168322","","","Pat:44:44050","Level 0",""
"at:44:44050:3","Park+Ride","48.38544269","14.09144965","","3","Pat:44:44050","Level 0",""
"at:44:44050:4","Bike+Ride","48.38591996","14.09130592","","3","Pat:44:44050","Level 0",""
"at:44:44050:5","Bus B132","48.38536514","14.09038066","","","Pat:44:44050","Level 0",""
"at:44:44050:6","Zugang","48.38593189","14.09135982","","2","Pat:44:44050","Level 0",""
"at:44:44052:0:1","Gerling OÖ Bahnhst","48.39746844","14.07713051","","","Pat:44:44052","Level 0","1"
"at:44:44052:2","Bundesstraße","48.39687199","14.07654660","","","Pat:44:44052","Level 0",""
"at:44:44052:3","Park+Ride","48.39706882","14.07678017","","3","Pat:44:44052","Level 0",""
"at:44:44052:4","Bike+Ride","48.39714040","14.07669932","","3","Pat:44:44052","Level 0",""
"at:44:44052:5","Vorplatz","48.39720004","14.07687000","","","Pat:44:44052","Level 0",""
"at:44:44052:6","Zugang","48.39725372","14.07695983","","2","Pat:44:44052","Level 0",""
"at:44:44350:0:1","Steyregg Bahnhof","48.28451385","14.36218391","","","Pat:44:44350","Level 0","1"
"at:44:44350:0:2","Steyregg Bahnhof","48.28446603","14.36225578","","","Pat:44:44350","Level 0","2"
"at:44:44350:2","Zugang1","48.28457363","14.36244443","","2","Pat:44:44350","Level 0",""
"at:44:44350:3","Bike+Ride","48.28468720","14.36166289","","3","Pat:44:44350","Level 0",""
"at:44:44350:4","Park+Ride","48.28477687","14.36154611","","3","Pat:44:44350","Level 0",""
"at:44:44350:5","Bus Schienenersat","48.28486653","14.36191442","","","Pat:44:44350","Level 0",""
"at:44:44350:6","Zugang","48.28474100","14.36186052","","2","Pat:44:44350","Level 0",""
"at:44:44351:0:1","Pulgarn Bahnhst","48.27860756","14.39267273","","","Pat:44:44351","Level 0","1"
"at:44:44351:2","Standard","48.27851191","14.39403817","","","Pat:44:44351","Level 0",""
"at:44:44351:3","Park+Ride","48.27815918","14.39474784","","3","Pat:44:44351","Level 0",""
"at:44:44351:4","Bike+Ride","48.27837441","14.39383156","","3","Pat:44:44351","Level 0",""
"at:44:44351:5","Zugang","48.27827875","14.39413699","","2","Pat:44:44351","Level 0",""
"at:44:44360:0:1","St.Georgen/Gusen Bahnhof","48.26514250","14.44049904","","","Pat:44:44360","Level 0","1"
"at:44:44360:0:2","St.Georgen/Gusen Bahnhof","48.26519632","14.44052599","","","Pat:44:44360","Level 0","2"
"at:44:44360:2","1,2","48.26489134","14.44038226","","","Pat:44:44360","Level 0",""
"at:44:44360:3","Zugang West","48.26492124","14.44052599","","2","Pat:44:44360","Level 0",""
"at:44:44360:4","Zugang Nord","48.26535180","14.44050802","","2","Pat:44:44360","Level 0",""
"at:44:44360:5","Unterführung","48.26512456","14.43996005","","3","Pat:44:44360","Level -1",""
"at:44:44360:6","Park+Ride West","48.26477174","14.44003192","","3","Pat:44:44360","Level 0",""
"at:44:44360:7","Bike+Ride","48.26506476","14.44106498","","3","Pat:44:44360","Level 0",""
"at:44:44360:8","Park+Ride Ost","48.26530994","14.44218787","","3","Pat:44:44360","Level 0",""
"at:44:44360:9","Zugang Ost","48.26519034","14.44155905","","2","Pat:44:44360","Level 0",""
"at:44:44361:0:1","St.Georgen/Gusen Ort Bahnhst","48.27024912","14.45056017","","","Pat:44:44361","Level 0","1"
"at:44:44361:2","bus","48.27119983","14.45157527","","","Pat:44:44361","Level 0",""
"at:44:44361:3","Park+Ride 1","48.27107426","14.45134171","","3","Pat:44:44361","Level 0",""
"at:44:44361:4","Bike+Ride 1","48.27092478","14.45129679","","3","Pat:44:44361","Level 0",""
"at:44:44361:5","Zugang","48.27133137","14.45127882","","2","Pat:44:44361","Level 0",""
"at:44:44410:0:1","Mauthausen OÖ Bahnhof","48.24340078","14.53278297","","","Pat:44:44410","Level 0","1"
"at:44:44410:0:2","Mauthausen OÖ Bahnhof","48.24339480","14.53287280","","","Pat:44:44410","Level 0","2"
"at:44:44410:2","bus","48.24282047","14.53226195","","","Pat:44:44410","Level 0",""
"at:44:44410:3","Park+Ride Süd","48.24237178","14.53221703","","3","Pat:44:44410","Level 0",""
"at:44:44410:4","Bike+Ride","48.24313755","14.53233381","","3","Pat:44:44410","Level 0",""
"at:44:44410:5","Zugang","48.24276663","14.53252246","","2","Pat:44:44410","Level 0",""
"at:44:44410:6","Park+Ride Nord","48.24329908","14.53253144","","3","Pat:44:44410","Level 0",""
"at:44:44450:0:1","Lungitz/Gusen Bahnhof","48.28872794","14.47866846","","","Pat:44:44450","Level 0","1"
"at:44:44450:0:2","Lungitz/Gusen Bahnhof","48.28865024","14.47855168","","","Pat:44:44450","Level 0","2"
"at:44:44450:2","Bus Gusentalstr.","48.28884749","14.47752760","","","Pat:44:44450","Level 0",""
"at:44:44450:3","Park+Ride","48.28869806","14.47754556","","3","Pat:44:44450","Level 0",""
"at:44:44450:4","Bike+Ride","48.28868012","14.47798574","","3","Pat:44:44450","Level 0",""
"at:44:44450:5","Bus Vorplatz","48.28903278","14.47838998","","","Pat:44:44450","Level 0",""
"at:44:44450:7","Zugang","48.28872196","14.47816540","","2","Pat:44:44450","Level 0",""
"at:44:44470:0:1","Katsdorf Bahnhst","48.31218898","14.49045435","","","Pat:44:44470","Level 0","1"
"at:44:44470:2","Park+Ride","48.31232042","14.49050825","","3","Pat:44:44470","Level 0",""
"at:44:44470:3","Bike+Ride","48.31226665","14.49048130","","3","Pat:44:44470","Level 0",""
"at:44:44470:4","Zugang zu Bahnhof","48.31220690","14.49015791","","2","Pat:44:44470","Level 0",""
"at:44:44470:5","Bus SEV","48.31221885","14.49008604","","","Pat:44:44470","Level 0",""
"at:44:44471:0:1","Gaisbach-Wartberg Bahnhof","48.33029429","14.50629165","","","Pat:44:44471","Level 0","1"
"at:44:44471:0:2","Gaisbach-Wartberg Bahnhof","48.33025249","14.50628267","","","Pat:44:44471","Level 0","2"
"at:44:44471:2","bus","48.33065263","14.50636352","","","Pat:44:44471","Level 0",""
"at:44:44471:3","Park+Ride Ost","48.33043165","14.50735166","","3","Pat:44:44471","Level 0",""
"at:44:44471:4","Zugang","48.33037193","14.50639047","","2","Pat:44:44471","Level 0",""
"at:44:44471:5","Park+Ride West","48.33058693","14.50524062","","3","Pat:44:44471","Level 0",""
"at:44:44472:0:1","Schloss Haus Bahnhst","48.34143145","14.50559995","","","Pat:44:44472","Level 0","1"
"at:44:44472:2","Bus SEV","48.34156878","14.50571673","","","Pat:44:44472","Level 0",""
"at:44:44472:3","Park+Ride","48.34178374","14.50543825","","3","Pat:44:44472","Level 0",""
"at:44:44472:4","Bike+Ride","48.34146728","14.50566283","","3","Pat:44:44472","Level 0",""
"at:44:44472:5","Zugang","48.34162252","14.50566283","","2","Pat:44:44472","Level 0",""
"at:44:44500:0:1","Perg Bahnhof","48.24760629","14.62716896","","","Pat:44:44500","Level 0","1"
"at:44:44500:0:2","Perg Bahnhof","48.24766013","14.62721387","","","Pat:44:44500","Level 0","2"
"at:44:44500:2","Park+Ride","48.24752853","14.62848050","","3","Pat:44:44500","Level 0",""
"at:44:44500:3","Zugang Gelände","48.24707988","14.62945068","","2","Pat:44:44500","Level 0",""
"at:44:44500:4","Zugang Steige","48.24745674","14.62807626","","2","Pat:44:44500","Level 0",""
"at:44:44500:5","Bike and Ride","48.24742085","14.62843558","","3","Pat:44:44500","Level 0",""
"at:44:44550:0:1","Aisthofen Bahnhst","48.25745171","14.59021227","","","Pat:44:44550","Level 0","1"
"at:44:44550:2","Zugang Süd","48.25677587","14.59045481","","2","Pat:44:44550","Level 0",""
"at:44:44550:3","Zugang Nord","48.25804979","14.59015837","","2","Pat:44:44550","Level 0",""
"at:44:44550:4","Park and Ride","48.25685363","14.59072431","","3","Pat:44:44550","Level 0",""
"at:44:44550:5","Bike and Ride","48.25689549","14.59039193","","3","Pat:44:44550","Level 0",""
"at:44:44551:0:1","Schwertberg Bahnhof","48.26861673","14.57971096","","","Pat:44:44551","Level 0","1"
"at:44:44551:0:2","Schwertberg Bahnhof","48.26867055","14.57971096","","","Pat:44:44551","Level 0","2"
"at:44:44551:2","bus","48.26837157","14.58095064","","","Pat:44:44551","Level 0",""
"at:44:44551:3","Bike+Ride","48.26852704","14.58078894","","2","Pat:44:44551","Level 0",""
"at:44:44551:4","Park+Ride1","48.26828786","14.58080690","","3","Pat:44:44551","Level 0",""
"at:44:44551:5","Park+Ride2","48.26831177","14.58175912","","3","Pat:44:44551","Level 0",""
"at:44:44551:6","Zugang","48.26854498","14.58058233","","2","Pat:44:44551","Level 0",""
"at:44:44850:0:1","Arbing","48.22710787","14.70078589","","","Pat:44:44850","Level 0","1"
"at:44:44850:0:2","Arbing Bahnhof","48.22713779","14.70084878","","","Pat:44:44850","Level 0","2"
"at:44:44850:2","Zugang 1","48.22779607","14.70042657","","2","Pat:44:44850","Level 0",""
"at:44:44850:3","Park and Ride Nord","48.22755669","14.70054335","","3","Pat:44:44850","Level 0",""
"at:44:44850:4","Park and Ride Süd","48.22720960","14.70091166","","3","Pat:44:44850","Level 0",""
"at:44:44850:6","Bike and Ride","48.22728740","14.70084878","","3","Pat:44:44850","Level 0",""
"at:44:44870:0:1","Dornach b.Grein Bahnhst","48.19179974","14.82027979","","","Pat:44:44870","Level 0","1"
"at:44:44870:2","Standard","48.19228481","14.81943538","","","Pat:44:44870","Level 0",""
"at:44:44870:3","Bike+Ride","48.19191951","14.82002826","","3","Pat:44:44870","Level 0",""
"at:44:44870:4","Zugang","48.19225487","14.81939944","","2","Pat:44:44870","Level 0",""
"at:44:44880:0:1","Grein-Bad Kreuzen Bahnhof","48.22126078","14.85066980","","","Pat:44:44880","Level 0","1"
"at:44:44880:0:2","Grein-Bad Kreuzen Bahnhof","48.22123085","14.85060692","","","Pat:44:44880","Level 0","2"
"at:44:44880:0:32","Grein-Bad Kreuzen Bahnhof","48.22084182","14.85145133","","","Pat:44:44880","Level 0","Vorplatz"
"at:44:44880:3","Bus B3+SEV","48.22150018","14.85155913","","","Pat:44:44880","Level 0",""
"at:44:44880:4","Zugang1","48.22071015","14.85132557","","2","Pat:44:44880","Level 0",""
"at:44:44880:5","Park and Ride 1","48.22053060","14.85163998","","3","Pat:44:44880","Level 0",""
"at:44:44880:6","Park and Ride 2","48.22109918","14.85127167","","3","Pat:44:44880","Level 0",""
"at:44:44881:0:1","Grein Stadt Bahnhof","48.22999226","14.85577223","","","Pat:44:44881","Level 0","1"
"at:44:44881:2","Zugang 1","48.22984865","14.85584410","","2","Pat:44:44881","Level 0",""
"at:44:44881:3","Park+Ride","48.23004612","14.85660766","","3","Pat:44:44881","Level 0",""
"at:44:44881:4","Bike+Ride","48.22983069","14.85559257","","3","Pat:44:44881","Level 0",""
"at:44:44886:0:2","Grein Schiffstation (Donaulände)","48.22711385","14.85627529","","","Pat:44:44886","Level 0","2"
"at:44:44886:1","Nebenfahrbahn+SEV","48.22736520","14.85616749","","","Pat:44:44886","Level 0",""
"at:44:44886:3","Park and Ride 1","48.22743102","14.85649088","","3","Pat:44:44886","Level 0",""
"at:44:44886:4","Park and Ride 2","48.22767040","14.85761378","","3","Pat:44:44886","Level 0",""
"at:44:44900:0:1","St.Nikola-Struden Bahnhst","48.23349282","14.90919504","","","Pat:44:44900","Level 0","1"
"at:44:44900:0:22","St.Nikola-Struden Bahnhst","48.23321757","14.90914114","","","Pat:44:44900","Level 0","22"
"at:44:44900:3","Park+Ride","48.23330732","14.90865605","","3","Pat:44:44900","Level 0",""
"at:44:44900:4","Zugang","48.23334921","14.90906928","","2","Pat:44:44900","Level 0",""
"at:44:44960:0:1","Baumgartenberg Bahnhst","48.20867860","14.74807321","","","Pat:44:44960","Level 0","1"
"at:44:44960:0:2","Baumgartenberg Bahnhst","48.20870255","14.74807321","","","Pat:44:44960","Level 0","2"
"at:44:44960:2","Zugang 1","48.20897194","14.74739049","","2","Pat:44:44960","Level 0",""
"at:44:44960:3","Park+Ride","48.20885221","14.74760609","","3","Pat:44:44960","Level 0",""
"at:44:44960:4","Bike+Ride","48.20891208","14.74708506","","3","Pat:44:44960","Level 0",""
"at:44:44960:5","Bus","48.20901983","14.74711201","","","Pat:44:44960","Level 0",""
"at:44:44961:0:1","Saxen Bahnhof","48.20518234","14.79074319","","","Pat:44:44961","Level 0","1"
"at:44:44961:0:2","Saxen Bahnhof","48.20523622","14.79076115","","","Pat:44:44961","Level 0","2"
"at:44:44961:2","bus","48.20575109","14.78895554","","","Pat:44:44961","Level 0",""
"at:44:44961:3","Park+Ride","48.20544576","14.79005148","","3","Pat:44:44961","Level 0",""
"at:44:44961:4","Bike+Ride","48.20562537","14.78980894","","3","Pat:44:44961","Level 0",""
"at:44:44961:5","Zugang","48.20552958","14.78981792","","2","Pat:44:44961","Level 0",""
"at:44:45000:0:2","Freistadt Bahnhof","48.49525684","14.48154307","","","Pat:44:45000","Level 0","2"
"at:44:45000:2","Bus Vorplatz","48.49554258","14.48122866","","","Pat:44:45000","Level 0",""
"at:44:45000:3","Bus Hirschbacher ","48.49570331","14.48196527","","","Pat:44:45000","Level 0",""
"at:44:45000:4","Park+Ride","48.49576284","14.48063577","","3","Pat:44:45000","Level 0",""
"at:44:45000:5","Bike+Ride","48.49563187","14.48087831","","3","Pat:44:45000","Level 0",""
"at:44:45000:6","Zugang","48.49554258","14.48153408","","2","Pat:44:45000","Level 0",""
"at:44:45090:0:1","Pregarten Bahnhof","48.35598670","14.52257811","","","Pat:44:45090","Level 0","1"
"at:44:45090:0:2","Pregarten Bahnhof","48.35604043","14.52256014","","","Pat:44:45090","Level 0","2"
"at:44:45090:2","Dummy Busbereich","48.35578972","14.52313506","","","Pat:44:45090","Level 0",""
"at:44:45090:3","Bus Vorplatz","48.35567630","14.52282065","","","Pat:44:45090","Level 0",""
"at:44:45090:4","Bike+Ride","48.35573002","14.52240743","","2","Pat:44:45090","Level 0",""
"at:44:45090:5","Unterführung","48.35586135","14.52216488","","3","Pat:44:45090","Level -1",""
"at:44:45090:6","Park+Ride","48.35561661","14.52300930","","3","Pat:44:45090","Level 0",""
"at:44:45090:7","Zugang Süd","48.35562854","14.52249726","","2","Pat:44:45090","Level 0",""
"at:44:45090:8","Zugang Nord","48.35647022","14.52421304","","2","Pat:44:45090","Level 0",""
"at:44:45260:0:1","Summerau Bahnhof","48.55727267","14.44901507","","","Pat:44:45260","Level 0","1"
"at:44:45260:0:2","Summerau Bahnhof","48.55732023","14.44902405","","","Pat:44:45260","Level 0","2"
"at:44:45260:2","bus","48.55654134","14.44741607","","","Pat:44:45260","Level 0",""
"at:44:45260:3","Bike+Ride","48.55697538","14.44839523","","3","Pat:44:45260","Level 0",""
"at:44:45260:4","Park+Ride","48.55653540","14.44799997","","3","Pat:44:45260","Level 0",""
"at:44:45260:5","Zugang","48.55705268","14.44859286","","2","Pat:44:45260","Level 0",""
"at:44:45450:0:1","Kefermarkt Bahnhof","48.43687220","14.53823574","","","Pat:44:45450","Level 0","1"
"at:44:45450:0:2","Kefermarkt Bahnhof","48.43686028","14.53818184","","","Pat:44:45450","Level 0","2"
"at:44:45450:2","Bus Schienenersat","48.43721787","14.53840642","","","Pat:44:45450","Level 0",""
"at:44:45450:3","Bike+Ride","48.43723575","14.53828066","","3","Pat:44:45450","Level 0",""
"at:44:45450:4","Park+Ride","48.43743242","14.53819083","","3","Pat:44:45450","Level 0",""
"at:44:45450:5","Zugang","48.43687816","14.53856812","","2","Pat:44:45450","Level 0",""
"at:44:45500:0:1","Rohrbach-Berg Bahnhof","48.58172732","13.98739779","","","Pat:44:45500","Level 0","1"
"at:44:45500:2","bus","48.58318329","13.98552032","","","Pat:44:45500","Level 0",""
"at:44:45500:3","Park+Ride","48.58165006","13.98733491","","3","Pat:44:45500","Level 0",""
"at:44:45500:4","Bike&Ride","48.58169760","13.98717322","","3","Pat:44:45500","Level 0",""
"at:44:45500:5","Zugang","48.58135886","13.98767627","","2","Pat:44:45500","Level 0",""
"at:44:45500:6","Zugang","48.58141829","13.98781102","","2","Pat:44:45500","Level 0",""
"at:44:45530:0:1","Oepping Bahnhst","48.59985559","13.96043037","","","Pat:44:45530","Level 0","1"
"at:44:45530:2","Standard","48.59980213","13.95972968","","","Pat:44:45530","Level 0",""
"at:44:45530:3","Park+Ride","48.59990312","13.96004409","","3","Pat:44:45530","Level 0",""
"at:44:45530:4","Bus SEV","48.59990906","13.95962189","","","Pat:44:45530","Level 0",""
"at:44:45530:5","Bike&Ride","48.59979619","13.96023274","","3","Pat:44:45530","Level 0",""
"at:44:45530:6","Zugang","48.60018233","13.96016088","","2","Pat:44:45530","Level 0",""
"at:44:45550:0:1","Haslach/Mühl Bahnhst","48.55381216","14.03133439","","","Pat:44:45550","Level 0","1"
"at:44:45550:0:2","Haslach/Mühl Bahnhst","48.55382405","14.03136134","","","Pat:44:45550","Level 0","2"
"at:44:45550:2","Standard","48.55412135","14.03081337","","","Pat:44:45550","Level 0",""
"at:44:45550:3","Zugang","48.55376459","14.03116372","","2","Pat:44:45550","Level 0",""
"at:44:45550:4","Park and Ride","48.55388946","14.03114575","","3","Pat:44:45550","Level 0",""
"at:44:45550:5","Bike and Ride","48.55405595","14.03101998","","3","Pat:44:45550","Level 0",""
"at:44:45550:6","SEV","48.55624405","14.03025642","","","Pat:44:45550","Level 0",""
"at:44:45680:0:1","Iglmühle Bahnhst","48.52058042","14.03646378","","","Pat:44:45680","Level 0","1"
"at:44:45680:2","Zugang 1","48.52087791","14.03676920","","2","Pat:44:45680","Level 0",""
"at:44:45680:3","Zugang 2","48.52006871","14.03609547","","2","Pat:44:45680","Level 0",""
"at:44:45680:4","Standard + SEV","48.51996756","14.03609547","","","Pat:44:45680","Level 0",""
"at:44:45680:5","Park and Ride","48.51982476","14.03608648","","3","Pat:44:45680","Level 0",""
"at:44:45680:6","Bike and Ride","48.52006276","14.03618530","","3","Pat:44:45680","Level 0",""
"at:44:45750:0:1","Neufelden Bahnhof","48.48418310","14.00542698","","","Pat:44:45750","Level 0","1"
"at:44:45750:0:2","Neufelden Bahnhof","48.48419501","14.00540003","","","Pat:44:45750","Level 0","2"
"at:44:45750:2","bus","48.48308750","14.00447477","","","Pat:44:45750","Level 0",""
"at:44:45750:3","Park+Ride","48.48327804","14.00479816","","3","Pat:44:45750","Level 0",""
"at:44:45750:5","Zugang","48.48343881","14.00517545","","2","Pat:44:45750","Level 0",""
"at:44:45765:0:1","Kleinzell im Mühlkreis Bahnhst","48.45822177","14.03202610","","","Pat:44:45765","Level 0","1"
"at:44:45765:10","Zugang Süd","48.45763200","14.03157694","","2","Pat:44:45765","Level 0",""
"at:44:45765:2","Bus Vorplatz","48.45823369","14.03184643","","","Pat:44:45765","Level 0",""
"at:44:45765:3","Park+Ride Nord","48.45870431","14.03115473","","3","Pat:44:45765","Level 0",""
"at:44:45765:4","Park+Ride Süd","48.45795965","14.03166677","","3","Pat:44:45765","Level 0",""
"at:44:45765:5","Park+Ride West","48.45858517","14.02983421","","3","Pat:44:45765","Level 0",""
"at:44:45765:6","Bike+Ride","48.45859113","14.03125355","","3","Pat:44:45765","Level 0",""
"at:44:45765:7","Standard","48.45868644","14.03080439","","","Pat:44:45765","Level 0",""
"at:44:45765:8","Standard","48.45793582","14.03116372","","","Pat:44:45765","Level 0",""
"at:44:45765:9","Zugang","48.45832901","14.03203508","","2","Pat:44:45765","Level 0",""
"at:44:45780:0:1","Neuhaus-Niederwaldkirchen Bahnhst","48.44223576","14.05098055","","","Pat:44:45780","Level 0","1"
"at:44:45780:0:2","Neuhaus-Niederwaldkirchen Bahnhst","48.44224768","14.05100750","","","Pat:44:45780","Level 0","2"
"at:44:45780:2","Bus SEV","48.44136571","14.05177107","","","Pat:44:45780","Level 0",""
"at:44:45780:3","Zugang","48.44212254","14.05080987","","2","Pat:44:45780","Level 0",""
"at:44:45780:4","Park+Ride","48.44203911","14.05107038","","3","Pat:44:45780","Level 0",""
"at:44:46009:0:1","Pinsdorf Bahnhst 1","47.93317664","13.76615172","","","Pat:44:46009","Level 0","1"
"at:44:46009:1","Standard","47.93318266","13.76586426","","","Pat:44:46009","Level 0",""
"at:44:46009:3","Park+Ride","47.93341137","13.76568460","","3","Pat:44:46009","Level 0",""
"at:44:46009:4","Bike+Ride","47.93324285","13.76598104","","3","Pat:44:46009","Level 0",""
"at:44:46009:5","Zugang","47.93306229","13.76627749","","2","Pat:44:46009","Level 0",""
"at:44:46009:6","SEV","47.93131081","13.76562172","","","Pat:44:46009","Level 0",""
"at:44:46010:0:1","Gmunden Bahnhof","47.92529758","13.78301310","","","Pat:44:46010","Level 0","1"
"at:44:46010:0:2","Gmunden Bahnhof","47.92533370","13.78294124","","","Pat:44:46010","Level 0","2"
"at:44:46010:2","Standard + SEV","47.92589954","13.78423481","","","Pat:44:46010","Level 0",""
"at:44:46010:3","wird nicht verwendet","47.92566478","13.78366887","","","Pat:44:46010","Level 0",""
"at:44:46010:4","Straßenbahn","47.92623061","13.78442346","","","Pat:44:46010","Level 0",""
"at:44:46010:5","Zugang Bahnhofsge","47.92594168","13.78416294","","2","Pat:44:46010","Level 0",""
"at:44:46010:6","Bike and Ride","47.92550827","13.78350717","","2","Pat:44:46010","Level 0",""
"at:44:46010:7","Park and Ride","47.92450299","13.78223157","","3","Pat:44:46010","Level 0",""
"at:44:46011:0:1","Altmünster/Traunsee Bahnhof","47.89113711","13.75845316","","","Pat:44:46011","Level 0","1"
"at:44:46011:0:2","Altmünster/Traunsee Bahnhof","47.89129372","13.75825553","","","Pat:44:46011","Level 0","2"
"at:44:46011:2","Bus Vorplatz","47.89146841","13.75856096","","","Pat:44:46011","Level 0",""
"at:44:46011:3","Bus Großalmstraße","47.89126361","13.75982758","","","Pat:44:46011","Level 0",""
"at:44:46011:4","Bike and Ride","47.89148648","13.75824655","","3","Pat:44:46011","Level 0",""
"at:44:46011:5","Park and Ride","47.89160092","13.75857893","","3","Pat:44:46011","Level 0",""
"at:44:46320:0:1","Viechtwang Bahnhst","47.91568339","13.97134490","","","Pat:44:46320","Level 0","1"
"at:44:46320:2","Zugang","47.91567736","13.97121015","","2","Pat:44:46320","Level 0",""
"at:44:46320:3","Bike and Ride","47.91571349","13.97122812","","3","Pat:44:46320","Level 0",""
"at:44:46320:4","Vorplatz","47.91538837","13.97075201","","","Pat:44:46320","Level 0",""
"at:44:46320:5","Park and Ride","47.91576165","13.97105744","","3","Pat:44:46320","Level 0",""
"at:44:46321:0:1","Scharnstein-Mühldorf Bahnhof","47.90041861","13.95856187","","","Pat:44:46321","Level 0","1"
"at:44:46321:0:2","Scharnstein-Mühldorf Bahnhof","47.90038247","13.95858882","","","Pat:44:46321","Level 0","2"
"at:44:46321:2","Zugang 1","47.90084620","13.95893917","","2","Pat:44:46321","Level 0",""
"at:44:46321:3","Park+Ride","47.90085223","13.95928053","","3","Pat:44:46321","Level 0",""
"at:44:46321:4","Bike+Ride","47.90065951","13.95878645","","3","Pat:44:46321","Level 0",""
"at:44:46321:5","Bus Schienenersat","47.90094859","13.95913680","","","Pat:44:46321","Level 0",""
"at:44:46321:6","Zugang 2","47.90073178","13.95871459","","2","Pat:44:46321","Level 0",""
"at:44:46322:0:1","Kothmühle Bahnhst","47.88684212","13.94076625","","","Pat:44:46322","Level 0","1"
"at:44:46322:2","Landesstraße","47.88575778","13.93969725","","","Pat:44:46322","Level 0",""
"at:44:46322:3","Zugang","47.88669152","13.94067642","","2","Pat:44:46322","Level 0",""
"at:44:46322:4","Bike and Ride","47.88655297","13.94062252","","3","Pat:44:46322","Level 0",""
"at:44:46323:0:1","Traxenbichl Bahnhst","47.87685324","13.93843063","","","Pat:44:46323","Level 0","1"
"at:44:46323:2","Zugang","47.87725693","13.93853843","","2","Pat:44:46323","Level 0",""
"at:44:46323:3","Bike and Ride","47.87732923","13.93852944","","3","Pat:44:46323","Level 0",""
"at:44:46323:4","Vorplatz","47.87718463","13.93856538","","","Pat:44:46323","Level 0",""
"at:44:46323:5","Park and Ride","47.87745576","13.93846656","","3","Pat:44:46323","Level 0",""
"at:44:46323:6","Abzw Bahnhst","47.87740154","13.94188016","","","Pat:44:46323","Level 0",""
"at:44:46340:0:1","Grünau im Almtal Bahnhof","47.85366294","13.95159993","","","Pat:44:46340","Level 0","1"
"at:44:46340:2","Vorplatz","47.85348813","13.95186044","","","Pat:44:46340","Level 0",""
"at:44:46340:3","Park and Ride","47.85350622","13.95105196","","3","Pat:44:46340","Level 0",""
"at:44:46340:4","Bike and Ride","47.85346402","13.95134840","","3","Pat:44:46340","Level 0",""
"at:44:46340:5","Zugang","47.85338566","13.95149213","","2","Pat:44:46340","Level 0",""
"at:44:46406:0:1","Traunkirchen Bahnhof","47.85533868","13.77712015","","","Pat:44:46406","Level 0","1"
"at:44:46406:0:2","Traunkirchen Bahnhof","47.85559787","13.77734473","","","Pat:44:46406","Level 0","2"
"at:44:46406:2","Bus SEV","47.85535677","13.77665303","","","Pat:44:46406","Level 0",""
"at:44:46406:3","Park+Ride","47.85513977","13.77674286","","3","Pat:44:46406","Level 0",""
"at:44:46406:4","Bike+Ride","47.85530252","13.77675184","","3","Pat:44:46406","Level 0",""
"at:44:46406:5","Zugang","47.85526032","13.77701235","","2","Pat:44:46406","Level 0",""
"at:44:46430:0:1","Traunkirchen Ort Bahnhof","47.84276330","13.78711840","","","Pat:44:46430","Level 0","1"
"at:44:46430:2","Zugang","47.84278138","13.78683094","","2","Pat:44:46430","Level 0",""
"at:44:46430:3","Aufgelassen!","47.84276932","13.78698365","","3","Pat:44:46430","Level 0",""
"at:44:46430:4","Aufgelassen!","47.84276932","13.78692976","","3","Pat:44:46430","Level 0",""
"at:44:46440:0:1","Ebensee Landungsplatz Bahnhst","47.81227673","13.77503606","","","Pat:44:46440","Level 0","1"
"at:44:46440:2","Vorplatz","47.81252408","13.77455995","","","Pat:44:46440","Level 0",""
"at:44:46440:3","Park and Ride","47.81271109","13.77425453","","3","Pat:44:46440","Level 0",""
"at:44:46440:4","Bike and Ride","47.81213798","13.77477555","","3","Pat:44:46440","Level 0",""
"at:44:46440:5","Zugang","47.81243359","13.77464979","","2","Pat:44:46440","Level 0",""
"at:44:46441:0:1","Ebensee Bahnhof","47.80439738","13.77146975","","","Pat:44:46441","Level 0","1"
"at:44:46441:0:2","Ebensee Bahnhof","47.80440944","13.77155958","","","Pat:44:46441","Level 0","2"
"at:44:46441:2","Bus","47.80427067","13.77095771","","","Pat:44:46441","Level 0",""
"at:44:46441:3","Zugang Bahnhof","47.80458442","13.77122720","","2","Pat:44:46441","Level 0",""
"at:44:46441:4","Bike+Ride Nord","47.80464475","13.77121822","","3","Pat:44:46441","Level 0",""
"at:44:46441:5","B+R Bus","47.80427067","13.77083195","","3","Pat:44:46441","Level 0",""
"at:44:46441:6","Park and Ride","47.80341991","13.77009533","","3","Pat:44:46441","Level 0",""
"at:44:46470:0:1","Steinkogel Bahnhst","47.78718653","13.74135822","","","Pat:44:46470","Level 0","1"
"at:44:46470:2","Standard","47.78721671","13.74183433","","","Pat:44:46470","Level 0",""
"at:44:46470:3","Zugang","47.78722878","13.74155585","","2","Pat:44:46470","Level 0",""
"at:44:46500:0:1","Bad Ischl Bahnhof","47.71218170","13.62745184","","","Pat:44:46500","Level 0","1"
"at:44:46500:0:2","Bad Ischl Bahnhof","47.71217566","13.62752371","","","Pat:44:46500","Level 0","2"
"at:44:46500:1","1","47.71181904","13.62702065","","","Pat:44:46500","Level 0",""
"at:44:46500:3","Bike+Ride","47.71295537","13.62746981","","3","Pat:44:46500","Level 0",""
"at:44:46500:4","Zugang Bahnhofsge","47.71215148","13.62711947","","2","Pat:44:46500","Level 0",""
"at:44:46500:5","Bus SEV","47.71200641","13.62690387","","","Pat:44:46500","Level 0",""
"at:44:46500:6","Zugang Süd","47.71157122","13.62717337","","2","Pat:44:46500","Level 0",""
"at:44:46500:7","Park and Ride Nord","47.71328781","13.62764049","","3","Pat:44:46500","Level 0",""
"at:44:46500:8","Park and Ride Süd","47.71100304","13.62699370","","3","Pat:44:46500","Level 0",""
"at:44:46534:0:1","Lauffen b.Bad Ischl Bahnhst","47.67491094","13.61663613","","","Pat:44:46534","Level 0","1"
"at:44:46534:2","Zugang 1","47.67420324","13.61624985","","2","Pat:44:46534","Level 0",""
"at:44:46570:0:1","Bad Goisern Jodschwefelbad Bahnhst","47.65855879","13.60882977","","","Pat:44:46570","Level 0","1"
"at:44:46570:0:2","Bad Goisern Jodschwefelbad Bahnhst","47.65855879","13.60873095","","","Pat:44:46570","Level 0","2"
"at:44:46570:2","B145","47.65854668","13.60943164","","","Pat:44:46570","Level 0",""
"at:44:46570:3","Vorplatz","47.65860114","13.60913519","","","Pat:44:46570","Level 0",""
"at:44:46570:4","Zugang","47.65869190","13.60904536","","2","Pat:44:46570","Level 0",""
"at:44:46571:0:1","Bad Goisern Bahnhof","47.63946572","13.61348304","","","Pat:44:46571","Level 0","1"
"at:44:46571:2","Bus Schienenersat","47.64018600","13.61284524","","","Pat:44:46571","Level 0",""
"at:44:46571:3","Park+Ride","47.64036758","13.61259371","","3","Pat:44:46571","Level 0",""
"at:44:46571:4","Bike+Ride","47.63960494","13.61349202","","3","Pat:44:46571","Level 0",""
"at:44:46571:5","Z1","47.63996205","13.61327643","","2","Pat:44:46571","Level 0",""
"at:44:46580:0:1","Steeg-Gosau Bahnhof","47.61645400","13.63173681","","","Pat:44:46580","Level 0","1"
"at:44:46580:0:2","Steeg-Gosau Bahnhof","47.61646611","13.63179969","","","Pat:44:46580","Level 0","2"
"at:44:46580:2","bus","47.61607250","13.63172782","","","Pat:44:46580","Level 0",""
"at:44:46580:3","Bike+Ride","47.61650850","13.63149426","","3","Pat:44:46580","Level 0",""
"at:44:46580:4","Park+Ride","47.61647822","13.63141341","","3","Pat:44:46580","Level 0",""
"at:44:46580:5","Zugang","47.61641767","13.63162901","","2","Pat:44:46580","Level 0",""
"at:44:46630:0:1","Obersee OÖ Bahnhst","47.59152380","13.66581889","","","Pat:44:46630","Level 0","1"
"at:44:46630:2","Bus SEV","47.59020306","13.66869350","","","Pat:44:46630","Level 0",""
"at:44:46630:3","Schiff","47.58972444","13.66672619","","","Pat:44:46630","Level 0",""
"at:44:46630:4","Zugang 1","47.59136628","13.66494752","","2","Pat:44:46630","Level 0",""
"at:44:46631:0:1","Hallstatt Bahnhst","47.56765455","13.66199207","","","Pat:44:46631","Level 0","1"
"at:44:46631:2","Zugang 1","47.56753333","13.66157884","","2","Pat:44:46631","Level 0",""
"at:44:46631:3","Schiff","47.56721208","13.66105782","","","Pat:44:46631","Level 0",""
"at:44:46631:4","B&R","47.56738180","13.66190223","","3","Pat:44:46631","Level 0",""
"at:44:46640:0:1","Obertraun-Dachsteinhöhlen Bahnhof","47.55765883","13.68354265","","","Pat:44:46640","Level 0","1"
"at:44:46640:0:2","Obertraun-Dachsteinhöhlen Bahnhof","47.55762852","13.68349773","","","Pat:44:46640","Level 0","2"
"at:44:46640:2","Bus Schienenersat","47.55778008","13.68395587","","","Pat:44:46640","Level 0",""
"at:44:46640:3","Park+Ride","47.55808925","13.68305756","","3","Pat:44:46640","Level 0",""
"at:44:46640:4","Bike+Ride","47.55778008","13.68357858","","3","Pat:44:46640","Level 0",""
"at:44:46640:5","Zugang","47.55779826","13.68346180","","2","Pat:44:46640","Level 0",""
"at:44:46641:0:1","Obertraun Koppenbrüllerhöhle Bahnhst","47.56418142","13.72027476","","","Pat:44:46641","Level 0","1"
"at:44:46641:2","Bus SEV","47.56439963","13.72026578","","","Pat:44:46641","Level 0",""
"at:44:46641:3","Zugang","47.56447843","13.72046341","","2","Pat:44:46641","Level 0",""
"at:44:46641:4","Bike and Ride","47.56433902","13.72059816","","3","Pat:44:46641","Level 0",""
"at:44:46790:0:1","Aurachkirchen Bahnhof","47.96779655","13.74567013","","","Pat:44:46790","Level 0","1"
"at:44:46790:2","Zugang 1","47.96815743","13.74568810","","2","Pat:44:46790","Level 0",""
"at:44:46790:3","Park and Ride","47.96850026","13.74551742","","3","Pat:44:46790","Level 0",""
"at:44:46790:4","Bike and Ride","47.96837396","13.74567013","","3","Pat:44:46790","Level 0",""
"at:44:46790:5","Standard + SEV","47.96837997","13.74572403","","","Pat:44:46790","Level 0",""
"at:44:46900:0:1","Oberland OÖ Bahnhof","47.90230964","14.74493809","","","Pat:44:46900","Level 0","1"
"at:44:46900:2","Zugang 1","47.90239395","14.74521657","","2","Pat:44:46900","Level 0",""
"at:44:46900:3","Bike and Ride","47.90243611","14.74535132","","3","Pat:44:46900","Level 0",""
"at:44:46900:4","Park and Ride","47.90249031","14.74548606","","3","Pat:44:46900","Level 0",""
"at:44:46910:0:1","Großraming Bahnhof","47.88208289","14.55160267","","","Pat:44:46910","Level 0","1"
"at:44:46910:2","Bus Vorplatz","47.88203469","14.55132420","","","Pat:44:46910","Level 0",""
"at:44:46910:3","Park+Ride 1","47.88246244","14.54966231","","3","Pat:44:46910","Level 0",""
"at:44:46910:4","Bike+Ride","47.88216723","14.55085707","","3","Pat:44:46910","Level 0",""
"at:44:46910:5","Zugang","47.88219735","14.55092894","","2","Pat:44:46910","Level 0",""
"at:44:46930:0:1","Küpfern Bahnhst","47.85867191","14.61042436","","","Pat:44:46930","Level 0","1"
"at:44:46930:2","Zugang","47.85794260","14.61162810","","2","Pat:44:46930","Level 0",""
"at:44:46930:3","Park+Ride","47.85818972","14.61122386","","3","Pat:44:46930","Level 0",""
"at:44:46940:0:1","Kastenreith Bahnhst","47.85148681","14.63779603","","","Pat:44:46940","Level 0","1"
"at:44:46940:0:2","Kastenreith Bahnhst","47.85075137","14.63792179","","","Pat:44:46940","Level 0","2"
"at:44:46940:2","Zugang","47.85076343","14.63806552","","2","Pat:44:46940","Level 0",""
"at:44:46940:3","Park+Ride","47.85054038","14.63833502","","3","Pat:44:46940","Level 0",""
"at:44:46940:4","Bus SEV","47.85079960","14.63829908","","","Pat:44:46940","Level 0",""
"at:44:46940:5","B&R","47.85060669","14.63823620","","3","Pat:44:46940","Level 0",""
"at:44:46942:0:1","Weyer/Enns Bahnhof","47.86210136","14.66776382","","","Pat:44:46942","Level 0","1"
"at:44:46942:0:2","Weyer/Enns Bahnhof","47.86213150","14.66770993","","","Pat:44:46942","Level 0","2"
"at:44:46942:2","Bus + SEV","47.86140826","14.66779976","","","Pat:44:46942","Level 0",""
"at:44:46942:3","Park and Ride","47.86155894","14.66762009","","3","Pat:44:46942","Level 0",""
"at:44:46942:4","Bike and Ride","47.86125758","14.66715297","","3","Pat:44:46942","Level 0",""
"at:44:46942:5","Zugang 1","47.86149264","14.66741348","","2","Pat:44:46942","Level 0",""
"at:44:46950:0:1","Kleinreifling Bahnhof","47.82422019","14.64224269","","","Pat:44:46950","Level 0","1"
"at:44:46950:0:2","Kleinreifling Bahnhof","47.82481729","14.64200913","","","Pat:44:46950","Level 0","2"
"at:44:46950:0:3","Kleinreifling Bahnhof","47.82481126","14.64192828","","","Pat:44:46950","Level 0","3"
"at:44:46950:3","Bus SEV","47.82394878","14.64265591","","","Pat:44:46950","Level 0",""
"at:44:46950:4","Park+Ride","47.82356880","14.64255710","","3","Pat:44:46950","Level 0",""
"at:44:46950:5","Zugang 1","47.82437701","14.64250320","","2","Pat:44:46950","Level 0",""
"at:44:46950:6","Zugang 2","47.82382212","14.64265591","","2","Pat:44:46950","Level 0",""
"at:44:46950:7","B+R","47.82384021","14.64253913","","3","Pat:44:46950","Level 0",""
"at:44:46960:0:1","Gaflenz Bahnhst","47.89389583","14.72412413","","","Pat:44:46960","Level 0","1"
"at:44:46960:2","Zugang 1","47.89399221","14.72375582","","2","Pat:44:46960","Level 0",""
"at:44:46960:3","Bike+Ride","47.89404642","14.72372887","","3","Pat:44:46960","Level 0",""
"at:44:46960:4","Park+Ride","47.89404642","14.72353124","","3","Pat:44:46960","Level 0",""
"at:44:47000:0:1","Vöcklabruck Bahnhof","48.00999615","13.66378870","","","Pat:44:47000","Level 0","1"
"at:44:47000:0:2","Vöcklabruck Bahnhof","48.00983389","13.66469599","","","Pat:44:47000","Level 0","2"
"at:44:47000:0:21","Vöcklabruck Bahnhof","48.01032068","13.66260292","","","Pat:44:47000","Level 0","21"
"at:44:47000:0:3","Vöcklabruck Bahnhof","48.00988197","13.66473193","","","Pat:44:47000","Level 0","3"
"at:44:47000:0:31","Vöcklabruck Bahnhof A","48.00958148","13.66430074","","","Pat:44:47000","Level 0","A"
"at:44:47000:11","Bike+Ride Ost","48.00972572","13.66443548","","3","Pat:44:47000","Level 0",""
"at:44:47000:4","Zugang Bhf","48.00976778","13.66364497","","2","Pat:44:47000","Level 0",""
"at:44:47000:5","Unterführung","48.00985192","13.66439057","","3","Pat:44:47000","Level -1",""
"at:44:47000:6","Bike+Ride West","48.01008630","13.66315089","","3","Pat:44:47000","Level 0",""
"at:44:47000:7","Park+Ride","48.00943124","13.66516312","","3","Pat:44:47000","Level 0",""
"at:44:47000:9","Zugang Ost","48.00987596","13.66411209","","2","Pat:44:47000","Level 0",""
"at:44:47060:0:1","Oberthalheim-Timelkam Bahnhst","48.00169003","13.62355315","","","Pat:44:47060","Level 0","1"
"at:44:47060:2","Bus SEV","48.00198455","13.62363400","","","Pat:44:47060","Level 0",""
"at:44:47060:3","Zugang 1","48.00185232","13.62373282","","2","Pat:44:47060","Level 0",""
"at:44:47063:0:1","Oberthalheim Straß","48.00297630","13.63008391","","","Pat:44:47063","Level 0","1"
"at:44:47063:0:2","Oberthalheim Straß","48.00286210","13.62997611","","","Pat:44:47063","Level 0","2"
"at:44:47120:0:1","Ottnang-Wolfsegg Bahnhof 1","48.09212584","13.66480379","","","Pat:44:47120","Level 0","1"
"at:44:47120:0:2","Ottnang-Wolfsegg Bahnhof 2","48.09215584","13.66484871","","","Pat:44:47120","Level 0","2"
"at:44:47120:2","bus","48.09203584","13.66446243","","","Pat:44:47120","Level 0",""
"at:44:47120:3","Park+Ride","48.09178983","13.66507329","","3","Pat:44:47120","Level 0",""
"at:44:47120:4","Bike+Ride","48.09187383","13.66488464","","3","Pat:44:47120","Level 0",""
"at:44:47120:5","Zugang","48.09205984","13.66478583","","2","Pat:44:47120","Level 0",""
"at:44:47130:0:1","Bergern am Hausruck Bahnhst","48.10099931","13.63084748","","","Pat:44:47130","Level 0","1"
"at:44:47130:2","Zugang 1","48.10076535","13.63155714","","2","Pat:44:47130","Level 0",""
"at:44:47130:3","Park and Ride","48.10095132","13.63146731","","3","Pat:44:47130","Level 0",""
"at:44:47150:0:1","Schwanenstadt Bahnhof","48.05423288","13.76848734","","","Pat:44:47150","Level 0","1"
"at:44:47150:0:2","Schwanenstadt Bahnhof","48.05392664","13.76765191","","","Pat:44:47150","Level 0","2"
"at:44:47150:0:3","Schwanenstadt Bahnhof","48.05396867","13.76758903","","","Pat:44:47150","Level 0","3"
"at:44:47150:10","Park+Ride 3","48.05350632","13.76755309","","3","Pat:44:47150","Level 0",""
"at:44:47150:11","Zugang2","48.05389061","13.76799327","","2","Pat:44:47150","Level 0",""
"at:44:47150:3","Bus SEV","48.05407676","13.76871192","","","Pat:44:47150","Level 0",""
"at:44:47150:4","Zugang1","48.05428091","13.76860412","","2","Pat:44:47150","Level 0",""
"at:44:47150:5","Bike+Ride1","48.05437699","13.76894548","","3","Pat:44:47150","Level 0",""
"at:44:47150:6","Bike+Ride2","48.05369246","13.76815497","","3","Pat:44:47150","Level 0",""
"at:44:47150:7","Park+Ride1","48.05469523","13.76935871","","3","Pat:44:47150","Level 0",""
"at:44:47150:8","Park+Ride 2","48.05381856","13.76809208","","3","Pat:44:47150","Level 0",""
"at:44:47150:9","Unterführung","48.05397468","13.76793039","","3","Pat:44:47150","Level -1",""
"at:44:47151:0:1","Breitenschützing Bahnhof","48.07887578","13.80115907","","","Pat:44:47151","Level 0","1"
"at:44:47151:0:2","Breitenschützing Bahnhof","48.07892980","13.80107822","","","Pat:44:47151","Level 0","2"
"at:44:47151:3","bus","48.07877975","13.80036855","","","Pat:44:47151","Level 0",""
"at:44:47151:4","Unterfürung","48.07879776","13.80097042","","3","Pat:44:47151","Level -1",""
"at:44:47151:5","Park+Ride","48.07849167","13.80017991","","3","Pat:44:47151","Level 0",""
"at:44:47151:6","Zugang 1","48.07871974","13.80057516","","2","Pat:44:47151","Level 0",""
"at:44:47151:7","Zugang 2","48.07849167","13.80111415","","2","Pat:44:47151","Level 0",""
"at:44:47200:0:1","Attnang-Puchheim Bahnhof","48.01224375","13.72059816","","","Pat:44:47200","Level 0","1"
"at:44:47200:0:2","Attnang-Puchheim Bahnhof","48.01228581","13.72049934","","","Pat:44:47200","Level 0","2"
"at:44:47200:0:3","Attnang-Puchheim Bahnhof","48.01232788","13.72040053","","","Pat:44:47200","Level 0","3"
"at:44:47200:0:4","Attnang-Puchheim Bahnhof","48.01236995","13.72030171","","","Pat:44:47200","Level 0","4"
"at:44:47200:0:5","Attnang-Puchheim Bahnhof","48.01241201","13.72019391","","","Pat:44:47200","Level 0","5"
"at:44:47200:11","Zugang4","48.01289878","13.71943035","","2","Pat:44:47200","Level 0",""
"at:44:47200:16","Park+Ride2","48.01266441","13.71919678","","3","Pat:44:47200","Level 0",""
"at:44:47200:17","Unterführung","48.01255624","13.72031968","","3","Pat:44:47200","Level -1",""
"at:44:47200:4","Zug Steig 6","48.01247211","13.72003222","","","Pat:44:47200","Level 0",""
"at:44:47200:5","Zug Steig 21","48.01158871","13.72001425","","","Pat:44:47200","Level 0",""
"at:44:47200:6","Zugang1","48.01224375","13.72142461","","2","Pat:44:47200","Level 0",""
"at:44:47200:7","Zugang2","48.01318122","13.71878356","","2","Pat:44:47200","Level 0",""
"at:44:47200:8","Park+Ride1","48.01345164","13.71864881","","3","Pat:44:47200","Level 0",""
"at:44:47200:9","Bike and Ride West","48.01345164","13.71908899","","3","Pat:44:47200","Level 0",""
"at:44:47230:0:1","Lehen-Altensam Bahnhst","48.03517682","13.70124844","","","Pat:44:47230","Level 0","1"
"at:44:47230:2","Zugang 1","48.03526091","13.70118556","","2","Pat:44:47230","Level 0",""
"at:44:47250:0:1","Wankham b.Attnang Bahnhst","47.99755450","13.73081200","","","Pat:44:47250","Level 0","1"
"at:44:47250:2","Bus SEV","47.99818567","13.73019216","","","Pat:44:47250","Level 0",""
"at:44:47250:3","Zugang 1","47.99807146","13.73034488","","2","Pat:44:47250","Level 0",""
"at:44:47250:4","Park+Ride","47.99807146","13.73046166","","3","Pat:44:47250","Level 0",""
"at:44:47250:5","Bike+Ride","47.99809550","13.73030894","","3","Pat:44:47250","Level 0",""
"at:44:47270:0:1","Lenzing OÖ Bahnhof","47.98314367","13.61360880","","","Pat:44:47270","Level 0","1"
"at:44:47270:0:31","Lenzing OÖ Bahnhof","47.98200121","13.61441729","","","Pat:44:47270","Level 0","B151"
"at:44:47270:0:32","Lenzing OÖ Bahnhof","47.98219964","13.61444424","","","Pat:44:47270","Level 0","B151"
"at:44:47270:2","bus","47.98287309","13.61328541","","","Pat:44:47270","Level 0",""
"at:44:47270:3","Bike+Ride","47.98284904","13.61350999","","3","Pat:44:47270","Level 0",""
"at:44:47270:4","Zugang Ost","47.98218761","13.61428254","","2","Pat:44:47270","Level 0",""
"at:44:47270:5","Unterführung","47.98215154","13.61400406","","3","Pat:44:47270","Level -1",""
"at:44:47270:6","Park+Ride","47.98355254","13.61314168","","3","Pat:44:47270","Level 0",""
"at:44:47270:8","Zugang 1","47.98341425","13.61333033","","2","Pat:44:47270","Level 0",""
"at:44:47271:0:1","Lenzing OÖ Ort Bahnhst","47.97175404","13.60676364","","","Pat:44:47271","Level 0","1"
"at:44:47271:0:21","Lenzing OÖ Ort Bahnhst","47.97118871","13.60625160","","","Pat:44:47271","Level 0","21"
"at:44:47271:0:22","Lenzing OÖ Ort Bahnhst","47.97084589","13.60625160","","","Pat:44:47271","Level 0","22"
"at:44:47271:3","Zugang","47.97124885","13.60627855","","2","Pat:44:47271","Level 0",""
"at:44:47271:4","Bike and Ride","47.97158565","13.60661991","","3","Pat:44:47271","Level 0",""
"at:44:47300:0:1","Siebenmühlen-Rosenau Bahnhst","47.95927309","13.60566770","","","Pat:44:47300","Level 0","1"
"at:44:47300:2","Zugang 1","47.95965809","13.60577550","","2","Pat:44:47300","Level 0",""
"at:44:47300:3","Bike+Ride","47.95963402","13.60570363","","3","Pat:44:47300","Level 0",""
"at:44:47301:0:1","Kammer-Schörfling Bahnhst","47.94854608","13.59623539","","","Pat:44:47301","Level 0",""
"at:44:47301:0:21","Kammer-Schörfling Bahnhst","47.94844980","13.59574131","","","Pat:44:47301","Level 0","Vorplatz"
"at:44:47301:3","Bike and Ride","47.94835353","13.59521131","","3","Pat:44:47301","Level 0",""
"at:44:47301:4","Park and Ride","47.94820311","13.59573233","","3","Pat:44:47301","Level 0",""
"at:44:47301:5","Zugang","47.94842574","13.59589403","","2","Pat:44:47301","Level 0",""
"at:44:47302:0:1","Siebenmühlen-Rosenau Bahnhst (B151)","47.95970019","13.60629652","","","Pat:44:47302","Level 0","1"
"at:44:47302:0:2","Siebenmühlen-Rosenau Bahnhst (B151)","47.95883996","13.60679059","","","Pat:44:47302","Level 0","2"
"at:44:47455:0:11","Nußbach Abzw Bahnhst","47.97292680","14.12967297","","","Pat:44:47455","Level 0","11"
"at:44:47455:0:12","Nußbach Abzw Bahnhst","47.97293883","14.12981670","","","Pat:44:47455","Level 0","12"
"at:44:47510:0:1","Grieskirchen-Gallspach Bahnhof","48.23125488","13.83839424","","","Pat:44:47510","Level 0","1"
"at:44:47510:0:2","Grieskirchen-Gallspach Bahnhof","48.23088388","13.83941832","","","Pat:44:47510","Level 0","2"
"at:44:47510:3","bus Steig A","48.23160195","13.83899611","","","Pat:44:47510","Level 0",""
"at:44:47510:4","Zugang Bahnhofsge","48.23143440","13.83912187","","2","Pat:44:47510","Level 0",""
"at:44:47510:5","Zugang Süd","48.23100954","13.83825051","","2","Pat:44:47510","Level 0",""
"at:44:47510:6","Unterführung","48.23084798","13.83964290","","3","Pat:44:47510","Level -1",""
"at:44:47510:7","Bike+Ride","48.23114119","13.83949018","","3","Pat:44:47510","Level 0",""
"at:44:47510:8","Park+Ride Süd","48.23110529","13.83816966","","3","Pat:44:47510","Level 0",""
"at:44:47510:9","bus Steig B & C","48.23173958","13.83940035","","","Pat:44:47510","Level 0",""
"at:44:47511:0:1","Schlüßlberg Bahnhof","48.22363680","13.86912560","","","Pat:44:47511","Level 0","1"
"at:44:47511:0:2","Schlüßlberg Bahnhof","48.22369066","13.86924239","","","Pat:44:47511","Level 0","2"
"at:44:47511:3","Unterführung","48.22403778","13.86765237","","3","Pat:44:47511","Level 0",""
"at:44:47511:4","Bike+Ride","48.22391809","13.86714033","","3","Pat:44:47511","Level 0",""
"at:44:47511:5","Park+Ride West","48.22393604","13.86735592","","3","Pat:44:47511","Level 0",""
"at:44:47511:6","Zugang zum Bahnho","48.22399589","13.86718524","","2","Pat:44:47511","Level 0",""
"at:44:47650:0:1","Obertrattnach-Markt Hofkirchen Bahnhst","48.24546469","13.76710394","","","Pat:44:47650","Level 0","1"
"at:44:47650:0:2","Obertrattnach-Markt Hofkirchen Bahnhst","48.24549461","13.76720275","","","Pat:44:47650","Level 0","2"
"at:44:47650:3","Standard","48.24629622","13.76681648","","","Pat:44:47650","Level 0",""
"at:44:47650:4","P+R Ost","48.24625435","13.76711292","","3","Pat:44:47650","Level 0",""
"at:44:47650:5","Bike+Ride","48.24608684","13.76658291","","3","Pat:44:47650","Level 0",""
"at:44:47650:6","Zugang West","48.24618256","13.76667275","","2","Pat:44:47650","Level 0",""
"at:44:47650:7","Zugang Ost","48.24616461","13.76695122","","2","Pat:44:47650","Level 0",""
"at:44:47750:0:1","Bad Schallerbach-Wallern Bahnhof","48.22879544","13.92205434","","","Pat:44:47750","Level 0","1"
"at:44:47750:0:2","Bad Schallerbach-Wallern Bahnhof","48.22858599","13.92268316","","","Pat:44:47750","Level 0","2"
"at:44:47750:3","BUS","48.22844237","13.92292571","","","Pat:44:47750","Level 0",""
"at:44:47750:4","Citybus","48.22903481","13.92217112","","","Pat:44:47750","Level 0",""
"at:44:47750:5","Zugang Süd","48.22844835","13.92269214","","2","Pat:44:47750","Level 0",""
"at:44:47750:6","Zugang Nord","48.22889717","13.92270113","","2","Pat:44:47750","Level 0",""
"at:44:47750:7","Park+Ride","48.22875953","13.92310537","","3","Pat:44:47750","Level 0",""
"at:44:47750:8","Unterführung","48.22866379","13.92262926","","3","Pat:44:47750","Level -1",""
"at:44:47750:9","Bike+Ride","48.22881339","13.92275503","","3","Pat:44:47750","Level 0",""
"at:44:47795:0:1","Kimpling Bahnhst","48.26660159","13.67075064","","","Pat:44:47795","Level 0","1"
"at:44:47795:0:2","Kimpling Bahnhst","48.26666736","13.67073267","","","Pat:44:47795","Level 0","2"
"at:44:47795:10","Zugang Nord","48.26661355","13.66923249","","2","Pat:44:47795","Level 0",""
"at:44:47795:3","Unterführung","48.26653581","13.66902587","","3","Pat:44:47795","Level -1",""
"at:44:47795:4","Bike+Ride Süd","48.26649993","13.66934028","","3","Pat:44:47795","Level 0",""
"at:44:47795:5","Bike+Ride Nord","48.26671520","13.66962775","","3","Pat:44:47795","Level 0",""
"at:44:47795:6","Park+Ride","48.26669128","13.66930435","","3","Pat:44:47795","Level 0",""
"at:44:47795:7","Zugang","48.26668530","13.66969961","","2","Pat:44:47795","Level 0",""
"at:44:47795:8","Bus SEV","48.26565079","13.66971758","","","Pat:44:47795","Level 0",""
"at:44:47795:9","Zugang Süd","48.26650591","13.66927740","","2","Pat:44:47795","Level 0",""
"at:44:47800:0:3","Timelkam Bahnhof","48.00809704","13.59598386","","","Pat:44:47800","Level 0","3"
"at:44:47800:0:4","Timelkam Bahnhof","48.00812108","13.59601979","","","Pat:44:47800","Level 0","4"
"at:44:47800:2","Zugang 1","48.00785664","13.59575928","","2","Pat:44:47800","Level 0",""
"at:44:47800:3","Park+Ride","48.00783861","13.59519334","","3","Pat:44:47800","Level 0",""
"at:44:47800:4","Bike+Ride","48.00762826","13.59628929","","3","Pat:44:47800","Level 0",""
"at:44:47800:5","Bus Schienenersat","48.00768235","13.59568741","","","Pat:44:47800","Level 0",""
"at:44:47840:0:1","Neukirchen-Gampern Bahnhst","48.02012758","13.55009791","","","Pat:44:47840","Level 0","1"
"at:44:47840:0:2","Neukirchen-Gampern Bahnhst","48.02019367","13.55011588","","","Pat:44:47840","Level 0","2"
"at:44:47840:3","Überführung","48.02027178","13.54950503","","3","Pat:44:47840","Level 1",""
"at:44:47840:4","Zugang Nord","48.02045204","13.54916367","","2","Pat:44:47840","Level 0",""
"at:44:47840:5","Zugang Süd","48.02019968","13.54899299","","2","Pat:44:47840","Level 0",""
"at:44:47840:6","Park and Ride 1","48.02006148","13.54874146","","3","Pat:44:47840","Level 0",""
"at:44:47840:7","Park and Ride 2","48.02051212","13.54932536","","3","Pat:44:47840","Level 0",""
"at:44:47840:8","Bus SEV","48.02013359","13.54890315","","","Pat:44:47840","Level 0",""
"at:44:47841:0:1","Redl-Zipf Bahnhst","48.02624993","13.51485701","","","Pat:44:47841","Level 0","1"
"at:44:47841:0:2","Redl-Zipf Bahnhst","48.02629199","13.51487497","","","Pat:44:47841","Level 0","2"
"at:44:47841:2","Standard","48.02615982","13.51432700","","","Pat:44:47841","Level 0",""
"at:44:47841:3","Bike and Ride","48.02616582","13.51454260","","3","Pat:44:47841","Level 0",""
"at:44:47841:4","Park and Ride","48.02630400","13.51377903","","3","Pat:44:47841","Level 0",""
"at:44:47841:5","Zugang","48.02603966","13.51462344","","2","Pat:44:47841","Level 0",""
"at:44:47860:0:1","Vöcklamarkt Bahnhof","47.99814960","13.48956943","","","Pat:44:47860","Level 0","1"
"at:44:47860:0:2","Vöcklamarkt Bahnhof","47.99801135","13.48968621","","","Pat:44:47860","Level 0","2"
"at:44:47860:10","Zugang Sued","47.99769275","13.48958740","","2","Pat:44:47860","Level 0",""
"at:44:47860:11","Standard + SEV","47.99766871","13.48950655","","","Pat:44:47860","Level 0",""
"at:44:47860:3","Lokalbahn","47.99798129","13.48970418","","","Pat:44:47860","Level 0",""
"at:44:47860:4","Standard","47.99813758","13.48887773","","","Pat:44:47860","Level 0",""
"at:44:47860:5","Unterführung","47.99782500","13.48885078","","3","Pat:44:47860","Level -1",""
"at:44:47860:6","Bike+Ride1","47.99804741","13.48903942","","3","Pat:44:47860","Level 0",""
"at:44:47860:7","Park+Ride1","47.99842010","13.48958740","","3","Pat:44:47860","Level 0",""
"at:44:47860:8","Park+Ride2","47.99787309","13.48822196","","3","Pat:44:47860","Level 0",""
"at:44:47860:9","Zugang Nord","47.99810151","13.48904841","","2","Pat:44:47860","Level 0",""
"at:44:47870:0:1","Frankenmarkt Bahnhof","47.98310759","13.43224793","","","Pat:44:47870","Level 0","1"
"at:44:47870:0:2","Frankenmarkt Bahnhof","47.98295126","13.43234675","","","Pat:44:47870","Level 0","2"
"at:44:47870:0:3","Frankenmarkt Bahnhof","47.98289714","13.43238268","","","Pat:44:47870","Level 0","3"
"at:44:47870:10","Park+Ride Nord","47.98297531","13.43114300","","3","Pat:44:47870","Level 0",""
"at:44:47870:3","BUS SEV","47.98340222","13.43244556","","","Pat:44:47870","Level 0",""
"at:44:47870:4","Zugang1","47.98318576","13.43188861","","2","Pat:44:47870","Level 0",""
"at:44:47870:5","Zugang2","47.98275283","13.43247251","","2","Pat:44:47870","Level 0",""
"at:44:47870:6","Unterführung","47.98308354","13.43261624","","3","Pat:44:47870","Level -1",""
"at:44:47870:7","Park+Ride Süd","47.98269270","13.43232878","","3","Pat:44:47870","Level 0",""
"at:44:47870:8","Bike+Ride1","47.98328196","13.43222997","","3","Pat:44:47870","Level 0",""
"at:44:47870:9","Bike+Ride 2","47.98280093","13.43253539","","3","Pat:44:47870","Level 0",""
"at:44:47880:0:1","Pöndorf Bahnhof","47.98704587","13.35499282","","","Pat:44:47880","Level 0","1"
"at:44:47880:0:2","Pöndorf Bahnhof","47.98631235","13.35658284","","","Pat:44:47880","Level 0","2"
"at:44:47880:3","Zugang Nord","47.98652880","13.35652894","","2","Pat:44:47880","Level 0",""
"at:44:47880:4","Bike+Ride","47.98667310","13.35610673","","3","Pat:44:47880","Level 0",""
"at:44:47880:5","Park+Ride 1","47.98687151","13.35622351","","3","Pat:44:47880","Level 0",""
"at:44:47880:6","Zugang Süd","47.98627026","13.35626843","","2","Pat:44:47880","Level -1",""
"at:44:47880:7","Bus Schienenersat","47.98682341","13.35590910","","","Pat:44:47880","Level 0",""
"at:44:47880:8","Park+Ride 2","47.98647469","13.35666368","","3","Pat:44:47880","Level -1",""
"at:44:47880:9","Zwischengeschoss","47.98663703","13.35616063","","3","Pat:44:47880","Level -1",""
"at:44:47901:0:1","Oberhofen-Zell am Moos Bahnhst","47.95904449","13.30199222","","","Pat:44:47901","Level 0","1"
"at:44:47901:0:2","Oberhofen-Zell am Moos Bahnhst","47.95910465","13.30193832","","","Pat:44:47901","Level 0","2"
"at:44:47901:3","Standard","47.95874972","13.30168679","","","Pat:44:47901","Level 0",""
"at:44:47901:4","Unterführung","47.95871964","13.30088729","","3","Pat:44:47901","Level -1",""
"at:44:47901:5","Park+Ride","47.95878582","13.30187543","","3","Pat:44:47901","Level 0",""
"at:44:47901:6","Bike+Ride","47.95873769","13.30173170","","3","Pat:44:47901","Level 0",""
"at:44:47901:7","Zugang Nord","47.95895426","13.30139034","","2","Pat:44:47901","Level 0",""
"at:44:47901:8","Zugang Süd","47.95889410","13.30165086","","2","Pat:44:47901","Level 0",""
"at:44:47906:0:1","Attnang-Puchheim Bahnhof (Obergeschoss/B1)","48.01217764","13.72102935","","","Pat:44:47906","Level 0","1"
"at:44:47980:0:1","Wolfshütte Bahnhst","48.05291786","13.68156636","","","Pat:44:47980","Level 0","1"
"at:44:47980:2","Zugang 1","48.05309800","13.68138669","","2","Pat:44:47980","Level 0",""
"at:44:47980:3","Bike and Ride","48.05323010","13.68135076","","3","Pat:44:47980","Level 0",""
"at:44:48000:0:1","Ried im Innkreis Bahnhof","48.20054822","13.48830281","","","Pat:44:48000","Level 0","1"
"at:44:48000:0:2","Ried im Innkreis Bahnhof","48.20053026","13.48796145","","","Pat:44:48000","Level 0","2"
"at:44:48000:0:3","Ried im Innkreis Bahnhof","48.20047039","13.48813213","","","Pat:44:48000","Level 0","3"
"at:44:48000:0:4","Ried im Innkreis Bahnhof","48.20043446","13.48805128","","","Pat:44:48000","Level 0","4"
"at:44:48000:0:5","Ried im Innkreis Bahnhof","48.20037458","13.48824891","","","Pat:44:48000","Level 0","5"
"at:44:48000:2","bus","48.20054822","13.49037791","","","Pat:44:48000","Level 0",""
"at:44:48000:3","Bike+Ride","48.20058415","13.48892264","","3","Pat:44:48000","Level 0",""
"at:44:48000:4","Park+Ride","48.20101525","13.48788958","","3","Pat:44:48000","Level 0",""
"at:44:48000:5","Zugang","48.20076377","13.48813213","","2","Pat:44:48000","Level 0",""
"at:44:48050:0:1","Bad Ried Bahnhst","48.21263556","13.47767574","","","Pat:44:48050","Level 0","1"
"at:44:48050:2","City Bus","48.21197110","13.47721760","","","Pat:44:48050","Level 0",""
"at:44:48050:3","Bike+Ride","48.21239013","13.47772065","","3","Pat:44:48050","Level 0",""
"at:44:48050:4","Zugang","48.21217463","13.47774760","","2","Pat:44:48050","Level 0",""
"at:44:48060:0:1","Oberbrunn im Innkreis Bahnhst","48.17099738","13.51235969","","","Pat:44:48060","Level 0","1"
"at:44:48060:2","Zugang 1","48.17102135","13.51288970","","2","Pat:44:48060","Level 0",""
"at:44:48080:0:1","Neuratting Bahnhst","48.22707795","13.37418982","","","Pat:44:48080","Level 0","1"
"at:44:48080:2","Zugang 1","48.22735323","13.37343523","","2","Pat:44:48080","Level 0",""
"at:44:48081:0:1","Gurten OÖ Bahnhst","48.24411867","13.33438546","","","Pat:44:48081","Level 0","1"
"at:44:48081:0:2","Gurten OÖ Bahnhst","48.24410072","13.33432258","","","Pat:44:48081","Level 0","2"
"at:44:48081:2","Bus SEV","48.24326916","13.33547243","","","Pat:44:48081","Level 0",""
"at:44:48081:3","Zugang Bahnsteig","48.24352043","13.33502327","","2","Pat:44:48081","Level 0",""
"at:44:48081:4","Bike+Ride","48.24345462","13.33513107","","3","Pat:44:48081","Level 0",""
"at:44:48081:5","Park+Ride","48.24363409","13.33495140","","3","Pat:44:48081","Level 0",""
"at:44:48101:0:1","Aurolzmünster Bahnhst","48.24909579","13.45804755","","","Pat:44:48101","Level 0","1"
"at:44:48101:2","Zugang 1","48.24888044","13.45807450","","2","Pat:44:48101","Level 0",""
"at:44:48101:3","Hammerschmiedweg","48.24882063","13.45791280","","","Pat:44:48101","Level 0",""
"at:44:48101:4","Bike and Ride","48.24893428","13.45821823","","3","Pat:44:48101","Level 0",""
"at:44:48101:5","Schärdinger Straße","48.25025625","13.45327749","","","Pat:44:48101","Level 0",""
"at:44:48140:0:1","St.Martin im Innkreis Bahnhof","48.28879369","13.43369422","","","Pat:44:48140","Level 0","1"
"at:44:48140:0:2","St.Martin im Innkreis Bahnhof","48.28879967","13.43362235","","","Pat:44:48140","Level 0","2"
"at:44:48140:2","Zugang","48.28887737","13.43399965","","2","Pat:44:48140","Level 0",""
"at:44:48140:3","Park+Ride","48.28873392","13.43398168","","3","Pat:44:48140","Level 0",""
"at:44:48140:4","Bus Schienenersat","48.28806447","13.43424219","","","Pat:44:48140","Level 0",""
"at:44:48140:5","Bike and Ride","48.28862633","13.43391880","","3","Pat:44:48140","Level 0",""
"at:44:48141:0:1","Hart im Innkreis Bahnhst","48.31641871","13.41505418","","","Pat:44:48141","Level 0","1"
"at:44:48141:2","Zugang 1","48.31597663","13.41530571","","2","Pat:44:48141","Level 0",""
"at:44:48141:3","Bus SEV","48.31589897","13.41544944","","","Pat:44:48141","Level 0",""
"at:44:48141:4","B&R","48.31576157","13.41520689","","3","Pat:44:48141","Level 0",""
"at:44:48170:0:1","Kumpfmühl Bahnhof","48.26926850","13.62032820","","","Pat:44:48170","Level 0","1"
"at:44:48170:0:2","Kumpfmühl Bahnhof","48.26927448","13.62043600","","","Pat:44:48170","Level 0","2"
"at:44:48170:3","Unterführung","48.26958541","13.62025634","","3","Pat:44:48170","Level -1",""
"at:44:48170:4","Park+Ride West","48.26938211","13.62012159","","3","Pat:44:48170","Level 0",""
"at:44:48170:5","Bike+Ride West","48.26906520","13.62027430","","3","Pat:44:48170","Level 0",""
"at:44:48170:6","Bike+Ride Ost","48.26928644","13.62050787","","3","Pat:44:48170","Level 0",""
"at:44:48170:7","Zugang West","48.26920870","13.62020244","","2","Pat:44:48170","Level 0",""
"at:44:48170:8","Zugang Ost","48.26943592","13.62041803","","2","Pat:44:48170","Level 0",""
"at:44:48170:9","Park+Ride Ost","48.26950170","13.62062465","","3","Pat:44:48170","Level 0",""
"at:44:48171:0:1","Riedau Bahnhof","48.30345360","13.62653556","","","Pat:44:48171","Level 0","1"
"at:44:48171:0:2","Riedau Bahnhof","48.30346555","13.62645471","","","Pat:44:48171","Level 0","2"
"at:44:48171:2","bus","48.30475624","13.62726320","","","Pat:44:48171","Level 0",""
"at:44:48171:3","Zugang Ost","48.30467856","13.62711048","","2","Pat:44:48171","Level 0",""
"at:44:48171:4","Zugang West","48.30477416","13.62643675","","2","Pat:44:48171","Level 0",""
"at:44:48171:5","Bike+Ride Ost","48.30486977","13.62717337","","3","Pat:44:48171","Level 0",""
"at:44:48171:6","Bike+Ride West","48.30485184","13.62651760","","3","Pat:44:48171","Level 0",""
"at:44:48171:7","Park+Ride Ost","48.30441564","13.62704760","","3","Pat:44:48171","Level 0",""
"at:44:48171:8","Park+Ride West","48.30448735","13.62642776","","3","Pat:44:48171","Level 0",""
"at:44:48171:9","Unterführung","48.30488172","13.62684997","","3","Pat:44:48171","Level -1",""
"at:44:48190:0:1","Peterskirchen Bahnhof","48.23391765","13.54977452","","","Pat:44:48190","Level 0","1"
"at:44:48190:2","Zugang1","48.23392364","13.54939723","","2","Pat:44:48190","Level 0",""
"at:44:48190:3","Zugang2","48.23392364","13.54833722","","2","Pat:44:48190","Level 0",""
"at:44:48190:4","Bike+Ride","48.23398347","13.54921757","","3","Pat:44:48190","Level 0",""
"at:44:48190:5","Bus Schienenersat","48.23402536","13.54826535","","","Pat:44:48190","Level 0",""
"at:44:48201:0:1","Pram-Haag Bahnhof","48.23173958","13.61749851","","","Pat:44:48201","Level 0","1"
"at:44:48201:0:2","Pram-Haag Bahnhof","48.23177548","13.61749851","","","Pat:44:48201","Level 0","2"
"at:44:48201:2","Zugang West","48.23166777","13.61639358","","2","Pat:44:48201","Level 0",""
"at:44:48201:3","Bike+Ride","48.23164982","13.61671698","","3","Pat:44:48201","Level 0",""
"at:44:48201:4","Park+Ride","48.23148227","13.61729190","","3","Pat:44:48201","Level 0",""
"at:44:48201:5","Bus Schienenersat","48.23155408","13.61696850","","","Pat:44:48201","Level 0",""
"at:44:48210:0:1","Wendling b.Haag Bahnhof","48.24640390","13.65021515","","","Pat:44:48210","Level 0","1"
"at:44:48210:2","bus","48.24624238","13.64911022","","","Pat:44:48210","Level 0",""
"at:44:48210:3","Zugang","48.24606890","13.64976599","","2","Pat:44:48210","Level 0",""
"at:44:48300:0:1","Eberschwang Bahnhof","48.15180477","13.53691065","","","Pat:44:48300","Level 0","1"
"at:44:48300:2","Zugang 1","48.15167892","13.53677590","","2","Pat:44:48300","Level 0",""
"at:44:48300:3","Park+Ride","48.15163696","13.53696454","","3","Pat:44:48300","Level 0",""
"at:44:48300:4","Bike+Ride","48.15155905","13.53669505","","3","Pat:44:48300","Level 0",""
"at:44:48300:5","Bus Schienenersat","48.15159501","13.53704539","","","Pat:44:48300","Level 0",""
"at:44:48310:0:1","Hausruck Bahnhof","48.12966714","13.57165748","","","Pat:44:48310","Level 0","1"
"at:44:48310:2","Zugang 1","48.12964315","13.57129815","","2","Pat:44:48310","Level 0",""
"at:44:48310:3","Park and Ride","48.12964915","13.57104663","","3","Pat:44:48310","Level 0",""
"at:44:48310:4","Bike and Ride","48.12970311","13.57133409","","3","Pat:44:48310","Level 0",""
"at:44:48315:0:1","Schalchen-Mattighofen Bahnhst","48.09523983","13.16360675","","","Pat:44:48315","Level 0","1"
"at:44:48315:2","Zugang","48.09582181","13.16297793","","2","Pat:44:48315","Level 0",""
"at:44:48315:3","Bike and Ride","48.09575581","13.16302284","","3","Pat:44:48315","Level 0",""
"at:44:48320:0:1","Holzleithen am Hausruck Bahnhst","48.11355395","13.60661991","","","Pat:44:48320","Level 0","1"
"at:44:48320:2","Zugang 1","48.11348198","13.60653906","","2","Pat:44:48320","Level 0",""
"at:44:48320:3","Park and Ride","48.11346399","13.60617974","","3","Pat:44:48320","Level 0",""
"at:44:48320:4","Bike and Ride","48.11343999","13.60635940","","3","Pat:44:48320","Level 0",""
"at:44:48500:0:1","Schärding Bahnhof 1","48.46422044","13.44211143","","","Pat:44:48500","Level 1","1"
"at:44:48500:0:3","Schärding Bahnhof 3","48.46426214","13.44233601","","","Pat:44:48500","Level 1","3"
"at:44:48500:10","Park+Ride O2","48.46363073","13.44286602","","3","Pat:44:48500","Level 0",""
"at:44:48500:11","Unterführung","48.46414301","13.44220127","","3","Pat:44:48500","Level -1",""
"at:44:48500:12","Zugang West","48.46437531","13.44195872","","2","Pat:44:48500","Level 0",""
"at:44:48500:13","Zugang Ost","48.46408344","13.44274924","","2","Pat:44:48500","Level 0",""
"at:44:48500:14","Park+Ride O1","48.46453614","13.44249771","","3","Pat:44:48500","Level 0",""
"at:44:48500:15","Bike+Ride Ost","48.46416088","13.44264144","","3","Pat:44:48500","Level 0",""
"at:44:48500:2","Bus SEV","48.46363073","13.44221923","","","Pat:44:48500","Level 0",""
"at:44:48500:3","Bike+Ride W1","48.46369030","13.44200364","","3","Pat:44:48500","Level 0",""
"at:44:48500:4","Park+Ride W1","48.46376774","13.44159041","","3","Pat:44:48500","Level 0",""
"at:44:48500:5","Zugang UNT","48.46411322","13.44185991","","2","Pat:44:48500","Level 0",""
"at:44:48500:6","Park+Ride W2","48.46276105","13.44246178","","3","Pat:44:48500","Level 0",""
"at:44:48500:7","Park+Ride W3","48.46508414","13.44160838","","3","Pat:44:48500","Level 0",""
"at:44:48500:8","Bike+Ride W2","48.46442297","13.44192279","","3","Pat:44:48500","Level 0",""
"at:44:48530:0:1","Wernstein/Inn Bahnhof","48.50638768","13.45745466","","","Pat:44:48530","Level 0","1"
"at:44:48530:0:2","Wernstein/Inn Bahnhof","48.50635792","13.45755347","","","Pat:44:48530","Level 0","2"
"at:44:48530:2","Zugang","48.50656623","13.45733788","","2","Pat:44:48530","Level 0",""
"at:44:48530:3","Park+Ride","48.50675073","13.45726601","","3","Pat:44:48530","Level 0",""
"at:44:48530:4","Bike+Ride","48.50670907","13.45744568","","3","Pat:44:48530","Level 0",""
"at:44:48530:5","Bus Schienenersat","48.50697689","13.45712228","","","Pat:44:48530","Level 0",""
"at:44:48531:0:1","Gopperding Bahnhst","48.44099028","13.45832602","","","Pat:44:48531","Level 1","1"
"at:44:48531:2","Zug Steig 2","48.44075190","13.45862247","","","Pat:44:48531","Level 1",""
"at:44:48531:3","Zugang1","48.44048373","13.45837094","","2","Pat:44:48531","Level 0",""
"at:44:48531:5","Bike+Ride","48.44041818","13.45842484","","3","Pat:44:48531","Level 0",""
"at:44:48531:6","Park+Ride","48.44088897","13.45800263","","3","Pat:44:48531","Level 0",""
"at:44:48790:0:1","Taufkirchen/Pram Bahnhof","48.40729690","13.52127098","","","Pat:44:48790","Level 0","1"
"at:44:48790:0:2","Taufkirchen/Pram Bahnhof","48.40724323","13.52122606","","","Pat:44:48790","Level 0","2"
"at:44:48790:2","bus","48.40695699","13.52317541","","","Pat:44:48790","Level 0",""
"at:44:48790:3","Bike+Ride","48.40699874","13.52296879","","3","Pat:44:48790","Level 0",""
"at:44:48790:4","Unterführung","48.40679002","13.52285201","","3","Pat:44:48790","Level -1",""
"at:44:48790:5","Zugang Süd","48.40667075","13.52247472","","2","Pat:44:48790","Level 0",""
"at:44:48790:6","Park+Ride Nord 2","48.40716571","13.52242082","","3","Pat:44:48790","Level 0",""
"at:44:48790:7","Park+Ride S","48.40674828","13.52223217","","3","Pat:44:48790","Level 0",""
"at:44:48790:8","Park+Ride Nord 1","48.40692718","13.52324727","","3","Pat:44:48790","Level 0",""
"at:44:48790:9","Zugang Nord","48.40698085","13.52300473","","2","Pat:44:48790","Level 0",""
"at:44:48800:0:1","Andorf Bahnhof","48.36979781","13.56579148","","","Pat:44:48800","Level 0","1"
"at:44:48800:0:2","Andorf Bahnhof","48.36979781","13.56569267","","","Pat:44:48800","Level 0","2"
"at:44:48800:1","Park and Ride 1","48.36974410","13.56523453","","3","Pat:44:48800","Level 0",""
"at:44:48800:2","Zugang 1","48.36979185","13.56545911","","2","Pat:44:48800","Level 0",""
"at:44:48800:3","Park and Ride 2","48.37009023","13.56598013","","3","Pat:44:48800","Level 0",""
"at:44:48800:4","Zugang 2","48.36964862","13.56617776","","2","Pat:44:48800","Level 0",""
"at:44:48800:6","Standard + SEV","48.36998281","13.56625861","","","Pat:44:48800","Level 0",""
"at:44:48800:7","Unterführung","48.36964862","13.56566572","","3","Pat:44:48800","Level -1",""
"at:44:48880:0:1","Zell/Pram Bahnhof","48.31704597","13.62420893","","","Pat:44:48880","Level 0","1"
"at:44:48880:0:2","Zell/Pram Bahnhof","48.31702207","13.62436164","","","Pat:44:48880","Level 0","2"
"at:44:48880:10","Bus Schienenersat","48.31737453","13.62433469","","","Pat:44:48880","Level 0",""
"at:44:48880:3","Zugang Ost","48.31748206","13.62414604","","2","Pat:44:48880","Level 0",""
"at:44:48880:4","Zugang West","48.31708778","13.62400231","","2","Pat:44:48880","Level 0",""
"at:44:48880:5","Unterführung","48.31739843","13.62392146","","3","Pat:44:48880","Level -1",""
"at:44:48880:6","Bike+Ride Ost","48.31745219","13.62398435","","3","Pat:44:48880","Level 0",""
"at:44:48880:7","Bike+Ride West","48.31718934","13.62393943","","3","Pat:44:48880","Level 0",""
"at:44:48880:8","Park+Ride Ost","48.31745816","13.62424486","","3","Pat:44:48880","Level 0",""
"at:44:48880:9","Park+Ride West","48.31703999","13.62388553","","3","Pat:44:48880","Level 0",""
"at:44:48900:0:1","Suben Bahnhof","48.40266321","13.43311031","","","Pat:44:48900","Level 0","1"
"at:44:48900:2","Bus Schienenersat","48.40374265","13.43340676","","","Pat:44:48900","Level 0",""
"at:44:48900:3","Park+Ride","48.40346236","13.43337981","","3","Pat:44:48900","Level 0",""
"at:44:48900:4","Bike+Ride","48.40301508","13.43311031","","3","Pat:44:48900","Level 0",""
"at:44:48900:5","Zugang","48.40283020","13.43304743","","2","Pat:44:48900","Level 0",""
"at:44:48920:0:1","Dietrichshofen Bahnhst","48.37019168","13.42217782","","","Pat:44:48920","Level 0","1"
"at:44:48920:2","Bus SEV","48.37001862","13.42164781","","","Pat:44:48920","Level 0",""
"at:44:48920:3","Zugang Süd","48.36986346","13.42162086","","2","Pat:44:48920","Level -1",""
"at:44:48930:0:1","Antiesenhofen Bahnhof","48.34763496","13.40209149","","","Pat:44:48930","Level 0","1"
"at:44:48930:0:2","Antiesenhofen Bahnhof","48.34741405","13.40213640","","","Pat:44:48930","Level 0","2"
"at:44:48930:2","Bus + SEV","48.34750361","13.40187589","","","Pat:44:48930","Level 0",""
"at:44:48930:3","Park and Ride","48.34754540","13.40162436","","3","Pat:44:48930","Level 0",""
"at:44:48930:4","Bike and Ride","48.34761705","13.40173216","","3","Pat:44:48930","Level 0",""
"at:44:48930:5","Zugang 1","48.34755137","13.40198369","","2","Pat:44:48930","Level 0",""
"at:44:49000:0:1","Braunau/Inn Bahnhof","48.25905455","13.04815527","","","Pat:44:49000","Level 0","1"
"at:44:49000:0:2","Braunau/Inn Bahnhof","48.25910838","13.04838883","","","Pat:44:49000","Level 0","2"
"at:44:49000:0:21","Braunau/Inn Bahnhof 1","48.25889906","13.04863137","","","Pat:44:49000","Level 0","1"
"at:44:49000:0:3","Braunau/Inn Bahnhof","48.25916221","13.04839781","","","Pat:44:49000","Level 0","3"
"at:44:49000:3","Bike+Ride Süd","48.25897681","13.04767018","","3","Pat:44:49000","Level 0",""
"at:44:49000:4","Park+Ride Süd","48.25876748","13.04876612","","3","Pat:44:49000","Level 0",""
"at:44:49000:5","Zugang Bahnhofsge","48.25885121","13.04831696","","2","Pat:44:49000","Level 0",""
"at:44:49000:6","Unterführung","48.25919211","13.04849663","","3","Pat:44:49000","Level -1",""
"at:44:49000:7","Bike+Ride Nord","48.25944330","13.04837086","","3","Pat:44:49000","Level 0",""
"at:44:49000:8","Park+Ride Nord","48.25955693","13.04862239","","3","Pat:44:49000","Level 0",""
"at:44:49000:9","Zugang Nord","48.25940741","13.04836188","","2","Pat:44:49000","Level 0",""
"at:44:49100:0:1","Hagenau im Innkreis Bahnhst","48.26530994","13.11466653","","","Pat:44:49100","Level 0","1"
"at:44:49100:2","Zugang 1","48.26508270","13.11392991","","2","Pat:44:49100","Level 0",""
"at:44:49100:4","Park+Ride","48.26499300","13.11416347","","3","Pat:44:49100","Level 0",""
"at:44:49110:0:1","Mining Bahnhof","48.27133735","13.17188023","","","Pat:44:49110","Level 0","1"
"at:44:49110:0:2","Mining Bahnhof","48.27126560","13.17187125","","","Pat:44:49110","Level 0","2"
"at:44:49110:2","Schienenersatzver","48.27150477","13.17131429","","","Pat:44:49110","Level 0",""
"at:44:49110:3","Bike+Ride","48.27142106","13.17093700","","3","Pat:44:49110","Level 0",""
"at:44:49110:4","Park+Ride","48.27140312","13.17141311","","3","Pat:44:49110","Level 0",""
"at:44:49110:5","Zugang","48.27142106","13.17081123","","2","Pat:44:49110","Level 0",""
"at:44:49120:0:1","Mühlheim/Inn Bahnhst","48.26970500","13.22061383","","","Pat:44:49120","Level 0","1"
"at:44:49120:2","Bike and Ride","48.26964520","13.22097316","","3","Pat:44:49120","Level 0",""
"at:44:49120:3","Zugang","48.26968706","13.22091028","","2","Pat:44:49120","Level 0",""
"at:44:49120:4","Bus + SEV","48.26952561","13.22142232","","","Pat:44:49120","Level 0",""
"at:44:49130:0:1","Obernberg-Altheim Bahnhof","48.27053613","13.25777714","","","Pat:44:49130","Level 0","1"
"at:44:49130:0:2","Obernberg-Altheim Bahnhof","48.27048231","13.25775917","","","Pat:44:49130","Level 0","2"
"at:44:49130:2","SEV","48.27045840","13.25927732","","","Pat:44:49130","Level 0",""
"at:44:49130:3","Park and Ride","48.27048829","13.25938512","","3","Pat:44:49130","Level 0",""
"at:44:49130:4","Zugang","48.27037469","13.25897190","","2","Pat:44:49130","Level 0",""
"at:44:49130:5","Bike and Ride","48.27038664","13.25919648","","3","Pat:44:49130","Level 0",""
"at:44:49131:0:1","Geinberg Bahnhst","48.26627270","13.29072734","","","Pat:44:49131","Level 0","1"
"at:44:49131:2","Zugang","48.26623084","13.29143701","","2","Pat:44:49131","Level 0",""
"at:44:49131:3","Bike+Ride","48.26622486","13.29123938","","3","Pat:44:49131","Level 0",""
"at:44:49131:4","Park+Ride","48.26644611","13.29158074","","3","Pat:44:49131","Level 0",""
"at:44:49190:0:1","St.Georgen/Mattig Bahnhof","48.21635877","13.09880228","","","Pat:44:49190","Level 0","1"
"at:44:49190:0:21","St.Georgen/Mattig Bahnhof","48.21583203","13.09826329","","","Pat:44:49190","Level 0","21"
"at:44:49190:3","Park+Ride","48.21631687","13.09867652","","3","Pat:44:49190","Level 0",""
"at:44:49190:4","Bike+Ride","48.21625103","13.09878432","","3","Pat:44:49190","Level 0",""
"at:44:49190:5","Zugang","48.21632285","13.09873940","","2","Pat:44:49190","Level 0",""
"at:44:49210:0:1","Mauerkirchen Bahnhof","48.19135060","13.12888686","","","Pat:44:49210","Level 0","1"
"at:44:49210:0:2","Mauerkirchen Bahnhof","48.19156619","13.12883296","","","Pat:44:49210","Level 0","2"
"at:44:49210:0:31","Mauerkirchen Bahnhof","48.19187160","13.12907551","","","Pat:44:49210","Level 0","31"
"at:44:49210:2","Bahnhofstraße","48.19132664","13.12978518","","","Pat:44:49210","Level 0",""
"at:44:49210:4","Park and Ride","48.19196143","13.12908449","","3","Pat:44:49210","Level 0",""
"at:44:49210:5","Bike and Ride","48.19163805","13.12908449","","3","Pat:44:49210","Level 0",""
"at:44:49210:6","Zugang Nord","48.19183567","13.12904856","","2","Pat:44:49210","Level 0",""
"at:44:49210:7","Zugang Süd","48.19142845","13.12923720","","2","Pat:44:49210","Level 0",""
"at:44:49220:0:1","Uttendorf-Helpfau Bahnhst","48.16039230","13.13343234","","","Pat:44:49220","Level 0","1"
"at:44:49220:0:21","Uttendorf-Helpfau Bahnhst","48.16073386","13.13303708","","","Pat:44:49220","Level 0","21"
"at:44:49220:3","Park+Ride","48.16081775","13.13313589","","3","Pat:44:49220","Level 0",""
"at:44:49220:4","Bike+Ride","48.16078179","13.13322572","","3","Pat:44:49220","Level 0",""
"at:44:49220:5","Zugang","48.16061401","13.13323471","","2","Pat:44:49220","Level 0",""
"at:44:49320:0:1","Achenlohe Bahnhst","48.04548346","13.19793137","","","Pat:44:49320","Level 0","1"
"at:44:49320:2","Zugang 1","48.04605399","13.19763493","","2","Pat:44:49320","Level 0",""
"at:44:49320:3","Bike and Ride","48.04600594","13.19742832","","3","Pat:44:49320","Level 0",""
"at:44:49320:4","Park and Ride","48.04595790","13.19807510","","3","Pat:44:49320","Level 0",""
"at:44:49320:5","Bus + SEV","48.04604198","13.19788646","","","Pat:44:49320","Level 0",""
"at:44:49322:0:1","Achenlohe Lichteneck","48.04887051","13.20524366","","","Pat:44:49322","Level 0","1"
"at:44:49330:0:1","Teichstätt Bahnhof","48.02011556","13.21283442","","","Pat:44:49330","Level 0","1"
"at:44:49330:0:21","Teichstätt Bahnhof","48.01979711","13.21326562","","","Pat:44:49330","Level 0","21"
"at:44:49330:2","Zugang 1","48.01971899","13.21309494","","2","Pat:44:49330","Level 0",""
"at:44:49330:3","Bike+Ride","48.01981513","13.21313985","","3","Pat:44:49330","Level 0",""
"at:44:49330:4","Park+Ride","48.01987522","13.21317578","","3","Pat:44:49330","Level 0",""
"at:44:49331:0:1","Friedburg Bahnhof","47.99714573","13.23412450","","","Pat:44:49331","Level 0","1"
"at:44:49331:0:2","Friedburg Bahnhof","47.99685719","13.23440297","","","Pat:44:49331","Level 0","2"
"at:44:49331:0:21","Friedburg Bahnhof","47.99792118","13.23343279","","","Pat:44:49331","Level 0","21"
"at:44:49331:3","Bike and Ride","47.99732006","13.23415145","","3","Pat:44:49331","Level 0",""
"at:44:49331:4","Park and Ride","47.99765669","13.23370229","","3","Pat:44:49331","Level 0",""
"at:44:49331:5","Zugang","47.99742826","13.23394483","","2","Pat:44:49331","Level 0",""
"at:44:49650:0:1","Mattighofen Bahnhof","48.10873760","13.15220713","","","Pat:44:49650","Level 0","1"
"at:44:49650:0:2","Mattighofen Bahnhof","48.10911549","13.15207238","","","Pat:44:49650","Level 0","2"
"at:44:49650:0:21","Mattighofen Bahnhof","48.10869562","13.15199153","","","Pat:44:49650","Level 0","21"
"at:44:49650:3","Park and Ride","48.10852767","13.15216221","","3","Pat:44:49650","Level 0",""
"at:44:49650:4","Bike and Ride","48.10891155","13.15195560","","3","Pat:44:49650","Level 0",""
"at:44:49650:5","Zugang","48.10876160","13.15218018","","2","Pat:44:49650","Level 0",""
"at:44:49655:0:1","Mattighofen B147/Abzw Wasseracker","48.09715973","13.15551293","","","Pat:44:49655","Level 0","1"
"at:44:49666:0:1","Munderfing Bahnhof","48.07344995","13.17984829","","","Pat:44:49666","Level 0","1"
"at:44:49666:0:2","Munderfing Bahnhof","48.07329389","13.18008185","","","Pat:44:49666","Level 0","2"
"at:44:49666:0:21","Munderfing Bahnhof","48.07229749","13.17990219","","","Pat:44:49666","Level 0","21"
"at:44:49666:3","Park and Ride","48.07323987","13.17969557","","3","Pat:44:49666","Level 0",""
"at:44:49666:4","Bike and Ride","48.07317985","13.17989320","","3","Pat:44:49666","Level 0",""
"at:44:49666:6","Zugang","48.07314983","13.18001897","","2","Pat:44:49666","Level 0",""
"at:44:49759:0:1","Lasberg-St.Oswald Bahnhst","48.46087867","14.52164386","","","Pat:44:49759","Level 0","1"
"at:44:49759:2","Zugang1","48.46098590","14.52167081","","2","Pat:44:49759","Level 0",""
"at:44:49759:3","Park+Ride","48.46109908","14.52137437","","3","Pat:44:49759","Level 0",""
"at:44:49841:0:1","Schlägl Bahnhst","48.63657348","13.97540529","","","Pat:44:49841","Level 0","1"
"at:44:49841:2","Bus SEV","48.63666846","13.97512681","","","Pat:44:49841","Level 0",""
"at:44:49841:3","Zugang","48.63665065","13.97533342","","2","Pat:44:49841","Level 0",""
"at:44:49841:4","Aufgelassen!","48.63662097","13.97522562","","3","Pat:44:49841","Level 0",""
"at:44:49844:0:1","Aigen-Schlägl Bahnhof","48.64264008","13.97502799","","","Pat:44:49844","Level 0","1"
"at:44:49844:2","Bus + SEV","48.64288344","13.97493816","","","Pat:44:49844","Level 0",""
"at:44:49844:3","Park and Ride","48.64297841","13.97494714","","3","Pat:44:49844","Level 0",""
"at:44:49844:4","Zugang Teichweg","48.64377377","13.97279119","","2","Pat:44:49844","Level 0",""
"at:44:49844:5","Zugang Nord","48.64275879","13.97504596","","2","Pat:44:49844","Level 0",""
"at:44:49844:7","Bike and Ride","48.64249762","13.97528850","","3","Pat:44:49844","Level 0",""
"at:44:99981:0:1","TP Summerau(Gr)","48.59311841","14.43372574","","","Pat:44:99981","Level 0","1"
"at:44:99981:2","bus","48.59299958","14.43381557","","","Pat:44:99981","Level 0",""
"at:45:50002:0:10","Salzburg Hauptbahnhof","47.81300669","13.04617897","","","Pat:45:50002","Level 1","7"
"at:45:50002:0:11","Salzburg Hauptbahnhof","47.81298859","13.04624185","","","Pat:45:50002","Level 1","8"
"at:45:50002:0:12","Salzburg Hauptbahnhof","47.81294636","13.04639457","","","Pat:45:50002","Level 1","9"
"at:45:50002:0:23","Salzburg Hauptbahnhof G","47.81306702","13.04462489","","","Pat:45:50002","Level 0","G"
"at:45:50002:0:24","Salzburg Hauptbahnhof H","47.81316354","13.04465184","","","Pat:45:50002","Level 0","H"
"at:45:50002:0:4","Salzburg Hauptbahnhof","47.81323593","13.04541540","","","Pat:45:50002","Level 1","1"
"at:45:50002:0:5","Salzburg Hauptbahnhof","47.81319974","13.04555015","","","Pat:45:50002","Level 1","2"
"at:45:50002:0:6","Salzburg Hauptbahnhof","47.81315148","13.04572083","","","Pat:45:50002","Level 1","3"
"at:45:50002:0:7","Salzburg Hauptbahnhof","47.81312734","13.04579270","","","Pat:45:50002","Level 1","4"
"at:45:50002:0:8","Salzburg Hauptbahnhof","47.81307305","13.04597236","","","Pat:45:50002","Level 1","5"
"at:45:50002:0:9","Salzburg Hauptbahnhof","47.81305495","13.04602626","","","Pat:45:50002","Level 1","6"
"at:45:50002:11","Abgelaufen!","47.81309718","13.04506506","","3","Pat:45:50002","Level 0",""
"at:45:50002:12","Abgelaufen!","47.81309718","13.04506506","","3","Pat:45:50002","Level 0",""
"at:45:50002:13","Abgelaufen!","47.81309718","13.04506506","","3","Pat:45:50002","Level 0",""
"at:45:50002:14","Bus Lastenstraße","47.81181221","13.04682576","","","Pat:45:50002","Level 1",""
"at:45:50002:15","Tiefgeschoß SLB","47.81278348","13.04483150","","3","Pat:45:50002","Level -1",""
"at:45:50002:16","Abgelaufen!","47.81309718","13.04506506","","3","Pat:45:50002","Level 0",""
"at:45:50002:18","Abgelaufen!","47.81309718","13.04506506","","3","Pat:45:50002","Level 0",""
"at:45:50002:19","Nellböckviadukt","47.81053928","13.04434641","","2","Pat:45:50002","Level 0",""
"at:45:50002:2","Bus Südtiroler Platz","47.81291017","13.04420268","","","Pat:45:50002","Level 0",""
"at:45:50002:20","B+R Südtiroler Platz","47.81316354","13.04417573","","3","Pat:45:50002","Level 0",""
"at:45:50002:21","B+R Lastenstraße","47.81187857","13.04643948","","3","Pat:45:50002","Level 1",""
"at:45:50002:22","Schallmoos/Lastenstr","47.81181221","13.04683474","","2","Pat:45:50002","Level 1",""
"at:45:50002:24","P+R Südtirolerplatz","47.81377887","13.04443624","","3","Pat:45:50002","Level 0",""
"at:45:50002:25","Taxi Südtirolerpl","47.81347724","13.04508303","","3","Pat:45:50002","Level 0",""
"at:45:50002:26","Taxi Lastenstr","47.81254821","13.04689762","","3","Pat:45:50002","Level 1",""
"at:45:50002:3","Bus Karl-Wurmb-Str","47.81408049","13.04451709","","","Pat:45:50002","Level 0",""
"at:45:50002:4","Gleis 11+12","47.81286191","13.04455302","","","Pat:45:50002","Level -2",""
"at:45:50002:5","Südtirolerplatz","47.81310925","13.04490336","","2","Pat:45:50002","Level 0",""
"at:45:50002:6","Bus Ankunft Südt.Pl","47.81309115","13.04428353","","","Pat:45:50002","Level 0",""
"at:45:50002:9","Hauptpassage","47.81284381","13.04566693","","3","Pat:45:50002","Level 0",""
"at:45:50034:0:1","Salzburg Liefering S-Bahn","47.82419607","13.00049964","","","Pat:45:50034","Level 1","1"
"at:45:50034:0:2","Salzburg Liefering S-Bahn","47.82424432","13.00058947","","","Pat:45:50034","Level 1","2"
"at:45:50034:2","Eing Nord","47.82392465","13.00131711","","2","Pat:45:50034","Level 0",""
"at:45:50034:3","Unterführung","47.82382815","13.00117338","","3","Pat:45:50034","Level 0",""
"at:45:50034:4","Bus-SEV","47.82476904","13.00239509","","","Pat:45:50034","Level 0",""
"at:45:50034:5","B+R","47.82405734","13.00103863","","3","Pat:45:50034","Level 0",""
"at:45:50209:0:1","Wallersee S-Bahn","47.91927161","13.15935771","","","Pat:45:50209","Level 0","1"
"at:45:50209:0:2","Wallersee S-Bahn","47.91945824","13.15928585","","","Pat:45:50209","Level 0","2"
"at:45:50209:2","Eing Ost","47.91937396","13.15916907","","2","Pat:45:50209","Level 0",""
"at:45:50209:4","B+R","47.91937396","13.15910619","","3","Pat:45:50209","Level 0",""
"at:45:50210:0:1","Köstendorf Weng S-Bahn","47.93626413","13.17500637","","","Pat:45:50210","Level 0","1"
"at:45:50210:0:2","Köstendorf Weng S-Bahn","47.93630024","13.17493450","","","Pat:45:50210","Level 0","2"
"at:45:50210:2","B+R","47.93726918","13.17553637","","3","Pat:45:50210","Level 0",""
"at:45:50210:4","P+R","47.93729326","13.17529383","","3","Pat:45:50210","Level 0",""
"at:45:50210:5","Bus SEV","47.93745575","13.17494349","","","Pat:45:50210","Level 0",""
"at:45:50230:0:1","Eugendorf S-Bahn","47.87335246","13.11676859","","","Pat:45:50230","Level 0","2"
"at:45:50230:0:2","Eugendorf S-Bahn","47.87332233","13.11683147","","","Pat:45:50230","Level 0","1"
"at:45:50230:3","Eing West","47.87382849","13.11728063","","2","Pat:45:50230","Level 0",""
"at:45:50230:4","Eing Ost","47.87359951","13.11738842","","2","Pat:45:50230","Level 0",""
"at:45:50230:5","B+R","47.87355131","13.11734351","","3","Pat:45:50230","Level 0",""
"at:45:50253:0:1","Salzburg Kasern S-Bahn","47.83902506","13.06531309","","","Pat:45:50253","Level 0","1"
"at:45:50253:0:2","Salzburg Kasern S-Bahn","47.83918183","13.06518732","","","Pat:45:50253","Level 0","2"
"at:45:50253:2","Übergang","47.83948331","13.06514241","","3","Pat:45:50253","Level 1",""
"at:45:50253:4","Eing+SEV","47.83625738","13.06658870","","","Pat:45:50253","Level 0",""
"at:45:50253:5","BR West","47.83915168","13.06514241","","3","Pat:45:50253","Level 0",""
"at:45:50253:6","BR Ost","47.83906726","13.06534004","","3","Pat:45:50253","Level 0",""
"at:45:50254:0:1","Hallwang-Elixhausen S-Bahn","47.85776780","13.09138220","","","Pat:45:50254","Level 0","1"
"at:45:50254:0:2","Hallwang-Elixhausen S-Bahn","47.85783411","13.09132830","","","Pat:45:50254","Level 0","2"
"at:45:50254:2","Eing+Bus Süd","47.85744232","13.09085219","","","Pat:45:50254","Level 0",""
"at:45:50254:3","Unterführung","47.85776178","13.09123847","","3","Pat:45:50254","Level -1",""
"at:45:50254:4","Eing Nord","47.85796068","13.09119355","","2","Pat:45:50254","Level -1",""
"at:45:50254:5","Eing Süd","47.85755684","13.09122948","","2","Pat:45:50254","Level 0",""
"at:45:50254:6","P+R","47.85736396","13.09091507","","3","Pat:45:50254","Level 0",""
"at:45:50254:7","B+R Süd","47.85767136","13.09149898","","3","Pat:45:50254","Level 0",""
"at:45:50273:0:1","Neumarkt Bahnhof","47.95533870","13.22555457","","","Pat:45:50273","Level 0","1"
"at:45:50273:0:4","Neumarkt Bahnhof","47.95562146","13.22568033","","","Pat:45:50273","Level 0","2"
"at:45:50273:0:9","Neumarkt Bahnhof","47.95567560","13.22557253","","","Pat:45:50273","Level 0","3"
"at:45:50273:2","Eing Ost + Bus","47.95497172","13.22573423","","","Pat:45:50273","Level 0",""
"at:45:50273:4","Unterführung","47.95547707","13.22559948","","3","Pat:45:50273","Level -1",""
"at:45:50273:5","P+R P1","47.95524846","13.22656068","","3","Pat:45:50273","Level 0",""
"at:45:50273:6","B+R","47.95477920","13.22518626","","3","Pat:45:50273","Level 0",""
"at:45:50273:7","Eing Nord","47.95533870","13.22515931","","2","Pat:45:50273","Level 0",""
"at:45:50273:8","P+R P2","47.95378653","13.22427896","","3","Pat:45:50273","Level 0",""
"at:45:50281:0:2","Steindorf Bahnhof","47.96658158","13.23859811","","","Pat:45:50281","Level 0","1"
"at:45:50281:0:3","Steindorf Bahnhof","47.96655151","13.23864302","","","Pat:45:50281","Level 0","2"
"at:45:50281:2","Bus","47.96676202","13.23837353","","","Pat:45:50281","Level 0",""
"at:45:50281:3","Gleis 2 alt","47.96655752","13.23854421","","3","Pat:45:50281","Level 0",""
"at:45:50281:4","Gleis 11","47.96719508","13.23956829","","","Pat:45:50281","Level 0",""
"at:45:50281:5","Abgelaufen","47.96690638","13.23946049","","","Pat:45:50281","Level 0",""
"at:45:50281:6","P+R","47.96674398","13.23796030","","3","Pat:45:50281","Level 0",""
"at:45:50281:7","B+R","47.96666579","13.23823878","","3","Pat:45:50281","Level 0",""
"at:45:50281:8","Unterführung","47.96655151","13.23847234","","3","Pat:45:50281","Level -1",""
"at:45:50281:9","Zugang","47.96665977","13.23831065","","2","Pat:45:50281","Level 0",""
"at:45:50290:0:2","Straßwalchen Bahnhof","47.97216902","13.26439772","","","Pat:45:50290","Level 0","1"
"at:45:50290:0:3","Straßwalchen Bahnhof","47.97209685","13.26443365","","","Pat:45:50290","Level 0","2"
"at:45:50290:0:5","Straßwalchen Bahnhof","47.97209084","13.26434382","","","Pat:45:50290","Level 0","3"
"at:45:50290:2","Bus","47.97257798","13.26439772","","","Pat:45:50290","Level 0",""
"at:45:50290:3","P+R","47.97277043","13.26375093","","3","Pat:45:50290","Level 0",""
"at:45:50290:4","B+R","47.97255393","13.26428094","","3","Pat:45:50290","Level 0",""
"at:45:50456:0:1","Salzburg Parsch S-Bahn","47.79865905","13.07334403","","","Pat:45:50456","Level 0","1"
"at:45:50456:0:2","Salzburg Parsch S-Bahn","47.79865905","13.07321826","","","Pat:45:50456","Level 0","2"
"at:45:50456:3","Unterführung","47.79812199","13.07340691","","3","Pat:45:50456","Level -1",""
"at:45:50456:4","B+R","47.79866508","13.07312843","","3","Pat:45:50456","Level 0",""
"at:45:50457:0:1","Salzburg Aigen S-Bahn","47.78876785","13.07870697","","","Pat:45:50457","Level 0","2"
"at:45:50457:0:2","Salzburg Aigen S-Bahn","47.78864111","13.07852731","","","Pat:45:50457","Level 0","1"
"at:45:50457:2","Bus","47.78838761","13.07823984","","","Pat:45:50457","Level 0",""
"at:45:50457:4","Unterführung","47.78870146","13.07860815","","3","Pat:45:50457","Level -1",""
"at:45:50457:5","Ostseite","47.78879199","13.07875188","","2","Pat:45:50457","Level 0",""
"at:45:50457:6","BR Aignerstraße","47.78861696","13.07831171","","3","Pat:45:50457","Level 0",""
"at:45:50457:7","BR Ost","47.78885838","13.07864409","","3","Pat:45:50457","Level 0",""
"at:45:50457:8","Aignerstraße","47.78859282","13.07826679","","2","Pat:45:50457","Level 0",""
"at:45:50458:0:1","Salzburg-Süd S-Bahn","47.77005452","13.07856324","","","Pat:45:50458","Level 0","1"
"at:45:50458:0:3","Salzburg-Süd S-Bahn","47.77006055","13.07841951","","","Pat:45:50458","Level 0","2"
"at:45:50458:10","B+R Nord","47.77044696","13.07827578","","3","Pat:45:50458","Level 0",""
"at:45:50458:2","Bus","47.76984320","13.07829374","","","Pat:45:50458","Level 0",""
"at:45:50458:4","Unterführung","47.77005452","13.07849137","","3","Pat:45:50458","Level -1",""
"at:45:50458:5","B+R Süd","47.76903414","13.07802425","","3","Pat:45:50458","Level 0",""
"at:45:50458:6","Haupteingang","47.76992772","13.07831171","","2","Pat:45:50458","Level 0",""
"at:45:50458:7","Eing Ost","47.77046507","13.07875188","","2","Pat:45:50458","Level 0",""
"at:45:50458:8","P+R Nord","47.77044696","13.07818595","","3","Pat:45:50458","Level 0",""
"at:45:50458:9","P+R Süd","47.76919716","13.07791645","","3","Pat:45:50458","Level 0",""
"at:45:50470:0:1","Elsbethen S-Bahn","47.76081006","13.08033292","","","Pat:45:50470","Level 1","2"
"at:45:50470:0:2","Elsbethen S-Bahn","47.76081006","13.08042275","","","Pat:45:50470","Level 1","1"
"at:45:50470:2","Eing Ost","47.76028469","13.08068326","","2","Pat:45:50470","Level 0",""
"at:45:50470:4","P+R","47.76096103","13.07997359","","3","Pat:45:50470","Level 0",""
"at:45:50470:5","B+R","47.76080402","13.08014427","","3","Pat:45:50470","Level 0",""
"at:45:50470:6","Eing West","47.76026657","13.08022512","","2","Pat:45:50470","Level 0",""
"at:45:50475:0:1","Puch S-Bahn","47.71291911","13.09061863","","","Pat:45:50475","Level 0","2"
"at:45:50475:0:2","Puch S-Bahn","47.71293724","13.09069049","","","Pat:45:50475","Level 0","1"
"at:45:50475:3","Bus","47.71304604","13.09097796","","","Pat:45:50475","Level 0",""
"at:45:50475:4","Unterführung","47.71303395","13.09057371","","3","Pat:45:50475","Level -1",""
"at:45:50475:5","P+R","47.71270756","13.09120253","","3","Pat:45:50475","Level 0",""
"at:45:50475:6","B+R Ostseite","47.71289493","13.09092406","","3","Pat:45:50475","Level 0",""
"at:45:50475:7","B+R Westseite","47.71316692","13.09027727","","3","Pat:45:50475","Level 0",""
"at:45:50475:8","Eing West","47.71294933","13.09038507","","2","Pat:45:50475","Level 0",""
"at:45:50475:9","SHUTTLE","47.71307626","13.09095101","","","Pat:45:50475","Level 0",""
"at:45:50489:0:1","Oberalm","47.70046037","13.09316984","","","Pat:45:50489","Level 0","1"
"at:45:50489:0:2","Oberalm","47.70046037","13.09308001","","","Pat:45:50489","Level 0","2"
"at:45:50489:10","Fußwegunterführg.","47.69964419","13.09321476","","3","Pat:45:50489","Level -1",""
"at:45:50489:2","Shuttle","47.69998880","13.09433765","","","Pat:45:50489","Level 0",""
"at:45:50489:4","P+R Westseite","47.69992834","13.09259492","","3","Pat:45:50489","Level 0",""
"at:45:50489:5","B+R Westseite","47.69992834","13.09300815","","3","Pat:45:50489","Level 0",""
"at:45:50489:6","P+R Ostseite","47.69994648","13.09410409","","3","Pat:45:50489","Level 0",""
"at:45:50489:7","Beendet","47.69999484","13.09202898","","3","Pat:45:50489","Level 0",""
"at:45:50489:8","B+R Ostseite","47.69971069","13.09337646","","3","Pat:45:50489","Level -1",""
"at:45:50489:9","Beendet","47.69962605","13.09327764","","3","Pat:45:50489","Level 2",""
"at:45:50494:0:2","Hallein Bahnhof","47.68507174","13.09955687","","","Pat:45:50494","Level 0","2"
"at:45:50494:0:3","Hallein Bahnhof","47.68512616","13.09964670","","","Pat:45:50494","Level 0","3"
"at:45:50494:10","P+R Westseite","47.68471493","13.09871245","","3","Pat:45:50494","Level 0",""
"at:45:50494:11","Taxi Westseite","47.68483588","13.09889211","","3","Pat:45:50494","Level 0",""
"at:45:50494:2","Bus Westseite","47.68460608","13.09961975","","","Pat:45:50494","Level 0",""
"at:45:50494:3","Bus Ostseite","47.68483588","13.10026654","","","Pat:45:50494","Level 0",""
"at:45:50494:4","Unterführung","47.68503545","13.09949398","","3","Pat:45:50494","Level -1",""
"at:45:50494:5","P+R Ostseite","47.68527130","13.10005094","","3","Pat:45:50494","Level 0",""
"at:45:50494:6","B+R Ostseite","47.68514431","13.10013179","","3","Pat:45:50494","Level 0",""
"at:45:50494:7","Ostseite","47.68504150","13.10009586","","2","Pat:45:50494","Level 0",""
"at:45:50494:8","Westseite","47.68487217","13.09920652","","2","Pat:45:50494","Level 0",""
"at:45:50494:9","B+R Westseite","47.68473912","13.09885618","","3","Pat:45:50494","Level 0",""
"at:45:50500:0:1","Hallein Burgfried S-Bahn","47.67576984","13.11466653","","","Pat:45:50500","Level 1","1"
"at:45:50500:0:2","Hallein Burgfried S-Bahn","47.67570936","13.11458568","","","Pat:45:50500","Level 1","2"
"at:45:50500:2","Bus","47.67611461","13.11437907","","","Pat:45:50500","Level 0",""
"at:45:50500:3","B+R","47.67616300","13.11428025","","3","Pat:45:50500","Level 0",""
"at:45:50578:0:1","Kuchl Garnei S-Bahn","47.65165462","13.12832991","","","Pat:45:50578","Level 1","1"
"at:45:50578:0:2","Kuchl Garnei S-Bahn","47.65163647","13.12824906","","","Pat:45:50578","Level 1","2"
"at:45:50578:2","Bus","47.65200560","13.12840177","","","Pat:45:50578","Level 0",""
"at:45:50578:4","Ostseite","47.65172118","13.12847364","","3","Pat:45:50578","Level 0",""
"at:45:50578:5","P+R Westseite","47.65135810","13.12810533","","3","Pat:45:50578","Level 0",""
"at:45:50578:6","Westseite","47.65165462","13.12811431","","3","Pat:45:50578","Level 0",""
"at:45:50578:7","Unterführung","47.65172118","13.12824906","","3","Pat:45:50578","Level -1",""
"at:45:50578:8","Eig Ost","47.65178775","13.12850957","","2","Pat:45:50578","Level 0",""
"at:45:50578:9","Eing West","47.65162436","13.12807838","","2","Pat:45:50578","Level 0",""
"at:45:50580:0:1","Kuchl S-Bahn","47.62493700","13.14215498","","","Pat:45:50580","Level 0","1"
"at:45:50580:0:2","Kuchl S-Bahn","47.62491279","13.14207413","","","Pat:45:50580","Level 0","2"
"at:45:50580:10","B+R Südost","47.62557877","13.14206515","","3","Pat:45:50580","Level 0",""
"at:45:50580:11","Eing NW","47.62576041","13.14138243","","2","Pat:45:50580","Level 0",""
"at:45:50580:12","Eing SW1","47.62546979","13.14146327","","2","Pat:45:50580","Level -1",""
"at:45:50580:13","Eing SO1","47.62569381","13.14178667","","2","Pat:45:50580","Level -1",""
"at:45:50580:14","Eing SO2","47.62385930","13.14327787","","2","Pat:45:50580","Level 1",""
"at:45:50580:2","Eing NO","47.62600863","13.14157107","","2","Pat:45:50580","Level 0",""
"at:45:50580:4","P+R Westseite","47.62575435","13.14099615","","3","Pat:45:50580","Level 0",""
"at:45:50580:5","B+R Westseite","47.62574830","13.14134649","","3","Pat:45:50580","Level 0",""
"at:45:50580:6","Eing SW2","47.62368977","13.14295448","","2","Pat:45:50580","Level 1",""
"at:45:50580:7","Bus SEV","47.62620237","13.14170582","","","Pat:45:50580","Level 0",""
"at:45:50580:8","P+R Ostseite","47.62604496","13.14171480","","3","Pat:45:50580","Level 0",""
"at:45:50580:9","B+R Ostseite","47.62610550","13.14166090","","3","Pat:45:50580","Level 0",""
"at:45:50591:0:2","Golling-Abtenau Bahnhof","47.60078619","13.16400201","","","Pat:45:50591","Level 0","3"
"at:45:50591:0:3","Golling-Abtenau Bahnhof","47.60084070","13.16411879","","","Pat:45:50591","Level 0","2"
"at:45:50591:0:6","Golling-Abtenau Bahnhof","47.60075590","13.16428947","","","Pat:45:50591","Level 0","1"
"at:45:50591:2","Bus","47.60068927","13.16463981","","","Pat:45:50591","Level 0",""
"at:45:50591:4","Unterführung","47.60059235","13.16417268","","3","Pat:45:50591","Level -1",""
"at:45:50591:5","P+R Nord","47.60149488","13.16424455","","3","Pat:45:50591","Level 0",""
"at:45:50591:6","B+R","47.60113751","13.16429845","","3","Pat:45:50591","Level 0",""
"at:45:50591:7","P+R Mitte","47.59972615","13.16485540","","3","Pat:45:50591","Level 0",""
"at:45:50591:8","P+R Süd","47.59822390","13.16553812","","3","Pat:45:50591","Level 0",""
"at:45:50861:0:3","Salzburg Sam S-Bahn","47.81953965","13.06319306","","","Pat:45:50861","Level 0","1"
"at:45:50861:0:4","Salzburg Sam S-Bahn","47.81952155","13.06311222","","","Pat:45:50861","Level 0","2"
"at:45:50861:2","Bus","47.81996791","13.06348052","","","Pat:45:50861","Level 0",""
"at:45:50861:4","Unterführung","47.81943107","13.06319306","","3","Pat:45:50861","Level -1",""
"at:45:50861:5","Eing Gleis 1+2","47.81958790","13.06326493","","2","Pat:45:50861","Level 0",""
"at:45:50861:6","B+R","47.81975077","13.06314815","","3","Pat:45:50861","Level 0",""
"at:45:51023:0:1","Salzburg Mülln-Altstadt S-Bahn","47.80846390","13.03459969","","","Pat:45:51023","Level 1","2"
"at:45:51023:0:2","Salzburg Mülln-Altstadt S-Bahn","47.80839754","13.03454579","","","Pat:45:51023","Level 1","1"
"at:45:51023:2","Eing Frz-Josef-Kai","47.80848200","13.03535427","","2","Pat:45:51023","Level 0",""
"at:45:51023:3","Eing Gaswerkgasse","47.80831910","13.03336001","","2","Pat:45:51023","Level 0",""
"at:45:51023:4","Eing Elisabethkai","47.80864490","13.03753718","","2","Pat:45:51023","Level 0",""
"at:45:51023:5","B+R Gaswerkgasse","47.80851217","13.03364747","","3","Pat:45:51023","Level 0",""
"at:45:51023:6","B+R Frz-Josef-Kai","47.80862076","13.03508478","","3","Pat:45:51023","Level 0",""
"at:45:51023:7","B+R Elisabethkai","47.80878969","13.03751023","","3","Pat:45:51023","Level 0",""
"at:45:51023:8","Salzach-Übergang","47.80859060","13.03660293","","3","Pat:45:51023","Level 1",""
"at:45:51024:0:3","Salzburg Aiglhof S-Bahn","47.80789075","13.02689214","","","Pat:45:51024","Level 1","2"
"at:45:51024:0:4","Salzburg Aiglhof S-Bahn","47.80778818","13.02686519","","","Pat:45:51024","Level 1","1"
"at:45:51024:2","Eingang+Bus B","47.80784851","13.02664960","","","Pat:45:51024","Level 0",""
"at:45:51024:3","Eingang+Bus A","47.80783041","13.02681129","","","Pat:45:51024","Level 0",""
"at:45:51024:4","B+R B","47.80806571","13.02622739","","3","Pat:45:51024","Level 0",""
"at:45:52099:0:11","Bischofshofen Bahnhof","47.41779204","13.21980535","","","Pat:45:52099","Level 0","1"
"at:45:52099:0:2","Bischofshofen Bahnhof","47.41779812","13.21992213","","","Pat:45:52099","Level 0","2"
"at:45:52099:0:3","Bischofshofen Bahnhof","47.41779812","13.22000298","","","Pat:45:52099","Level 0","3"
"at:45:52099:0:7","Bischofshofen Bahnhof","47.41780420","13.22022756","","","Pat:45:52099","Level 0","7"
"at:45:52099:0:8","Bischofshofen Bahnhof","47.41779204","13.22020061","","","Pat:45:52099","Level 0","5"
"at:45:52099:0:9","Bischofshofen Bahnhof","47.41779812","13.22020959","","","Pat:45:52099","Level 0","6"
"at:45:52099:10","Abgelaufen!","47.41779204","13.22033536","","3","Pat:45:52099","Level -1",""
"at:45:52099:11","P+R","47.41901987","13.21958077","","3","Pat:45:52099","Level 0",""
"at:45:52099:12","B+R","47.41700792","13.21970654","","3","Pat:45:52099","Level 0",""
"at:45:52099:13","Ostseite","47.41792577","13.22058688","","2","Pat:45:52099","Level -1",""
"at:45:52099:14","Haupteingang","47.41773734","13.21952687","","2","Pat:45:52099","Level 0",""
"at:45:52099:2","Bus Westseite","47.41711733","13.21951789","","","Pat:45:52099","Level 0",""
"at:45:52099:3","Bus Bahnhofstr.","47.41765224","13.21872737","","","Pat:45:52099","Level 0",""
"at:45:52099:7","Unterführung","47.41779204","13.21980535","","3","Pat:45:52099","Level -1",""
"at:45:52099:8","Abgelaufen!","47.41779204","13.21995806","","3","Pat:45:52099","Level -1",""
"at:45:52099:9","Abgelaufen!","47.41779204","13.22015569","","3","Pat:45:52099","Level -1",""
"at:45:52106:0:2","Pöham Bahnhof","47.43034857","13.25455219","","","Pat:45:52106","Level 0","1"
"at:45:52106:2","Bus","47.43088942","13.25377963","","","Pat:45:52106","Level 0",""
"at:45:52106:3","P+R","47.43091981","13.25373472","","3","Pat:45:52106","Level 0",""
"at:45:52106:4","B+R","47.43091373","13.25368082","","3","Pat:45:52106","Level 0",""
"at:45:52114:0:2","Radstadt Bahnhof","47.38439874","13.46805478","","","Pat:45:52114","Level 0","1"
"at:45:52114:0:3","Radstadt Bahnhof","47.38435616","13.46808173","","","Pat:45:52114","Level 0","2"
"at:45:52114:0:4","Radstadt Bahnhof","47.38438049","13.46857580","","","Pat:45:52114","Level 0","3"
"at:45:52114:2","Bus Vorplatz","47.38457512","13.46801885","","","Pat:45:52114","Level 0",""
"at:45:52114:3","P+R Ost","47.38495222","13.46974361","","3","Pat:45:52114","Level 0",""
"at:45:52114:4","B+R","47.38459945","13.46834224","","3","Pat:45:52114","Level 0",""
"at:45:52114:5","P+R West","47.38464203","13.46796495","","3","Pat:45:52114","Level 0",""
"at:45:52183:0:2","Altenmarkt Bahnhof","47.38242804","13.42851094","","","Pat:45:52183","Level 0","1"
"at:45:52183:2","Bus","47.38173463","13.42935536","","","Pat:45:52183","Level 0",""
"at:45:52183:3","B+R","47.38201443","13.42919366","","3","Pat:45:52183","Level 0",""
"at:45:52183:4","P+R","47.38216041","13.42885230","","3","Pat:45:52183","Level 0",""
"at:45:52191:0:1","Lend Bahnhof","47.29767935","13.05406618","","","Pat:45:52191","Level 0","1"
"at:45:52191:0:2","Lend Bahnhof","47.29768544","13.05482975","","","Pat:45:52191","Level 0","2"
"at:45:52191:0:3","Lend Bahnhof","47.29761843","13.05479382","","","Pat:45:52191","Level 0","1"
"at:45:52191:3","Unterführung","47.29772809","13.05424584","","3","Pat:45:52191","Level -1",""
"at:45:52191:4","B+R","47.29773418","13.05393143","","3","Pat:45:52191","Level 0",""
"at:45:52191:5","P+R","47.29746612","13.05469500","","3","Pat:45:52191","Level 0",""
"at:45:52192:0:1","Mitterberghütten Bahnhof","47.39535179","13.22251826","","","Pat:45:52192","Level 0","1"
"at:45:52192:0:2","Mitterberghütten Bahnhof","47.39543084","13.22259911","","","Pat:45:52192","Level 0","2"
"at:45:52192:2","EingNord","47.39545517","13.22202419","","2","Pat:45:52192","Level 0",""
"at:45:52192:4","Eing Süd","47.39520584","13.22212300","","2","Pat:45:52192","Level 0",""
"at:45:52192:5","B+R","47.39533963","13.22203317","","3","Pat:45:52192","Level -1",""
"at:45:52192:6","Unterführg","47.39525449","13.22208707","","3","Pat:45:52192","Level -1",""
"at:45:52197:0:1","Schwarzach-St.Veit Bahnhof","47.31891277","13.15435410","","","Pat:45:52197","Level 0","1"
"at:45:52197:0:2","Schwarzach-St.Veit Bahnhof","47.31866309","13.15439901","","","Pat:45:52197","Level 0","1"
"at:45:52197:0:3","Schwarzach-St.Veit Bahnhof","47.31860219","13.15505478","","","Pat:45:52197","Level 0","2"
"at:45:52197:0:4","Schwarzach-St.Veit Bahnhof","47.31852911","13.15504580","","","Pat:45:52197","Level 0","3"
"at:45:52197:0:5","Schwarzach-St.Veit Bahnhof","47.31847430","13.15505478","","","Pat:45:52197","Level 0","4"
"at:45:52197:0:6","Schwarzach-St.Veit Bahnhof","47.31840122","13.15505478","","","Pat:45:52197","Level 0","5"
"at:45:52197:5","Unterführung","47.31863264","13.15474936","","3","Pat:45:52197","Level -1",""
"at:45:52197:6","P+R","47.31910156","13.15405765","","3","Pat:45:52197","Level 0",""
"at:45:52197:7","B+R","47.31885187","13.15390494","","3","Pat:45:52197","Level 0",""
"at:45:52197:9","Autoverladung","47.31904066","13.15241374","","3","Pat:45:52197","Level 0",""
"at:45:52199:0:1","Dorfgastein Bahnhof","47.23872199","13.10309623","","","Pat:45:52199","Level 0","1"
"at:45:52199:0:3","Dorfgastein Bahnhof","47.23867930","13.10287165","","","Pat:45:52199","Level 0","2"
"at:45:52199:2","Eing","47.23886227","13.10324894","","2","Pat:45:52199","Level 0",""
"at:45:52199:3","B+R","47.23888667","13.10331182","","3","Pat:45:52199","Level 0",""
"at:45:52199:4","P+R","47.23895376","13.10343759","","3","Pat:45:52199","Level 0",""
"at:45:52199:6","Unterführung","47.23831945","13.10312318","","3","Pat:45:52199","Level -1",""
"at:45:52199:7","Bus","47.23913673","13.10315013","","","Pat:45:52199","Level 0",""
"at:45:52201:0:1","Bad Hofgastein Bahnhof","47.19614559","13.10151519","","","Pat:45:52201","Level 0","1"
"at:45:52201:0:4","Bad Hofgastein Bahnhof","47.19623105","13.10151519","","","Pat:45:52201","Level 0","2"
"at:45:52201:2","Bus Vorplatz","47.19531545","13.10102112","","","Pat:45:52201","Level 0",""
"at:45:52201:3","P+R","47.19578546","13.10138943","","3","Pat:45:52201","Level 0",""
"at:45:52201:4","B+R","47.19561454","13.10121875","","3","Pat:45:52201","Level 0",""
"at:45:52201:6","Unterführung","47.19556571","13.10082349","","3","Pat:45:52201","Level -1",""
"at:45:52204:0:1","Bad Gastein Bahnhof","47.11154439","13.13201300","","","Pat:45:52204","Level 0","2"
"at:45:52204:0:3","Bad Gastein Bahnhof","47.11180728","13.13204893","","","Pat:45:52204","Level 0","1"
"at:45:52204:2","Bus Vorplatz","47.11212519","13.13250707","","","Pat:45:52204","Level 0",""
"at:45:52204:4","Unterführung","47.11128762","13.13211181","","3","Pat:45:52204","Level -1",""
"at:45:52204:5","P+R","47.11030330","13.13261487","","3","Pat:45:52204","Level 0",""
"at:45:52204:6","B+R","47.11136098","13.13237232","","3","Pat:45:52204","Level 0",""
"at:45:52205:0:1","Böckstein Bahnhof","47.08085704","13.13018043","","","Pat:45:52205","Level 0","1"
"at:45:52205:0:5","Böckstein Bahnhof","47.08080810","13.13014450","","","Pat:45:52205","Level 0","2"
"at:45:52205:10","Autoverladg Abfahrt","47.08182967","13.12879703","","","Pat:45:52205","Level 0",""
"at:45:52205:12","Unterführung","47.08074693","13.13028823","","3","Pat:45:52205","Level -1",""
"at:45:52205:13","B+R","47.08088762","13.13051281","","3","Pat:45:52205","Level 0",""
"at:45:52205:3","Bus Vorplatz","47.08086315","13.13062959","","","Pat:45:52205","Level 0",""
"at:45:52205:4","P+R","47.08060011","13.13098892","","3","Pat:45:52205","Level 0",""
"at:45:52205:9","Autoverladg Zufahrt","47.07953570","13.13282148","","","Pat:45:52205","Level 0",""
"at:45:52210:0:1","Tenneck Bahnhof","47.49451268","13.17894997","","","Pat:45:52210","Level 0","1"
"at:45:52210:0:2","Tenneck Bahnhof","47.49451268","13.17887811","","","Pat:45:52210","Level 0","2"
"at:45:52210:3","Bus SEV","47.49491327","13.17859065","","","Pat:45:52210","Level 0",""
"at:45:52210:4","P+R","47.49489506","13.17868946","","3","Pat:45:52210","Level 0",""
"at:45:52210:5","B+R","47.49475546","13.17863556","","3","Pat:45:52210","Level 0",""
"at:45:52343:0:2","Eben Bahnhof","47.40705037","13.39629735","","","Pat:45:52343","Level 0","1"
"at:45:52343:0:3","Eben Bahnhof","47.40707468","13.39639617","","","Pat:45:52343","Level 0","2"
"at:45:52343:2","Bus","47.40672206","13.39632430","","","Pat:45:52343","Level 0",""
"at:45:52343:3","P+R","47.40712940","13.39607278","","3","Pat:45:52343","Level 0",""
"at:45:52343:4","B+R","47.40663087","13.39637820","","3","Pat:45:52343","Level 0",""
"at:45:52385:0:3","St.Johann Bahnhof","47.34831239","13.19483219","","","Pat:45:52385","Level 0","3"
"at:45:52385:0:4","St.Johann Bahnhof","47.34830630","13.19492202","","","Pat:45:52385","Level 0","2"
"at:45:52385:2","Bus","47.34772809","13.19522744","","","Pat:45:52385","Level 0",""
"at:45:52385:3","Gleis 1","47.34830630","13.19512863","","","Pat:45:52385","Level 0",""
"at:45:52385:4","P+R","47.34939577","13.19535321","","3","Pat:45:52385","Level 0",""
"at:45:52385:5","B+R","47.34870801","13.19531728","","3","Pat:45:52385","Level 0",""
"at:45:52385:6","Unterführung","47.34831848","13.19522744","","3","Pat:45:52385","Level -1",""
"at:45:52385:7","Gerbergasse","47.34831239","13.19466151","","2","Pat:45:52385","Level 0",""
"at:45:52385:8","Haupteingang","47.34826370","13.19540711","","2","Pat:45:52385","Level 0",""
"at:45:52418:0:2","Mandling Bahnhof","47.40428404","13.56770489","","","Pat:45:52418","Level 0","1"
"at:45:52418:0:3","Mandling Bahnhof","47.40416852","13.56817202","","","Pat:45:52418","Level 0","2"
"at:45:52418:2","Bus Vorplatz","47.40430228","13.56845050","","","Pat:45:52418","Level 0",""
"at:45:52418:3","B+R","47.40438132","13.56836066","","3","Pat:45:52418","Level 0",""
"at:45:52418:4","P+R","47.40442996","13.56765099","","3","Pat:45:52418","Level 0",""
"at:45:52428:0:1","Pfarrwerfen Bahnhof","47.46071861","13.20002445","","","Pat:45:52428","Level 0","2"
"at:45:52428:0:3","Pfarrwerfen Bahnhof","47.46073076","13.20011428","","","Pat:45:52428","Level 0","1"
"at:45:52428:2","Bus Vorplatz","47.46148386","13.19976394","","","Pat:45:52428","Level 0",""
"at:45:52428:3","Bus Feuerwehr","47.46281392","13.20025801","","","Pat:45:52428","Level 0",""
"at:45:52428:5","P+R","47.46141098","13.19992563","","3","Pat:45:52428","Level 0",""
"at:45:52428:6","B+R","47.46155067","13.19994360","","3","Pat:45:52428","Level 0",""
"at:45:52434:0:1","Werfen Bahnhof","47.47294916","13.19518253","","","Pat:45:52434","Level 0","2"
"at:45:52434:0:2","Werfen Bahnhof","47.47294309","13.19529033","","","Pat:45:52434","Level 0","3"
"at:45:52434:2","Unterführung","47.47306453","13.19515558","","3","Pat:45:52434","Level -1",""
"at:45:52434:3","Bus Vorplatz","47.47297345","13.19489507","","","Pat:45:52434","Level 0",""
"at:45:52434:4","P+R","47.47324669","13.19487710","","3","Pat:45:52434","Level 0",""
"at:45:52434:5","B+R","47.47300988","13.19489507","","3","Pat:45:52434","Level 0",""
"at:45:52434:6","Gleis 1","47.47295523","13.19506575","","","Pat:45:52434","Level 0",""
"at:45:52495:0:1","Niedernfritz-St.Martin Bahnhof","47.42129918","13.34467117","","","Pat:45:52495","Level 0","1"
"at:45:52495:2","Eing","47.42156053","13.34547068","","2","Pat:45:52495","Level 0",""
"at:45:52495:3","P+R","47.42157876","13.34540779","","3","Pat:45:52495","Level 0",""
"at:45:52495:4","B+R","47.42154230","13.34554254","","3","Pat:45:52495","Level 0",""
"at:45:52600:0:1","Hüttau Bahnhof","47.41445488","13.30866670","","","Pat:45:52600","Level 0","1"
"at:45:52600:2","P+R","47.41447312","13.30884636","","3","Pat:45:52600","Level 0",""
"at:45:52600:3","B+R","47.41443664","13.30881941","","3","Pat:45:52600","Level 0",""
"at:45:54001:0:1","Saalfelden Bahnhof","47.42722491","12.83014313","","","Pat:45:54001","Level 0","A"
"at:45:54001:0:2","Saalfelden Bahnhof","47.42683596","12.82982872","","","Pat:45:54001","Level 0","2"
"at:45:54001:0:3","Saalfelden Bahnhof","47.42682381","12.82972092","","","Pat:45:54001","Level 0","3"
"at:45:54001:0:5","Saalfelden Bahnhof","47.42684204","12.82990957","","","Pat:45:54001","Level 0","1"
"at:45:54001:4","Unterführung","47.42683596","12.82987364","","3","Pat:45:54001","Level -1",""
"at:45:54001:5","P+R","47.42772325","12.83027788","","3","Pat:45:54001","Level 0",""
"at:45:54001:6","B+R","47.42646524","12.83020601","","3","Pat:45:54001","Level 0",""
"at:45:54001:7","Abgelaufen!","47.42689066","12.83024194","","3","Pat:45:54001","Level 0",""
"at:45:54001:8","Abgelaufen!","47.42709729","12.83044856","","3","Pat:45:54001","Level 0",""
"at:45:54104:0:1","Zell am See Bahnhof","47.32084321","12.79626766","","","Pat:45:54104","Level 0","1"
"at:45:54104:0:6","Zell am See Bahnhof","47.32065444","12.79665394","","","Pat:45:54104","Level 0","1"
"at:45:54104:0:7","Zell am See Bahnhof","47.32056918","12.79676173","","","Pat:45:54104","Level 0","3"
"at:45:54104:0:8","Zell am See Bahnhof","47.32059963","12.79671682","","","Pat:45:54104","Level 0","2"
"at:45:54104:10","Seeseite","47.32040476","12.79706716","","2","Pat:45:54104","Level 0",""
"at:45:54104:3","Gleis 11 + 12","47.32038649","12.79605206","","","Pat:45:54104","Level 0",""
"at:45:54104:5","Gleis 4","47.32051437","12.79686055","","","Pat:45:54104","Level 0",""
"at:45:54104:6","Unterführung","47.32056309","12.79677970","","3","Pat:45:54104","Level -1",""
"at:45:54104:7","P+R","47.32134865","12.79748937","","3","Pat:45:54104","Level 0",""
"at:45:54104:8","B+R Vorplatz","47.32101372","12.79705818","","3","Pat:45:54104","Level 0",""
"at:45:54104:9","B+R Seeseite","47.32050828","12.79720191","","3","Pat:45:54104","Level 0",""
"at:45:54179:0:2","Bruck-Fusch Bahnhof B","47.28496324","12.82739428","","","Pat:45:54179","Level 0","B"
"at:45:54179:0:3","Bruck-Fusch Bahnhof","47.28457323","12.82814887","","","Pat:45:54179","Level 0","1"
"at:45:54179:0:4","Bruck-Fusch Bahnhof","47.28464027","12.82814887","","","Pat:45:54179","Level 0","2"
"at:45:54179:1","Bus A","47.28486574","12.82814887","","","Pat:45:54179","Level 0",""
"at:45:54179:3","Unterführung","47.28467683","12.82813989","","3","Pat:45:54179","Level -1",""
"at:45:54179:4","P+R","47.28479870","12.82738530","","3","Pat:45:54179","Level 0",""
"at:45:54179:5","B+R","47.28471339","12.82797819","","3","Pat:45:54179","Level 0",""
"at:45:54180:0:1","Taxenbach-Rauris Bahnhof","47.29293325","12.94703191","","","Pat:45:54180","Level 0","1"
"at:45:54180:0:2","Taxenbach-Rauris Bahnhof","47.29278702","12.94712175","","","Pat:45:54180","Level 0","1"
"at:45:54180:0:3","Taxenbach-Rauris Bahnhof","47.29285405","12.94712175","","","Pat:45:54180","Level 0","2"
"at:45:54180:3","Unterführung","47.29287842","12.94711276","","3","Pat:45:54180","Level -1",""
"at:45:54180:4","P+R","47.29303683","12.94702293","","3","Pat:45:54180","Level 0",""
"at:45:54180:5","B+R","47.29289060","12.94681632","","3","Pat:45:54180","Level 0",""
"at:45:54252:0:1","Leogang-Steinberge Bahnhof","47.44540517","12.76892294","","","Pat:45:54252","Level 0","1"
"at:45:54252:0:2","Leogang-Steinberge Bahnhof","47.44544769","12.76887803","","","Pat:45:54252","Level 0","2"
"at:45:54252:2","B+R Süd","47.44441489","12.76828514","","3","Pat:45:54252","Level 0",""
"at:45:54252:4","AST NORD","47.44481587","12.76805158","","","Pat:45:54252","Level 0",""
"at:45:54252:5","Bus SEV","47.44318158","12.76942600","","","Pat:45:54252","Level 0",""
"at:45:54252:6","P+R","47.44428731","12.76831209","","3","Pat:45:54252","Level 0",""
"at:45:54252:7","AST SÜD","47.44437844","12.76833904","","","Pat:45:54252","Level 0",""
"at:45:54253:0:1","Maishofen-Saalbach Bahnhof","47.35888348","12.81032629","","","Pat:45:54253","Level 0","1"
"at:45:54253:0:3","Maishofen-Saalbach Bahnhof","47.35885306","12.81040714","","","Pat:45:54253","Level 0","2"
"at:45:54253:0:4","Maishofen-Saalbach Bahnhof B","47.35862790","12.80976934","","","Pat:45:54253","Level 0","B"
"at:45:54253:2","B+R","47.35877395","12.80984120","","3","Pat:45:54253","Level 0",""
"at:45:54253:5","Unterführung","47.35882872","12.81034426","","3","Pat:45:54253","Level -1",""
"at:45:54253:6","P+R","47.35872527","12.80981425","","3","Pat:45:54253","Level 0",""
"at:45:54276:0:1","Leogang Bahnhof","47.44340030","12.74027567","","","Pat:45:54276","Level 0","1"
"at:45:54276:0:2","Leogang Bahnhof","47.44347928","12.74028465","","","Pat:45:54276","Level 0","2"
"at:45:54276:2","B+R","47.44318766","12.74015889","","3","Pat:45:54276","Level 0",""
"at:45:54276:3","Unterführung","47.44334562","12.74049126","","3","Pat:45:54276","Level -1",""
"at:45:54276:4","P+R","47.44328487","12.73994329","","3","Pat:45:54276","Level 0",""
"at:45:54276:5","Bus","47.44327272","12.74012296","","","Pat:45:54276","Level 0",""
"at:45:56183:0:3","Seekirchen Bahnhof","47.89905751","13.12938093","","","Pat:45:56183","Level 0","1"
"at:45:56183:0:4","Seekirchen Bahnhof","47.89911773","13.12930907","","","Pat:45:56183","Level 0","2"
"at:45:56183:1","Bus Nord","47.89885274","13.12834787","","","Pat:45:56183","Level 0",""
"at:45:56183:10","Eing Nord","47.89933455","13.12962348","","2","Pat:45:56183","Level 0",""
"at:45:56183:11","P+R Süd","47.89955136","13.13093502","","3","Pat:45:56183","Level 0",""
"at:45:56183:12","Bus Übergang","47.89912978","13.13024332","","","Pat:45:56183","Level 0",""
"at:45:56183:13","Bus Nord2","47.89897921","13.12935398","","","Pat:45:56183","Level 0",""
"at:45:56183:3","Bus Süd","47.89840706","13.12829397","","","Pat:45:56183","Level 0",""
"at:45:56183:5","Unterführung","47.89811194","13.12690158","","3","Pat:45:56183","Level -1",""
"at:45:56183:6","Übergang","47.89950920","13.13050383","","3","Pat:45:56183","Level 1",""
"at:45:56183:7","P+R Nord","47.89922012","13.12893178","","3","Pat:45:56183","Level 0",""
"at:45:56183:8","B+R Süd","47.89899126","13.12945280","","3","Pat:45:56183","Level 0",""
"at:45:56183:9","Eing Süd","47.89897921","13.12960551","","2","Pat:45:56183","Level 0",""
"at:45:56199:0:1","Bad Vigaun S-Bahn","47.66416132","13.12404494","","","Pat:45:56199","Level 0","2"
"at:45:56199:0:3","Bad Vigaun S-Bahn","47.66416737","13.12418867","","","Pat:45:56199","Level 0","1"
"at:45:56199:2","Eing Ostseite + Bus","47.66423392","13.12455698","","","Pat:45:56199","Level 0",""
"at:45:56199:4","B+R Ostseite","47.66433072","13.12462885","","3","Pat:45:56199","Level 0",""
"at:45:56199:5","P+R Ostseite","47.66462716","13.12454800","","3","Pat:45:56199","Level 0",""
"at:45:56199:6","Unterführung","47.66430652","13.12417071","","3","Pat:45:56199","Level -1",""
"at:45:56199:7","Eing Westseite","47.66430047","13.12387426","","2","Pat:45:56199","Level 0",""
"at:45:56199:8","B+R Westseite","47.66436702","13.12385629","","3","Pat:45:56199","Level 0",""
"at:45:56408:0:1","Seekirchen Stadt S-Bahn","47.89127565","13.12011032","","","Pat:45:56408","Level 0","1"
"at:45:56408:0:2","Seekirchen Stadt S-Bahn","47.89126963","13.12003846","","","Pat:45:56408","Level 0","2"
"at:45:56408:2","Bus","47.89267310","13.12022710","","","Pat:45:56408","Level 0",""
"at:45:56483:0:1","Straßwalchen West","47.97674558","13.24541632","","","Pat:45:56483","Level 0","1"
"at:45:56483:2","Eing + SEV","47.97607205","13.24455394","","","Pat:45:56483","Level 0",""
"at:45:56483:3","B+R","47.97650504","13.24541632","","3","Pat:45:56483","Level 0",""
"at:45:56483:4","P+R","47.97708836","13.24582954","","3","Pat:45:56483","Level 0",""
"at:45:56533:0:3","Salzburg Gnigl S-Bahn","47.81198716","13.06634615","","","Pat:45:56533","Level -1","1"
"at:45:56533:0:4","Salzburg Gnigl S-Bahn","47.81196906","13.06623835","","","Pat:45:56533","Level -1","2"
"at:45:56533:2","Bus Nord","47.81181824","13.06640005","","","Pat:45:56533","Level 0",""
"at:45:56533:3","Bus Süd","47.81161313","13.06637310","","","Pat:45:56533","Level 0",""
"at:45:56533:4","B+R","47.81171569","13.06654378","","3","Pat:45:56533","Level -1",""
"at:45:56533:5","Abg Süd","47.81156487","13.06648090","","3","Pat:45:56533","Level -1",""
"at:45:56656:0:1","Puch Urstein (FH)","47.72410586","13.08811233","","","Pat:45:56656","Level 0","2"
"at:45:56656:0:2","Puch Urstein (FH)","47.72411190","13.08823809","","","Pat:45:56656","Level 0","1"
"at:45:56656:10","Shuttle","47.72498209","13.08762724","","","Pat:45:56656","Level 1",""
"at:45:56656:2","Bus Ost","47.72463764","13.08853454","","","Pat:45:56656","Level 0",""
"at:45:56656:4","Übergang","47.72382184","13.08817521","","3","Pat:45:56656","Level 1",""
"at:45:56656:5","P+R","47.72403939","13.08857047","","3","Pat:45:56656","Level 1",""
"at:45:56656:6","B+R Westseite","47.72409378","13.08787877","","3","Pat:45:56656","Level 1",""
"at:45:56656:7","Bus West","47.72501230","13.08765419","","","Pat:45:56656","Level 1",""
"at:45:56656:8","Eing FH Campus","47.72442010","13.08757334","","2","Pat:45:56656","Level 0",""
"at:45:56656:9","B+R Ostseite","47.72387623","13.08875013","","3","Pat:45:56656","Level 1",""
"at:45:56702:0:1","Salzburg Taxham Europark S-Bahn","47.81543176","13.01129739","","","Pat:45:56702","Level 0","1"
"at:45:56702:0:2","Salzburg Taxham Europark S-Bahn","47.81548605","13.01137824","","","Pat:45:56702","Level 0","2"
"at:45:56702:0:3","Salzburg Taxham Europark S-Bahn","47.81552828","13.01144112","","","Pat:45:56702","Level 0","3"
"at:45:56702:3","Eingang Gleis 2+3","47.81635471","13.01030026","","2","Pat:45:56702","Level -1",""
"at:45:56702:4","Eingang Gleis 1","47.81604103","13.01029128","","2","Pat:45:56702","Level 0",""
"at:45:56702:5","B+R","47.81604706","13.00994992","","3","Pat:45:56702","Level 0",""
"at:45:56702:6","Unterführung","47.81632455","13.01020145","","3","Pat:45:56702","Level -1",""
"at:45:56900:0:1","Gries Bahnhof","47.28856452","12.89241435","","","Pat:45:56900","Level 0","3"
"at:45:56900:0:2","Gries Bahnhof 1","47.28801611","12.89068060","","","Pat:45:56900","Level 0","1"
"at:45:56900:0:3","Gries Bahnhof 2","47.28806486","12.89066263","","","Pat:45:56900","Level 0","2"
"at:45:56900:2","B+R","47.28798565","12.89079738","","3","Pat:45:56900","Level 0",""
"at:45:56900:5","Abgelaufen!","47.28810751","12.89063568","","3","Pat:45:56900","Level 0",""
"at:45:99978:0:1","Walserberg TP Staatsgrenze","47.76706579","12.92070229","","","Pat:45:99978","Level 0","1"
"at:46:1034:0:1","Studenzen-Fladnitz","46.99920311","15.77467690","","","Pat:46:1034","Level 0","1"
"at:46:1034:0:2","Studenzen-Fladnitz","46.99917247","15.77471283","","","Pat:46:1034","Level 0","2"
"at:46:1034:2","bus","46.99871910","15.77428164","","","Pat:46:1034","Level 0",""
"at:46:1745:0:2","Pernegg Bahnhof 2","47.35947375","15.34297352","","","Pat:46:1745","Level 0","2"
"at:46:1745:0:3","Pernegg Bahnhof 1","47.35948592","15.34300047","","","Pat:46:1745","Level 0","1"
"at:46:1745:2","bus","47.35921208","15.34278488","","","Pat:46:1745","Level 0",""
"at:46:1745:3","Zugang Unterfuehrung","47.35890782","15.34336878","","3","Pat:46:1745","Level -1",""
"at:46:1746:0:3","Flughafen Graz-Feldkirchen Bahnhof","46.99797777","15.44934304","","","Pat:46:1746","Level 0","2"
"at:46:1746:0:4","Flughafen Graz-Feldkirchen Bahnhof","46.99802679","15.44954067","","","Pat:46:1746","Level 0","1"
"at:46:1746:2","bus","46.99711390","15.44861540","","","Pat:46:1746","Level 0",""
"at:46:1746:4","Zugang Unterfuehrung","46.99745087","15.44980118","","3","Pat:46:1746","Level -1",""
"at:46:1746:5","Shuttle Gleis 1","46.99791651","15.44971135","","","Pat:46:1746","Level 0",""
"at:46:1746:6","Shuttle Gleis 2","46.99747538","15.44954965","","","Pat:46:1746","Level 0",""
"at:46:1747:0:1","Werndorf Bahnhof","46.91631971","15.47679555","","","Pat:46:1747","Level 0","2"
"at:46:1747:0:3","Werndorf Bahnhof","46.91634426","15.47711895","","","Pat:46:1747","Level 0","1"
"at:46:1747:2","bus","46.91651607","15.47728064","","","Pat:46:1747","Level 0",""
"at:46:1747:4","Tunnel","46.91614177","15.47698420","","3","Pat:46:1747","Level -1",""
"at:46:1747:5","Zugang","46.91625222","15.47729861","","2","Pat:46:1747","Level 0",""
"at:46:1748:0:2","Wildon Bahnhof","46.88377632","15.52141487","","","Pat:46:1748","Level 0","1"
"at:46:1748:0:4","Wildon Bahnhof","46.88378860","15.52146877","","","Pat:46:1748","Level 0","2"
"at:46:1748:2","bus","46.88392367","15.52073215","","","Pat:46:1748","Level 0",""
"at:46:1749:0:1","Lebring Bahnhof","46.85575305","15.53214974","","","Pat:46:1749","Level 0","1"
"at:46:1749:0:3","Lebring Bahnhof","46.85574691","15.53208686","","","Pat:46:1749","Level 0","2"
"at:46:1749:2","bus","46.85521246","15.53248212","","","Pat:46:1749","Level 0",""
"at:46:1749:3","Zugang Unterfuehrung","46.85547662","15.53216771","","3","Pat:46:1749","Level -1",""
"at:46:1751:0:1","Lichendorf Bahnhof","46.71390207","15.69811349","","","Pat:46:1751","Level 0","1"
"at:46:1751:2","Zugang","46.71381584","15.69868841","","2","Pat:46:1751","Level 0",""
"at:46:1752:0:2","Weitersfeld an der Mur Bahnhof","46.71462886","15.72190986","","","Pat:46:1752","Level 0","1"
"at:46:1753:0:2","Mureck Bahnhof","46.71133362","15.77108364","","","Pat:46:1753","Level 0","1"
"at:46:1753:0:3","Mureck Bahnhof","46.71104412","15.77081414","","","Pat:46:1753","Level 0","mur"
"at:46:1753:0:4","Mureck Bahnhof","46.71109339","15.77081414","","","Pat:46:1753","Level 0","stef"
"at:46:1753:0:5","Mureck Bahnhof","46.71131514","15.77103872","","","Pat:46:1753","Level 0","2"
"at:46:1756:0:2","Purkla Bahnhof","46.73160694","15.90324378","","","Pat:46:1756","Level 0","1"
"at:46:1756:0:3","Purkla Bahnhof","46.73191480","15.90339650","","","Pat:46:1756","Level 0","spi"
"at:46:1756:0:4","Purkla Bahnhof","46.73173624","15.90380074","","","Pat:46:1756","Level 0","rad"
"at:46:1757:0:2","Halbenrain Bahnhof","46.72370667","15.94914770","","","Pat:46:1757","Level 0","1"
"at:46:1757:2","bus","46.72360814","15.94872549","","","Pat:46:1757","Level 0",""
"at:46:1758:0:2","Judendorf-Straßengel Bahnhof 2","47.11859913","15.34326997","","","Pat:46:1758","Level 0","2"
"at:46:1758:0:4","Judendorf-Straßengel Bahnhof 1","47.11867860","15.34330590","","","Pat:46:1758","Level 0","1"
"at:46:1758:2","bus","47.11820790","15.34343167","","","Pat:46:1758","Level 0",""
"at:46:1758:4","Zugang Unterfuehrung","47.11833627","15.34431201","","3","Pat:46:1758","Level -1",""
"at:46:1758:5","schienenersatz","47.11775554","15.34408744","","","Pat:46:1758","Level 0",""
"at:46:1759:0:2","Stübing Bahnhof 1","47.17747027","15.32239312","","","Pat:46:1759","Level 0","1"
"at:46:1759:0:4","Stübing Bahnhof 2","47.17754965","15.32232126","","","Pat:46:1759","Level 0","2"
"at:46:1759:3","Ueberfuehrung","47.17756186","15.32243804","","3","Pat:46:1759","Level 1",""
"at:46:1759:4","bus","47.17781832","15.32232126","","","Pat:46:1759","Level 0",""
"at:46:1759:5","Zugang","47.17798318","15.32181820","","2","Pat:46:1759","Level 0",""
"at:46:1759:6","Zugang Nord","47.17957684","15.32636367","","2","Pat:46:1759","Level 0",""
"at:46:1760:0:2","Peggau-Deutschfeistritz Bahnhof 2","47.20752217","15.34313522","","","Pat:46:1760","Level 0","2"
"at:46:1760:0:3","Peggau-Deutschfeistritz Bahnhof 1","47.20697293","15.34343167","","","Pat:46:1760","Level 0","1"
"at:46:1760:2","baus","47.20723534","15.34371014","","","Pat:46:1760","Level 0",""
"at:46:1760:4","Tunnel","47.20727806","15.34326099","","3","Pat:46:1760","Level -1",""
"at:46:1760:5","Zugang","47.20732688","15.34364726","","2","Pat:46:1760","Level 0",""
"at:46:1760:6","bein","47.20709498","15.34367421","","","Pat:46:1760","Level 0",""
"at:46:1761:0:1","Laßnitzhöhe 2","47.07888114","15.58832139","","","Pat:46:1761","Level 0","2"
"at:46:1761:0:2","Laßnitzhöhe 1","47.07892396","15.58833936","","","Pat:46:1761","Level 0","1"
"at:46:1761:2","bus","47.07887502","15.58957904","","","Pat:46:1761","Level 0",""
"at:46:1762:0:4","Takern-St.Margarethen Bahnhof","47.04534087","15.75789637","","","Pat:46:1762","Level 0","1"
"at:46:1762:0:5","Takern-St.Margarethen Bahnhof","47.04534087","15.75783349","","","Pat:46:1762","Level 0","2"
"at:46:1762:2","bus","47.04508990","15.75835451","","","Pat:46:1762","Level 0",""
"at:46:1762:3","Zugang","47.04507766","15.75804010","","2","Pat:46:1762","Level 0",""
"at:46:1764:0:1","Rohr Haltestelle","46.97652380","15.81204682","","","Pat:46:1764","Level 0","1"
"at:46:1764:2","Zugang","46.97618056","15.81237919","","2","Pat:46:1764","Level 0",""
"at:46:1765:0:2","Gniebing","46.96206922","15.85254287","","","Pat:46:1765","Level 0","1"
"at:46:1765:3","bus","46.96198952","15.85309084","","","Pat:46:1765","Level 0",""
"at:46:1766:0:1","Lödersdorf","46.95466878","15.94621020","","","Pat:46:1766","Level 0","1"
"at:46:1766:2","Zugang","46.95476689","15.94668631","","2","Pat:46:1766","Level 0",""
"at:46:1766:3","bus","46.95468718","15.94670428","","","Pat:46:1766","Level 0",""
"at:46:1767:0:1","Hohenbrugg an der Raab Bahnhof","46.94427455","16.06044896","","","Pat:46:1767","Level 0","1"
"at:46:1767:2","bus","46.94443401","16.05981115","","","Pat:46:1767","Level 0",""
"at:46:1768:0:1","Hatzendorf Bahnhof","46.97938605","16.00336102","","","Pat:46:1768","Level 0","1"
"at:46:1768:2","bus","46.97934315","16.00298373","","","Pat:46:1768","Level 0",""
"at:46:1768:3","Zugang","46.97936153","16.00324424","","2","Pat:46:1768","Level 0",""
"at:46:1770:0:3","Söchau Bahnhof","47.02874959","16.01352995","","","Pat:46:1770","Level 0","2"
"at:46:1770:2","bus","47.02884144","16.01399708","","","Pat:46:1770","Level 0",""
"at:46:1771:0:1","Übersbach Bahnhof","47.02683299","16.05392719","","","Pat:46:1771","Level 0","1"
"at:46:1771:2","bus","47.02670440","16.05324447","","","Pat:46:1771","Level 0",""
"at:46:1772:0:1","Bierbaum/Safen Bahnhof","47.09788465","16.07437285","","","Pat:46:1772","Level 0","1"
"at:46:1772:0:2","Bierbaum/Safen Bahnhof","47.09790911","16.07436386","","","Pat:46:1772","Level 0","2"
"at:46:1772:2","bus","47.09795192","16.07387877","","","Pat:46:1772","Level 0",""
"at:46:1774:0:1","Bad Waltersdorf Bahnhof","47.17036227","16.01357487","","","Pat:46:1774","Level 0","1"
"at:46:1774:2","bus","47.17075312","16.01299995","","","Pat:46:1774","Level 0",""
"at:46:1775:0:2","Sebersdorf Bahnhof","47.18911336","15.99890538","","","Pat:46:1775","Level 0","2"
"at:46:1775:2","bus","47.18912556","15.99913894","","","Pat:46:1775","Level 0",""
"at:46:1794:0:2","Kalsdorf Bahnhof","46.96423336","15.46995039","","","Pat:46:1794","Level 0","2"
"at:46:1794:0:3","Kalsdorf Bahnhof","46.96430693","15.47021090","","","Pat:46:1794","Level 0","1"
"at:46:1794:2","bahnhofstraße","46.96491386","15.47064209","","","Pat:46:1794","Level 0",""
"at:46:1794:3","Tunnel","46.96404332","15.47021988","","3","Pat:46:1794","Level -1",""
"at:46:1794:5","schleife","46.96474220","15.47020192","","","Pat:46:1794","Level 0",""
"at:46:1794:6","Zugang Nord","46.96490773","15.47017497","","2","Pat:46:1794","Level 0",""
"at:46:1794:7","Zugang Sued","46.96262099","15.47124396","","2","Pat:46:1794","Level 0",""
"at:46:1827:0:1","Leibnitz Bahnhof","46.77982705","15.54741212","","","Pat:46:1827","Level 0","3"
"at:46:1827:0:2","Leibnitz Bahnhof","46.77982705","15.54734025","","","Pat:46:1827","Level 0","2"
"at:46:1827:0:4","Leibnitz Bahnhof","46.78047298","15.54698093","","","Pat:46:1827","Level 0","1"
"at:46:1827:10","Bereich-D","46.78038070","15.54657668","","","Pat:46:1827","Level 0",""
"at:46:1827:11","Bereich-E","46.78016540","15.54665753","","","Pat:46:1827","Level 0",""
"at:46:1827:12","Bereich-F","46.77990087","15.54657668","","","Pat:46:1827","Level 0",""
"at:46:1827:2","Bereich-A","46.78052219","15.54672940","","","Pat:46:1827","Level 0",""
"at:46:1827:4","Tunnel","46.78008543","15.54729534","","3","Pat:46:1827","Level -1",""
"at:46:1827:5","Zugang Ost","46.78014694","15.54778043","","2","Pat:46:1827","Level 0",""
"at:46:1827:6","Unterfuehrung","46.78137111","15.54686414","","3","Pat:46:1827","Level -1",""
"at:46:1827:7","Zugang West","46.78024537","15.54679228","","2","Pat:46:1827","Level 0",""
"at:46:1827:8","Bereich-B","46.78034995","15.54680126","","","Pat:46:1827","Level 0",""
"at:46:1827:9","Bereich-C","46.78012849","15.54689109","","","Pat:46:1827","Level 0",""
"at:46:1839:0:1","Spielfeld-Straß Bahnhof","46.70965204","15.62885338","","","Pat:46:1839","Level 0","3"
"at:46:1839:0:3","Spielfeld-Straß Bahnhof","46.70958428","15.62904203","","","Pat:46:1839","Level 0","2"
"at:46:1839:0:4","Spielfeld-Straß Bahnhof","46.70962740","15.62915881","","","Pat:46:1839","Level 0","1"
"at:46:1839:0:5","Spielfeld-Straß Bahnhof","46.70986763","15.62927559","","","Pat:46:1839","Level 0","schl"
"at:46:1839:4","zug45","46.70955964","15.62890728","","","Pat:46:1839","Level 0",""
"at:46:1851:0:1","Lichendorf Ortsmitte","46.71136441","15.69664025","","","Pat:46:1851","Level 0","spi"
"at:46:1851:0:2","Lichendorf Ortsmitte","46.71125970","15.69664923","","","Pat:46:1851","Level 0","rad"
"at:46:1852:0:1","Weitersfeld/Mur Dornhof","46.71340933","15.72096663","","","Pat:46:1852","Level 0","spi"
"at:46:1852:0:2","Weitersfeld/Mur Dornhof","46.71330462","15.72117324","","","Pat:46:1852","Level 0","rad"
"at:46:1858:0:2","Gosdorf Bahnhof","46.72460574","15.79773665","","","Pat:46:1858","Level 0","1"
"at:46:1858:0:3","Gosdorf Bahnhof","46.72432863","15.79792530","","","Pat:46:1858","Level 0","spi"
"at:46:1858:0:4","Gosdorf Bahnhof","46.72460574","15.79853615","","","Pat:46:1858","Level 0","rad"
"at:46:1873:0:1","Halbenrain Ortsmitte (West)","46.72185920","15.94710852","","","Pat:46:1873","Level 0","spi"
"at:46:1873:0:2","Halbenrain Ortsmitte (West)","46.72177299","15.94709055","","","Pat:46:1873","Level 0","rad"
"at:46:1891:0:2","Bad Radkersburg Bahnhof","46.69950605","15.99338074","","","Pat:46:1891","Level 0","2"
"at:46:1891:0:3","Bad Radkersburg Bahnhof","46.69926577","15.99304836","","","Pat:46:1891","Level 0","bus"
"at:46:1891:0:5","Bad Radkersburg Bahnhof","46.69948756","15.99331786","","","Pat:46:1891","Level 0","1"
"at:46:1923:0:1","Feldbach 3","46.95862358","15.88927498","","","Pat:46:1923","Level 0","3"
"at:46:1923:0:2","Feldbach 2","46.95857453","15.88926600","","","Pat:46:1923","Level 0","2"
"at:46:1923:2","brieg","46.95828636","15.88817005","","","Pat:46:1923","Level 0",""
"at:46:1923:3","zug1","46.95845190","15.88897854","","","Pat:46:1923","Level 0",""
"at:46:1923:4","Zugang Nord","46.95887496","15.88885277","","2","Pat:46:1923","Level 0",""
"at:46:1923:5","Tunnel","46.95858679","15.88886176","","3","Pat:46:1923","Level -1",""
"at:46:1923:6","bfeld","46.95802271","15.88817904","","","Pat:46:1923","Level 0",""
"at:46:1960:0:2","Fehring","46.94950565","16.01317063","","","Pat:46:1960","Level 0","3"
"at:46:1960:0:3","Fehring","46.94947499","16.01316164","","","Pat:46:1960","Level 0","2"
"at:46:1960:0:4","Fehring","46.94946272","16.01217350","","","Pat:46:1960","Level 0","1"
"at:46:1960:2","bus","46.94941366","16.01203875","","","Pat:46:1960","Level 0",""
"at:46:1960:4","Tunnel","46.94947499","16.01273045","","3","Pat:46:1960","Level -1",""
"at:46:1960:5","Zugang","46.94930941","16.01250587","","2","Pat:46:1960","Level 0",""
"at:46:1982:0:2","Fürstenfeld Bahnhof","47.04207200","16.08398482","","","Pat:46:1982","Level 0","3"
"at:46:1982:0:3","Fürstenfeld Bahnhof","47.04208425","16.08385007","","","Pat:46:1982","Level 0","1"
"at:46:1982:2","bus","47.04215771","16.08335600","","","Pat:46:1982","Level 0",""
"at:46:2022:0:2","Hartberg Bahnhof","47.28093512","15.98464013","","","Pat:46:2022","Level 0","2"
"at:46:2022:0:3","Hartberg Bahnhof","47.28095340","15.98460420","","","Pat:46:2022","Level 0","1"
"at:46:2022:2","bus","47.28159329","15.98474793","","","Pat:46:2022","Level 0",""
"at:46:2042:0:1","Frohnleiten Bahnhof 2","47.26647158","15.32734284","","","Pat:46:2042","Level 1","2"
"at:46:2042:0:2","Frohnleiten Bahnhof 1","47.26649597","15.32728894","","","Pat:46:2042","Level 1","1"
"at:46:2042:0:7","Frohnleiten Bahnhof 3","47.26630090","15.32735182","","","Pat:46:2042","Level 1","3"
"at:46:2042:10","Zugang SuedWest","47.26671542","15.32713623","","2","Pat:46:2042","Level 0",""
"at:46:2042:2","bus","47.26659350","15.32697453","","","Pat:46:2042","Level 0",""
"at:46:2042:3","Bus Ersatz","47.26795286","15.32586960","","","Pat:46:2042","Level 0",""
"at:46:2042:5","tunnel12","47.26653864","15.32740572","","3","Pat:46:2042","Level 0",""
"at:46:2042:6","tunnel3","47.26646549","15.32751352","","3","Pat:46:2042","Level 0",""
"at:46:2042:7","P+R Nordost","47.26705679","15.32863641","","3","Pat:46:2042","Level 0",""
"at:46:2042:8","bv","47.26650206","15.32686673","","","Pat:46:2042","Level 0",""
"at:46:2042:9","Zugang NordOst","47.26669713","15.32815132","","2","Pat:46:2042","Level 0",""
"at:46:2051:0:2","Mixnitz-Bärenschützklamm Bahnhof 1","47.33189470","15.35999660","","","Pat:46:2051","Level 1","1"
"at:46:2051:0:4","Mixnitz-Bärenschützklamm Bahnhof 2","47.33187643","15.35996067","","","Pat:46:2051","Level 1","2"
"at:46:2051:2","grz","47.33143198","15.36104763","","","Pat:46:2051","Level 0",""
"at:46:2051:3","Zugang Tunnel","47.33139545","15.36061644","","3","Pat:46:2051","Level 0",""
"at:46:2051:4","bmur","47.33207126","15.36067932","","","Pat:46:2051","Level 0",""
"at:46:2065:0:1","Bruck/Mur Bahnhof 1","47.41363423","15.27920212","","","Pat:46:2065","Level 0","1"
"at:46:2065:0:26","Bruck/Mur Bahnhof 26","47.41263120","15.28109757","","","Pat:46:2065","Level 0","26"
"at:46:2065:0:3","Bruck/Mur Bahnhof 6","47.41348226","15.27993874","","","Pat:46:2065","Level 0","6"
"at:46:2065:0:4","Bruck/Mur Bahnhof 5","47.41373150","15.27961535","","","Pat:46:2065","Level 0","5"
"at:46:2065:0:5","Bruck/Mur Bahnhof 4","47.41371934","15.27955247","","","Pat:46:2065","Level 0","4"
"at:46:2065:0:6","Bruck/Mur Bahnhof 3","47.41369502","15.27944467","","","Pat:46:2065","Level 0","3"
"at:46:2065:0:7","Bruck/Mur Bahnhof 2","47.41368894","15.27938179","","","Pat:46:2065","Level 0","2"
"at:46:2065:10","Fernbus","47.41320871","15.27804330","","","Pat:46:2065","Level 0",""
"at:46:2065:12","CD","47.41329989","15.27838466","","","Pat:46:2065","Level 0",""
"at:46:2065:13","EF","47.41323910","15.27815109","","","Pat:46:2065","Level 0",""
"at:46:2065:14","bv","47.41334852","15.27898653","","","Pat:46:2065","Level 0",""
"at:46:2065:15","Zugang Sued","47.41326342","15.27910331","","2","Pat:46:2065","Level 0",""
"at:46:2065:16","Zugang Nord","47.41428467","15.27889670","","2","Pat:46:2065","Level 0",""
"at:46:2065:17","Bruecke 23","47.41439409","15.27913924","","3","Pat:46:2065","Level 1",""
"at:46:2065:18","Bruecke 45","47.41439409","15.27930992","","3","Pat:46:2065","Level 1",""
"at:46:2065:19","Bruecke 6","47.41439409","15.27950755","","3","Pat:46:2065","Level 1",""
"at:46:2065:2","AB","47.41336068","15.27859127","","","Pat:46:2065","Level 0",""
"at:46:2065:3","Tunnel Bahnst 1","47.41345794","15.27929195","","3","Pat:46:2065","Level -1",""
"at:46:2065:7","Tunnel Bahnst 2 3","47.41353089","15.27951653","","3","Pat:46:2065","Level -1",""
"at:46:2065:8","Tunnel Bahnst 4 5","47.41357344","15.27968721","","3","Pat:46:2065","Level -1",""
"at:46:2065:9","Tunnel Bahnst 6","47.41362208","15.27984891","","3","Pat:46:2065","Level -1",""
"at:46:2244:0:1","Laßnitzthal 1","47.08827671","15.65715930","","","Pat:46:2244","Level 0","1"
"at:46:2244:0:2","Laßnitzthal 2","47.08831340","15.65715031","","","Pat:46:2244","Level 0","2"
"at:46:2244:2","bus","47.08757332","15.65691675","","","Pat:46:2244","Level 0",""
"at:46:2735:0:1","Bad Blumau Bahnhof","47.12324472","16.05676587","","","Pat:46:2735","Level 0","1"
"at:46:2735:2","bus","47.12380705","16.05672993","","","Pat:46:2735","Level 0",""
"at:46:28:0:3","Gleisdorf 2","47.09906488","15.70964786","","","Pat:46:28","Level 0","2"
"at:46:28:0:6","Gleisdorf 4","47.09904042","15.70963887","","","Pat:46:28","Level 0","4"
"at:46:28:1","zug1","47.09954186","15.70892022","","","Pat:46:28","Level 0",""
"at:46:28:2","busB","47.10015948","15.70801292","","","Pat:46:28","Level 0",""
"at:46:28:4","Tunnel","47.09939510","15.70904599","","3","Pat:46:28","Level -1",""
"at:46:28:5","zug3","47.09969474","15.70799496","","","Pat:46:28","Level 0",""
"at:46:28:6","busA","47.09993322","15.70837225","","","Pat:46:28","Level 0",""
"at:46:28:7","Zugang Nord","47.09972531","15.70884836","","2","Pat:46:28","Level 0",""
"at:46:28:8","Zugang Sued","47.09905877","15.70879446","","2","Pat:46:28","Level -1",""
"at:46:30077:0:1","Weststeiermark Bahnhof","46.81407495","15.29708758","","","Pat:46:30077","Level 0","1"
"at:46:30077:0:3","Weststeiermark Bahnhof","46.81390282","15.29707860","","","Pat:46:30077","Level 0","3"
"at:46:30077:0:4","Weststeiermark Bahnhof","46.81360772","15.29708758","","","Pat:46:30077","Level 0","4"
"at:46:30077:4","bus","46.81424709","15.29676419","","","Pat:46:30077","Level 0",""
"at:46:30077:5","bruecke23","46.81392741","15.29676419","","3","Pat:46:30077","Level 1",""
"at:46:30077:6","bus west","46.81447456","15.29580299","","","Pat:46:30077","Level 0",""
"at:46:30077:7","Zugang Sued","46.81341099","15.29681809","","2","Pat:46:30077","Level 0",""
"at:46:30205:0:1","Spielfeld Tarifpunkt Grenze (Bahn)","46.69202623","15.64038775","","","Pat:46:30205","Level 0","1"
"at:46:3038:0:2","Graz Ostbahnhof 2","47.05312659","15.44845371","","","Pat:46:3038","Level 0","2"
"at:46:3038:0:3","Graz Ostbahnhof 1","47.05313883","15.44849862","","","Pat:46:3038","Level 0","1"
"at:46:3038:2","bime","47.05433842","15.44851659","","","Pat:46:3038","Level 0",""
"at:46:3038:3","bus71","47.05385492","15.44839082","","","Pat:46:3038","Level 0",""
"at:46:3038:4","Tunnel","47.05318168","15.44843574","","3","Pat:46:3038","Level -1",""
"at:46:3038:5","bima","47.05350606","15.44905558","","","Pat:46:3038","Level 0",""
"at:46:3038:6","busa","47.05363458","15.44883998","","","Pat:46:3038","Level 0",""
"at:46:3038:7","buse","47.05423437","15.44872320","","","Pat:46:3038","Level 0",""
"at:46:3038:8","Zugang","47.05361622","15.44872320","","2","Pat:46:3038","Level 0",""
"at:46:3039:0:14","Raaba 1","47.03024363","15.49486966","","","Pat:46:3039","Level 0","1"
"at:46:3039:1","xzug1","47.03023138","15.49618120","","","Pat:46:3039","Level 0",""
"at:46:3039:2","Ex Bus einwärts","47.03069061","15.49498644","","","Pat:46:3039","Level 0",""
"at:46:3039:3","zug1ersatz","47.03007218","15.49632493","","","Pat:46:3039","Level 0",""
"at:46:3039:4","Bus Ersatz","47.02858426","15.49614526","","","Pat:46:3039","Level 0",""
"at:46:3039:5","Bus J-Krainer-Straße","47.03119269","15.49474389","","","Pat:46:3039","Level 0",""
"at:46:3039:6","Busbahnhof","47.03043956","15.49451033","","","Pat:46:3039","Level 0",""
"at:46:3039:8","zug2","47.03016403","15.49476186","","","Pat:46:3039","Level 0",""
"at:46:3040:0:10","Graz Hbf 5","47.07261651","15.41626707","","","Pat:46:3040","Level 0","5"
"at:46:3040:0:12","Graz Hbf 4","47.07262874","15.41635690","","","Pat:46:3040","Level 0","4"
"at:46:3040:0:14","Graz Hbf 3","47.07302031","15.41635690","","","Pat:46:3040","Level 0","3"
"at:46:3040:0:16","Graz Hbf 2","47.07263486","15.41659046","","","Pat:46:3040","Level 0","2"
"at:46:3040:0:19","Graz Hbf 1F-H","47.07101352","15.41742590","","","Pat:46:3040","Level 0","1"
"at:46:3040:0:2","Graz Hauptbahnhof 7","47.07252474","15.41605147","","","Pat:46:3040","Level 0","7"
"at:46:3040:0:24","Graz Hbf 21","47.07073208","15.41753369","","","Pat:46:3040","Level 0","21"
"at:46:3040:0:5","Graz Hbf 1B-E","47.07239625","15.41687792","","","Pat:46:3040","Level 0","1"
"at:46:3040:0:7","Graz Hbf 6","47.07255533","15.41616825","","","Pat:46:3040","Level 0","6"
"at:46:3040:10","regio-tu-nord-a","47.07382177","15.41668029","","","Pat:46:3040","Level 0",""
"at:46:3040:14","tunnel halle 45","47.07229836","15.41644673","","3","Pat:46:3040","Level -1",""
"at:46:3040:15","tunnel nord 45","47.07321608","15.41608741","","3","Pat:46:3040","Level -1",""
"at:46:3040:18","zug21Sperre","47.07070761","15.41756963","","","Pat:46:3040","Level 0",""
"at:46:3040:19","bim-ein","47.07168042","15.41865659","","","Pat:46:3040","Level -1",""
"at:46:3040:2","Vorplatz","47.07279393","15.41782115","","","Pat:46:3040","Level 0",""
"at:46:3040:20","bim-aus","47.07199245","15.41849489","","","Pat:46:3040","Level -1",""
"at:46:3040:21","tunnel nord 23pro","47.07330174","15.41627605","","3","Pat:46:3040","Level -1",""
"at:46:3040:22","zug67nord","47.07293465","15.41595266","","","Pat:46:3040","Level 0",""
"at:46:3040:23","tunnel halle 67","47.07226165","15.41624910","","3","Pat:46:3040","Level -1",""
"at:46:3040:24","tunnel nord 67","47.07317938","15.41586283","","3","Pat:46:3040","Level -1",""
"at:46:3040:25","zug89","47.07193739","15.41593469","","","Pat:46:3040","Level 0",""
"at:46:3040:26","tunnel halle 89","47.07214541","15.41573706","","3","Pat:46:3040","Level -1",""
"at:46:3040:27","Fernbus","47.07391354","15.41687792","","","Pat:46:3040","Level 0",""
"at:46:3040:28","Unterfuehrung Sued","47.07094622","15.41757861","","2","Pat:46:3040","Level -1",""
"at:46:3040:29","Regional 200/300/400","47.07356482","15.41688691","","","Pat:46:3040","Level 0",""
"at:46:3040:3","Ex-Tram (alt)","47.07234119","15.41768641","","","Pat:46:3040","Level 0",""
"at:46:3040:31","Hotel Ibis (alt)","47.07317938","15.41783912","","","Pat:46:3040","Level 0",""
"at:46:3040:32","Halle Süd","47.07246967","15.41741691","","2","Pat:46:3040","Level 0",""
"at:46:3040:33","Halle Nord","47.07298971","15.41718335","","2","Pat:46:3040","Level 0",""
"at:46:3040:34","Zugang Waagner-Biro","47.07294077","15.41456027","","2","Pat:46:3040","Level 0",""
"at:46:3040:35","Autoverladerampe","47.06948392","15.41818048","","2","Pat:46:3040","Level 0",""
"at:46:3040:4","Regional 100/500/600","47.07357705","15.41701267","","","Pat:46:3040","Level 0",""
"at:46:3040:5","tunnel halle 23","47.07232895","15.41665334","","3","Pat:46:3040","Level -1",""
"at:46:3040:6","tunnel nord 23","47.07324668","15.41629402","","3","Pat:46:3040","Level -1",""
"at:46:3040:7","hotel daniel (alt)","47.07158253","15.41801878","","","Pat:46:3040","Level 0",""
"at:46:3040:8","ost","47.07255533","15.41844997","","","Pat:46:3040","Level 0",""
"at:46:3040:9","nordost","47.07297136","15.41833319","","","Pat:46:3040","Level 0",""
"at:46:30454:0:2","Leoben Lerchenfeld Bahnhof","47.38545096","15.11414567","","","Pat:46:30454","Level 0","2"
"at:46:30454:0:3","Leoben Lerchenfeld Bahnhof","47.38534148","15.11416364","","","Pat:46:30454","Level 0","1"
"at:46:30454:10","Park+Ride Süd","47.38496439","15.11417262","","3","Pat:46:30454","Level 0",""
"at:46:30454:3","bus","47.38506170","15.11409177","","","Pat:46:30454","Level 0",""
"at:46:30454:4","Zugang Überfuehrung","47.38539014","15.11301379","","3","Pat:46:30454","Level 1",""
"at:46:30454:5","Zugang Nord","47.38549354","15.11324736","","2","Pat:46:30454","Level 0",""
"at:46:30454:7","Zugang Süd B+R","47.38525025","15.11408279","","2","Pat:46:30454","Level 0",""
"at:46:30454:8","Bike+Ride Nord","47.38554220","15.11340905","","3","Pat:46:30454","Level 0",""
"at:46:30454:9","Park+Ride Nord","47.38557869","15.11394804","","3","Pat:46:30454","Level 0",""
"at:46:3747:0:4","Graz Liebenau Murpark 1","47.04013752","15.46229674","","","Pat:46:3747","Level 1","1"
"at:46:3747:10","busC","47.04089051","15.46469525","","","Pat:46:3747","Level 0",""
"at:46:3747:11","busD","47.04078644","15.46497372","","","Pat:46:3747","Level 0",""
"at:46:3747:12","busE","47.04068237","15.46524322","","","Pat:46:3747","Level 0",""
"at:46:3747:2","bim","47.04082317","15.46414727","","","Pat:46:3747","Level 0",""
"at:46:3747:3","busB","47.04100070","15.46440778","","","Pat:46:3747","Level 0",""
"at:46:3747:4","busF","47.04059054","15.46547678","","","Pat:46:3747","Level 0",""
"at:46:3747:5","Fernbus","47.04055381","15.46553966","","","Pat:46:3747","Level 0",""
"at:46:3747:6","bim2","47.04025996","15.46365320","","","Pat:46:3747","Level 0",""
"at:46:3747:7","busG","47.03994774","15.46597085","","","Pat:46:3747","Level 0",""
"at:46:3747:8","busH","47.04131903","15.46407541","","","Pat:46:3747","Level 0",""
"at:46:3747:9","Zugang","47.03989877","15.46326692","","2","Pat:46:3747","Level 0",""
"at:46:3918:0:1","Kaindorf Bahnhof","46.80203625","15.54237257","","","Pat:46:3918","Level 0","2"
"at:46:3918:0:2","Kaindorf Bahnhof","46.80203010","15.54257020","","","Pat:46:3918","Level 0","1"
"at:46:3918:2","busost","46.80230066","15.54263308","","","Pat:46:3918","Level 0",""
"at:46:3918:4","Tunnel","46.80231296","15.54241748","","3","Pat:46:3918","Level -1",""
"at:46:3918:5","buswest","46.80231296","15.54277681","","","Pat:46:3918","Level 0",""
"at:46:3918:6","Zugang Ost","46.80255892","15.54258816","","2","Pat:46:3918","Level 0",""
"at:46:3918:7","Zugang West","46.80245439","15.54214799","","2","Pat:46:3918","Level 0",""
"at:46:4048:5","Ersatz Eggenbg. Str.","47.07117260","15.41891710","","","Pat:46:3040","Level 0",""
"at:46:4279:0:1","Graz Puntigam Bahnhof","47.03057427","15.42936451","","","Pat:46:4279","Level 0","1"
"at:46:4279:0:15","Graz Puntigam Bahnhof","47.03062938","15.42959807","","","Pat:46:4279","Level 0","4"
"at:46:4279:0:2","Graz Puntigam Bahnhof","47.03061101","15.42940044","","","Pat:46:4279","Level 0","2"
"at:46:4279:2","bus","47.03033547","15.42838534","","","Pat:46:4279","Level -1",""
"at:46:4279:3","bus2","47.03001707","15.42849314","","","Pat:46:4279","Level -1",""
"at:46:4279:4","bim","47.03047018","15.42867280","","","Pat:46:4279","Level -1",""
"at:46:4279:5","Ex-Fernbus","47.03033547","15.42811585","","","Pat:46:4279","Level -1",""
"at:46:4279:6","Tunnel12","47.03024363","15.42958908","","3","Pat:46:4279","Level -1",""
"at:46:4279:7","Tunnel34","47.03028036","15.42977773","","3","Pat:46:4279","Level -1",""
"at:46:4279:9","Zugang","47.03039058","15.43002028","","2","Pat:46:4279","Level 0",""
"at:46:4498:0:10","Graz Don Bosco Bahnhof 1","47.05803493","15.41906083","","","Pat:46:4498","Level 1","1"
"at:46:4498:0:11","Graz Don Bosco Bahnhof 3","47.05799821","15.41924948","","","Pat:46:4498","Level 1","3"
"at:46:4498:0:12","Graz Don Bosco Bahnhof 4","47.05819404","15.41941117","","","Pat:46:4498","Level 1","4"
"at:46:4498:0:3","Graz Don Bosco Bahnhof 5","47.05782685","15.41990525","","","Pat:46:4498","Level 1","5"
"at:46:4498:0:7","Graz Don Bosco Bahnhof 2","47.05804105","15.41920456","","","Pat:46:4498","Level 1","2"
"at:46:4498:0:9","Graz Don Bosco Bahnhof 6","47.05779625","15.42007593","","","Pat:46:4498","Level 1","6"
"at:46:4498:2","bus-ein","47.05880602","15.41947405","","","Pat:46:4498","Level 0",""
"at:46:4498:3","schleife","47.05889782","15.41976151","","","Pat:46:4498","Level 0",""
"at:46:4498:4","regionalbus","47.05836540","15.41825235","","","Pat:46:4498","Level 0",""
"at:46:4498:7","bus-aus","47.05872647","15.41916863","","","Pat:46:4498","Level 0",""
"at:46:4498:9","Zugang","47.05845720","15.41990525","","2","Pat:46:4498","Level 0",""
"at:46:5205:0:2","St.Johann in der Haide Bahnhof","47.28047196","16.03535003","","","Pat:46:5205","Level 0","1"
"at:46:5205:3","busersatz","47.28036226","16.03515240","","","Pat:46:5205","Level 0",""
"at:46:5211:0:1","Grafendorf Bahnhof","47.34686988","16.00354069","","","Pat:46:5211","Level 0","2"
"at:46:5211:3","Zugang","47.34676641","16.00340594","","2","Pat:46:5211","Level 0",""
"at:46:5230:0:1","Rohrbach-Vorau Bahnhof","47.39121653","15.98572709","","","Pat:46:5230","Level 0","2"
"at:46:5230:0:2","Rohrbach-Vorau Bahnhof","47.39115572","15.98574506","","","Pat:46:5230","Level 0","1"
"at:46:5230:2","bus","47.38982994","15.98604150","","","Pat:46:5230","Level 0",""
"at:46:5230:3","zug1","47.38955018","15.98582591","","","Pat:46:5230","Level 0",""
"at:46:525:0:1","Gratwein-Gratkorn Bahnhof 2","47.12911225","15.32313872","","","Pat:46:525","Level 0","2"
"at:46:525:0:3","Gratwein-Gratkorn Bahnhof 1","47.12905113","15.32303093","","","Pat:46:525","Level 0","1"
"at:46:525:2","bus","47.12971730","15.32208769","","","Pat:46:525","Level 0",""
"at:46:525:3","Tunnel","47.12920392","15.32295008","","3","Pat:46:525","Level -1",""
"at:46:525:5","Zugang","47.12906947","15.32270753","","2","Pat:46:525","Level 0",""
"at:46:5511:0:2","Unzmarkt Bahnhof 3","47.20102244","14.44221482","","","Pat:46:5511","Level 0","3"
"at:46:5511:0:4","Unzmarkt Bahnhof 2","47.20095530","14.44217889","","","Pat:46:5511","Level 0","2"
"at:46:5511:0:5","Unzmarkt Bahnhof 1","47.20077220","14.44199923","","","Pat:46:5511","Level 0","1"
"at:46:5511:2","bus","47.20101634","14.44287958","","","Pat:46:5511","Level 0",""
"at:46:5511:3","Zugang 1","47.20068675","14.44196329","","2","Pat:46:5511","Level 0",""
"at:46:5511:4","Zugang 2","47.20146799","14.44252923","","2","Pat:46:5511","Level 0",""
"at:46:5511:6","Tunnel","47.20094310","14.44226872","","3","Pat:46:5511","Level -1",""
"at:46:5511:7","Zugang 3","47.20110178","14.44277178","","2","Pat:46:5511","Level 0",""
"at:46:6092:0:2","Kapfenberg Bahnhof","47.44532011","15.29229058","","","Pat:46:6092","Level 1","3"
"at:46:6092:0:3","Kapfenberg Bahnhof","47.44527151","15.29231753","","","Pat:46:6092","Level 1","2"
"at:46:6092:0:5","Kapfenberg Bahnhof","47.44519861","15.29236244","","","Pat:46:6092","Level 1","1"
"at:46:6092:10","Zugang Nord","47.44549022","15.29182345","","2","Pat:46:6092","Level 1",""
"at:46:6092:11","Zugang Süd","47.44484017","15.29256905","","2","Pat:46:6092","Level 0",""
"at:46:6092:2","Alt Bus","47.44492522","15.29176955","","","Pat:46:6092","Level 1",""
"at:46:6092:3","Tunnel 1","47.44508318","15.29214685","","3","Pat:46:6092","Level 0",""
"at:46:6092:5","Tunnel 2 3","47.44519861","15.29205701","","3","Pat:46:6092","Level 0",""
"at:46:6092:6","Bus Ersatz","47.44594586","15.29489569","","","Pat:46:6092","Level 1",""
"at:46:6092:7","Zug Ersatz","47.44606736","15.29503942","","","Pat:46:6092","Level 1",""
"at:46:6092:8","Bus Ersatz B20","47.44425086","15.29273075","","","Pat:46:6092","Level 0",""
"at:46:6092:9","Bus","47.44516823","15.29254210","","","Pat:46:6092","Level 1",""
"at:46:6155:0:2","St.Marein-St.Lorenzen Bahnhof","47.47330134","15.37330065","","","Pat:46:6155","Level 0","1"
"at:46:6155:0:4","St.Marein-St.Lorenzen Bahnhof","47.47327705","15.37331861","","","Pat:46:6155","Level 0","2"
"at:46:6155:2","bus","47.47350171","15.37314793","","","Pat:46:6155","Level 0",""
"at:46:6155:3","Zugang Unterfuehrung","47.47302202","15.37268979","","3","Pat:46:6155","Level -1",""
"at:46:6313:0:1","Kindberg Bahnhof","47.50129194","15.44851659","","","Pat:46:6313","Level 0","2"
"at:46:6313:0:2","Kindberg Bahnhof","47.50126767","15.44846269","","","Pat:46:6313","Level 0","1"
"at:46:6313:2","bus","47.50095816","15.44748352","","","Pat:46:6313","Level 0",""
"at:46:6313:3","zug1n","47.50191702","15.44893880","","","Pat:46:6313","Level 0",""
"at:46:6313:4","Tunnel","47.50106740","15.44825608","","3","Pat:46:6313","Level -1",""
"at:46:6313:5","an","47.50110381","15.44782488","","","Pat:46:6313","Level 0",""
"at:46:6313:6","Zugang","47.50119484","15.44780692","","2","Pat:46:6313","Level 0",""
"at:46:6344:0:4","Leoben Hauptbahnhof 1","47.38641802","15.08973845","","","Pat:46:6344","Level 0","1"
"at:46:6344:0:7","Leoben Hauptbahnhof 3","47.38647884","15.08955878","","","Pat:46:6344","Level 0","3"
"at:46:6344:0:9","Leoben Hauptbahnhof 2","47.38644235","15.08960370","","","Pat:46:6344","Level 0","2"
"at:46:6344:10","tunnel 4 5","47.38664305","15.08949590","","3","Pat:46:6344","Level -1",""
"at:46:6344:11","stwl-hbf-rufbus","47.38591321","15.08968455","","","Pat:46:6344","Level 0",""
"at:46:6344:12","Zugang","47.38645451","15.09010676","","2","Pat:46:6344","Level 0",""
"at:46:6344:2","okvg-hbf","47.38663089","15.09039422","","","Pat:46:6344","Level 0",""
"at:46:6344:3","tunnel 1","47.38653966","15.08981929","","3","Pat:46:6344","Level -1",""
"at:46:6344:4","okvg-mur","47.38658223","15.09070863","","","Pat:46:6344","Level 0",""
"at:46:6344:5","stwl-hbf","47.38602268","15.08976540","","","Pat:46:6344","Level 0",""
"at:46:6344:6","stwl-mur","47.38617474","15.09014269","","","Pat:46:6344","Level 0",""
"at:46:6344:8","zug45","47.38654574","15.08943302","","","Pat:46:6344","Level 0",""
"at:46:6344:9","tunnel 2 3","47.38658831","15.08966658","","3","Pat:46:6344","Level -1",""
"at:46:6539:0:2","Krieglach Bahnhof","47.54708518","15.55981785","","","Pat:46:6539","Level 0","2"
"at:46:6539:0:3","Krieglach Bahnhof","47.54706699","15.55984480","","","Pat:46:6539","Level 0","1"
"at:46:6539:2","bus","47.54709124","15.56047362","","","Pat:46:6539","Level 0",""
"at:46:6539:3","Tunnel","47.54721251","15.56008735","","3","Pat:46:6539","Level -1",""
"at:46:6539:4","Zugang","47.54689721","15.56024006","","2","Pat:46:6539","Level 0",""
"at:46:6589:0:4","Hieflau Bahnhof","47.60778187","14.73723953","","","Pat:46:6589","Level 0","2"
"at:46:6589:2","bus","47.60756383","14.73750004","","","Pat:46:6589","Level 0",""
"at:46:6750:0:2","St.Michael Bahnhof","47.34634643","15.00930330","","","Pat:46:6750","Level 0","3"
"at:46:6750:0:3","St.Michael Bahnhof","47.34634034","15.00935719","","","Pat:46:6750","Level 0","2"
"at:46:6750:0:4","St.Michael Bahnhof","47.34663859","15.00934821","","","Pat:46:6750","Level 0","1"
"at:46:6750:0:7","St.Michael Bahnhof","47.34604818","15.00972550","","","Pat:46:6750","Level 0","11"
"at:46:6750:2","bus","47.34677250","15.00957279","","","Pat:46:6750","Level 0",""
"at:46:6750:3","Fernbus","47.34695510","15.00947398","","","Pat:46:6750","Level 0",""
"at:46:6750:5","Tunnel","47.34621252","15.00949194","","3","Pat:46:6750","Level -1",""
"at:46:6750:7","Zugang","47.34634643","15.00982432","","2","Pat:46:6750","Level 0",""
"at:46:6770:0:2","Mautern Bahnhof","47.39689026","14.83530861","","","Pat:46:6770","Level 0","1"
"at:46:6770:0:3","Mautern Bahnhof","47.39669568","14.83683574","","","Pat:46:6770","Level 0","2"
"at:46:6770:2","bus","47.39730984","14.83564997","","","Pat:46:6770","Level 0",""
"at:46:6770:4","Tunnel","47.39678081","14.83622489","","3","Pat:46:6770","Level -1",""
"at:46:6770:5","Zugang","47.39706661","14.83582963","","2","Pat:46:6770","Level 0",""
"at:46:6793:0:4","Admont Bahnhof","47.57341228","14.46834681","","","Pat:46:6793","Level 1","1"
"at:46:6793:2","bus","47.57371530","14.46826597","","","Pat:46:6793","Level 0",""
"at:46:6793:3","Zugang","47.57366076","14.46808630","","2","Pat:46:6793","Level 0",""
"at:46:6802:0:2","Gstatterboden Bahnhof","47.59138446","14.63354700","","","Pat:46:6802","Level 0","1"
"at:46:6802:2","bus","47.59163891","14.63384344","","","Pat:46:6802","Level 0",""
"at:46:6892:0:2","Stainach-Irdning Bahnhof","47.52918271","14.10722407","","","Pat:46:6892","Level 0","4"
"at:46:6892:0:3","Stainach-Irdning Bahnhof","47.52925550","14.10692763","","","Pat:46:6892","Level 0","3"
"at:46:6892:0:4","Stainach-Irdning Bahnhof","47.52929796","14.10693661","","","Pat:46:6892","Level 0","2"
"at:46:6892:0:5","Stainach-Irdning Bahnhof","47.52935862","14.10653237","","","Pat:46:6892","Level 0","1"
"at:46:6892:0:8","Stainach-Irdning Bahnhof","47.52915239","14.10726000","","","Pat:46:6892","Level 0","5"
"at:46:6892:2","bus","47.52961337","14.10681983","","","Pat:46:6892","Level 0",""
"at:46:6892:5","Tunnel","47.52920698","14.10697254","","3","Pat:46:6892","Level -1",""
"at:46:6892:6","Zugang Nord","47.52958911","14.10658627","","2","Pat:46:6892","Level 0",""
"at:46:6892:7","Zugang Sued","47.52899468","14.10724204","","2","Pat:46:6892","Level -1",""
"at:46:6938:0:2","Selzthal Bahnhof","47.55010471","14.31236335","","","Pat:46:6938","Level 0","1"
"at:46:6938:0:3","Selzthal Bahnhof","47.55021384","14.31223758","","","Pat:46:6938","Level 0","2"
"at:46:6938:0:5","Selzthal Bahnhof","47.55101417","14.31424981","","","Pat:46:6938","Level 0","11"
"at:46:6938:0:6","Selzthal Bahnhof","47.54983187","14.31141113","","","Pat:46:6938","Level 0","22"
"at:46:6938:0:7","Selzthal Bahnhof","47.55112330","14.31415998","","","Pat:46:6938","Level 0","12"
"at:46:6938:0:8","Selzthal Bahnhof","47.54974698","14.31149198","","","Pat:46:6938","Level 0","21"
"at:46:6938:2","bus","47.55038967","14.31358506","","","Pat:46:6938","Level 0",""
"at:46:6938:4","Zugang Unterfuehrung","47.55060795","14.31368387","","3","Pat:46:6938","Level -1",""
"at:46:6947:0:2","Rottenmann Bahnhof","47.52784221","14.36480699","","","Pat:46:6947","Level 0","2"
"at:46:6947:0:4","Rottenmann Bahnhof","47.52778762","14.36479801","","","Pat:46:6947","Level 0","1"
"at:46:6947:2","bus","47.52810303","14.36107000","","","Pat:46:6947","Level 0",""
"at:46:6947:3","Zugang Unterfuehrung","47.52787860","14.36279477","","3","Pat:46:6947","Level -1",""
"at:46:7024:0:1","Gröbming Bahnhof","47.42659894","13.90018935","","","Pat:46:7024","Level 0","2"
"at:46:7024:0:2","Gröbming Bahnhof","47.42658071","13.90020731","","","Pat:46:7024","Level 0","1"
"at:46:7024:2","bus","47.42665972","13.90111461","","","Pat:46:7024","Level 0",""
"at:46:7063:0:3","Bad Aussee Bahnhof","47.59908407","13.77679676","","","Pat:46:7063","Level 0","2"
"at:46:7063:0:5","Bad Aussee Bahnhof","47.59912647","13.77677879","","","Pat:46:7063","Level 0","1"
"at:46:7063:2","bus","47.59938088","13.77632065","","","Pat:46:7063","Level 0",""
"at:46:7112:0:2","Tauplitz Bahnhof","47.55167504","14.01015212","","","Pat:46:7112","Level 0","2"
"at:46:7112:2","bus","47.55192362","14.01084382","","","Pat:46:7112","Level 0",""
"at:46:7189:0:1","Haus Bahnhof","47.41703831","13.80049432","","","Pat:46:7189","Level 0","2"
"at:46:7189:0:2","Haus Bahnhof","47.41702008","13.80052127","","","Pat:46:7189","Level 0","1"
"at:46:7189:2","bus","47.41677693","13.80072788","","","Pat:46:7189","Level 0",""
"at:46:7208:0:2","Schladming Bahnhof","47.39401395","13.67847615","","","Pat:46:7208","Level 0","3"
"at:46:7208:0:3","Schladming Bahnhof","47.39393489","13.67851208","","","Pat:46:7208","Level 0","2"
"at:46:7208:0:4","Schladming Bahnhof","47.39382543","13.67859293","","","Pat:46:7208","Level 0","1"
"at:46:7208:2","bus","47.39384976","13.67879056","","","Pat:46:7208","Level 0",""
"at:46:7208:4","Tunnel","47.39390449","13.67863785","","3","Pat:46:7208","Level -1",""
"at:46:7208:5","Zugang","47.39382543","13.67899717","","2","Pat:46:7208","Level 0",""
"at:46:7208:6","Zugang Bike+Ride","47.39399570","13.67929362","","2","Pat:46:7208","Level 0",""
"at:46:7316:0:1","Bad Mitterndorf Bahnhof","47.55051700","13.94400917","","","Pat:46:7316","Level 0","1"
"at:46:7316:0:3","Bad Mitterndorf Bahnhof","47.55049881","13.94399120","","","Pat:46:7316","Level 0","2"
"at:46:7316:2","bus","47.55091110","13.94523986","","","Pat:46:7316","Level 0",""
"at:46:7420:0:3","Kapfenberg Fachhochschule","47.45451724","15.32888794","","","Pat:46:7420","Level 0","1"
"at:46:7420:0:5","Kapfenberg Fachhochschule","47.45485739","15.32941795","","","Pat:46:7420","Level 0","2"
"at:46:7420:2","bus","47.45399485","15.33020846","","","Pat:46:7420","Level 0",""
"at:46:7420:4","Zugang Unterfuehrung","47.45440790","15.32848370","","3","Pat:46:7420","Level -1",""
"at:46:7421:0:2","Allerheiligen-Mürzhofen Bahnhof","47.48211109","15.40323251","","","Pat:46:7421","Level 0","1"
"at:46:7421:0:5","Allerheiligen-Mürzhofen Bahnhof","47.48211109","15.40298997","","","Pat:46:7421","Level 0","2"
"at:46:7421:2","bus","47.48161934","15.40295404","","","Pat:46:7421","Level 0",""
"at:46:7421:4","Zugang Unterfuehrung","47.48164362","15.40228928","","3","Pat:46:7421","Level -1",""
"at:46:7422:0:1","Wartberg Bahnhof","47.52734482","15.48405394","","","Pat:46:7422","Level 0","2"
"at:46:7422:0:3","Wartberg Bahnhof","47.52733875","15.48406292","","","Pat:46:7422","Level 0","1"
"at:46:7422:2","bus","47.52718104","15.48445818","","","Pat:46:7422","Level 0",""
"at:46:7423:0:2","Mitterdorf-Veitsch Bahnhof","47.53679443","15.51348275","","","Pat:46:7423","Level 0","2"
"at:46:7423:0:3","Mitterdorf-Veitsch Bahnhof","47.53674592","15.51350970","","","Pat:46:7423","Level 0","1"
"at:46:7423:2","bus","47.53640023","15.51255748","","","Pat:46:7423","Level 0",""
"at:46:7423:3","Tunnel","47.53661856","15.51294376","","3","Pat:46:7423","Level -1",""
"at:46:7423:4","Zugang","47.53646694","15.51269223","","2","Pat:46:7423","Level 0",""
"at:46:7424:0:1","Langenwang Bahnhof","47.56790911","15.61326761","","","Pat:46:7424","Level 0","2"
"at:46:7424:0:3","Langenwang Bahnhof","47.56782426","15.61330354","","","Pat:46:7424","Level 0","1"
"at:46:7424:3","SEV","47.56869705","15.61593561","","","Pat:46:7424","Level 0",""
"at:46:7424:4","Zugang Unterfuehrung","47.56787275","15.61329456","","3","Pat:46:7424","Level -1",""
"at:46:7426:0:3","Mürzzuschlag","47.60778187","15.67773072","","","Pat:46:7426","Level 0","1"
"at:46:7426:0:5","Mürzzuschlag","47.60806652","15.67805411","","","Pat:46:7426","Level 0","5"
"at:46:7426:0:6","Mürzzuschlag Bahnhof","47.60767891","15.67875479","","","Pat:46:7426","Level 0","11"
"at:46:7426:0:8","Mürzzuschlag Bahnhof","47.60802412","15.67803614","","","Pat:46:7426","Level 0","4"
"at:46:7426:0:9","Mürzzuschlag","47.60787271","15.67801818","","","Pat:46:7426","Level 0","2"
"at:46:7426:10","Zuigang Nord","47.60826032","15.67688630","","2","Pat:46:7426","Level 0",""
"at:46:7426:11","Zugang Sued","47.60753355","15.67706596","","2","Pat:46:7426","Level 0",""
"at:46:7426:2","busAB","47.60761228","15.67676053","","","Pat:46:7426","Level 0",""
"at:46:7426:5","Tunnel","47.60799384","15.67693121","","3","Pat:46:7426","Level -1",""
"at:46:7426:6","frachtenstr","47.60772130","15.67552086","","","Pat:46:7426","Level 0",""
"at:46:7426:7","Bus Nord Heizhausg","47.60823004","15.67719173","","","Pat:46:7426","Level 0",""
"at:46:7426:8","xSEV Heizhausgasse","47.60841173","15.67781156","","","Pat:46:7426","Level 0",""
"at:46:7426:9","busCD","47.60759412","15.67738037","","","Pat:46:7426","Level 0",""
"at:46:7427:0:2","Spital am Semmering Bahnhof","47.61644189","15.74791609","","","Pat:46:7427","Level 0","2"
"at:46:7427:0:4","Spital am Semmering Bahnhof","47.61614517","15.74778134","","","Pat:46:7427","Level 0","1"
"at:46:7427:2","bus","47.61677494","15.74824846","","","Pat:46:7427","Level 0",""
"at:46:7427:4","Zugang Unterfuehrung","47.61676888","15.74878745","","3","Pat:46:7427","Level -1",""
"at:46:7428:0:2","Steinhaus Bahnhof","47.62081980","15.78384870","","","Pat:46:7428","Level 0","1"
"at:46:7428:0:4","Steinhaus Bahnhof","47.62085007","15.78375887","","","Pat:46:7428","Level 0","2"
"at:46:7428:2","bus","47.62043228","15.78428887","","","Pat:46:7428","Level 0",""
"at:46:7428:3","Zugang","47.62075925","15.78451345","","2","Pat:46:7428","Level 0",""
"at:46:7428:4","Tunnel","47.62095906","15.78442362","","3","Pat:46:7428","Level -1",""
"at:46:7431:0:6","Kammern Bahnhof","47.38987251","14.90364345","","","Pat:46:7431","Level 0","2"
"at:46:7431:2","Bus 1","47.38998806","14.90321226","","","Pat:46:7431","Level 0",""
"at:46:7431:3","zug1","47.38993332","14.90347277","","","Pat:46:7431","Level 0",""
"at:46:7431:4","Unterführung Bahn","47.38980561","14.90307751","","3","Pat:46:7431","Level -1",""
"at:46:7431:5","Unterführung B113","47.39000022","14.90297870","","3","Pat:46:7431","Level -1",""
"at:46:7431:6","Zugang Sued","47.38962924","14.90326616","","2","Pat:46:7431","Level 0",""
"at:46:7431:7","Zugang Nord","47.38996981","14.90338294","","2","Pat:46:7431","Level 0",""
"at:46:7431:8","Park + Ride","47.38985426","14.90275412","","3","Pat:46:7431","Level 0",""
"at:46:7431:9","Bus 2","47.39006712","14.90306853","","","Pat:46:7431","Level 0",""
"at:46:7432:0:2","Kalwang Bahnhof","47.42373641","14.74636641","","","Pat:46:7432","Level 0","1"
"at:46:7432:0:4","Kalwang Bahnhof","47.42361485","14.74756117","","","Pat:46:7432","Level 0","2"
"at:46:7432:2","Bus","47.42373033","14.74574657","","","Pat:46:7432","Level -1",""
"at:46:7432:4","Tunnel","47.42366955","14.74692337","","3","Pat:46:7432","Level -1",""
"at:46:7432:5","Zugang Nordost","47.42381542","14.74767795","","2","Pat:46:7432","Level -1",""
"at:46:7432:6","Zugang Sued","47.42357839","14.74782168","","2","Pat:46:7432","Level 0",""
"at:46:7432:7","Zugang Nordwest","47.42366347","14.74480334","","2","Pat:46:7432","Level -1",""
"at:46:7432:8","Park+Ride","47.42373641","14.74545013","","3","Pat:46:7432","Level -1",""
"at:46:7432:9","Zugang Suedost","47.42348722","14.74943865","","2","Pat:46:7432","Level -1",""
"at:46:7433:0:1","Wald am Schoberpaß Bahnhof","47.45027728","14.67086301","","","Pat:46:7433","Level 0","3"
"at:46:7433:0:2","Wald am Schoberpaß Bahnhof","47.45033195","14.67095284","","","Pat:46:7433","Level 0","2"
"at:46:7433:1","zug1","47.45056887","14.67082708","","","Pat:46:7433","Level 0",""
"at:46:7433:2","bus","47.45091512","14.67074623","","","Pat:46:7433","Level 0",""
"at:46:7433:4","Zugang Unterfuehrung","47.45058709","14.67056657","","3","Pat:46:7433","Level -1",""
"at:46:7435:0:3","Gaishorn Bahnhof","47.48911049","14.54701228","","","Pat:46:7435","Level 0","2"
"at:46:7435:0:5","Gaishorn Bahnhof","47.48919547","14.54674279","","","Pat:46:7435","Level 0","1"
"at:46:7435:2","bus","47.48832743","14.54613193","","","Pat:46:7435","Level 0",""
"at:46:7435:3","sev","47.48835778","14.54641041","","","Pat:46:7435","Level 0",""
"at:46:7435:5","Zugang Unterfuehrung","47.48927438","14.54741653","","3","Pat:46:7435","Level -1",""
"at:46:7436:0:2","Trieben Bahnhof","47.48906799","14.48972672","","","Pat:46:7436","Level 0","1"
"at:46:7436:0:3","Trieben Bahnhof","47.48912870","14.48971774","","","Pat:46:7436","Level 0","2"
"at:46:7436:2","bus","47.48894052","14.48909790","","","Pat:46:7436","Level 0",""
"at:46:7436:3","Zugang Nord","47.48939578","14.48952909","","2","Pat:46:7436","Level 0",""
"at:46:7436:4","Tunnel","47.48926831","14.48924163","","3","Pat:46:7436","Level -1",""
"at:46:7437:0:2","Liezen Bahnhof 1","47.56261146","14.24221391","","","Pat:46:7437","Level 0","1"
"at:46:7437:0:4","Liezen Bahnhof 3","47.56240537","14.24226781","","","Pat:46:7437","Level 0","3"
"at:46:7437:0:5","Liezen Bahnhof 2","47.56246598","14.24224086","","","Pat:46:7437","Level 0","2"
"at:46:7437:2","bus","47.56259328","14.24255527","","","Pat:46:7437","Level 0",""
"at:46:7437:4","Fernbus","47.56265390","14.24249239","","","Pat:46:7437","Level 0",""
"at:46:7437:5","Tunnel1","47.56270845","14.24200730","","3","Pat:46:7437","Level -1",""
"at:46:7437:6","Zugang Sued","47.56239324","14.24206119","","2","Pat:46:7437","Level 0",""
"at:46:7437:7","Tunnel2","47.56260540","14.24190848","","3","Pat:46:7437","Level -1",""
"at:46:7437:8","Zugang Nord","47.56283575","14.24223187","","2","Pat:46:7437","Level 0",""
"at:46:7438:0:3","Wörschach Schwefelbad Bahnhof","47.54553897","14.13951850","","","Pat:46:7438","Level 0","1"
"at:46:7438:2","bus","47.54570269","14.13921308","","","Pat:46:7438","Level 0",""
"at:46:7441:0:2","Niederöblarn Bahnhof","47.48199574","14.01450895","","","Pat:46:7441","Level 0","1"
"at:46:7441:2","bus","47.48141899","14.01463471","","","Pat:46:7441","Level 0",""
"at:46:7442:0:1","Öblarn Bahnhof","47.46072469","13.98765831","","","Pat:46:7442","Level 0","2"
"at:46:7442:0:2","Öblarn Bahnhof","47.46068825","13.98769424","","","Pat:46:7442","Level 0","1"
"at:46:7442:2","bus","47.46076113","13.98838594","","","Pat:46:7442","Level 0",""
"at:46:7443:0:1","Stein an der Enns Bahnhof","47.43740347","13.94196999","","","Pat:46:7443","Level 0","1"
"at:46:7443:2","bus","47.43744600","13.94218559","","","Pat:46:7443","Level 0",""
"at:46:7444:0:2","Pruggern Bahnhof","47.42332920","13.87452448","","","Pat:46:7444","Level 0","1"
"at:46:7444:2","bus","47.42353584","13.87485686","","","Pat:46:7444","Level 0",""
"at:46:7445:0:3","Aich-Assach Bahnhof","47.42030237","13.82116455","","","Pat:46:7445","Level 0","1"
"at:46:7445:2","bus","47.42046040","13.82062556","","","Pat:46:7445","Level 0",""
"at:46:7447:0:2","Pichl bei Schladming Bahnhof","47.38830342","13.61302490","","","Pat:46:7447","Level 0","1"
"at:46:7447:0:3","Pichl bei Schladming Bahnhof","47.38840073","13.61304287","","","Pat:46:7447","Level 0","2"
"at:46:7447:2","bus","47.38859535","13.61381542","","","Pat:46:7447","Level 0",""
"at:46:7447:4","Unterfuehrung","47.38829734","13.61235116","","3","Pat:46:7447","Level -1",""
"at:46:7447:5","Zugang Preunegg","47.38131493","13.61422864","","2","Pat:46:7447","Level 0",""
"at:46:7449:0:2","Ardning Bahnhof","47.59066957","14.35930931","","","Pat:46:7449","Level 0","1"
"at:46:7449:2","bus","47.59051811","14.35964168","","","Pat:46:7449","Level 0",""
"at:46:7452:0:1","Johnsbach Bahnhof","47.58245368","14.59585369","","","Pat:46:7452","Level 0","1"
"at:46:7452:2","bus","47.58011470","14.59394926","","","Pat:46:7452","Level 0",""
"at:46:7456:0:3","Weißenbach-St.Gallen Bahnhof","47.71443620","14.63538854","","","Pat:46:7456","Level 0","1"
"at:46:7456:2","bus","47.71400102","14.63532566","","","Pat:46:7456","Level 0",""
"at:46:7461:0:2","Niklasdorf Bahnhof 2","47.39366732","15.15452494","","","Pat:46:7461","Level 0","2"
"at:46:7461:0:3","Niklasdorf Bahnhof 1","47.39370989","15.15449799","","","Pat:46:7461","Level 0","1"
"at:46:7461:2","bus","47.39428760","15.15513580","","","Pat:46:7461","Level 0",""
"at:46:7461:3","Zugang Unterfuehrung","47.39389232","15.15492919","","3","Pat:46:7461","Level -1",""
"at:46:7463:0:2","Kraubath an der Mur Bahnhof","47.30601902","14.94536121","","","Pat:46:7463","Level 0","3"
"at:46:7463:0:3","Kraubath an der Mur Bahnhof","47.30581801","14.94534325","","","Pat:46:7463","Level 0","2"
"at:46:7463:2","bus","47.30539771","14.94555884","","","Pat:46:7463","Level 0",""
"at:46:7465:0:3","Fentsch-St.Lorenzen Bahnhof","47.25181507","14.89256722","","","Pat:46:7465","Level 0","2"
"at:46:7465:0:4","Fentsch-St.Lorenzen Bahnhof","47.25176629","14.89261214","","","Pat:46:7465","Level 0","1"
"at:46:7465:2","bus","47.25155898","14.89241451","","","Pat:46:7465","Level 0",""
"at:46:7465:3","Zugang","47.25161385","14.89232468","","2","Pat:46:7465","Level 0",""
"at:46:7465:4","Tunnel","47.25170532","14.89210908","","3","Pat:46:7465","Level -1",""
"at:46:7466:0:1","Knittelfeld Bahnhof","47.21547334","14.83808440","","","Pat:46:7466","Level 0","3"
"at:46:7466:0:2","Knittelfeld Bahnhof","47.21550385","14.83799457","","","Pat:46:7466","Level 0","2"
"at:46:7466:2","bus","47.21569910","14.83679981","","","Pat:46:7466","Level 0",""
"at:46:7466:3","zug1","47.21535130","14.83748253","","","Pat:46:7466","Level 0",""
"at:46:7466:4","Tunnel","47.21540622","14.83770711","","3","Pat:46:7466","Level -1",""
"at:46:7466:5","Zugang","47.21550995","14.83708727","","2","Pat:46:7466","Level 0",""
"at:46:7468:0:2","Zeltweg Bahnhof","47.19010842","14.75009442","","","Pat:46:7468","Level 0","3"
"at:46:7468:0:3","Zeltweg Bahnhof","47.19006569","14.75013934","","","Pat:46:7468","Level 0","2"
"at:46:7468:2","zug1bus","47.18984592","14.74975306","","","Pat:46:7468","Level 0",""
"at:46:7468:3","bruecke","47.19012063","14.75039985","","3","Pat:46:7468","Level 1",""
"at:46:7468:4","Zugang Nord","47.19071889","14.75045375","","2","Pat:46:7468","Level 0",""
"at:46:7468:5","Zugang Sued","47.18993139","14.75054358","","2","Pat:46:7468","Level 0",""
"at:46:7469:0:2","Judenburg Bahnhof","47.17501555","14.66265241","","","Pat:46:7469","Level 0","3"
"at:46:7469:0:3","Judenburg Bahnhof","47.17497281","14.66269733","","","Pat:46:7469","Level 0","2"
"at:46:7469:0:5","Judenburg Bahnhof","47.17481404","14.66249970","","","Pat:46:7469","Level 0","1"
"at:46:7469:2","bus","47.17487511","14.66353276","","","Pat:46:7469","Level 0",""
"at:46:7469:4","Tunnel","47.17494228","14.66310157","","3","Pat:46:7469","Level -1",""
"at:46:7469:5","Zugang","47.17475298","14.66315547","","2","Pat:46:7469","Level 0",""
"at:46:7470:0:2","Thalheim-Pöls Bahnhof","47.19667053","14.58930497","","","Pat:46:7470","Level 0","1"
"at:46:7470:0:4","Thalheim-Pöls Bahnhof","47.19667053","14.58922412","","","Pat:46:7470","Level 0","2"
"at:46:7470:2","bus","47.19636534","14.59005955","","","Pat:46:7470","Level 0",""
"at:46:7470:3","Tunnel","47.19651183","14.58954751","","3","Pat:46:7470","Level -1",""
"at:46:7470:4","Zugang","47.19627378","14.59010447","","2","Pat:46:7470","Level 0",""
"at:46:7471:0:1","St.Georgen ob Judenburg Bahnhof","47.21215389","14.49959022","","","Pat:46:7471","Level 0","2"
"at:46:7471:0:3","St.Georgen ob Judenburg Bahnhof","47.21212948","14.49900632","","","Pat:46:7471","Level 0","1"
"at:46:7471:3","Zugang","47.21218440","14.49840444","","2","Pat:46:7471","Level 0",""
"at:46:7471:4","Zugang 2","47.21229424","14.49845834","","2","Pat:46:7471","Level 0",""
"at:46:7472:0:1","Scheifling Bahnhof","47.14849495","14.41825675","","","Pat:46:7472","Level 0","2"
"at:46:7472:0:2","Scheifling Bahnhof","47.14845829","14.41820286","","","Pat:46:7472","Level 0","1"
"at:46:7472:2","bus","47.14831778","14.41804116","","","Pat:46:7472","Level 0",""
"at:46:7472:3","Tunnel","47.14833610","14.41833760","","3","Pat:46:7472","Level -1",""
"at:46:7472:4","Zugang","47.14817115","14.41821184","","2","Pat:46:7472","Level 0",""
"at:46:7473:0:2","Mariahof-St.Lambrecht Bahnhof","47.10630470","14.37280200","","","Pat:46:7473","Level 0","3"
"at:46:7473:0:4","Mariahof-St.Lambrecht Bahnhof","47.10624967","14.37275709","","","Pat:46:7473","Level 0","2"
"at:46:7473:2","bus","47.10617630","14.37243369","","","Pat:46:7473","Level 0",""
"at:46:7474:0:1","Neumarkt Bahnhof","47.07347304","14.41496892","","","Pat:46:7474","Level 0","2"
"at:46:7474:0:2","Neumarkt Bahnhof","47.07346693","14.41501384","","","Pat:46:7474","Level 0","1"
"at:46:7474:2","bus","47.07379730","14.41484316","","","Pat:46:7474","Level 0",""
"at:46:7510:0:1","Pürgg Bahnhof","47.52868534","14.06464393","","","Pat:46:7510","Level 0","1"
"at:46:7512:0:2","Bad Mitterndorf-Heilbrunn Bahnhof","47.55128701","13.92507268","","","Pat:46:7512","Level 0","1"
"at:46:7512:2","Zugang","47.55107480","13.92562065","","2","Pat:46:7512","Level 0",""
"at:46:7513:0:3","Kainisch Bahnhof","47.56984256","13.84276005","","","Pat:46:7513","Level 0","1"
"at:46:7513:0:4","Kainisch Bahnhof","47.56984862","13.84272412","","","Pat:46:7513","Level 0","2"
"at:46:7513:2","bus","47.57014560","13.84276005","","","Pat:46:7513","Level 0",""
"at:46:7542:0:1","Dechantskirchen Bahnhof","47.41869164","16.02217174","","","Pat:46:7542","Level 0","1"
"at:46:7542:2","bus","47.41839988","16.02218971","","","Pat:46:7542","Level 0",""
"at:46:7543:0:2","Friedberg Bahnhof","47.43455975","16.05354091","","","Pat:46:7543","Level 0","2"
"at:46:7543:0:3","Friedberg Bahnhof","47.43457798","16.05352295","","","Pat:46:7543","Level 0","1"
"at:46:7543:2","bus","47.43504587","16.05396312","","","Pat:46:7543","Level 0",""
"at:46:7547:0:2","Pinggau Markt Bahnhof","47.44059336","16.06117659","","","Pat:46:7547","Level 0","1"
"at:46:7547:2","Zugang","47.44054475","16.06140117","","2","Pat:46:7547","Level 0",""
"at:46:7547:3","bus","47.44022881","16.06178745","","","Pat:46:7547","Level 0",""
"at:46:7548:0:1","Tauchen-Schaueregg Bahnhof","47.48281532","16.05485245","","","Pat:46:7548","Level 0","2"
"at:46:7548:0:2","Tauchen-Schaueregg Bahnhof","47.48291246","16.05487042","","","Pat:46:7548","Level 0","1"
"at:46:7548:2","bus","47.48348919","16.05424160","","","Pat:46:7548","Level 0",""
"at:46:7548:3","sev","47.48282139","16.05439431","","","Pat:46:7548","Level 0",""
"at:46:76:0:2","Ehrenhausen Bahnhof","46.72764155","15.58559052","","","Pat:46:76","Level 0","1"
"at:46:76:2","bus","46.72724746","15.58430593","","","Pat:46:76","Level 0",""
"at:46:76:3","bus2","46.72790017","15.58505153","","","Pat:46:76","Level 0",""
"at:46:76:4","ersatz","46.72807875","15.58409931","","","Pat:46:76","Level 0",""
"at:46:942:0:1","Feldkirchen-Seiersberg Bahnhof","47.01249002","15.44045870","","","Pat:46:942","Level 0","2"
"at:46:942:0:2","Feldkirchen-Seiersberg Bahnhof","47.01255127","15.44059345","","","Pat:46:942","Level 0","1"
"at:46:942:2","bus","47.01256965","15.43878783","","","Pat:46:942","Level 0",""
"at:46:942:4","Zugang Unterfuehrung","47.01268602","15.44043175","","3","Pat:46:942","Level -1",""
"at:46:977:0:1","Hart b.Graz Bahnhof 1","47.04213934","15.50763472","","","Pat:46:977","Level 0","1"
"at:46:977:2","bein","47.04171695","15.50715861","","","Pat:46:977","Level 0",""
"at:46:977:3","Ueberfuehrung","47.04155166","15.50724844","","3","Pat:46:977","Level 1",""
"at:46:977:4","baus","47.04147820","15.50710471","","","Pat:46:977","Level 0",""
"at:46:977:5","Zugang Nord","47.04281272","15.50802099","","2","Pat:46:977","Level 0",""
"at:46:977:6","Zugang Ost","47.04155166","15.50742810","","2","Pat:46:977","Level 0",""
"at:46:977:7","Zugang West","47.04169858","15.50723047","","2","Pat:46:977","Level 0",""
"at:47:1150:0:1","Lienz-Peggetz Bahnhof","46.82732179","12.79231507","","","Pat:47:1150","Level 0","1"
"at:47:1150:3","B+R","46.82773974","12.79141676","","3","Pat:47:1150","Level 0",""
"at:47:1153:0:1","Hochfilzen Bahnhof","47.46749617","12.62644116","","","Pat:47:1153","Level 0","2"
"at:47:1153:0:5","Hochfilzen Bahnhof","47.46756297","12.62653099","","","Pat:47:1153","Level 0","3"
"at:47:1153:10","P+R","47.46748402","12.62613573","","3","Pat:47:1153","Level 0",""
"at:47:1153:11","B+R Süd","47.46719861","12.62641421","","3","Pat:47:1153","Level 0",""
"at:47:1153:12","B+R Nord","47.46803056","12.62639624","","3","Pat:47:1153","Level 0",""
"at:47:1153:13","Eingang Nord","47.46809736","12.62658489","","2","Pat:47:1153","Level 0",""
"at:47:1153:3","Haupteingang","47.46735042","12.62611776","","2","Pat:47:1153","Level 0",""
"at:47:1153:35","Unterführung","47.46773908","12.62653997","","3","Pat:47:1153","Level -1",""
"at:47:1153:4","Busterminal","47.46806092","12.62540809","","","Pat:47:1153","Level 0",""
"at:47:1154:0:1","Pfaffenschwendt Bahnhof","47.46855888","12.58097742","","","Pat:47:1154","Level 0","2"
"at:47:1154:0:2","Pfaffenschwendt Bahnhof","47.46847386","12.58097742","","","Pat:47:1154","Level 0","1"
"at:47:1155:0:1","Fieberbrunn Bahnhof","47.49101649","12.52944107","","","Pat:47:1155","Level 0","2"
"at:47:1155:0:2","Fieberbrunn Bahnhof","47.49094365","12.52939616","","","Pat:47:1155","Level 0","1"
"at:47:1155:10","P+R","47.49070085","12.52953989","","3","Pat:47:1155","Level 0",""
"at:47:1155:11","B+R","47.49090723","12.52909073","","3","Pat:47:1155","Level -1",""
"at:47:1155:2","Busterminal","47.49085867","12.52946802","","","Pat:47:1155","Level 0",""
"at:47:1155:30","Zugang 1","47.49083439","12.52957582","","2","Pat:47:1155","Level 0",""
"at:47:1155:31","Zugang 2","47.49104684","12.52934226","","2","Pat:47:1155","Level 0",""
"at:47:1155:35","Unterführung","47.49105898","12.52927039","","3","Pat:47:1155","Level -1",""
"at:47:1156:0:1","St. Johann i. T. Grieswirt Bahnhof","47.50975721","12.46681951","","","Pat:47:1156","Level 0","1"
"at:47:1156:0:2","St. Johann i. T. Grieswirt Bahnhof","47.50937494","12.46810410","","","Pat:47:1156","Level 0","2"
"at:47:1156:1","P+R","47.50944775","12.46814902","","3","Pat:47:1156","Level 0",""
"at:47:1157:0:1","St. Johann i. T. Bahnhof","47.51964073","12.43067131","","","Pat:47:1157","Level 0","2"
"at:47:1157:0:2","St. Johann i. T. Bahnhof","47.51955579","12.43067131","","","Pat:47:1157","Level 0","3"
"at:47:1157:10","P+R","47.51982273","12.42891959","","3","Pat:47:1157","Level 0",""
"at:47:1157:11","B+R","47.52001079","12.43112046","","3","Pat:47:1157","Level 0",""
"at:47:1157:2","Busterminal","47.51979239","12.43026706","","","Pat:47:1157","Level 0",""
"at:47:1157:3","Haupteingang","47.51993799","12.43078809","","2","Pat:47:1157","Level 0",""
"at:47:1157:31","Nebeneingang","47.51979239","12.43040181","","2","Pat:47:1157","Level 0",""
"at:47:1157:7","Unterführung","47.51959826","12.43050961","","3","Pat:47:1157","Level -1",""
"at:47:1159:0:1","Oberndorf in Tirol","47.49745026","12.39081306","","","Pat:47:1159","Level 0","2"
"at:47:1159:0:2","Oberndorf in Tirol","47.49688582","12.39053458","","","Pat:47:1159","Level 0","1"
"at:47:1159:3","Unterführung","47.49709825","12.39052560","","3","Pat:47:1159","Level -1",""
"at:47:1160:0:3","Kitzbühel Bahnhof","47.45396448","12.39101967","","","Pat:47:1160","Level 0","2"
"at:47:1160:0:4","Kitzbühel Bahnhof","47.45399485","12.39114543","","","Pat:47:1160","Level 0","3"
"at:47:1160:10","B+R","47.45440183","12.39062441","","3","Pat:47:1160","Level 0",""
"at:47:1160:2","Busterminal","47.45417708","12.39023814","","","Pat:47:1160","Level 0",""
"at:47:1160:20","P+R","47.45500924","12.39040881","","3","Pat:47:1160","Level 0",""
"at:47:1160:3","Haupteingang","47.45399485","12.39048068","","2","Pat:47:1160","Level 0",""
"at:47:1160:7","Unterführung","47.45431071","12.39091187","","3","Pat:47:1160","Level -1",""
"at:47:1161:0:1","Kitzbühel Hahnenkamm Bahnhof","47.44335777","12.38996864","","","Pat:47:1161","Level 0","2"
"at:47:1161:0:2","Kitzbühel Hahnenkamm Bahnhof","47.44329094","12.38991474","","","Pat:47:1161","Level 0","1"
"at:47:1161:1","P+R","47.44334562","12.39046271","","3","Pat:47:1161","Level 0",""
"at:47:1161:2","Busterminal","47.44368585","12.39001356","","","Pat:47:1161","Level 0",""
"at:47:1161:30","Eingang Nord","47.44371622","12.38975304","","2","Pat:47:1161","Level 0",""
"at:47:1161:31","Eingang Süd","47.44340030","12.38956440","","2","Pat:47:1161","Level 0",""
"at:47:1161:35","Unterführung","47.44352181","12.38957338","","3","Pat:47:1161","Level -1",""
"at:47:1162:0:1","Kitzbühel Schwarzsee Bahnhof","47.45347854","12.37054706","","","Pat:47:1162","Level 0","2"
"at:47:1162:0:5","Kitzbühel Schwarzsee Bahnhof","47.45339957","12.37046622","","","Pat:47:1162","Level 0","1"
"at:47:1162:2","Bus-Schwarzseestr","47.45351499","12.37079859","","","Pat:47:1162","Level 0",""
"at:47:1162:35","Unterführung","47.45324164","12.37069978","","3","Pat:47:1162","Level -1",""
"at:47:1162:4","Bus-Kirchberger S","47.45322342","12.37023265","","","Pat:47:1162","Level 0",""
"at:47:1163:0:1","Kirchberg i. T. Bahnhof","47.44895299","12.30889569","","","Pat:47:1163","Level 0","3"
"at:47:1163:0:4","Kirchberg i. T. Bahnhof","47.44891046","12.30888670","","","Pat:47:1163","Level 0","2"
"at:47:1163:1","Steig 1","47.44881934","12.30885975","","","Pat:47:1163","Level 0",""
"at:47:1163:10","P+R","47.44859457","12.30859026","","3","Pat:47:1163","Level 0",""
"at:47:1163:11","B+R","47.44878897","12.30854534","","3","Pat:47:1163","Level 0",""
"at:47:1163:12","Zugang und B+R Nord","47.44918990","12.30896755","","2","Pat:47:1163","Level 0",""
"at:47:1163:2","SEV Vorplatz","47.44863709","12.30868009","","","Pat:47:1163","Level 0",""
"at:47:1163:3","B+R Süd","47.44858242","12.30936281","","3","Pat:47:1163","Level 0",""
"at:47:1163:31","Busterminal","47.44872214","12.30917416","","","Pat:47:1163","Level 0",""
"at:47:1163:32","Haupteingang","47.44870999","12.30936281","","2","Pat:47:1163","Level 0",""
"at:47:1163:35","Unterführung","47.44898944","12.30913823","","3","Pat:47:1163","Level -1",""
"at:47:1164:0:1","Brixen i. Th. Bahnhof","47.44923243","12.26137481","","","Pat:47:1164","Level 0","1"
"at:47:1164:0:2","Brixen i. Th. Bahnhof","47.44928710","12.26093463","","","Pat:47:1164","Level 0","2"
"at:47:1164:2","P+R","47.44963944","12.26078192","","3","Pat:47:1164","Level 0",""
"at:47:1164:35","Unterführung","47.44914131","12.26091667","","3","Pat:47:1164","Level -1",""
"at:47:1165:0:1","Westendorf Bahnhof","47.44106119","12.22271132","","","Pat:47:1165","Level 0","2"
"at:47:1165:0:4","Westendorf Bahnhof","47.44097613","12.22277420","","","Pat:47:1165","Level 0","1"
"at:47:1165:10","P+R","47.44110372","12.22236996","","3","Pat:47:1165","Level 0",""
"at:47:1165:11","B+R","47.44121309","12.22294488","","3","Pat:47:1165","Level 0",""
"at:47:1165:2","Busterminal","47.44148649","12.22298081","","","Pat:47:1165","Level 0",""
"at:47:1165:31","Eingang","47.44129815","12.22281013","","2","Pat:47:1165","Level 0",""
"at:47:1165:35","Unterführung","47.44115233","12.22292691","","3","Pat:47:1165","Level -1",""
"at:47:1166:0:1","Windau Bahnhof","47.43892856","12.18686854","","","Pat:47:1166","Level 0","2"
"at:47:1166:0:4","Windau Bahnhof","47.43883135","12.18686854","","","Pat:47:1166","Level 0","1"
"at:47:1166:2","Bushaltestelle","47.43860654","12.18715600","","","Pat:47:1166","Level 0",""
"at:47:1167:0:3","Hopfgarten i. Br. Berglift Bahnhof","47.44695433","12.15861652","","","Pat:47:1167","Level 0","2"
"at:47:1167:0:4","Hopfgarten i. Br. Berglift Bahnhof","47.44688143","12.15853567","","","Pat:47:1167","Level 0","1"
"at:47:1167:10","P+R","47.44639542","12.15882313","","3","Pat:47:1167","Level 0",""
"at:47:1167:11","B+R Süd","47.44662628","12.15882313","","3","Pat:47:1167","Level 0",""
"at:47:1167:2","Bushaltestelle","47.44709406","12.15867940","","","Pat:47:1167","Level 0",""
"at:47:1167:3","B+R Nord","47.44701508","12.15896687","","3","Pat:47:1167","Level 0",""
"at:47:1167:32","Haupteingang","47.44700293","12.15885907","","2","Pat:47:1167","Level 0",""
"at:47:1167:33","Nebeneingang","47.44655945","12.15886805","","2","Pat:47:1167","Level 0",""
"at:47:1167:35","Unterführung","47.44677208","12.15892195","","3","Pat:47:1167","Level -1",""
"at:47:1168:0:3","Hopfgarten i. Br. Bahnhof","47.45563487","12.14903150","","","Pat:47:1168","Level 0","1"
"at:47:1168:0:4","Hopfgarten i. Br. Bahnhof","47.45527043","12.14901353","","","Pat:47:1168","Level 0","2"
"at:47:1168:10","P+R","47.45536761","12.14940879","","3","Pat:47:1168","Level 0",""
"at:47:1168:11","B+R","47.45548302","12.14930099","","3","Pat:47:1168","Level 0",""
"at:47:1168:2","Bushaltestelle","47.45517324","12.14988490","","","Pat:47:1168","Level 0",""
"at:47:1168:30","Haupteingang","47.45553769","12.14936387","","2","Pat:47:1168","Level 0",""
"at:47:1168:31","Nebeneingang","47.45530080","12.14887878","","2","Pat:47:1168","Level 0",""
"at:47:1168:35","Unterführung","47.45543443","12.14911235","","3","Pat:47:1168","Level -1",""
"at:47:1169:0:3","Wörgl Süd-Bruckhäusl Bahnhof","47.48688875","12.10908342","","","Pat:47:1169","Level 0","2"
"at:47:1169:0:4","Wörgl Süd-Bruckhäusl Bahnhof","47.48679769","12.10900257","","","Pat:47:1169","Level 0","1"
"at:47:1169:2","Bushaltestelle","47.48648203","12.10922715","","","Pat:47:1169","Level 0",""
"at:47:1170:0:12","Wörgl Hbf","47.49209693","12.06125711","","","Pat:47:1170","Level 0","6"
"at:47:1170:0:13","Wörgl Hauptbahnhof","47.49213335","12.06122118","","","Pat:47:1170","Level 0","7"
"at:47:1170:0:15","Wörgl Hbf","47.49186628","12.06152661","","","Pat:47:1170","Level 0","2"
"at:47:1170:0:16","Wörgl Hbf","47.49190270","12.06149067","","","Pat:47:1170","Level 0","3"
"at:47:1170:0:17","Wörgl Hbf","47.49199375","12.06138288","","","Pat:47:1170","Level 0","4"
"at:47:1170:0:18","Wörgl Hbf","47.49203017","12.06134694","","","Pat:47:1170","Level 0","5"
"at:47:1170:0:20","Wörgl Hbf","47.49204838","12.06222729","","","Pat:47:1170","Level 0","11"
"at:47:1170:0:21","Wörgl Hbf","47.49269784","12.06348493","","","Pat:47:1170","Level 0","12"
"at:47:1170:0:22","Wörgl Hbf","47.49267357","12.06352087","","","Pat:47:1170","Level 0","13"
"at:47:1170:0:23","Wörgl Hauptbahnhof","47.49144746","12.06195780","","","Pat:47:1170","Level 0","Bahnhofsplatz Ost"
"at:47:1170:0:8","Wörgl Hbf","47.49153851","12.06119423","","","Pat:47:1170","Level 0","1"
"at:47:1170:1","P+R","47.49216370","12.06312561","","3","Pat:47:1170","Level 0",""
"at:47:1170:10","Unterführung","47.49170846","12.06084389","","3","Pat:47:1170","Level -1",""
"at:47:1170:3","Haupteingang","47.49115003","12.06108643","","2","Pat:47:1170","Level 0",""
"at:47:1170:4","B+R","47.49140497","12.06180508","","3","Pat:47:1170","Level 0",""
"at:47:1172:0:1","Kundl Bahnhof","47.47610653","11.98207960","","","Pat:47:1172","Level 0","2"
"at:47:1172:0:2","Kundl Bahnhof","47.47594867","11.98223232","","","Pat:47:1172","Level 0","1"
"at:47:1172:10","P+R","47.47617332","11.98312165","","3","Pat:47:1172","Level 0",""
"at:47:1172:11","B+R","47.47560865","11.98234011","","3","Pat:47:1172","Level 0",""
"at:47:1172:2","Bushaltestelle","47.47600938","11.98278927","","","Pat:47:1172","Level 0",""
"at:47:1172:31","Nebeneingang","47.47593045","11.98157655","","2","Pat:47:1172","Level 0",""
"at:47:1172:32","Haupteingang","47.47573009","11.98213350","","2","Pat:47:1172","Level 0",""
"at:47:1172:35","Unterführung","47.47587581","11.98178316","","3","Pat:47:1172","Level -1",""
"at:47:1173:0:1","Rattenberg-Kramsach Bahnhof 1","47.43919591","11.89603896","","","Pat:47:1173","Level 0","1"
"at:47:1173:0:2","Rattenberg-Kramsach Bahnhof 2","47.43927489","11.89599405","","","Pat:47:1173","Level 0","2"
"at:47:1173:2","P+R","47.43914122","11.89643422","","3","Pat:47:1173","Level 0",""
"at:47:1173:3","B+R Süd","47.43914122","11.89617371","","3","Pat:47:1173","Level 0",""
"at:47:1173:30","Parkplatz P4","47.43974882","11.89542811","","","Pat:47:1173","Level 0",""
"at:47:1173:35","Unterführung","47.43912300","11.89577845","","3","Pat:47:1173","Level -1",""
"at:47:1173:4","B+R Nord","47.43926882","11.89567066","","3","Pat:47:1173","Level 0",""
"at:47:1173:5","Zugang Nord","47.43925059","11.89569760","","2","Pat:47:1173","Level 0",""
"at:47:1173:6","Zugang Süd","47.43912907","11.89604795","","2","Pat:47:1173","Level 0",""
"at:47:1174:0:1","Brixlegg Bahnhof","47.43483319","11.88009387","","","Pat:47:1174","Level 0","2"
"at:47:1174:0:3","Brixlegg Bahnhof","47.43479066","11.88012082","","","Pat:47:1174","Level 0","1"
"at:47:1174:10","P+R","47.43481496","11.87905182","","3","Pat:47:1174","Level 0",""
"at:47:1174:11","B+R","47.43432277","11.87969861","","3","Pat:47:1174","Level 0",""
"at:47:1174:12","B+R Süd","47.43455367","11.88033641","","3","Pat:47:1174","Level 0",""
"at:47:1174:2","Busterminal","47.43435922","11.88020167","","","Pat:47:1174","Level 0",""
"at:47:1174:3","B+R Nord","47.43515524","11.88011183","","3","Pat:47:1174","Level 0",""
"at:47:1174:32","Haupteingang","47.43432277","11.88030048","","2","Pat:47:1174","Level 0",""
"at:47:1174:33","Nebeneingang","47.43510663","11.88013878","","","Pat:47:1174","Level 0",""
"at:47:1174:35","Unterführung","47.43471774","11.88035438","","3","Pat:47:1174","Level -1",""
"at:47:1175:0:1","Münster-Wiesing Bahnhof","47.40337204","11.81975403","","","Pat:47:1175","Level 0","2"
"at:47:1175:0:2","Münster-Wiesing Bahnhof","47.40333556","11.81978098","","","Pat:47:1175","Level 0","1"
"at:47:1175:10","P+R","47.40398612","11.82119134","","3","Pat:47:1175","Level 0",""
"at:47:1175:11","B+R Süd","47.40325044","11.81959233","","3","Pat:47:1175","Level 0",""
"at:47:1175:3","B+R Nord","47.40340852","11.81965522","","3","Pat:47:1175","Level 0",""
"at:47:1175:35","Unterführung","47.40330516","11.81958335","","3","Pat:47:1175","Level -1",""
"at:47:1178:0:1","Stans Bahnhof","47.36527866","11.72623043","","","Pat:47:1178","Level 0","1"
"at:47:1178:0:2","Stans Bahnhof","47.36531517","11.72619449","","","Pat:47:1178","Level 0","2"
"at:47:1178:1","P+R","47.36548554","11.72512550","","3","Pat:47:1178","Level 0",""
"at:47:1178:2","B+R","47.36533951","11.72528720","","3","Pat:47:1178","Level 0",""
"at:47:1179:0:2","Schwaz Bahnhof","47.34972443","11.70149981","","","Pat:47:1179","Level 0","3"
"at:47:1179:0:4","Schwaz Bahnhof","47.34970617","11.70153574","","","Pat:47:1179","Level 0","2"
"at:47:1179:0:7","Schwaz Bahnhof","47.34965139","11.70166150","","","Pat:47:1179","Level 0","1"
"at:47:1179:10","Unterführung","47.35018089","11.70187710","","3","Pat:47:1179","Level -1",""
"at:47:1179:11","P+R","47.34783156","11.70011640","","3","Pat:47:1179","Level 0",""
"at:47:1179:12","B+R","47.34979746","11.70227236","","3","Pat:47:1179","Level 0",""
"at:47:1179:13","Steig 4","47.34973660","11.70140998","","","Pat:47:1179","Level 0",""
"at:47:1179:2","Busterminal","47.34932273","11.70162557","","","Pat:47:1179","Level 0",""
"at:47:1179:30","Haupteingang","47.34966356","11.70180523","","2","Pat:47:1179","Level 0",""
"at:47:1179:31","Nebeneingang","47.35031479","11.70173337","","2","Pat:47:1179","Level 0",""
"at:47:1180:0:2","Pill-Vomperbach Bahnhof","47.32397927","11.67706563","","","Pat:47:1180","Level 0","2"
"at:47:1180:0:3","Pill-Vomperbach Bahnhof","47.32401581","11.67727224","","","Pat:47:1180","Level 0","1"
"at:47:1180:1","P+R","47.32366872","11.67650868","","3","Pat:47:1180","Level 0",""
"at:47:1180:2","Vorplatz","47.32402798","11.67692190","","","Pat:47:1180","Level 0",""
"at:47:1180:35","Unterführung","47.32467953","11.67781123","","3","Pat:47:1180","Level -1",""
"at:47:1181:0:2","Terfens-Weer Bahnhof","47.31597739","11.63458430","","","Pat:47:1181","Level 0","1"
"at:47:1181:0:3","Terfens-Weer Bahnhof","47.31586777","11.63413514","","","Pat:47:1181","Level 0","2"
"at:47:1181:10","P+R","47.31616619","11.63512329","","3","Pat:47:1181","Level 0",""
"at:47:1181:11","B+R","47.31590431","11.63462023","","3","Pat:47:1181","Level 0",""
"at:47:1181:2","Vorplatz","47.31506386","11.63424294","","","Pat:47:1181","Level 0",""
"at:47:1181:3","Unterführung","47.31582514","11.63429684","","3","Pat:47:1181","Level -1",""
"at:47:1181:30","Zugang","47.31567897","11.63456633","","2","Pat:47:1181","Level 0",""
"at:47:1182:0:2","Fritzens-Wattens Bahnhof","47.30208998","11.58952481","","","Pat:47:1182","Level 0","2"
"at:47:1182:0:3","Fritzens-Wattens Bahnhof","47.30216308","11.58953379","","","Pat:47:1182","Level 0","3"
"at:47:1182:10","P+R","47.30190722","11.58806954","","3","Pat:47:1182","Level 0",""
"at:47:1182:11","Haupteingang","47.30182803","11.58872531","","2","Pat:47:1182","Level 0",""
"at:47:1182:12","Zugang Nord","47.30234583","11.58864446","","2","Pat:47:1182","Level 0",""
"at:47:1182:2","Vorplatz","47.30163309","11.58856361","","","Pat:47:1182","Level 0",""
"at:47:1182:3","Unterführung","47.30213262","11.58879717","","3","Pat:47:1182","Level -1",""
"at:47:1182:31","B+R Süd","47.30196205","11.58845581","","3","Pat:47:1182","Level 0",""
"at:47:1183:0:1","Volders-Baumkirchen Bahnhof","47.29629029","11.56448876","","","Pat:47:1183","Level 0","1"
"at:47:1183:0:2","Volders-Baumkirchen Bahnhof","47.29627811","11.56446181","","","Pat:47:1183","Level 0","2"
"at:47:1183:1","P+R","47.29676550","11.56461452","","3","Pat:47:1183","Level 0",""
"at:47:1183:2","B+R (Nord)","47.29682033","11.56485707","","3","Pat:47:1183","Level 0",""
"at:47:1183:3","B+R (Süd)","47.29626592","11.56458757","","3","Pat:47:1183","Level 0",""
"at:47:1183:31","SEV Ersatzverkehr","47.29693609","11.56513555","","","Pat:47:1183","Level 0",""
"at:47:1184:0:1","Hall in Tirol Bahnhof B","47.27748568","11.50172347","","","Pat:47:1184","Level 0","B"
"at:47:1184:0:4","Hall in Tirol Bahnhof","47.27696154","11.50119346","","","Pat:47:1184","Level 0","2"
"at:47:1184:0:5","Hall in Tirol Bahnhof","47.27691888","11.50120245","","","Pat:47:1184","Level 0","3"
"at:47:1184:0:6","Hall in Tirol Bahnhof","47.27714438","11.50175042","","","Pat:47:1184","Level 0","1"
"at:47:1184:10","P+R","47.27740645","11.50104075","","3","Pat:47:1184","Level 0",""
"at:47:1184:11","P+R Ost","47.27769290","11.50462503","","3","Pat:47:1184","Level 0",""
"at:47:1184:12","Kiss and Ride","47.27733941","11.50181330","","3","Pat:47:1184","Level 0",""
"at:47:1184:13","B+R West","47.27722971","11.50101380","","3","Pat:47:1184","Level 0",""
"at:47:1184:3","B+R Ost","47.27729675","11.50134618","","3","Pat:47:1184","Level 0",""
"at:47:1184:30","Unterführung","47.27697373","11.50140008","","3","Pat:47:1184","Level -1",""
"at:47:1184:31","Eingang","47.27729066","11.50157974","","2","Pat:47:1184","Level 0",""
"at:47:1186:0:1","Rum Bahnhof","47.27791840","11.45708618","","","Pat:47:1186","Level 0","1"
"at:47:1186:0:2","Rum Bahnhof","47.27804029","11.45608007","","","Pat:47:1186","Level 0","2"
"at:47:1186:1","Zugang Nord","47.27810123","11.45568481","","2","Pat:47:1186","Level 0",""
"at:47:1186:2","Zugang Süd","47.27763805","11.45705025","","2","Pat:47:1186","Level 0",""
"at:47:1186:3","Unterführung","47.27782698","11.45703229","","3","Pat:47:1186","Level -1",""
"at:47:1186:30","Rumer Hof","47.27791230","11.45599922","","","Pat:47:1186","Level 0",""
"at:47:1186:31","Rumer Hof","47.27765633","11.45758026","","","Pat:47:1186","Level 0",""
"at:47:1186:32","Straßenbahn","47.27780870","11.45747246","","","Pat:47:1186","Level 0",""
"at:47:1187:0:1","Innsbruck Hauptbahnhof","47.26319800","11.40082470","","","Pat:47:1187","Level 0","2"
"at:47:1187:0:20","Innsbruck Hauptbahnhof","47.26304559","11.40188471","","","Pat:47:1187","Level 0","Verladestelle"
"at:47:1187:0:21","Innsbruck Hauptbahnhof","47.26258227","11.40054622","","","Pat:47:1187","Level 0","1"
"at:47:1187:0:26","Innsbruck Hauptbahnhof","47.26257618","11.40110318","","","Pat:47:1187","Level 0","6"
"at:47:1187:0:3","Innsbruck Hauptbahnhof","47.26319190","11.40092351","","","Pat:47:1187","Level 0","3"
"at:47:1187:0:33","Innsbruck Hauptbahnhof","47.26257618","11.40116606","","","Pat:47:1187","Level 0","7"
"at:47:1187:0:36","Innsbruck Hauptbahnhof","47.26183852","11.40023181","","","Pat:47:1187","Level 0","21"
"at:47:1187:0:37","Innsbruck Hauptbahnhof","47.26185681","11.40012401","","","Pat:47:1187","Level 0","22"
"at:47:1187:0:38","Innsbruck Hauptbahnhof","47.26132032","11.40039351","","","Pat:47:1187","Level 0","31"
"at:47:1187:0:39","Innsbruck Hauptbahnhof","47.26152760","11.40060910","","","Pat:47:1187","Level 0","41"
"at:47:1187:0:5","Innsbruck Hauptbahnhof","47.26318581","11.40104029","","","Pat:47:1187","Level 0","4"
"at:47:1187:0:8","Innsbruck Hauptbahnhof","47.26317361","11.40113911","","","Pat:47:1187","Level 0","5"
"at:47:1187:1","B+R Frachtenbf","47.26292367","11.40198352","","3","Pat:47:1187","Level 0",""
"at:47:1187:11","A (501,502,N17,N18)","47.26419168","11.40046537","","","Pat:47:1187","Level 0",""
"at:47:1187:12","A(590)","47.26391735","11.40040249","","","Pat:47:1187","Level 0",""
"at:47:1187:13","A (504,505,960X)","47.26342966","11.40029469","","","Pat:47:1187","Level 0",""
"at:47:1187:14","Vorplatz","47.26368570","11.40013300","","","Pat:47:1187","Level 0",""
"at:47:1187:15","B (STB, TS)","47.26368570","11.40008808","","","Pat:47:1187","Level 0",""
"at:47:1187:16","C (3,F,R,W,N1-3)","47.26376495","11.40013300","","","Pat:47:1187","Level 0",""
"at:47:1187:2","Haupteingang Nord","47.26371008","11.40038452","","2","Pat:47:1187","Level 0",""
"at:47:1187:20","E Ersatz","47.26267372","11.39994435","","","Pat:47:1187","Level 0",""
"at:47:1187:21","D (8 Linien)","47.26229575","11.39999825","","","Pat:47:1187","Level 0",""
"at:47:1187:22","E (5 Linien)","47.26236281","11.39988147","","","Pat:47:1187","Level 0",""
"at:47:1187:23","F (6 Linien)","47.26234452","11.39964790","","","Pat:47:1187","Level 0",""
"at:47:1187:24","G (3 Linien)","47.26232013","11.39953112","","","Pat:47:1187","Level 0",""
"at:47:1187:29","B+R Süd","47.26175317","11.39997130","","3","Pat:47:1187","Level 0",""
"at:47:1187:3","Haupteingang Süd","47.26315533","11.40032164","","2","Pat:47:1187","Level 0",""
"at:47:1187:30","Autoverladung Nor","47.26387468","11.40205539","","","Pat:47:1187","Level 0",""
"at:47:1187:32","Autoverladung Süd","47.26243596","11.40142657","","","Pat:47:1187","Level 0",""
"at:47:1187:33","Unterführung Süd","47.26271030","11.40095945","","3","Pat:47:1187","Level -1",""
"at:47:1187:34","Unterführung Nord","47.26347233","11.40117504","","3","Pat:47:1187","Level -1",""
"at:47:1187:35","Parkhaus","47.26301511","11.39999825","","3","Pat:47:1187","Level -1",""
"at:47:1187:36","Kiss and Ride","47.26388077","11.40006113","","3","Pat:47:1187","Level 0",""
"at:47:1187:37","B+R Nord","47.26267372","11.40022283","","3","Pat:47:1187","Level 0",""
"at:47:1187:38","B+R Mitte","47.26299682","11.39992638","","3","Pat:47:1187","Level 0",""
"at:47:1187:4","Hauptfrachtenbahnhof","47.26287490","11.40183081","","2","Pat:47:1187","Level 0",""
"at:47:1187:5","Zufahrt Parkhaus","47.26301511","11.39998926","","3","Pat:47:1187","Level 0",""
"at:47:1189:0:2","Innsbruck Westbahnhof","47.25594906","11.39185951","","","Pat:47:1189","Level 0","Egger-Lienz-Straße"
"at:47:1189:0:5","Innsbruck Westbahnhof","47.25552226","11.39106899","","","Pat:47:1189","Level 0","2"
"at:47:1189:0:6","Innsbruck Westbahnhof","47.25547958","11.39107798","","","Pat:47:1189","Level 0","3"
"at:47:1189:0:7","Innsbruck Westbahnhof","47.25555885","11.39046712","","","Pat:47:1189","Level 0","1"
"at:47:1189:1","STRB","47.25649170","11.39184155","","","Pat:47:1189","Level 0",""
"at:47:1189:10","P+R","47.25569908","11.39118577","","3","Pat:47:1189","Level 0",""
"at:47:1189:31","Unterführung","47.25568079","11.39190443","","3","Pat:47:1189","Level -1",""
"at:47:1189:32","Eingang","47.25588809","11.39183256","","2","Pat:47:1189","Level 0",""
"at:47:1189:4","B+R","47.25582102","11.39219189","","3","Pat:47:1189","Level 0",""
"at:47:1191:0:2","Völs Bahnhof","47.25582712","11.32118905","","","Pat:47:1191","Level 0","3"
"at:47:1191:0:3","Völs Bahnhof","47.25579054","11.32117108","","","Pat:47:1191","Level 0","2"
"at:47:1191:10","P+R","47.25541861","11.32153041","","3","Pat:47:1191","Level 0",""
"at:47:1191:11","B+R","47.25570518","11.32082972","","3","Pat:47:1191","Level 0",""
"at:47:1191:12","Ze2","47.25599174","11.32130583","","","Pat:47:1191","Level 0",""
"at:47:1191:22","Steig 1","47.25560152","11.32144956","","","Pat:47:1191","Level 0",""
"at:47:1191:3","Ze1","47.25547958","11.32123396","","","Pat:47:1191","Level 0",""
"at:47:1191:31","Unterführung","47.25582712","11.32111718","","3","Pat:47:1191","Level -1",""
"at:47:1192:0:1","Kematen i. T. Bahnhof","47.26127155","11.27656074","","","Pat:47:1192","Level 0","2"
"at:47:1192:0:2","Kematen i. T. Bahnhof","47.26119229","11.27651583","","","Pat:47:1192","Level 0","1"
"at:47:1192:1","P+R","47.26090576","11.27718957","","3","Pat:47:1192","Level 0",""
"at:47:1192:30","Busterminal","47.26093624","11.27665058","","","Pat:47:1192","Level 0",""
"at:47:1192:31","Unterführung","47.26122887","11.27671346","","3","Pat:47:1192","Level -1",""
"at:47:1193:0:2","Oberhofen i. I. Bahnhof","47.30194987","11.09570293","","","Pat:47:1193","Level 0","1"
"at:47:1193:0:3","Oberhofen i. I. Bahnhof","47.30203515","11.09571191","","","Pat:47:1193","Level 0","2"
"at:47:1193:2","Busterminal","47.30191332","11.09569395","","","Pat:47:1193","Level 0",""
"at:47:1193:3","Unterführung","47.30203515","11.09627785","","3","Pat:47:1193","Level -1",""
"at:47:1194:0:1","Zirl Bahnhof","47.26591686","11.22983937","","","Pat:47:1194","Level 0","2"
"at:47:1194:0:2","Zirl Bahnhof","47.26588638","11.22981242","","","Pat:47:1194","Level 0","3"
"at:47:1194:0:3","Zirl Bahnhof","47.26601439","11.22991123","","","Pat:47:1194","Level 0","1"
"at:47:1194:10","P+R","47.26630090","11.22969564","","3","Pat:47:1194","Level 0",""
"at:47:1194:11","B+R","47.26607535","11.23012683","","3","Pat:47:1194","Level 0",""
"at:47:1194:23","Steig 4","47.26561816","11.23021666","","","Pat:47:1194","Level 0",""
"at:47:1194:3","Unterführung","47.26602049","11.22973157","","3","Pat:47:1194","Level -1",""
"at:47:1194:30","Busterminal","47.26653864","11.22911173","","","Pat:47:1194","Level 0",""
"at:47:1194:31","Haupteingang","47.26614241","11.22973157","","2","Pat:47:1194","Level 0",""
"at:47:1195:0:1","Inzing Bahnhof","47.27772337","11.19911698","","","Pat:47:1195","Level 0","1"
"at:47:1195:0:2","Inzing Bahnhof","47.27779651","11.19918885","","","Pat:47:1195","Level 0","2"
"at:47:1195:10","P+R","47.27797325","11.19832647","","3","Pat:47:1195","Level 0",""
"at:47:1195:11","B+R","47.27754663","11.19923377","","3","Pat:47:1195","Level 0",""
"at:47:1195:31","Unterführung","47.27760758","11.19921580","","3","Pat:47:1195","Level -1",""
"at:47:1195:32","Haupteingang","47.27763805","11.19926071","","2","Pat:47:1195","Level 0",""
"at:47:1195:33","Nebeneingang","47.27776603","11.19934156","","2","Pat:47:1195","Level 0",""
"at:47:1196:0:1","Hatting Bahnhof","47.28133733","11.17050564","","","Pat:47:1196","Level 0","2"
"at:47:1196:0:2","Hatting Bahnhof","47.28125202","11.17049666","","","Pat:47:1196","Level 0","1"
"at:47:1196:10","P+R Süd","47.28116670","11.17053259","","3","Pat:47:1196","Level 0",""
"at:47:1196:11","P+R Nord","47.28175783","11.17001157","","3","Pat:47:1196","Level 0",""
"at:47:1196:30","Zugang Nord","47.28143484","11.17006547","","2","Pat:47:1196","Level 0",""
"at:47:1196:31","Zugang Süd","47.28116670","11.16997564","","2","Pat:47:1196","Level 0",""
"at:47:1196:35","Unterführung","47.28142875","11.16990377","","3","Pat:47:1196","Level -1",""
"at:47:1197:0:1","Flaurling Bahnhof","47.28894230","11.14312499","","","Pat:47:1197","Level 0","1"
"at:47:1197:0:3","Flaurling Bahnhof","47.28900323","11.14316991","","","Pat:47:1197","Level 0","2"
"at:47:1197:1","P+R","47.28853405","11.14337652","","3","Pat:47:1197","Level 0",""
"at:47:1197:2","Busterminal","47.28710819","11.14181345","","","Pat:47:1197","Level 0",""
"at:47:1197:3","Unterführung","47.28903370","11.14283753","","3","Pat:47:1197","Level -1",""
"at:47:1198:0:3","Telfs-Pfaffenhofen Bahnhof","47.30058529","11.07879663","","","Pat:47:1198","Level 0","1"
"at:47:1198:0:4","Telfs-Pfaffenhofen Bahnhof","47.30055483","11.07973088","","","Pat:47:1198","Level 0","11"
"at:47:1198:0:5","Telfs-Pfaffenhofen Bahnhof","47.30075586","11.07878765","","","Pat:47:1198","Level 0","2"
"at:47:1198:1","P+R","47.30037207","11.07769171","","3","Pat:47:1198","Level 0",""
"at:47:1198:2","Busterminal","47.30031724","11.07862596","","","Pat:47:1198","Level 0",""
"at:47:1198:3","Unterführung","47.30070104","11.07911105","","3","Pat:47:1198","Level -1",""
"at:47:1198:30","Haupteingang","47.30050000","11.07882358","","2","Pat:47:1198","Level 0",""
"at:47:1198:31","Nebeneingang","47.30085943","11.07909308","","2","Pat:47:1198","Level 0",""
"at:47:1199:0:3","Rietz Bahnhof","47.29203151","11.02470907","","","Pat:47:1199","Level 0","1"
"at:47:1199:0:4","Rietz Bahnhof","47.29210462","11.02469111","","","Pat:47:1199","Level 0","2"
"at:47:1199:10","P+R","47.29161719","11.02613739","","3","Pat:47:1199","Level 0",""
"at:47:1199:11","Bike + Ride","47.29178779","11.02476297","","3","Pat:47:1199","Level 0",""
"at:47:1199:2","Bushaltestelle","47.29200714","11.02593078","","","Pat:47:1199","Level 0",""
"at:47:1199:3","Unterführung","47.29218383","11.02516721","","3","Pat:47:1199","Level -1",""
"at:47:1199:31","Haupteingang","47.29185481","11.02529298","","2","Pat:47:1199","Level 0",""
"at:47:1199:32","Nebeneingang","47.29223257","11.02515823","","2","Pat:47:1199","Level 0",""
"at:47:1200:0:1","Stams Bahnhof","47.28189799","10.97983822","","","Pat:47:1200","Level 0","2"
"at:47:1200:0:2","Stams Bahnhof","47.28194675","10.97981127","","","Pat:47:1200","Level 0","3"
"at:47:1200:1","P+R","47.28162376","10.97952381","","3","Pat:47:1200","Level 0",""
"at:47:1200:2","B+R","47.28180049","10.98018857","","3","Pat:47:1200","Level 0",""
"at:47:1200:22","Steig 1","47.28218442","10.98118570","","","Pat:47:1200","Level 0",""
"at:47:1200:3","Unterführung","47.28208691","10.98034128","","3","Pat:47:1200","Level -1",""
"at:47:1200:31","Haupteingang","47.28184315","10.98007179","","2","Pat:47:1200","Level 0",""
"at:47:1200:32","Nebeneingang","47.28216004","10.98028738","","2","Pat:47:1200","Level 0",""
"at:47:1201:0:1","Mötz Bahnhof","47.27524282","10.95995851","","","Pat:47:1201","Level 0","2"
"at:47:1201:0:2","Mötz Bahnhof","47.27520016","10.96001240","","","Pat:47:1201","Level 0","1"
"at:47:1201:10","P+R","47.27523063","10.95915901","","3","Pat:47:1201","Level 0",""
"at:47:1201:11","B+R Nord","47.27530377","10.95951833","","3","Pat:47:1201","Level 0",""
"at:47:1201:12","B+R Süd","47.27503559","10.96010224","","3","Pat:47:1201","Level 0",""
"at:47:1201:2","Bus","47.27493808","10.95988664","","","Pat:47:1201","Level 0",""
"at:47:1201:3","Unterführung","47.27520016","10.95994054","","3","Pat:47:1201","Level -1",""
"at:47:1201:32","Haupteingang","47.27531596","10.95980579","","2","Pat:47:1201","Level 0",""
"at:47:1201:33","Nebeneingang","47.27507826","10.96002139","","2","Pat:47:1201","Level 0",""
"at:47:1202:0:1","Silz Bahnhof","47.27018994","10.93675502","","","Pat:47:1202","Level 0","2"
"at:47:1202:0:2","Silz Bahnhof","47.27011070","10.93678197","","","Pat:47:1202","Level 0","1"
"at:47:1202:10","P+R","47.26975716","10.93580281","","3","Pat:47:1202","Level 0",""
"at:47:1202:11","B+R Süd","47.26987907","10.93620705","","3","Pat:47:1202","Level 0",""
"at:47:1202:12","B+R Nord","47.27023870","10.93618908","","3","Pat:47:1202","Level 0",""
"at:47:1202:3","Unterführung","47.27015946","10.93638671","","3","Pat:47:1202","Level -1",""
"at:47:1202:32","Haupteingang","47.26989126","10.93648553","","2","Pat:47:1202","Level 0",""
"at:47:1202:33","Nebeneingang","47.27027527","10.93644959","","2","Pat:47:1202","Level 0",""
"at:47:1203:0:1","Haiming Bahnhof","47.25327237","10.89015043","","","Pat:47:1203","Level 0","2"
"at:47:1203:0:2","Haiming Bahnhof","47.25323579","10.89022229","","","Pat:47:1203","Level 0","1"
"at:47:1203:10","P+R","47.25372358","10.89006958","","3","Pat:47:1203","Level 0",""
"at:47:1203:11","B+R","47.25361382","10.89012348","","3","Pat:47:1203","Level 0",""
"at:47:1203:2","Bus","47.25368090","10.88995280","","","Pat:47:1203","Level 0",""
"at:47:1203:3","Unterführung","47.25342481","10.89036602","","3","Pat:47:1203","Level -1",""
"at:47:1203:31","Eingang","47.25360163","10.89025822","","2","Pat:47:1203","Level 0",""
"at:47:1204:0:1","Ötztal-Bahnhof","47.23864270","10.85921245","","","Pat:47:1204","Level 0","3"
"at:47:1204:0:3","Ötztal-Bahnhof","47.23849632","10.85923940","","","Pat:47:1204","Level 0","1"
"at:47:1204:0:4","Ötztal-Bahnhof","47.23854512","10.85923041","","","Pat:47:1204","Level 0","2"
"at:47:1204:10","P+R","47.23813648","10.85847583","","3","Pat:47:1204","Level 0",""
"at:47:1204:11","B+R Nord","47.23870369","10.85853871","","3","Pat:47:1204","Level 0",""
"at:47:1204:2","Busterminal","47.23787421","10.85914058","","","Pat:47:1204","Level 0",""
"at:47:1204:3","B+R Süd","47.23815477","10.85939211","","3","Pat:47:1204","Level 0",""
"at:47:1204:31","Unterführung","47.23847803","10.85889804","","3","Pat:47:1204","Level -1",""
"at:47:1204:32","Haupteingang","47.23820967","10.85914956","","2","Pat:47:1204","Level 0",""
"at:47:1204:33","Nebeneingang","47.23869759","10.85865549","","2","Pat:47:1204","Level 0",""
"at:47:1205:0:1","Roppen Bahnhof","47.21574182","10.81743180","","","Pat:47:1205","Level 0","1"
"at:47:1205:0:2","Roppen Bahnhof","47.21561368","10.81695570","","","Pat:47:1205","Level 0","2"
"at:47:1205:1","P+R","47.21552826","10.81765638","","3","Pat:47:1205","Level 0",""
"at:47:1206:0:1","Imst-Pitztal Bahnhof","47.21874377","10.76376645","","","Pat:47:1206","Level 0","2"
"at:47:1206:0:4","Imst-Pitztal Bahnhof","47.21909155","10.76185304","","","Pat:47:1206","Level 0","1"
"at:47:1206:0:5","Imst-Pitztal Bahnhof","47.21877428","10.76379340","","","Pat:47:1206","Level 0","3"
"at:47:1206:1","P+R","47.21940272","10.76218541","","3","Pat:47:1206","Level 0",""
"at:47:1206:2","Busterminal","47.21930510","10.76163744","","","Pat:47:1206","Level 0",""
"at:47:1209:0:3","Imsterberg Bahnhof","47.21120195","10.70604969","","","Pat:47:1209","Level 0","1"
"at:47:1209:1","P+R","47.21112262","10.70591494","","3","Pat:47:1209","Level 0",""
"at:47:1209:2","Bus","47.21115923","10.70644495","","","Pat:47:1209","Level 0",""
"at:47:1210:0:1","Schönwies Bahnhof","47.19730533","10.66072968","","","Pat:47:1210","Level 0","1"
"at:47:1210:1","P+R","47.19767767","10.66124172","","3","Pat:47:1210","Level 0",""
"at:47:1210:30","Vorplatz","47.19745793","10.66065782","","","Pat:47:1210","Level 0",""
"at:47:1210:31","Ersatz","47.19785468","10.66026256","","","Pat:47:1210","Level 0",""
"at:47:1212:0:1","Landeck-Zams Bahnhof","47.14857437","10.57914469","","","Pat:47:1212","Level 0","2"
"at:47:1212:0:6","Landeck-Zams Bahnhof","47.14850106","10.57921656","","","Pat:47:1212","Level 0","3"
"at:47:1212:0:7","Landeck-Zams Bahnhof","47.14803674","10.57765349","","","Pat:47:1212","Level 0","1"
"at:47:1212:1","P+R","47.14758463","10.57603652","","3","Pat:47:1212","Level 0",""
"at:47:1212:2","Busterminal","47.14853161","10.57807570","","","Pat:47:1212","Level 0",""
"at:47:1212:3","B+R","47.14810394","10.57752772","","3","Pat:47:1212","Level 0",""
"at:47:1212:31","Unterführung","47.14824446","10.57835417","","3","Pat:47:1212","Level -1",""
"at:47:1212:32","Eingang","47.14848884","10.57816553","","2","Pat:47:1212","Level 0",""
"at:47:1222:0:3","St. Anton a. A. Bahnhof","47.12740706","10.26723166","","","Pat:47:1222","Level 0","2"
"at:47:1222:0:6","St. Anton a. A. Bahnhof","47.12733372","10.26731251","","","Pat:47:1222","Level 0","3"
"at:47:1222:1","P+R","47.12799380","10.26791438","","3","Pat:47:1222","Level 0",""
"at:47:1222:2","Busterminal","47.12752930","10.26679148","","","Pat:47:1222","Level 0",""
"at:47:1222:3","P+R","47.12762709","10.26673758","","3","Pat:47:1222","Level 0",""
"at:47:1222:31","Unterführung","47.12739484","10.26715979","","3","Pat:47:1222","Level -1",""
"at:47:1222:32","Eingang","47.12759042","10.26698013","","2","Pat:47:1222","Level 0",""
"at:47:211:0:1","Innsbruck Messe Bahnhof","47.27283529","11.40715782","","","Pat:47:211","Level 1","1"
"at:47:211:0:2","Innsbruck Messe Bahnhof","47.27285358","11.40696019","","","Pat:47:211","Level 1","2"
"at:47:211:3","Eingang Süd","47.27295720","11.40740037","","2","Pat:47:211","Level 0",""
"at:47:211:30","Bienerstraße","47.27293891","11.40819987","","","Pat:47:211","Level 0",""
"at:47:211:31","Unterführung","47.27279872","11.40701409","","3","Pat:47:211","Level 0",""
"at:47:211:4","Eingang Nord","47.27306081","11.40723867","","2","Pat:47:211","Level 0",""
"at:47:2181:0:2","Kirchbichl Bahnhof","47.51967106","12.09384799","","","Pat:47:2181","Level 0","2"
"at:47:2181:0:4","Kirchbichl Bahnhof","47.51959826","12.09399172","","","Pat:47:2181","Level 0","1"
"at:47:2181:10","P+R","47.51946479","12.09442291","","3","Pat:47:2181","Level 0",""
"at:47:2181:11","B+R","47.51979846","12.09441393","","3","Pat:47:2181","Level 0",""
"at:47:2181:30","Bushaltestelle","47.51954366","12.09444986","","","Pat:47:2181","Level 0",""
"at:47:2181:31","Eingang","47.51964679","12.09415342","","2","Pat:47:2181","Level 0",""
"at:47:2181:35","Unterführung","47.51976813","12.09419833","","3","Pat:47:2181","Level -1",""
"at:47:2183:0:1","Schaftenau Bahnhof","47.55880459","12.12527106","","","Pat:47:2183","Level 0","2"
"at:47:2183:0:2","Schaftenau Bahnhof","47.55874396","12.12536089","","","Pat:47:2183","Level 0","1"
"at:47:2183:1","P+R","47.55769520","12.12363613","","3","Pat:47:2183","Level 0",""
"at:47:2183:2","B+R","47.55776189","12.12380680","","3","Pat:47:2183","Level 0",""
"at:47:2184:0:11","Kufstein Bahnhof","47.58213859","12.16576711","","","Pat:47:2184","Level 0","21"
"at:47:2184:0:13","Kufstein Bahnhof","47.58309597","12.16558745","","","Pat:47:2184","Level 0","3"
"at:47:2184:0:18","Kufstein Bahnhof","47.58309597","12.16564135","","","Pat:47:2184","Level 0","2"
"at:47:2184:0:21","Kufstein Bahnhof","47.58310809","12.16578508","","","Pat:47:2184","Level 0","1"
"at:47:2184:0:22","Kufstein Bahnhof","47.58212041","12.16590186","","","Pat:47:2184","Level 0","22"
"at:47:2184:10","P+R","47.58256880","12.16459930","","3","Pat:47:2184","Level 0",""
"at:47:2184:11","B+R West","47.58223554","12.16594677","","3","Pat:47:2184","Level 0",""
"at:47:2184:12","B+R Ost","47.58428358","12.16619830","","3","Pat:47:2184","Level 0",""
"at:47:2184:13","Zeller Steg","47.58287177","12.16391658","","2","Pat:47:2184","Level 0",""
"at:47:2184:14","Haupteingang","47.58298690","12.16611745","","2","Pat:47:2184","Level 0",""
"at:47:2184:2","Busterminal","47.58361101","12.16599169","","","Pat:47:2184","Level 0",""
"at:47:2184:22","Steig 11-13","47.58424117","12.16578508","","","Pat:47:2184","Level 0",""
"at:47:2184:35","Unterführung","47.58250215","12.16527304","","3","Pat:47:2184","Level -1",""
"at:47:2184:36","Überführung","47.58247791","12.16582101","","3","Pat:47:2184","Level 1",""
"at:47:2221:0:1","Innsbruck Hötting Bahnhof","47.26136909","11.37375846","","","Pat:47:2221","Level 0","2"
"at:47:2221:0:2","Innsbruck Hötting Bahnhof","47.26137519","11.37378541","","","Pat:47:2221","Level 0","1"
"at:47:2222:0:1","Innsbruck Allerheiligenhöfe Bahnhof","47.26914151","11.35348348","","","Pat:47:2222","Level 0","1"
"at:47:2223:0:1","Kranebitten Bahnhof","47.26965963","11.32841150","","","Pat:47:2223","Level 0","1"
"at:47:2223:30","Bushaltestelle","47.26942800","11.32752217","","","Pat:47:2223","Level 0",""
"at:47:2225:0:1","Hochzirl Bahnhof","47.28105091","11.24936874","","","Pat:47:2225","Level 0","2"
"at:47:2225:0:4","Hochzirl Bahnhof","47.28095949","11.24937772","","","Pat:47:2225","Level 0","1"
"at:47:2225:10","P+R","47.28074010","11.24882077","","3","Pat:47:2225","Level 0",""
"at:47:2225:11","B+R Süd","47.28088636","11.24918908","","3","Pat:47:2225","Level -1",""
"at:47:2225:2","Bushaltestelle","47.28106919","11.24803025","","","Pat:47:2225","Level 0",""
"at:47:2225:3","B+R Nord","47.28105700","11.24896450","","3","Pat:47:2225","Level 0",""
"at:47:2225:31","SEV Ersatzverkehr","47.28086199","11.24885670","","","Pat:47:2225","Level 0",""
"at:47:2226:0:1","Leithen Bahnhof","47.29079463","11.22184436","","","Pat:47:2226","Level 0","1"
"at:47:2227:0:4","Reith b. S. Bahnhof","47.30088989","11.20071599","","","Pat:47:2227","Level 0","2"
"at:47:2227:10","P+R","47.30094471","11.20148854","","3","Pat:47:2227","Level 0",""
"at:47:2227:11","B+R","47.30180976","11.20052734","","3","Pat:47:2227","Level 0",""
"at:47:2227:2","Bushaltestelle","47.30103000","11.20128192","","","Pat:47:2227","Level 0",""
"at:47:2228:0:1","Seefeld i. T. Bahnhof","47.32880173","11.18959484","","","Pat:47:2228","Level 0","2"
"at:47:2228:0:5","Seefeld i. T. Bahnhof","47.32879565","11.18937925","","","Pat:47:2228","Level 0","1"
"at:47:2228:0:9","Seefeld i. T. Bahnhof F","47.32813197","11.18906484","","","Pat:47:2228","Level 0","F"
"at:47:2228:10","P+R Nord","47.32847294","11.18901094","","3","Pat:47:2228","Level 0",""
"at:47:2228:11","P+R Süd","47.32962979","11.18911873","","3","Pat:47:2228","Level 0",""
"at:47:2228:12","B+R Mitte","47.32877129","11.18908280","","3","Pat:47:2228","Level 0",""
"at:47:2228:13","B+R Süd","47.32869214","11.18910975","","3","Pat:47:2228","Level 0",""
"at:47:2228:23","Steig 3","47.32879565","11.18960383","","","Pat:47:2228","Level 0",""
"at:47:2228:3","B+R Nord","47.32887480","11.18907382","","3","Pat:47:2228","Level 0",""
"at:47:2228:31","Unterführung","47.32893569","11.18950501","","3","Pat:47:2228","Level -1",""
"at:47:2228:32","Haupteingang","47.32891133","11.18908280","","2","Pat:47:2228","Level 0",""
"at:47:2228:33","Nebeneingang","47.32892351","11.18967569","","2","Pat:47:2228","Level 0",""
"at:47:2230:0:1","Gießenbach Bahnhof","47.37461144","11.23677436","","","Pat:47:2230","Level 0","1"
"at:47:2231:0:1","Scharnitz Bahnhof","47.39186725","11.26685894","","","Pat:47:2231","Level 0","2"
"at:47:2231:0:2","Scharnitz Bahnhof","47.39187941","11.26639182","","","Pat:47:2231","Level 0","Vorplatz"
"at:47:2231:0:3","Scharnitz Bahnhof","47.39187333","11.26677809","","","Pat:47:2231","Level 0","1"
"at:47:2231:10","P+R","47.39222605","11.26657148","","3","Pat:47:2231","Level 0",""
"at:47:2231:11","B+R","47.39214091","11.26653555","","3","Pat:47:2231","Level 0",""
"at:47:2263:0:3","Matrei a. Br. Bahnhof","47.12713203","11.45268444","","","Pat:47:2263","Level 0","1"
"at:47:2263:0:4","Matrei a. Br. Bahnhof","47.12725427","11.45296292","","","Pat:47:2263","Level 0","2"
"at:47:2263:10","P+R Matrei","47.12752930","11.45268444","","3","Pat:47:2263","Level 0",""
"at:47:2263:11","P+R Navis","47.12540845","11.45211850","","3","Pat:47:2263","Level 0",""
"at:47:2263:12","B+R Ost","47.12702202","11.45290003","","3","Pat:47:2263","Level 0",""
"at:47:2263:2","Busterminal","47.12718704","11.45232511","","","Pat:47:2263","Level 0",""
"at:47:2263:3","B+R West","47.12726038","11.45246884","","3","Pat:47:2263","Level 0",""
"at:47:2263:31","Unterführung","47.12699146","11.45269342","","3","Pat:47:2263","Level -1",""
"at:47:2263:32","Haupteingang","47.12713814","11.45235206","","2","Pat:47:2263","Level 0",""
"at:47:2263:33","Nebeneingang","47.12701590","11.45277427","","2","Pat:47:2263","Level 0",""
"at:47:2264:0:1","Steinach a. Br. Bahnhof","47.08944492","11.46989616","","","Pat:47:2264","Level 0","3"
"at:47:2264:0:2","Steinach a. Br. Bahnhof","47.08943880","11.46984226","","","Pat:47:2264","Level 0","2"
"at:47:2264:0:5","Steinach a. Br. Bahnhof","47.08938376","11.46974345","","","Pat:47:2264","Level 0","1"
"at:47:2264:10","P+R","47.09008712","11.46930327","","3","Pat:47:2264","Level 0",""
"at:47:2264:11","Unterführung","47.08962229","11.46965362","","3","Pat:47:2264","Level -1",""
"at:47:2264:12","B+R Süd","47.08917580","11.46950988","","3","Pat:47:2264","Level 0",""
"at:47:2264:13","B+R Ost","47.08938376","11.47003989","","3","Pat:47:2264","Level 0",""
"at:47:2264:2","Busterminal","47.08902290","11.46955480","","","Pat:47:2264","Level 0",""
"at:47:2264:3","B+R West","47.08931648","11.46947395","","3","Pat:47:2264","Level 0",""
"at:47:2264:32","Haupteingang","47.08963452","11.46943802","","2","Pat:47:2264","Level 0",""
"at:47:2264:33","Nebeneingang","47.08976296","11.46995904","","2","Pat:47:2264","Level 0",""
"at:47:2265:0:1","St. Jodok a. Br. Bahnhof","47.06333445","11.49927107","","","Pat:47:2265","Level 0","2"
"at:47:2265:0:2","St. Jodok a. Br. Bahnhof","47.06325490","11.49927107","","","Pat:47:2265","Level 0","1"
"at:47:2265:3","Unterführung","47.06326101","11.49977413","","3","Pat:47:2265","Level -1",""
"at:47:2266:0:1","Gries a. Br. Bahnhof","47.04114150","11.48527532","","","Pat:47:2266","Level 0","2"
"at:47:2266:0:2","Gries a. Br. Bahnhof","47.04116599","11.48517650","","","Pat:47:2266","Level 0","1"
"at:47:2266:3","Unterführung","47.04178428","11.48543701","","3","Pat:47:2266","Level -1",""
"at:47:294:0:1","Hall-Thaur Bahnhof","47.27700421","11.47463926","","","Pat:47:294","Level 0","1"
"at:47:294:0:2","Hall-Thaur Bahnhof","47.27713829","11.47465723","","","Pat:47:294","Level 0","2"
"at:47:294:10","Unterführung","47.27710782","11.47436977","","3","Pat:47:294","Level -1",""
"at:47:294:20","Zugang Nord","47.27719314","11.47463028","","2","Pat:47:294","Level 0",""
"at:47:294:21","Zugang Süd","47.27692498","11.47437875","","2","Pat:47:294","Level 0",""
"at:47:294:3","Bus - RadWM","47.27729066","11.47445960","","","Pat:47:294","Level 0",""
"at:47:294:30","Logistik Zone","47.27663853","11.47530402","","","Pat:47:294","Level 0",""
"at:47:3871:0:1","Nikolsdorf Bahnhof","46.77902733","12.89546862","","","Pat:47:3871","Level 0","1"
"at:47:3871:10","P+R","46.77937798","12.89505539","","3","Pat:47:3871","Level 0",""
"at:47:3871:11","B+R","46.77934722","12.89525302","","3","Pat:47:3871","Level 0",""
"at:47:3871:2","Schienenersatz","46.77942104","12.89551353","","","Pat:47:3871","Level 0",""
"at:47:3872:0:1","Dölsach Bahnhof","46.81476965","12.83338605","","","Pat:47:3872","Level 0","2"
"at:47:3872:0:2","Dölsach Bahnhof","46.81484342","12.83344893","","","Pat:47:3872","Level 0","1"
"at:47:3872:10","P+R","46.81509548","12.83347588","","3","Pat:47:3872","Level 0",""
"at:47:3872:11","B+R","46.81507089","12.83357469","","3","Pat:47:3872","Level 0",""
"at:47:3872:2","Schienenersatz","46.81513851","12.83308960","","","Pat:47:3872","Level 0",""
"at:47:3873:0:4","Lienz Bahnhof","46.82838509","12.77128551","","","Pat:47:3873","Level 0","2"
"at:47:3873:0:5","Lienz Bahnhof","46.82830519","12.77132144","","","Pat:47:3873","Level 0","4"
"at:47:3873:0:7","Lienz Bahnhof","46.82834821","12.77130348","","","Pat:47:3873","Level 0","3"
"at:47:3873:0:9","Lienz Bahnhof","46.82846499","12.77124060","","","Pat:47:3873","Level 0","1"
"at:47:3873:10","P+R","46.82839738","12.77038720","","3","Pat:47:3873","Level 0",""
"at:47:3873:11","B+R","46.82843426","12.77047703","","3","Pat:47:3873","Level 0",""
"at:47:3873:12","Eingang Vorplatz","46.82861249","12.77079144","","2","Pat:47:3873","Level 0",""
"at:47:3873:13","Eingang Vorplatz","46.82887063","12.77175264","","2","Pat:47:3873","Level 0",""
"at:47:3873:2","Busterminal","46.82810236","12.76937210","","","Pat:47:3873","Level 0",""
"at:47:3873:3","Eingang Nord","46.82882761","12.77063873","","2","Pat:47:3873","Level 0",""
"at:47:3873:31","Autoverladung","46.82799173","12.77166280","","","Pat:47:3873","Level 0",""
"at:47:3873:32","SEV","46.82700219","12.76936312","","","Pat:47:3873","Level 0",""
"at:47:3873:35","Unterführung","46.82827446","12.77130348","","3","Pat:47:3873","Level -1",""
"at:47:3875:0:3","Thal Bahnhof","46.78413307","12.67079996","","","Pat:47:3875","Level 0","1"
"at:47:3875:0:4","Thal Bahnhof","46.78406541","12.67082691","","","Pat:47:3875","Level 0","2"
"at:47:3875:10","P+R","46.78422534","12.67008131","","3","Pat:47:3875","Level 0",""
"at:47:3875:11","B+R","46.78420688","12.67053047","","3","Pat:47:3875","Level 0",""
"at:47:3875:2","Bushaltestelle","46.78428070","12.67026098","","","Pat:47:3875","Level 0",""
"at:47:3876:0:3","Mittewald Bahnhof","46.76932508","12.59344604","","","Pat:47:3876","Level 0","2"
"at:47:3876:10","P+R","46.76958966","12.59380536","","3","Pat:47:3876","Level 0",""
"at:47:3876:11","B+R","46.76961427","12.59438028","","3","Pat:47:3876","Level 0",""
"at:47:3876:2","Bushalt A","46.77051258","12.59743456","","","Pat:47:3876","Level 0",""
"at:47:3876:31","Bushalt B","46.76992191","12.59502707","","","Pat:47:3876","Level 0",""
"at:47:3877:0:4","Abfaltersbach Bahnhof","46.75818104","12.52934226","","","Pat:47:3877","Level 0","1"
"at:47:3877:10","P+R","46.75852567","12.52899191","","3","Pat:47:3877","Level 0",""
"at:47:3877:11","B+R","46.75851952","12.52882123","","3","Pat:47:3877","Level 0",""
"at:47:3877:2","Ersatzverkehr","46.75847644","12.52960277","","","Pat:47:3877","Level 0",""
"at:47:3878:0:1","Tassenbach Bahnhof","46.74682540","12.46557085","","","Pat:47:3878","Level 0","1"
"at:47:3878:2","Bushaltestelle","46.74717010","12.46610984","","","Pat:47:3878","Level 0",""
"at:47:3878:31","Bundesstraße","46.74691773","12.46609188","","","Pat:47:3878","Level 0",""
"at:47:3879:0:1","Sillian Bahnhof","46.74589591","12.42529938","","","Pat:47:3879","Level 0","Vorplatz"
"at:47:3879:0:2","Sillian Bahnhof","46.74553889","12.42504785","","","Pat:47:3879","Level 0","2"
"at:47:3879:0:3","Sillian Bahnhof","46.74563738","12.42500294","","","Pat:47:3879","Level 0","1"
"at:47:3879:10","P+R","46.74593900","12.42463463","","3","Pat:47:3879","Level 0",""
"at:47:3879:11","B+R","46.74579127","12.42479632","","3","Pat:47:3879","Level 0",""
"at:47:3880:0:1","Weitlanbrunn Bahnhof","46.74251640","12.39549328","","","Pat:47:3880","Level 0","1"
"at:47:3881:0:1","Heinfels Bahnhof","46.74582820","12.44419095","","","Pat:47:3881","Level 1","1"
"at:47:3881:10","P+R","46.74572356","12.44370586","","3","Pat:47:3881","Level 0",""
"at:47:3881:11","B+R","46.74576049","12.44377773","","3","Pat:47:3881","Level 0",""
"at:47:3881:30","Eingang","46.74574818","12.44386756","","2","Pat:47:3881","Level 0",""
"at:47:61321:0:1","Jenbach Bahnhof","47.38829734","11.77758711","","","Pat:47:61321","Level 0","1"
"at:47:61321:0:10","Jenbach Bahnhof","47.38818178","11.77768593","","","Pat:47:61321","Level 0","3"
"at:47:61321:0:2","Jenbach Bahnhof A","47.38768915","11.77798237","","","Pat:47:61321","Level 0","A"
"at:47:61321:0:7","Jenbach Bahnhof SEV","47.38883254","11.77830576","","","Pat:47:61321","Level 0","SEV"
"at:47:61321:0:9","Jenbach Bahnhof","47.38823044","11.77764101","","","Pat:47:61321","Level 0","2"
"at:47:61321:1","Steig 4+Z","47.38815137","11.77800034","","","Pat:47:61321","Level 0",""
"at:47:61321:10","P+R","47.38784728","11.77575455","","3","Pat:47:61321","Level 0",""
"at:47:61321:11","B+R West","47.38815745","11.77692236","","3","Pat:47:61321","Level 0",""
"at:47:61321:12","B+R Süd","47.38779254","11.77794644","","3","Pat:47:61321","Level 0",""
"at:47:61321:3","Unterführung","47.38798716","11.77747931","","3","Pat:47:61321","Level -1",""
"at:47:61321:32","Kiss and Ride","47.38868657","11.77800932","","3","Pat:47:61321","Level 0",""
"at:47:61321:33","B+R Ost","47.38872915","11.77813508","","3","Pat:47:61321","Level 0",""
"at:47:61321:34","Haupteingang","47.38840073","11.77756016","","2","Pat:47:61321","Level 0",""
"at:47:61321:35","Nebeneingang","47.38769523","11.77785661","","2","Pat:47:61321","Level 0",""
"at:47:61321:5","Steig Z2","47.38778646","11.77716490","","","Pat:47:61321","Level 0",""
"at:47:61321:6","Steig 1A","47.38870482","11.77845848","","","Pat:47:61321","Level 0",""
"at:47:61321:7","B+R Nord","47.38860143","11.77782067","","3","Pat:47:61321","Level 0",""
"at:47:61935:0:2","Gießenbach Abzw Bahnhof","47.37713600","11.23641503","","","Pat:47:61935","Level 0","2"
"at:47:64047:0:1","Leithen Gh Hirschen","47.29005127","11.21909552","","","Pat:47:64047","Level 0","1"
"at:47:64048:0:1","Reith b. S. Gemeindeamt","47.29923286","11.20335703","","","Pat:47:64048","Level 0","1"
"at:47:66256:0:1","Arnbach Abzw Weitlanbrunn","46.74380914","12.39296003","","","Pat:47:66256","Level 0","1"
"at:47:66256:0:2","Arnbach Abzw Weitlanbrunn","46.74376604","12.39317563","","","Pat:47:66256","Level 0","2"
"at:47:99973:0:1","Arnbach Tarifpunkt","46.74044180","12.37017875","","","Pat:47:99973","Level 0","1"
"at:47:99975:0:1","Kufstein TP Staatsgrenze","47.60134951","12.17731945","","","Pat:47:99975","Level 0","1"
"at:48:1029:0:2","Götzis Bahnhof","47.33734957","9.63737790","","","Pat:48:1029","Level 0","1"
"at:48:1029:0:3","Götzis Bahnhof","47.33627812","9.63632687","","","Pat:48:1029","Level 0","2"
"at:48:1029:0:4","Götzis Bahnhof","47.33633291","9.63621009","","","Pat:48:1029","Level 0","3"
"at:48:1029:10","Zugang Bahnhofstr. N","47.33755655","9.63780909","","2","Pat:48:1029","Level 0",""
"at:48:1029:2","Bus","47.33699648","9.63739586","","","Pat:48:1029","Level 0",""
"at:48:1029:3","B+R","47.33680167","9.63702755","","3","Pat:48:1029","Level 0",""
"at:48:1029:4","Zugang Bahnhof","47.33695995","9.63736891","","2","Pat:48:1029","Level 0",""
"at:48:1029:5","Zugang U. d. Bahn","47.33648511","9.63618314","","2","Pat:48:1029","Level 0",""
"at:48:1029:6","B+R","47.33689299","9.63709044","","3","Pat:48:1029","Level 0",""
"at:48:1029:8","P+R","47.33583979","9.63636280","","3","Pat:48:1029","Level 0",""
"at:48:1029:9","Unterführung","47.33678950","9.63667721","","3","Pat:48:1029","Level -1",""
"at:48:1098:0:2","Hard-Fussach Bahnhof","47.47986477","9.68818661","","","Pat:48:1098","Level 0","1"
"at:48:1098:0:4","Hard-Fussach Bahnhof","47.47982228","9.68818661","","","Pat:48:1098","Level 0","2"
"at:48:1098:2","Zugang Falkenweg","47.47952478","9.68803390","","2","Pat:48:1098","Level 0",""
"at:48:1098:3","Zugang Bahnhofstr","47.48001656","9.68825847","","2","Pat:48:1098","Level 0",""
"at:48:1098:4","B+R","47.47956728","9.68833034","","3","Pat:48:1098","Level 0",""
"at:48:1098:5","Bus","47.48015619","9.68829441","","","Pat:48:1098","Level 0",""
"at:48:1099:0:1","Dornbirn Haselstauden Bahnhof","47.43336267","9.74963137","","","Pat:48:1099","Level 0","1"
"at:48:1099:0:2","Dornbirn Haselstauden Bahnhof","47.43334444","9.74968527","","","Pat:48:1099","Level 0","2"
"at:48:1099:2","B+R","47.43256662","9.74934391","","3","Pat:48:1099","Level 0",""
"at:48:1099:3","Zugang Ried","47.43251193","9.74892171","","2","Pat:48:1099","Level 0",""
"at:48:1099:4","Zugang Siedlung","47.43261524","9.74924510","","2","Pat:48:1099","Level 0",""
"at:48:1099:6","P+R","47.43256055","9.74942476","","3","Pat:48:1099","Level 0",""
"at:48:1099:7","Unterführung Ried","47.43236001","9.74885882","","3","Pat:48:1099","Level -1",""
"at:48:1133:0:2","Hohenems Bahnhof","47.36494402","9.68136840","","","","Level 0","1"
"at:48:1133:0:3","Hohenems Bahnhof","47.36497444","9.68130551","","","","Level 0","2"
"at:48:1133:0:4","Hohenems Bahnhof","47.36502312","9.68119772","","","","Level 0","3"
"at:48:1184:0:4","Klaus Bahnhof","47.30782811","9.62501708","","","","Level 0","1"
"at:48:1184:0:5","Klaus Bahnhof","47.30837022","9.62466674","","","","Level 0","2"
"at:48:1226:0:1","Langen a. A. Bahnhof","47.13169131","10.12046491","","","Pat:48:1226","Level 0","2"
"at:48:1226:0:4","Langen a. A. Bahnhof","47.13180132","10.12050982","","","Pat:48:1226","Level 0","1"
"at:48:1226:2","Bus","47.13181965","10.12099491","","","Pat:48:1226","Level 0",""
"at:48:1226:3","Zugang","47.13185021","10.12112966","","2","Pat:48:1226","Level -1",""
"at:48:1226:4","P+R","47.13194799","10.12047389","","3","Pat:48:1226","Level 0",""
"at:48:1252:0:3","Lauterach Bahnhof","47.47705978","9.72439770","","","Pat:48:1252","Level 1","1"
"at:48:1252:0:4","Lauterach Bahnhof","47.47798872","9.72429888","","","Pat:48:1252","Level 1","2"
"at:48:1252:0:5","Lauterach Bahnhof","47.47704764","9.72428092","","","Pat:48:1252","Level 1","3"
"at:48:1252:2","B+R","47.47780658","9.72454143","","3","Pat:48:1252","Level 0",""
"at:48:1252:3","P+R","47.47848051","9.72442465","","3","Pat:48:1252","Level 0",""
"at:48:1252:4","Zugang Vorplatz","47.47743622","9.72452346","","2","Pat:48:1252","Level 0",""
"at:48:1252:5","Bus","47.47733907","9.72335565","","","Pat:48:1252","Level 0",""
"at:48:1252:6","Zugang K-H-Str","47.47738764","9.72402939","","2","Pat:48:1252","Level 0",""
"at:48:1252:8","Unterführung","47.47741193","9.72428092","","3","Pat:48:1252","Level -1",""
"at:48:130:0:1","Bludenz Bahnhof","47.15508664","9.81400465","","","","Level 0","5"
"at:48:130:0:10","Bludenz Bahnhof","47.15523324","9.81428313","","","","Level 0","2"
"at:48:130:0:11","Bludenz Bahnhof","47.15517827","9.81414838","","","","Level 0","3"
"at:48:130:0:12","Bludenz Bahnhof","47.15514161","9.81411245","","","","Level 0","4"
"at:48:130:0:2","Bludenz Bahnhof","47.15580746","9.81366329","","","","Level 0","21"
"at:48:130:0:4","Bludenz Bahnhof","47.15529433","9.81428313","","","","Level 0","1"
"at:48:1303:0:2","Lorüns Bahnhof","47.13100072","9.85291068","","","Pat:48:1303","Level 0","1"
"at:48:1303:2","Bus","47.13084183","9.85285678","","","Pat:48:1303","Level 0",""
"at:48:1303:3","B+R / Zugang","47.13086016","9.85305441","","2","Pat:48:1303","Level 0",""
"at:48:1303:4","P+R","47.13070737","9.85331492","","3","Pat:48:1303","Level 0",""
"at:48:1305:0:2","Ludesch Bahnhof","47.18054156","9.77027466","","","Pat:48:1305","Level 0","1"
"at:48:1305:0:3","Ludesch Bahnhof","47.18062093","9.77033754","","","Pat:48:1305","Level 0","2"
"at:48:1305:2","Bus","47.18057208","9.77157722","","","Pat:48:1305","Level 0",""
"at:48:1305:3","P+R","47.18062093","9.77096636","","3","Pat:48:1305","Level 0",""
"at:48:1305:4","B+R","47.18054766","9.77113704","","3","Pat:48:1305","Level 0",""
"at:48:1305:5","Zugang Bahnhofstr","47.18040723","9.77156823","","2","Pat:48:1305","Level 0",""
"at:48:1305:6","Unterführung","47.18016300","9.77189163","","3","Pat:48:1305","Level -1",""
"at:48:1313:0:2","Lustenau Bahnhof","47.45086652","9.66734569","","","Pat:48:1313","Level 0","1"
"at:48:1313:0:3","Lustenau Bahnhof","47.45085437","9.66742654","","","Pat:48:1313","Level 0","2"
"at:48:1313:2","Bus","47.45061139","9.66658213","","","Pat:48:1313","Level 0",""
"at:48:1313:3","P+R","47.45013757","9.66650128","","3","Pat:48:1313","Level 0",""
"at:48:1313:4","B+R","47.45027121","9.66616890","","3","Pat:48:1313","Level 0",""
"at:48:1313:5","Zugang","47.45092727","9.66679772","","2","Pat:48:1313","Level 0",""
"at:48:1313:6","Prov. Bahnsteig 3","47.45052634","9.66745349","","","Pat:48:1313","Level 0",""
"at:48:1313:7","Zugang Ost","47.45061139","9.66755231","","2","Pat:48:1313","Level 0",""
"at:48:1313:8","Unterführung","47.45084830","9.66718400","","3","Pat:48:1313","Level -1",""
"at:48:134:0:8","Schruns Bahnhof","47.07958464","9.91759837","","","Pat:48:134","Level 0","1"
"at:48:134:0:9","Schruns Bahnhof","47.07969475","9.91706836","","","Pat:48:134","Level 0","2"
"at:48:134:2","Bus","47.07967028","9.91781396","","","Pat:48:134","Level 0",""
"at:48:134:3","B+R","47.07943171","9.91820922","","3","Pat:48:134","Level 0",""
"at:48:134:4","Zugang","47.07969475","9.91749955","","2","Pat:48:134","Level 0",""
"at:48:1377:0:1","Nenzing Bahnhof","47.19188485","9.70748242","","","Pat:48:1377","Level 0","2"
"at:48:1377:0:4","Nenzing Bahnhof","47.19180549","9.70741056","","","Pat:48:1377","Level 0","1"
"at:48:1377:2","Bus","47.19094476","9.70958448","","","Pat:48:1377","Level 0",""
"at:48:1377:3","P+R","47.19092644","9.70904549","","3","Pat:48:1377","Level 0",""
"at:48:1377:4","B+R","47.19118283","9.70865023","","3","Pat:48:1377","Level 0",""
"at:48:1377:5","Zugang Bahnhofstr","47.19115842","9.70886583","","2","Pat:48:1377","Level 0",""
"at:48:1377:6","Zugang Nagrand","47.19147585","9.70903651","","2","Pat:48:1377","Level 0",""
"at:48:1377:7","Unterführung","47.19132934","9.70895566","","3","Pat:48:1377","Level -1",""
"at:48:139:0:3","Kaltenbrunnen Bahnhof","47.08538359","9.88816057","","","Pat:48:139","Level 0","1"
"at:48:139:2","Bus","47.08520620","9.88831329","","","Pat:48:139","Level 0",""
"at:48:139:3","Zugang + B&R","47.08526737","9.88816956","","2","Pat:48:139","Level 0",""
"at:48:1405:0:1","Nüziders Bahnhof","47.17118060","9.79344221","","","Pat:48:1405","Level 0","2"
"at:48:1405:0:4","Nüziders Bahnhof","47.17095464","9.79384645","","","Pat:48:1405","Level 0","1"
"at:48:1405:2","Bus","47.17214547","9.79287627","","","Pat:48:1405","Level 0",""
"at:48:1405:3","P+R","47.17122945","9.79356797","","3","Pat:48:1405","Level 0",""
"at:48:1405:4","B+R","47.17128441","9.79341526","","3","Pat:48:1405","Level 0",""
"at:48:1405:5","Zugang Tschippweg","47.17135769","9.79333441","","2","Pat:48:1405","Level 0",""
"at:48:1405:6","Zugang Tänzerweg","47.17077144","9.79333441","","2","Pat:48:1405","Level 0",""
"at:48:1436:0:2","Rankweil Bahnhof","47.27293891","9.63736891","","","","Level 0","1"
"at:48:1436:0:3","Rankweil Bahnhof","47.27292672","9.63725213","","","","Level 0","2"
"at:48:1436:0:4","Rankweil Bahnhof","47.27292063","9.63716230","","","","Level 0","3"
"at:48:146:0:5","Schwarzach Bahnhof","47.44691180","9.75411397","","","Pat:48:146","Level 0","1"
"at:48:146:0:6","Schwarzach Bahnhof","47.44696041","9.75414990","","","Pat:48:146","Level 0","2"
"at:48:146:2","Bus","47.44657768","9.75478770","","","Pat:48:146","Level 0",""
"at:48:146:3","P+R","47.44679638","9.75441041","","3","Pat:48:146","Level 0",""
"at:48:146:4","B+R","47.44658983","9.75455414","","3","Pat:48:146","Level 0",""
"at:48:146:5","Zugang Dorf","47.44606736","9.75465296","","2","Pat:48:146","Level 0",""
"at:48:146:6","Zugang","47.44604914","9.75431160","","2","Pat:48:146","Level 0",""
"at:48:146:8","Unterführung","47.44585473","9.75448228","","3","Pat:48:146","Level -1",""
"at:48:146:9","Zugang Bahng.","47.44658983","9.75405109","","2","Pat:48:146","Level -1",""
"at:48:1679:0:1","Schlins Bahnhof","47.19477218","9.69111512","","","Pat:48:1679","Level 0","2"
"at:48:1679:0:4","Schlins Bahnhof","47.19473556","9.69108817","","","Pat:48:1679","Level 0","1"
"at:48:1679:2","Bus","47.19548026","9.68991137","","","Pat:48:1679","Level 0",""
"at:48:1679:3","B+R","47.19519947","9.69001917","","3","Pat:48:1679","Level 0",""
"at:48:1679:4","Zugang Gewerbestr","47.19508349","9.69004612","","2","Pat:48:1679","Level 0",""
"at:48:1679:5","Zugang L190","47.19482102","9.68965985","","2","Pat:48:1679","Level 0",""
"at:48:1679:7","Unterführung","47.19505908","9.68975866","","3","Pat:48:1679","Level -1",""
"at:48:187:0:3","St. Anton im Montafon Bahnhof","47.10996704","9.86622371","","","Pat:48:187","Level 0","1"
"at:48:187:2","Bus","47.10975305","9.86651118","","","Pat:48:187","Level 0",""
"at:48:187:3","B+R","47.11019325","9.86612490","","3","Pat:48:187","Level 0",""
"at:48:187:4","Zugang","47.10982030","9.86634050","","2","Pat:48:187","Level 0",""
"at:48:233:0:3","Sulz-Röthis Bahnhof","47.29480981","9.63434159","","","Pat:48:233","Level 0","1"
"at:48:233:0:4","Sulz-Röthis Bahnhof","47.29491948","9.63435956","","","Pat:48:233","Level 0","2"
"at:48:233:2","Bus","47.29386545","9.63554533","","","Pat:48:233","Level 0",""
"at:48:233:3","P+R","47.29396293","9.63541059","","3","Pat:48:233","Level 0",""
"at:48:233:4","B+R","47.29401167","9.63510516","","3","Pat:48:233","Level 0",""
"at:48:233:5","Zugang Alem. Str.","47.29385326","9.63555432","","2","Pat:48:233","Level 0",""
"at:48:233:6","Zugang Felbenweg","47.29382889","9.63461109","","2","Pat:48:233","Level 0",""
"at:48:233:8","Unterführung","47.29382889","9.63473685","","3","Pat:48:233","Level -1",""
"at:48:2383:0:1","Lauterach Unterfeld Bahnhof","47.48079974","9.71492047","","","Pat:48:2383","Level 0","1"
"at:48:2383:0:2","Lauterach Unterfeld Bahnhof","47.48076331","9.71492047","","","Pat:48:2383","Level 0","2"
"at:48:276:0:1","Tisis Bahnhof","47.22721790","9.57575347","","","Pat:48:276","Level 0","1"
"at:48:276:2","B+R","47.22713859","9.57587923","","3","Pat:48:276","Level 0",""
"at:48:276:3","Zugang","47.22705319","9.57560974","","2","Pat:48:276","Level 0",""
"at:48:326:0:3","Vandans Bahnhof","47.09877136","9.86873900","","","Pat:48:326","Level 0","1"
"at:48:326:2","Bus","47.09836164","9.86874798","","","Pat:48:326","Level 0",""
"at:48:326:3","P+R","47.09839833","9.86884680","","3","Pat:48:326","Level 0",""
"at:48:326:4","B+R / Zugang","47.09863071","9.86881985","","2","Pat:48:326","Level 0",""
"at:48:356:0:3","Wolfurt Bahnhof","47.45751172","9.74018110","","","Pat:48:356","Level 0","1"
"at:48:356:0:4","Wolfurt Bahnhof","47.45757246","9.74017211","","","Pat:48:356","Level 0","2"
"at:48:356:10","Ersatz","47.45633339","9.74059432","","","Pat:48:356","Level 0",""
"at:48:356:11","Unterführung","47.45695900","9.74135789","","3","Pat:48:356","Level -1",""
"at:48:356:2","B+R","47.45689826","9.74161840","","3","Pat:48:356","Level -1",""
"at:48:356:3","Zugang","47.45627872","9.74110636","","2","Pat:48:356","Level 0",""
"at:48:356:4","Bus","47.45525221","9.74161840","","","Pat:48:356","Level 0",""
"at:48:356:5","Zugang Bahnweg","47.45706226","9.74143874","","2","Pat:48:356","Level -1",""
"at:48:356:7","P+R","47.45827702","9.73887854","","3","Pat:48:356","Level -1",""
"at:48:356:8","P+R Süd","47.45629694","9.74088178","","3","Pat:48:356","Level 0",""
"at:48:356:9","B+R Süd","47.45632124","9.74070212","","3","Pat:48:356","Level 0",""
"at:48:394:0:3","Altach Bahnhof","47.35192153","9.66098562","","","","Level 0","2"
"at:48:394:0:4","Altach Bahnhof","47.35209802","9.66118325","","","","Level 0","1"
"at:48:413:0:1","Bludenz Moos Bahnhof","47.14212241","9.83104569","","","Pat:48:413","Level 0","1"
"at:48:413:2","B+R","47.14206131","9.83093789","","3","Pat:48:413","Level 0",""
"at:48:413:3","Zugang Moos","47.14201243","9.83099179","","2","Pat:48:413","Level 0",""
"at:48:452:0:10","Bregenz Bahnhof","47.50329460","9.74107941","","","Pat:48:452","Level 0","2"
"at:48:452:0:11","Bregenz Bahnhof","47.50336136","9.74104348","","","Pat:48:452","Level 0","3"
"at:48:452:0:7","Bregenz Bahnhof","47.50322178","9.74113331","","","Pat:48:452","Level 0","1"
"at:48:452:0:8","Bregenz Bahnhof","47.50342811","9.74099856","","","Pat:48:452","Level 0","4"
"at:48:452:0:9","Bregenz Bahnhof","47.50349486","9.74094467","","","Pat:48:452","Level 0","5"
"at:48:452:19","Ueberfuehrung","47.50294869","9.73992059","","3","Pat:48:452","Level 1",""
"at:48:452:2","Bus","47.50222653","9.73979482","","","Pat:48:452","Level 0",""
"at:48:452:20","Eingang0","47.50328246","9.73967804","","2","Pat:48:452","Level 0",""
"at:48:452:21","Eingang1","47.50347059","9.73964211","","2","Pat:48:452","Level 0",""
"at:48:452:22","Eingang2","47.50309434","9.74090873","","2","Pat:48:452","Level 0",""
"at:48:452:23","Eingang3","47.50285160","9.74015415","","2","Pat:48:452","Level 0",""
"at:48:452:24","Eingang4","47.50249355","9.74010923","","2","Pat:48:452","Level 0",""
"at:48:452:25","Eingang5","47.50239038","9.74035178","","2","Pat:48:452","Level 0",""
"at:48:452:26","Eingang6","47.50232969","9.74007330","","2","Pat:48:452","Level 0",""
"at:48:452:27","Eingang7","47.50232969","9.73997448","","2","Pat:48:452","Level 0",""
"at:48:452:28","Eingang8","47.50180172","9.73993855","","2","Pat:48:452","Level 0",""
"at:48:452:29","Eingang9","47.50180779","9.74017211","","2","Pat:48:452","Level 0",""
"at:48:452:3","B+R","47.50282732","9.74041466","","3","Pat:48:452","Level 0",""
"at:48:452:30","Eingang10","47.50427163","9.74368453","","2","Pat:48:452","Level -1",""
"at:48:452:31","Eingang11","47.50414419","9.74376538","","2","Pat:48:452","Level -1",""
"at:48:452:32","Eingang12","47.50399855","9.74386419","","2","Pat:48:452","Level -1",""
"at:48:452:33","Eingang13","47.50382863","9.74343300","","2","Pat:48:452","Level 0",""
"at:48:452:4","P+R","47.50274843","9.74070212","","3","Pat:48:452","Level 0",""
"at:48:452:5","P+R","47.50258458","9.74036076","","3","Pat:48:452","Level 0",""
"at:48:452:6","B+R Ost","47.50245107","9.74071110","","3","Pat:48:452","Level 0",""
"at:48:454:0:3","Bregenz Riedenburg Bahnhof","47.49348691","9.72127156","","","Pat:48:454","Level 1","2"
"at:48:454:0:4","Bregenz Riedenburg Bahnhof","47.49349298","9.72119970","","","Pat:48:454","Level 1","1"
"at:48:454:2","Bus","47.49380253","9.72072359","","","Pat:48:454","Level 0",""
"at:48:454:3","B+R","47.49392999","9.72143326","","3","Pat:48:454","Level 0",""
"at:48:454:4","Zugang","47.49377218","9.72119071","","2","Pat:48:454","Level 0",""
"at:48:466:0:5","Bregenz Hafen Bahnhof","47.50643802","9.74875103","","","Pat:48:466","Level 0","1"
"at:48:466:0:7","Bregenz Hafen Bahnhof","47.50638947","9.74881391","","","Pat:48:466","Level 0","2"
"at:48:466:2","Bus","47.50593435","9.74901154","","","Pat:48:466","Level 0",""
"at:48:466:3","B+R","47.50636520","9.74849950","","3","Pat:48:466","Level 0",""
"at:48:466:5","Schiffanlegestell","47.50646836","9.74737660","","","Pat:48:466","Level 0",""
"at:48:511:0:1","Bludenz Brunnenfeld Bahnhof","47.13625021","9.83888798","","","Pat:48:511","Level 0","1"
"at:48:511:2","Zugang","47.13623187","9.83922934","","","Pat:48:511","Level 0",""
"at:48:567:0:3","Altenstadt Bahnhof","47.25640024","9.61529731","","","Pat:48:567","Level 0","1"
"at:48:567:2","Bus","47.25641244","9.61555782","","","Pat:48:567","Level 0",""
"at:48:567:3","B+R","47.25649779","9.61550392","","3","Pat:48:567","Level 0",""
"at:48:567:4","Zugang","47.25623562","9.61560273","","2","Pat:48:567","Level 0",""
"at:48:585:0:2","Dornbirn Bahnhof","47.41745165","9.73797124","","","","Level 0","3"
"at:48:585:0:3","Dornbirn Bahnhof","47.41723282","9.73783649","","","","Level 0","1"
"at:48:585:0:4","Dornbirn Bahnhof","47.41740302","9.73802514","","","","Level 0","2"
"at:48:628:0:3","Dornbirn Hatlerdorf Bahnhof","47.39806385","9.72480194","","","Pat:48:628","Level 0","1"
"at:48:628:0:4","Dornbirn Hatlerdorf Bahnhof","47.39813682","9.72498160","","","Pat:48:628","Level 0","2"
"at:48:628:10","Unterführung","47.39918269","9.72487380","","3","Pat:48:628","Level -1",""
"at:48:628:11","B+R Bahngasse","47.39718822","9.72518822","","3","Pat:48:628","Level 0",""
"at:48:628:2","Bus","47.39720647","9.72571822","","","Pat:48:628","Level 0",""
"at:48:628:3","P+R","47.39721255","9.72524211","","3","Pat:48:628","Level 0",""
"at:48:628:4","B+R Niederbahn","47.39929822","9.72516127","","3","Pat:48:628","Level 0",""
"at:48:628:5","Zugang Bahngasse","47.39742537","9.72519720","","2","Pat:48:628","Level 0",""
"at:48:628:6","Zugang Klosafang","47.39747402","9.72459533","","2","Pat:48:628","Level 0",""
"at:48:628:7","Zugang Schweizers","47.39913405","9.72475702","","2","Pat:48:628","Level 0",""
"at:48:628:8","Zugang Niederbahn","47.39921917","9.72501754","","2","Pat:48:628","Level 0",""
"at:48:738:0:1","Dornbirn Schoren Bahnhof","47.41343363","9.72715553","","","Pat:48:738","Level 1","1"
"at:48:738:0:4","Dornbirn Schoren Bahnhof","47.41339108","9.72718248","","","Pat:48:738","Level 1","2"
"at:48:738:10","ZugangORF","47.41295947","9.72648179","","2","Pat:48:738","Level 0",""
"at:48:738:2","B+R","47.41292908","9.72676925","","3","Pat:48:738","Level 0",""
"at:48:738:3","P+R","47.41284397","9.72691298","","3","Pat:48:738","Level 0",""
"at:48:738:6","Bus","47.41219959","9.72738010","","","Pat:48:738","Level 0",""
"at:48:738:9","Zugang Birkw","47.41313576","9.72632908","","2","Pat:48:738","Level 0",""
"at:48:817:0:2","Feldkirch Bahnhof","47.24079563","9.60387074","","","","Level 0","1"
"at:48:817:0:3","Feldkirch Bahnhof","47.24188731","9.60504753","","","","Level 0","2"
"at:48:817:0:4","Feldkirch Bahnhof","47.24181413","9.60516431","","","","Level 0","3"
"at:48:817:0:5","Feldkirch Bahnhof","47.24178364","9.60520923","","","","Level 0","4"
"at:48:817:0:6","Feldkirch Bahnhof","47.24173485","9.60535296","","","","Level 0","5"
"at:48:847:0:1","Feldkirch Amberg Bahnhof","47.25612588","9.62204365","","","Pat:48:847","Level 0","1"
"at:48:847:0:2","Feldkirch Amberg Bahnhof","47.25611368","9.62210654","","","Pat:48:847","Level 0","2"
"at:48:847:2","B+R","47.25569908","9.62055245","","3","Pat:48:847","Level 0",""
"at:48:847:3","Zugang Kalkofa","47.25564420","9.62029194","","2","Pat:48:847","Level 0",""
"at:48:847:4","Zugang Logergasse","47.25515643","9.62126212","","2","Pat:48:847","Level -1",""
"at:48:868:0:2","Frastanz Bahnhof","47.22037281","9.63852774","","","Pat:48:868","Level 0","2"
"at:48:868:0:3","Frastanz Bahnhof","47.21984201","9.63939911","","","Pat:48:868","Level 0","1"
"at:48:868:0:4","Frastanz Bahnhof","47.21992743","9.63947995","","","Pat:48:868","Level 0","3"
"at:48:868:2","Bus","47.21987862","9.63826723","","","Pat:48:868","Level 0",""
"at:48:868:3","P+R","47.22012267","9.63785400","","3","Pat:48:868","Level 0",""
"at:48:868:4","B+R","47.21986641","9.63876130","","3","Pat:48:868","Level 0",""
"at:48:868:5","Zugang Bahnhofstr","47.21978710","9.63886910","","2","Pat:48:868","Level 0",""
"at:48:868:6","Zugang Bahnweg","47.22011656","9.63949792","","2","Pat:48:868","Level -1",""
"at:48:868:8","Unterführung","47.21985421","9.63913859","","3","Pat:48:868","Level -1",""
"at:48:889:0:2","Lochau-Hörbranz Bahnhof","47.52983779","9.74204959","","","Pat:48:889","Level 0","2"
"at:48:889:0:3","Lochau-Hörbranz Bahnhof","47.52980746","9.74197773","","","Pat:48:889","Level 0","1"
"at:48:889:2","Bus","47.52961337","9.74267841","","","Pat:48:889","Level 0",""
"at:48:889:3","B+R","47.52974681","9.74268740","","3","Pat:48:889","Level 0",""
"at:48:889:4","Zugang Gemeinde","47.52980140","9.74242689","","2","Pat:48:889","Level 0",""
"at:48:889:5","Zugang See","47.52937681","9.74239994","","2","Pat:48:889","Level 0",""
"at:48:889:6","P+R","47.53012287","9.74211248","","3","Pat:48:889","Level 0",""
"at:48:889:7","Unterführung","47.52943140","9.74248977","","3","Pat:48:889","Level -1",""
"at:48:892:0:1","Tschagguns Bahnhof","47.07911972","9.90476144","","","Pat:48:892","Level 0","1"
"at:48:892:2","B+R / Zugang","47.07907078","9.90499500","","2","Pat:48:892","Level 0",""
"at:48:892:3","Bus","47.07899125","9.90404279","","","Pat:48:892","Level 0",""
"at:48:892:4","Bus Illwerkeplatz","47.07835504","9.90531840","","","Pat:48:892","Level 0",""
"at:48:975:0:1","Gisingen Bahnhof","47.25557714","9.59798677","","","Pat:48:975","Level 0","1"
"at:48:975:2","B+R","47.25573566","9.59808559","","3","Pat:48:975","Level 0",""
"at:48:975:3","Zugang","47.25568079","9.59798677","","2","Pat:48:975","Level 0",""
"at:48:975:4","SEV Ersatzverkehr","47.25648560","9.59724117","","","Pat:48:975","Level 0",""
"at:49:1003:0:1","Wien Penzing","48.19256028","16.30485360","","","Pat:49:1003","Level 0","1"
"at:49:1003:0:2","Wien Penzing","48.19265010","16.30486258","","","Pat:49:1003","Level 0","2"
"at:49:1003:0:3","Wien Penzing","48.19272795","16.30486258","","","Pat:49:1003","Level 0","3"
"at:49:1003:0:4","Wien Penzing","48.19283574","16.30487156","","","Pat:49:1003","Level 0","4"
"at:49:1003:2","Linzer Str.","48.19278185","16.30579683","","2","Pat:49:1003","Level 0",""
"at:49:1003:3","ZG","48.19263214","16.30576090","","3","Pat:49:1003","Level -1",""
"at:49:1003:4","Cumberlandstr.","48.19242853","16.30574293","","2","Pat:49:1003","Level 0",""
"at:49:1003:5","SEV","48.19300342","16.30531174","","","Pat:49:1003","Level 0",""
"at:49:1015:0:1","Wien Meidling","48.17462178","16.33373443","","","Pat:49:1015","Level 0","3"
"at:49:1015:0:13","Wien Meidling","48.17475956","16.33366257","","","Pat:49:1015","Level 0","1"
"at:49:1015:0:15","Wien Meidling","48.17468169","16.33370749","","","Pat:49:1015","Level 0","2"
"at:49:1015:0:16","Wien Meidling","48.17453192","16.33377935","","","Pat:49:1015","Level 0","4"
"at:49:1015:0:17","Wien Meidling","48.17437617","16.33385122","","","Pat:49:1015","Level 0","6"
"at:49:1015:0:18","Wien Meidling","48.17422041","16.33392308","","","Pat:49:1015","Level 0","8"
"at:49:1015:0:6","Wien Meidling","48.17446603","16.33381528","","","Pat:49:1015","Level 0","5"
"at:49:1015:0:8","Wien Meidling","48.17430428","16.33387816","","","Pat:49:1015","Level 0","7"
"at:49:1015:10","ZG-W","48.17420244","16.33151560","","3","Pat:49:1015","Level -1",""
"at:49:1015:11","B+R","48.17325592","16.33145271","","3","Pat:49:1015","Level 0",""
"at:49:1015:12","Dörfelstraße","48.17521484","16.33540530","","2","Pat:49:1015","Level 0",""
"at:49:1015:13","ZG-O","48.17489735","16.33554005","","3","Pat:49:1015","Level -1",""
"at:49:1015:2","U6","48.17360937","16.33141678","","","Pat:49:1015","Level -2",""
"at:49:1015:3","Tram","48.17446004","16.33094067","","","Pat:49:1015","Level 0",""
"at:49:1015:4","Bus ab","48.17474758","16.33170424","","","Pat:49:1015","Level 0",""
"at:49:1015:5","Bus an","48.17442409","16.33165933","","","Pat:49:1015","Level 0",""
"at:49:1015:6","Eichenstraße","48.17445405","16.33195577","","2","Pat:49:1015","Level 0",""
"at:49:1015:7","Meidlinger Haupts","48.17484942","16.33145271","","2","Pat:49:1015","Level 0",""
"at:49:1015:8","Schedifkaplatz","48.17316606","16.33132695","","2","Pat:49:1015","Level 0",""
"at:49:1015:9","Kerschensteinerg.","48.17450197","16.33642938","","2","Pat:49:1015","Level 0",""
"at:49:1040:0:19","Wien Praterstern","48.21880085","16.39181950","","","Pat:49:1040","Level 1","1"
"at:49:1040:0:20","Wien Praterstern","48.21883078","16.39210696","","","Pat:49:1040","Level 1","2"
"at:49:1040:0:21","Wien Praterstern","48.21884275","16.39244832","","","Pat:49:1040","Level 1","4"
"at:49:1040:0:5","Wien Praterstern","48.21883677","16.39222374","","","Pat:49:1040","Level 1","3"
"at:49:1040:10","JRG","48.22100941","16.39506242","","","Pat:49:1040","Level 0",""
"at:49:1040:11","Praterstern","48.21841180","16.39179255","","2","Pat:49:1040","Level 0",""
"at:49:1040:12","ZG Süd","48.21861531","16.39199018","","3","Pat:49:1040","Level -1",""
"at:49:1040:13","ZG-Nord","48.21972858","16.39360715","","3","Pat:49:1040","Level -1",""
"at:49:1040:14","B+R","48.21784319","16.39228662","","2","Pat:49:1040","Level 0",""
"at:49:1040:15","U2","48.21865122","16.39329274","","","Pat:49:1040","Level -3",""
"at:49:1040:16","82A","48.22025528","16.39315799","","","Pat:49:1040","Level 0",""
"at:49:1040:17","Venediger Au","48.21834596","16.39471208","","2","Pat:49:1040","Level 0",""
"at:49:1040:18","Nordbahnstraße","48.21981836","16.39150509","","2","Pat:49:1040","Level 0",""
"at:49:1040:19","Lasallestraße","48.21994405","16.39239442","","2","Pat:49:1040","Level 0",""
"at:49:1040:20","Lasallestraße","48.21884275","16.39263697","","2","Pat:49:1040","Level 0",""
"at:49:1040:21","U1-R","48.21966274","16.39271782","","","Pat:49:1040","Level -2",""
"at:49:1040:22","Lassallestraße","48.22029119","16.39445156","","2","Pat:49:1040","Level 0",""
"at:49:1040:23","Walcherstraße","48.21972858","16.39307714","","2","Pat:49:1040","Level 0",""
"at:49:1040:24","Prater","48.21837589","16.39290646","","2","Pat:49:1040","Level 0",""
"at:49:1040:3","U1-H","48.21956099","16.39281663","","","Pat:49:1040","Level -2",""
"at:49:1040:4","Tram","48.21811253","16.39157696","","","Pat:49:1040","Level 0",""
"at:49:1040:5","Reg","48.21844772","16.39314002","","","Pat:49:1040","Level 0",""
"at:49:1040:6","Heinestraße","48.21867516","16.39039118","","2","Pat:49:1040","Level 0",""
"at:49:1040:7","Nordbahnstraße","48.21943530","16.39141526","","2","Pat:49:1040","Level 0",""
"at:49:1040:8","Praterstern","48.21865721","16.39163984","","2","Pat:49:1040","Level 0",""
"at:49:1040:9","Venediger Au","48.21998594","16.39477496","","2","Pat:49:1040","Level 0",""
"at:49:1062:0:13","Wien Spittelau","48.23531780","16.35801590","","","Pat:49:1062","Level -1","2"
"at:49:1062:0:7","Wien Spittelau","48.23531780","16.35810573","","","Pat:49:1062","Level -1","1"
"at:49:1062:10","J.-Holaubek-Platz","48.23397749","16.35885133","","2","Pat:49:1062","Level 0",""
"at:49:1062:11","Döblinger Hauptst","48.23621530","16.35623723","","2","Pat:49:1062","Level 0",""
"at:49:1062:12","J.-Holaubek-Platz","48.23547935","16.35868065","","2","Pat:49:1062","Level 0",""
"at:49:1062:13","P+R","48.23549730","16.36086356","","3","Pat:49:1062","Level 0",""
"at:49:1062:14","Heiligenstädter S","48.23592212","16.35725233","","2","Pat:49:1062","Level -1",""
"at:49:1062:15","U6-R","48.23564688","16.35814166","","","Pat:49:1062","Level 2",""
"at:49:1062:2","U4","48.23504854","16.35848302","","","Pat:49:1062","Level -1",""
"at:49:1062:3","U6-H","48.23556312","16.35815963","","","Pat:49:1062","Level 2",""
"at:49:1062:4","D","48.23601187","16.35682114","","","Pat:49:1062","Level -1",""
"at:49:1062:5","37A-H","48.23615547","16.35638995","","","Pat:49:1062","Level -1",""
"at:49:1062:6","35A","48.23320560","16.35781827","","","Pat:49:1062","Level 0",""
"at:49:1062:7","37A-R","48.23306798","16.35632706","","","Pat:49:1062","Level 0",""
"at:49:1062:8","Kassenhalle","48.23568279","16.35776437","","3","Pat:49:1062","Level 0",""
"at:49:1062:9","Verkehrsamt","48.23470150","16.35849200","","2","Pat:49:1062","Level 0",""
"at:49:1091:0:11","Wien Rennweg","48.19524901","16.38600740","","","Pat:49:1091","Level -1","1"
"at:49:1091:0:12","Wien Rennweg","48.19526698","16.38612418","","","Pat:49:1091","Level -1","2"
"at:49:1091:2","Tram","48.19454241","16.38642961","","","Pat:49:1091","Level 0",""
"at:49:1091:3","Zugang Rennweg","48.19497356","16.38619605","","2","Pat:49:1091","Level 0",""
"at:49:1091:4","ZG Bahngasse","48.19647656","16.38579181","","3","Pat:49:1091","Level 1",""
"at:49:1091:5","Zugang Re Bahng","48.19713523","16.38554926","","2","Pat:49:1091","Level 0",""
"at:49:1091:6","Zugang Li Bahng","48.19650051","16.38586367","","2","Pat:49:1091","Level 0",""
"at:49:1248:0:3","Wien Siemensstraße","48.27098457","16.42076322","","","Pat:49:1248","Level 1","1"
"at:49:1248:0:7","Wien Siemensstraße","48.27092478","16.42082610","","","Pat:49:1248","Level 1","2"
"at:49:1248:2","Bus","48.27118787","16.41998168","","","Pat:49:1248","Level 0",""
"at:49:1248:3","P+R","48.27152270","16.42202984","","3","Pat:49:1248","Level 0",""
"at:49:1248:4","Siemensstr.","48.27090086","16.42065542","","2","Pat:49:1248","Level 0",""
"at:49:1257:0:3","Wien Grillgasse","48.16712708","16.40701001","","","Pat:49:1257","Level 0","1"
"at:49:1257:0:4","Wien Grillgasse","48.16716303","16.40707289","","","Pat:49:1257","Level 0","2"
"at:49:1257:2","Bus","48.16721695","16.40843833","","","Pat:49:1257","Level 0",""
"at:49:1257:3","Zugang","48.16658186","16.40769273","","2","Pat:49:1257","Level 1",""
"at:49:1260:0:15","Wien Simmering","48.16955954","16.41862523","","","Pat:49:1260","Level 1","2"
"at:49:1260:0:2","Wien Simmering","48.16948764","16.41872404","","","Pat:49:1260","Level 1","1"
"at:49:1260:10","Hasenleitengasse","48.16997891","16.42011643","","2","Pat:49:1260","Level 0",""
"at:49:1260:2","U3","48.16970332","16.42060152","","","Pat:49:1260","Level -2",""
"at:49:1260:3","Strab","48.17032639","16.42018830","","","Pat:49:1260","Level 0",""
"at:49:1260:4","Bushof","48.16955354","16.41976609","","","Pat:49:1260","Level 0",""
"at:49:1260:5","Simmer. Hauptstr.","48.17023054","16.42008050","","2","Pat:49:1260","Level 0",""
"at:49:1260:6","Kaiserebersd. S","48.16933786","16.42187713","","2","Pat:49:1260","Level 0",""
"at:49:1260:7","Strachegasse","48.16901434","16.42123034","","2","Pat:49:1260","Level 0",""
"at:49:1260:8","ZG","48.16929593","16.42123034","","3","Pat:49:1260","Level -1",""
"at:49:1260:9","Braunhubergasse","48.17028446","16.41971219","","2","Pat:49:1260","Level 0",""
"at:49:1295:0:1","Wien Speising","48.17363933","16.28365336","","","Pat:49:1295","Level 0","2"
"at:49:1295:0:2","Wien Speising","48.17355546","16.28359048","","","Pat:49:1295","Level 0","1"
"at:49:1295:2","Versorgungshmstr.","48.17396881","16.28264724","","2","Pat:49:1295","Level 0",""
"at:49:1295:3","Speisinger Str.","48.17340569","16.28463252","","2","Pat:49:1295","Level 0",""
"at:49:1299:0:5","Wien Stadlau","48.21869312","16.44811692","","","Pat:49:1299","Level 1","1"
"at:49:1299:0:8","Wien Stadlau","48.21866319","16.44828760","","","Pat:49:1299","Level 1","2"
"at:49:1299:2","Bus_Steige B_C","48.21849560","16.44838641","","","Pat:49:1299","Level 0",""
"at:49:1299:3","U2","48.21955500","16.44907812","","","Pat:49:1299","Level 2",""
"at:49:1299:4","86A","48.21904027","16.44865591","","","Pat:49:1299","Level 0",""
"at:49:1299:5","Konstanziagasse","48.22026126","16.45063220","","2","Pat:49:1299","Level 0",""
"at:49:1299:6","Neuhaufenstraße","48.21763968","16.44787437","","2","Pat:49:1299","Level 0",""
"at:49:1299:7","Kaisermühlenstr.","48.21921384","16.44871879","","2","Pat:49:1299","Level 0",""
"at:49:1301:0:1","Wien Praterkai","48.19947645","16.44108311","","","Pat:49:1301","Level 1","1"
"at:49:1301:0:4","Wien Praterkai","48.19953034","16.44098430","","","Pat:49:1301","Level 1","2"
"at:49:1301:2","Bus","48.19980577","16.44097531","","","Pat:49:1301","Level 0",""
"at:49:1301:3","Zugang","48.19972194","16.44104718","","2","Pat:49:1301","Level 0",""
"at:49:1333:0:1","Wien Strebersdorf","48.28602021","16.38120141","","","Pat:49:1333","Level 0","2"
"at:49:1333:0:4","Wien Strebersdorf","48.28597836","16.38108463","","","Pat:49:1333","Level 0","1"
"at:49:1333:2","32A","48.28622344","16.38128226","","","Pat:49:1333","Level 0",""
"at:49:1333:3","34A","48.28608596","16.38069836","","","Pat:49:1333","Level 0",""
"at:49:1333:4","Unterführung","48.28593054","16.38117446","","3","Pat:49:1333","Level -1",""
"at:49:1346:0:10","Wien Quartier Belvedere","48.18808672","16.38212668","","","Pat:49:1346","Level -2","1"
"at:49:1346:0:11","Wien Quartier Belvedere","48.18800887","16.38213566","","","Pat:49:1346","Level -2","2"
"at:49:1346:18","D","48.18763156","16.38142599","","","Pat:49:1346","Level 0",""
"at:49:1346:19","13A-69A","48.18793700","16.38147091","","","Pat:49:1346","Level 0",""
"at:49:1346:3","Gürtel/Arsenalstr","48.18777530","16.38017733","","","Pat:49:1346","Level 0",""
"at:49:1346:4","13A","48.18731414","16.38205481","","","Pat:49:1346","Level 0",""
"at:49:1346:8","Zu S-Bahn","48.18802683","16.38172244","","2","Pat:49:1346","Level 0",""
"at:49:1349:0:1","Wien Hauptbahnhof","48.18533173","16.37865020","","","Pat:49:1349","Level 1","3"
"at:49:1349:0:10","Wien Hauptbahnhof","48.18445130","16.37834477","","","Pat:49:1349","Level 1","12"
"at:49:1349:0:12","Wien Hauptbahnhof","48.18605044","16.37507490","","","Pat:49:1349","Level -1","1"
"at:49:1349:0:27","Wien Hauptbahnhof","48.18487055","16.37845257","","","Pat:49:1349","Level 1","8"
"at:49:1349:0:28","Wien Hauptbahnhof","48.18473280","16.37841664","","","Pat:49:1349","Level 1","9"
"at:49:1349:0:29","Wien Hauptbahnhof","48.18506820","16.37853342","","","Pat:49:1349","Level 1","6"
"at:49:1349:0:31","Wien Hauptbahnhof","48.18496039","16.37847952","","","Pat:49:1349","Level 1","7"
"at:49:1349:0:32","Wien Hauptbahnhof","48.18515205","16.37856037","","","Pat:49:1349","Level 1","5"
"at:49:1349:0:33","Wien Hauptbahnhof","48.18526585","16.37863223","","","Pat:49:1349","Level 1","4"
"at:49:1349:0:34","Wien Hauptbahnhof","48.18596659","16.37514677","","","Pat:49:1349","Level -1","2"
"at:49:1349:0:4","Wien Hauptbahnhof","48.18464296","16.37839867","","","Pat:49:1349","Level 1","10"
"at:49:1349:0:9","Wien Hauptbahnhof","48.18454114","16.37837172","","","Pat:49:1349","Level 1","11"
"at:49:1349:10","Laxenburger Str.","48.18558328","16.37319742","","2","Pat:49:1349","Level 0",""
"at:49:1349:11","O, 69A","48.18602049","16.37484134","","2","Pat:49:1349","Level 0",""
"at:49:1349:12","G.-Fröhl.-Sand.-G","48.18671523","16.37679069","","2","Pat:49:1349","Level 0",""
"at:49:1349:13","Wiedner Gürtel","48.18575098","16.37407777","","2","Pat:49:1349","Level 0",""
"at:49:1349:14","ZG Passage S-Bahn","48.18589472","16.37430235","","3","Pat:49:1349","Level -2",""
"at:49:1349:15","UStrabR","48.18603247","16.37400591","","","Pat:49:1349","Level -1",""
"at:49:1349:16","Graf-Starhemb.-G.","48.18641578","16.37314353","","2","Pat:49:1349","Level 0",""
"at:49:1349:17","Südtiroler Platz","48.18654155","16.37401489","","2","Pat:49:1349","Level 0",""
"at:49:1349:18","ZG Mitte","48.18634391","16.37370946","","3","Pat:49:1349","Level -1",""
"at:49:1349:19","Kolschitzkygasse","48.18803282","16.37292793","","2","Pat:49:1349","Level 0",""
"at:49:1349:2","U1","48.18701469","16.37350285","","","Pat:49:1349","Level -3",""
"at:49:1349:20","Weyringergasse","48.18806876","16.37328726","","2","Pat:49:1349","Level 0",""
"at:49:1349:21","ZG Nord","48.18797293","16.37320641","","3","Pat:49:1349","Level -1",""
"at:49:1349:22","ZG Passage U-Bahn","48.18658347","16.37365557","","3","Pat:49:1349","Level -2",""
"at:49:1349:23","ZG KH Nord","48.18558927","16.37670085","","3","Pat:49:1349","Level 0",""
"at:49:1349:24","Sonnwendgasse","48.18461301","16.37641339","","2","Pat:49:1349","Level 0",""
"at:49:1349:3","Tram O","48.18612830","16.37481439","","","Pat:49:1349","Level 0",""
"at:49:1349:30","ZG KH Süd","48.18485258","16.37644034","","3","Pat:49:1349","Level 0",""
"at:49:1349:31","Canettistraße","48.18563119","16.37762612","","2","Pat:49:1349","Level 0",""
"at:49:1349:32","Karl-Popper-Str.","48.18461900","16.38048276","","2","Pat:49:1349","Level 0",""
"at:49:1349:33","Haupteingang","48.18584680","16.37587440","","2","Pat:49:1349","Level 0",""
"at:49:1349:34","Busterminal West","48.18526585","16.37236199","","","Pat:49:1349","Level 0",""
"at:49:1349:4","UStrabH","48.18597258","16.37405981","","","Pat:49:1349","Level -1",""
"at:49:1349:5","13A","48.18808073","16.37296386","","","Pat:49:1349","Level 0",""
"at:49:1349:6","N66-R","48.18524189","16.37370946","","","Pat:49:1349","Level 0",""
"at:49:1349:7","N66-H","48.18525387","16.37356573","","","Pat:49:1349","Level 0",""
"at:49:1349:8","Busbahnhof","48.18530777","16.37450897","","","Pat:49:1349","Level 0",""
"at:49:1350:0:1","Wien Hauptbahnhof Autoreisezug","48.17806023","16.39104695","","","Pat:49:1350","Level 0","15"
"at:49:1350:0:2","Wien Hauptbahnhof Autoreisezug","48.17807221","16.39106492","","","Pat:49:1350","Level 0","16"
"at:49:1350:0:4","Wien Hauptbahnhof Autoreisezug","48.17798236","16.39092119","","","Pat:49:1350","Level 0","13"
"at:49:1350:2","Zugang","48.17669446","16.39174764","","2","Pat:49:1350","Level 0",""
"at:49:1350:3","Autoverladung Zu","48.17797038","16.39115475","","","Pat:49:1350","Level 0",""
"at:49:1350:4","Autoverladung Ab","48.17794642","16.39110085","","","Pat:49:1350","Level 0",""
"at:49:1357:0:4","Wien Süßenbrunn","48.28530888","16.48447174","","","Pat:49:1357","Level 0","2"
"at:49:1357:0:5","Wien Süßenbrunn","48.28536268","16.48443581","","","Pat:49:1357","Level 0","3"
"at:49:1357:0:6","Wien Süßenbrunn","48.28542843","16.48441784","","","Pat:49:1357","Level 0","4"
"at:49:1357:2","Bus","48.28512955","16.48459750","","","Pat:49:1357","Level 0",""
"at:49:1357:3","ZG","48.28529094","16.48423818","","3","Pat:49:1357","Level -1",""
"at:49:1385:0:3","Wien Traisengasse","48.23436044","16.38375263","","","Pat:49:1385","Level 1","1"
"at:49:1385:0:8","Wien Traisengasse","48.23442027","16.38386941","","","Pat:49:1385","Level 1","2"
"at:49:1385:2","Tram","48.23383987","16.38306093","","","Pat:49:1385","Level 0",""
"at:49:1385:3","Bus","48.23459380","16.38510909","","","Pat:49:1385","Level 0",""
"at:49:1385:4","Zugang Donaueschi","48.23586229","16.38248600","","2","Pat:49:1385","Level 0",""
"at:49:1385:5","SEV-Bahn","48.23599990","16.38351008","","","Pat:49:1385","Level 0",""
"at:49:1425:0:1","Wien St. Marx","48.18844007","16.39878144","","","Pat:49:1425","Level -1","1"
"at:49:1425:0:12","Wien St. Marx","48.18836820","16.39870060","","","Pat:49:1425","Level -1","2"
"at:49:1425:2","TramBus","48.18878144","16.39974264","","","Pat:49:1425","Level 0",""
"at:49:1425:3","ZG-Aspangstraße","48.18904495","16.39726329","","2","Pat:49:1425","Level 0",""
"at:49:1425:4","ZG","48.18803881","16.39942823","","3","Pat:49:1425","Level 0",""
"at:49:1425:5","zu-wl","48.18863770","16.40001214","","","Pat:49:1425","Level 0",""
"at:49:1425:6","SEV","48.18779326","16.39891619","","","Pat:49:1425","Level 0",""
"at:49:1458:0:1","Wien Weidlingau Bahnhof","48.21033685","16.21182407","","","Pat:49:1458","Level 0","1"
"at:49:1458:0:2","Wien Weidlingau Bahnhof","48.21042066","16.21177915","","","Pat:49:1458","Level 0","2"
"at:49:1458:2","Bus","48.21077984","16.21259662","","","Pat:49:1458","Level 0",""
"at:49:1458:3","Zugang","48.21054038","16.21208458","","2","Pat:49:1458","Level 0",""
"at:49:1468:0:1","Wien Westbahnhof","48.19622507","16.33679769","","","Pat:49:1468","Level 1","1"
"at:49:1468:0:15","Wien Westbahnhof","48.19677596","16.33651921","","","Pat:49:1468","Level 1","9"
"at:49:1468:0:17","Wien Westbahnhof","48.19672806","16.33653718","","","Pat:49:1468","Level 1","8"
"at:49:1468:0:2","Wien Westbahnhof","48.19691967","16.33643836","","","Pat:49:1468","Level 1","11"
"at:49:1468:0:20","Wien Westbahnhof","48.19659632","16.33660904","","","Pat:49:1468","Level 1","6"
"at:49:1468:0:24","Wien Westbahnhof","48.19650051","16.33665396","","","Pat:49:1468","Level 1","5"
"at:49:1468:0:25","Wien Westbahnhof","48.19645860","16.33667193","","","Pat:49:1468","Level 1","4"
"at:49:1468:0:28","Wien Westbahnhof","48.19636878","16.33673481","","","Pat:49:1468","Level 1","3"
"at:49:1468:0:29","Wien Westbahnhof","48.19632087","16.33674379","","","Pat:49:1468","Level 1","2"
"at:49:1468:0:30","Wien Westbahnhof","48.19686578","16.33645633","","","Pat:49:1468","Level 1","10"
"at:49:1468:10","ZG-Mitte","48.19588974","16.33948365","","3","Pat:49:1468","Level -2",""
"at:49:1468:11","ZG-Ost","48.19594363","16.34011247","","3","Pat:49:1468","Level -1",""
"at:49:1468:12","AG U6","48.19699152","16.33914229","","3","Pat:49:1468","Level 0",""
"at:49:1468:13","Mariahilfer Str.","48.19566219","16.33837872","","2","Pat:49:1468","Level 0",""
"at:49:1468:14","Kaiserstr.","48.19617716","16.34059756","","2","Pat:49:1468","Level 0",""
"at:49:1468:15","Gerstnerstr.","48.19589572","16.33696837","","","Pat:49:1468","Level 0",""
"at:49:1468:16","Felberstr.","48.19724302","16.33714803","","","Pat:49:1468","Level 0",""
"at:49:1468:17","Chr.-Broda-Platz","48.19590770","16.34064248","","2","Pat:49:1468","Level 0",""
"at:49:1468:18","Kassenhalle","48.19686578","16.33772295","","3","Pat:49:1468","Level 0",""
"at:49:1468:19","B+R","48.19729092","16.33814516","","3","Pat:49:1468","Level 0",""
"at:49:1468:2","U3","48.19589572","16.33836974","","","Pat:49:1468","Level -3",""
"at:49:1468:20","ZG-Westbahnhof","48.19635081","16.33803736","","3","Pat:49:1468","Level -1",""
"at:49:1468:21","Europaplatz","48.19685979","16.33806431","","2","Pat:49:1468","Level 0",""
"at:49:1468:3","U6","48.19678794","16.33923212","","","Pat:49:1468","Level -1",""
"at:49:1468:4","Straßenbahn 5","48.19678794","16.33945670","","","Pat:49:1468","Level 0",""
"at:49:1468:5","Straßenbahn 6,18","48.19690171","16.33887280","","","Pat:49:1468","Level 0",""
"at:49:1468:6","Straßenbahn 9","48.19726697","16.33895365","","","Pat:49:1468","Level 0",""
"at:49:1468:7","Straßenbahn 52,60","48.19651249","16.33908839","","","Pat:49:1468","Level 0",""
"at:49:1468:8","Flixbus","48.19776396","16.33721990","","","Pat:49:1468","Level 0",""
"at:49:1468:9","Nachtbus","48.19714122","16.33819008","","","Pat:49:1468","Level 0",""
"at:49:1482:0:1","Wien Wolf in der Au","48.20465548","16.23627621","","","Pat:49:1482","Level -1","1"
"at:49:1482:0:4","Wien Wolf in der Au","48.20481713","16.23647384","","","Pat:49:1482","Level -1","2"
"at:49:1482:2","Bus","48.20473930","16.23651875","","","Pat:49:1482","Level 0",""
"at:49:1482:3","Zugang","48.20464950","16.23619536","","2","Pat:49:1482","Level 0",""
"at:49:1482:4","P+R","48.20441001","16.23644689","","3","Pat:49:1482","Level 0",""
"at:49:1482:5","Zugang Nord","48.20481114","16.23657265","","2","Pat:49:1482","Level 0",""
"at:49:1519:0:1","Wien Zentralfriedhof","48.15392632","16.42626091","","","Pat:49:1519","Level 0","1"
"at:49:1519:0:3","Wien Zentralfriedhof","48.15390834","16.42618904","","","Pat:49:1519","Level 0","2"
"at:49:1519:2","Bus","48.15351281","16.42686278","","","Pat:49:1519","Level 0",""
"at:49:1519:3","Zugang 2","48.15351880","16.42646752","","2","Pat:49:1519","Level 0",""
"at:49:1519:4","Untergeschoß","48.15361469","16.42642261","","3","Pat:49:1519","Level -1",""
"at:49:1519:5","Zugang 1","48.15479529","16.42566802","","2","Pat:49:1519","Level 0",""
"at:49:166:0:3","Wien Breitensee","48.19778791","16.30662328","","","Pat:49:166","Level -1","1"
"at:49:166:0:7","Wien Breitensee","48.19775797","16.30649752","","","Pat:49:166","Level -1","2"
"at:49:166:2","49","48.19897349","16.30701854","","","Pat:49:166","Level 0",""
"at:49:166:4","Hütteldorfer Str.","48.19832681","16.30630887","","2","Pat:49:166","Level 0",""
"at:49:166:5","Märzstraße","48.19695560","16.30727905","","2","Pat:49:166","Level 0",""
"at:49:166:6","Hütteldorfer Str.","48.19891960","16.30703650","","","Pat:49:166","Level 0",""
"at:49:1705:0:2","Wien Handelskai","48.24201880","16.38523485","","","Pat:49:1705","Level 1","1"
"at:49:1705:0:4","Wien Handelskai","48.24194701","16.38532468","","","Pat:49:1705","Level 1","2"
"at:49:1705:0:5","Wien Handelskai","48.24210256","16.38591757","","","Pat:49:1705","Level 0","11"
"at:49:1705:0:8","Wien Handelskai","48.24216239","16.38606130","","","Pat:49:1705","Level 0","12"
"at:49:1705:2","Bus","48.24112140","16.38388738","","","Pat:49:1705","Level 0",""
"at:49:1705:4","Engerthstraße","48.24165386","16.38492942","","2","Pat:49:1705","Level 0",""
"at:49:1705:6","U6-H","48.24178548","16.38560316","","","Pat:49:1705","Level 1",""
"at:49:1705:7","Donaupromenade","48.24215641","16.38631283","","2","Pat:49:1705","Level 0",""
"at:49:1705:8","B+R","48.24141455","16.38432755","","3","Pat:49:1705","Level 0",""
"at:49:1705:9","Zugang neu","48.24139660","16.38392331","","2","Pat:49:1705","Level 0",""
"at:49:176:0:4","Wien Brünner Straße","48.26789320","16.40339878","","","Pat:49:176","Level 1","1"
"at:49:176:0:8","Wien Brünner Straße","48.26793506","16.40346167","","","Pat:49:176","Level 1","2"
"at:49:176:2","31","48.26856890","16.40407252","","","Pat:49:176","Level 0",""
"at:49:176:3","Zu","48.26746865","16.40391981","","2","Pat:49:176","Level 0",""
"at:49:176:4","P+R","48.26867653","16.40513253","","3","Pat:49:176","Level 0",""
"at:49:176:5","Zu_G1","48.26800084","16.40316522","","2","Pat:49:176","Level 0",""
"at:49:176:6","Zu_G2","48.26809053","16.40335387","","2","Pat:49:176","Level 0",""
"at:49:1780:0:1","Wien Kaiserebersdorf","48.14595508","16.46506813","","","Pat:49:1780","Level 0","1"
"at:49:1780:0:3","Wien Kaiserebersdorf","48.14591313","16.46514898","","","Pat:49:1780","Level 0","2"
"at:49:1780:2","Zugang SO","48.14628475","16.46597543","","2","Pat:49:1780","Level 0",""
"at:49:1780:3","Bus","48.14632670","16.46639764","","","Pat:49:1780","Level 0",""
"at:49:1780:4","Zwischengeschoss","48.14650652","16.46570593","","3","Pat:49:1780","Level -1",""
"at:49:1780:5","Zugang NO","48.14661441","16.46544542","","2","Pat:49:1780","Level 0",""
"at:49:1780:6","P+R","48.14564340","16.46507711","","3","Pat:49:1780","Level 0",""
"at:49:1780:7","Bus 71B","48.14704596","16.46450219","","","Pat:49:1780","Level 0",""
"at:49:288:0:14","Wien Erzherzog-Karl-Straße","48.23010596","16.45366851","","","Pat:49:288","Level 0","3"
"at:49:288:0:15","Wien Erzherzog-Karl-Straße","48.23007604","16.45374037","","","Pat:49:288","Level 0","4"
"at:49:288:0:7","Wien Erzherzog-Karl-Straße","48.23028548","16.45320138","","","Pat:49:288","Level 0","1"
"at:49:288:2","Oberfläche Bus","48.22935795","16.45347088","","","Pat:49:288","Level 0",""
"at:49:288:3","Tiefgeschoß","48.22963920","16.45307562","","","Pat:49:288","Level -1",""
"at:49:288:4","Zugang","48.22947165","16.45352478","","2","Pat:49:288","Level 0",""
"at:49:288:5","Neurathgasse","48.22996833","16.45336308","","2","Pat:49:288","Level 0",""
"at:49:334:0:20","Wien Floridsdorf","48.25641702","16.39979654","","","Pat:49:334","Level 1","1"
"at:49:334:0:23","Wien Floridsdorf","48.25637515","16.39993129","","","Pat:49:334","Level 1","2"
"at:49:334:0:24","Wien Floridsdorf","48.25629740","16.40016485","","","Pat:49:334","Level 1","4"
"at:49:334:0:25","Wien Floridsdorf","48.25626151","16.40027265","","","Pat:49:334","Level 1","5"
"at:49:334:0:5","Wien Floridsdorf","48.25633926","16.40003909","","","Pat:49:334","Level 1","3"
"at:49:334:10","Kassenhalle","48.25641702","16.40002112","","3","Pat:49:334","Level 0",""
"at:49:334:3","U6","48.25629740","16.40046129","","","Pat:49:334","Level -1",""
"at:49:334:4","26","48.25719454","16.40083859","","","Pat:49:334","Level 0",""
"at:49:334:5","31","48.25715267","16.39927552","","","Pat:49:334","Level 0",""
"at:49:334:6","Bus Ankunft","48.25639309","16.40064096","","","Pat:49:334","Level 0",""
"at:49:334:7","Franz-Jonas-Pl.","48.25653664","16.39949111","","2","Pat:49:334","Level 0",""
"at:49:334:8","Franklinstraße","48.25620170","16.40046129","","2","Pat:49:334","Level 0",""
"at:49:345:0:12","Wien Franz-Josefs-Bahnhof","48.22674282","16.36091745","","","Pat:49:345","Level 0","2"
"at:49:345:0:13","Wien Franz-Josefs-Bahnhof","48.22676676","16.36104322","","","Pat:49:345","Level 0","3"
"at:49:345:0:14","Wien Franz-Josefs-Bahnhof","48.22677872","16.36112407","","","Pat:49:345","Level 0","4"
"at:49:345:0:15","Wien Franz-Josefs-Bahnhof","48.22679069","16.36123187","","","Pat:49:345","Level 0","5"
"at:49:345:0:5","Wien Franz-Josefs-Bahnhof","48.22711984","16.36071983","","","Pat:49:345","Level 0","1"
"at:49:345:2","Tram","48.22568356","16.36121390","","","Pat:49:345","Level 0",""
"at:49:345:3","Nachtbus","48.22519283","16.36173492","","","Pat:49:345","Level 0",""
"at:49:345:4","Zugang","48.22649147","16.36111508","","2","Pat:49:345","Level 0",""
"at:49:393:0:4","Wien Gersthof","48.23084798","16.32915303","","","Pat:49:393","Level 1","1"
"at:49:393:0:9","Wien Gersthof","48.23084199","16.32903625","","","Pat:49:393","Level 1","2"
"at:49:393:2","EV41R","48.22971700","16.32976388","","","Pat:49:393","Level 0",""
"at:49:393:3","40","48.23166179","16.32900031","","","Pat:49:393","Level 0",""
"at:49:393:4","10A-H","48.23110529","16.32862302","","","Pat:49:393","Level 0",""
"at:49:393:5","Zu Bahn","48.23084199","16.32909014","","2","Pat:49:393","Level 0",""
"at:49:393:6","42A","48.23011793","16.32917099","","","Pat:49:393","Level 0",""
"at:49:460:0:1","Wien Hadersdorf","48.21038474","16.22226249","","","Pat:49:460","Level 1","1"
"at:49:460:0:4","Wien Hadersdorf","48.21044460","16.22226249","","","Pat:49:460","Level 1","2"
"at:49:460:2","Bus","48.21030093","16.22461608","","","Pat:49:460","Level 0",""
"at:49:460:3","Zu J-Prokop-Str","48.21027698","16.22221758","","2","Pat:49:460","Level 0",""
"at:49:460:4","Zu Bahnstr","48.21058827","16.22224452","","2","Pat:49:460","Level 0",""
"at:49:460:5","Zwischengeschoss","48.21040270","16.22223554","","3","Pat:49:460","Level -1",""
"at:49:465:0:3","Wien Haidestraße","48.17862929","16.42622498","","","Pat:49:465","Level 1","1"
"at:49:465:0:7","Wien Haidestraße","48.17866523","16.42608125","","","Pat:49:465","Level 1","2"
"at:49:465:2","Bus","48.17937804","16.42714126","","","Pat:49:465","Level 0",""
"at:49:465:3","Zugang","48.17944992","16.42666515","","2","Pat:49:465","Level 0",""
"at:49:484:0:10","Wien Geiselbergstraße","48.17561620","16.40709086","","","Pat:49:484","Level 1","2"
"at:49:484:0:7","Wien Geiselbergstraße","48.17559823","16.40722561","","","Pat:49:484","Level 1","1"
"at:49:484:2","Tram","48.17471164","16.40613865","","","Pat:49:484","Level 0",""
"at:49:484:3","Bus","48.17468169","16.40664170","","","Pat:49:484","Level 0",""
"at:49:484:4","ZG-Bahn","48.17498121","16.40703696","","3","Pat:49:484","Level 0",""
"at:49:484:5","zu-6","48.17489135","16.40701001","","2","Pat:49:484","Level 0",""
"at:49:484:6","ZG-Nord","48.17640094","16.40750409","","2","Pat:49:484","Level 0",""
"at:49:491:0:10","Wien Heiligenstadt","48.24897017","16.36574141","","","Pat:49:491","Level 1","4"
"at:49:491:0:15","Wien Heiligenstadt","48.24900606","16.36560666","","","Pat:49:491","Level 1","3"
"at:49:491:0:2","Wien Heiligenstadt","48.24902999","16.36551683","","","Pat:49:491","Level 1","2"
"at:49:491:0:4","Wien Heiligenstadt","48.24905990","16.36540005","","","Pat:49:491","Level 1","1"
"at:49:491:10","Bau1","48.25060917","16.36530123","","","Pat:49:491","Level 0",""
"at:49:491:11","Bau2","48.24792932","16.36421427","","","Pat:49:491","Level 0",""
"at:49:491:12","Sonderzüge","48.24910177","16.36591209","","","Pat:49:491","Level 1",""
"at:49:491:4","U4-H","48.24873688","16.36601090","","","Pat:49:491","Level 1",""
"at:49:491:5","U4-R","48.24876679","16.36591209","","","Pat:49:491","Level 1",""
"at:49:491:6","Bus","48.24928721","16.36478021","","","Pat:49:491","Level 0",""
"at:49:491:7","12.-Februar-Platz","48.24916159","16.36521140","","2","Pat:49:491","Level 0",""
"at:49:491:8","P+R","48.24821047","16.36679244","","3","Pat:49:491","Level 0",""
"at:49:491:9","Muthgasse","48.24867706","16.36703498","","2","Pat:49:491","Level 0",""
"at:49:505:0:5","Wien Hernals","48.22292460","16.31425896","","","Pat:49:505","Level 1","1"
"at:49:505:0:8","Wien Hernals","48.22297248","16.31418709","","","Pat:49:505","Level 1","2"
"at:49:505:2","Tram","48.22352907","16.31517524","","","Pat:49:505","Level 0",""
"at:49:505:3","445","48.22303832","16.31628017","","","Pat:49:505","Level 0",""
"at:49:505:4","Zu Bahnhof","48.22325377","16.31497761","","2","Pat:49:505","Level 0",""
"at:49:511:0:4","Wien Hetzendorf","48.16650996","16.31505846","","","Pat:49:511","Level 1","1"
"at:49:511:0:8","Wien Hetzendorf","48.16656389","16.31499558","","","Pat:49:511","Level 1","2"
"at:49:511:2","62","48.16581495","16.31377387","","","Pat:49:511","Level 0",""
"at:49:511:3","Böhringer Ingelh.","48.16733079","16.31635203","","2","Pat:49:511","Level 0",""
"at:49:511:5","Hetzendorfer Str.","48.16586288","16.31385472","","2","Pat:49:511","Level 0",""
"at:49:511:6","Altmannsdorfer S.","48.16677958","16.31594779","","2","Pat:49:511","Level 0",""
"at:49:532:0:1","Wien Hirschstetten","48.23268502","16.46911055","","","Pat:49:532","Level 1","1"
"at:49:532:0:6","Wien Hirschstetten","48.23274486","16.46911055","","","Pat:49:532","Level 1","2"
"at:49:532:2","Bus","48.23290043","16.46794274","","","Pat:49:532","Level 0",""
"at:49:532:3","Hirschstettner Str.","48.23266707","16.46814037","","2","Pat:49:532","Level 0",""
"at:49:532:4","Guido-Lammer-G.","48.23277477","16.47024243","","2","Pat:49:532","Level 0",""
"at:49:560:0:10","Wien Hütteldorf","48.19750049","16.26094395","","","Pat:49:560","Level 2","3"
"at:49:560:0:12","Wien Hütteldorf","48.19762025","16.26101581","","","Pat:49:560","Level 2","1"
"at:49:560:0:13","Wien Hütteldorf","48.19734481","16.26241718","","","Pat:49:560","Level 2","11"
"at:49:560:0:6","Wien Hütteldorf","48.19729092","16.26080920","","","Pat:49:560","Level 2","6"
"at:49:560:0:7","Wien Hütteldorf","48.19734481","16.26084513","","","Pat:49:560","Level 2","5"
"at:49:560:0:8","Wien Hütteldorf","48.19741666","16.26089903","","","Pat:49:560","Level 2","4"
"at:49:560:10","Steg","48.19642866","16.26073733","","3","Pat:49:560","Level 1",""
"at:49:560:11","P+R","48.19604543","16.26384551","","3","Pat:49:560","Level 3",""
"at:49:560:13","Hadikgasse","48.19675800","16.26071937","","2","Pat:49:560","Level 0",""
"at:49:560:14","Keißlergasse","48.19748852","16.26168955","","2","Pat:49:560","Level 0",""
"at:49:560:15","Kassenhalle","48.19765618","16.26124039","","3","Pat:49:560","Level 1",""
"at:49:560:16","Zu Barrierefrei","48.19775797","16.26083615","","2","Pat:49:560","Level 0",""
"at:49:560:17","Hackinger Kai","48.19617716","16.26044089","","2","Pat:49:560","Level 0",""
"at:49:560:4","U4","48.19700949","16.26072835","","","Pat:49:560","Level 2",""
"at:49:560:5","Busbahnhof","48.19788970","16.26133921","","","Pat:49:560","Level 0",""
"at:49:560:6","Lilienberggasse","48.19609932","16.26047682","","","Pat:49:560","Level 0",""
"at:49:560:7","Keißlergasse","48.19773402","16.26125836","","2","Pat:49:560","Level 0",""
"at:49:560:8","ZG","48.19721308","16.26088106","","3","Pat:49:560","Level -1",""
"at:49:560:9","U4E","48.19645860","16.26124039","","","Pat:49:560","Level 0",""
"at:49:582:0:1","Wien Blumental","48.13900771","16.36934365","","","Pat:49:582","Level 0","1"
"at:49:582:0:2","Wien Blumental","48.13902569","16.36927179","","","Pat:49:582","Level 0","2"
"at:49:582:2","Bus","48.13845020","16.37072706","","","Pat:49:582","Level 0",""
"at:49:582:3","Zugang","48.13854012","16.36942450","","2","Pat:49:582","Level 0",""
"at:49:591:0:2","Wien Jedlersdorf","48.27328654","16.39677820","","","Pat:49:591","Level 1","1"
"at:49:591:0:4","Wien Jedlersdorf","48.27332241","16.39684108","","","Pat:49:591","Level 1","2"
"at:49:591:2","Bus","48.27306531","16.39714651","","","Pat:49:591","Level 0",""
"at:49:591:3","Zu Karl-Gramm","48.27469756","16.39477496","","2","Pat:49:591","Level 0",""
"at:49:723:0:2","Wien Krottenbachstraße","48.24002654","16.34055265","","","Pat:49:723","Level -1","1"
"at:49:723:0:4","Wien Krottenbachstraße","48.24011030","16.34056163","","","Pat:49:723","Level -1","2"
"at:49:723:2","Bus","48.24045731","16.34115452","","","Pat:49:723","Level 0",""
"at:49:723:3","Obkirchergasse","48.23998466","16.34131622","","2","Pat:49:723","Level 0",""
"at:49:723:4","Krottenbachstr.","48.24020603","16.34111859","","2","Pat:49:723","Level 0",""
"at:49:743:0:1","Wien Mitte-Landstraße","48.20730766","16.38547739","","","Pat:49:743","Level -1","5"
"at:49:743:0:10","Wien Mitte-Landstraße","48.20568524","16.38420179","","","Pat:49:743","Level -1","1"
"at:49:743:0:14","Wien Mitte-Landstraße","48.20564932","16.38433653","","","Pat:49:743","Level -1","2"
"at:49:743:0:15","Wien Mitte-Landstraße","48.20558346","16.38457908","","","Pat:49:743","Level -1","4"
"at:49:743:0:5","Wien Mitte-Landstraße","48.20563136","16.38442637","","","Pat:49:743","Level -1","3"
"at:49:743:10","ZG West-2","48.20615222","16.38452518","","3","Pat:49:743","Level -2",""
"at:49:743:11","ZG Ost","48.20540984","16.38680690","","3","Pat:49:743","Level -1",""
"at:49:743:12","ZG West-1","48.20601452","16.38492942","","3","Pat:49:743","Level -1",""
"at:49:743:14","Center Wien Mitte","48.20555353","16.38412992","","2","Pat:49:743","Level 0",""
"at:49:743:15","Gigergasse","48.20659524","16.38420179","","2","Pat:49:743","Level 0",""
"at:49:743:16","Gigergasse","48.20733760","16.38473179","","2","Pat:49:743","Level 0",""
"at:49:743:17","Bahnhofshalle","48.20625399","16.38447128","","3","Pat:49:743","Level 0",""
"at:49:743:18","74A","48.20614024","16.38435450","","","Pat:49:743","Level 0",""
"at:49:743:3","U3","48.20577504","16.38557621","","","Pat:49:743","Level -3",""
"at:49:743:4","U4","48.20658925","16.38464196","","","Pat:49:743","Level -1",""
"at:49:743:5","O","48.20581695","16.38549536","","","Pat:49:743","Level 0",""
"at:49:743:6","Landstr. Hauptstr","48.20619412","16.38447128","","2","Pat:49:743","Level 0",""
"at:49:743:7","Stadtpark","48.20431422","16.38369873","","2","Pat:49:743","Level 0",""
"at:49:743:8","Marxergasse","48.20755312","16.38590859","","2","Pat:49:743","Level 0",""
"at:49:743:9","Beatrixgasse","48.20545175","16.38702250","","2","Pat:49:743","Level 0",""
"at:49:769:0:3","Wien Leopoldau","48.27772276","16.44994050","","","Pat:49:769","Level 0","1"
"at:49:769:0:8","Wien Leopoldau","48.27764504","16.44997643","","","Pat:49:769","Level 0","2"
"at:49:769:10","Adolf-Loos-Gasse","48.27762710","16.45338105","","2","Pat:49:769","Level 0",""
"at:49:769:11","Zwischengeschoss","48.27777656","16.45306664","","3","Pat:49:769","Level -1",""
"at:49:769:12","Zwischengeschoss","48.27673630","16.44649097","","3","Pat:49:769","Level -1",""
"at:49:769:13","Großfeldsiedlung","48.27650911","16.44651792","","2","Pat:49:769","Level 0",""
"at:49:769:14","Nordrandsiedlung","48.27697544","16.44627537","","2","Pat:49:769","Level 0",""
"at:49:769:15","B+R","48.27707110","16.45111729","","2","Pat:49:769","Level 0",""
"at:49:769:16","Bahn","48.27704121","16.44875472","","","Pat:49:769","Level 0",""
"at:49:769:2","Möllplatz","48.27759721","16.44879066","","","Pat:49:769","Level 0",""
"at:49:769:3","29A","48.27690370","16.45063220","","","Pat:49:769","Level 0",""
"at:49:769:4","32A","48.27824288","16.45171018","","","Pat:49:769","Level 0",""
"at:49:769:5","Zwischengeschoss","48.27750155","16.45068610","","3","Pat:49:769","Level -1",""
"at:49:769:6","Thayagasse","48.27794396","16.45052440","","2","Pat:49:769","Level 0",""
"at:49:769:7","Schererstraße","48.27708904","16.45093763","","2","Pat:49:769","Level 0",""
"at:49:769:8","U-Bahn","48.27753742","16.45185391","","","Pat:49:769","Level 0",""
"at:49:769:9","P+R","48.27771080","16.45308460","","3","Pat:49:769","Level 1",""
"at:49:788:0:12","Wien Liesing","48.13469135","16.28419235","","","Pat:49:788","Level 0","2"
"at:49:788:0:13","Wien Liesing","48.13467936","16.28429116","","","Pat:49:788","Level 0","3"
"at:49:788:0:8","Wien Liesing","48.13467936","16.28407557","","","Pat:49:788","Level 0","1"
"at:49:788:10","Karl-Sarg-Gasse","48.13456545","16.28477625","","2","Pat:49:788","Level 0",""
"at:49:788:2","Bus","48.13492516","16.28339285","","","Pat:49:788","Level 0",""
"at:49:788:3","P+R","48.13548271","16.28384200","","3","Pat:49:788","Level 0",""
"at:49:788:5","ZG Unterführung","48.13457145","16.28422828","","3","Pat:49:788","Level -1",""
"at:49:788:6","zu Bahnhof","48.13429567","16.28398573","","2","Pat:49:788","Level 0",""
"at:49:788:8","ZG-PR","48.13533883","16.28403065","","3","Pat:49:788","Level 1",""
"at:49:788:9","Autobus Bahnhof","48.13479327","16.28347369","","2","Pat:49:788","Level 0",""
"at:49:849:0:13","Wien Matzleinsdorfer Platz","48.18013277","16.35796200","","","Pat:49:849","Level 1","2"
"at:49:849:0:5","Wien Matzleinsdorfer Platz","48.18022861","16.35790810","","","Pat:49:849","Level 1","1"
"at:49:849:13","Zu MP Ost","48.18116302","16.35895014","","2","Pat:49:849","Level 0",""
"at:49:849:14","Zu Evang Frdh","48.17982130","16.35960591","","2","Pat:49:849","Level 0",""
"at:49:849:15","Lift 1865","48.18113906","16.36001016","","2","Pat:49:849","Level 0",""
"at:49:849:16","Zu SB","48.18045622","16.35898608","","2","Pat:49:849","Level 0",""
"at:49:849:17","ZG SB","48.18036638","16.35865370","","3","Pat:49:849","Level 0",""
"at:49:849:18","Zu  Äuß Gürtel","48.18080962","16.35959693","","2","Pat:49:849","Level 0",""
"at:49:849:19","1865","48.18089348","16.35936337","","","Pat:49:849","Level -2",""
"at:49:849:2","618","48.18055206","16.35867167","","","Pat:49:849","Level -2",""
"at:49:849:20","665","48.18054008","16.35920167","","","Pat:49:849","Level -2",""
"at:49:849:21","Halbstock","48.18038435","16.35846505","","3","Pat:49:849","Level -1",""
"at:49:849:3","14A","48.18047419","16.35915676","","","Pat:49:849","Level 0",""
"at:49:849:4","N62-R","48.17884493","16.35856387","","","Pat:49:849","Level 0",""
"at:49:849:5","N6","48.18042029","16.35757572","","","Pat:49:849","Level 0",""
"at:49:849:6","ZG","48.18088150","16.35900404","","3","Pat:49:849","Level -3",""
"at:49:849:7","Lift 618","48.18048617","16.35867167","","2","Pat:49:849","Level 0",""
"at:49:849:8","Lift ZG","48.18066587","16.35911184","","2","Pat:49:849","Level 0",""
"at:49:849:9","N62-H","48.17858137","16.35790810","","","Pat:49:849","Level 0",""
"at:49:910:0:4","Wien Aspern Nord","48.23472543","16.50473773","","","Pat:49:910","Level 0","1"
"at:49:910:0:7","Wien Aspern Nord","48.23478527","16.50472875","","","Pat:49:910","Level 0","2"
"at:49:910:2","U-Bahn","48.23449806","16.50437841","","","Pat:49:910","Level 0",""
"at:49:910:3","Bus Süd","48.23403733","16.50501621","","","Pat:49:910","Level 0",""
"at:49:910:4","Mayredergasse","48.23458781","16.50361484","","2","Pat:49:910","Level 0",""
"at:49:910:5","Bus Nord","48.23561697","16.50436044","","","Pat:49:910","Level 0",""
"at:49:910:6","Verteilerebene","48.23440831","16.50448620","","3","Pat:49:910","Level 1",""
"at:49:910:7","Ostbahnbegleitstr","48.23410315","16.50452214","","2","Pat:49:910","Level 0",""
"at:49:910:8","Linie 27","48.23379200","16.50504316","","","Pat:49:910","Level 0",""
"at:49:94:0:4","Wien Atzgersdorf","48.14701599","16.28865697","","","Pat:49:94","Level 1","1"
"at:49:94:0:8","Wien Atzgersdorf","48.14704596","16.28850426","","","Pat:49:94","Level 1","2"
"at:49:94:2","66A","48.14774722","16.28871986","","","Pat:49:94","Level 0",""
"at:49:94:3","66AK","48.14654248","16.28788442","","","Pat:49:94","Level 0",""
"at:49:94:4","Endresstraße","48.14765732","16.28899833","","2","Pat:49:94","Level 0",""
"at:49:94:5","Knotzenbachgasse","48.14642260","16.28815392","","2","Pat:49:94","Level 0",""
"at:49:948:0:6","Wien Nußdorf","48.26020881","16.36760990","","","Pat:49:948","Level 1","1"
"at:49:948:0:8","Wien Nußdorf","48.26023273","16.36772668","","","Pat:49:948","Level 1","2"
"at:49:948:0:9","Wien Nußdorf","48.26023871","16.36779855","","","Pat:49:948","Level 1","3"
"at:49:948:2","Tram","48.26010714","16.36724159","","","Pat:49:948","Level 0",""
"at:49:948:3","Heiligenst.Str.","48.26028057","16.36746617","","2","Pat:49:948","Level 0",""
"at:49:959:0:4","Wien Oberdöbling","48.24409474","16.34409201","","","Pat:49:959","Level -1","1"
"at:49:959:0:8","Wien Oberdöbling","48.24412465","16.34398421","","","Pat:49:959","Level -1","2"
"at:49:959:2","38","48.24463914","16.34445134","","","Pat:49:959","Level 0",""
"at:49:959:4","Billrothstr.","48.24454342","16.34437049","","2","Pat:49:959","Level 0",""
"at:49:981:0:12","Wien Ottakring","48.21181546","16.31112384","","","Pat:49:981","Level 1","2"
"at:49:981:0:4","Wien Ottakring","48.21179750","16.31123164","","","Pat:49:981","Level 1","1"
"at:49:981:10","B+R","48.21189328","16.31151910","","3","Pat:49:981","Level 0",""
"at:49:981:11","Hasnerstraße","48.21140839","16.31144723","","2","Pat:49:981","Level 0",""
"at:49:981:12","Huttengasse 45A","48.21199504","16.31091723","","","Pat:49:981","Level 0",""
"at:49:981:13","U3-E","48.21152812","16.31158198","","","Pat:49:981","Level 1",""
"at:49:981:2","U3-A","48.21155206","16.31143825","","","Pat:49:981","Level 1",""
"at:49:981:3","Thaliastraße","48.21268943","16.31158198","","","Pat:49:981","Level 0",""
"at:49:981:4","Rankgasse 48A","48.21020515","16.31023451","","","Pat:49:981","Level 0",""
"at:49:981:5","Thaliastraße","48.21180348","16.31160893","","2","Pat:49:981","Level 0",""
"at:49:981:6","Huttengasse","48.21186335","16.31095316","","2","Pat:49:981","Level 0",""
"at:49:981:7","Koppstraße","48.21008542","16.31115977","","2","Pat:49:981","Level 0",""
"at:49:981:8","Rankgasse","48.21025903","16.31035129","","2","Pat:49:981","Level 0",""
"at:49:981:9","ZG","48.21036079","16.31076451","","3","Pat:49:981","Level -1",""
"be:26:8814001:1","Zugang SüdOst","50.83497238","4.33701229","","","Pbe:26:8814001","Level 0",""
"be:26:8814001:10","Bus","50.83524470","4.33590737","","","Pbe:26:8814001","Level 0",""
"be:26:8814001:11","Fernbus","50.83556808","4.33353581","","","Pbe:26:8814001","Level 0",""
"be:26:8814001:2","Zugang NordWest","50.83598791","4.33425446","","","Pbe:26:8814001","Level 0",""
"be:26:8814001:90","Zug","50.83524470","4.33590737","","","Pbe:26:8814001","Level 0",""
"be:26:8814001:90:1","Bruxelles Midi","50.83535817","4.33581753","","","Pbe:26:8814001","Level 0","1"
"ch:23016:20302:0:2","Buchs Bahnhof","47.16901262","9.47851982","","","Pch:23016:20302","Level 0","2"
"ch:23016:20302:1","Zugang","47.16844466","9.47816948","","","Pch:23016:20302","Level 0",""
"ch:23016:20302:30","Bus","47.16803548","9.47813355","","","Pch:23016:20302","Level 0",""
"ch:23016:20302:90","Buchs Bahnhof","47.16845077","9.47871745","","","Pch:23016:20302","Level 0",""
"ch:23016:20307:90","St. Gallen Bahnhof","47.42320764","9.36934756","","","Pch:23016:20307","Level 0",""
"ch:23016:20309:1","Zugang","47.45327201","9.63753959","","2","Pch:23016:20309","Level 0",""
"ch:23016:20309:2","Bus","47.45305941","9.63794383","","","Pch:23016:20309","Level 0",""
"ch:23016:20309:30","bus","47.45324164","9.63709942","","","Pch:23016:20309","Level 0",""
"ch:23016:20309:90","St.Margrethen Bahnhof","47.45336313","9.63782705","","","Pch:23016:20309","Level 0",""
"ch:23016:20309:90:1","St.Margrethen Bahnhof","47.45338742","9.63770129","","","Pch:23016:20309","Level 0","1"
"ch:23016:20329:0:2","Sargans Bahnhof","47.04515111","9.44485096","","","Pch:23016:20329","Level 0","2"
"ch:23016:20329:1","Zugang","47.04593464","9.44527317","","","Pch:23016:20329","Level 0",""
"ch:23016:20329:30","Bus","47.04546942","9.44496775","","","Pch:23016:20329","Level 0",""
"ch:23016:20329:90","Sargans Bahnhof","47.04510827","9.44471622","","","Pch:23016:20329","Level 0",""
"ch:23026:20038:1","Zugang","47.49999928","8.72412363","","","Pch:23026:20038","Level 0",""
"ch:23026:20038:30","Bus","47.50012065","8.72422244","","","Pch:23026:20038","Level 0",""
"ch:23026:20038:90","Winterthur Hauptbahnhof","47.50033913","8.72357566","","","Pch:23026:20038","Level 0",""
"ch:23026:688:1","Bahnhofplatz","47.37742190","8.53978933","","2","Pch:23026:688","Level 0",""
"ch:23026:688:2","Bahnhofquai","47.37768956","8.54128054","","2","Pch:23026:688","Level 0",""
"ch:23026:688:81","B+R","47.37818228","8.54019357","","3","Pch:23026:688","Level 0",""
"ch:23026:688:90","Zürich HB","47.37831002","8.54039120","","","Pch:23026:688","Level 0",""
"ch:23026:688:91:3","Zürich HB","47.37813970","8.53746270","","","Pch:23026:688","Level 0","3"
"cz:0:5433295:0:1","Brno hlavní nádraží","49.19036912","16.61233794","","","Pcz:0:5433295","Level 0","1"
"cz:0:5433425:0:1","Břeclav","48.75398841","16.89293570","","","Pcz:0:5433425","Level 0","1"
"cz:0:5433425:2","g2","48.75383442","16.89300756","","","Pcz:0:5433425","Level 0",""
"cz:0:5433425:3","g3","48.75368043","16.89312435","","","Pcz:0:5433425","Level 0",""
"cz:0:5433425:4","g1a","48.75304672","16.89193857","","","Pcz:0:5433425","Level 0",""
"cz:0:5433425:5","b1","48.75413055","16.89232484","","","Pcz:0:5433425","Level 0",""
"cz:0:5433425:6","b2","48.75490047","16.89338486","","","Pcz:0:5433425","Level 0",""
"cz:0:5436275:0:1","Šatov, železniční stanice","48.78076889","16.02603450","","","Pcz:0:5436275","Level 0","1"
"cz:0:5455659:1:1","Děčín hlavní nádrazí","50.77365981","14.20102615","","","Pcz:0:5455659","Level 0","1"
"cz:0:5457076:0:1","Praha hlavní nádraží","50.08348186","14.43588170","","","Pcz:55100:NVBW_99212","Level 0","1"
"cz:0:5457256:1:1","Praha-Holešovice","50.11062944","14.44004988","","","Pcz:0:5457256","Level 0","1"
"cz:0:5473632:0:1","České Velenice","48.76966291","14.95791966","","","Pcz:0:5473632","Level 0","1"
"cz:0:5473632:2","bus","48.76964515","14.95794661","","","Pcz:0:5473632","Level 0",""
"cz:55100:5457076:11","flix","50.08330317","14.43453423","","","Pcz:55100:NVBW_99212","Level 0",""
"cz:55803:NVBW_CSD_5:0:1","Bohumín","49.90066206","18.35948032","","","Pcz:55803:NVBW_CSD_5","Level 0","1"
"de:02000:10950:1:5","Hamburg Hauptbahnhof","53.55238472","10.00749278","","","","Level 0","5"
"de:02000:10950:11:1","Hamburg Hauptbahnhof","53.55247545","10.00809465","","","","Level 0","1"
"de:02000:10950:3:11","Hamburg Hauptbahnhof","53.55227799","10.00675616","","","","Level 0","11"
"de:02000:10950:4:14","Hamburg Hauptbahnhof","53.55221395","10.00628005","","","","Level 0","14"
"de:02000:80026","Bus","53.55166425","9.93427110","","","Pde:02000:80953","Level 0",""
"de:02000:80953:1:5","Hamburg-Altona","53.55308917","9.93470229","","","Pde:02000:80953","Level 0","5"
"de:02000:80953:10","S einw","53.55185104","9.93451364","","","Pde:02000:80953","Level -1",""
"de:02000:80953:11","S ausw","53.55188306","9.93479212","","","Pde:02000:80953","Level -1",""
"de:02000:80953:3:9","Hamburg-Altona","53.55307316","9.93523230","","","Pde:02000:80953","Level 0","9"
"de:05315:11201:7:72","Köln Hauptbahnhof","50.94313432","6.95808968","","","Pde:05315:11201","Level 0","2"
"de:05515:41000:89","SEV","51.95725889","7.63420668","","","Pde:05515:41000","Level 0",""
"de:05515:41000:91:2","Münster (Westf) Hbf","51.95704853","7.63524872","","","Pde:05515:41000","Level 0","2"
"de:05515:41000:91:3","Münster (Westf) Hbf","51.95702085","7.63544635","","","Pde:05515:41000","Level 0","3"
"de:05515:41000:92","Gl2+3","51.95692674","7.63560805","","","Pde:05515:41000","Level 0",""
"de:05515:41000:93","Gl2+3","51.95688799","7.63592246","","","Pde:05515:41000","Level 0",""
"de:05515:41000:94:14","Münster (Westf) Hbf","51.95692120","7.63619195","","","Pde:05515:41000","Level 0","14"
"de:05913:131:90:10","Dortmund Hauptbahnhof","51.51772318","7.45877469","","","Pde:05913:131","Level 0","10"
"de:05913:131:91:16","Dortmund Hauptbahnhof","51.51788529","7.45872079","","","Pde:05913:131","Level 0","16"
"de:08111:6115:1:1","Stuttgart Hauptbahnhof 1","48.78474655","9.18321664","","","","Level 1","1"
"de:08111:6115:3:5","Stuttgart Hauptbahnhof 5","48.78474655","9.18321664","","","","Level 1","5"
"de:08111:6115:5:10","Stuttgart Hauptbahnhof 10","48.78474655","9.18321664","","","","Level 1","10"
"de:08111:6115:5:9","Stuttgart Hauptbahnhof 9","48.78474655","9.18321664","","","","Level 1","9"
"de:08111:6115:8:16","Stuttgart Hauptbahnhof 16","48.78474655","9.18321664","","","","Level 1","16"
"de:08421:1008:31:1","Ulm Hauptbahnhof","48.39934721","9.98293284","","","","Level 0","1"
"de:08421:1008:32:2","Ulm Hauptbahnhof","48.39935317","9.98280707","","","","Level 0","2"
"de:09161:9000:3:2","Ingolstadt Hbf","48.74458254","11.43712562","","","","Level 0","2"
"de:09161:9000:3:3","Ingolstadt Hbf","48.74460031","11.43726935","","","","Level 0","3"
"de:09161:9000:4:4","Ingolstadt Hbf","48.74461216","11.43733223","","","","Level 0","4"
"de:09161:9000:5:7","Ingolstadt Hbf","48.74467140","11.43768257","","","","Level 0","7"
"de:09162:100:1","Bussteige HBN 1-3","48.14135158","11.55891920","","","Pde:09162:100","Level 0",""
"de:09162:100:11:11","München Hauptbahnhof","48.13988293","11.55749088","","","Pde:09162:100","Level 1","11"
"de:09162:100:11:12","München Hauptbahnhof","48.13993688","11.55749088","","","Pde:09162:100","Level 1","12"
"de:09162:100:11:14","München Hauptbahnhof","48.14008075","11.55751783","","","Pde:09162:100","Level 1","14"
"de:09162:100:16","Gleis 16-21","48.14035050","11.55874852","","","Pde:09162:100","Level 1",""
"de:09162:100:2","Bussteig 4","48.14160934","11.55794004","","","Pde:09162:100","Level 0",""
"de:09162:100:22","Gleis 22-26","48.14078211","11.55882937","","","Pde:09162:100","Level 1",""
"de:09162:100:23","B+R Vorplatz","48.14135757","11.55875751","","3","Pde:09162:100","Level 0",""
"de:09162:100:24","B+R Bfplatz Mitte","48.14035050","11.56074278","","3","Pde:09162:100","Level 0",""
"de:09162:100:25","B+R Bfplatz Süd","48.13949927","11.56054516","","3","Pde:09162:100","Level 0",""
"de:09162:100:26","B+R SüdOst","48.13943333","11.55914378","","3","Pde:09162:100","Level 0",""
"de:09162:100:27","Gleis 27-36","48.14142351","11.55718546","","","Pde:09162:100","Level 1",""
"de:09162:100:28","B+R SüdWest","48.13963715","11.55864971","","3","Pde:09162:100","Level 0",""
"de:09162:100:5:10","München Hauptbahnhof","48.14015868","11.55389762","","","Pde:09162:100","Level 1","10"
"de:09162:100:61","Zu Schalterhalle","48.14020064","11.56059007","","2","Pde:09162:100","Level 0",""
"de:09162:100:62","Zu Paul-Heyse","48.13970908","11.55577510","","2","Pde:09162:100","Level 0",""
"de:09162:100:63","Zu Bayerstr Tram","48.13921752","11.55395152","","2","Pde:09162:100","Level 0",""
"de:09162:100:65","Zugang Halle Süd","48.13952325","11.55891920","","2","Pde:09162:100","Level 0",""
"de:09162:100:66","Zugang Halle Nord","48.14108183","11.55922463","","2","Pde:09162:100","Level 0",""
"de:09162:100:67","Zu Starnberger Bf","48.14135757","11.55840717","","2","Pde:09162:100","Level 0",""
"de:09162:100:71","Schalterhalle","48.14024860","11.56023973","","3","Pde:09162:100","Level 1",""
"de:09162:100:72","Vert Paul-Heyse","48.13996685","11.55578408","","3","Pde:09162:100","Level 1",""
"de:09162:100:75","Vert Halle Süd","48.13974505","11.55889226","","3","Pde:09162:100","Level 1",""
"de:09162:100:76","Vert Halle Nord","48.14093197","11.55909887","","3","Pde:09162:100","Level 1",""
"de:09162:100:81","Verteiler GL05-10","48.13976903","11.55479594","","3","Pde:09162:100","Level 1",""
"de:09162:100:83","Verteiler GL11-15","48.13990690","11.55891920","","3","Pde:09162:100","Level 1",""
"de:09162:100:85","Verteiler GL16-21","48.14033851","11.55899107","","3","Pde:09162:100","Level 1",""
"de:09162:100:87","Verteiler GL22-26","48.14076412","11.55907192","","3","Pde:09162:100","Level 1",""
"de:09162:100:89","Verteiler GL27-36","48.14141152","11.55735614","","3","Pde:09162:100","Level 1",""
"de:09162:100:91","Lift N Bahnsteig","48.14102788","11.55921565","","3","Pde:09162:100","Level 1",""
"de:09162:100:92","Lift N Zugang","48.14102788","11.55921565","","2","Pde:09162:100","Level 0",""
"de:09162:5:12","Bus X30 Ostfriedh","48.12882172","11.60455362","","","Pde:09162:5","Level 0",""
"de:09162:5:13","Bus X30 Max-Weber","48.12871979","11.60479617","","","Pde:09162:5","Level 0",""
"de:09162:5:14","Bus Ri Orleanstr","48.12748463","11.60255936","","","Pde:09162:5","Level 0",""
"de:09162:5:15","Bus Süd Ausstieg","48.12735271","11.60285581","","","Pde:09162:5","Level 0",""
"de:09162:5:24","B+R Friedenstr","48.12717283","11.60726653","","3","Pde:09162:5","Level 0",""
"de:09162:5:25","B+R Belfortstr","48.12862386","11.60360141","","3","Pde:09162:5","Level 0",""
"de:09162:5:26","B+R Orleanstr SW","48.12862386","11.60360141","","3","Pde:09162:5","Level -1",""
"de:09162:5:27","B+R Orleanstr SO","48.12848595","11.60462549","","3","Pde:09162:5","Level 0",""
"de:09162:5:28","B+R Busbahnhof","48.12817416","11.60398768","","3","Pde:09162:5","Level 0",""
"de:09162:5:29","B+R Bahnhof","48.12753259","11.60315225","","3","Pde:09162:5","Level 0",""
"de:09162:5:3","Busbahnhof","48.12798829","11.60394277","","","Pde:09162:5","Level 0",""
"de:09162:5:41","Gleis 1+2","48.12767050","11.60492193","","","Pde:09162:5","Level 1",""
"de:09162:5:43","Gleis 3+4","48.12755058","11.60509261","","","Pde:09162:5","Level 1",""
"de:09162:5:45:86","München Ostbahnhof","48.12741867","11.60535312","","","Pde:09162:5","Level 0","6"
"de:09162:5:47:87","München Ostbahnhof","48.12741867","11.60548787","","","Pde:09162:5","Level 1","7"
"de:09162:5:47:88","München Ostbahnhof","48.12743066","11.60555075","","","Pde:09162:5","Level 1","8"
"de:09162:5:49","Gleis 13+14","48.12725678","11.60617059","","","Pde:09162:5","Level 1",""
"de:09162:5:51","Bahnhsteig U-Bahn","48.12805425","11.60364632","","","Pde:09162:5","Level -2",""
"de:09162:5:61","Ein Orleanstr SO","48.12749662","11.60285581","","2","Pde:09162:5","Level 0",""
"de:09162:5:62","Eingang Bahnhof","48.12830008","11.60458057","","2","Pde:09162:5","Level 0",""
"de:09162:5:63","Ein Orleanstr SW","48.12789835","11.60264919","","2","Pde:09162:5","Level 0",""
"de:09162:5:64","Ein BusBh West","48.12756257","11.60369124","","2","Pde:09162:5","Level -1",""
"de:09162:5:65","Ein Wörthstr","48.12862386","11.60308937","","2","Pde:09162:5","Level 0",""
"de:09162:5:66","Ein Belfortstr","48.12864784","11.60360141","","2","Pde:09162:5","Level -1",""
"de:09162:5:67","Ein BusBh Ost","48.12747263","11.60414040","","2","Pde:09162:5","Level -1",""
"de:09162:5:71","ZG Bahnhof Süd","48.12801827","11.60541600","","3","Pde:09162:5","Level -1",""
"de:09162:5:72","ZG Orleansplatz","48.12732273","11.60437396","","3","Pde:09162:5","Level -1",""
"de:09162:5:73","ZG Orleanspl Lift","48.12789835","11.60559567","","3","Pde:09162:5","Level -1",""
"de:09162:5:77","ZG Bahnhof Nord","48.12737070","11.60637720","","3","Pde:09162:5","Level -1",""
"de:09162:5:8","Tram 19","48.12873778","11.60352056","","","Pde:09162:5","Level 0",""
"de:09162:5:90","Taxi Friedenstr","48.12687902","11.60660178","","3","Pde:09162:5","Level 0",""
"de:09162:5:91","Ein Lift Orleanspl","48.12800028","11.60494888","","2","Pde:09162:5","Level -1",""
"de:09163:9:1","Bus","47.85094427","12.11993507","","","Pde:09163:9","Level 0",""
"de:09163:9:15:1","Rosenheim Bahnhof","47.85013045","12.11943201","","","Pde:09163:9","Level 1","1"
"de:09163:9:16:2","Rosenheim Bahnhof","47.85008826","12.11938709","","","Pde:09163:9","Level 1","2"
"de:09163:9:17:4","Rosenheim Bahnhof","47.84997975","12.11927031","","","Pde:09163:9","Level 1","4"
"de:09163:9:17:5","Rosenheim Bahnhof","47.84990138","12.11918048","","","Pde:09163:9","Level 1","5"
"de:09163:9:18","Gleis 6+7","47.84981095","12.11919845","","","Pde:09163:9","Level 1",""
"de:09163:9:19","Zug->Mühldorf","47.85048010","12.11849776","","","Pde:09163:9","Level 1",""
"de:09163:9:31","Regio Omnibusbf.","47.85115526","12.11835403","","","Pde:09163:9","Level 0",""
"de:09163:9:70","Unterführung","47.84988932","12.11962964","","3","Pde:09163:9","Level -1",""
"de:09163:9:80","P+R Südost","47.84871980","12.11962964","","3","Pde:09163:9","Level 0",""
"de:09163:9:81","P+R Südwest","47.84925634","12.11788691","","3","Pde:09163:9","Level 0",""
"de:09163:9:82","B+R Süd","47.84861732","12.11922540","","3","Pde:09163:9","Level 0",""
"de:09163:9:83","B+R West","47.84908151","12.11848878","","3","Pde:09163:9","Level 0",""
"de:09163:9:84","B+R Nord","47.85044996","12.12052795","","3","Pde:09163:9","Level 0",""
"de:09163:9:85","B+R Radstation","47.85085385","12.11817437","","3","Pde:09163:9","Level 0",""
"de:09163:9:87","Taxi","47.85082974","12.11854268","","3","Pde:09163:9","Level 0",""
"de:09163:9:90","Haupteingang","47.85054641","12.11966557","","2","Pde:09163:9","Level 0",""
"de:09163:9:91","Eingang Süd","47.84881023","12.11868641","","2","Pde:09163:9","Level 0",""
"de:09163:9:92","Eingang Nordwest","47.85113718","12.11909065","","2","Pde:09163:9","Level 0",""
"de:09163:9:93","Eingang Nordost","47.85033542","12.12023151","","2","Pde:09163:9","Level 0",""
"de:09172:42293:1:1","Freilassing Bahnhof","47.83676389","12.97647869","","","Pde:09172:42293","Level 0","1"
"de:09172:42293:2:3","Freilassing Bahnhof","47.83689655","12.97653259","","","Pde:09172:42293","Level 0","3"
"de:09172:42293:3:4","Freilassing Bahnhof","47.83693876","12.97655055","","","Pde:09172:42293","Level 0","4"
"de:09172:42293:3:5","Freilassing Bahnhof","47.83702921","12.97658649","","","Pde:09172:42293","Level 0","5"
"de:09172:42293:30","Bus","47.83627547","12.97789803","","","Pde:09172:42293","Level 0",""
"de:09172:42293:4:8","Freilassing Bahnhof","47.83721010","12.97665835","","","Pde:09172:42293","Level 0","8"
"de:09172:42293:70","Unterführung West","47.83686037","12.97690090","","3","Pde:09172:42293","Level -1",""
"de:09172:42293:71","Unterführung Ost","47.83659506","12.97848193","","3","Pde:09172:42293","Level -1",""
"de:09172:42293:80","P+R","47.83605236","12.97894007","","3","Pde:09172:42293","Level 0",""
"de:09172:42293:81","B+R","47.83651667","12.97650564","","3","Pde:09172:42293","Level 0",""
"de:09172:42293:82","Taxi","47.83624532","12.97749379","","3","Pde:09172:42293","Level 0",""
"de:09172:42293:90","Haupteingang","47.83640210","12.97724226","","2","Pde:09172:42293","Level 0",""
"de:09172:42293:91","Eingang West","47.83666742","12.97644276","","2","Pde:09172:42293","Level 0",""
"de:09172:42293:92","Eingang Ost","47.83635989","12.97865261","","2","Pde:09172:42293","Level 0",""
"de:09172:42293:93","Eing Unterf Süd","47.83638401","12.97839210","","2","Pde:09172:42293","Level -1",""
"de:09172:42293:94","Eing Unterf Nord","47.83746336","12.97885922","","2","Pde:09172:42293","Level -1",""
"de:09172:42293:95:96","Freilassing Bahnhof","47.83605839","12.97966771","","","Pde:09172:42293","Level 0","96"
"de:09172:42293:95:97","Freilassing Bahnhof","47.83599206","12.97961381","","","Pde:09172:42293","Level 0","97"
"de:09180:42873:1:1","Mittenwald Bahnhof","47.43962730","11.26543960","","","Pde:09180:42873","Level 0","1"
"de:09180:42873:2","Bus","47.44020451","11.26522401","","","Pde:09180:42873","Level 0",""
"de:09180:42873:3:2","Mittenwald Bahnhof","47.43957869","11.26548452","","","Pde:09180:42873","Level 0","2"
"de:09180:42873:3:3","Mittenwald Bahnhof","47.43954831","11.26562825","","","Pde:09180:42873","Level 0","3"
"de:09180:42873:40","P+R","47.43964553","11.26485570","","3","Pde:09180:42873","Level 0",""
"de:09180:42873:50","B+R","47.44051437","11.26576299","","3","Pde:09180:42873","Level 0",""
"de:09180:42873:60","Taxi","47.44033817","11.26534079","","3","Pde:09180:42873","Level 0",""
"de:09180:42873:70","Übergang","47.43900148","11.26517011","","3","Pde:09180:42873","Level 0",""
"de:09180:42873:90","Eingang Bahnhof","47.44038678","11.26540367","","2","Pde:09180:42873","Level 0",""
"de:09180:42873:91","Eingang Süd","47.44007084","11.26552943","","2","Pde:09180:42873","Level 0",""
"de:09180:42873:92","Eingang Dammkarst","47.44142574","11.26615825","","2","Pde:09180:42873","Level 0",""
"de:09262:156:1:1","Passau Hauptbahnhof","48.57379304","13.44908236","","","Pde:09262:156","Level 0","1"
"de:09262:156:2:2","Passau Hauptbahnhof","48.57381087","13.45030407","","","Pde:09262:156","Level 0","2"
"de:09262:156:2:3","Passau Hauptbahnhof","48.57372766","13.45031305","","","Pde:09262:156","Level 0","3"
"de:09262:156:3:5","Passau Hauptbahnhof","48.57363850","13.45033102","","","Pde:09262:156","Level 0","5"
"de:09262:156:3:6","Passau Hauptbahnhof","48.57350179","13.45033102","","","Pde:09262:156","Level 0","6"
"de:09262:156:30","Bus","48.57432797","13.45094187","","","Pde:09262:156","Level 0",""
"de:09262:156:70","Unterführung","48.57371577","13.45044780","","3","Pde:09262:156","Level -1",""
"de:09262:156:81","B+R West","48.57392975","13.44915423","","3","Pde:09262:156","Level 0",""
"de:09262:156:82","B+R Nord","48.57414966","13.45103170","","3","Pde:09262:156","Level 0",""
"de:09262:156:83","Taxi","48.57408428","13.44975610","","3","Pde:09262:156","Level 0",""
"de:09262:156:90","Haupteingang","48.57413183","13.45041187","","2","Pde:09262:156","Level 0",""
"de:09262:156:91","Eingang West","48.57391191","13.44928897","","2","Pde:09262:156","Level 0",""
"de:09277:80490:1:2","Simbach (Inn)","48.26297772","13.02305634","","","Pde:09277:80490","Level 0","2"
"de:09277:80490:2:1","Simbach (Inn)","48.26310928","13.02334380","","","Pde:09277:80490","Level 0","1"
"de:09564:510:1","Nürnberg Hauptbahnhof","49.44582535","11.08213837","","","Pde:09564:510","Level 1",""
"de:09564:510:1:1","Nürnberg Hauptbahnhof","49.44582535","11.08206650","","","Pde:09564:510","Level 1","1"
"de:09564:510:2","Nürnberg Hauptbahnhof","49.44459882","11.08274024","","","Pde:09564:510","Level 1",""
"de:09564:510:3","Bus Bahnhofsplatz","49.44754829","11.08261447","","","Pde:09564:510","Level 0",""
"de:09564:510:4","Gleis 22+23","49.44448201","11.08281210","","","Pde:09564:510","Level 1",""
"de:09564:510:5","Gleis 6+7","49.44546908","11.08229108","","","Pde:09564:510","Level 1",""
"de:09564:510:62","OstTunnel","49.44531138","11.08338703","","3","Pde:09564:510","Level 0",""
"de:09564:510:8","Gleis 14+15","49.44498431","11.08257854","","","Pde:09564:510","Level 1",""
"de:09761:100:1","Eingang Süd","48.36517861","10.88693446","","2","Pde:09761:100","Level 0",""
"de:09761:100:11:1","Augsburg Hauptbahnhof","48.36567397","10.88589241","","","Pde:09761:100","Level 0","1"
"de:09761:100:12:3","Augsburg Hauptbahnhof","48.36560235","10.88571275","","","Pde:09761:100","Level 0","3"
"de:09761:100:13:4","Augsburg Hauptbahnhof","48.36557848","10.88565885","","","Pde:09761:100","Level 0","4"
"de:09761:100:13:5","Augsburg Hauptbahnhof","48.36553074","10.88553308","","","Pde:09761:100","Level 0","5"
"de:09761:100:14","Zug Gl6&7","48.36541137","10.88533546","","","Pde:09761:100","Level 0",""
"de:09761:100:15","Zug Gl8&9","48.36535766","10.88528156","","","Pde:09761:100","Level 0",""
"de:09761:100:2","Eingang Mitte","48.36561429","10.88643140","","2","Pde:09761:100","Level 0",""
"de:09761:100:21","Unterführung Nord","48.36535169","10.88574868","","3","Pde:09761:100","Level -1",""
"de:09761:100:22","Unterführung Süd","48.36475486","10.88628767","","3","Pde:09761:100","Level -1",""
"de:09761:100:3","Eingang Nord","48.36594254","10.88617987","","2","Pde:09761:100","Level 0",""
"de:09761:100:31","Busbahnhof","48.36553670","10.88715005","","","Pde:09761:100","Level 0",""
"de:09761:100:32","VGA Halderstraße","48.36535169","10.88837176","","","Pde:09761:100","Level 0",""
"de:09761:100:33","Bus Bahnhofstraße","48.36578737","10.88793159","","","Pde:09761:100","Level 0",""
"de:09761:100:34","Bus C+A","48.36594851","10.88877600","","","Pde:09761:100","Level 0",""
"de:09761:100:35","Bus Nord","48.36683178","10.88671886","","","Pde:09761:100","Level 0",""
"de:09761:100:61","Parkhaus","48.36472502","10.88872210","","3","Pde:09761:100","Level 0",""
"de:09776:1546:1:1","Lindau-Insel","47.54538738","9.68079347","","","Pde:09776:1546","Level 0","1"
"de:09776:1546:1:2","Lindau-Insel","47.54537525","9.68066771","","","Pde:09776:1546","Level 0","2"
"de:09776:1546:1:3","Lindau-Insel","47.54536918","9.68060483","","","Pde:09776:1546","Level 0","3"
"de:09776:1546:1:5","Lindau-Insel","47.54515089","9.68045211","","","Pde:09776:1546","Level 0","5"
"de:09776:1546:2","Bus","47.54523578","9.68107195","","","Pde:09776:1546","Level 0",""
"de:09776:1546:81","B+R","47.54400484","9.68066771","","3","Pde:09776:1546","Level 0",""
"de:09776:1546:90","Haupteingang","47.54422920","9.68149416","","2","Pde:09776:1546","Level 0",""
"de:09776:1546:91","Eingang Parkpl","47.54396846","9.68153009","","2","Pde:09776:1546","Level 0",""
"de:09776:1546:96","Taxi","47.54406548","9.68170077","","3","Pde:09776:1546","Level 0",""
"de:09776:1592:1:1","Lindau-Reutin","47.55248140","9.70291898","","","","Level 0","21"
"de:09776:1592:2:2","Lindau-Reutin","47.55242077","9.70291898","","","","Level 0","22"
"de:09776:1592:2:4","Lindau-Reutin","47.55231771","9.70128405","","","","Level 0","24"
"de:11000:900003200:2:52","Berlin Hauptbahnhof","52.52499136","13.36918620","","","Pde:11000:900003201","Level 2","3"
"de:11000:900003201:1:51","Berlin Hauptbahnhof","52.52490391","13.36938383","","","Pde:11000:900003201","Level 2","12"
"de:11000:900003201:2:53","Berlin Hauptbahnhof","52.52508427","13.36924908","","","Pde:11000:900003201","Level 2","14"
"de:11000:900003201:3","Bst.Gleis 15+16","52.52520998","13.36934790","","","Pde:11000:900003201","Level 2",""
"de:11000:900058101:1","S-Bahn unten","52.47606989","13.36514378","","","Pde:11000:900058101","Level 0",""
"de:11000:900058101:2:52","Berlin Südkreuz","52.47595499","13.36527853","","","Pde:11000:900058101","Level 2","3"
"de:11000:900058101:3","Regio Gl.5-6","52.47587291","13.36566480","","","Pde:11000:900058101","Level 2",""
"de:11000:900058101:4:57","Berlin Südkreuz","52.47585650","13.36605108","","","Pde:11000:900058101","Level 2","8"
"de:11000:900058101:5","S-Bahn oben(Ring)","52.47572518","13.36543124","","","Pde:11000:900058101","Level 3",""
"de:11000:900058101:6","Bus","52.47594951","13.36411970","","","Pde:11000:900058101","Level 0",""
"fl:21:104:0:6","Schaan Bahnhof","47.16832863","9.50797558","","","Pfl:21:104","Level 0","1"
"fl:21:104:2","Bus","47.16827366","9.50862237","","","Pfl:21:104","Level 0",""
"fl:21:1371:0:3","Nendeln Bahnhof","47.20039989","9.54191393","","","Pfl:21:1371","Level 0","1"
"fl:21:1371:0:4","Nendeln Bahnhof","47.20045482","9.54173427","","","Pfl:21:1371","Level 0","2"
"fl:21:1371:2","Bus","47.20182808","9.54235411","","","Pfl:21:1371","Level 0",""
"fl:21:1371:3","Bussteig Bahnhof","47.20057079","9.54178817","","","Pfl:21:1371","Level 0",""
"fl:21:4145:0:3","Schaan Forst Hilti Bahnhof","47.18173217","9.52134251","","","Pfl:21:4145","Level 0","1"
"hr:62:65:0:1","Split željeznički kolodvor","43.50470921","16.44287974","","","Phr:62:65","Level 0","1"
"hr:62:80:0:1","Zagreb Glavni kolodvor","45.80440378","15.97906159","","","Phr:62:80","Level 0","2"
"hr:62:80:2","tram","45.80524291","15.97875617","","","Phr:62:80","Level 0",""
"hu:08518:27001898:2","bus","47.67829204","16.58730189","","","Phu:08518:27001898","Level 0",""
"hu:08518:27001898:27001524","Sopron pályaudvar","47.67756019","16.58687968","","","Phu:08518:27001898","Level 0","1"
"hu:08518:27001898:3","Zugang","47.67979200","16.58325947","","2","Phu:08518:27001898","Level 0",""
"hu:14216:27001535:27001419","Budapest-Keleti","47.50041803","19.08461838","","","Phu:14216:27001535","Level 0","1"
"hu:15130:27001786:27001452","Debrecen","47.51993799","21.62966236","","","Phu:15130:27001786","Level 0","1"
"hu:15343:27001902:2","Bus","47.59955049","16.85998549","","","Phu:15343:27001902","Level 0",""
"hu:15343:27001902:27001528","Fertőszentmiklós pályaudvar","47.59985336","16.86003041","","","Phu:15343:27001902","Level 0","1"
"hu:17905:27000493:2","g23","47.91322687","17.14677265","","","Phu:17905:27000493","Level 0",""
"hu:17905:27000493:27000459","Hegyeshalom pályaudvar","47.91340148","17.14674570","","","Phu:17905:27000493","Level 0","12"
"hu:17905:27000493:3","g3a","47.91296797","17.14722181","","","Phu:17905:27000493","Level 0",""
"hu:17905:27000493:4","SEV","47.91350384","17.14797639","","","Phu:17905:27000493","Level 0",""
"hu:28007:51761:0:27000407","Győr pályaudvar","47.68217490","17.63555498","","","Phu:28007:51761","Level 0","51"
"hu:31583:27000652:2","bus","46.95688228","16.26334245","","","Phu:31583:27000652","Level 0",""
"hu:31583:27000652:27000612","Szentgotthárd pályaudvar","46.95750768","16.26362991","","","Phu:31583:27000652","Level 0","1"
"hu:55061:1:1","Nyíregyháza","47.94654843","21.70525559","","","Phu:55061","Level 0","1"
"hu:55064:1:1","Záhony","48.40167320","22.18376119","","","Phu:55064","Level 0","1"
"hu:55635:0:1","TP Zahony Grenze","48.41520362","22.18484816","","","Phu:55635","Level 0","zug"
"it:22015:116:51:51","Bologna, Stazione di Bologna Centrale","44.50654652","11.34120351","","","Pit:22015:116","Level 0","51"
"it:22021:1170:1","Bus","46.78907841","11.61068911","","","Pit:22021:1170","Level 0",""
"it:22021:1170:50:31077","Fortezza, Stazione di Fortezza","46.78885084","11.61012318","","","Pit:22021:1170","Level 0","1"
"it:22021:1170:50:33035","Fortezza, Stazione di Fortezza","46.78878933","11.60988961","","","Pit:22021:1170","Level 0","33035"
"it:22021:1170:52","Bahn","46.78821116","11.61054538","","","Pit:22021:1170","Level 0",""
"it:22021:1170:80","Unterführung","46.78882008","11.61011419","","3","Pit:22021:1170","Level -1",""
"it:22021:1170:90","Eingang","46.78894925","11.61043759","","2","Pit:22021:1170","Level 0",""
"it:22021:1170:91","Eingang","46.78856175","11.61059928","","2","Pit:22021:1170","Level 0",""
"it:22021:1170:92","Eingang","46.78931213","11.61034775","","2","Pit:22021:1170","Level 0",""
"it:22021:1177:1","Bus","46.79723354","11.66960063","","","Pit:22021:1177","Level 0",""
"it:22021:1177:50","Bahn","46.79729504","11.67004979","","","Pit:22021:1177","Level 0",""
"it:22021:1177:50:31111","Rio di Pusteria, Stazione di Rio di Pusteria","46.79719049","11.66992402","","","Pit:22021:1177","Level 0","31111"
"it:22021:1177:80","Unterführung","46.79736883","11.67001386","","3","Pit:22021:1177","Level -1",""
"it:22021:1177:90","Eingang","46.79720894","11.66967250","","2","Pit:22021:1177","Level 0",""
"it:22021:1177:91","Eingang","46.79701830","11.66975334","","2","Pit:22021:1177","Level 0",""
"it:22021:1179:1","Bus","46.81484342","11.72236767","","","Pit:22021:1179","Level 1",""
"it:22021:1179:2","Bus","46.81539056","11.72387684","","","Pit:22021:1179","Level 1",""
"it:22021:1179:50","Bahn","46.81483113","11.72287971","","","Pit:22021:1179","Level 0",""
"it:22021:1179:50:31113","Vandoies, Stazione di Vandoies","46.81492334","11.72316717","","","Pit:22021:1179","Level 0","1"
"it:22021:1179:90","Eingang","46.81488645","11.72264615","","2","Pit:22021:1179","Level 0",""
"it:22021:1179:91","Eingang","46.81520613","11.72339175","","2","Pit:22021:1179","Level 0",""
"it:22021:1194:1","Busbahnhof","46.79372809","11.92892629","","","Pit:22021:1194","Level 0",""
"it:22021:1194:2","Bus","46.79463830","11.93028274","","","Pit:22021:1194","Level 0",""
"it:22021:1194:3","Bus","46.79434925","11.93040851","","","Pit:22021:1194","Level 0",""
"it:22021:1194:4","Bus","46.79395565","11.93061512","","","Pit:22021:1194","Level 0",""
"it:22021:1194:50:31119","Brunico, Stazione di Brunico","46.79462600","11.92980664","","","Pit:22021:1194","Level 0","1"
"it:22021:1194:80","Unterführung","46.79443535","11.92950121","","3","Pit:22021:1194","Level -1",""
"it:22021:1194:81","Unterführung","46.79453375","11.92934850","","3","Pit:22021:1194","Level -1",""
"it:22021:1194:90","Eingang","46.79474285","11.92904307","","2","Pit:22021:1194","Level 0",""
"it:22021:1194:91","Eingang","46.79468750","11.93021088","","2","Pit:22021:1194","Level 0",""
"it:22021:1194:92","Eingang","46.79495810","11.93043546","","2","Pit:22021:1194","Level 0",""
"it:22021:1194:93","Eingang","46.79444765","11.92996833","","2","Pit:22021:1194","Level 0",""
"it:22021:1194:94","Eingang","46.79438000","11.92974375","","2","Pit:22021:1194","Level 0",""
"it:22021:1194:95","Eingang","46.79451530","11.93005816","","2","Pit:22021:1194","Level 0",""
"it:22021:1194:96","Eingang","46.79391260","11.92882747","","2","Pit:22021:1194","Level 0",""
"it:22021:1219:1","Bus1","46.72458111","12.22563983","","","Pit:22021:1219","Level 0",""
"it:22021:1219:2","Bus2","46.72470427","12.22563084","","","Pit:22021:1219","Level 0",""
"it:22021:1219:50:31135","Dobbiaco, Stazione di Dobbiaco","46.72496291","12.22534338","","","Pit:22021:1219","Level 0","31135"
"it:22021:1219:51","Bahn","46.72512917","12.22490321","","","Pit:22021:1219","Level 0",""
"it:22021:1219:80","Unterführung","46.72507991","12.22466965","","3","Pit:22021:1219","Level -1",""
"it:22021:1219:81","Unterführung","46.72521538","12.22470558","","3","Pit:22021:1219","Level -1",""
"it:22021:1219:90","Eingang","46.72472890","12.22539728","","2","Pit:22021:1219","Level 0",""
"it:22021:1219:91","Eingang","46.72530775","12.22466066","","2","Pit:22021:1219","Level 0",""
"it:22021:1219:92","Eingang","46.72482743","12.22475948","","2","Pit:22021:1219","Level 0",""
"it:22021:1389:1","Bus","47.00286668","11.50497537","","","Pit:22021:1389","Level 0",""
"it:22021:1389:30","Vorplatz","47.00292181","11.50511012","","","Pit:22021:1389","Level 0",""
"it:22021:1389:50:31090","Brennero, Stazione di Brennero","47.00268289","11.50556826","","","Pit:22021:1389","Level 0","6"
"it:22021:1389:50:31091","Brennero, Stazione di Brennero","47.00261551","11.50579284","","","Pit:22021:1389","Level 0","7"
"it:22021:1389:50:31095","Brennero, Stazione di Brennero","47.00363857","11.50636776","","","Pit:22021:1389","Level 0","TRN"
"it:22021:1389:51","Bahn","47.00254199","11.50510114","","","Pit:22021:1389","Level 0",""
"it:22021:1389:53","Bahn","47.00251749","11.50586470","","","Pit:22021:1389","Level 0",""
"it:22021:1389:70","Unterführung","47.00255424","11.50532571","","3","Pit:22021:1389","Level -1",""
"it:22021:1389:90","Eingang","47.00260938","11.50491249","","2","Pit:22021:1389","Level 0",""
"it:22021:1725:1","Bus","46.78175250","11.90419567","","","Pit:22021:1725","Level 0",""
"it:22021:1725:50:31117","San Lorenzo di Sebato, Stazione di San Lorenzo","46.78152490","11.90311769","","","Pit:22021:1725","Level 0","31117"
"it:22021:1725:90","Eingang","46.78191244","11.90389922","","2","Pit:22021:1725","Level 0",""
"it:22021:1725:91","Eingang","46.78175865","11.90272243","","2","Pit:22021:1725","Level 0",""
"it:22021:1891:50:31125","Perca, Stazione di Perca - Plan de Corones","46.79051764","11.97818990","","","Pit:22021:1891","Level 0","32065"
"it:22021:1891:91","Eingang","46.79100353","11.97909720","","2","Pit:22021:1891","Level 0",""
"it:22021:1891:92","Eingang","46.79029007","11.97848634","","2","Pit:22021:1891","Level 0",""
"it:22021:1891:94","Überführung","46.79070216","11.97883668","","3","Pit:22021:1891","Level 1",""
"it:22021:1899:1","Bus","46.76738689","12.03048083","","","Pit:22021:1899","Level 0",""
"it:22021:1899:50","Bahn","46.76716537","12.03022032","","","Pit:22021:1899","Level 0",""
"it:22021:1899:50:31127","Valdaora, Stazione di Valdaora - Anterselva","46.76732536","12.03026523","","","Pit:22021:1899","Level 0","31127"
"it:22021:1899:80","Unterführung","46.76712846","12.03041795","","3","Pit:22021:1899","Level -1",""
"it:22021:1899:90","Eingang","46.76718999","12.03061558","","2","Pit:22021:1899","Level 0",""
"it:22021:1899:91","Eingang","46.76803296","12.02942082","","2","Pit:22021:1899","Level 0",""
"it:22021:1922:1","Bus","46.75281433","12.10782578","","","Pit:22021:1922","Level 0",""
"it:22021:1922:50","Bahn","46.75275894","12.10768205","","","Pit:22021:1922","Level 0",""
"it:22021:1922:50:31130","Monguelfo, Stazione di Monguelfo - Casies","46.75276510","12.10743950","","","Pit:22021:1922","Level 0","31130"
"it:22021:1922:80","Unterführung","46.75270355","12.10769103","","3","Pit:22021:1922","Level -1",""
"it:22021:1922:90","Eingang","46.75282664","12.10770900","","2","Pit:22021:1922","Level 0",""
"it:22021:1922:91","Eingang","46.75304206","12.10723289","","2","Pit:22021:1922","Level 0",""
"it:22021:1961:1","Bus","46.73673565","12.16716848","","","Pit:22021:1961","Level 0",""
"it:22021:1961:2","Bus","46.73807777","12.16893816","","2","Pit:22021:1961","Level 0",""
"it:22021:1961:50","Bahn","46.73659404","12.16675526","","","Pit:22021:1961","Level 0",""
"it:22021:1961:50:31134","Villabassa, Stazione di Villabassa - Braies","46.73650169","12.16688102","","","Pit:22021:1961","Level 0","31134"
"it:22021:1961:80","Unterführung","46.73656326","12.16656661","","3","Pit:22021:1961","Level -1",""
"it:22021:1961:90","Eingang","46.73677258","12.16687204","","2","Pit:22021:1961","Level 0",""
"it:22021:1980:1:3159","San Candido, Stazione di San Candido","46.73255514","12.27244205","","","Pit:22021:1980","Level 0","3159"
"it:22021:1980:1:7096","San Candido, Stazione di San Candido","46.73240737","12.27228934","","","Pit:22021:1980","Level 0","7096"
"it:22021:1980:50","Bahn","46.73276448","12.27210968","","","Pit:22021:1980","Level 0",""
"it:22021:1980:50:31137","San Candido, Stazione di San Candido","46.73265365","12.27206476","","","Pit:22021:1980","Level 0","1"
"it:22021:1980:90","Eingang","46.73260440","12.27249595","","2","Pit:22021:1980","Level 0",""
"it:22021:1980:91","Eingang","46.73279527","12.27259477","","2","Pit:22021:1980","Level 0",""
"it:22021:2235:1","Bus","46.79763327","11.84381091","","","Pit:22021:2235","Level 0",""
"it:22021:2235:50:31115","Casteldarne, Stazione di Casteldarne","46.79769477","11.84406244","","","Pit:22021:2235","Level 0","31115"
"it:22021:2235:51","Bahn","46.79772552","11.84395464","","2","Pit:22021:2235","Level 0",""
"it:22021:2235:80","Unterführung","46.79780546","11.84391871","","3","Pit:22021:2235","Level -1",""
"it:22021:2235:90","Eingang","46.79766402","11.84384685","","2","Pit:22021:2235","Level 0",""
"it:22021:2308:50:31123","Brunico, Stazione di Brunico Nord","46.80062807","11.93645417","","","Pit:22021:2308","Level 0","31123"
"it:22021:2308:80","Unterführung","46.80055428","11.93611281","","2","Pit:22021:2308","Level -1",""
"it:22021:2308:90","Eingang","46.80067112","11.93604993","","2","Pit:22021:2308","Level 0",""
"it:22021:2308:91","Eingang","46.80044359","11.93630146","","2","Pit:22021:2308","Level 0",""
"it:22021:2308:92","Eingang","46.80084330","11.93773876","","2","Pit:22021:2308","Level 0",""
"it:22021:2765:1:2414","Versciaco, Stazione di Versciaco - Elmo","46.73222881","12.32804777","","","Pit:22021:2765","Level 0","2414"
"it:22021:2765:1:2415","Versciaco, Stazione di Versciaco - Elmo","46.73229038","12.32778726","","","Pit:22021:2765","Level 0","2415"
"it:22021:2765:50:31141","Versciaco, Stazione di Versciaco - Elmo","46.73243815","12.32825438","","","Pit:22021:2765","Level 1","33051"
"it:22021:2765:80","Uberführung","46.73201331","12.32849693","","3","Pit:22021:2765","Level 1",""
"it:22021:2765:90","Eingang","46.73233348","12.32835320","","2","Pit:22021:2765","Level 0",""
"it:22021:2765:93","Eingang","46.73147764","12.32866761","","2","Pit:22021:2765","Level 1",""
"it:22021:468:1","Bus1 - Garibaldistr.","46.49656905","11.35796608","","","Pit:22021:468","Level 0",""
"it:22021:468:2","Bus2 - Bahnhofsplatz","46.49706376","11.35889134","","","Pit:22021:468","Level 0",""
"it:22021:468:3","Bus3 - Bahnhofsallee","46.49701429","11.35738217","","","Pit:22021:468","Level 0",""
"it:22021:468:50:30299","Bolzano, Stazione di Bolzano","46.49650102","11.35866676","","","Pit:22021:468","Level 0","30299"
"it:22021:468:52","Z1A","46.49604341","11.35753488","","","Pit:22021:468","Level 0",""
"it:22021:468:53","Z3+4","46.49637116","11.35868473","","","Pit:22021:468","Level 0",""
"it:22021:468:54","Z5+6","46.49629077","11.35879253","","","Pit:22021:468","Level 0",""
"it:22021:468:90","E05","46.49585170","11.35703183","","2","Pit:22021:468","Level 0",""
"it:22021:468:91","E03","46.49685969","11.35874761","","2","Pit:22021:468","Level 0",""
"it:22021:468:93","E01","46.49675457","11.35821760","","2","Pit:22021:468","Level 0",""
"it:22021:468:95","E08","46.49744098","11.36018491","","2","Pit:22021:468","Level 0",""
"it:22021:468:96","E02","46.49683496","11.35847812","","2","Pit:22021:468","Level 0",""
"it:22021:468:97","E04","46.49659997","11.35805591","","2","Pit:22021:468","Level 0",""
"it:22021:998:1","Bus A","46.71057599","11.65009821","","","Pit:22021:998","Level 0",""
"it:22021:998:2","Bus B","46.71056983","11.65029584","","","Pit:22021:998","Level 0",""
"it:22021:998:3","Bus C","46.71015097","11.65030482","","","Pit:22021:998","Level 0",""
"it:22021:998:50:33020","Bressanone, Stazione di Bressanone","46.70999082","11.64966701","","","Pit:22021:998","Level 0","33020"
"it:22021:998:80","Unterführung","46.70981835","11.64982871","","3","Pit:22021:998","Level -1",""
"it:22021:998:90","Eingang","46.70999082","11.65008922","","2","Pit:22021:998","Level 0",""
"it:22021:998:91","Eingang","46.70981219","11.65008024","","2","Pit:22021:998","Level 0",""
"it:22032:trieste-centrale:1:1","Trieste Centrale 1","45.65845305","13.77115534","","","Pit:22032:trieste-centrale","Level 0","1"
"it:22032:trieste-centrale:2","BusNord","45.65789425","13.77248485","","","Pit:22032:trieste-centrale","Level 0",""
"it:22079:stv1:1:1","Roma, Stazione di Roma Tiburtina","41.91110706","12.53119279","","","Pit:22079:stv1","Level 0","1"
"it:22079:stv1:10","bus2","41.90923521","12.52838106","","","Pit:22079:stv1","Level 0",""
"it:22079:stv1:2","Bus","41.90959621","12.53057295","","","Pit:22079:stv1","Level 0",""
"it:22095:7049:1:1","Udine stazione","46.05588900","13.24211950","","","Pit:22095:7049","Level 0","1"
"it:22095:7049:2","bus","46.05617576","13.24191289","","","Pit:22095:7049","Level 0",""
"it:22095:7068:1","Bus","46.50590606","13.60771586","","","Pit:22095:7068","Level 0",""
"it:22095:7068:30","SEV","46.50611628","13.60747331","","2","Pit:22095:7068","Level 0",""
"it:22095:7068:51:1","Tarvisio Citta Boscoverde","46.50646871","13.60740145","","","Pit:22095:7068","Level 0","1"
"it:22099:110:51:1","Venezia Santa Lucia","45.44241080","12.31972937","","","","Level 0","1"
"it:22099:7023:0:2","Venezia Mestre stazione","45.48212344","12.23174837","","","Pit:22099:7023","Level 0","4"
"it:22099:7023:1:1","Venezia Mestre stazione","45.48236278","12.23168549","","","Pit:22099:7023","Level 0","3"
"it:22099:7023:10","Bus","45.48241946","12.23279940","","","Pit:22099:7023","Level 0",""
"it:22099:7023:2","bus","45.48201637","12.23439840","","","Pit:22099:7023","Level 0",""
"Pat:41:3087","Bad Sauerbrunn Bahnhof","47.77401506","16.32473332","","1","","",""
"Pat:41:3145","Baumgarten-Schattendorf Bahnhof","47.72784029","16.51773635","","1","","",""
"Pat:41:3186","Breitenbrunn Bahnhof","47.94113875","16.74631268","","1","","",""
"Pat:41:3294","Deutschkreutz Bahnhof","47.60389347","16.62031498","","1","","",""
"Pat:41:3298","Donnerskirchen Bahnhof","47.88848667","16.66041577","","1","","",""
"Pat:41:3303","Draßburg Bahnhof","47.74768023","16.49460474","","1","","",""
"Pat:41:3443","Frauenkirchen Bahnhof","47.83992949","16.91590562","","1","","",""
"Pat:41:3490","Eisenstadt Schule","47.84382442","16.53654708","","1","","",""
"Pat:41:3531","Gols Bahnhof","47.89197438","16.90441617","","1","","",""
"Pat:41:3831","Jois Bahnhof","47.95665020","16.79069844","","1","","",""
"Pat:41:4109","Loipersbach-Schattendorf Bhf.","47.70078683","16.49181996","","1","","",""
"Pat:41:4176","Marz-Rohrbach Bahnhof","47.71738564","16.42903670","","1","","",""
"Pat:41:4177","Mattersburg Bahnhof","47.73561646","16.40907614","","1","","",""
"Pat:41:4309","Mönchhof-Halbturn Bahnhof","47.87400323","16.94828989","","1","","",""
"Pat:41:4325","Neudörfl Bahnhof","47.79375291","16.30069440","","1","","",""
"Pat:41:4348","Neusiedl am See Bad Bahnhof","47.94282369","16.84458837","","1","","",""
"Pat:41:4351","Neusiedl am See Bahnhof","47.95582601","16.82379237","","1","","",""
"Pat:41:4367","Nickelsdorf Bahnhof","47.94263715","17.08664841","","1","","",""
"Pat:41:4464","Pamhagen Bahnhof","47.70420253","16.90356277","","1","","",""
"Pat:41:4469","Parndorf Bahnhof","47.98696771","16.87034307","","1","","",""
"Pat:41:4473","Parndorf Ort Bahnhof","47.99202992","16.85142455","","1","","",""
"Pat:41:4592","Purbach am Neusiedler See Bf.","47.90638656","16.69871095","","1","","",""
"Pat:41:4731","Schützen am Gebirge Ruster Straße Bahnhof","47.85120349","16.62999882","","1","","",""
"Pat:41:4732","Schützen am Gebirge Bahnhof","47.84815915","16.61903039","","1","","",""
"Pat:41:4821","St. Andrä am Zicksee Bahnhof","47.78273203","16.92797898","","1","","",""
"Pat:41:5143","Wallern im Bgld Bahnhof","47.73375560","16.93050324","","1","","",""
"Pat:41:5157","Weiden am See Bahnhof","47.92571895","16.86388418","","1","","",""
"Pat:41:5233","Wiesen-Sigleß Bahnhof","47.75327319","16.36994552","","1","","",""
"Pat:41:5248","Winden am See Bahnhof","47.94696361","16.75893401","","1","","",""
"Pat:41:5286","Wulkaprodersdorf Bahnhof","47.78937139","16.49063418","","1","","",""
"Pat:41:5288","Wulkaprodersdorf Rathausgasse","47.79907542","16.49650018","","1","","",""
"Pat:41:5312","Zurndorf Bahnhof","47.96819953","17.02368549","","1","","",""
"Pat:41:5969","Neudorf bei Parndorf Bahnhof","48.00893242","16.93853418","","1","","",""
"Pat:41:5970","Gattendorf Bahnhof","48.01065121","16.98138382","","1","","",""
"Pat:41:5971","Pama Bahnhof","48.04229438","17.04151705","","1","","",""
"Pat:41:5972","Kittsee Bahnhof","48.08131842","17.07136806","","1","","",""
"Pat:41:5980","Mattersburg Nord Bahnhof","47.74152485","16.40235674","","1","","",""
"Pat:41:7075","Jennersdorf Bahnhof","46.93505604","16.13939291","","1","","",""
"Pat:41:7455","Mogersdorf Bahnhof","46.94551952","16.22917054","","1","","",""
"Pat:42:2121","Mallnitz-Obervellach Bahnhof","46.98186205","13.17569807","","1","","",""
"Pat:42:2125","Kolbnitz Bahnhof","46.87822564","13.32167430","","1","","",""
"Pat:42:2126","Mühldorf-Möllbrücke Bahnhst","46.85141591","13.36673380","","1","","",""
"Pat:42:2127","Pusarnitz Bahnhof","46.83522531","13.40488525","","1","","",""
"Pat:42:2128","Spittal-Millstätter See Bahnhof","46.79580679","13.48793450","","1","","",""
"Pat:42:2130","Rothenthurn Bahnhof","46.75973187","13.58238337","","1","","",""
"Pat:42:2131","Ferndorf in Ktn Bahnhst","46.73245047","13.62900593","","1","","",""
"Pat:42:2132","Markt Paternion Bahnhst","46.72529544","13.64242676","","1","","",""
"Pat:42:2133","Paternion-Feistritz Bahnhst","46.70673842","13.67475713","","1","","",""
"Pat:42:2134","Weissenstein-Kellerberg Bahnhst","46.67950417","13.71968187","","1","","",""
"Pat:42:2136","Puch b.Villach Bahnhst","46.66319401","13.75967487","","1","","",""
"Pat:42:2137","Gödersdorf Bahnhst","46.56860798","13.84739536","","1","","",""
"Pat:42:2138","Finkenstein am Faaker See Bahnhst","46.56890441","13.86767932","","1","","",""
"Pat:42:2139","Faak am See Bahnhof","46.56438357","13.91169677","","1","","",""
"Pat:42:2143","Rosenbach Bahnhof","46.53055797","14.03535885","","1","","",""
"Pat:42:2149","Ledenitzen Bahnhst","46.56279007","13.96524534","","1","","",""
"Pat:42:3625","Friesach Bahnhof","46.95318489","14.41070192","","1","","",""
"Pat:42:3626","Micheldorf-Hirt Bahnhst","46.91401250","14.43160572","","1","","",""
"Pat:42:3627","Treibach-Althofen Bahnhof","46.86865798","14.46522068","","1","","",""
"Pat:42:3628","Kappel am Krappfeld Bahnhst","46.83795993","14.47534469","","1","","",""
"Pat:42:3629","Passering Bahnhst","46.80682623","14.46965835","","1","","",""
"Pat:42:3631","Launsdorf-Hochosterwitz Bahnhof","46.76870364","14.45565362","","1","","",""
"Pat:42:3632","St.Georgen am Längsee Bahnhst","46.76195341","14.42299088","","1","","",""
"Pat:42:3633","St. Veit an der Glan Bahnhof","46.77064179","14.36672041","","1","","",""
"Pat:42:3636","Glandorf Bahnhst","46.75011232","14.38117430","","1","","",""
"Pat:42:3639","Maria Saal Bahnhof","46.68288763","14.33907925","","1","","",""
"Pat:42:3640","Klagenfurt Annabichl Bahnhst","46.65062826","14.31494151","","1","","",""
"Pat:42:3641","Klagenfurt Ostbahnhof","46.62175544","14.32182261","","1","","",""
"Pat:42:3642","Klagenfurt Hauptbahnhof","46.61620857","14.31313590","","1","","",""
"Pat:42:3643","Klagenfurt West Bahnhst","46.62282897","14.26662113","","1","","",""
"Pat:42:3645","Klagenfurt Lend Bahnhst","46.62151482","14.28359031","","1","","",""
"Pat:42:3646","Krumpendorf/Wörthersee Bahnhof","46.62657379","14.22181317","","1","","",""
"Pat:42:3648","Pörtschach/Wörthersee Bahnhof","46.63601182","14.14629180","","1","","",""
"Pat:42:3649","Töschling Bahnhst","46.63316208","14.11097004","","1","","",""
"Pat:42:3650","Velden/Wörthersee Bahnhof","46.61989215","14.04483607","","1","","",""
"Pat:42:3651","Lind-Rosegg Bahnhst","46.60589691","14.00037845","","1","","",""
"Pat:42:3652","Föderlach Bahnhof","46.60195315","13.95923561","","1","","",""
"Pat:42:3653","Villach Seebach Bahnhst","46.62084232","13.87464126","","1","","",""
"Pat:42:3654","Villach Hauptbahnhof","46.61823858","13.84857215","","1","","",""
"Pat:42:3655","Villach Landskron Bahnhst","46.62973232","13.87560246","","1","","",""
"Pat:42:3656","Villach Westbahnhof","46.60923561","13.84086461","","1","","",""
"Pat:42:3657","Villach Warmbad Bahnhst","46.58832368","13.82829717","","1","","",""
"Pat:42:3659","Fürnitz Bahnhof","46.56308037","13.81344802","","1","","",""
"Pat:42:3660","Neuhaus a.d. Gail Bahnhst","46.55502572","13.78017442","","1","","",""
"Pat:42:3661","Pöckau Bahnhst","46.55196168","13.74572403","","1","","",""
"Pat:42:3662","Arnoldstein Bahnhof","46.55132537","13.70753665","","1","","",""
"Pat:42:3663","Thörl-Maglern Bahnhof","46.54058737","13.64803225","","1","","",""
"Pat:42:3715","Wolfsberg Bahnhof","46.84231045","14.83882102","","1","","",""
"Pat:42:3716","Wolfsberg Reding Bahnhst","46.82523202","14.84592669","","1","","",""
"Pat:42:3717","St.Stefan Bahnhof","46.80714596","14.84638484","","1","","",""
"Pat:42:3718","St.Andrä Bahnhof","46.76283339","14.84146207","","1","","",""
"Pat:42:3721","St.Paul im Lavanttal Bahnhof","46.72135422","14.85605071","","1","","",""
"Pat:42:3800","St.Veit an der Glan Westbahnhof","46.76277185","14.36204917","","1","","",""
"Pat:42:3802","Liebenfels Bahnhst","46.73570132","14.29189074","","1","","",""
"Pat:42:3803","Tauchendorf-Haidensee Bahnhst","46.72820806","14.23648266","","1","","",""
"Pat:42:3804","Glanegg in Ktn Bahnhst","46.71754821","14.21146458","","1","","",""
"Pat:42:3805","Mautbrücken Bahnhst","46.72158824","14.18927619","","1","","",""
"Pat:42:3806","St.Martin-Sittich Bahnhst (Bundesstraße)","46.73208720","14.15276866","","1","","",""
"Pat:42:3807","Feldkirchen in Ktn Bahnhof","46.72160671","14.09913923","","1","","",""
"Pat:42:3808","Tiffen Bahnhst","46.70140356","14.05988285","","1","","",""
"Pat:42:3809","Steindorf am Ossiacher See Bahnhst","46.69829850","14.01386216","","1","","",""
"Pat:42:3810","Ossiach-Bodensdorf Bahnhof","46.68251170","13.97384222","","1","","",""
"Pat:42:3811","St.Urban/Ossiacher See Bahnhst","46.67448097","13.95952307","","1","","",""
"Pat:42:3812","Sattendorf Bahnhof","46.66303989","13.91625122","","1","","",""
"Pat:42:3813","Annenheim Bahnhst","46.65874269","13.89857238","","1","","",""
"Pat:42:3814","Villach St.Ruprecht Bahnhof","46.64094608","13.87609653","","1","","",""
"Pat:42:3819","Klagenfurt Ebenthal Bahnhst","46.61663432","14.33430919","","1","","",""
"Pat:42:3820","Grafenstein Bahnhof","46.61880623","14.45948943","","1","","",""
"Pat:42:3823","Mittlern Bahnhst","46.59860783","14.71515894","","1","","",""
"Pat:42:3824","St.Michael ob Bleiburg Bahnhst","46.58226710","14.75054358","","1","","",""
"Pat:42:3825","Bleiburg Bahnhof","46.57436968","14.78665585","","1","","",""
"Pat:42:3826","Bleiburg Stadt Bahnhst","46.59011398","14.79428255","","1","","",""
"Pat:42:3831","Kühnsdorf-Klopeiner See Bahnhof","46.62490809","14.62092567","","1","","",""
"Pat:42:3832","Wiederndorf-Aich Bahnhst","46.62080530","14.79522578","","1","","",""
"Pat:42:3842","Klagenfurt Süd Bahnhst","46.61082774","14.30234713","","1","","",""
"Pat:42:3843","Maria Rain Bahnhst","46.56266654","14.28412032","","1","","",""
"Pat:42:3844","Weizelsdorf Bahnhof","46.53967906","14.24350748","","1","","",""
"Pat:42:3847","Köttmannsdorf Lambichl Bahnhst","46.58000111","14.28351844","","1","","",""
"Pat:42:3861","Lendorf im Drautal Bahnhst","46.82743243","13.41952779","","1","","",""
"Pat:42:3862","Möllbrücke-Sachsenburg Bahnhof","46.83096641","13.36826093","","1","","",""
"Pat:42:3863","Sachsenburg Markt Bahnhst","46.82561310","13.34848901","","1","","",""
"Pat:42:3864","Kleblach-Lind Bahnhof","46.77064794","13.34098808","","1","","",""
"Pat:42:3865","Steinfeld im Drautal Bahnhof","46.75275894","13.25956478","","1","","",""
"Pat:42:3866","Greifenburg-Weißensee Bahnhof","46.74134676","13.19088858","","1","","",""
"Pat:42:3867","Berg im Drautal Bahnhst","46.74246100","13.12783583","","1","","",""
"Pat:42:3868","Dellach im Drautal Bahnhof","46.73589834","13.07549998","","1","","",""
"Pat:42:3869","Irschen Bahnhst","46.74068189","13.01297724","","1","","",""
"Pat:42:3870","Oberdrauburg Bahnhof","46.74655456","12.97379273","","1","","",""
"Pat:42:3901","Nötsch Bahnhof","46.58880522","13.62558335","","1","","",""
"Pat:42:3902","Emmersdorf im Gailtal Bahnhst","46.59538575","13.57254681","","1","","",""
"Pat:42:3903","St.Stefan-Vorderberg Bahnhof","46.60041013","13.53373959","","1","","",""
"Pat:42:3904","Görtschach-Förolach Bahnhof","46.62330402","13.47091142","","1","","",""
"Pat:42:3905","Pressegger See Bahnhst","46.63163229","13.43693714","","1","","",""
"Pat:42:3906","Vellach-Khünburg Bahnhst","46.63118198","13.40832580","","1","","",""
"Pat:42:3907","Hermagor Bahnhof","46.62650593","13.37548339","","1","","",""
"Pat:42:99979","TP Bleiburg Staatsgrenze","46.56668727","14.83951272","","1","","",""
"Pat:43:20307","Unterretzbach Bahnhof","48.76496166","16.00795141","","1","","",""
"Pat:43:3004","Absdorf-Hippersdorf Bahnhof","48.40200122","15.98574506","","1","","",""
"Pat:43:3005","Altenhof/Kamp Bahnhof","48.54424399","15.68606708","","1","","",""
"Pat:43:3008","Achau Bahnhof","48.08088631","16.37800341","","1","","",""
"Pat:43:3046","Angern/March Bahnhof","48.38473275","16.82646935","","1","","",""
"Pat:43:3064","Atzenbrugg Bahnhof","48.29691005","15.91860498","","1","","",""
"Pat:43:3079","Bad Deutsch-Altenburg Bahnhof","48.13249107","16.91066844","","1","","",""
"Pat:43:3090","Bad Vöslau Bahnhof","47.96953476","16.22393336","","1","","",""
"Pat:43:3101","Baden Bahnhof","48.00405819","16.24273510","","1","","",""
"Pat:43:3155","Berndorf/Triesting Fabrik Bahnhof","47.94012775","16.13411081","","1","","",""
"Pat:43:3160","Berndorf Stadt Bahnhof","47.94492979","16.10847289","","1","","",""
"Pat:43:3162","Bernhardsthal Bahnhof","48.68799770","16.87903876","","1","","",""
"Pat:43:3170","Bisamberg Bahnhof","48.31638884","16.34725408","","1","","",""
"Pat:43:3189","Breiteneich bei Horn Bahnhof","48.67188841","15.68813321","","1","","",""
"Pat:43:3204","Breitensee Bahnhof","48.25479615","16.87825723","","1","","",""
"Pat:43:3205","Breitenwaida Bahnhof","48.51495140","16.07486692","","1","","",""
"Pat:43:3209","Bruck/Leitha Bahnhof","48.01903401","16.78071815","","1","","",""
"Pat:43:3255","Brunn-Maria Enzersdorf Bahnhof","48.10509055","16.28809103","","1","","",""
"Pat:43:3260","Buchberg/Kamp Bahnhof","48.57583765","15.65880321","","1","","",""
"Pat:43:3264","Böheimkirchen Bahnhof","48.19998539","15.75388988","","1","","",""
"Pat:43:3279","Deutsch-Wagram Bahnhof","48.30301142","16.56398162","","1","","",""
"Pat:43:3292","Helmahof Bahnhof","48.31031895","16.59697675","","1","","",""
"Pat:43:3309","Drösing Bahnhof","48.53989638","16.89607980","","1","","",""
"Pat:43:3310","Dürnkrut Bahnhof","48.46967641","16.86038974","","1","","",""
"Pat:43:3314","Dürrwien Bahnhof","48.17846157","16.06189525","","1","","",""
"Pat:43:3318","Ebenfurth Bahnhof","47.87757024","16.36185170","","1","","",""
"Pat:43:3339","Eggenburg Bahnhof","48.63784384","15.81472380","","1","","",""
"Pat:43:3347","Eichgraben-Altlengbach Bahnhof","48.17348357","15.98154094","","1","","",""
"Pat:43:3388","Enzersdorf bei Staatz Bahnhof","48.67322907","16.51076543","","1","","",""
"Pat:43:3401","Enzesfeld-Lindabrunn Bahnhof","47.92131847","16.18724616","","1","","",""
"Pat:43:3408","Etsdorf-Straß Bahnhof","48.45311609","15.72984198","","1","","",""
"Pat:43:3415","Felixdorf Bahnhof","47.88683008","16.24814295","","1","","",""
"Pat:43:3420","Fels am Wagram Bahnhof","48.42906423","15.82333864","","1","","",""
"Pat:43:3430","Fischamend Bahnhof","48.11660667","16.61497898","","1","","",""
"Pat:43:3449","Frättingsdorf Bahnhof","48.64281221","16.51309206","","1","","",""
"Pat:43:3481","Gaisruck Bahnhof","48.39409245","16.06459019","","1","","",""
"Pat:43:3486","Gars-Thunau Bahnhof","48.59751491","15.65533572","","1","","",""
"Pat:43:3493","Gedersdorf Bahnhof","48.43247366","15.69151985","","1","","",""
"Pat:43:3496","Gemeinlebarn Bahnhof","48.33618863","15.80424046","","1","","",""
"Pat:43:3499","Gerasdorf Bahnhof","48.29331224","16.48373512","","1","","",""
"Pat:43:3527","Glinzendorf Bahnhof","48.24230597","16.64009588","","1","","",""
"Pat:43:3528","Gobelsburg Bahnhof","48.46245725","15.70156302","","1","","",""
"Pat:43:3538","Gramatneusiedl Bahnhof","48.03549517","16.49039164","","1","","",""
"Pat:43:3544","Greifenstein-Altenberg Bahnhof","48.34482287","16.23974371","","1","","",""
"Pat:43:3580","Großweikersdorf Bahnhof","48.46868175","15.97633072","","1","","",""
"Pat:43:3602","Gumpoldskirchen Bahnhof","48.04129138","16.28538711","","1","","",""
"Pat:43:3608","Guntersdorf Bahnhof","48.64220084","16.05407990","","1","","",""
"Pat:43:3616","Guntramsdorf Thallern Bahnhof","48.05196309","16.29755029","","1","","",""
"Pat:43:3617","Guntramsdorf Kaiserau Bahnhof","48.04449252","16.32527230","","1","","",""
"Pat:43:3622","Gänserndorf Bahnhof","48.34023723","16.73231693","","1","","",""
"Pat:43:3647","Göllersdorf Bahnhof","48.49224454","16.12683446","","1","","",""
"Pat:43:3653","Ebreichsdorf Bahnhof","47.96415154","16.41931693","","1","","",""
"Pat:43:3655","Götzendorf Bahnhof","48.02568519","16.58756240","","1","","",""
"Pat:43:3660","Hadersdorf/Kamp Bahnhof","48.44656792","15.71487605","","1","","",""
"Pat:43:3677","Hainburg/Donau Ungartor/B9","48.14835258","16.94814616","","1","","",""
"Pat:43:3681","Hainburg/Donau Kulturfabrik Bhf.","48.14484021","16.93202140","","1","","",""
"Pat:43:3686","Hainburg/Donau Personenbhf.","48.14892796","16.93986369","","1","","",""
"Pat:43:3706","Haslau an der Donau Bahnhof","48.10968531","16.71019142","","1","","",""
"Pat:43:3709","Hausleiten Bahnhof","48.39131276","16.10655948","","1","","",""
"Pat:43:3712","Hautzendorf Bahnhof","48.45079841","16.49281709","","1","","",""
"Pat:43:3723","Hennersdorf Bahnhof","48.11234241","16.35820454","","1","","",""
"Pat:43:3733","Hetzmannsdorf-Wullersdorf Bhf.","48.61686090","16.09166541","","1","","",""
"Pat:43:3766","Hirtenberg Bahnhof","47.92924027","16.17612502","","1","","",""
"Pat:43:3778","Hohenau/March Bahnhof","48.59825752","16.90084986","","1","","",""
"Pat:43:3780","Hollabrunn Bahnhof","48.56296237","16.07228875","","1","","",""
"Pat:43:3784","Horn Bahnhof","48.66585499","15.67233184","","1","","",""
"Pat:43:3794","Höbersdorf Bahnhof","48.44865937","16.17333126","","1","","",""
"Pat:43:3800","Höflein/Donau Bahnhof","48.35005287","16.27202916","","1","","",""
"Pat:43:3806","Hörersdorf Bahnhof","48.62026959","16.51632600","","1","","",""
"Pat:43:3830","Jedenspeigen Bahnhof","48.49572712","16.87879622","","1","","",""
"Pat:43:3851","Kamegg Bahnhof","48.61019726","15.65732099","","1","","",""
"Pat:43:3852","Kapellerfeld Bahnhof","48.31662780","16.49497304","","1","","",""
"Pat:43:3867","Katzelsdorf Bahnhof","47.79278732","16.26671113","","1","","",""
"Pat:43:3880","Kirchberg am Wagram Bhf.","48.42755614","15.89403605","","1","","",""
"Pat:43:3885","Kirchstetten Bahnhof","48.19017084","15.82182947","","1","","",""
"Pat:43:3895","Kledering Bahnhof","48.13244910","16.43972665","","1","","",""
"Pat:43:3952","Klosterneuburg-Kierling Bhf.","48.30973940","16.32631435","","1","","",""
"Pat:43:3953","Klosterneuburg-Weidling Bhf.","48.29758536","16.33458783","","1","","",""
"Pat:43:3963","Korneuburg Bahnhof","48.34357500","16.32847031","","1","","",""
"Pat:43:3989","Kottingbrunn Bahnhof","47.95048950","16.22696966","","1","","",""
"Pat:43:3991","Kottingneusiedl Bahnhof","48.70335486","16.46502321","","1","","",""
"Pat:43:3993","Krems Bahnhof","48.40907990","15.60499413","","1","","",""
"Pat:43:3995","Kritzendorf Bahnhof","48.33590796","16.29911336","","1","","",""
"Pat:43:4003","Unterkritzendorf Bahnhof","48.32405881","16.30930924","","1","","",""
"Pat:43:40081","Marktl Ort","48.02285539","15.60149968","","1","","",""
"Pat:43:4015","Laa/Thaya Bahnhof","48.72328846","16.40302149","","1","","",""
"Pat:43:4016","St. Pölten Bildungscampus Bahnhof","48.18938032","15.61508221","","1","","",""
"Pat:43:4025","Ladendorf Bahnhof","48.53582202","16.50961558","","1","","",""
"Pat:43:4029","Langenlebarn Bahnhof","48.32752306","16.12205542","","1","","",""
"Pat:43:4036","Langenlois Bahnhof","48.47711488","15.68631861","","1","","",""
"Pat:43:4045","Langenzersdorf Bahnhof","48.30688340","16.35546468","","1","","",""
"Pat:43:4054","Lanzendorf-Rannersdorf Bahnhof","48.11348798","16.44747912","","1","","",""
"Pat:43:4067","Laxenburg-Biedermannsdorf Bhf.","48.07769343","16.35700978","","1","","",""
"Pat:43:4083","Leobendorf-Burg Kreuzenstein Bhf.","48.36446839","16.30209577","","1","","",""
"Pat:43:4084","Leobersdorf Bahnhof","47.93786498","16.23129954","","1","","",""
"Pat:43:4102","Limberg-Maissau Bahnhof","48.59232225","15.86272078","","1","","",""
"Pat:43:4132","Marchegg Bahnhof","48.24980164","16.91752259","","1","","",""
"Pat:43:4140","Maria Anzbach Bahnhof","48.18690688","15.93729892","","1","","",""
"Pat:43:4142","Maria Ellend Bahnhof","48.10969131","16.68772456","","1","","",""
"Pat:43:4165","Maria Lanzendorf Bahnhof","48.10239109","16.41934388","","1","","",""
"Pat:43:4196","Michelhausen Bahnhof","48.29649769","15.93422668","","1","","",""
"Pat:43:4202","Mistelbach Bahnhof","48.56595263","16.56511350","","1","","",""
"Pat:43:4207","Mistelbach Stadt","48.57070814","16.56891338","","1","","",""
"Pat:43:4216","Moosbierbaum-Heiligeneich Bahnhof","48.30636357","15.90016256","","1","","",""
"Pat:43:4225","Muckendorf-Wipfing Bahnhof","48.32828158","16.14993913","","1","","",""
"Pat:43:4231","Münchendorf Bahnhof","48.03252174","16.38624995","","1","","",""
"Pat:43:4239","Mödling Bahnhof","48.08562726","16.29547519","","1","","",""
"Pat:43:4301","Möllersdorf Aspangbahn","48.02986052","16.31321691","","1","","",""
"Pat:43:4318","Neubau-Kreuzstetten Bahnhof","48.49725700","16.50098277","","1","","",""
"Pat:43:4337","Neulengbach Bahnhof","48.19950040","15.89287723","","1","","",""
"Pat:43:4338","Neulengbach Stadt Bahnhof","48.19631489","15.90638789","","1","","",""
"Pat:43:4377","Niederkreuzstetten Bahnhof","48.47802005","16.47986338","","1","","",""
"Pat:43:4395","Obereggendorf Bahnhof","47.84984712","16.29714605","","1","","",""
"Pat:43:4408","Oberolberndorf Bahnhof","48.41360568","16.17426551","","1","","",""
"Pat:43:4417","Obersdorf Bahnhof","48.36235556","16.51669431","","1","","",""
"Pat:43:4423","Oberwaltersdorf Bahnhof","47.97516999","16.32839844","","1","","",""
"Pat:43:4429","Oberweiden Bahnhof","48.30617237","16.83370079","","1","","",""
"Pat:43:4440","Ollersbach Bahnhof","48.19163206","15.84836570","","1","","",""
"Pat:43:4455","Paasdorf Bahnhof","48.54655145","16.53509181","","1","","",""
"Pat:43:4500","Perchtoldsdorf Bahnhof","48.12302338","16.28555779","","1","","",""
"Pat:43:4531","Petronell-Carnuntum Bahnhof","48.10594835","16.86761219","","1","","",""
"Pat:43:4533","Pfaffstätten Bahnhof","48.01825287","16.25899460","","1","","",""
"Pat:43:4549","Plank am Kamp Bahnhof","48.55752239","15.67357152","","1","","",""
"Pat:43:4552","Platt Bahnhof","48.67455190","15.96631450","","1","","",""
"Pat:43:4556","Pottenbrunn Bahnhof","48.22366074","15.70190438","","1","","",""
"Pat:43:4562","Pottendorf-Landegg Bahnhof","47.90495335","16.39559242","","1","","",""
"Pat:43:4565","Pottenstein an der Triesting Bhf.","47.96178756","16.08919505","","1","","",""
"Pat:43:4574","Pressbaum Bahnhof","48.18118099","16.07744508","","1","","",""
"Pat:43:4601","Purkersdorf Sanatorium Bhf.","48.20635577","16.20109818","","1","","",""
"Pat:43:4603","Purkersdorf Zentrum Bahnhof","48.20613425","16.17577467","","1","","",""
"Pat:43:4605","Unterpurkersdorf Bahnhof","48.20773870","16.18975246","","1","","",""
"Pat:43:4613","Raasdorf Bahnhof","48.23898551","16.58207369","","1","","",""
"Pat:43:4616","Rabensburg Bahnhof","48.65200566","16.89464250","","1","","",""
"Pat:43:4639","Regelsbrunn Bahnhof","48.10700409","16.78081697","","1","","",""
"Pat:43:4651","Rekawinkel Bahnhof","48.17979135","16.03110998","","1","","",""
"Pat:43:4656","Retz Bahnhof","48.75376335","15.95688219","","1","","",""
"Pat:43:4671","Rohrendorf bei Krems Bahnhof","48.42324025","15.65702455","","1","","",""
"Pat:43:4674","Rosenburg Bahnhof","48.62831532","15.64345999","","1","","",""
"Pat:43:4688","Sarasdorf Bahnhof","48.02320987","16.67724122","","1","","",""
"Pat:43:4695","Schleinbach Bahnhof","48.42200026","16.48990655","","1","","",""
"Pat:43:4708","Flughafen Wien Bahnhof","48.12056474","16.56365823","","1","","",""
"Pat:43:4710","Schwechat Bahnhof","48.14319183","16.48205527","","1","","",""
"Pat:43:4742","Schönberg/Kamp Bahnhof","48.51549291","15.69655042","","1","","",""
"Pat:43:4743","Schönborn-Mallebarn Bahnhof","48.46853881","16.15913788","","1","","",""
"Pat:43:4745","Schönfeld-Lassee Bahnhof","48.25112957","16.80728134","","1","","",""
"Pat:43:4759","Seyring Bahnhof","48.33059888","16.50176431","","1","","",""
"Pat:43:4764","Siebenbrunn-Leopoldsdorf Bahnhof","48.24567407","16.70465780","","1","","",""
"Pat:43:4765","Siebenhirten (NÖ) Haltestelle","48.61102878","16.53210042","","1","","",""
"Pat:43:4783","Sierndorf bei Stockerau Bahnhof","48.42886157","16.17504704","","1","","",""
"Pat:43:4787","Sierndorf an der March Bahnhof","48.51133922","16.89113907","","1","","",""
"Pat:43:4789","Sigmundsherberg Bahnhof","48.68578565","15.74476300","","1","","",""
"Pat:43:4790","Silberwald Bahnhof","48.32825769","16.67805868","","1","","",""
"Pat:43:4798","Sitzenberg-Reidling Bahnhof","48.33179929","15.82012267","","1","","",""
"Pat:43:4801","Sollenau Bahnhof","47.89800353","16.24576242","","1","","",""
"Pat:43:4814","Spillern Bahnhof","48.37590239","16.25629966","","1","","",""
"Pat:43:4824","St. Andrä-Wördern Bahnhof","48.33386561","16.20897641","","1","","",""
"Pat:43:4848","St. Pölten Hauptbahnhof","48.20819369","15.62403841","","1","","",""
"Pat:43:4849","St. Veit an der Triesting Bhf.","47.93331507","16.14916658","","1","","",""
"Pat:43:4852","Staatz Bahnhof","48.69969684","16.49288895","","1","","",""
"Pat:43:4875","Mannswörth Bahnhof","48.13667572","16.50692962","","1","","",""
"Pat:43:4881","Stiefern Bahnhof","48.53488220","15.69131324","","1","","",""
"Pat:43:4882","Stillfried Bahnhof","48.41157837","16.84651975","","1","","",""
"Pat:43:4884","Stockerau Bahnhof","48.38231052","16.21301883","","1","","",""
"Pat:43:4922","Strasshof Bahnhof","48.31847968","16.63389750","","1","","",""
"Pat:43:4975","Tallesbrunn Bahnhof","48.36379396","16.78645839","","1","","",""
"Pat:43:4978","Tattendorf Bahnhof","47.95544699","16.30576090","","1","","",""
"Pat:43:4983","Teesdorf Bahnhof","47.94266122","16.28986970","","1","","",""
"Pat:43:4990","Theresienfeld Bahnhof","47.86049817","16.24403765","","1","","",""
"Pat:43:4995","Traiskirchen Aspangbahn","48.01783827","16.30331748","","1","","",""
"Pat:43:5005","Traismauer Bahnhof","48.34797526","15.74540081","","1","","",""
"Pat:43:5006","Trasdorf Bahnhof","48.31528365","15.87952826","","1","","",""
"Pat:43:5013","Trautmannsdorf/Leitha Bhf.","48.02407505","16.64230573","","1","","",""
"Pat:43:5023","Trumau Bahnhof","47.99263711","16.33222526","","1","","",""
"Pat:43:5034","Tulln Bahnhof","48.32732596","16.06436561","","1","","",""
"Pat:43:5057","Tulln Stadt Bahnhof","48.32843687","16.05399906","","1","","",""
"Pat:43:5068","Tullnerbach-Pressbaum Bahnhof","48.18608038","16.09327340","","1","","",""
"Pat:43:5070","Ulrichskirchen Bahnhof","48.40210261","16.48810992","","1","","",""
"Pat:43:5072","Untereggendorf Bahnhof","47.86122745","16.32130175","","1","","",""
"Pat:43:5090","Untersiebenbrunn Bahnhof","48.24798316","16.74855847","","1","","",""
"Pat:43:5094","Untertullnerbach Bahnhof","48.19127275","16.12724768","","1","","",""
"Pat:43:5138","Wagram-Grafenegg Bahnhof","48.43432133","15.77586268","","1","","",""
"Pat:43:5147","Wampersdorf Bahnhof","47.93153351","16.41730471","","1","","",""
"Pat:43:5189","Weikendorf-Dörfles Bahnhof","48.34962899","16.75914960","","1","","",""
"Pat:43:5195","Weissenbach-Neuhaus Bahnhof","47.98425002","16.04519557","","1","","",""
"Pat:43:5210","Wiener Neustadt Hauptbahnhof","47.81130545","16.23361720","","1","","",""
"Pat:43:5223","Wiener Neustadt Nord","47.83452675","16.23869268","","1","","",""
"Pat:43:5227","Wiener Neustadt Civitas Nova","47.83375489","16.25605711","","1","","",""
"Pat:43:5235","Wildungsmauer Bahnhof","48.10802981","16.80249332","","1","","",""
"Pat:43:5239","Wilfleinsdorf Bahnhof","48.02193612","16.71977644","","1","","",""
"Pat:43:5255","Wittmannsdorf Bahnhof","47.92030107","16.21926212","","1","","",""
"Pat:43:5271","Wolfsthal Bahnhof","48.13555465","17.00606054","","1","","",""
"Pat:43:5274","Wolkersdorf Bahnhof","48.37843233","16.51266986","","1","","",""
"Pat:43:5301","Zeiselmauer-Königstetten Bhf.","48.32660924","16.17521772","","1","","",""
"Pat:43:5303","Zellerndorf Bahnhof","48.69587847","15.96778774","","1","","",""
"Pat:43:5304","Ziersdorf Bahnhof","48.52842191","15.92114721","","1","","",""
"Pat:43:5323","Zöbing Bahnhof","48.49089312","15.69370276","","1","","",""
"Pat:43:5759","Tullnerfeld Bahnhof","48.29514106","15.99673146","","1","","",""
"Pat:43:6003","Wiener Neustadt Anemonensee","47.81187857","16.20989269","","1","","",""
"Pat:43:7032","Bad Erlach Bahnhof","47.73187655","16.21175220","","1","","",""
"Pat:43:7033","Brunn an der Pitten Bahnhof","47.72249840","16.18751566","","1","","",""
"Pat:43:7034","Pitten Bahnhof","47.71738564","16.17969133","","1","","",""
"Pat:43:7035","Sautern-Schiltern Bahnhof","47.70720695","16.15584106","","1","","",""
"Pat:43:7036","Seebenstein Bahnhof","47.70323528","16.14258193","","1","","",""
"Pat:43:7037","Gleißenfeld Bahnhof","47.67711261","16.12922398","","1","","",""
"Pat:43:7038","Scheiblingkirchen-Warth Bhf.","47.66227371","16.13102959","","1","","",""
"Pat:43:7039","Petersbaumgarten Bahnhof","47.63379395","16.13237706","","1","","",""
"Pat:43:7040","Edlitz-Grimmenstein Bahnhof","47.61696871","16.12789447","","1","","",""
"Pat:43:7041","Aspang Markt Bahnhof","47.56213865","16.09942686","","1","","",""
"Pat:43:7042","Ausschlag-Zöbern Bahnhof","47.53308272","16.08319430","","1","","",""
"Pat:43:7057","Lanzenkirchen Bahnhof","47.75057946","16.24218712","","1","","",""
"Pat:43:7091","Bad Fischau-Brunn Bahnhof","47.82677139","16.17318753","","1","","",""
"Pat:43:7092","Bad Fischau Bahnhof","47.83127037","16.17134598","","1","","",""
"Pat:43:7093","Feuerwerksanstalt Bahnhof","47.84908151","16.18952788","","1","","",""
"Pat:43:7094","Wöllersdorf Bahnhof","47.86129977","16.17853250","","1","","",""
"Pat:43:7096","Dreistetten Bahnhof","47.87241848","16.11049410","","1","","",""
"Pat:43:7097","Oberpiesting Bahnhof","47.87458168","16.09767514","","1","","",""
"Pat:43:7098","Wopfing Bahnhof","47.87364169","16.07704983","","1","","",""
"Pat:43:7099","Waldegg Bahnhof","47.86894753","16.05900267","","1","","",""
"Pat:43:7100","Oed/Piesting Bahnhof","47.87861258","16.02562128","","1","","",""
"Pat:43:7101","Miesenbach-Waidmannsfeld Bhf.","47.87739551","16.00481629","","1","","",""
"Pat:43:7102","Pernitz Ortmann Bahnhof","47.89329953","15.97951973","","1","","",""
"Pat:43:7104","Pernitz-Muggendorf Bahnhof","47.89584131","15.95802305","","1","","",""
"Pat:43:7105","Gutenstein Bahnhof","47.87660621","15.91037641","","1","","",""
"Pat:43:7106","Wöllersdorf Marchgraben Bf","47.86493395","16.16512964","","1","","",""
"Pat:43:7108","Waldegg-Dürnbach Bahnhof","47.86759765","16.05144784","","1","","",""
"Pat:43:7109","Markt Piesting Bahnhof","47.87472629","16.12466952","","1","","",""
"Pat:43:7110","Piesting Harzwerk","47.87646763","16.13586253","","1","","",""
"Pat:43:7112","Winzendorf Bahnhof","47.81139595","16.11176073","","1","","",""
"Pat:43:7113","Urschendorf Bahnhof","47.79742200","16.09002150","","1","","",""
"Pat:43:7114","Willendorf Bahnhof","47.78905152","16.05987404","","1","","",""
"Pat:43:7115","Unterhöflein Bahnhof","47.79069917","16.03297848","","1","","",""
"Pat:43:7116","Grünbach/Schneeberg Bahnhof","47.79792889","15.99703688","","1","","",""
"Pat:43:7117","Grünbach/Schneeberg Schule","47.80160372","15.98173857","","1","","",""
"Pat:43:7118","Grünbach/Schneeberg Kohlenwerk","47.79823665","15.97196490","","1","","",""
"Pat:43:7119","Rothengrub Bahnhof","47.78925672","16.05092682","","1","","",""
"Pat:43:7120","Puchberg am Schneeberg Bahnhof","47.79039740","15.91066387","","1","","",""
"Pat:43:7161","Hötzelsdorf-Geras Bahnhof","48.74233151","15.67049928","","1","","",""
"Pat:43:7162","Irnfritz Bahnhof","48.74849200","15.53974050","","1","","",""
"Pat:43:7163","Göpfritz an der Wild Bahnhof","48.72977718","15.39415953","","1","","",""
"Pat:43:7164","Allentsteig Bahnhof","48.71577947","15.33023541","","1","","",""
"Pat:43:7165","Schwarzenau Bahnhof","48.74579095","15.26708385","","1","","",""
"Pat:43:7166","Vitis Bahnhof","48.75308817","15.17336262","","1","","",""
"Pat:43:7167","Hirschbach bei Gmünd Bahnhof","48.74917908","15.12748565","","1","","",""
"Pat:43:7168","Pürbach-Schrems Bahnhof","48.76329185","15.08532772","","1","","",""
"Pat:43:7211","St. Pantaleon Bahnhof","48.22776016","14.52855190","","1","","",""
"Pat:43:7222","Prinzersdorf Bahnhof","48.20297909","15.52550221","","1","","",""
"Pat:43:7223","Markersdorf an der Pielach Bf.","48.19642267","15.49693578","","1","","",""
"Pat:43:7224","Groß Sierning Bahnhof","48.18810469","15.45793991","","1","","",""
"Pat:43:7225","Loosdorf/Melk Bahnhof","48.19479391","15.40497525","","1","","",""
"Pat:43:7226","Melk Bahnhof","48.22458838","15.33101695","","1","","",""
"Pat:43:7227","Pöchlarn Bahnhof","48.20810389","15.21649073","","1","","",""
"Pat:43:7228","Krummnußbaum Bahnhof","48.20797218","15.15888177","","1","","",""
"Pat:43:7229","Säusenstein Bahnhof","48.19252435","15.11384923","","1","","",""
"Pat:43:7230","Ybbs/Donau Bahnhof","48.15880435","15.09966483","","1","","",""
"Pat:43:7231","Neumarkt/Ybbs-Karlsbach Bf.","48.14226272","15.05096716","","1","","",""
"Pat:43:7233","Blindenmarkt Bahnhof","48.12506817","14.98009907","","1","","",""
"Pat:43:7234","Amstetten Bahnhof","48.12154221","14.87853554","","1","","",""
"Pat:43:7235","Mauer-Öhling Bahnhof","48.09462785","14.80015753","","1","","",""
"Pat:43:7236","Aschbach Bahnhof","48.06956029","14.75621195","","1","","",""
"Pat:43:7237","Krenstetten-Biberbach Bahnhof","48.05501947","14.69924978","","1","","",""
"Pat:43:7238","St. Peter-Seitenstetten Bhf.","48.05469523","14.64602459","","1","","",""
"Pat:43:7239","St. Johann-Weistrach Bahnhof","48.07518460","14.61293964","","1","","",""
"Pat:43:7241","Stadt Haag Bahnhof","48.11569507","14.56605657","","1","","",""
"Pat:43:7242","St. Valentin Bahnhof","48.17881498","14.52203912","","1","","",""
"Pat:43:7243","Ennsdorf Bahnhof","48.21656228","14.49594306","","1","","",""
"Pat:43:7370","St. Pölten Traisenpark/P+R Nord","48.22082387","15.64149268","","1","","",""
"Pat:43:7371","St. Pölten Alpenbahnhof-Kaiserwald","48.19826693","15.61289930","","1","","",""
"Pat:43:7372","St. Pölten Porschestraße","48.18326539","15.61706748","","1","","",""
"Pat:43:7376","St. Georgen am Steinfelde Bahnhof","48.13778478","15.61445339","","1","","",""
"Pat:43:7377","Wilhelmsburg/Traisen Bahnhof","48.11161067","15.60845264","","1","","",""
"Pat:43:7378","Kreisbach Bahnhof","48.10042939","15.60788670","","1","","",""
"Pat:43:7381","Traisen Bahnhof","48.05664066","15.61248608","","1","","",""
"Pat:43:7382","Traisen Markt Bahnhof","48.03960364","15.61146200","","1","","",""
"Pat:43:7383","Marktl Bahnhof","48.02162969","15.60057442","","1","","",""
"Pat:43:7384","Lilienfeld Bahnhof","48.01377614","15.59320823","","1","","",""
"Pat:43:7385","Lilienfeld Krankenhaus Bahnhof","48.00880621","15.57821535","","1","","",""
"Pat:43:7386","Schrambach Bahnhof","48.00149167","15.57468497","","1","","",""
"Pat:43:7399","Wiesenfeld-Schwarzenbach Bf.","48.05145268","15.64806834","","1","","",""
"Pat:43:7400","St. Veit an der Gölsen Bahnhof","48.04508709","15.67172997","","1","","",""
"Pat:43:7401","Rainfeld-Kleinzell Bahnhof","48.05069005","15.70753682","","1","","",""
"Pat:43:7402","Rohrbach an der Gölsen Bahnhof","48.04767546","15.74236450","","1","","",""
"Pat:43:7403","Hainfeld Bahnhof","48.03936339","15.76847853","","1","","",""
"Pat:43:7435","Erlauf Bahnhof","48.18393022","15.18217509","","1","","",""
"Pat:43:7442","Petzenkirchen Bahnhof","48.14358145","15.15714802","","1","","",""
"Pat:43:7443","Wieselburg Bahnhof","48.13202942","15.14216413","","1","","",""
"Pat:43:7444","Mühling Bahnhof","48.11119082","15.13563337","","1","","",""
"Pat:43:7445","Mühling-Plaika Bahnhof","48.10331492","15.13278571","","1","","",""
"Pat:43:7446","Schauboden Bahnhof","48.07919387","15.13698983","","1","","",""
"Pat:43:7447","Purgstall/Erlauf Bahnhof","48.05863405","15.13102502","","1","","",""
"Pat:43:7448","Sölling Bahnhof","48.03889489","15.14052919","","1","","",""
"Pat:43:7449","Saffen Bahnhof","48.02212839","15.15147966","","1","","",""
"Pat:43:7450","Scheibbs Bahnhof","48.00517612","15.16454116","","1","","",""
"Pat:43:7893","Greinsfurth Bahnhof","48.10874360","14.83937798","","1","","",""
"Pat:43:7894","Ulmerfeld-Hausmening Bahnhof","48.07472243","14.81571635","","1","","",""
"Pat:43:7895","Kröllendorf Bahnhof","48.04239649","14.78900046","","1","","",""
"Pat:43:7896","Hilm-Kematen Bahnhof","48.02264510","14.76216778","","1","","",""
"Pat:43:7897","Rosenau am Sonntagberg Bahnhof","48.01068727","14.74201857","","1","","",""
"Pat:43:7898","Sonntagberg Bahnhof","47.99256497","14.73810191","","1","","",""
"Pat:43:7899","Böhlerwerk an der Ybbs Bahnhof","47.98327595","14.75403802","","1","","",""
"Pat:43:7900","Waidhofen/Ybbs Bahnhof","47.96819953","14.76532086","","1","","",""
"Pat:43:7901","Waidhofen/Ybbs Stadt","47.95836472","14.76767445","","1","","",""
"Pat:43:8000","Furth-Göttweig Bahnhof","48.37318138","15.61571103","","1","","",""
"Pat:43:8001","Furth-Palt Bahnhof","48.38432110","15.60638652","","1","","",""
"Pat:43:8002","Getzersdorf/Traisen Bahnhof","48.32415438","15.71526233","","1","","",""
"Pat:43:8003","Herzogenburg Bahnhof","48.27638356","15.69650550","","1","","",""
"Pat:43:8004","Herzogenburg Stadt","48.28432257","15.70017961","","1","","",""
"Pat:43:8005","Herzogenburg-Wielandsthal","48.28504586","15.69063052","","1","","",""
"Pat:43:8008","Oberradlberg Bahnhof","48.24070859","15.67051724","","1","","",""
"Pat:43:8009","Paudorf Bahnhof","48.35145580","15.61591764","","1","","",""
"Pat:43:8010","Statzendorf Bahnhof","48.30917777","15.63262630","","1","","",""
"Pat:43:8011","Unterradlberg Bahnhof","48.25478419","15.68633658","","1","","",""
"Pat:43:8012","Viehofen Bahnhof","48.23112922","15.65344027","","1","","",""
"Pat:43:8022","Brunn an der Schneebergbahn Bhf.","47.82564357","16.15744006","","1","","",""
"Pat:43:8059","Pernitz Wipfelhofstraße/Bf.","47.89570278","15.96833571","","1","","",""
"Pat:43:8068","Pfennigbach Bahnhof","47.79582887","15.92387809","","1","","",""
"Pat:43:8074","Pernitz Raimundviertel Bahnhof","47.89204666","15.94623715","","1","","",""
"Pat:43:8240","Herzograd Bahnhof","48.16136902","14.50350687","","1","","",""
"Pat:43:8241","Ernsthofen Bahnhof","48.12664517","14.47989017","","1","","",""
"Pat:43:8242","Dorf an der Enns Bahnhof","48.09115981","14.47294619","","1","","",""
"Pat:43:8243","Ramingdorf-Haidershofen Bf.","48.06791550","14.45965112","","1","","",""
"Pat:43:8757","St. Egyden/Stfd Bahnhof","47.76102745","16.14675909","","1","","",""
"Pat:43:8758","Neunkirchen Bahnhof","47.73161070","16.08511670","","1","","",""
"Pat:43:8759","Ternitz Bahnhof","47.71375321","16.03338272","","1","","",""
"Pat:43:8760","Pottschach Bahnhof","47.69689931","16.00596614","","1","","",""
"Pat:43:8761","Gloggnitz Bahnhof","47.67758439","15.94597664","","1","","",""
"Pat:43:8762","Schlöglmühl Bahnhof","47.68263453","15.91353848","","1","","",""
"Pat:43:8763","Payerbach-Reichenau Bahnhof","47.69605890","15.86320587","","1","","",""
"Pat:43:8765","Eichberg am Semmering Bahnhof","47.67217081","15.91130167","","1","","",""
"Pat:43:8766","Klamm-Schottwien Bahnhof","47.66520190","15.87275496","","1","","",""
"Pat:43:8767","Breitenstein Bahnhof","47.66009561","15.82065268","","1","","",""
"Pat:43:8768","Wolfsbergkogel Bahnhof","47.64962737","15.82711156","","1","","",""
"Pat:43:8769","Semmering Bahnhof","47.63915098","15.83073177","","1","","",""
"Pat:43:99980","TP Gmünd Lainsitzbrücke Schiene","48.76572550","14.96535771","","1","","",""
"Pat:43:99985","Kittsee Tarifpunkt A6/Staatsgrenze","48.10303298","17.08375583","","1","","",""
"Pat:43:99986","Marchegg Tarifpunkt","48.24140857","16.94602613","","1","","",""
"Pat:43:99987","TP Unterretzbach(Gr)","48.77362961","16.01448217","","1","","",""
"Pat:44:40156","Neumarkt-Kallham Bahnhof","48.27169012","13.72473041","","1","","",""
"Pat:44:40179","Lengau Bahnhst","48.00857183","13.21981433","","1","","",""
"Pat:44:40222","Perg Schulzentrum Bahnhst","48.24235981","14.64012266","","1","","",""
"Pat:44:41027","Linz/Donau Pichling Bahnhst","48.24261108","14.38004242","","1","","",""
"Pat:44:41060","Linz/Donau Franckstraße Bahnhof","48.28590065","14.32369110","","1","","",""
"Pat:44:41072","Leonding Westbahn Bahnhof","48.27402793","14.25408964","","1","","",""
"Pat:44:41121","Linz/Donau Ebelsberg Bahnhof","48.25201484","14.34733476","","1","","",""
"Pat:44:41164","Linz/Donau Hauptbahnhof","48.29067647","14.29117209","","1","","",""
"Pat:44:41224","Linz/Donau Oed Bahnhst","48.26452656","14.27657447","","1","","",""
"Pat:44:41272","Linz/Donau Urfahr Bahnhof","48.31189026","14.27972755","","1","","",""
"Pat:44:41298","Linz/Donau Wegscheid Bahnhof","48.24962219","14.27605344","","1","","",""
"Pat:44:41500","Pasching b.Linz Bahnhst","48.25722444","14.20886844","","1","","",""
"Pat:44:41501","Hörsching Bahnhst","48.24566211","14.18660819","","1","","",""
"Pat:44:41570","Oftering Bahnhst","48.22758063","14.15107982","","1","","",""
"Pat:44:41600","Traun OÖ Bahnhof","48.22606059","14.25430523","","1","","",""
"Pat:44:41601","Traun OÖ St.Martin Bahnhst","48.23652644","14.26445619","","1","","",""
"Pat:44:41602","Ansfelden Bahnhof","48.20903181","14.26110548","","1","","",""
"Pat:44:41740","Nettingsdorf Bahnhof","48.18951207","14.25815900","","1","","",""
"Pat:44:41760","Nöstlbach-St.Marien Bahnhst","48.16401745","14.24644497","","1","","",""
"Pat:44:41761","Neuhofen/Krems Bahnhof","48.13601028","14.23821640","","1","","",""
"Pat:44:41770","Kematen/Krems-Piberbach Bahnhof","48.11312212","14.20290363","","1","","",""
"Pat:44:41900","Asten-Fisching Bahnhst","48.22711385","14.42769805","","1","","",""
"Pat:44:41910","Enns Bahnhof","48.22098547","14.46669391","","1","","",""
"Pat:44:42107","Wels Hauptbahnhof","48.16570111","14.02671705","","1","","",""
"Pat:44:42146","Wels Lokalbahn Bahnhof","48.15644330","14.01768899","","1","","",""
"Pat:44:42268","Wels Messe Bahnhof","48.15249998","14.01962935","","1","","",""
"Pat:44:42300","Marchtrenk Bahnhof","48.20114697","14.09932788","","1","","",""
"Pat:44:42390","Kremsmünster Bahnhof","48.05307998","14.14005749","","1","","",""
"Pat:44:42410","Schauersberg Bahnhst","48.13584242","14.00870583","","1","","",""
"Pat:44:42411","Steinhaus b.Wels Bahnhst","48.11925741","14.01767102","","1","","",""
"Pat:44:42412","Oberhart b.Steinhaus Bahnhst","48.10388481","14.03932042","","1","","",""
"Pat:44:42430","Unterhart b.Sattledt Bahnhst","48.08935969","14.04277893","","1","","",""
"Pat:44:42431","Sattledt Bahnhof","48.07397215","14.05782571","","1","","",""
"Pat:44:42451","Großendorf Bahnhst","48.03883483","14.05567874","","1","","",""
"Pat:44:42452","Ried im Traunkreis Wiesmühle Bahnhst","48.02203225","14.04382996","","1","","",""
"Pat:44:42453","Voitsdorf Bahnhst","48.01224375","14.04716271","","1","","",""
"Pat:44:42750","Gunskirchen Bahnhof","48.13273688","13.94589563","","1","","",""
"Pat:44:42790","Lambach OÖ Bahnhof","48.09381186","13.88860108","","1","","",""
"Pat:44:42791","Lambach OÖ Markt Bahnhst","48.09426185","13.87027545","","1","","",""
"Pat:44:42850","Neukirchen b.Lambach Bahnhst","48.09514983","13.83197128","","1","","",""
"Pat:44:42940","Haiding Bahnhof","48.20949875","13.97504596","","1","","",""
"Pat:44:43005","Steyr Bahnhof","48.03866064","14.42331427","","1","","",""
"Pat:44:43133","Steyr-Münichholz Bahnhst","48.04803578","14.44950914","","1","","",""
"Pat:44:43450","Rohr-Bad Hall Bahnhof","48.06935019","14.19139621","","1","","",""
"Pat:44:43500","Kirchdorf/Krems Bahnhof","47.90663345","14.11652163","","1","","",""
"Pat:44:43510","Micheldorf in OÖ Bahnhof","47.88321550","14.12650192","","1","","",""
"Pat:44:43520","Schlierbach/Krems Bahnhof","47.93663727","14.11108683","","1","","",""
"Pat:44:43521","Schlierbach/Krems Abzw Bahnhof","47.93659514","14.11721334","","1","","",""
"Pat:44:43530","Nußbach Bahnhst","47.97195251","14.12325001","","1","","",""
"Pat:44:43540","Wartberg/Krems Bahnhof","47.98931250","14.12126474","","1","","",""
"Pat:44:43589","Klaus an der Pyhrnbahn Bahnhof","47.83298301","14.15536479","","1","","",""
"Pat:44:43620","Hinterstoder Bahnhof","47.77452822","14.17885573","","1","","",""
"Pat:44:43640","Roßleithen Bahnhst","47.72419651","14.30896772","","1","","",""
"Pat:44:43649","Windischgarsten Bahnhof","47.71546973","14.32735623","","1","","",""
"Pat:44:43660","Spital am Pyhrn Bahnhof","47.67309025","14.34728086","","1","","",""
"Pat:44:43790","Steinbachbrücke Bahnhst","47.93230392","13.99328176","","1","","",""
"Pat:44:43835","Pettenbach OÖ Bahnhof","47.96211239","14.01205655","","1","","",""
"Pat:44:43860","Wilfling Bahnhst","47.98062422","14.02899878","","1","","",""
"Pat:44:43900","Garsten Bahnhof","48.02348024","14.40725239","","1","","",""
"Pat:44:43934","Lahrndorf b.Garsten Bahnhof","47.99464500","14.37336794","","1","","",""
"Pat:44:43940","Dürnbach/Enns Bahnhst","47.97843538","14.35389246","","1","","",""
"Pat:44:43941","Ternberg Bahnhof","47.94926208","14.35515909","","1","","",""
"Pat:44:43950","Trattenbach/Enns Bahnhst","47.93007091","14.35492553","","1","","",""
"Pat:44:43960","Losenstein Bahnhst","47.92411773","14.43120148","","1","","",""
"Pat:44:43981","Reichraming Bahnhof","47.89158285","14.47282941","","1","","",""
"Pat:44:44000","Puchenau Bahnhst","48.31157958","14.23835115","","1","","",""
"Pat:44:44001","Puchenau West Bahnhst","48.31253550","14.22305284","","1","","",""
"Pat:44:44002","Dürnberg b.Ottensheim Bahnhof","48.33156041","14.19224961","","1","","",""
"Pat:44:44003","Ottensheim Bahnhof","48.33773526","14.17678961","","1","","",""
"Pat:44:44009","Achleitnersiedlung Bahnhst","48.32142463","14.20596689","","1","","",""
"Pat:44:44020","Walding b.Linz Bahnhst","48.34835736","14.15348731","","1","","",""
"Pat:44:44040","Rottenegg Bahnhof","48.36024264","14.13729967","","1","","",""
"Pat:44:44050","Lacken im Mühlkreis Bahnhst","48.38560974","14.09130592","","1","","",""
"Pat:44:44052","Gerling OÖ Bahnhst","48.39730144","14.07691491","","1","","",""
"Pat:44:44350","Steyregg Bahnhof","48.28466329","14.36214798","","1","","",""
"Pat:44:44351","Pulgarn Bahnhst","48.27839832","14.39377766","","1","","",""
"Pat:44:44360","St.Georgen/Gusen Bahnhof","48.26500496","14.44051701","","1","","",""
"Pat:44:44361","St.Georgen/Gusen Ort Bahnhst","48.27115199","14.45101831","","1","","",""
"Pat:44:44410","Mauthausen OÖ Bahnhof","48.24276663","14.53237873","","1","","",""
"Pat:44:44450","Lungitz/Gusen Bahnhof","48.28881162","14.47823727","","1","","",""
"Pat:44:44470","Katsdorf Bahnhst","48.31208741","14.48994231","","1","","",""
"Pat:44:44471","Gaisbach-Wartberg Bahnhof","48.33047943","14.50605809","","1","","",""
"Pat:44:44472","Schloss Haus Bahnhst","48.34154490","14.50561792","","1","","",""
"Pat:44:44500","Perg Bahnhof","48.24745076","14.62781574","","1","","",""
"Pat:44:44550","Aisthofen Bahnhst","48.25694334","14.59021227","","1","","",""
"Pat:44:44551","Schwertberg Bahnhof","48.26867653","14.57984571","","1","","",""
"Pat:44:44850","Arbing Bahnhof","48.22737716","14.70056132","","1","","",""
"Pat:44:44870","Dornach b.Grein Bahnhst","48.19200934","14.81983962","","1","","",""
"Pat:44:44880","Grein-Bad Kreuzen Bahnhof","48.22088970","14.85130760","","1","","",""
"Pat:44:44881","Grein Stadt Bahnhof","48.22997431","14.85569138","","1","","",""
"Pat:44:44886","Grein Schiffstation (Donaulände)","48.22730535","14.85638308","","1","","",""
"Pat:44:44900","St.Nikola-Struden Bahnhst","48.23337314","14.90930284","","1","","",""
"Pat:44:44960","Baumgartenberg Bahnhst","48.20890010","14.74725574","","1","","",""
"Pat:44:44961","Saxen Bahnhof","48.20554155","14.78950351","","1","","",""
"Pat:44:45000","Freistadt Bahnhof","48.49542947","14.48152510","","1","","",""
"Pat:44:45090","Pregarten Bahnhof","48.35577181","14.52256014","","1","","",""
"Pat:44:45260","Summerau Bahnhof","48.55707646","14.44891625","","1","","",""
"Pat:44:45450","Kefermarkt Bahnhof","48.43702716","14.53837049","","1","","",""
"Pat:44:45500","Rohrbach-Berg Bahnhof","48.58166789","13.98729000","","1","","",""
"Pat:44:45530","Oepping Bahnhst","48.59977242","13.96043037","","1","","",""
"Pat:44:45550","Haslach/Mühl Bahnhst","48.55399054","14.03107388","","1","","",""
"Pat:44:45680","Iglmühle Bahnhst","48.52047332","14.03649072","","1","","",""
"Pat:44:45750","Neufelden Bahnhof","48.48389134","14.00531918","","1","","",""
"Pat:44:45765","Kleinzell im Mühlkreis Bahnhst","48.45839454","14.03142423","","1","","",""
"Pat:44:45780","Neuhaus-Niederwaldkirchen Bahnhst","48.44188417","14.05137581","","1","","",""
"Pat:44:46009","Pinsdorf Bahnhst","47.93312849","13.76610681","","1","","",""
"Pat:44:46010","Gmunden Bahnhof","47.92601993","13.78387548","","1","","",""
"Pat:44:46011","Altmünster/Traunsee Bahnhof","47.89137203","13.75843519","","1","","",""
"Pat:44:46320","Viechtwang Bahnhst","47.91547266","13.97105744","","1","","",""
"Pat:44:46321","Scharnstein-Mühldorf Bahnhof","47.90051497","13.95852594","","1","","",""
"Pat:44:46322","Kothmühle Bahnhst","47.88670357","13.94067642","","1","","",""
"Pat:44:46323","Traxenbichl Bahnhst","47.87722078","13.93845758","","1","","",""
"Pat:44:46340","Grünau im Almtal Bahnhof","47.85354841","13.95159993","","1","","",""
"Pat:44:46406","Traunkirchen Bahnhof","47.85532060","13.77692252","","1","","",""
"Pat:44:46430","Traunkirchen Ort Bahnhof","47.84261256","13.78701060","","1","","",""
"Pat:44:46440","Ebensee Landungsplatz Bahnhst","47.81237929","13.77466775","","1","","",""
"Pat:44:46441","Ebensee Bahnhof","47.80448788","13.77129009","","1","","",""
"Pat:44:46470","Steinkogel Bahnhst","47.78725292","13.74161873","","1","","",""
"Pat:44:46500","Bad Ischl Bahnhof","47.71201850","13.62719133","","1","","",""
"Pat:44:46534","Lauffen b.Bad Ischl Bahnhst","47.67438470","13.61632172","","1","","",""
"Pat:44:46570","Bad Goisern Jodschwefelbad Bahnhst","47.65851038","13.60900045","","1","","",""
"Pat:44:46571","Bad Goisern Bahnhof","47.63975625","13.61327643","","1","","",""
"Pat:44:46580","Steeg-Gosau Bahnhof","47.61629050","13.63167393","","1","","",""
"Pat:44:46630","Obersee OÖ Bahnhst","47.59140869","13.66580991","","1","","",""
"Pat:44:46631","Hallstatt Bahnhst","47.56764849","13.66185732","","1","","",""
"Pat:44:46640","Obertraun-Dachsteinhöhlen Bahnhof","47.55766489","13.68377621","","1","","",""
"Pat:44:46641","Obertraun Koppenbrüllerhöhle Bahnhst","47.56441782","13.72061612","","1","","",""
"Pat:44:46790","Aurachkirchen Bahnhof","47.96823562","13.74562522","","1","","",""
"Pat:44:46900","Oberland OÖ Bahnhof","47.90233373","14.74503691","","1","","",""
"Pat:44:46910","Großraming Bahnhof","47.88221543","14.55072233","","1","","",""
"Pat:44:46930","Küpfern Bahnhst","47.85843082","14.61075674","","1","","",""
"Pat:44:46940","Kastenreith Bahnhst","47.85069712","14.63825417","","1","","",""
"Pat:44:46942","Weyer/Enns Bahnhof","47.86160112","14.66742246","","1","","",""
"Pat:44:46950","Kleinreifling Bahnhof","47.82403322","14.64244930","","1","","",""
"Pat:44:46960","Gaflenz Bahnhst","47.89379344","14.72362107","","1","","",""
"Pat:44:47000","Vöcklabruck Bahnhof","48.00985192","13.66377073","","1","","",""
"Pat:44:47060","Oberthalheim-Timelkam Bahnhst","48.00194248","13.62376875","","1","","",""
"Pat:44:47063","Oberthalheim Straß","48.00292221","13.63005696","","1","","",""
"Pat:44:47120","Ottnang-Wolfsegg Bahnhof","48.09197584","13.66474091","","1","","",""
"Pat:44:47130","Bergern am Hausruck Bahnhst","48.10084934","13.63122477","","1","","",""
"Pat:44:47150","Schwanenstadt Bahnhof","48.05414881","13.76856819","","1","","",""
"Pat:44:47151","Breitenschützing Bahnhof","48.07870773","13.80064703","","1","","",""
"Pat:44:47200","Attnang-Puchheim Bahnhof","48.01239999","13.72098443","","1","","",""
"Pat:44:47230","Lehen-Altensam Bahnhst","48.03530296","13.70118556","","1","","",""
"Pat:44:47250","Wankham b.Attnang Bahnhst","47.99813157","13.73024606","","1","","",""
"Pat:44:47270","Lenzing OÖ Bahnhof","47.98305348","13.61352796","","1","","",""
"Pat:44:47271","Lenzing OÖ Ort Bahnhst","47.97148340","13.60641330","","1","","",""
"Pat:44:47300","Siebenmühlen-Rosenau Bahnhst","47.95960395","13.60579346","","1","","",""
"Pat:44:47301","Kammer-Schörfling Bahnhst","47.94852201","13.59588504","","1","","",""
"Pat:44:47302","Siebenmühlen-Rosenau Bahnhst (B151)","47.95920090","13.60656601","","1","","",""
"Pat:44:47455","Nußbach Abzw Bahnhst","47.97304708","14.12969992","","1","","",""
"Pat:44:47510","Grieskirchen-Gallspach Bahnhof","48.23126087","13.83894221","","1","","",""
"Pat:44:47511","Schlüßlberg Bahnhof","48.22381036","13.86830814","","1","","",""
"Pat:44:47650","Obertrattnach-Markt Hofkirchen Bahnhst","48.24615265","13.76664580","","1","","",""
"Pat:44:47750","Bad Schallerbach-Wallern Bahnhof","48.22884331","13.92253045","","1","","",""
"Pat:44:47795","Kimpling Bahnhst","48.26658963","13.66938520","","1","","",""
"Pat:44:47800","Timelkam Bahnhof","48.00780255","13.59583115","","1","","",""
"Pat:44:47840","Neukirchen-Gampern Bahnhst","48.02035590","13.54901095","","1","","",""
"Pat:44:47841","Redl-Zipf Bahnhst","48.02609974","13.51491090","","1","","",""
"Pat:44:47860","Vöcklamarkt Bahnhof","47.99813758","13.48927299","","1","","",""
"Pat:44:47870","Frankenmarkt Bahnhof","47.98309557","13.43194250","","1","","",""
"Pat:44:47880","Pöndorf Bahnhof","47.98676930","13.35561266","","1","","",""
"Pat:44:47901","Oberhofen-Zell am Moos Bahnhst","47.95881589","13.30161492","","1","","",""
"Pat:44:47906","Attnang-Puchheim Bahnhof (Obergeschoss/B1)","48.01215361","13.72108325","","1","","",""
"Pat:44:47980","Wolfshütte Bahnhst","48.05308599","13.68143161","","1","","",""
"Pat:44:48000","Ried im Innkreis Bahnhof","48.20064402","13.48827586","","1","","",""
"Pat:44:48050","Bad Ried Bahnhst","48.21220456","13.47764879","","1","","",""
"Pat:44:48060","Oberbrunn im Innkreis Bahnhst","48.17105729","13.51297953","","1","","",""
"Pat:44:48080","Neuratting Bahnhst","48.22722157","13.37389337","","1","","",""
"Pat:44:48081","Gurten OÖ Bahnhst","48.24332899","13.33521192","","1","","",""
"Pat:44:48101","Aurolzmünster Bahnhst","48.24897615","13.45806551","","1","","",""
"Pat:44:48140","St.Martin im Innkreis Bahnhof","48.28852472","13.43398168","","1","","",""
"Pat:44:48141","Hart im Innkreis Bahnhst","48.31600650","13.41534164","","1","","",""
"Pat:44:48170","Kumpfmühl Bahnhof","48.26951963","13.62025634","","1","","",""
"Pat:44:48171","Riedau Bahnhof","48.30473234","13.62678709","","1","","",""
"Pat:44:48190","Peterskirchen Bahnhof","48.23398347","13.54908282","","1","","",""
"Pat:44:48201","Pram-Haag Bahnhof","48.23167974","13.61691460","","1","","",""
"Pat:44:48210","Wendling b.Haag Bahnhof","48.24611676","13.64983786","","1","","",""
"Pat:44:48300","Eberschwang Bahnhof","48.15164296","13.53663217","","1","","",""
"Pat:44:48310","Hausruck Bahnhof","48.12969112","13.57153172","","1","","",""
"Pat:44:48315","Schalchen-Mattighofen Bahnhst","48.09555782","13.16320250","","1","","",""
"Pat:44:48320","Holzleithen am Hausruck Bahnhst","48.11348798","13.60650313","","1","","",""
"Pat:44:48500","Schärding Bahnhof","48.46372604","13.44209347","","1","","",""
"Pat:44:48530","Wernstein/Inn Bahnhof","48.50646505","13.45758941","","1","","",""
"Pat:44:48531","Gopperding Bahnhst","48.44082937","13.45840687","","1","","",""
"Pat:44:48790","Taufkirchen/Pram Bahnhof","48.40699874","13.52279811","","1","","",""
"Pat:44:48800","Andorf Bahnhof","48.36945765","13.56602504","","1","","",""
"Pat:44:48880","Zell/Pram Bahnhof","48.31732077","13.62401130","","1","","",""
"Pat:44:48900","Suben Bahnhof","48.40345639","13.43345167","","1","","",""
"Pat:44:48920","Dietrichshofen Bahnhst","48.37008426","13.42207900","","1","","",""
"Pat:44:48930","Antiesenhofen Bahnhof","48.34734241","13.40185793","","1","","",""
"Pat:44:49000","Braunau/Inn Bahnhof","48.25902465","13.04774204","","1","","",""
"Pat:44:49100","Hagenau im Innkreis Bahnhst","48.26518436","13.11401974","","1","","",""
"Pat:44:49110","Mining Bahnhof","48.27141508","13.17091005","","1","","",""
"Pat:44:49120","Mühlheim/Inn Bahnhst","48.26965118","13.22082045","","1","","",""
"Pat:44:49130","Obernberg-Altheim Bahnhof","48.27032087","13.25920546","","1","","",""
"Pat:44:49131","Geinberg Bahnhst","48.26632652","13.29106870","","1","","",""
"Pat:44:49190","St.Georgen/Mattig Bahnhof","48.21627497","13.09882923","","1","","",""
"Pat:44:49210","Mauerkirchen Bahnhof","48.19172189","13.12903957","","1","","",""
"Pat:44:49220","Uttendorf-Helpfau Bahnhst","48.16076382","13.13329759","","1","","",""
"Pat:44:49320","Achenlohe Bahnhst","48.04586181","13.19770679","","1","","",""
"Pat:44:49322","Achenlohe Lichteneck","48.04892455","13.20525264","","1","","",""
"Pat:44:49330","Teichstätt Bahnhof","48.01988723","13.21303205","","1","","",""
"Pat:44:49331","Friedburg Bahnhof","47.99709764","13.23442094","","1","","",""
"Pat:44:49650","Mattighofen Bahnhof","48.10870761","13.15210831","","1","","",""
"Pat:44:49655","Mattighofen B147/Abzw Wasseracker","48.09702774","13.15571055","","1","","",""
"Pat:44:49666","Munderfing Bahnhof","48.07302378","13.18013575","","1","","",""
"Pat:44:49759","Lasberg-St.Oswald Bahnhst","48.46093228","14.52191335","","1","","",""
"Pat:44:49841","Schlägl Bahnhst","48.63669221","13.97530647","","1","","",""
"Pat:44:49844","Aigen-Schlägl Bahnhof","48.64246794","13.97529749","","1","","",""
"Pat:44:99981","TP Summerau(Gr)","48.59311841","14.43363591","","1","","",""
"Pat:45:50002","Salzburg Hauptbahnhof","47.81306099","13.04512794","","1","","",""
"Pat:45:50034","Salzburg Liefering S-Bahn","47.82397894","13.00084100","","1","","",""
"Pat:45:50209","Wallersee S-Bahn","47.91936794","13.15928585","","1","","",""
"Pat:45:50210","Köstendorf Weng S-Bahn","47.93668541","13.17533874","","1","","",""
"Pat:45:50230","Eugendorf S-Bahn","47.87352721","13.11705605","","1","","",""
"Pat:45:50253","Salzburg Kasern S-Bahn","47.83910947","13.06525919","","1","","",""
"Pat:45:50254","Hallwang-Elixhausen S-Bahn","47.85784013","13.09145406","","1","","",""
"Pat:45:50273","Neumarkt Bahnhof","47.95521237","13.22559948","","1","","",""
"Pat:45:50281","Steindorf Bahnhof","47.96671390","13.23851726","","1","","",""
"Pat:45:50290","Straßwalchen Bahnhof","47.97218105","13.26470315","","1","","",""
"Pat:45:50456","Salzburg Parsch S-Bahn","47.79841164","13.07334403","","1","","",""
"Pat:45:50457","Salzburg Aigen S-Bahn","47.78864714","13.07837459","","1","","",""
"Pat:45:50458","Salzburg-Süd S-Bahn","47.76996999","13.07844646","","1","","",""
"Pat:45:50470","Elsbethen S-Bahn","47.76081006","13.08038682","","1","","",""
"Pat:45:50475","Puch S-Bahn","47.71294933","13.09077134","","1","","",""
"Pat:45:50489","Oberalm S-Bahn","47.69968651","13.09318781","","1","","",""
"Pat:45:50494","Hallein Bahnhof","47.68493264","13.09930534","","1","","",""
"Pat:45:50500","Hallein Burgfried S-Bahn","47.67611461","13.11430720","","1","","",""
"Pat:45:50578","Kuchl Garnei S-Bahn","47.65187852","13.12830296","","1","","",""
"Pat:45:50580","Kuchl S-Bahn","47.62566959","13.14161599","","1","","",""
"Pat:45:50591","Golling-Abtenau Bahnhof","47.60084676","13.16443320","","1","","",""
"Pat:45:50861","Salzburg Sam S-Bahn","47.81964822","13.06324696","","1","","",""
"Pat:45:51023","Salzburg Mülln-Altstadt S-Bahn","47.80844580","13.03453681","","1","","",""
"Pat:45:51024","Salzburg Aiglhof S-Bahn","47.80786661","13.02678435","","1","","",""
"Pat:45:52099","Bischofshofen Bahnhof","47.41779812","13.21963467","","1","","",""
"Pat:45:52106","Pöham Bahnhof","47.43085296","13.25377963","","1","","",""
"Pat:45:52114","Radstadt Bahnhof","47.38447781","13.46804580","","1","","",""
"Pat:45:52183","Altenmarkt Bahnhof","47.38206309","13.42923858","","1","","",""
"Pat:45:52191","Lend Bahnhof","47.29766717","13.05434466","","1","","",""
"Pat:45:52192","Mitterberghütten Bahnhof","47.39527882","13.22206910","","1","","",""
"Pat:45:52197","Schwarzach-St.Veit Bahnhof","47.31873008","13.15460563","","1","","",""
"Pat:45:52199","Dorfgastein Bahnhof","47.23875859","13.10328487","","1","","",""
"Pat:45:52201","Bad Hofgastein Bahnhof","47.19527272","13.10080552","","1","","",""
"Pat:45:52204","Bad Gastein Bahnhof","47.11183174","13.13230944","","1","","",""
"Pat:45:52205","Böckstein Bahnhof","47.08077140","13.13063858","","1","","",""
"Pat:45:52210","Tenneck Bahnhof","47.49461586","13.17877929","","1","","",""
"Pat:45:52343","Eben Bahnhof","47.40645455","13.39642312","","1","","",""
"Pat:45:52385","St.Johann Bahnhof","47.34832456","13.19531728","","1","","",""
"Pat:45:52418","Mandling Bahnhof","47.40433268","13.56829778","","1","","",""
"Pat:45:52428","Pfarrwerfen Bahnhof","47.46161748","13.19980885","","1","","",""
"Pat:45:52434","Werfen Bahnhof","47.47300988","13.19499388","","1","","",""
"Pat:45:52495","Niedernfritz-St.Martin Bahnhof","47.42136603","13.34470711","","1","","",""
"Pat:45:52600","Hüttau Bahnhof","47.41447919","13.30874755","","1","","",""
"Pat:45:54001","Saalfelden Bahnhof","47.42687850","12.83013415","","1","","",""
"Pat:45:54104","Zell am See Bahnhof","47.32069706","12.79660004","","1","","",""
"Pat:45:54179","Bruck-Fusch Bahnhof","47.28471339","12.82814887","","1","","",""
"Pat:45:54180","Taxenbach-Rauris Bahnhof","47.29292107","12.94711276","","1","","",""
"Pat:45:54252","Leogang-Steinberge Bahnhof","47.44487054","12.76837497","","1","","",""
"Pat:45:54253","Maishofen-Saalbach Bahnhof","47.35869484","12.80991307","","1","","",""
"Pat:45:54276","Leogang Bahnhof","47.44319981","12.74036550","","1","","",""
"Pat:45:56183","Seekirchen Bahnhof","47.89903944","13.12926415","","1","","",""
"Pat:45:56199","Bad Vigaun S-Bahn","47.66417342","13.12411681","","1","","",""
"Pat:45:56408","Seekirchen Stadt S-Bahn","47.89120337","13.12007439","","1","","",""
"Pat:45:56483","Straßwalchen West","47.97660727","13.24536242","","1","","",""
"Pat:45:56533","Salzburg Gnigl S-Bahn","47.81173379","13.06640005","","1","","",""
"Pat:45:56656","Puch Urstein (FH)","47.72410586","13.08815725","","1","","",""
"Pat:45:56702","Salzburg Taxham Europark S-Bahn","47.81627026","13.01027331","","1","","",""
"Pat:45:56900","Gries Bahnhof","47.28824766","12.89138128","","1","","",""
"Pat:45:99978","Walserberg TP Staatsgrenze","47.76706579","12.92061246","","1","","",""
"Pat:46:1034","Studenzen-Fladnitz Bahnhof","46.99874361","15.77464995","","1","","",""
"Pat:46:1745","Pernegg Bahnhof","47.35924251","15.34286573","","1","","",""
"Pat:46:1746","Flughafen Graz-Feldkirchen Bahnhof","46.99781848","15.44954965","","1","","",""
"Pat:46:1747","Werndorf Bahnhof","46.91668174","15.47715488","","1","","",""
"Pat:46:1748","Wildon Bahnhof","46.88394823","15.52081300","","1","","",""
"Pat:46:1749","Lebring Bahnhof","46.85553190","15.53215872","","1","","",""
"Pat:46:1751","Lichendorf Bahnhof","46.71381584","15.69861655","","1","","",""
"Pat:46:1752","Weitersfeld an der Mur Bahnhof","46.71450567","15.72156850","","1","","",""
"Pat:46:1753","Mureck Bahnhof","46.71115499","15.77097584","","1","","",""
"Pat:46:1756","Purkla Bahnhof","46.73171777","15.90347735","","1","","",""
"Pat:46:1757","Halbenrain Bahnhof","46.72368819","15.94880634","","1","","",""
"Pat:46:1758","Judendorf-Straßengel Bahnhof","47.11836684","15.34386286","","1","","",""
"Pat:46:1759","Stübing Bahnhof","47.17757407","15.32221346","","1","","",""
"Pat:46:1760","Peggau-Deutschfeistritz Bahnhof","47.20718042","15.34355743","","1","","",""
"Pat:46:1761","Laßnitzhöhe Bahnhof","47.07878938","15.58844716","","1","","",""
"Pat:46:1762","Takern-St.Margarethen Bahnhof","47.04520008","15.75787840","","1","","",""
"Pat:46:1764","Rohr/Raab Bahnhof","46.97626637","15.81214563","","1","","",""
"Pat:46:1765","Gniebing Bahnhof","46.96190982","15.85291118","","1","","",""
"Pat:46:1766","Lödersdorf Bahnhof","46.95471783","15.94647970","","1","","",""
"Pat:46:1767","Hohenbrugg an der Raab Bahnhof","46.94440948","16.06003573","","1","","",""
"Pat:46:1768","Hatzendorf Bahnhof","46.97924509","16.00326221","","1","","",""
"Pat:46:1770","Söchau Bahnhof","47.02872509","16.01409589","","1","","",""
"Pat:46:1771","Übersbach Bahnhof","47.02677788","16.05367566","","1","","",""
"Pat:46:1772","Bierbaum/Safen Bahnhof","47.09789688","16.07409437","","1","","",""
"Pat:46:1774","Bad Waltersdorf Bahnhof","47.17012410","16.01360182","","1","","",""
"Pat:46:1775","Sebersdorf Bahnhof","47.18886916","15.99881555","","1","","",""
"Pat:46:1794","Kalsdorf Bahnhof","46.96442954","15.47024683","","1","","",""
"Pat:46:1827","Leibnitz Bahnhof","46.78014694","15.54699889","","1","","",""
"Pat:46:1839","Spielfeld-Straß Bahnhof","46.70975676","15.62917677","","1","","",""
"Pat:46:1851","Lichendorf Ortsmitte","46.71132130","15.69664025","","1","","",""
"Pat:46:1852","Weitersfeld/Mur Dornhof","46.71335390","15.72107443","","1","","",""
"Pat:46:1858","Gosdorf Bahnhof","46.72458111","15.79811395","","1","","",""
"Pat:46:1873","Halbenrain Ortsmitte (West)","46.72180994","15.94709055","","1","","",""
"Pat:46:1891","Bad Radkersburg Bahnhof","46.69948756","15.99303040","","1","","",""
"Pat:46:1923","Feldbach Bahnhof","46.95834154","15.88858328","","1","","",""
"Pat:46:1960","Fehring Bahnhof","46.94932168","16.01264960","","1","","",""
"Pat:46:1982","Fürstenfeld Bahnhof","47.04197406","16.08374227","","1","","",""
"Pat:46:2022","Hartberg Bahnhof","47.28144703","15.98484674","","1","","",""
"Pat:46:2042","Frohnleiten Bahnhof","47.26676419","15.32727996","","1","","",""
"Pat:46:2051","Mixnitz-Bärenschützklamm Bahnhof","47.33124933","15.36098475","","1","","",""
"Pat:46:2065","Bruck/Mur Bahnhof","47.41330597","15.27922009","","1","","",""
"Pat:46:2244","Laßnitzthal Bahnhof","47.08803205","15.65635081","","1","","",""
"Pat:46:2735","Bad Blumau Bahnhof","47.12372148","16.05655027","","1","","",""
"Pat:46:28","Gleisdorf Bahnhof","47.09978035","15.70849801","","1","","",""
"Pat:46:30077","Weststeiermark Bahnhof","46.81419176","15.29676419","","1","","",""
"Pat:46:30205","Spielfeld Tarifpunkt Grenze (Bahn)","46.69200775","15.64032487","","1","","",""
"Pat:46:3038","Graz Ostbahnhof","47.05368355","15.44839082","","1","","",""
"Pat:46:3039","Raaba Bahnhof","47.03048855","15.49490559","","1","","",""
"Pat:46:3040","Graz Hauptbahnhof","47.07248191","15.41750674","","1","","",""
"Pat:46:30454","Leoben Lerchenfeld Bahnhof","47.38525025","15.11412771","","1","","",""
"Pat:46:3747","Graz Liebenau Murpark","47.04085378","15.46467728","","1","","",""
"Pat:46:3918","Kaindorf Bahnhof","46.80215923","15.54245342","","1","","",""
"Pat:46:4279","Graz Puntigam Bahnhof","47.03041507","15.42897823","","1","","",""
"Pat:46:4498","Graz Don Bosco Bahnhof","47.05856123","15.41921354","","1","","",""
"Pat:46:5205","St.Johann in der Haide Bahnhof","47.28035616","16.03526918","","1","","",""
"Pat:46:5211","Grafendorf Bahnhof","47.34672380","16.00346882","","1","","",""
"Pat:46:5230","Rohrbach-Vorau Bahnhof","47.38970222","15.98595167","","1","","",""
"Pat:46:525","Gratwein-Gratkorn Bahnhof","47.12910614","15.32278838","","1","","",""
"Pat:46:5511","Unzmarkt Bahnhof","47.20080272","14.44230465","","1","","",""
"Pat:46:6092","Kapfenberg Bahnhof","47.44509533","15.29239837","","1","","",""
"Pat:46:6155","St.Marein-St.Lorenzen Bahnhof","47.47342278","15.37322878","","1","","",""
"Pat:46:6313","Kindberg Bahnhof","47.50130408","15.44810336","","1","","",""
"Pat:46:6344","Leoben Hauptbahnhof","47.38647276","15.08998997","","1","","",""
"Pat:46:6539","Krieglach Bahnhof","47.54720645","15.56040176","","1","","",""
"Pat:46:6589","Hieflau Bahnhof","47.60766679","14.73775157","","1","","",""
"Pat:46:6750","St.Michael Bahnhof","47.34677858","15.00942008","","1","","",""
"Pat:46:6770","Mautern Bahnhof","47.39696323","14.83583861","","1","","",""
"Pat:46:6793","Admont Bahnhof","47.57357591","14.46832885","","1","","",""
"Pat:46:6802","Gstatterboden Bahnhof","47.59150563","14.63360988","","1","","",""
"Pat:46:6892","Stainach-Irdning Bahnhof","47.52948599","14.10651440","","1","","",""
"Pat:46:6938","Selzthal Bahnhof","47.55059582","14.31331556","","1","","",""
"Pat:46:6947","Rottenmann Bahnhof","47.52776942","14.36518429","","1","","",""
"Pat:46:7024","Gröbming Bahnhof","47.42672657","13.90096190","","1","","",""
"Pat:46:7063","Bad Aussee Bahnhof","47.59927185","13.77636557","","1","","",""
"Pat:46:7112","Tauplitz Bahnhof","47.55180236","14.01039467","","1","","",""
"Pat:46:7189","Haus Bahnhof","47.41687419","13.80037754","","1","","",""
"Pat:46:7208","Schladming Bahnhof","47.39378894","13.67853903","","1","","",""
"Pat:46:7316","Bad Mitterndorf Bahnhof","47.55054125","13.94525782","","1","","",""
"Pat:46:7420","Kapfenberg Fachhochschule","47.45426819","15.32976829","","1","","",""
"Pat:46:7421","Allerheiligen-Mürzhofen Bahnhof","47.48190468","15.40297200","","1","","",""
"Pat:46:7422","Wartberg Bahnhof","47.52733269","15.48419767","","1","","",""
"Pat:46:7423","Mitterdorf-Veitsch Bahnhof","47.53652152","15.51281800","","1","","",""
"Pat:46:7424","Langenwang Bahnhof","47.56787275","15.61379762","","1","","",""
"Pat:46:7426","Mürzzuschlag Bahnhof","47.60767891","15.67708393","","1","","",""
"Pat:46:7427","Spital am Semmering Bahnhof","47.61669016","15.74827541","","1","","",""
"Pat:46:7428","Steinhaus Bahnhof","47.62076531","15.78407328","","1","","",""
"Pat:46:7431","Kammern Bahnhof","47.38991508","14.90337396","","1","","",""
"Pat:46:7432","Kalwang Bahnhof","47.42368171","14.74651014","","1","","",""
"Pat:46:7433","Wald am Schoberpaß Bahnhof","47.45087867","14.67057555","","1","","",""
"Pat:46:7435","Gaishorn Bahnhof","47.48908621","14.54693144","","1","","",""
"Pat:46:7436","Trieben Bahnhof","47.48899515","14.48930451","","1","","",""
"Pat:46:7437","Liezen Bahnhof","47.56276301","14.24216899","","1","","",""
"Pat:46:7438","Wörschach Schwefelbad Bahnhof","47.54560567","14.13935681","","1","","",""
"Pat:46:7441","Niederöblarn Bahnhof","47.48171040","14.01470658","","1","","",""
"Pat:46:7442","Öblarn Bahnhof","47.46063966","13.98785594","","1","","",""
"Pat:46:7443","Stein an der Enns Bahnhof","47.43728195","13.94193406","","1","","",""
"Pat:46:7444","Pruggern Bahnhof","47.42350545","13.87473109","","1","","",""
"Pat:46:7445","Aich-Assach Bahnhof","47.42035707","13.82085014","","1","","",""
"Pat:46:7447","Pichl bei Schladming Bahnhof","47.38839465","13.61282727","","1","","",""
"Pat:46:7449","Ardning Bahnhof","47.59042723","14.35903083","","1","","",""
"Pat:46:7452","Johnsbach Bahnhof","47.58249003","14.59597047","","1","","",""
"Pat:46:7456","Weißenbach-St.Gallen Bahnhof","47.71415817","14.63530769","","1","","",""
"Pat:46:7461","Niklasdorf Bahnhof","47.39402611","15.15492020","","1","","",""
"Pat:46:7463","Kraubath an der Mur Bahnhof","47.30569009","14.94554986","","1","","",""
"Pat:46:7465","Fentsch-St.Lorenzen Bahnhof","47.25158946","14.89296248","","1","","",""
"Pat:46:7466","Knittelfeld Bahnhof","47.21545503","14.83741067","","1","","",""
"Pat:46:7468","Zeltweg Bahnhof","47.18991918","14.75034595","","1","","",""
"Pat:46:7469","Judenburg Bahnhof","47.17475908","14.66276919","","1","","",""
"Pat:46:7470","Thalheim-Pöls Bahnhof","47.19640806","14.58989786","","1","","",""
"Pat:46:7471","St.Georgen ob Judenburg Bahnhof","47.21214168","14.49926683","","1","","",""
"Pat:46:7472","Scheifling Bahnhof","47.14826890","14.41825675","","1","","",""
"Pat:46:7473","Mariahof-St.Lambrecht Bahnhof","47.10623133","14.37253251","","1","","",""
"Pat:46:7474","Neumarkt Bahnhof","47.07358929","14.41521147","","1","","",""
"Pat:46:7510","Pürgg Bahnhof","47.52869140","14.06447325","","1","","",""
"Pat:46:7512","Bad Mitterndorf-Heilbrunn Bahnhof","47.55120212","13.92536912","","1","","",""
"Pat:46:7513","Kainisch Bahnhof","47.57009712","13.84258039","","1","","",""
"Pat:46:7542","Dechantskirchen Bahnhof","47.41859439","16.02225259","","1","","",""
"Pat:46:7543","Friedberg Bahnhof","47.43494257","16.05393617","","1","","",""
"Pat:46:7547","Pinggau Markt Bahnhof","47.44048399","16.06125744","","1","","",""
"Pat:46:7548","Tauchen-Schaueregg Bahnhof","47.48280318","16.05458296","","1","","",""
"Pat:46:76","Ehrenhausen Bahnhof","46.72752456","15.58543780","","1","","",""
"Pat:46:942","Feldkirchen-Seiersberg Bahnhof","47.01270440","15.44042277","","1","","",""
"Pat:46:977","Hart b.Graz Bahnhof","47.04177204","15.50733827","","1","","",""
"Pat:47:1150","Lienz-Peggetz Bahnhof","46.82738940","12.79218033","","1","","",""
"Pat:47:1153","Hochfilzen Bahnhof","47.46747795","12.62629743","","1","","",""
"Pat:47:1154","Pfaffenschwendt Bahnhof","47.46852244","12.58095047","","1","","",""
"Pat:47:1155","Fieberbrunn Bahnhof","47.49090116","12.52949497","","1","","",""
"Pat:47:1156","St. Johann i. T. Grieswirt Bahnhof","47.50952663","12.46763698","","1","","",""
"Pat:47:1157","St. Johann i. T. Bahnhof","47.51979846","12.43056351","","1","","",""
"Pat:47:1159","Oberndorf i. T. Bahnhof","47.49711645","12.39067831","","1","","",""
"Pat:47:1160","Kitzbühel Bahnhof","47.45421960","12.39061543","","1","","",""
"Pat:47:1161","Kitzbühel Hahnenkamm Bahnhof","47.44359472","12.38986983","","1","","",""
"Pat:47:1162","Kitzbühel Schwarzsee Bahnhof","47.45346032","12.37039435","","1","","",""
"Pat:47:1163","Kirchberg i. T. Bahnhof","47.44878289","12.30908433","","1","","",""
"Pat:47:1164","Brixen i. Th. Bahnhof","47.44925065","12.26098853","","1","","",""
"Pat:47:1165","Westendorf Bahnhof","47.44130422","12.22289996","","1","","",""
"Pat:47:1166","Windau Bahnhof","47.43881920","12.18698532","","1","","",""
"Pat:47:1167","Hopfgarten i. Br. Berglift Bahnhof","47.44686320","12.15885008","","1","","",""
"Pat:47:1168","Hopfgarten i. Br. Bahnhof","47.45559236","12.14919319","","1","","",""
"Pat:47:1169","Wörgl Süd-Bruckhäusl Bahnhof","47.48667021","12.10898460","","1","","",""
"Pat:47:1170","Wörgl Hauptbahnhof","47.49124715","12.06092474","","1","","",""
"Pat:47:1172","Kundl Bahnhof","47.47586974","11.98227723","","1","","",""
"Pat:47:1173","Rattenberg-Kramsach Bahnhof","47.43916553","11.89590422","","1","","",""
"Pat:47:1174","Brixlegg Bahnhof","47.43461444","11.88005794","","1","","",""
"Pat:47:1175","Münster-Wiesing Bahnhof","47.40335380","11.81971810","","1","","",""
"Pat:47:1178","Stans Bahnhof","47.36537602","11.72614958","","1","","",""
"Pat:47:1179","Schwaz Bahnhof","47.34962096","11.70172439","","1","","",""
"Pat:47:1180","Pill-Vomperbach Bahnhof","47.32398536","11.67702970","","1","","",""
"Pat:47:1181","Terfens-Weer Bahnhof","47.31595912","11.63461125","","1","","",""
"Pat:47:1182","Fritzens-Wattens Bahnhof","47.30196205","11.58884209","","1","","",""
"Pat:47:1183","Volders-Baumkirchen Bahnhof","47.29632685","11.56444384","","1","","",""
"Pat:47:1184","Hall in Tirol Bahnhof","47.27726628","11.50165161","","1","","",""
"Pat:47:1186","Rum Bahnhof","47.27790621","11.45668194","","1","","",""
"Pat:47:1187","Innsbruck Hauptbahnhof","47.26353329","11.40027673","","1","","",""
"Pat:47:1189","Innsbruck Westbahnhof","47.25585151","11.39188646","","1","","",""
"Pat:47:1191","Völs Bahnhof","47.25557714","11.32128786","","1","","",""
"Pat:47:1192","Kematen i. T. Bahnhof","47.26107646","11.27649786","","1","","",""
"Pat:47:1193","Oberhofen i. I. Bahnhof","47.30198642","11.09571191","","1","","",""
"Pat:47:1194","Zirl Bahnhof","47.26609973","11.22984835","","1","","",""
"Pat:47:1195","Inzing Bahnhof","47.27765024","11.19909902","","1","","",""
"Pat:47:1196","Hatting Bahnhof","47.28130077","11.17018225","","1","","",""
"Pat:47:1197","Flaurling Bahnhof","47.28889355","11.14302618","","1","","",""
"Pat:47:1198","Telfs-Pfaffenhofen Bahnhof","47.30039644","11.07900325","","1","","",""
"Pat:47:1199","Rietz Bahnhof","47.29206806","11.02505941","","1","","",""
"Pat:47:1200","Stams Bahnhof","47.28183096","10.97995500","","1","","",""
"Pat:47:1201","Mötz Bahnhof","47.27527329","10.96007529","","1","","",""
"Pat:47:1202","Silz Bahnhof","47.27005584","10.93664722","","1","","",""
"Pat:47:1203","Haiming Bahnhof","47.25325408","10.89020432","","1","","",""
"Pat:47:1204","Ötztal-Bahnhof","47.23828896","10.85927533","","1","","",""
"Pat:47:1205","Roppen Bahnhof","47.21574182","10.81744977","","1","","",""
"Pat:47:1206","Imst-Pitztal Bahnhof","47.21924408","10.76181710","","1","","",""
"Pat:47:1209","Imsterberg Bahnhof","47.21115923","10.70622935","","1","","",""
"Pat:47:1210","Schönwies Bahnhof","47.19739689","10.66067579","","1","","",""
"Pat:47:1212","Landeck-Zams Bahnhof","47.14842164","10.57828231","","1","","",""
"Pat:47:1222","St. Anton a. A. Bahnhof","47.12738873","10.26698911","","1","","",""
"Pat:47:211","Innsbruck Messe Bahnhof","47.27283529","11.40706799","","1","","",""
"Pat:47:2181","Kirchbichl Bahnhof","47.51955579","12.09413545","","1","","",""
"Pat:47:2183","Schaftenau Bahnhof","47.55873184","12.12528903","","1","","",""
"Pat:47:2184","Kufstein Bahnhof","47.58299296","12.16595576","","1","","",""
"Pat:47:2221","Innsbruck Hötting Bahnhof","47.26147273","11.37383032","","1","","",""
"Pat:47:2222","Innsbruck Allerheiligenhöfe Bahnhof","47.26915980","11.35347450","","1","","",""
"Pat:47:2223","Kranebitten Bahnhof","47.26966573","11.32847438","","1","","",""
"Pat:47:2225","Hochzirl Bahnhof","47.28092293","11.24935976","","1","","",""
"Pat:47:2226","Leithen Bahnhof","47.29078244","11.22180843","","1","","",""
"Pat:47:2227","Reith b. S. Bahnhof","47.30096299","11.20102141","","1","","",""
"Pat:47:2228","Seefeld i. T. Bahnhof","47.32875303","11.18923552","","1","","",""
"Pat:47:2230","Gießenbach Bahnhof","47.37501294","11.23688216","","1","","",""
"Pat:47:2231","Scharnitz Bahnhof","47.39192198","11.26658046","","1","","",""
"Pat:47:2263","Matrei a. Br. Bahnhof","47.12713814","11.45259461","","1","","",""
"Pat:47:2264","Steinach a. Br. Bahnhof","47.08934706","11.46964463","","1","","",""
"Pat:47:2265","St. Jodok a. Br. Bahnhof","47.06329773","11.49919022","","1","","",""
"Pat:47:2266","Gries a. Br. Bahnhof","47.04114150","11.48527532","","1","","",""
"Pat:47:294","Hall-Thaur Bahnhof","47.27708953","11.47464825","","1","","",""
"Pat:47:3871","Nikolsdorf Bahnhof","46.77931031","12.89535184","","1","","",""
"Pat:47:3872","Dölsach Bahnhof","46.81502785","12.83344893","","1","","",""
"Pat:47:3873","Lienz Bahnhof","46.82868625","12.77113280","","1","","",""
"Pat:47:3875","Thal Bahnhof","46.78425609","12.67068318","","1","","",""
"Pat:47:3876","Mittewald Bahnhof","46.76982962","12.59505402","","1","","",""
"Pat:47:3877","Abfaltersbach Bahnhof","46.75827335","12.52925243","","1","","",""
"Pat:47:3878","Tassenbach Bahnhof","46.74697928","12.46600205","","1","","",""
"Pat:47:3879","Sillian Bahnhof","46.74571740","12.42493107","","1","","",""
"Pat:47:3880","Weitlanbrunn Bahnhof","46.74253487","12.39551125","","1","","",""
"Pat:47:3881","Heinfels Bahnhof","46.74581589","12.44401129","","1","","",""
"Pat:47:61321","Jenbach Bahnhof","47.38848587","11.77791050","","1","","",""
"Pat:47:61935","Gießenbach Abzw Bahnhof","47.37719683","11.23647792","","1","","",""
"Pat:47:64047","Leithen Gh Hirschen","47.29008173","11.21906857","","1","","",""
"Pat:47:64048","Reith b. S. Gemeindeamt","47.29925723","11.20339296","","1","","",""
"Pat:47:66256","Arnbach Abzw Weitlanbrunn","46.74380298","12.39306783","","1","","",""
"Pat:47:99973","Arnbach Tarifpunkt","46.74044180","12.37008892","","1","","",""
"Pat:47:99975","Kufstein TP Staatsgrenze","47.60134951","12.17722961","","1","","",""
"Pat:48:1029","Götzis Bahnhof","47.33669818","9.63693772","","1","","",""
"Pat:48:1098","Hard-Fussach Bahnhof","47.47998620","9.68805186","","1","","",""
"Pat:48:1099","Dornbirn Haselstauden Bahnhof","47.43270031","9.74920917","","1","","",""
"Pat:48:1226","Langen a. A. Bahnhof","47.13177687","10.12148000","","1","","",""
"Pat:48:1252","Lauterach Bahnhof","47.47762443","9.72425397","","1","","",""
"Pat:48:1303","Lorüns Bahnhof","47.13094572","9.85309035","","1","","",""
"Pat:48:1305","Ludesch Bahnhof","47.18040112","9.77134365","","1","","",""
"Pat:48:1313","Lustenau Bahnhof","47.45073288","9.66685162","","1","","",""
"Pat:48:134","Schruns Bahnhof","47.07960299","9.91770616","","1","","",""
"Pat:48:1377","Nenzing Bahnhof","47.19121946","9.70922515","","1","","",""
"Pat:48:139","Kaltenbrunnen Bahnhof","47.08532854","9.88830430","","1","","",""
"Pat:48:1405","Nüziders Bahnhof","47.17111342","9.79356797","","1","","",""
"Pat:48:146","Schwarzach Bahnhof","47.44628607","9.75459906","","1","","",""
"Pat:48:1679","Schlins Bahnhof","47.19516895","9.68985748","","1","","",""
"Pat:48:187","St. Anton im Montafon Bahnhof","47.10984476","9.86625965","","1","","",""
"Pat:48:233","Sulz-Röthis Bahnhof","47.29421882","9.63460210","","1","","",""
"Pat:48:2383","Lauterach Unterfeld Bahnhof","47.48081188","9.71571099","","1","","",""
"Pat:48:276","Tisis Bahnhof","47.22712029","9.57584330","","1","","",""
"Pat:48:326","Vandans Bahnhof","47.09868574","9.86885578","","1","","",""
"Pat:48:356","Wolfurt Bahnhof","47.45696508","9.74116026","","1","","",""
"Pat:48:413","Bludenz Moos Bahnhof","47.14205520","9.83104569","","1","","",""
"Pat:48:452","Bregenz Bahnhof","47.50237217","9.73976787","","1","","",""
"Pat:48:454","Bregenz Riedenburg Bahnhof","47.49386323","9.72103800","","1","","",""
"Pat:48:466","Bregenz Hafen Bahnhof","47.50614067","9.74833780","","1","","",""
"Pat:48:511","Bludenz Brunnenfeld Bahnhof","47.13631132","9.83887001","","1","","",""
"Pat:48:567","Altenstadt Bahnhof","47.25622953","9.61545002","","1","","",""
"Pat:48:628","Dornbirn Hatlerdorf Bahnhof","47.39879353","9.72489177","","1","","",""
"Pat:48:738","Dornbirn Schoren Bahnhof","47.41303850","9.72651772","","1","","",""
"Pat:48:847","Feldkirch Amberg Bahnhof","47.25535154","9.62136992","","1","","",""
"Pat:48:868","Frastanz Bahnhof","47.21982981","9.63870740","","1","","",""
"Pat:48:889","Lochau-Hörbranz Bahnhof","47.52958911","9.74253468","","1","","",""
"Pat:48:892","Tschagguns Bahnhof","47.07911972","9.90498602","","1","","",""
"Pat:48:975","Gisingen Bahnhof","47.25564420","9.59801372","","1","","",""
"Pat:49:1003","Wien Penzing","48.19265609","16.30532971","","1","","",""
"Pat:49:1015","Wien Meidling","48.17427433","16.33190187","","1","","",""
"Pat:49:1040","Wien Praterstern","48.21890859","16.39215188","","1","","",""
"Pat:49:1062","Wien Spittelau","48.23560500","16.35820454","","1","","",""
"Pat:49:1091","Wien Rennweg","48.19476397","16.38627690","","1","","",""
"Pat:49:1248","Wien Siemensstraße","48.27093076","16.42074525","","1","","",""
"Pat:49:1257","Wien Grillgasse","48.16692337","16.40730646","","1","","",""
"Pat:49:1260","Wien Simmering","48.17024851","16.41986490","","1","","",""
"Pat:49:1295","Wien Speising","48.17370522","16.28332098","","1","","",""
"Pat:49:1299","Wien Stadlau","48.21929764","16.44853014","","1","","",""
"Pat:49:1301","Wien Praterkai","48.19960219","16.44117294","","1","","",""
"Pat:49:1333","Wien Strebersdorf","48.28606205","16.38107565","","1","","",""
"Pat:49:1346","Wien Quartier Belvedere","48.18802084","16.38136311","","1","","",""
"Pat:49:1349","Wien Hauptbahnhof","48.18518799","16.37641339","","1","","",""
"Pat:49:1350","Wien Hauptbahnhof Autoreisezug","48.17744324","16.39183747","","1","","",""
"Pat:49:1357","Wien Süßenbrunn","48.28531485","16.48436394","","1","","",""
"Pat:49:1385","Wien Traisengasse","48.23427069","16.38395924","","1","","",""
"Pat:49:1425","Wien St. Marx","48.18831430","16.39889823","","1","","",""
"Pat:49:1458","Wien Weidlingau Bahnhof","48.21046855","16.21229119","","1","","",""
"Pat:49:1468","Wien Westbahnhof","48.19665620","16.33765109","","1","","",""
"Pat:49:1482","Wien Wolf in der Au","48.20473331","16.23640197","","1","","",""
"Pat:49:1519","Wien Zentralfriedhof","48.15381245","16.42628786","","1","","",""
"Pat:49:166","Wien Breitensee","48.19823700","16.30633582","","1","","",""
"Pat:49:1705","Wien Handelskai","48.24179745","16.38522587","","1","","",""
"Pat:49:176","Wien Brünner Straße","48.26777361","16.40358743","","1","","",""
"Pat:49:1780","Wien Kaiserebersdorf","48.14641062","16.46574187","","1","","",""
"Pat:49:288","Wien Erzherzog-Karl-Straße","48.22956739","16.45322833","","1","","",""
"Pat:49:334","Wien Floridsdorf","48.25664429","16.40020977","","1","","",""
"Pat:49:345","Wien Franz-Josefs-Bahnhof","48.22621618","16.36122288","","1","","",""
"Pat:49:393","Wien Gersthof","48.23114119","16.32906320","","1","","",""
"Pat:49:460","Wien Hadersdorf","48.21034882","16.22355606","","1","","",""
"Pat:49:465","Wien Haidestraße","48.17951581","16.42669210","","1","","",""
"Pat:49:484","Wien Geiselbergstraße","48.17502914","16.40703696","","1","","",""
"Pat:49:491","Wien Heiligenstadt","48.24906588","16.36571446","","1","","",""
"Pat:49:505","Wien Hernals","48.22330165","16.31494168","","1","","",""
"Pat:49:511","Wien Hetzendorf","48.16622836","16.31447455","","1","","",""
"Pat:49:532","Wien Hirschstetten","48.23267903","16.46844579","","1","","",""
"Pat:49:560","Wien Hütteldorf","48.19738673","16.26106971","","1","","",""
"Pat:49:582","Wien Blumental","48.13882787","16.36924484","","1","","",""
"Pat:49:591","Wien Jedlersdorf","48.27319685","16.39693091","","1","","",""
"Pat:49:723","Wien Krottenbachstraße","48.24005646","16.34110062","","1","","",""
"Pat:49:743","Wien Mitte-Landstraße","48.20604445","16.38458806","","1","","",""
"Pat:49:769","Wien Leopoldau","48.27759123","16.45069508","","1","","",""
"Pat:49:788","Wien Liesing","48.13485322","16.28422828","","1","","",""
"Pat:49:849","Wien Matzleinsdorfer Platz","48.18042029","16.35882438","","1","","",""
"Pat:49:910","Wien Aspern Nord","48.23467158","16.50445925","","1","","",""
"Pat:49:94","Wien Atzgersdorf","48.14714186","16.28863002","","1","","",""
"Pat:49:948","Wien Nußdorf","48.26021479","16.36765482","","1","","",""
"Pat:49:959","Wien Oberdöbling","48.24444770","16.34428066","","1","","",""
"Pat:49:981","Wien Ottakring","48.21179151","16.31137537","","1","","",""
"Pbe:26:8814001","Bruxelles Midi","50.83535817","4.33572770","","1","","",""
"Pch:23016:20302","Buchs Bahnhof","47.16790112","9.47842101","","1","","",""
"Pch:23016:20307","St. Gallen Bahnhof","47.42314078","9.36925773","","1","","",""
"Pch:23016:20309","St.Margrethen Bahnhof","47.45321127","9.63824926","","1","","",""
"Pch:23016:20329","Sargans Bahnhof","47.04545718","9.44460842","","1","","",""
"Pch:23026:20038","Winterthur Hauptbahnhof","47.50035734","8.72434821","","1","","",""
"Pch:23026:688","Zürich HB","47.37812145","8.53932221","","1","","",""
"Pcz:0:5433295","Brno hlavní nádraží","49.19035151","16.61233794","","1","","",""
"Pcz:0:5433425","Břeclav","48.75397064","16.89280095","","1","","",""
"Pcz:0:5436275","Šatov, železniční stanice","48.78086360","16.02578297","","1","","",""
"Pcz:0:5455659","Děčín hlavní nádrazí","50.77346666","14.20125971","","1","","",""
"Pcz:0:5457256","Praha-Holešovice","50.11064096","14.43970852","","1","","",""
"Pcz:0:5473632","České Velenice","48.76966291","14.95791966","","1","","",""
"Pcz:55100:NVBW_99212","Praha hlavní nádraží","50.08331469","14.43537864","","1","","",""
"Pcz:55803:NVBW_CSD_5","Bohumín","49.90066206","18.35948032","","1","","",""
"Pde:02000:80953","Hamburg-Altona","53.55269426","9.93518738","","1","","",""
"Pde:05315:11201","Köln Hauptbahnhof","50.94303244","6.95872748","","1","","",""
"Pde:05515:41000","Münster (Westf) Hbf","51.95656690","7.63571585","","1","","",""
"Pde:05913:131","Dortmund Hauptbahnhof","51.51789647","7.45928673","","1","","",""
"Pde:09162:100","München Hauptbahnhof","48.14029056","11.55960192","","1","","",""
"Pde:09162:5","München Ostbahnhof","48.12805425","11.60364632","","1","","",""
"Pde:09163:9","Rosenheim Bahnhof","47.85001592","12.11920743","","1","","",""
"Pde:09172:42293","Freilassing Bahnhof","47.83691464","12.97719734","","1","","",""
"Pde:09180:42873","Mittenwald Bahnhof","47.44002831","11.26570910","","1","","",""
"Pde:09262:156","Passau Hauptbahnhof","48.57363256","13.45078018","","1","","",""
"Pde:09277:80490","Simbach (Inn)","48.26272655","13.02301142","","1","","",""
"Pde:09564:510","Nürnberg Hauptbahnhof","49.44561509","11.08299177","","1","","",""
"Pde:09761:100","Augsburg Hauptbahnhof","48.36544121","10.88556902","","1","","",""
"Pde:09776:1546","Lindau-Insel","47.54434441","9.68047008","","1","","",""
"Pde:11000:900003201","Berlin Hauptbahnhof","52.52543953","13.36943773","","1","","",""
"Pde:11000:900058101","Berlin Südkreuz","52.47504669","13.36531446","","1","","",""
"Pfl:21:104","Schaan Bahnhof","47.16832863","9.50840677","","1","","",""
"Pfl:21:1371","Nendeln Bahnhof","47.20046092","9.54167139","","1","","",""
"Pfl:21:4145","Schaan Forst Hilti Bahnhof","47.18120097","9.52130658","","1","","",""
"Phr:62:65","Split željeznički kolodvor","43.50467664","16.44272703","","1","","",""
"Phr:62:80","Zagreb Glavni kolodvor","45.80475446","15.97881007","","1","","",""
"Phu:08518:27001898","Sopron pályaudvar","47.67796543","16.58721206","","1","","",""
"Phu:14216:27001535","Budapest-Keleti","47.50042410","19.08397159","","1","","",""
"Phu:15130:27001786","Debrecen","47.51993799","21.62966236","","1","","",""
"Phu:15343:27001902","Fertőszentmiklós pályaudvar","47.59961106","16.85989566","","1","","",""
"Phu:17905:27000493","Hegyeshalom pályaudvar","47.91382897","17.14732062","","1","","",""
"Phu:28007:51761","Győr pályaudvar","47.68205394","17.63396496","","1","","",""
"Phu:31583:27000652","Szentgotthárd pályaudvar","46.95716432","16.26352211","","1","","",""
"Phu:55061","Nyíregyháza","47.94654843","21.70516576","","1","","",""
"Phu:55064","Záhony","48.40167320","22.18367136","","1","","",""
"Phu:55635","TP Zahony Grenze","48.41604430","22.18406662","","1","","",""
"Pit:22015:116","Bologna, Stazione di Bologna Centrale","44.50587383","11.34331455","","1","","",""
"Pit:22021:1170","Fortezza, Stazione di Fortezza","46.78888774","11.61033877","","1","","",""
"Pit:22021:1177","Rio di Pusteria, Stazione di Rio di Pusteria","46.79719049","11.66976233","","1","","",""
"Pit:22021:1179","Vandoies, Stazione di Vandoies","46.81500326","11.72383192","","1","","",""
"Pit:22021:1194","Brunico, Stazione di Brunico","46.79457065","11.92999528","","1","","",""
"Pit:22021:1219","Dobbiaco, Stazione di Dobbiaco","46.72482127","12.22543321","","1","","",""
"Pit:22021:1389","Brennero, Stazione di Brennero","47.00267677","11.50506520","","1","","",""
"Pit:22021:1725","San Lorenzo di Sebato, Stazione di San Lorenzo","46.78156796","11.90318955","","1","","",""
"Pit:22021:1891","Perca, Stazione di Perca - Plan de Corones","46.79039463","11.97843244","","1","","",""
"Pit:22021:1899","Valdaora, Stazione di Valdaora - Anterselva","46.76725767","12.03044490","","1","","",""
"Pit:22021:1922","Monguelfo, Stazione di Monguelfo - Casies","46.75288819","12.10744848","","1","","",""
"Pit:22021:1961","Villabassa, Stazione di Villabassa - Braies","46.73667408","12.16706967","","1","","",""
"Pit:22021:1980","San Candido, Stazione di San Candido","46.73255514","12.27217256","","1","","",""
"Pit:22021:1980_HoB","Hst. ohne Bereich","46.73249973","12.27248697","","3","Pit:22021:1980","Level 0",""
"Pit:22021:2235","Casteldarne, Stazione di Casteldarne","46.79762712","11.84400854","","1","","",""
"Pit:22021:2308","Brunico, Stazione di Brunico Nord","46.80059118","11.93654400","","1","","",""
"Pit:22021:2765","Versciaco, Stazione di Versciaco - Elmo","46.73232117","12.32817353","","1","","",""
"Pit:22021:468","Bolzano, Stazione di Bolzano","46.49664326","11.35837930","","1","","",""
"Pit:22021:998","Bressanone, Stazione di Bressanone","46.70999082","11.65000837","","1","","",""
"Pit:22032:trieste-centrale","Trieste Centrale","45.65788797","13.77185603","","1","","",""
"Pit:22079:stv1","Roma, Stazione di Roma Tiburtina","41.91111375","12.53106702","","1","","",""
"Pit:22095:7049","Udine stazione","46.05590147","13.24202967","","1","","",""
"Pit:22095:7068","Tarvisio Citta Boscoverde","46.50611010","13.60759009","","1","","",""
"Pit:22099:7023","Venezia Mestre stazione","45.48245095","12.23204481","","1","","",""
"pl:18:stv14804:1:1","Warszawa Wschodnia","52.25165260","21.05237801","","","Ppl:18:stv14804","Level 0","1"
"pl:51020:0:1","Katowice stacja kolejowa","50.25766478","19.01716388","","","Ppl:51020","Level 0","1"
"Ppl:18:stv14804","Warszawa Wschodnia","52.25254900","21.05159648","","1","","",""
"Ppl:51020","Katowice stacja kolejowa","50.25764755","19.01713694","","1","","",""
"Pro:34:obb1","București Nord Gara A","44.44730100","26.07316095","","1","","",""
"Psi:63:102","Šentilj železniška postaja","46.67510966","15.65693472","","1","","",""
"Psi:63:106","Maribor Železniška postaja","46.56183272","15.65765337","","1","","",""
"Psi:63:5948","Jesenice (SI) železniška posta","46.43643988","14.05464568","","1","","",""
"Psk:56:1","Bratislava hlavná stanica","48.15875641","17.10595320","","1","","",""
"Psk:56:2","Bratislava-Petržalka stanica","48.12147625","17.09894634","","1","","",""
"Psk:56:7","Devínska Nová Ves","48.21923778","16.97655089","","1","","",""
"Psk:56000:5613600","Košice","48.72286770","21.26871928","","1","","",""
"Pua:22005","Kyjiw-Passaschyrskyj","50.43997893","30.48865006","","1","","",""
"Pua:22010","Chop","48.43270611","22.20555432","","1","","",""
"Pua:22025","Lviv","49.83985151","23.99401022","","1","","",""
"Pua:22033","Mukačevo","48.42918941","22.71199753","","1","","",""
"Pua:22072","Stryj","49.25961507","23.84157510","","1","","",""
"Pua:22517","Swaljawa","48.55165963","22.98790609","","1","","",""
"ro:34:obb1:0:1","București Nord Gara A","44.44730100","26.07315196","","","Pro:34:obb1","Level 0","1"
"si:63:102:0:1","Šentilj železniška postaja","46.67490626","15.65706048","","","Psi:63:102","Level 0","1"
"si:63:106:0:1","Maribor Železniška postaja","46.56214772","15.65797676","","","Psi:63:106","Level 0","1"
"si:63:106:2","Bus","46.56179566","15.65720421","","","Psi:63:106","Level 0",""
"si:63:311:0:3","Ljubljana železniška postaja","46.05828901","14.51151985","","","","Level 0","1"
"si:63:5948:0:1","Jesenice (SI) železniška posta","46.43637797","14.05450195","","","Psi:63:5948","Level 0","1"
"si:63:5948:2","bus","46.43672465","14.05487026","","","Psi:63:5948","Level 0",""
"sk:56:1:0:1","Bratislava hlavná stanica","48.15872645","17.10651016","","","Psk:56:1","Level 0","1"
"sk:56:1:2","Gleis 2+3","48.15888225","17.10649219","","","Psk:56:1","Level 0",""
"sk:56:1:3","Gleis 4+5","48.15904404","17.10671677","","","Psk:56:1","Level 0",""
"sk:56:1:4","Gleis 6+7","48.15915190","17.10683355","","","Psk:56:1","Level 0",""
"sk:56:1:5","Gleis 8+9","48.15925977","17.10693237","","","Psk:56:1","Level 0",""
"sk:56:1:6","Bim","48.15786953","17.10683355","","","Psk:56:1","Level 0",""
"sk:56:1:7","Bus","48.15740810","17.10612388","","","Psk:56:1","Level 0",""
"sk:56:1:8","Tunnel","48.15916389","17.10644728","","3","Psk:56:1","Level -1",""
"sk:56:2:0:1","Bratislava-Petržalka stanica","48.12116442","17.09941347","","","Psk:56:2","Level 0","1"
"sk:56:2:2","Bus","48.12177608","17.09829057","","","Psk:56:2","Level 0",""
"sk:56:2:3","Bus Rückseite","48.12073265","17.10029382","","","Psk:56:2","Level 0",""
"sk:56:7:0:1","Devínska Nová Ves","48.21917793","16.97600291","","","Psk:56:7","Level 0","1"
"sk:56:7:2","Bus","48.21941734","16.97804209","","","Psk:56:7","Level 0",""
"sk:56000:5613600:0:1","Košice","48.72286770","21.26880911","","","Psk:56000:5613600","Level 0","zug"
"ua:22005:1:1","Kyjiw-Passaschyrskyj","50.43997893","30.48873989","","","Pua:22005","Level 0","1"
"ua:22010:1:1","Chop","48.43270611","22.20564415","","","Pua:22010","Level 0","1"
"ua:22025:1:1","Lviv","49.83985151","23.99410005","","","Pua:22025","Level 0","1"
"ua:22033:1:1","Mukačevo","48.42918941","22.71208736","","","Pua:22033","Level 0","1"
"ua:22072:1:1","Stryj","49.25961507","23.84166493","","","Pua:22072","Level 0","1"
"ua:22517:1:1","Swaljawa","48.55165963","22.98799592","","","Pua:22517","Level 0","1"
